action_id,recommendation_id,user_id,action_type,action_status,action_at
ACT00000001,REC00000002,USR000002,viewed,viewed,2026-06-01T16:00:00
ACT00000002,REC00000004,USR000006,dismissed,dismissed,2026-05-28T10:00:00
ACT00000003,REC00000005,USR000008,acknowledged,acknowledged,2026-08-27T16:00:00
ACT00000004,REC00000006,USR000011,dismissed,dismissed,2026-08-08T06:00:00
ACT00000005,REC00000007,USR000012,completed,completed,2026-04-20T15:00:00
ACT00000006,REC00000008,USR000012,acknowledged,acknowledged,2026-05-27T15:00:00
ACT00000007,REC00000009,USR000013,acknowledged,acknowledged,2026-05-27T02:00:00
ACT00000008,REC00000010,USR000014,completed,completed,2026-09-16T11:00:00
ACT00000009,REC00000012,USR000017,acknowledged,acknowledged,2026-03-30T01:00:00
ACT00000010,REC00000014,USR000020,dismissed,dismissed,2026-07-19T00:00:00
ACT00000011,REC00000015,USR000021,completed,completed,2026-05-08T19:00:00
ACT00000012,REC00000017,USR000022,completed,completed,2026-05-28T00:00:00
ACT00000013,REC00000018,USR000023,acknowledged,acknowledged,2026-09-14T17:00:00
ACT00000014,REC00000019,USR000024,dismissed,dismissed,2026-06-24T08:00:00
ACT00000015,REC00000020,USR000026,completed,completed,2026-09-17T15:00:00
ACT00000016,REC00000021,USR000028,completed,completed,2026-09-17T22:00:00
ACT00000017,REC00000022,USR000028,viewed,viewed,2026-07-28T16:00:00
ACT00000018,REC00000026,USR000031,viewed,viewed,2026-01-22T13:00:00
ACT00000019,REC00000027,USR000032,acknowledged,acknowledged,2026-05-29T01:00:00
ACT00000020,REC00000028,USR000033,acknowledged,acknowledged,2026-04-07T15:00:00
ACT00000021,REC00000029,USR000033,acknowledged,acknowledged,2026-07-30T05:00:00
ACT00000022,REC00000030,USR000034,completed,completed,2026-06-03T04:00:00
ACT00000023,REC00000031,USR000035,viewed,viewed,2026-07-02T06:00:00
ACT00000024,REC00000033,USR000041,viewed,viewed,2026-09-18T08:00:00
ACT00000025,REC00000035,USR000044,viewed,viewed,2026-05-25T03:00:00
ACT00000026,REC00000038,USR000046,acknowledged,acknowledged,2026-06-28T11:00:00
ACT00000027,REC00000039,USR000047,dismissed,dismissed,2026-08-12T07:00:00
ACT00000028,REC00000041,USR000049,viewed,viewed,2026-04-19T06:00:00
ACT00000029,REC00000044,USR000052,viewed,viewed,2026-06-25T08:00:00
ACT00000030,REC00000045,USR000055,viewed,viewed,2026-01-06T20:00:00
ACT00000031,REC00000046,USR000061,acknowledged,acknowledged,2026-09-15T06:00:00
ACT00000032,REC00000048,USR000062,viewed,viewed,2026-04-08T04:00:00
ACT00000033,REC00000050,USR000064,viewed,viewed,2026-02-09T22:00:00
ACT00000034,REC00000051,USR000065,viewed,viewed,2026-06-10T21:00:00
ACT00000035,REC00000053,USR000068,viewed,viewed,2026-07-07T11:00:00
ACT00000036,REC00000054,USR000069,viewed,viewed,2026-04-10T16:00:00
ACT00000037,REC00000055,USR000071,completed,completed,2026-06-06T15:00:00
ACT00000038,REC00000058,USR000073,acknowledged,acknowledged,2026-06-11T17:00:00
ACT00000039,REC00000060,USR000076,acknowledged,acknowledged,2026-09-17T19:00:00
ACT00000040,REC00000061,USR000076,viewed,viewed,2026-05-04T13:00:00
ACT00000041,REC00000062,USR000077,completed,completed,2026-06-20T10:00:00
ACT00000042,REC00000063,USR000078,completed,completed,2026-05-17T17:00:00
ACT00000043,REC00000064,USR000081,acknowledged,acknowledged,2026-04-23T15:00:00
ACT00000044,REC00000066,USR000083,acknowledged,acknowledged,2026-02-07T17:00:00
ACT00000045,REC00000069,USR000086,acknowledged,acknowledged,2026-09-08T00:00:00
ACT00000046,REC00000070,USR000087,acknowledged,acknowledged,2026-06-05T08:00:00
ACT00000047,REC00000071,USR000088,acknowledged,acknowledged,2026-09-16T02:00:00
ACT00000048,REC00000072,USR000089,acknowledged,acknowledged,2026-01-11T14:00:00
ACT00000049,REC00000073,USR000090,viewed,viewed,2026-06-13T03:00:00
ACT00000050,REC00000075,USR000093,viewed,viewed,2026-09-15T12:00:00
ACT00000051,REC00000076,USR000093,dismissed,dismissed,2026-09-02T12:00:00
ACT00000052,REC00000077,USR000094,viewed,viewed,2026-09-16T16:00:00
ACT00000053,REC00000080,USR000097,viewed,viewed,2026-06-17T08:00:00
ACT00000054,REC00000081,USR000098,acknowledged,acknowledged,2026-09-14T00:00:00
ACT00000055,REC00000082,USR000099,completed,completed,2026-08-21T00:00:00
ACT00000056,REC00000083,USR000099,acknowledged,acknowledged,2026-06-25T09:00:00
ACT00000057,REC00000087,USR000106,completed,completed,2026-08-12T00:00:00
ACT00000058,REC00000088,USR000107,viewed,viewed,2026-09-14T18:00:00
ACT00000059,REC00000089,USR000109,viewed,viewed,2026-09-14T05:00:00
ACT00000060,REC00000090,USR000112,completed,completed,2026-04-07T10:00:00
ACT00000061,REC00000092,USR000115,dismissed,dismissed,2026-06-15T04:00:00
ACT00000062,REC00000093,USR000117,viewed,viewed,2026-01-03T22:00:00
ACT00000063,REC00000097,USR000122,viewed,viewed,2026-09-17T04:00:00
ACT00000064,REC00000098,USR000123,viewed,viewed,2026-06-18T14:00:00
ACT00000065,REC00000099,USR000123,viewed,viewed,2026-08-04T14:00:00
ACT00000066,REC00000100,USR000128,acknowledged,acknowledged,2026-07-14T20:00:00
ACT00000067,REC00000101,USR000129,acknowledged,acknowledged,2026-09-14T13:00:00
ACT00000068,REC00000102,USR000130,acknowledged,acknowledged,2026-07-21T00:00:00
ACT00000069,REC00000103,USR000132,dismissed,dismissed,2026-04-29T01:00:00
ACT00000070,REC00000104,USR000132,acknowledged,acknowledged,2026-08-20T14:00:00
ACT00000071,REC00000106,USR000134,viewed,viewed,2026-05-11T06:00:00
ACT00000072,REC00000107,USR000135,acknowledged,acknowledged,2026-09-13T19:00:00
ACT00000073,REC00000108,USR000135,acknowledged,acknowledged,2026-09-15T09:00:00
ACT00000074,REC00000110,USR000137,viewed,viewed,2026-08-17T07:00:00
ACT00000075,REC00000111,USR000138,completed,completed,2026-09-17T16:00:00
ACT00000076,REC00000112,USR000138,viewed,viewed,2026-09-16T15:00:00
ACT00000077,REC00000113,USR000139,completed,completed,2026-07-13T17:00:00
ACT00000078,REC00000114,USR000141,acknowledged,acknowledged,2026-03-31T12:00:00
ACT00000079,REC00000115,USR000144,completed,completed,2026-05-02T19:00:00
ACT00000080,REC00000117,USR000145,completed,completed,2026-02-24T16:00:00
ACT00000081,REC00000119,USR000146,acknowledged,acknowledged,2026-05-04T09:00:00
ACT00000082,REC00000120,USR000147,acknowledged,acknowledged,2026-03-31T14:00:00
ACT00000083,REC00000121,USR000148,viewed,viewed,2026-09-14T23:00:00
ACT00000084,REC00000122,USR000148,viewed,viewed,2026-06-05T09:00:00
ACT00000085,REC00000123,USR000149,dismissed,dismissed,2026-08-15T16:00:00
ACT00000086,REC00000125,USR000150,viewed,viewed,2026-01-28T10:00:00
ACT00000087,REC00000126,USR000152,viewed,viewed,2026-01-12T23:00:00
ACT00000088,REC00000128,USR000155,viewed,viewed,2026-06-15T22:00:00
ACT00000089,REC00000129,USR000156,completed,completed,2026-04-11T08:00:00
ACT00000090,REC00000131,USR000162,acknowledged,acknowledged,2026-07-11T16:00:00
ACT00000091,REC00000132,USR000166,acknowledged,acknowledged,2026-07-30T08:00:00
ACT00000092,REC00000133,USR000167,viewed,viewed,2026-09-08T06:00:00
ACT00000093,REC00000134,USR000168,viewed,viewed,2026-06-05T01:00:00
ACT00000094,REC00000136,USR000170,viewed,viewed,2026-07-16T13:00:00
ACT00000095,REC00000137,USR000171,completed,completed,2026-06-29T16:00:00
ACT00000096,REC00000139,USR000172,acknowledged,acknowledged,2026-09-18T10:00:00
ACT00000097,REC00000140,USR000173,viewed,viewed,2026-06-12T02:00:00
ACT00000098,REC00000141,USR000174,viewed,viewed,2026-06-25T17:00:00
ACT00000099,REC00000142,USR000177,acknowledged,acknowledged,2026-05-18T11:00:00
ACT00000100,REC00000143,USR000178,viewed,viewed,2026-04-06T17:00:00
ACT00000101,REC00000144,USR000178,completed,completed,2026-02-22T14:00:00
ACT00000102,REC00000145,USR000180,viewed,viewed,2026-07-10T13:00:00
ACT00000103,REC00000146,USR000182,viewed,viewed,2026-09-14T13:00:00
ACT00000104,REC00000148,USR000185,dismissed,dismissed,2026-04-13T02:00:00
ACT00000105,REC00000150,USR000189,completed,completed,2026-03-01T15:00:00
ACT00000106,REC00000151,USR000189,viewed,viewed,2026-04-06T09:00:00
ACT00000107,REC00000154,USR000191,viewed,viewed,2026-08-12T03:00:00
ACT00000108,REC00000156,USR000193,viewed,viewed,2026-06-11T04:00:00
ACT00000109,REC00000157,USR000195,acknowledged,acknowledged,2026-05-03T11:00:00
ACT00000110,REC00000159,USR000198,viewed,viewed,2026-08-28T04:00:00
ACT00000111,REC00000161,USR000203,acknowledged,acknowledged,2026-09-15T07:00:00
ACT00000112,REC00000162,USR000205,acknowledged,acknowledged,2026-08-06T11:00:00
ACT00000113,REC00000165,USR000210,completed,completed,2026-05-29T21:00:00
ACT00000114,REC00000166,USR000212,acknowledged,acknowledged,2026-09-18T11:00:00
ACT00000115,REC00000167,USR000214,acknowledged,acknowledged,2026-06-21T04:00:00
ACT00000116,REC00000168,USR000215,completed,completed,2026-09-18T03:00:00
ACT00000117,REC00000169,USR000216,viewed,viewed,2026-09-14T13:00:00
ACT00000118,REC00000170,USR000217,acknowledged,acknowledged,2026-08-24T09:00:00
ACT00000119,REC00000171,USR000218,acknowledged,acknowledged,2026-06-28T16:00:00
ACT00000120,REC00000172,USR000219,viewed,viewed,2026-06-02T03:00:00
ACT00000121,REC00000173,USR000219,viewed,viewed,2026-05-07T09:00:00
ACT00000122,REC00000175,USR000222,viewed,viewed,2026-07-25T11:00:00
ACT00000123,REC00000176,USR000223,viewed,viewed,2026-08-19T19:00:00
ACT00000124,REC00000177,USR000224,dismissed,dismissed,2026-07-11T22:00:00
ACT00000125,REC00000179,USR000230,completed,completed,2026-02-24T07:00:00
ACT00000126,REC00000180,USR000232,dismissed,dismissed,2026-03-09T17:00:00
ACT00000127,REC00000181,USR000233,acknowledged,acknowledged,2026-08-21T14:00:00
ACT00000128,REC00000182,USR000234,viewed,viewed,2026-09-16T12:00:00
ACT00000129,REC00000183,USR000234,acknowledged,acknowledged,2026-06-22T21:00:00
ACT00000130,REC00000184,USR000242,completed,completed,2026-07-09T05:00:00
ACT00000131,REC00000187,USR000250,viewed,viewed,2026-04-24T03:00:00
ACT00000132,REC00000188,USR000251,acknowledged,acknowledged,2026-08-27T05:00:00
ACT00000133,REC00000190,USR000254,viewed,viewed,2026-01-25T10:00:00
ACT00000134,REC00000191,USR000256,viewed,viewed,2026-01-06T01:00:00
ACT00000135,REC00000194,USR000263,acknowledged,acknowledged,2026-07-14T10:00:00
ACT00000136,REC00000195,USR000266,viewed,viewed,2026-09-16T05:00:00
ACT00000137,REC00000197,USR000269,completed,completed,2026-06-25T01:00:00
ACT00000138,REC00000200,USR000274,viewed,viewed,2026-04-09T02:00:00
ACT00000139,REC00000201,USR000275,dismissed,dismissed,2026-05-19T00:00:00
ACT00000140,REC00000202,USR000276,viewed,viewed,2026-04-29T07:00:00
ACT00000141,REC00000204,USR000278,completed,completed,2026-05-01T04:00:00
ACT00000142,REC00000205,USR000280,viewed,viewed,2026-04-03T10:00:00
ACT00000143,REC00000206,USR000281,acknowledged,acknowledged,2026-01-17T03:00:00
ACT00000144,REC00000208,USR000283,viewed,viewed,2026-09-15T13:00:00
ACT00000145,REC00000209,USR000284,completed,completed,2026-02-28T21:00:00
ACT00000146,REC00000210,USR000285,acknowledged,acknowledged,2026-08-21T05:00:00
ACT00000147,REC00000211,USR000286,viewed,viewed,2026-09-15T05:00:00
ACT00000148,REC00000212,USR000287,dismissed,dismissed,2026-09-16T08:00:00
ACT00000149,REC00000213,USR000289,viewed,viewed,2026-04-05T09:00:00
ACT00000150,REC00000214,USR000290,viewed,viewed,2026-08-07T15:00:00
ACT00000151,REC00000216,USR000292,viewed,viewed,2026-08-29T14:00:00
ACT00000152,REC00000217,USR000294,viewed,viewed,2026-09-18T05:00:00
ACT00000153,REC00000218,USR000295,dismissed,dismissed,2026-07-06T15:00:00
ACT00000154,REC00000219,USR000298,completed,completed,2026-05-27T10:00:00
ACT00000155,REC00000220,USR000299,acknowledged,acknowledged,2026-08-29T14:00:00
ACT00000156,REC00000221,USR000301,completed,completed,2026-05-29T18:00:00
ACT00000157,REC00000223,USR000309,viewed,viewed,2026-08-11T08:00:00
ACT00000158,REC00000224,USR000311,viewed,viewed,2026-06-06T00:00:00
ACT00000159,REC00000225,USR000312,acknowledged,acknowledged,2026-09-17T04:00:00
ACT00000160,REC00000226,USR000313,viewed,viewed,2026-05-15T12:00:00
ACT00000161,REC00000228,USR000315,completed,completed,2026-05-02T01:00:00
ACT00000162,REC00000231,USR000317,viewed,viewed,2026-07-04T18:00:00
ACT00000163,REC00000233,USR000321,viewed,viewed,2026-07-11T04:00:00
ACT00000164,REC00000234,USR000322,viewed,viewed,2026-07-25T07:00:00
ACT00000165,REC00000235,USR000323,completed,completed,2026-07-04T07:00:00
ACT00000166,REC00000236,USR000324,viewed,viewed,2026-03-16T23:00:00
ACT00000167,REC00000237,USR000325,completed,completed,2026-07-03T14:00:00
ACT00000168,REC00000238,USR000326,dismissed,dismissed,2026-05-12T21:00:00
ACT00000169,REC00000239,USR000327,completed,completed,2026-05-24T07:00:00
ACT00000170,REC00000241,USR000329,completed,completed,2026-04-18T13:00:00
ACT00000171,REC00000244,USR000332,dismissed,dismissed,2026-07-26T22:00:00
ACT00000172,REC00000245,USR000334,viewed,viewed,2026-02-22T14:00:00
ACT00000173,REC00000246,USR000335,viewed,viewed,2026-04-15T17:00:00
ACT00000174,REC00000247,USR000339,viewed,viewed,2026-04-16T21:00:00
ACT00000175,REC00000249,USR000342,completed,completed,2026-06-17T03:00:00
ACT00000176,REC00000250,USR000342,viewed,viewed,2026-08-09T00:00:00
ACT00000177,REC00000251,USR000343,acknowledged,acknowledged,2026-05-15T14:00:00
ACT00000178,REC00000253,USR000347,completed,completed,2026-03-26T13:00:00
ACT00000179,REC00000254,USR000348,viewed,viewed,2026-02-02T15:00:00
ACT00000180,REC00000255,USR000349,viewed,viewed,2026-07-15T01:00:00
ACT00000181,REC00000256,USR000350,viewed,viewed,2026-08-04T00:00:00
ACT00000182,REC00000257,USR000351,completed,completed,2026-04-07T01:00:00
ACT00000183,REC00000258,USR000353,viewed,viewed,2026-08-07T00:00:00
ACT00000184,REC00000260,USR000356,viewed,viewed,2026-06-09T03:00:00
ACT00000185,REC00000262,USR000358,viewed,viewed,2026-07-30T10:00:00
ACT00000186,REC00000263,USR000359,acknowledged,acknowledged,2026-06-16T00:00:00
ACT00000187,REC00000264,USR000361,acknowledged,acknowledged,2026-07-13T05:00:00
ACT00000188,REC00000266,USR000365,viewed,viewed,2026-06-21T00:00:00
ACT00000189,REC00000267,USR000366,dismissed,dismissed,2026-06-21T22:00:00
ACT00000190,REC00000268,USR000369,viewed,viewed,2026-09-18T08:00:00
ACT00000191,REC00000269,USR000370,viewed,viewed,2026-04-27T08:00:00
ACT00000192,REC00000270,USR000371,completed,completed,2026-08-09T13:00:00
ACT00000193,REC00000271,USR000371,viewed,viewed,2026-07-30T12:00:00
ACT00000194,REC00000273,USR000374,viewed,viewed,2026-07-01T20:00:00
ACT00000195,REC00000275,USR000375,viewed,viewed,2026-05-21T09:00:00
ACT00000196,REC00000278,USR000381,acknowledged,acknowledged,2026-08-01T03:00:00
ACT00000197,REC00000279,USR000382,viewed,viewed,2026-02-10T11:00:00
ACT00000198,REC00000280,USR000385,viewed,viewed,2026-03-26T17:00:00
ACT00000199,REC00000281,USR000387,dismissed,dismissed,2026-08-15T20:00:00
ACT00000200,REC00000282,USR000388,viewed,viewed,2026-04-29T19:00:00
ACT00000201,REC00000283,USR000389,viewed,viewed,2026-03-03T23:00:00
ACT00000202,REC00000284,USR000390,dismissed,dismissed,2026-08-04T03:00:00
ACT00000203,REC00000285,USR000391,completed,completed,2026-07-18T16:00:00
ACT00000204,REC00000286,USR000393,viewed,viewed,2026-09-17T16:00:00
ACT00000205,REC00000287,USR000394,acknowledged,acknowledged,2026-09-15T11:00:00
ACT00000206,REC00000289,USR000395,viewed,viewed,2026-03-06T21:00:00
ACT00000207,REC00000290,USR000396,completed,completed,2026-05-20T07:00:00
ACT00000208,REC00000291,USR000397,viewed,viewed,2026-03-24T11:00:00
ACT00000209,REC00000293,USR000401,completed,completed,2026-09-09T10:00:00
ACT00000210,REC00000294,USR000402,completed,completed,2026-06-09T12:00:00
ACT00000211,REC00000295,USR000403,acknowledged,acknowledged,2026-03-22T15:00:00
ACT00000212,REC00000296,USR000406,viewed,viewed,2026-06-30T20:00:00
ACT00000213,REC00000298,USR000411,dismissed,dismissed,2026-04-25T20:00:00
ACT00000214,REC00000299,USR000412,acknowledged,acknowledged,2026-03-25T16:00:00
ACT00000215,REC00000300,USR000412,acknowledged,acknowledged,2026-08-22T17:00:00
ACT00000216,REC00000301,USR000414,completed,completed,2026-03-19T04:00:00
ACT00000217,REC00000302,USR000416,viewed,viewed,2026-03-05T22:00:00
ACT00000218,REC00000303,USR000418,completed,completed,2026-03-05T12:00:00
ACT00000219,REC00000304,USR000419,acknowledged,acknowledged,2026-07-06T10:00:00
ACT00000220,REC00000305,USR000420,completed,completed,2026-01-23T22:00:00
ACT00000221,REC00000306,USR000421,viewed,viewed,2026-08-08T02:00:00
ACT00000222,REC00000307,USR000423,viewed,viewed,2026-06-01T11:00:00
ACT00000223,REC00000308,USR000425,dismissed,dismissed,2026-02-06T07:00:00
ACT00000224,REC00000309,USR000428,completed,completed,2026-07-26T18:00:00
ACT00000225,REC00000311,USR000430,acknowledged,acknowledged,2026-05-16T22:00:00
ACT00000226,REC00000312,USR000430,viewed,viewed,2026-08-21T15:00:00
ACT00000227,REC00000314,USR000432,completed,completed,2026-09-15T00:00:00
ACT00000228,REC00000315,USR000432,viewed,viewed,2026-09-15T22:00:00
ACT00000229,REC00000316,USR000433,viewed,viewed,2026-07-20T15:00:00
ACT00000230,REC00000317,USR000434,viewed,viewed,2026-05-17T02:00:00
ACT00000231,REC00000318,USR000435,acknowledged,acknowledged,2026-02-17T10:00:00
ACT00000232,REC00000320,USR000443,acknowledged,acknowledged,2026-04-30T00:00:00
ACT00000233,REC00000321,USR000445,viewed,viewed,2026-03-22T00:00:00
ACT00000234,REC00000322,USR000447,viewed,viewed,2026-02-10T16:00:00
ACT00000235,REC00000323,USR000449,viewed,viewed,2026-07-12T07:00:00
ACT00000236,REC00000324,USR000450,completed,completed,2026-03-13T17:00:00
ACT00000237,REC00000325,USR000451,completed,completed,2026-08-01T04:00:00
ACT00000238,REC00000328,USR000458,acknowledged,acknowledged,2026-05-08T13:00:00
ACT00000239,REC00000329,USR000460,dismissed,dismissed,2026-03-18T21:00:00
ACT00000240,REC00000330,USR000461,viewed,viewed,2026-05-30T06:00:00
ACT00000241,REC00000332,USR000465,acknowledged,acknowledged,2026-06-11T14:00:00
ACT00000242,REC00000333,USR000466,acknowledged,acknowledged,2026-07-27T21:00:00
ACT00000243,REC00000334,USR000468,acknowledged,acknowledged,2026-09-15T22:00:00
ACT00000244,REC00000335,USR000469,completed,completed,2026-04-24T09:00:00
ACT00000245,REC00000336,USR000470,acknowledged,acknowledged,2026-06-15T17:00:00
ACT00000246,REC00000337,USR000471,viewed,viewed,2026-04-03T17:00:00
ACT00000247,REC00000338,USR000471,completed,completed,2026-03-25T15:00:00
ACT00000248,REC00000339,USR000472,viewed,viewed,2026-09-15T00:00:00
ACT00000249,REC00000340,USR000473,viewed,viewed,2026-05-31T03:00:00
ACT00000250,REC00000344,USR000477,viewed,viewed,2026-07-15T06:00:00
ACT00000251,REC00000345,USR000478,acknowledged,acknowledged,2026-02-01T06:00:00
ACT00000252,REC00000347,USR000480,dismissed,dismissed,2026-08-03T06:00:00
ACT00000253,REC00000348,USR000481,viewed,viewed,2026-07-30T09:00:00
ACT00000254,REC00000349,USR000482,acknowledged,acknowledged,2026-06-08T11:00:00
ACT00000255,REC00000350,USR000487,viewed,viewed,2026-03-30T14:00:00
ACT00000256,REC00000354,USR000492,completed,completed,2026-09-17T12:00:00
ACT00000257,REC00000356,USR000494,acknowledged,acknowledged,2026-07-12T08:00:00
ACT00000258,REC00000357,USR000496,viewed,viewed,2026-05-31T01:00:00
ACT00000259,REC00000358,USR000497,viewed,viewed,2026-08-07T04:00:00
ACT00000260,REC00000359,USR000500,acknowledged,acknowledged,2026-08-05T23:00:00
ACT00000261,REC00000361,USR000506,viewed,viewed,2026-09-16T19:00:00
ACT00000262,REC00000365,USR000510,viewed,viewed,2026-07-14T03:00:00
ACT00000263,REC00000367,USR000512,viewed,viewed,2026-05-06T16:00:00
ACT00000264,REC00000369,USR000518,completed,completed,2026-07-01T16:00:00
ACT00000265,REC00000370,USR000519,viewed,viewed,2026-03-31T18:00:00
ACT00000266,REC00000372,USR000522,viewed,viewed,2026-04-17T20:00:00
ACT00000267,REC00000373,USR000523,viewed,viewed,2026-05-29T21:00:00
ACT00000268,REC00000375,USR000526,acknowledged,acknowledged,2026-03-22T19:00:00
ACT00000269,REC00000377,USR000528,viewed,viewed,2026-06-07T16:00:00
ACT00000270,REC00000378,USR000529,acknowledged,acknowledged,2026-02-24T20:00:00
ACT00000271,REC00000379,USR000530,viewed,viewed,2026-07-19T06:00:00
ACT00000272,REC00000380,USR000531,completed,completed,2026-09-15T22:00:00
ACT00000273,REC00000381,USR000536,acknowledged,acknowledged,2026-05-20T21:00:00
ACT00000274,REC00000382,USR000537,dismissed,dismissed,2026-05-14T02:00:00
ACT00000275,REC00000384,USR000538,viewed,viewed,2026-05-09T16:00:00
ACT00000276,REC00000388,USR000543,viewed,viewed,2026-09-16T06:00:00
ACT00000277,REC00000391,USR000548,completed,completed,2026-07-20T01:00:00
ACT00000278,REC00000392,USR000549,viewed,viewed,2026-05-31T13:00:00
ACT00000279,REC00000394,USR000552,acknowledged,acknowledged,2026-08-17T13:00:00
ACT00000280,REC00000396,USR000555,viewed,viewed,2026-05-02T16:00:00
ACT00000281,REC00000397,USR000557,viewed,viewed,2026-07-05T20:00:00
ACT00000282,REC00000398,USR000558,dismissed,dismissed,2026-03-05T11:00:00
ACT00000283,REC00000399,USR000559,completed,completed,2026-09-14T23:00:00
ACT00000284,REC00000400,USR000560,viewed,viewed,2026-06-18T15:00:00
ACT00000285,REC00000402,USR000563,completed,completed,2026-08-28T05:00:00
ACT00000286,REC00000403,USR000564,viewed,viewed,2026-03-12T17:00:00
ACT00000287,REC00000404,USR000566,viewed,viewed,2026-03-22T23:00:00
ACT00000288,REC00000407,USR000567,viewed,viewed,2026-03-19T03:00:00
ACT00000289,REC00000409,USR000572,dismissed,dismissed,2026-07-23T16:00:00
ACT00000290,REC00000411,USR000575,viewed,viewed,2026-05-17T00:00:00
ACT00000291,REC00000412,USR000577,dismissed,dismissed,2026-07-07T07:00:00
ACT00000292,REC00000413,USR000578,viewed,viewed,2026-08-21T16:00:00
ACT00000293,REC00000414,USR000579,acknowledged,acknowledged,2026-04-10T10:00:00
ACT00000294,REC00000418,USR000583,completed,completed,2026-07-31T07:00:00
ACT00000295,REC00000419,USR000585,completed,completed,2026-09-15T22:00:00
ACT00000296,REC00000420,USR000590,viewed,viewed,2026-08-20T06:00:00
ACT00000297,REC00000421,USR000591,acknowledged,acknowledged,2026-03-29T00:00:00
ACT00000298,REC00000422,USR000591,acknowledged,acknowledged,2026-06-10T07:00:00
ACT00000299,REC00000423,USR000592,viewed,viewed,2026-03-26T13:00:00
ACT00000300,REC00000425,USR000597,dismissed,dismissed,2026-07-02T05:00:00
ACT00000301,REC00000426,USR000598,completed,completed,2026-03-04T10:00:00
ACT00000302,REC00000427,USR000599,viewed,viewed,2026-09-14T21:00:00
ACT00000303,REC00000428,USR000602,viewed,viewed,2026-04-01T06:00:00
ACT00000304,REC00000429,USR000605,viewed,viewed,2026-09-15T06:00:00
ACT00000305,REC00000430,USR000605,viewed,viewed,2026-08-01T23:00:00
ACT00000306,REC00000431,USR000606,viewed,viewed,2026-08-10T21:00:00
ACT00000307,REC00000432,USR000607,viewed,viewed,2026-06-16T22:00:00
ACT00000308,REC00000433,USR000608,acknowledged,acknowledged,2026-09-16T12:00:00
ACT00000309,REC00000435,USR000610,completed,completed,2026-04-29T05:00:00
ACT00000310,REC00000436,USR000611,viewed,viewed,2026-06-10T19:00:00
ACT00000311,REC00000437,USR000612,dismissed,dismissed,2026-06-25T14:00:00
ACT00000312,REC00000440,USR000615,dismissed,dismissed,2026-06-09T07:00:00
ACT00000313,REC00000441,USR000616,viewed,viewed,2026-09-05T21:00:00
ACT00000314,REC00000442,USR000617,viewed,viewed,2026-06-24T14:00:00
ACT00000315,REC00000443,USR000618,completed,completed,2026-06-07T19:00:00
ACT00000316,REC00000444,USR000620,viewed,viewed,2026-06-14T11:00:00
ACT00000317,REC00000445,USR000620,completed,completed,2026-04-13T15:00:00
ACT00000318,REC00000446,USR000621,acknowledged,acknowledged,2026-03-22T00:00:00
ACT00000319,REC00000447,USR000624,acknowledged,acknowledged,2026-05-12T01:00:00
ACT00000320,REC00000450,USR000633,viewed,viewed,2026-05-04T00:00:00
ACT00000321,REC00000452,USR000635,acknowledged,acknowledged,2026-07-05T08:00:00
ACT00000322,REC00000453,USR000636,viewed,viewed,2026-07-04T10:00:00
ACT00000323,REC00000455,USR000639,acknowledged,acknowledged,2026-03-24T10:00:00
ACT00000324,REC00000457,USR000641,viewed,viewed,2026-07-18T03:00:00
ACT00000325,REC00000458,USR000641,completed,completed,2026-01-13T00:00:00
ACT00000326,REC00000461,USR000645,viewed,viewed,2026-03-01T05:00:00
ACT00000327,REC00000462,USR000647,acknowledged,acknowledged,2026-04-10T20:00:00
ACT00000328,REC00000467,USR000653,viewed,viewed,2026-07-04T16:00:00
ACT00000329,REC00000468,USR000654,viewed,viewed,2026-07-22T03:00:00
ACT00000330,REC00000469,USR000655,acknowledged,acknowledged,2026-05-10T15:00:00
ACT00000331,REC00000470,USR000656,viewed,viewed,2026-05-20T19:00:00
ACT00000332,REC00000471,USR000657,completed,completed,2026-08-08T09:00:00
ACT00000333,REC00000472,USR000662,completed,completed,2026-06-13T00:00:00
ACT00000334,REC00000474,USR000664,completed,completed,2026-09-15T09:00:00
ACT00000335,REC00000475,USR000666,viewed,viewed,2026-09-17T16:00:00
ACT00000336,REC00000476,USR000667,completed,completed,2026-09-18T09:00:00
ACT00000337,REC00000477,USR000667,completed,completed,2026-08-06T20:00:00
ACT00000338,REC00000478,USR000669,viewed,viewed,2026-05-20T04:00:00
ACT00000339,REC00000480,USR000672,dismissed,dismissed,2026-04-12T09:00:00
ACT00000340,REC00000481,USR000673,viewed,viewed,2026-05-20T08:00:00
ACT00000341,REC00000482,USR000677,dismissed,dismissed,2026-07-27T04:00:00
ACT00000342,REC00000483,USR000678,viewed,viewed,2026-07-29T04:00:00
ACT00000343,REC00000484,USR000679,viewed,viewed,2026-05-02T02:00:00
ACT00000344,REC00000485,USR000680,completed,completed,2026-03-25T10:00:00
ACT00000345,REC00000486,USR000681,acknowledged,acknowledged,2026-06-16T01:00:00
ACT00000346,REC00000487,USR000682,viewed,viewed,2026-08-08T04:00:00
ACT00000347,REC00000489,USR000684,viewed,viewed,2026-09-16T20:00:00
ACT00000348,REC00000490,USR000685,acknowledged,acknowledged,2026-03-27T18:00:00
ACT00000349,REC00000491,USR000686,acknowledged,acknowledged,2026-08-12T04:00:00
ACT00000350,REC00000492,USR000687,dismissed,dismissed,2026-05-31T17:00:00
ACT00000351,REC00000493,USR000688,viewed,viewed,2026-09-14T14:00:00
ACT00000352,REC00000494,USR000690,viewed,viewed,2026-07-07T03:00:00
ACT00000353,REC00000495,USR000693,viewed,viewed,2026-04-14T10:00:00
ACT00000354,REC00000496,USR000694,completed,completed,2026-05-27T14:00:00
ACT00000355,REC00000497,USR000695,completed,completed,2026-09-17T05:00:00
ACT00000356,REC00000499,USR000698,viewed,viewed,2026-06-12T21:00:00
ACT00000357,REC00000501,USR000699,completed,completed,2026-06-22T13:00:00
ACT00000358,REC00000502,USR000699,viewed,viewed,2026-08-20T00:00:00
ACT00000359,REC00000505,USR000705,dismissed,dismissed,2026-03-10T00:00:00
ACT00000360,REC00000506,USR000707,viewed,viewed,2026-09-09T05:00:00
ACT00000361,REC00000507,USR000707,viewed,viewed,2026-09-17T03:00:00
ACT00000362,REC00000508,USR000708,completed,completed,2026-09-08T07:00:00
ACT00000363,REC00000511,USR000711,completed,completed,2026-07-28T09:00:00
ACT00000364,REC00000512,USR000712,viewed,viewed,2026-05-28T02:00:00
ACT00000365,REC00000513,USR000715,dismissed,dismissed,2026-07-28T21:00:00
ACT00000366,REC00000514,USR000716,viewed,viewed,2026-03-05T21:00:00
ACT00000367,REC00000515,USR000718,completed,completed,2026-09-15T03:00:00
ACT00000368,REC00000516,USR000718,acknowledged,acknowledged,2026-05-17T20:00:00
ACT00000369,REC00000518,USR000721,acknowledged,acknowledged,2026-03-24T00:00:00
ACT00000370,REC00000519,USR000722,viewed,viewed,2026-06-14T13:00:00
ACT00000371,REC00000520,USR000723,acknowledged,acknowledged,2026-07-01T19:00:00
ACT00000372,REC00000521,USR000725,dismissed,dismissed,2026-06-05T19:00:00
ACT00000373,REC00000522,USR000729,viewed,viewed,2026-05-02T01:00:00
ACT00000374,REC00000523,USR000729,acknowledged,acknowledged,2026-08-20T23:00:00
ACT00000375,REC00000525,USR000735,dismissed,dismissed,2026-07-01T14:00:00
ACT00000376,REC00000526,USR000735,completed,completed,2026-06-05T12:00:00
ACT00000377,REC00000528,USR000738,viewed,viewed,2026-05-02T23:00:00
ACT00000378,REC00000530,USR000740,viewed,viewed,2026-04-29T14:00:00
ACT00000379,REC00000531,USR000741,viewed,viewed,2026-09-18T11:00:00
ACT00000380,REC00000532,USR000742,dismissed,dismissed,2026-04-09T13:00:00
ACT00000381,REC00000533,USR000747,viewed,viewed,2026-09-18T08:00:00
ACT00000382,REC00000534,USR000748,viewed,viewed,2026-08-01T14:00:00
ACT00000383,REC00000535,USR000749,acknowledged,acknowledged,2026-02-20T21:00:00
ACT00000384,REC00000536,USR000752,viewed,viewed,2026-01-05T13:00:00
ACT00000385,REC00000537,USR000753,viewed,viewed,2026-09-17T01:00:00
ACT00000386,REC00000538,USR000754,acknowledged,acknowledged,2026-09-05T16:00:00
ACT00000387,REC00000539,USR000755,completed,completed,2026-04-21T07:00:00
ACT00000388,REC00000540,USR000755,viewed,viewed,2026-08-17T03:00:00
ACT00000389,REC00000543,USR000758,viewed,viewed,2026-02-22T14:00:00
ACT00000390,REC00000544,USR000760,acknowledged,acknowledged,2026-03-06T02:00:00
ACT00000391,REC00000545,USR000761,completed,completed,2026-09-18T05:00:00
ACT00000392,REC00000548,USR000763,acknowledged,acknowledged,2026-06-14T01:00:00
ACT00000393,REC00000549,USR000764,viewed,viewed,2026-06-16T22:00:00
ACT00000394,REC00000550,USR000765,completed,completed,2026-07-03T13:00:00
ACT00000395,REC00000551,USR000768,viewed,viewed,2026-07-23T18:00:00
ACT00000396,REC00000552,USR000769,viewed,viewed,2026-09-16T23:00:00
ACT00000397,REC00000553,USR000771,viewed,viewed,2026-05-23T11:00:00
ACT00000398,REC00000554,USR000774,dismissed,dismissed,2026-07-31T10:00:00
ACT00000399,REC00000555,USR000775,viewed,viewed,2026-03-25T04:00:00
ACT00000400,REC00000556,USR000776,acknowledged,acknowledged,2026-05-17T00:00:00
ACT00000401,REC00000557,USR000777,viewed,viewed,2026-07-02T18:00:00
ACT00000402,REC00000558,USR000778,acknowledged,acknowledged,2026-09-15T04:00:00
ACT00000403,REC00000559,USR000780,viewed,viewed,2026-06-13T01:00:00
ACT00000404,REC00000561,USR000781,viewed,viewed,2026-04-11T22:00:00
ACT00000405,REC00000562,USR000784,acknowledged,acknowledged,2026-09-17T04:00:00
ACT00000406,REC00000564,USR000787,viewed,viewed,2026-09-03T20:00:00
ACT00000407,REC00000568,USR000794,viewed,viewed,2026-01-21T11:00:00
ACT00000408,REC00000570,USR000798,acknowledged,acknowledged,2026-07-08T20:00:00
ACT00000409,REC00000571,USR000799,acknowledged,acknowledged,2026-07-29T08:00:00
ACT00000410,REC00000572,USR000800,dismissed,dismissed,2026-05-28T18:00:00
ACT00000411,REC00000574,USR000801,acknowledged,acknowledged,2026-06-26T17:00:00
ACT00000412,REC00000575,USR000802,acknowledged,acknowledged,2026-07-05T06:00:00
ACT00000413,REC00000576,USR000805,viewed,viewed,2026-02-17T18:00:00
ACT00000414,REC00000577,USR000805,completed,completed,2026-05-01T19:00:00
ACT00000415,REC00000579,USR000810,dismissed,dismissed,2026-09-17T13:00:00
ACT00000416,REC00000580,USR000811,viewed,viewed,2026-07-01T22:00:00
ACT00000417,REC00000581,USR000814,dismissed,dismissed,2026-06-28T16:00:00
ACT00000418,REC00000583,USR000816,completed,completed,2026-05-06T22:00:00
ACT00000419,REC00000585,USR000817,completed,completed,2026-07-17T07:00:00
ACT00000420,REC00000586,USR000818,viewed,viewed,2026-05-11T03:00:00
ACT00000421,REC00000587,USR000822,completed,completed,2026-06-07T11:00:00
ACT00000422,REC00000588,USR000825,viewed,viewed,2026-08-02T06:00:00
ACT00000423,REC00000589,USR000827,viewed,viewed,2026-07-22T10:00:00
ACT00000424,REC00000590,USR000828,completed,completed,2026-09-03T07:00:00
ACT00000425,REC00000591,USR000829,acknowledged,acknowledged,2026-08-15T22:00:00
ACT00000426,REC00000592,USR000830,acknowledged,acknowledged,2026-09-14T21:00:00
ACT00000427,REC00000593,USR000831,dismissed,dismissed,2026-04-28T19:00:00
ACT00000428,REC00000594,USR000832,viewed,viewed,2026-09-14T19:00:00
ACT00000429,REC00000595,USR000833,viewed,viewed,2026-09-17T12:00:00
ACT00000430,REC00000596,USR000834,acknowledged,acknowledged,2026-09-17T23:00:00
ACT00000431,REC00000597,USR000837,completed,completed,2026-06-11T02:00:00
ACT00000432,REC00000598,USR000838,viewed,viewed,2026-06-13T18:00:00
ACT00000433,REC00000599,USR000839,dismissed,dismissed,2026-02-28T18:00:00
ACT00000434,REC00000600,USR000840,viewed,viewed,2026-02-03T09:00:00
ACT00000435,REC00000601,USR000842,viewed,viewed,2026-08-11T05:00:00
ACT00000436,REC00000602,USR000843,completed,completed,2026-02-25T10:00:00
ACT00000437,REC00000603,USR000847,acknowledged,acknowledged,2026-06-07T05:00:00
ACT00000438,REC00000604,USR000848,viewed,viewed,2026-05-21T22:00:00
ACT00000439,REC00000605,USR000849,viewed,viewed,2026-06-27T15:00:00
ACT00000440,REC00000606,USR000851,dismissed,dismissed,2026-04-20T15:00:00
ACT00000441,REC00000608,USR000853,acknowledged,acknowledged,2026-03-06T11:00:00
ACT00000442,REC00000610,USR000859,dismissed,dismissed,2026-03-03T03:00:00
ACT00000443,REC00000611,USR000862,viewed,viewed,2026-06-02T03:00:00
ACT00000444,REC00000612,USR000863,viewed,viewed,2026-06-18T16:00:00
ACT00000445,REC00000613,USR000864,completed,completed,2026-04-06T05:00:00
ACT00000446,REC00000614,USR000865,acknowledged,acknowledged,2026-08-10T11:00:00
ACT00000447,REC00000615,USR000868,completed,completed,2026-09-16T15:00:00
ACT00000448,REC00000616,USR000870,acknowledged,acknowledged,2026-01-30T16:00:00
ACT00000449,REC00000617,USR000871,completed,completed,2026-06-23T10:00:00
ACT00000450,REC00000618,USR000872,acknowledged,acknowledged,2026-09-17T22:00:00
ACT00000451,REC00000619,USR000873,viewed,viewed,2026-03-09T19:00:00
ACT00000452,REC00000621,USR000875,dismissed,dismissed,2026-06-12T14:00:00
ACT00000453,REC00000622,USR000877,viewed,viewed,2026-09-14T15:00:00
ACT00000454,REC00000623,USR000878,dismissed,dismissed,2026-07-22T14:00:00
ACT00000455,REC00000624,USR000879,viewed,viewed,2026-05-17T21:00:00
ACT00000456,REC00000625,USR000880,viewed,viewed,2026-06-06T22:00:00
ACT00000457,REC00000626,USR000882,viewed,viewed,2026-04-11T02:00:00
ACT00000458,REC00000627,USR000883,completed,completed,2026-09-14T18:00:00
ACT00000459,REC00000628,USR000884,dismissed,dismissed,2026-07-30T08:00:00
ACT00000460,REC00000629,USR000889,viewed,viewed,2026-05-21T12:00:00
ACT00000461,REC00000630,USR000892,dismissed,dismissed,2026-06-27T20:00:00
ACT00000462,REC00000631,USR000893,acknowledged,acknowledged,2026-02-17T05:00:00
ACT00000463,REC00000633,USR000895,completed,completed,2026-03-22T00:00:00
ACT00000464,REC00000634,USR000896,viewed,viewed,2026-08-26T11:00:00
ACT00000465,REC00000635,USR000897,acknowledged,acknowledged,2026-05-03T17:00:00
ACT00000466,REC00000636,USR000898,viewed,viewed,2026-09-17T21:00:00
ACT00000467,REC00000641,USR000905,viewed,viewed,2026-01-26T09:00:00
ACT00000468,REC00000642,USR000909,viewed,viewed,2026-06-09T12:00:00
ACT00000469,REC00000643,USR000914,viewed,viewed,2026-06-25T10:00:00
ACT00000470,REC00000645,USR000918,completed,completed,2026-06-24T16:00:00
ACT00000471,REC00000647,USR000923,acknowledged,acknowledged,2026-08-18T09:00:00
ACT00000472,REC00000652,USR000930,viewed,viewed,2026-04-10T04:00:00
ACT00000473,REC00000653,USR000930,acknowledged,acknowledged,2026-03-29T03:00:00
ACT00000474,REC00000654,USR000933,viewed,viewed,2026-03-03T19:00:00
ACT00000475,REC00000655,USR000934,viewed,viewed,2026-04-01T16:00:00
ACT00000476,REC00000657,USR000938,completed,completed,2026-07-15T13:00:00
ACT00000477,REC00000658,USR000938,completed,completed,2026-06-19T03:00:00
ACT00000478,REC00000659,USR000939,completed,completed,2026-04-12T01:00:00
ACT00000479,REC00000660,USR000940,acknowledged,acknowledged,2026-02-26T23:00:00
ACT00000480,REC00000661,USR000941,completed,completed,2026-05-26T23:00:00
ACT00000481,REC00000662,USR000942,viewed,viewed,2026-09-14T18:00:00
ACT00000482,REC00000663,USR000943,viewed,viewed,2026-09-16T10:00:00
ACT00000483,REC00000664,USR000947,viewed,viewed,2026-05-11T13:00:00
ACT00000484,REC00000666,USR000950,viewed,viewed,2026-09-18T06:00:00
ACT00000485,REC00000667,USR000951,acknowledged,acknowledged,2026-08-07T03:00:00
ACT00000486,REC00000669,USR000954,completed,completed,2026-08-03T00:00:00
ACT00000487,REC00000670,USR000955,viewed,viewed,2026-06-08T20:00:00
ACT00000488,REC00000671,USR000956,acknowledged,acknowledged,2026-04-13T13:00:00
ACT00000489,REC00000672,USR000957,acknowledged,acknowledged,2026-03-22T15:00:00
ACT00000490,REC00000673,USR000958,acknowledged,acknowledged,2026-06-23T14:00:00
ACT00000491,REC00000675,USR000961,viewed,viewed,2026-02-02T22:00:00
ACT00000492,REC00000676,USR000962,acknowledged,acknowledged,2026-06-18T12:00:00
ACT00000493,REC00000678,USR000966,acknowledged,acknowledged,2026-08-02T18:00:00
ACT00000494,REC00000679,USR000967,viewed,viewed,2026-05-17T10:00:00
ACT00000495,REC00000680,USR000968,acknowledged,acknowledged,2026-05-03T07:00:00
ACT00000496,REC00000681,USR000969,viewed,viewed,2026-01-09T15:00:00
ACT00000497,REC00000683,USR000971,viewed,viewed,2026-05-21T22:00:00
ACT00000498,REC00000684,USR000972,viewed,viewed,2026-06-19T18:00:00
ACT00000499,REC00000686,USR000978,acknowledged,acknowledged,2026-06-25T10:00:00
ACT00000500,REC00000687,USR000979,viewed,viewed,2026-09-17T22:00:00
ACT00000501,REC00000688,USR000980,acknowledged,acknowledged,2026-09-16T03:00:00
ACT00000502,REC00000691,USR000990,viewed,viewed,2026-09-17T17:00:00
ACT00000503,REC00000692,USR000994,dismissed,dismissed,2026-03-17T20:00:00
ACT00000504,REC00000693,USR000995,dismissed,dismissed,2026-07-23T06:00:00
ACT00000505,REC00000694,USR000995,acknowledged,acknowledged,2026-05-07T07:00:00
ACT00000506,REC00000695,USR000996,completed,completed,2026-09-18T06:00:00
ACT00000507,REC00000696,USR000996,viewed,viewed,2026-04-29T17:00:00
ACT00000508,REC00000698,USR000998,viewed,viewed,2026-09-07T22:00:00
ACT00000509,REC00000699,USR000999,viewed,viewed,2026-07-28T12:00:00
ACT00000510,REC00000700,USR001000,viewed,viewed,2026-03-29T05:00:00
ACT00000511,REC00000701,USR001003,viewed,viewed,2026-05-12T20:00:00
ACT00000512,REC00000702,USR001004,viewed,viewed,2026-04-25T17:00:00
ACT00000513,REC00000703,USR001005,dismissed,dismissed,2026-03-18T17:00:00
ACT00000514,REC00000704,USR001006,viewed,viewed,2026-06-09T00:00:00
ACT00000515,REC00000705,USR001008,acknowledged,acknowledged,2026-02-25T19:00:00
ACT00000516,REC00000706,USR001010,acknowledged,acknowledged,2026-07-09T08:00:00
ACT00000517,REC00000707,USR001011,viewed,viewed,2026-07-05T21:00:00
ACT00000518,REC00000709,USR001013,acknowledged,acknowledged,2026-06-08T08:00:00
ACT00000519,REC00000710,USR001014,viewed,viewed,2026-03-05T15:00:00
ACT00000520,REC00000712,USR001021,acknowledged,acknowledged,2026-07-27T12:00:00
ACT00000521,REC00000713,USR001022,viewed,viewed,2026-06-08T21:00:00
ACT00000522,REC00000714,USR001023,acknowledged,acknowledged,2026-07-27T22:00:00
ACT00000523,REC00000715,USR001023,viewed,viewed,2026-07-26T15:00:00
ACT00000524,REC00000717,USR001027,dismissed,dismissed,2026-09-18T11:00:00
ACT00000525,REC00000718,USR001028,completed,completed,2026-04-13T06:00:00
ACT00000526,REC00000719,USR001030,acknowledged,acknowledged,2026-06-17T15:00:00
ACT00000527,REC00000720,USR001031,dismissed,dismissed,2026-09-14T23:00:00
ACT00000528,REC00000722,USR001036,completed,completed,2026-05-29T18:00:00
ACT00000529,REC00000723,USR001038,completed,completed,2026-05-26T09:00:00
ACT00000530,REC00000725,USR001043,completed,completed,2026-03-11T10:00:00
ACT00000531,REC00000729,USR001050,viewed,viewed,2026-07-16T18:00:00
ACT00000532,REC00000730,USR001052,acknowledged,acknowledged,2026-04-06T18:00:00
ACT00000533,REC00000731,USR001053,acknowledged,acknowledged,2026-09-14T21:00:00
ACT00000534,REC00000734,USR001059,acknowledged,acknowledged,2026-07-10T18:00:00
ACT00000535,REC00000735,USR001061,completed,completed,2026-05-10T21:00:00
ACT00000536,REC00000736,USR001062,viewed,viewed,2026-05-13T01:00:00
ACT00000537,REC00000737,USR001065,viewed,viewed,2026-09-17T07:00:00
ACT00000538,REC00000739,USR001067,viewed,viewed,2026-01-10T10:00:00
ACT00000539,REC00000741,USR001069,viewed,viewed,2026-09-16T06:00:00
ACT00000540,REC00000742,USR001070,viewed,viewed,2026-08-29T11:00:00
ACT00000541,REC00000743,USR001074,viewed,viewed,2026-02-21T13:00:00
ACT00000542,REC00000744,USR001075,completed,completed,2026-03-19T18:00:00
ACT00000543,REC00000745,USR001081,completed,completed,2026-05-28T01:00:00
ACT00000544,REC00000746,USR001083,viewed,viewed,2026-08-19T03:00:00
ACT00000545,REC00000747,USR001085,completed,completed,2026-07-06T03:00:00
ACT00000546,REC00000748,USR001087,acknowledged,acknowledged,2026-07-29T03:00:00
ACT00000547,REC00000751,USR001090,viewed,viewed,2026-03-29T12:00:00
ACT00000548,REC00000752,USR001091,acknowledged,acknowledged,2026-04-16T08:00:00
ACT00000549,REC00000753,USR001094,acknowledged,acknowledged,2026-02-07T16:00:00
ACT00000550,REC00000754,USR001095,acknowledged,acknowledged,2026-07-17T10:00:00
ACT00000551,REC00000756,USR001097,viewed,viewed,2026-06-04T01:00:00
ACT00000552,REC00000759,USR001101,viewed,viewed,2026-04-10T20:00:00
ACT00000553,REC00000760,USR001102,completed,completed,2026-06-28T13:00:00
ACT00000554,REC00000761,USR001104,viewed,viewed,2026-08-05T23:00:00
ACT00000555,REC00000763,USR001106,completed,completed,2026-09-14T13:00:00
ACT00000556,REC00000764,USR001107,viewed,viewed,2026-06-04T20:00:00
ACT00000557,REC00000765,USR001108,viewed,viewed,2026-09-08T04:00:00
ACT00000558,REC00000766,USR001110,viewed,viewed,2026-07-18T00:00:00
ACT00000559,REC00000767,USR001111,completed,completed,2026-07-14T02:00:00
ACT00000560,REC00000768,USR001112,viewed,viewed,2026-07-18T13:00:00
ACT00000561,REC00000770,USR001115,acknowledged,acknowledged,2026-08-27T08:00:00
ACT00000562,REC00000771,USR001116,viewed,viewed,2026-05-27T14:00:00
ACT00000563,REC00000774,USR001121,acknowledged,acknowledged,2026-08-04T21:00:00
ACT00000564,REC00000775,USR001122,viewed,viewed,2026-03-13T03:00:00
ACT00000565,REC00000776,USR001124,acknowledged,acknowledged,2026-08-02T16:00:00
ACT00000566,REC00000777,USR001124,acknowledged,acknowledged,2026-02-24T14:00:00
ACT00000567,REC00000778,USR001126,viewed,viewed,2026-03-01T07:00:00
ACT00000568,REC00000779,USR001127,completed,completed,2026-02-09T04:00:00
ACT00000569,REC00000782,USR001134,viewed,viewed,2026-05-24T17:00:00
ACT00000570,REC00000784,USR001138,completed,completed,2026-04-30T17:00:00
ACT00000571,REC00000785,USR001139,acknowledged,acknowledged,2026-07-04T02:00:00
ACT00000572,REC00000786,USR001140,acknowledged,acknowledged,2026-08-08T10:00:00
ACT00000573,REC00000789,USR001144,acknowledged,acknowledged,2026-04-06T01:00:00
ACT00000574,REC00000790,USR001145,viewed,viewed,2026-08-20T02:00:00
ACT00000575,REC00000791,USR001147,viewed,viewed,2026-07-17T20:00:00
ACT00000576,REC00000792,USR001148,viewed,viewed,2026-06-26T00:00:00
ACT00000577,REC00000793,USR001151,completed,completed,2026-07-03T08:00:00
ACT00000578,REC00000795,USR001153,acknowledged,acknowledged,2026-07-18T08:00:00
ACT00000579,REC00000796,USR001162,viewed,viewed,2026-06-23T22:00:00
ACT00000580,REC00000797,USR001164,viewed,viewed,2026-09-15T07:00:00
ACT00000581,REC00000798,USR001166,completed,completed,2026-01-29T18:00:00
ACT00000582,REC00000799,USR001168,completed,completed,2026-09-17T18:00:00
ACT00000583,REC00000800,USR001168,viewed,viewed,2026-07-27T15:00:00
ACT00000584,REC00000801,USR001169,completed,completed,2026-03-05T14:00:00
ACT00000585,REC00000802,USR001169,viewed,viewed,2026-03-30T22:00:00
ACT00000586,REC00000803,USR001170,dismissed,dismissed,2026-03-20T21:00:00
ACT00000587,REC00000804,USR001171,viewed,viewed,2026-07-07T14:00:00
ACT00000588,REC00000805,USR001172,completed,completed,2026-09-16T02:00:00
ACT00000589,REC00000806,USR001176,acknowledged,acknowledged,2026-02-06T18:00:00
ACT00000590,REC00000807,USR001177,viewed,viewed,2026-04-29T21:00:00
ACT00000591,REC00000809,USR001180,acknowledged,acknowledged,2026-05-07T19:00:00
ACT00000592,REC00000810,USR001182,viewed,viewed,2026-03-15T11:00:00
ACT00000593,REC00000811,USR001184,completed,completed,2026-08-24T13:00:00
ACT00000594,REC00000812,USR001185,viewed,viewed,2026-04-12T16:00:00
ACT00000595,REC00000814,USR001188,completed,completed,2026-09-14T18:00:00
ACT00000596,REC00000815,USR001190,completed,completed,2026-08-30T18:00:00
ACT00000597,REC00000817,USR001192,viewed,viewed,2026-07-24T23:00:00
ACT00000598,REC00000818,USR001193,viewed,viewed,2026-08-28T15:00:00
ACT00000599,REC00000819,USR001194,viewed,viewed,2026-08-11T03:00:00
ACT00000600,REC00000820,USR001195,acknowledged,acknowledged,2026-06-23T12:00:00
ACT00000601,REC00000821,USR001196,viewed,viewed,2026-08-05T21:00:00
ACT00000602,REC00000822,USR001197,viewed,viewed,2026-07-16T14:00:00
ACT00000603,REC00000824,USR001199,viewed,viewed,2026-07-07T07:00:00
ACT00000604,REC00000826,USR001201,completed,completed,2026-07-10T13:00:00
ACT00000605,REC00000827,USR001202,completed,completed,2026-09-14T14:00:00
ACT00000606,REC00000828,USR001203,acknowledged,acknowledged,2026-01-19T10:00:00
ACT00000607,REC00000830,USR001206,viewed,viewed,2026-08-28T21:00:00
ACT00000608,REC00000831,USR001207,acknowledged,acknowledged,2026-05-28T10:00:00
ACT00000609,REC00000832,USR001210,viewed,viewed,2026-05-22T15:00:00
ACT00000610,REC00000833,USR001212,completed,completed,2026-09-14T05:00:00
ACT00000611,REC00000834,USR001213,viewed,viewed,2026-09-18T11:00:00
ACT00000612,REC00000835,USR001220,completed,completed,2026-06-18T16:00:00
ACT00000613,REC00000836,USR001221,acknowledged,acknowledged,2026-06-11T06:00:00
ACT00000614,REC00000839,USR001224,acknowledged,acknowledged,2026-05-12T11:00:00
ACT00000615,REC00000840,USR001224,acknowledged,acknowledged,2026-05-05T17:00:00
ACT00000616,REC00000841,USR001225,viewed,viewed,2026-08-31T15:00:00
ACT00000617,REC00000842,USR001225,viewed,viewed,2026-09-17T16:00:00
ACT00000618,REC00000844,USR001228,acknowledged,acknowledged,2026-02-15T19:00:00
ACT00000619,REC00000846,USR001230,completed,completed,2026-08-06T01:00:00
ACT00000620,REC00000847,USR001230,dismissed,dismissed,2026-06-11T01:00:00
ACT00000621,REC00000849,USR001234,acknowledged,acknowledged,2026-09-18T10:00:00
ACT00000622,REC00000851,USR001236,viewed,viewed,2025-12-31T06:00:00
ACT00000623,REC00000852,USR001238,completed,completed,2026-04-11T00:00:00
ACT00000624,REC00000853,USR001238,acknowledged,acknowledged,2026-03-06T17:00:00
ACT00000625,REC00000854,USR001239,acknowledged,acknowledged,2026-06-27T04:00:00
ACT00000626,REC00000855,USR001242,viewed,viewed,2026-03-19T13:00:00
ACT00000627,REC00000857,USR001243,viewed,viewed,2026-07-17T02:00:00
ACT00000628,REC00000858,USR001244,viewed,viewed,2026-08-16T19:00:00
ACT00000629,REC00000859,USR001245,viewed,viewed,2026-09-15T11:00:00
ACT00000630,REC00000860,USR001246,viewed,viewed,2026-06-03T00:00:00
ACT00000631,REC00000861,USR001247,completed,completed,2026-03-06T05:00:00
ACT00000632,REC00000862,USR001248,viewed,viewed,2026-09-16T03:00:00
ACT00000633,REC00000863,USR001249,acknowledged,acknowledged,2026-05-08T00:00:00
ACT00000634,REC00000864,USR001251,acknowledged,acknowledged,2026-05-29T00:00:00
ACT00000635,REC00000867,USR001255,viewed,viewed,2026-04-08T16:00:00
ACT00000636,REC00000868,USR001257,completed,completed,2026-06-13T11:00:00
ACT00000637,REC00000870,USR001261,viewed,viewed,2026-09-15T10:00:00
ACT00000638,REC00000871,USR001263,viewed,viewed,2026-05-12T06:00:00
ACT00000639,REC00000872,USR001264,completed,completed,2026-09-18T02:00:00
ACT00000640,REC00000873,USR001264,completed,completed,2026-05-28T15:00:00
ACT00000641,REC00000874,USR001265,completed,completed,2026-08-04T21:00:00
ACT00000642,REC00000875,USR001266,viewed,viewed,2026-04-14T19:00:00
ACT00000643,REC00000878,USR001269,acknowledged,acknowledged,2026-03-17T15:00:00
ACT00000644,REC00000880,USR001271,completed,completed,2026-09-17T19:00:00
ACT00000645,REC00000881,USR001272,dismissed,dismissed,2026-07-14T05:00:00
ACT00000646,REC00000883,USR001275,acknowledged,acknowledged,2026-03-22T18:00:00
ACT00000647,REC00000884,USR001275,completed,completed,2026-06-28T00:00:00
ACT00000648,REC00000885,USR001278,acknowledged,acknowledged,2026-07-28T03:00:00
ACT00000649,REC00000886,USR001281,completed,completed,2026-05-04T00:00:00
ACT00000650,REC00000887,USR001283,dismissed,dismissed,2026-07-29T09:00:00
ACT00000651,REC00000888,USR001284,viewed,viewed,2026-09-15T13:00:00
ACT00000652,REC00000889,USR001286,completed,completed,2026-08-06T09:00:00
ACT00000653,REC00000890,USR001287,viewed,viewed,2026-03-13T10:00:00
ACT00000654,REC00000891,USR001288,viewed,viewed,2026-02-14T13:00:00
ACT00000655,REC00000892,USR001290,completed,completed,2026-06-10T11:00:00
ACT00000656,REC00000894,USR001293,acknowledged,acknowledged,2026-02-12T10:00:00
ACT00000657,REC00000895,USR001295,viewed,viewed,2026-05-12T16:00:00
ACT00000658,REC00000896,USR001297,viewed,viewed,2026-05-29T17:00:00
ACT00000659,REC00000897,USR001298,viewed,viewed,2026-04-25T00:00:00
ACT00000660,REC00000898,USR001300,completed,completed,2026-07-03T15:00:00
ACT00000661,REC00000899,USR001303,viewed,viewed,2026-05-02T13:00:00
ACT00000662,REC00000901,USR001305,viewed,viewed,2026-04-29T14:00:00
ACT00000663,REC00000902,USR001306,viewed,viewed,2026-02-20T07:00:00
ACT00000664,REC00000904,USR001308,viewed,viewed,2026-06-12T01:00:00
ACT00000665,REC00000905,USR001309,acknowledged,acknowledged,2026-05-28T14:00:00
ACT00000666,REC00000907,USR001314,viewed,viewed,2026-05-20T08:00:00
ACT00000667,REC00000908,USR001315,completed,completed,2026-05-01T09:00:00
ACT00000668,REC00000910,USR001319,dismissed,dismissed,2026-03-09T06:00:00
ACT00000669,REC00000911,USR001320,acknowledged,acknowledged,2026-09-15T23:00:00
ACT00000670,REC00000912,USR001321,viewed,viewed,2026-08-11T08:00:00
ACT00000671,REC00000913,USR001323,viewed,viewed,2026-08-29T04:00:00
ACT00000672,REC00000914,USR001323,viewed,viewed,2026-05-04T19:00:00
ACT00000673,REC00000915,USR001324,viewed,viewed,2026-04-05T07:00:00
ACT00000674,REC00000917,USR001326,completed,completed,2026-05-27T12:00:00
ACT00000675,REC00000921,USR001329,viewed,viewed,2026-03-30T05:00:00
ACT00000676,REC00000922,USR001330,viewed,viewed,2026-09-16T13:00:00
ACT00000677,REC00000923,USR001333,viewed,viewed,2026-09-15T19:00:00
ACT00000678,REC00000925,USR001336,viewed,viewed,2026-06-21T18:00:00
ACT00000679,REC00000928,USR001340,viewed,viewed,2026-06-11T08:00:00
ACT00000680,REC00000929,USR001342,viewed,viewed,2026-08-14T02:00:00
ACT00000681,REC00000931,USR001344,viewed,viewed,2026-08-09T12:00:00
ACT00000682,REC00000934,USR001349,completed,completed,2026-07-05T10:00:00
ACT00000683,REC00000935,USR001350,completed,completed,2026-03-15T00:00:00
ACT00000684,REC00000936,USR001351,viewed,viewed,2026-03-12T21:00:00
ACT00000685,REC00000937,USR001352,dismissed,dismissed,2026-05-18T15:00:00
ACT00000686,REC00000939,USR001354,viewed,viewed,2026-05-24T03:00:00
ACT00000687,REC00000940,USR001356,viewed,viewed,2026-05-24T23:00:00
ACT00000688,REC00000943,USR001362,acknowledged,acknowledged,2026-07-26T14:00:00
ACT00000689,REC00000944,USR001363,viewed,viewed,2026-09-17T13:00:00
ACT00000690,REC00000946,USR001368,viewed,viewed,2026-05-14T04:00:00
ACT00000691,REC00000949,USR001372,viewed,viewed,2026-01-23T09:00:00
ACT00000692,REC00000953,USR001376,viewed,viewed,2026-04-16T19:00:00
ACT00000693,REC00000954,USR001379,acknowledged,acknowledged,2026-06-26T07:00:00
ACT00000694,REC00000955,USR001381,acknowledged,acknowledged,2026-08-09T14:00:00
ACT00000695,REC00000957,USR001387,viewed,viewed,2026-09-14T04:00:00
ACT00000696,REC00000958,USR001388,completed,completed,2026-06-11T11:00:00
ACT00000697,REC00000959,USR001388,viewed,viewed,2026-08-04T11:00:00
ACT00000698,REC00000960,USR001390,viewed,viewed,2026-07-11T04:00:00
ACT00000699,REC00000962,USR001394,completed,completed,2026-09-03T11:00:00
ACT00000700,REC00000963,USR001398,viewed,viewed,2026-03-24T13:00:00
ACT00000701,REC00000964,USR001400,dismissed,dismissed,2026-07-31T05:00:00
ACT00000702,REC00000965,USR001404,acknowledged,acknowledged,2026-09-16T21:00:00
ACT00000703,REC00000966,USR001405,viewed,viewed,2026-05-22T13:00:00
ACT00000704,REC00000969,USR001408,acknowledged,acknowledged,2026-05-27T01:00:00
ACT00000705,REC00000973,USR001414,viewed,viewed,2026-05-22T13:00:00
ACT00000706,REC00000974,USR001418,dismissed,dismissed,2026-04-20T04:00:00
ACT00000707,REC00000975,USR001419,viewed,viewed,2026-01-25T10:00:00
ACT00000708,REC00000976,USR001420,completed,completed,2026-05-28T04:00:00
ACT00000709,REC00000978,USR001422,viewed,viewed,2026-09-15T16:00:00
ACT00000710,REC00000979,USR001423,completed,completed,2026-07-16T23:00:00
ACT00000711,REC00000980,USR001425,viewed,viewed,2026-06-14T01:00:00
ACT00000712,REC00000982,USR001429,viewed,viewed,2026-07-26T22:00:00
ACT00000713,REC00000984,USR001434,completed,completed,2026-08-04T02:00:00
ACT00000714,REC00000985,USR001435,dismissed,dismissed,2026-09-14T18:00:00
ACT00000715,REC00000989,USR001440,viewed,viewed,2026-05-05T23:00:00
ACT00000716,REC00000991,USR001442,completed,completed,2026-05-07T01:00:00
ACT00000717,REC00000992,USR001443,viewed,viewed,2026-08-31T05:00:00
ACT00000718,REC00000994,USR001446,viewed,viewed,2026-05-08T11:00:00
ACT00000719,REC00000997,USR001453,viewed,viewed,2026-04-14T20:00:00
ACT00000720,REC00000999,USR001458,viewed,viewed,2026-07-14T15:00:00
ACT00000721,REC00001000,USR001463,completed,completed,2026-04-26T07:00:00
ACT00000722,REC00001002,USR001464,acknowledged,acknowledged,2026-05-08T12:00:00
ACT00000723,REC00001003,USR001465,acknowledged,acknowledged,2026-06-12T11:00:00
ACT00000724,REC00001004,USR001466,acknowledged,acknowledged,2026-03-12T04:00:00
ACT00000725,REC00001005,USR001467,completed,completed,2026-05-07T18:00:00
ACT00000726,REC00001006,USR001467,acknowledged,acknowledged,2026-03-17T18:00:00
ACT00000727,REC00001007,USR001468,viewed,viewed,2026-05-02T04:00:00
ACT00000728,REC00001008,USR001469,viewed,viewed,2026-07-01T13:00:00
ACT00000729,REC00001009,USR001470,viewed,viewed,2026-05-03T08:00:00
ACT00000730,REC00001010,USR001471,acknowledged,acknowledged,2026-01-05T00:00:00
ACT00000731,REC00001011,USR001473,acknowledged,acknowledged,2026-09-16T00:00:00
ACT00000732,REC00001013,USR001476,dismissed,dismissed,2026-08-10T19:00:00
ACT00000733,REC00001014,USR001479,viewed,viewed,2026-06-30T03:00:00
ACT00000734,REC00001015,USR001480,completed,completed,2026-04-29T23:00:00
ACT00000735,REC00001016,USR001481,dismissed,dismissed,2026-03-15T14:00:00
ACT00000736,REC00001017,USR001485,viewed,viewed,2026-01-24T11:00:00
ACT00000737,REC00001018,USR001486,viewed,viewed,2026-09-18T05:00:00
ACT00000738,REC00001019,USR001486,viewed,viewed,2026-09-15T06:00:00
ACT00000739,REC00001020,USR001489,dismissed,dismissed,2026-08-05T16:00:00
ACT00000740,REC00001023,USR001492,acknowledged,acknowledged,2026-06-04T11:00:00
ACT00000741,REC00001024,USR001495,completed,completed,2026-09-18T10:00:00
ACT00000742,REC00001025,USR001496,acknowledged,acknowledged,2026-06-08T20:00:00
ACT00000743,REC00001026,USR001497,completed,completed,2026-08-13T13:00:00
ACT00000744,REC00001027,USR001498,viewed,viewed,2026-09-14T15:00:00
ACT00000745,REC00001028,USR001499,viewed,viewed,2026-05-10T08:00:00
ACT00000746,REC00001029,USR001501,viewed,viewed,2026-04-11T10:00:00
ACT00000747,REC00001030,USR001504,viewed,viewed,2026-07-02T01:00:00
ACT00000748,REC00001033,USR001507,completed,completed,2026-07-13T23:00:00
ACT00000749,REC00001034,USR001508,dismissed,dismissed,2026-08-23T15:00:00
ACT00000750,REC00001035,USR001509,viewed,viewed,2026-05-22T10:00:00
ACT00000751,REC00001037,USR001514,dismissed,dismissed,2026-09-14T11:00:00
ACT00000752,REC00001039,USR001517,dismissed,dismissed,2026-03-29T21:00:00
ACT00000753,REC00001040,USR001518,acknowledged,acknowledged,2026-03-20T10:00:00
ACT00000754,REC00001043,USR001522,acknowledged,acknowledged,2026-07-09T05:00:00
ACT00000755,REC00001044,USR001523,viewed,viewed,2026-08-15T07:00:00
ACT00000756,REC00001045,USR001524,dismissed,dismissed,2026-09-05T20:00:00
ACT00000757,REC00001046,USR001526,acknowledged,acknowledged,2026-02-14T03:00:00
ACT00000758,REC00001047,USR001528,dismissed,dismissed,2026-06-09T09:00:00
ACT00000759,REC00001048,USR001528,acknowledged,acknowledged,2026-06-10T12:00:00
ACT00000760,REC00001050,USR001531,viewed,viewed,2026-06-04T19:00:00
ACT00000761,REC00001051,USR001532,completed,completed,2026-08-05T23:00:00
ACT00000762,REC00001052,USR001533,viewed,viewed,2026-03-26T10:00:00
ACT00000763,REC00001053,USR001535,viewed,viewed,2026-05-12T17:00:00
ACT00000764,REC00001056,USR001538,completed,completed,2026-07-17T20:00:00
ACT00000765,REC00001057,USR001539,viewed,viewed,2026-05-19T11:00:00
ACT00000766,REC00001058,USR001540,acknowledged,acknowledged,2026-09-15T06:00:00
ACT00000767,REC00001060,USR001543,viewed,viewed,2026-06-23T03:00:00
ACT00000768,REC00001061,USR001544,viewed,viewed,2026-03-26T03:00:00
ACT00000769,REC00001062,USR001545,completed,completed,2026-05-24T17:00:00
ACT00000770,REC00001063,USR001547,acknowledged,acknowledged,2026-08-25T02:00:00
ACT00000771,REC00001064,USR001550,viewed,viewed,2026-05-25T12:00:00
ACT00000772,REC00001065,USR001551,completed,completed,2026-04-21T02:00:00
ACT00000773,REC00001066,USR001553,viewed,viewed,2026-06-04T18:00:00
ACT00000774,REC00001067,USR001554,viewed,viewed,2026-05-30T12:00:00
ACT00000775,REC00001068,USR001556,completed,completed,2026-08-18T08:00:00
ACT00000776,REC00001069,USR001559,acknowledged,acknowledged,2026-08-14T05:00:00
ACT00000777,REC00001070,USR001560,viewed,viewed,2026-03-21T05:00:00
ACT00000778,REC00001071,USR001561,acknowledged,acknowledged,2026-08-09T08:00:00
ACT00000779,REC00001073,USR001567,acknowledged,acknowledged,2026-05-06T20:00:00
ACT00000780,REC00001075,USR001568,acknowledged,acknowledged,2026-09-10T04:00:00
ACT00000781,REC00001077,USR001569,viewed,viewed,2026-03-06T18:00:00
ACT00000782,REC00001078,USR001571,viewed,viewed,2026-08-19T15:00:00
ACT00000783,REC00001079,USR001571,acknowledged,acknowledged,2026-06-04T22:00:00
ACT00000784,REC00001080,USR001573,viewed,viewed,2026-03-23T03:00:00
ACT00000785,REC00001081,USR001574,viewed,viewed,2026-02-03T13:00:00
ACT00000786,REC00001084,USR001577,viewed,viewed,2026-05-01T03:00:00
ACT00000787,REC00001086,USR001579,acknowledged,acknowledged,2026-03-05T01:00:00
ACT00000788,REC00001088,USR001584,completed,completed,2026-02-12T18:00:00
ACT00000789,REC00001089,USR001585,viewed,viewed,2026-07-06T00:00:00
ACT00000790,REC00001090,USR001589,dismissed,dismissed,2026-06-16T10:00:00
ACT00000791,REC00001091,USR001591,viewed,viewed,2026-03-27T05:00:00
ACT00000792,REC00001093,USR001595,viewed,viewed,2026-05-10T22:00:00
ACT00000793,REC00001094,USR001601,viewed,viewed,2026-05-19T22:00:00
ACT00000794,REC00001095,USR001602,viewed,viewed,2026-08-22T19:00:00
ACT00000795,REC00001096,USR001605,dismissed,dismissed,2026-07-08T17:00:00
ACT00000796,REC00001097,USR001606,acknowledged,acknowledged,2026-03-14T00:00:00
ACT00000797,REC00001098,USR001607,completed,completed,2026-08-21T09:00:00
ACT00000798,REC00001099,USR001607,viewed,viewed,2026-06-23T03:00:00
ACT00000799,REC00001100,USR001610,dismissed,dismissed,2026-09-15T11:00:00
ACT00000800,REC00001101,USR001612,completed,completed,2026-07-28T08:00:00
ACT00000801,REC00001102,USR001615,completed,completed,2026-05-13T10:00:00
ACT00000802,REC00001103,USR001616,viewed,viewed,2026-09-04T21:00:00
ACT00000803,REC00001104,USR001618,viewed,viewed,2026-07-01T16:00:00
ACT00000804,REC00001105,USR001619,viewed,viewed,2026-05-16T18:00:00
ACT00000805,REC00001106,USR001620,viewed,viewed,2026-04-05T19:00:00
ACT00000806,REC00001107,USR001624,acknowledged,acknowledged,2026-06-06T05:00:00
ACT00000807,REC00001108,USR001627,completed,completed,2026-09-18T01:00:00
ACT00000808,REC00001109,USR001628,viewed,viewed,2026-05-29T01:00:00
ACT00000809,REC00001112,USR001633,viewed,viewed,2026-05-07T12:00:00
ACT00000810,REC00001113,USR001634,viewed,viewed,2026-09-15T00:00:00
ACT00000811,REC00001114,USR001635,viewed,viewed,2026-05-28T16:00:00
ACT00000812,REC00001115,USR001640,viewed,viewed,2026-09-17T04:00:00
ACT00000813,REC00001118,USR001644,viewed,viewed,2026-02-05T16:00:00
ACT00000814,REC00001119,USR001645,viewed,viewed,2026-06-21T12:00:00
ACT00000815,REC00001120,USR001646,completed,completed,2026-05-08T03:00:00
ACT00000816,REC00001121,USR001648,viewed,viewed,2026-03-04T02:00:00
ACT00000817,REC00001123,USR001650,acknowledged,acknowledged,2026-04-07T23:00:00
ACT00000818,REC00001125,USR001651,viewed,viewed,2026-06-25T18:00:00
ACT00000819,REC00001126,USR001652,dismissed,dismissed,2026-05-10T21:00:00
ACT00000820,REC00001129,USR001654,acknowledged,acknowledged,2026-05-15T22:00:00
ACT00000821,REC00001130,USR001655,acknowledged,acknowledged,2026-07-28T11:00:00
ACT00000822,REC00001131,USR001656,acknowledged,acknowledged,2026-09-16T02:00:00
ACT00000823,REC00001132,USR001657,viewed,viewed,2026-06-10T14:00:00
ACT00000824,REC00001135,USR001662,dismissed,dismissed,2026-05-18T13:00:00
ACT00000825,REC00001136,USR001663,acknowledged,acknowledged,2026-03-13T10:00:00
ACT00000826,REC00001138,USR001664,completed,completed,2026-06-13T05:00:00
ACT00000827,REC00001139,USR001666,acknowledged,acknowledged,2026-09-14T17:00:00
ACT00000828,REC00001140,USR001668,completed,completed,2026-06-01T18:00:00
ACT00000829,REC00001141,USR001670,viewed,viewed,2026-06-23T01:00:00
ACT00000830,REC00001144,USR001673,acknowledged,acknowledged,2026-09-17T09:00:00
ACT00000831,REC00001145,USR001675,viewed,viewed,2026-06-16T02:00:00
ACT00000832,REC00001150,USR001684,viewed,viewed,2026-06-13T22:00:00
ACT00000833,REC00001153,USR001686,viewed,viewed,2026-05-19T18:00:00
ACT00000834,REC00001154,USR001688,dismissed,dismissed,2026-03-19T19:00:00
ACT00000835,REC00001156,USR001692,viewed,viewed,2026-08-19T17:00:00
ACT00000836,REC00001158,USR001693,acknowledged,acknowledged,2026-04-10T07:00:00
ACT00000837,REC00001159,USR001694,viewed,viewed,2026-02-24T20:00:00
ACT00000838,REC00001160,USR001697,completed,completed,2026-08-28T23:00:00
ACT00000839,REC00001163,USR001702,viewed,viewed,2026-06-03T21:00:00
ACT00000840,REC00001167,USR001709,completed,completed,2026-07-09T03:00:00
ACT00000841,REC00001168,USR001710,viewed,viewed,2026-02-15T08:00:00
ACT00000842,REC00001169,USR001712,acknowledged,acknowledged,2026-08-15T14:00:00
ACT00000843,REC00001170,USR001714,completed,completed,2026-04-22T00:00:00
ACT00000844,REC00001171,USR001715,acknowledged,acknowledged,2026-09-17T13:00:00
ACT00000845,REC00001173,USR001717,viewed,viewed,2026-07-08T12:00:00
ACT00000846,REC00001174,USR001718,viewed,viewed,2026-09-02T17:00:00
ACT00000847,REC00001175,USR001720,viewed,viewed,2026-09-16T07:00:00
ACT00000848,REC00001178,USR001724,completed,completed,2026-04-05T19:00:00
ACT00000849,REC00001179,USR001724,viewed,viewed,2026-04-02T09:00:00
ACT00000850,REC00001181,USR001726,completed,completed,2026-03-25T01:00:00
ACT00000851,REC00001182,USR001728,completed,completed,2026-03-20T10:00:00
ACT00000852,REC00001183,USR001729,completed,completed,2026-08-26T16:00:00
ACT00000853,REC00001184,USR001730,completed,completed,2026-06-25T20:00:00
ACT00000854,REC00001185,USR001733,acknowledged,acknowledged,2026-09-16T20:00:00
ACT00000855,REC00001186,USR001735,completed,completed,2026-06-03T17:00:00
ACT00000856,REC00001187,USR001736,viewed,viewed,2026-06-05T19:00:00
ACT00000857,REC00001188,USR001739,viewed,viewed,2026-09-17T22:00:00
ACT00000858,REC00001189,USR001739,viewed,viewed,2026-06-29T00:00:00
ACT00000859,REC00001191,USR001743,viewed,viewed,2026-09-16T13:00:00
ACT00000860,REC00001192,USR001744,completed,completed,2026-02-06T22:00:00
ACT00000861,REC00001193,USR001746,acknowledged,acknowledged,2026-03-23T00:00:00
ACT00000862,REC00001194,USR001747,acknowledged,acknowledged,2026-05-05T06:00:00
ACT00000863,REC00001196,USR001749,viewed,viewed,2026-09-14T23:00:00
ACT00000864,REC00001197,USR001750,viewed,viewed,2026-06-16T13:00:00
ACT00000865,REC00001200,USR001760,viewed,viewed,2026-06-01T21:00:00
ACT00000866,REC00001202,USR001761,completed,completed,2026-09-14T17:00:00
ACT00000867,REC00001204,USR001764,viewed,viewed,2026-03-01T12:00:00
ACT00000868,REC00001206,USR001766,acknowledged,acknowledged,2026-03-26T08:00:00
ACT00000869,REC00001207,USR001768,viewed,viewed,2026-07-18T11:00:00
ACT00000870,REC00001208,USR001771,acknowledged,acknowledged,2026-05-27T23:00:00
ACT00000871,REC00001209,USR001772,completed,completed,2026-08-07T11:00:00
ACT00000872,REC00001213,USR001776,viewed,viewed,2026-05-30T13:00:00
ACT00000873,REC00001214,USR001777,viewed,viewed,2026-03-11T23:00:00
ACT00000874,REC00001216,USR001781,viewed,viewed,2026-08-10T18:00:00
ACT00000875,REC00001217,USR001782,completed,completed,2026-03-17T20:00:00
ACT00000876,REC00001218,USR001783,viewed,viewed,2026-07-20T00:00:00
ACT00000877,REC00001219,USR001784,acknowledged,acknowledged,2026-08-11T05:00:00
ACT00000878,REC00001220,USR001787,acknowledged,acknowledged,2026-08-21T17:00:00
ACT00000879,REC00001221,USR001787,viewed,viewed,2026-09-10T19:00:00
ACT00000880,REC00001222,USR001789,acknowledged,acknowledged,2026-03-14T07:00:00
ACT00000881,REC00001223,USR001792,acknowledged,acknowledged,2026-05-05T10:00:00
ACT00000882,REC00001224,USR001795,acknowledged,acknowledged,2026-05-22T15:00:00
ACT00000883,REC00001225,USR001797,viewed,viewed,2026-06-25T12:00:00
ACT00000884,REC00001228,USR001799,viewed,viewed,2026-07-08T05:00:00
ACT00000885,REC00001229,USR001803,completed,completed,2026-06-28T17:00:00
ACT00000886,REC00001230,USR001804,viewed,viewed,2026-03-14T17:00:00
ACT00000887,REC00001231,USR001805,completed,completed,2026-07-29T13:00:00
ACT00000888,REC00001232,USR001806,completed,completed,2026-08-09T10:00:00
ACT00000889,REC00001235,USR001810,viewed,viewed,2026-06-08T03:00:00
ACT00000890,REC00001236,USR001811,completed,completed,2026-09-12T18:00:00
ACT00000891,REC00001237,USR001812,acknowledged,acknowledged,2026-05-24T14:00:00
ACT00000892,REC00001238,USR001812,completed,completed,2026-09-15T14:00:00
ACT00000893,REC00001239,USR001813,viewed,viewed,2026-08-29T13:00:00
ACT00000894,REC00001240,USR001814,viewed,viewed,2026-05-09T08:00:00
ACT00000895,REC00001241,USR001815,viewed,viewed,2026-09-15T21:00:00
ACT00000896,REC00001242,USR001818,viewed,viewed,2026-07-04T09:00:00
ACT00000897,REC00001243,USR001820,viewed,viewed,2026-05-03T07:00:00
ACT00000898,REC00001244,USR001825,acknowledged,acknowledged,2026-05-02T05:00:00
ACT00000899,REC00001245,USR001827,viewed,viewed,2026-08-25T14:00:00
ACT00000900,REC00001246,USR001828,viewed,viewed,2026-04-02T02:00:00
ACT00000901,REC00001247,USR001831,viewed,viewed,2026-07-21T10:00:00
ACT00000902,REC00001252,USR001837,viewed,viewed,2026-05-14T02:00:00
ACT00000903,REC00001253,USR001839,viewed,viewed,2026-02-16T21:00:00
ACT00000904,REC00001255,USR001842,viewed,viewed,2026-06-09T14:00:00
ACT00000905,REC00001257,USR001848,acknowledged,acknowledged,2026-04-27T21:00:00
ACT00000906,REC00001258,USR001850,acknowledged,acknowledged,2026-06-11T03:00:00
ACT00000907,REC00001259,USR001850,viewed,viewed,2026-03-23T12:00:00
ACT00000908,REC00001260,USR001851,acknowledged,acknowledged,2026-06-13T14:00:00
ACT00000909,REC00001262,USR001852,viewed,viewed,2026-06-08T17:00:00
ACT00000910,REC00001263,USR001854,dismissed,dismissed,2026-05-17T22:00:00
ACT00000911,REC00001264,USR001855,acknowledged,acknowledged,2026-06-16T04:00:00
ACT00000912,REC00001267,USR001860,acknowledged,acknowledged,2026-07-16T14:00:00
ACT00000913,REC00001269,USR001864,acknowledged,acknowledged,2026-04-19T16:00:00
ACT00000914,REC00001270,USR001865,completed,completed,2026-08-11T01:00:00
ACT00000915,REC00001272,USR001869,acknowledged,acknowledged,2026-04-14T13:00:00
ACT00000916,REC00001273,USR001870,dismissed,dismissed,2026-09-15T01:00:00
ACT00000917,REC00001274,USR001873,viewed,viewed,2026-07-01T07:00:00
ACT00000918,REC00001275,USR001874,acknowledged,acknowledged,2026-06-05T20:00:00
ACT00000919,REC00001276,USR001874,completed,completed,2026-07-19T12:00:00
ACT00000920,REC00001277,USR001875,acknowledged,acknowledged,2026-07-25T23:00:00
ACT00000921,REC00001279,USR001877,acknowledged,acknowledged,2026-03-18T06:00:00
ACT00000922,REC00001280,USR001880,completed,completed,2026-05-28T09:00:00
ACT00000923,REC00001281,USR001881,viewed,viewed,2026-09-12T14:00:00
ACT00000924,REC00001283,USR001882,viewed,viewed,2026-07-27T23:00:00
ACT00000925,REC00001284,USR001884,viewed,viewed,2026-08-26T12:00:00
ACT00000926,REC00001287,USR001886,viewed,viewed,2026-08-01T01:00:00
ACT00000927,REC00001290,USR001893,viewed,viewed,2026-08-24T20:00:00
ACT00000928,REC00001291,USR001895,dismissed,dismissed,2026-09-17T16:00:00
ACT00000929,REC00001292,USR001896,acknowledged,acknowledged,2026-07-03T23:00:00
ACT00000930,REC00001293,USR001898,dismissed,dismissed,2026-06-29T21:00:00
ACT00000931,REC00001295,USR001906,completed,completed,2026-04-27T05:00:00
ACT00000932,REC00001296,USR001906,viewed,viewed,2026-07-29T14:00:00
ACT00000933,REC00001298,USR001909,dismissed,dismissed,2026-06-14T08:00:00
ACT00000934,REC00001299,USR001913,viewed,viewed,2026-05-20T03:00:00
ACT00000935,REC00001300,USR001914,viewed,viewed,2026-04-11T12:00:00
ACT00000936,REC00001301,USR001915,viewed,viewed,2026-07-26T08:00:00
ACT00000937,REC00001302,USR001918,viewed,viewed,2026-08-22T11:00:00
ACT00000938,REC00001303,USR001918,viewed,viewed,2026-05-31T05:00:00
ACT00000939,REC00001305,USR001921,acknowledged,acknowledged,2026-09-17T02:00:00
ACT00000940,REC00001306,USR001922,acknowledged,acknowledged,2026-09-11T18:00:00
ACT00000941,REC00001307,USR001923,viewed,viewed,2026-05-13T02:00:00
ACT00000942,REC00001308,USR001925,viewed,viewed,2026-04-04T02:00:00
ACT00000943,REC00001309,USR001926,viewed,viewed,2026-07-26T01:00:00
ACT00000944,REC00001311,USR001929,acknowledged,acknowledged,2026-08-19T05:00:00
ACT00000945,REC00001313,USR001931,acknowledged,acknowledged,2026-09-16T18:00:00
ACT00000946,REC00001316,USR001934,viewed,viewed,2026-03-31T18:00:00
ACT00000947,REC00001317,USR001937,viewed,viewed,2026-07-01T11:00:00
ACT00000948,REC00001318,USR001940,completed,completed,2026-04-20T21:00:00
ACT00000949,REC00001321,USR001946,acknowledged,acknowledged,2026-09-03T07:00:00
ACT00000950,REC00001322,USR001946,acknowledged,acknowledged,2026-09-17T13:00:00
ACT00000951,REC00001324,USR001951,acknowledged,acknowledged,2026-08-15T03:00:00
ACT00000952,REC00001325,USR001952,viewed,viewed,2026-05-23T06:00:00
ACT00000953,REC00001326,USR001952,acknowledged,acknowledged,2026-04-24T12:00:00
ACT00000954,REC00001327,USR001953,viewed,viewed,2026-03-27T15:00:00
ACT00000955,REC00001329,USR001957,viewed,viewed,2026-06-11T00:00:00
ACT00000956,REC00001330,USR001960,viewed,viewed,2026-02-26T13:00:00
ACT00000957,REC00001331,USR001960,viewed,viewed,2026-02-18T05:00:00
ACT00000958,REC00001332,USR001961,viewed,viewed,2026-05-10T21:00:00
ACT00000959,REC00001333,USR001963,viewed,viewed,2026-04-16T07:00:00
ACT00000960,REC00001334,USR001964,completed,completed,2026-09-15T03:00:00
ACT00000961,REC00001335,USR001965,viewed,viewed,2026-04-29T21:00:00
ACT00000962,REC00001336,USR001966,viewed,viewed,2026-05-24T22:00:00
ACT00000963,REC00001337,USR001968,completed,completed,2026-06-30T22:00:00
ACT00000964,REC00001339,USR001970,viewed,viewed,2026-06-20T05:00:00
ACT00000965,REC00001343,USR001978,viewed,viewed,2026-08-26T02:00:00
ACT00000966,REC00001344,USR001979,completed,completed,2026-07-28T13:00:00
ACT00000967,REC00001346,USR001980,acknowledged,acknowledged,2026-07-29T22:00:00
ACT00000968,REC00001347,USR001981,viewed,viewed,2026-05-20T23:00:00
ACT00000969,REC00001348,USR001982,viewed,viewed,2026-07-25T07:00:00
ACT00000970,REC00001349,USR001983,dismissed,dismissed,2026-08-12T23:00:00
ACT00000971,REC00001350,USR001984,viewed,viewed,2026-01-05T23:00:00
ACT00000972,REC00001351,USR001985,viewed,viewed,2026-05-13T19:00:00
ACT00000973,REC00001352,USR001985,viewed,viewed,2026-07-03T04:00:00
ACT00000974,REC00001353,USR001986,viewed,viewed,2026-04-23T16:00:00
ACT00000975,REC00001355,USR001991,acknowledged,acknowledged,2026-02-11T00:00:00
ACT00000976,REC00001357,USR001994,completed,completed,2026-04-06T10:00:00
ACT00000977,REC00001358,USR001995,viewed,viewed,2026-06-09T23:00:00
ACT00000978,REC00001359,USR001996,acknowledged,acknowledged,2026-05-31T10:00:00
ACT00000979,REC00001362,USR002001,completed,completed,2026-03-12T15:00:00
ACT00000980,REC00001364,USR002003,acknowledged,acknowledged,2026-07-13T19:00:00
ACT00000981,REC00001365,USR002005,viewed,viewed,2026-03-25T13:00:00
ACT00000982,REC00001366,USR002009,viewed,viewed,2026-09-06T12:00:00
ACT00000983,REC00001368,USR002011,acknowledged,acknowledged,2026-04-22T06:00:00
ACT00000984,REC00001369,USR002012,acknowledged,acknowledged,2026-09-16T20:00:00
ACT00000985,REC00001373,USR002017,acknowledged,acknowledged,2026-09-17T20:00:00
ACT00000986,REC00001374,USR002018,acknowledged,acknowledged,2026-09-18T03:00:00
ACT00000987,REC00001375,USR002019,dismissed,dismissed,2026-07-14T16:00:00
ACT00000988,REC00001376,USR002020,dismissed,dismissed,2026-06-09T09:00:00
ACT00000989,REC00001377,USR002020,viewed,viewed,2026-09-18T05:00:00
ACT00000990,REC00001379,USR002022,viewed,viewed,2026-06-27T11:00:00
ACT00000991,REC00001381,USR002024,acknowledged,acknowledged,2026-08-20T16:00:00
ACT00000992,REC00001382,USR002025,viewed,viewed,2026-06-30T01:00:00
ACT00000993,REC00001383,USR002025,completed,completed,2026-09-17T01:00:00
ACT00000994,REC00001384,USR002027,acknowledged,acknowledged,2026-03-31T10:00:00
ACT00000995,REC00001385,USR002027,viewed,viewed,2026-04-12T15:00:00
ACT00000996,REC00001386,USR002029,viewed,viewed,2026-08-06T12:00:00
ACT00000997,REC00001388,USR002031,viewed,viewed,2026-06-02T04:00:00
ACT00000998,REC00001389,USR002033,dismissed,dismissed,2026-03-30T04:00:00
ACT00000999,REC00001390,USR002035,completed,completed,2026-04-02T08:00:00
ACT00001000,REC00001392,USR002037,completed,completed,2026-04-17T13:00:00
ACT00001001,REC00001393,USR002038,viewed,viewed,2026-03-23T04:00:00
ACT00001002,REC00001395,USR002042,completed,completed,2026-05-06T00:00:00
ACT00001003,REC00001402,USR002057,dismissed,dismissed,2026-07-26T08:00:00
ACT00001004,REC00001403,USR002057,acknowledged,acknowledged,2026-09-14T13:00:00
ACT00001005,REC00001405,USR002058,viewed,viewed,2026-06-16T22:00:00
ACT00001006,REC00001406,USR002059,viewed,viewed,2026-03-27T14:00:00
ACT00001007,REC00001408,USR002060,acknowledged,acknowledged,2026-09-05T16:00:00
ACT00001008,REC00001409,USR002061,acknowledged,acknowledged,2026-06-28T18:00:00
ACT00001009,REC00001410,USR002062,acknowledged,acknowledged,2026-05-07T14:00:00
ACT00001010,REC00001411,USR002065,acknowledged,acknowledged,2026-04-10T23:00:00
ACT00001011,REC00001412,USR002066,viewed,viewed,2026-06-29T02:00:00
ACT00001012,REC00001413,USR002066,viewed,viewed,2026-06-11T09:00:00
ACT00001013,REC00001414,USR002067,viewed,viewed,2026-05-13T21:00:00
ACT00001014,REC00001416,USR002071,viewed,viewed,2026-09-15T18:00:00
ACT00001015,REC00001418,USR002074,acknowledged,acknowledged,2026-09-15T22:00:00
ACT00001016,REC00001419,USR002075,dismissed,dismissed,2026-09-16T20:00:00
ACT00001017,REC00001420,USR002077,viewed,viewed,2026-05-07T18:00:00
ACT00001018,REC00001421,USR002078,viewed,viewed,2026-09-08T20:00:00
ACT00001019,REC00001422,USR002082,acknowledged,acknowledged,2026-06-24T18:00:00
ACT00001020,REC00001423,USR002085,viewed,viewed,2026-07-24T05:00:00
ACT00001021,REC00001424,USR002086,completed,completed,2026-05-05T17:00:00
ACT00001022,REC00001425,USR002086,acknowledged,acknowledged,2026-01-14T09:00:00
ACT00001023,REC00001426,USR002087,viewed,viewed,2026-05-23T00:00:00
ACT00001024,REC00001428,USR002092,viewed,viewed,2026-02-21T03:00:00
ACT00001025,REC00001429,USR002093,completed,completed,2026-03-24T14:00:00
ACT00001026,REC00001432,USR002097,completed,completed,2026-09-17T03:00:00
ACT00001027,REC00001433,USR002097,viewed,viewed,2026-08-19T18:00:00
ACT00001028,REC00001434,USR002098,acknowledged,acknowledged,2026-05-27T06:00:00
ACT00001029,REC00001436,USR002100,viewed,viewed,2026-06-10T06:00:00
ACT00001030,REC00001437,USR002100,viewed,viewed,2026-08-04T19:00:00
ACT00001031,REC00001439,USR002105,acknowledged,acknowledged,2026-02-03T15:00:00
ACT00001032,REC00001440,USR002106,completed,completed,2026-09-16T09:00:00
ACT00001033,REC00001443,USR002113,viewed,viewed,2026-03-28T12:00:00
ACT00001034,REC00001444,USR002115,acknowledged,acknowledged,2026-09-15T22:00:00
ACT00001035,REC00001445,USR002117,completed,completed,2026-03-14T20:00:00
ACT00001036,REC00001447,USR002119,dismissed,dismissed,2026-03-03T14:00:00
ACT00001037,REC00001448,USR002121,viewed,viewed,2026-04-20T21:00:00
ACT00001038,REC00001449,USR002123,viewed,viewed,2026-08-20T21:00:00
ACT00001039,REC00001451,USR002128,completed,completed,2026-06-04T15:00:00
ACT00001040,REC00001452,USR002129,viewed,viewed,2026-02-13T16:00:00
ACT00001041,REC00001453,USR002130,viewed,viewed,2026-03-25T03:00:00
ACT00001042,REC00001454,USR002132,dismissed,dismissed,2026-06-08T07:00:00
ACT00001043,REC00001455,USR002134,completed,completed,2026-04-29T16:00:00
ACT00001044,REC00001456,USR002135,acknowledged,acknowledged,2026-09-05T19:00:00
ACT00001045,REC00001457,USR002136,dismissed,dismissed,2026-09-17T14:00:00
ACT00001046,REC00001458,USR002137,completed,completed,2026-01-04T15:00:00
ACT00001047,REC00001459,USR002138,acknowledged,acknowledged,2026-02-23T00:00:00
ACT00001048,REC00001460,USR002140,acknowledged,acknowledged,2026-08-14T22:00:00
ACT00001049,REC00001461,USR002141,acknowledged,acknowledged,2026-03-22T14:00:00
ACT00001050,REC00001463,USR002142,viewed,viewed,2026-09-16T11:00:00
ACT00001051,REC00001465,USR002146,dismissed,dismissed,2026-04-01T18:00:00
ACT00001052,REC00001466,USR002148,viewed,viewed,2026-06-27T00:00:00
ACT00001053,REC00001467,USR002149,viewed,viewed,2026-05-22T19:00:00
ACT00001054,REC00001468,USR002152,completed,completed,2026-05-26T00:00:00
ACT00001055,REC00001469,USR002154,completed,completed,2026-05-28T01:00:00
ACT00001056,REC00001470,USR002156,viewed,viewed,2026-05-18T05:00:00
ACT00001057,REC00001471,USR002159,viewed,viewed,2026-09-14T19:00:00
ACT00001058,REC00001473,USR002161,acknowledged,acknowledged,2026-09-14T20:00:00
ACT00001059,REC00001474,USR002162,dismissed,dismissed,2026-04-05T23:00:00
ACT00001060,REC00001475,USR002164,viewed,viewed,2026-08-12T19:00:00
ACT00001061,REC00001476,USR002167,acknowledged,acknowledged,2026-04-17T23:00:00
ACT00001062,REC00001478,USR002170,acknowledged,acknowledged,2026-03-27T02:00:00
ACT00001063,REC00001479,USR002170,viewed,viewed,2026-05-02T18:00:00
ACT00001064,REC00001480,USR002172,completed,completed,2026-09-17T02:00:00
ACT00001065,REC00001482,USR002175,dismissed,dismissed,2026-03-31T06:00:00
ACT00001066,REC00001484,USR002178,dismissed,dismissed,2026-04-07T22:00:00
ACT00001067,REC00001485,USR002179,completed,completed,2026-04-25T21:00:00
ACT00001068,REC00001486,USR002181,completed,completed,2026-09-15T20:00:00
ACT00001069,REC00001488,USR002183,acknowledged,acknowledged,2026-03-16T13:00:00
ACT00001070,REC00001490,USR002185,viewed,viewed,2026-04-01T16:00:00
ACT00001071,REC00001491,USR002186,viewed,viewed,2026-07-15T17:00:00
ACT00001072,REC00001493,USR002188,dismissed,dismissed,2026-04-11T00:00:00
ACT00001073,REC00001494,USR002190,completed,completed,2026-03-07T08:00:00
ACT00001074,REC00001495,USR002193,viewed,viewed,2026-03-29T01:00:00
ACT00001075,REC00001496,USR002197,viewed,viewed,2026-04-25T20:00:00
ACT00001076,REC00001497,USR002198,completed,completed,2026-07-23T16:00:00
ACT00001077,REC00001498,USR002200,viewed,viewed,2026-03-11T01:00:00
ACT00001078,REC00001499,USR002203,viewed,viewed,2026-09-18T12:00:00
ACT00001079,REC00001500,USR002204,completed,completed,2026-07-20T03:00:00
ACT00001080,REC00001502,USR002210,viewed,viewed,2026-08-24T14:00:00
ACT00001081,REC00001503,USR002211,acknowledged,acknowledged,2026-05-05T00:00:00
ACT00001082,REC00001504,USR002213,completed,completed,2026-02-04T03:00:00
ACT00001083,REC00001507,USR002219,viewed,viewed,2026-08-30T22:00:00
ACT00001084,REC00001508,USR002221,viewed,viewed,2026-06-09T11:00:00
ACT00001085,REC00001509,USR002223,dismissed,dismissed,2026-09-18T01:00:00
ACT00001086,REC00001512,USR002227,viewed,viewed,2026-08-18T11:00:00
ACT00001087,REC00001513,USR002228,completed,completed,2026-04-15T18:00:00
ACT00001088,REC00001514,USR002230,dismissed,dismissed,2026-06-16T22:00:00
ACT00001089,REC00001516,USR002232,acknowledged,acknowledged,2026-04-17T21:00:00
ACT00001090,REC00001517,USR002235,dismissed,dismissed,2026-04-27T05:00:00
ACT00001091,REC00001518,USR002236,completed,completed,2026-06-08T23:00:00
ACT00001092,REC00001519,USR002237,viewed,viewed,2026-05-03T13:00:00
ACT00001093,REC00001520,USR002238,viewed,viewed,2026-06-20T05:00:00
ACT00001094,REC00001522,USR002239,viewed,viewed,2026-04-23T16:00:00
ACT00001095,REC00001523,USR002240,viewed,viewed,2026-06-19T09:00:00
ACT00001096,REC00001524,USR002241,viewed,viewed,2026-09-10T16:00:00
ACT00001097,REC00001525,USR002241,viewed,viewed,2026-05-26T00:00:00
ACT00001098,REC00001526,USR002242,completed,completed,2026-03-30T12:00:00
ACT00001099,REC00001527,USR002244,viewed,viewed,2026-04-19T21:00:00
ACT00001100,REC00001528,USR002245,viewed,viewed,2026-06-17T11:00:00
ACT00001101,REC00001532,USR002251,viewed,viewed,2026-09-05T01:00:00
ACT00001102,REC00001534,USR002255,completed,completed,2026-07-18T04:00:00
ACT00001103,REC00001537,USR002257,acknowledged,acknowledged,2026-01-25T18:00:00
ACT00001104,REC00001538,USR002258,viewed,viewed,2026-09-15T01:00:00
ACT00001105,REC00001539,USR002261,acknowledged,acknowledged,2026-05-28T23:00:00
ACT00001106,REC00001540,USR002262,completed,completed,2026-06-17T15:00:00
ACT00001107,REC00001541,USR002263,viewed,viewed,2026-07-10T16:00:00
ACT00001108,REC00001542,USR002266,viewed,viewed,2026-05-26T14:00:00
ACT00001109,REC00001543,USR002267,dismissed,dismissed,2026-07-15T21:00:00
ACT00001110,REC00001545,USR002269,acknowledged,acknowledged,2026-04-14T11:00:00
ACT00001111,REC00001547,USR002271,completed,completed,2026-06-17T13:00:00
ACT00001112,REC00001548,USR002272,acknowledged,acknowledged,2026-03-28T16:00:00
ACT00001113,REC00001550,USR002274,dismissed,dismissed,2026-08-22T13:00:00
ACT00001114,REC00001551,USR002274,viewed,viewed,2026-09-16T08:00:00
ACT00001115,REC00001552,USR002275,acknowledged,acknowledged,2026-04-18T13:00:00
ACT00001116,REC00001553,USR002276,completed,completed,2026-04-25T10:00:00
ACT00001117,REC00001554,USR002278,viewed,viewed,2026-05-22T15:00:00
ACT00001118,REC00001555,USR002279,completed,completed,2026-07-03T09:00:00
ACT00001119,REC00001556,USR002280,viewed,viewed,2026-04-10T08:00:00
ACT00001120,REC00001558,USR002281,acknowledged,acknowledged,2026-08-23T08:00:00
ACT00001121,REC00001559,USR002284,dismissed,dismissed,2026-09-15T14:00:00
ACT00001122,REC00001561,USR002287,completed,completed,2026-09-14T18:00:00
ACT00001123,REC00001563,USR002289,viewed,viewed,2026-05-21T09:00:00
ACT00001124,REC00001564,USR002290,viewed,viewed,2026-09-01T00:00:00
ACT00001125,REC00001565,USR002291,acknowledged,acknowledged,2026-07-27T11:00:00
ACT00001126,REC00001568,USR002293,viewed,viewed,2026-09-15T22:00:00
ACT00001127,REC00001569,USR002294,viewed,viewed,2026-07-31T01:00:00
ACT00001128,REC00001571,USR002296,viewed,viewed,2026-09-16T11:00:00
ACT00001129,REC00001572,USR002297,completed,completed,2026-03-17T02:00:00
ACT00001130,REC00001573,USR002298,viewed,viewed,2025-12-23T16:00:00
ACT00001131,REC00001574,USR002299,viewed,viewed,2026-05-07T00:00:00
ACT00001132,REC00001575,USR002302,viewed,viewed,2026-05-04T14:00:00
ACT00001133,REC00001576,USR002302,completed,completed,2026-04-26T11:00:00
ACT00001134,REC00001577,USR002303,dismissed,dismissed,2026-07-07T02:00:00
ACT00001135,REC00001578,USR002304,viewed,viewed,2026-02-19T11:00:00
ACT00001136,REC00001579,USR002305,viewed,viewed,2026-08-05T15:00:00
ACT00001137,REC00001580,USR002306,viewed,viewed,2026-07-17T10:00:00
ACT00001138,REC00001581,USR002308,acknowledged,acknowledged,2026-06-09T02:00:00
ACT00001139,REC00001582,USR002310,completed,completed,2026-07-26T13:00:00
ACT00001140,REC00001583,USR002316,viewed,viewed,2026-06-10T11:00:00
ACT00001141,REC00001585,USR002318,acknowledged,acknowledged,2026-07-01T17:00:00
ACT00001142,REC00001586,USR002319,acknowledged,acknowledged,2026-06-10T18:00:00
ACT00001143,REC00001587,USR002319,dismissed,dismissed,2026-09-16T14:00:00
ACT00001144,REC00001588,USR002321,viewed,viewed,2026-04-15T18:00:00
ACT00001145,REC00001589,USR002322,acknowledged,acknowledged,2026-05-01T04:00:00
ACT00001146,REC00001590,USR002325,viewed,viewed,2026-05-10T17:00:00
ACT00001147,REC00001592,USR002329,viewed,viewed,2026-06-10T14:00:00
ACT00001148,REC00001593,USR002329,completed,completed,2026-07-29T22:00:00
ACT00001149,REC00001594,USR002331,completed,completed,2026-06-18T15:00:00
ACT00001150,REC00001595,USR002333,viewed,viewed,2026-09-18T11:00:00
ACT00001151,REC00001597,USR002335,completed,completed,2026-09-14T14:00:00
ACT00001152,REC00001601,USR002340,acknowledged,acknowledged,2026-07-15T11:00:00
ACT00001153,REC00001602,USR002342,dismissed,dismissed,2026-02-05T00:00:00
ACT00001154,REC00001603,USR002344,acknowledged,acknowledged,2026-01-04T19:00:00
ACT00001155,REC00001604,USR002349,viewed,viewed,2026-07-04T16:00:00
ACT00001156,REC00001605,USR002352,dismissed,dismissed,2026-06-16T19:00:00
ACT00001157,REC00001606,USR002353,acknowledged,acknowledged,2026-05-26T04:00:00
ACT00001158,REC00001607,USR002355,viewed,viewed,2026-09-17T19:00:00
ACT00001159,REC00001608,USR002356,completed,completed,2026-09-13T22:00:00
ACT00001160,REC00001609,USR002357,acknowledged,acknowledged,2026-08-17T18:00:00
ACT00001161,REC00001610,USR002359,viewed,viewed,2026-09-17T21:00:00
ACT00001162,REC00001611,USR002360,dismissed,dismissed,2026-04-14T10:00:00
ACT00001163,REC00001612,USR002362,completed,completed,2026-07-14T15:00:00
ACT00001164,REC00001614,USR002365,completed,completed,2026-08-30T08:00:00
ACT00001165,REC00001615,USR002367,viewed,viewed,2026-03-08T01:00:00
ACT00001166,REC00001616,USR002371,viewed,viewed,2026-06-11T04:00:00
ACT00001167,REC00001617,USR002372,acknowledged,acknowledged,2026-09-05T21:00:00
ACT00001168,REC00001619,USR002374,viewed,viewed,2026-08-13T22:00:00
ACT00001169,REC00001620,USR002374,viewed,viewed,2026-07-06T09:00:00
ACT00001170,REC00001623,USR002380,dismissed,dismissed,2026-04-19T04:00:00
ACT00001171,REC00001624,USR002380,viewed,viewed,2026-04-08T18:00:00
ACT00001172,REC00001625,USR002382,acknowledged,acknowledged,2026-08-16T17:00:00
ACT00001173,REC00001626,USR002382,dismissed,dismissed,2026-05-29T20:00:00
ACT00001174,REC00001627,USR002384,completed,completed,2026-06-01T12:00:00
ACT00001175,REC00001628,USR002384,viewed,viewed,2026-01-30T03:00:00
ACT00001176,REC00001629,USR002385,acknowledged,acknowledged,2026-05-28T15:00:00
ACT00001177,REC00001630,USR002387,completed,completed,2026-05-29T10:00:00
ACT00001178,REC00001631,USR002388,acknowledged,acknowledged,2026-08-13T14:00:00
ACT00001179,REC00001632,USR002389,acknowledged,acknowledged,2026-05-22T12:00:00
ACT00001180,REC00001635,USR002395,acknowledged,acknowledged,2026-06-23T04:00:00
ACT00001181,REC00001637,USR002399,dismissed,dismissed,2026-04-23T13:00:00
ACT00001182,REC00001638,USR002400,viewed,viewed,2026-04-21T01:00:00
ACT00001183,REC00001641,USR002408,completed,completed,2026-08-17T15:00:00
ACT00001184,REC00001642,USR002411,acknowledged,acknowledged,2026-09-15T12:00:00
ACT00001185,REC00001643,USR002412,viewed,viewed,2026-07-17T07:00:00
ACT00001186,REC00001644,USR002413,viewed,viewed,2026-07-18T23:00:00
ACT00001187,REC00001645,USR002416,viewed,viewed,2026-09-17T07:00:00
ACT00001188,REC00001646,USR002417,acknowledged,acknowledged,2026-09-17T10:00:00
ACT00001189,REC00001647,USR002418,viewed,viewed,2026-07-04T18:00:00
ACT00001190,REC00001648,USR002419,completed,completed,2026-09-17T02:00:00
ACT00001191,REC00001649,USR002423,dismissed,dismissed,2026-09-16T15:00:00
ACT00001192,REC00001650,USR002423,viewed,viewed,2026-09-17T20:00:00
ACT00001193,REC00001651,USR002425,dismissed,dismissed,2026-09-15T11:00:00
ACT00001194,REC00001652,USR002426,viewed,viewed,2026-08-07T22:00:00
ACT00001195,REC00001653,USR002427,viewed,viewed,2026-07-13T00:00:00
ACT00001196,REC00001656,USR002431,completed,completed,2026-09-17T12:00:00
ACT00001197,REC00001657,USR002432,viewed,viewed,2026-04-23T15:00:00
ACT00001198,REC00001658,USR002432,acknowledged,acknowledged,2026-08-14T05:00:00
ACT00001199,REC00001659,USR002433,viewed,viewed,2026-05-10T07:00:00
ACT00001200,REC00001660,USR002433,acknowledged,acknowledged,2026-07-12T06:00:00
ACT00001201,REC00001661,USR002434,viewed,viewed,2026-01-28T00:00:00
ACT00001202,REC00001662,USR002435,viewed,viewed,2026-09-15T19:00:00
ACT00001203,REC00001664,USR002439,completed,completed,2026-09-15T08:00:00
ACT00001204,REC00001665,USR002442,viewed,viewed,2026-03-20T13:00:00
ACT00001205,REC00001667,USR002443,completed,completed,2026-02-19T00:00:00
ACT00001206,REC00001669,USR002444,completed,completed,2026-05-26T21:00:00
ACT00001207,REC00001670,USR002447,completed,completed,2026-02-28T19:00:00
ACT00001208,REC00001671,USR002448,acknowledged,acknowledged,2026-05-24T01:00:00
ACT00001209,REC00001672,USR002449,viewed,viewed,2026-01-26T18:00:00
ACT00001210,REC00001673,USR002450,viewed,viewed,2026-06-30T04:00:00
ACT00001211,REC00001676,USR002455,dismissed,dismissed,2026-07-09T10:00:00
ACT00001212,REC00001679,USR002464,completed,completed,2026-04-26T03:00:00
ACT00001213,REC00001680,USR002465,viewed,viewed,2026-04-06T03:00:00
ACT00001214,REC00001682,USR002467,acknowledged,acknowledged,2026-01-31T02:00:00
ACT00001215,REC00001683,USR002467,viewed,viewed,2025-12-25T14:00:00
ACT00001216,REC00001684,USR002469,acknowledged,acknowledged,2026-07-10T13:00:00
ACT00001217,REC00001686,USR002474,completed,completed,2026-05-01T20:00:00
ACT00001218,REC00001687,USR002477,dismissed,dismissed,2026-04-04T14:00:00
ACT00001219,REC00001689,USR002481,acknowledged,acknowledged,2026-04-04T20:00:00
ACT00001220,REC00001690,USR002481,completed,completed,2026-04-27T16:00:00
ACT00001221,REC00001691,USR002483,acknowledged,acknowledged,2026-07-21T19:00:00
ACT00001222,REC00001692,USR002485,acknowledged,acknowledged,2026-07-15T00:00:00
ACT00001223,REC00001694,USR002488,acknowledged,acknowledged,2026-04-13T23:00:00
ACT00001224,REC00001695,USR002490,acknowledged,acknowledged,2026-07-31T00:00:00
ACT00001225,REC00001696,USR002490,completed,completed,2026-09-16T11:00:00
ACT00001226,REC00001697,USR002492,viewed,viewed,2026-05-30T05:00:00
ACT00001227,REC00001700,USR002496,acknowledged,acknowledged,2026-06-30T09:00:00
ACT00001228,REC00001702,USR002501,viewed,viewed,2026-09-18T02:00:00
ACT00001229,REC00001703,USR002502,acknowledged,acknowledged,2026-08-24T21:00:00
ACT00001230,REC00001705,USR002505,completed,completed,2026-07-20T16:00:00
ACT00001231,REC00001707,USR002506,viewed,viewed,2026-05-30T18:00:00
ACT00001232,REC00001710,USR002514,dismissed,dismissed,2026-03-10T19:00:00
ACT00001233,REC00001711,USR002516,completed,completed,2026-08-06T11:00:00
ACT00001234,REC00001713,USR002519,viewed,viewed,2026-05-21T18:00:00
ACT00001235,REC00001714,USR002520,viewed,viewed,2026-03-26T14:00:00
ACT00001236,REC00001716,USR002524,viewed,viewed,2026-03-27T01:00:00
ACT00001237,REC00001717,USR002525,viewed,viewed,2026-06-19T01:00:00
ACT00001238,REC00001718,USR002526,viewed,viewed,2026-02-25T11:00:00
ACT00001239,REC00001719,USR002527,viewed,viewed,2026-02-24T23:00:00
ACT00001240,REC00001720,USR002528,completed,completed,2026-04-20T13:00:00
ACT00001241,REC00001722,USR002529,completed,completed,2026-04-21T18:00:00
ACT00001242,REC00001723,USR002531,dismissed,dismissed,2026-09-17T00:00:00
ACT00001243,REC00001725,USR002536,viewed,viewed,2026-08-26T19:00:00
ACT00001244,REC00001726,USR002539,viewed,viewed,2026-03-07T13:00:00
ACT00001245,REC00001728,USR002543,completed,completed,2026-06-21T14:00:00
ACT00001246,REC00001730,USR002548,viewed,viewed,2026-09-16T09:00:00
ACT00001247,REC00001731,USR002555,completed,completed,2026-04-12T20:00:00
ACT00001248,REC00001732,USR002555,acknowledged,acknowledged,2026-01-18T17:00:00
ACT00001249,REC00001733,USR002556,completed,completed,2026-09-16T12:00:00
ACT00001250,REC00001734,USR002558,viewed,viewed,2026-06-12T08:00:00
ACT00001251,REC00001735,USR002560,dismissed,dismissed,2026-03-06T04:00:00
ACT00001252,REC00001737,USR002563,viewed,viewed,2026-05-18T00:00:00
ACT00001253,REC00001738,USR002563,completed,completed,2026-07-23T23:00:00
ACT00001254,REC00001739,USR002567,acknowledged,acknowledged,2026-07-19T15:00:00
ACT00001255,REC00001740,USR002569,dismissed,dismissed,2026-07-11T15:00:00
ACT00001256,REC00001741,USR002570,viewed,viewed,2026-07-27T18:00:00
ACT00001257,REC00001742,USR002571,viewed,viewed,2026-04-15T22:00:00
ACT00001258,REC00001743,USR002572,viewed,viewed,2026-03-07T20:00:00
ACT00001259,REC00001744,USR002572,dismissed,dismissed,2026-05-31T14:00:00
ACT00001260,REC00001745,USR002574,dismissed,dismissed,2026-02-18T02:00:00
ACT00001261,REC00001746,USR002580,viewed,viewed,2026-05-18T07:00:00
ACT00001262,REC00001747,USR002583,viewed,viewed,2026-06-20T07:00:00
ACT00001263,REC00001748,USR002585,viewed,viewed,2026-04-04T20:00:00
ACT00001264,REC00001749,USR002586,completed,completed,2026-09-16T09:00:00
ACT00001265,REC00001752,USR002591,viewed,viewed,2026-09-15T13:00:00
ACT00001266,REC00001754,USR002594,viewed,viewed,2026-04-30T10:00:00
ACT00001267,REC00001755,USR002596,completed,completed,2026-04-24T02:00:00
ACT00001268,REC00001756,USR002597,completed,completed,2026-06-09T19:00:00
ACT00001269,REC00001757,USR002598,completed,completed,2026-08-16T10:00:00
ACT00001270,REC00001758,USR002601,dismissed,dismissed,2026-03-15T01:00:00
ACT00001271,REC00001759,USR002602,viewed,viewed,2026-08-26T10:00:00
ACT00001272,REC00001760,USR002604,dismissed,dismissed,2026-06-29T18:00:00
ACT00001273,REC00001761,USR002609,acknowledged,acknowledged,2026-04-24T06:00:00
ACT00001274,REC00001762,USR002610,completed,completed,2026-02-16T22:00:00
ACT00001275,REC00001763,USR002611,viewed,viewed,2026-08-01T09:00:00
ACT00001276,REC00001765,USR002617,viewed,viewed,2026-04-02T07:00:00
ACT00001277,REC00001768,USR002622,viewed,viewed,2026-09-16T18:00:00
ACT00001278,REC00001769,USR002622,completed,completed,2026-06-20T20:00:00
ACT00001279,REC00001770,USR002623,viewed,viewed,2026-08-14T21:00:00
ACT00001280,REC00001771,USR002624,completed,completed,2026-05-12T17:00:00
ACT00001281,REC00001772,USR002625,completed,completed,2026-05-08T08:00:00
ACT00001282,REC00001773,USR002626,dismissed,dismissed,2026-05-28T16:00:00
ACT00001283,REC00001775,USR002628,viewed,viewed,2026-02-23T11:00:00
ACT00001284,REC00001776,USR002629,completed,completed,2026-05-15T17:00:00
ACT00001285,REC00001777,USR002630,viewed,viewed,2026-06-18T20:00:00
ACT00001286,REC00001778,USR002634,viewed,viewed,2026-05-18T15:00:00
ACT00001287,REC00001781,USR002637,completed,completed,2026-09-01T14:00:00
ACT00001288,REC00001782,USR002638,viewed,viewed,2026-04-05T01:00:00
ACT00001289,REC00001783,USR002639,acknowledged,acknowledged,2026-06-23T19:00:00
ACT00001290,REC00001785,USR002641,viewed,viewed,2026-08-06T10:00:00
ACT00001291,REC00001786,USR002643,acknowledged,acknowledged,2026-05-09T05:00:00
ACT00001292,REC00001787,USR002643,viewed,viewed,2026-09-16T08:00:00
ACT00001293,REC00001790,USR002649,viewed,viewed,2026-05-12T13:00:00
ACT00001294,REC00001791,USR002650,acknowledged,acknowledged,2026-08-16T22:00:00
ACT00001295,REC00001792,USR002651,viewed,viewed,2026-05-07T14:00:00
ACT00001296,REC00001793,USR002652,viewed,viewed,2026-04-30T11:00:00
ACT00001297,REC00001795,USR002654,dismissed,dismissed,2026-09-05T08:00:00
ACT00001298,REC00001796,USR002656,viewed,viewed,2026-07-22T19:00:00
ACT00001299,REC00001797,USR002657,completed,completed,2026-04-27T07:00:00
ACT00001300,REC00001798,USR002659,completed,completed,2026-07-13T04:00:00
ACT00001301,REC00001799,USR002661,completed,completed,2026-09-17T03:00:00
ACT00001302,REC00001800,USR002662,completed,completed,2026-06-07T03:00:00
ACT00001303,REC00001801,USR002663,completed,completed,2026-08-03T09:00:00
ACT00001304,REC00001803,USR002666,dismissed,dismissed,2026-06-07T13:00:00
ACT00001305,REC00001804,USR002667,viewed,viewed,2026-07-04T18:00:00
ACT00001306,REC00001806,USR002669,viewed,viewed,2026-07-31T01:00:00
ACT00001307,REC00001807,USR002670,viewed,viewed,2026-02-18T00:00:00
ACT00001308,REC00001808,USR002671,acknowledged,acknowledged,2026-07-30T21:00:00
ACT00001309,REC00001809,USR002674,viewed,viewed,2026-04-23T15:00:00
ACT00001310,REC00001810,USR002675,completed,completed,2026-04-22T03:00:00
ACT00001311,REC00001811,USR002679,viewed,viewed,2026-07-04T02:00:00
ACT00001312,REC00001813,USR002680,acknowledged,acknowledged,2026-02-18T03:00:00
ACT00001313,REC00001815,USR002682,dismissed,dismissed,2026-04-10T10:00:00
ACT00001314,REC00001817,USR002687,viewed,viewed,2026-05-19T16:00:00
ACT00001315,REC00001818,USR002688,viewed,viewed,2026-09-15T20:00:00
ACT00001316,REC00001820,USR002690,viewed,viewed,2026-03-27T22:00:00
ACT00001317,REC00001821,USR002691,completed,completed,2026-06-21T11:00:00
ACT00001318,REC00001823,USR002692,acknowledged,acknowledged,2026-07-02T11:00:00
ACT00001319,REC00001827,USR002696,dismissed,dismissed,2026-07-23T16:00:00
ACT00001320,REC00001828,USR002697,viewed,viewed,2026-09-17T06:00:00
ACT00001321,REC00001829,USR002697,acknowledged,acknowledged,2026-08-24T03:00:00
ACT00001322,REC00001831,USR002698,dismissed,dismissed,2026-09-13T17:00:00
ACT00001323,REC00001832,USR002701,acknowledged,acknowledged,2026-02-16T04:00:00
ACT00001324,REC00001833,USR002702,dismissed,dismissed,2026-06-22T18:00:00
ACT00001325,REC00001837,USR002706,viewed,viewed,2026-04-08T02:00:00
ACT00001326,REC00001838,USR002707,acknowledged,acknowledged,2026-08-08T14:00:00
ACT00001327,REC00001839,USR002708,viewed,viewed,2026-07-05T10:00:00
ACT00001328,REC00001842,USR002712,viewed,viewed,2026-09-02T20:00:00
ACT00001329,REC00001843,USR002713,dismissed,dismissed,2026-06-08T15:00:00
ACT00001330,REC00001844,USR002714,acknowledged,acknowledged,2026-09-16T01:00:00
ACT00001331,REC00001848,USR002723,completed,completed,2026-08-16T10:00:00
ACT00001332,REC00001849,USR002724,viewed,viewed,2026-07-05T08:00:00
ACT00001333,REC00001850,USR002727,viewed,viewed,2026-06-17T16:00:00
ACT00001334,REC00001851,USR002728,viewed,viewed,2026-04-11T08:00:00
ACT00001335,REC00001853,USR002733,viewed,viewed,2026-09-18T10:00:00
ACT00001336,REC00001854,USR002734,acknowledged,acknowledged,2026-09-01T08:00:00
ACT00001337,REC00001855,USR002736,viewed,viewed,2026-05-04T13:00:00
ACT00001338,REC00001856,USR002738,completed,completed,2026-09-16T08:00:00
ACT00001339,REC00001859,USR002744,viewed,viewed,2026-09-14T17:00:00
ACT00001340,REC00001860,USR002745,viewed,viewed,2026-05-19T23:00:00
ACT00001341,REC00001861,USR002746,acknowledged,acknowledged,2026-08-15T10:00:00
ACT00001342,REC00001862,USR002748,viewed,viewed,2026-09-10T22:00:00
ACT00001343,REC00001863,USR002751,viewed,viewed,2026-08-19T01:00:00
ACT00001344,REC00001864,USR002752,viewed,viewed,2026-08-07T14:00:00
ACT00001345,REC00001865,USR002754,viewed,viewed,2026-09-14T17:00:00
ACT00001346,REC00001866,USR002755,viewed,viewed,2026-04-01T10:00:00
ACT00001347,REC00001867,USR002755,viewed,viewed,2026-03-28T15:00:00
ACT00001348,REC00001869,USR002757,viewed,viewed,2026-03-21T21:00:00
ACT00001349,REC00001870,USR002758,completed,completed,2026-02-02T07:00:00
ACT00001350,REC00001873,USR002762,viewed,viewed,2026-06-21T08:00:00
ACT00001351,REC00001874,USR002768,acknowledged,acknowledged,2026-06-24T17:00:00
ACT00001352,REC00001875,USR002770,viewed,viewed,2026-04-04T23:00:00
ACT00001353,REC00001879,USR002775,viewed,viewed,2026-08-19T14:00:00
ACT00001354,REC00001880,USR002776,dismissed,dismissed,2026-09-18T01:00:00
ACT00001355,REC00001881,USR002776,viewed,viewed,2026-09-14T21:00:00
ACT00001356,REC00001882,USR002778,dismissed,dismissed,2026-06-30T21:00:00
ACT00001357,REC00001883,USR002779,dismissed,dismissed,2026-05-19T09:00:00
ACT00001358,REC00001884,USR002780,viewed,viewed,2026-04-05T12:00:00
ACT00001359,REC00001885,USR002780,dismissed,dismissed,2026-09-16T08:00:00
ACT00001360,REC00001886,USR002781,completed,completed,2026-05-24T23:00:00
ACT00001361,REC00001887,USR002789,viewed,viewed,2026-05-31T21:00:00
ACT00001362,REC00001890,USR002793,viewed,viewed,2026-08-08T19:00:00
ACT00001363,REC00001891,USR002794,acknowledged,acknowledged,2026-09-17T21:00:00
ACT00001364,REC00001892,USR002800,completed,completed,2026-09-17T21:00:00
ACT00001365,REC00001893,USR002801,completed,completed,2026-03-12T02:00:00
ACT00001366,REC00001895,USR002802,viewed,viewed,2026-04-27T05:00:00
ACT00001367,REC00001896,USR002803,viewed,viewed,2026-05-25T14:00:00
ACT00001368,REC00001897,USR002804,viewed,viewed,2026-09-17T18:00:00
ACT00001369,REC00001898,USR002806,dismissed,dismissed,2026-04-15T08:00:00
ACT00001370,REC00001901,USR002810,viewed,viewed,2026-03-28T11:00:00
ACT00001371,REC00001902,USR002811,completed,completed,2026-05-08T17:00:00
ACT00001372,REC00001903,USR002812,completed,completed,2026-05-30T13:00:00
ACT00001373,REC00001904,USR002814,acknowledged,acknowledged,2026-08-10T15:00:00
ACT00001374,REC00001905,USR002817,acknowledged,acknowledged,2026-05-18T23:00:00
ACT00001375,REC00001907,USR002819,viewed,viewed,2026-08-12T16:00:00
ACT00001376,REC00001908,USR002819,completed,completed,2026-08-20T01:00:00
ACT00001377,REC00001910,USR002824,acknowledged,acknowledged,2026-09-15T11:00:00
ACT00001378,REC00001912,USR002829,viewed,viewed,2026-06-02T21:00:00
ACT00001379,REC00001913,USR002830,viewed,viewed,2026-05-28T20:00:00
ACT00001380,REC00001914,USR002832,viewed,viewed,2026-04-07T23:00:00
ACT00001381,REC00001916,USR002837,viewed,viewed,2026-04-03T23:00:00
ACT00001382,REC00001917,USR002838,viewed,viewed,2026-05-14T20:00:00
ACT00001383,REC00001918,USR002840,completed,completed,2026-05-20T15:00:00
ACT00001384,REC00001919,USR002841,completed,completed,2026-07-10T04:00:00
ACT00001385,REC00001920,USR002842,dismissed,dismissed,2026-09-17T06:00:00
ACT00001386,REC00001921,USR002843,dismissed,dismissed,2026-08-09T07:00:00
ACT00001387,REC00001922,USR002844,completed,completed,2026-04-04T01:00:00
ACT00001388,REC00001923,USR002846,viewed,viewed,2026-07-17T23:00:00
ACT00001389,REC00001924,USR002847,viewed,viewed,2026-05-13T12:00:00
ACT00001390,REC00001926,USR002853,viewed,viewed,2026-09-03T22:00:00
ACT00001391,REC00001928,USR002856,viewed,viewed,2026-03-27T04:00:00
ACT00001392,REC00001930,USR002858,viewed,viewed,2026-01-16T13:00:00
ACT00001393,REC00001931,USR002859,dismissed,dismissed,2026-04-25T19:00:00
ACT00001394,REC00001932,USR002860,viewed,viewed,2026-06-30T01:00:00
ACT00001395,REC00001933,USR002861,acknowledged,acknowledged,2026-09-16T05:00:00
ACT00001396,REC00001934,USR002861,completed,completed,2026-09-16T11:00:00
ACT00001397,REC00001935,USR002865,acknowledged,acknowledged,2026-06-12T00:00:00
ACT00001398,REC00001936,USR002865,dismissed,dismissed,2026-03-03T20:00:00
ACT00001399,REC00001937,USR002866,acknowledged,acknowledged,2026-09-16T18:00:00
ACT00001400,REC00001938,USR002866,acknowledged,acknowledged,2026-09-17T06:00:00
ACT00001401,REC00001939,USR002869,viewed,viewed,2026-06-29T06:00:00
ACT00001402,REC00001941,USR002872,viewed,viewed,2026-09-16T23:00:00
ACT00001403,REC00001943,USR002874,viewed,viewed,2026-05-15T11:00:00
ACT00001404,REC00001944,USR002874,viewed,viewed,2026-01-30T02:00:00
ACT00001405,REC00001947,USR002878,dismissed,dismissed,2026-08-10T12:00:00
ACT00001406,REC00001948,USR002879,viewed,viewed,2026-07-09T22:00:00
ACT00001407,REC00001949,USR002880,completed,completed,2026-09-16T14:00:00
ACT00001408,REC00001953,USR002886,completed,completed,2026-07-08T00:00:00
ACT00001409,REC00001954,USR002887,completed,completed,2026-06-23T12:00:00
ACT00001410,REC00001955,USR002887,viewed,viewed,2026-09-17T00:00:00
ACT00001411,REC00001957,USR002889,viewed,viewed,2026-06-12T05:00:00
ACT00001412,REC00001959,USR002891,viewed,viewed,2026-09-17T18:00:00
ACT00001413,REC00001960,USR002891,acknowledged,acknowledged,2026-07-21T23:00:00
ACT00001414,REC00001962,USR002894,acknowledged,acknowledged,2026-09-17T00:00:00
ACT00001415,REC00001963,USR002897,acknowledged,acknowledged,2026-08-20T21:00:00
ACT00001416,REC00001968,USR002906,viewed,viewed,2026-09-15T09:00:00
ACT00001417,REC00001970,USR002910,viewed,viewed,2026-07-14T04:00:00
ACT00001418,REC00001971,USR002911,acknowledged,acknowledged,2026-05-21T11:00:00
ACT00001419,REC00001972,USR002913,completed,completed,2026-04-19T13:00:00
ACT00001420,REC00001973,USR002914,dismissed,dismissed,2026-03-19T10:00:00
ACT00001421,REC00001974,USR002918,viewed,viewed,2026-04-21T09:00:00
ACT00001422,REC00001976,USR002923,acknowledged,acknowledged,2026-08-15T10:00:00
ACT00001423,REC00001977,USR002924,dismissed,dismissed,2026-06-02T03:00:00
ACT00001424,REC00001979,USR002927,acknowledged,acknowledged,2026-04-26T16:00:00
ACT00001425,REC00001980,USR002927,acknowledged,acknowledged,2026-02-04T18:00:00
ACT00001426,REC00001985,USR002936,viewed,viewed,2026-05-30T17:00:00
ACT00001427,REC00001986,USR002937,viewed,viewed,2026-08-18T20:00:00
ACT00001428,REC00001987,USR002938,dismissed,dismissed,2025-12-17T06:00:00
ACT00001429,REC00001988,USR002939,acknowledged,acknowledged,2026-09-14T16:00:00
ACT00001430,REC00001989,USR002940,dismissed,dismissed,2026-09-14T22:00:00
ACT00001431,REC00001990,USR002940,completed,completed,2026-07-22T10:00:00
ACT00001432,REC00001991,USR002941,completed,completed,2026-06-19T20:00:00
ACT00001433,REC00001992,USR002945,viewed,viewed,2026-06-17T19:00:00
ACT00001434,REC00001993,USR002946,acknowledged,acknowledged,2026-07-20T17:00:00
ACT00001435,REC00001994,USR002947,viewed,viewed,2026-07-11T09:00:00
ACT00001436,REC00001995,USR002948,viewed,viewed,2026-05-30T06:00:00
ACT00001437,REC00001996,USR002949,viewed,viewed,2026-01-22T22:00:00
ACT00001438,REC00001997,USR002950,viewed,viewed,2026-06-25T05:00:00
ACT00001439,REC00001998,USR002951,viewed,viewed,2026-08-22T06:00:00
ACT00001440,REC00001999,USR002954,completed,completed,2026-05-19T09:00:00
ACT00001441,REC00002000,USR002956,acknowledged,acknowledged,2026-08-30T23:00:00
ACT00001442,REC00002001,USR002956,viewed,viewed,2026-09-04T01:00:00
ACT00001443,REC00002003,USR002961,viewed,viewed,2026-07-08T20:00:00
ACT00001444,REC00002006,USR002965,completed,completed,2026-07-15T01:00:00
ACT00001445,REC00002007,USR002966,acknowledged,acknowledged,2026-02-05T22:00:00
ACT00001446,REC00002008,USR002967,viewed,viewed,2026-04-18T02:00:00
ACT00001447,REC00002011,USR002971,viewed,viewed,2026-01-30T04:00:00
ACT00001448,REC00002012,USR002973,acknowledged,acknowledged,2026-09-14T17:00:00
ACT00001449,REC00002013,USR002974,viewed,viewed,2026-06-25T22:00:00
ACT00001450,REC00002014,USR002975,viewed,viewed,2026-07-25T12:00:00
ACT00001451,REC00002015,USR002976,viewed,viewed,2026-09-06T14:00:00
ACT00001452,REC00002016,USR002977,viewed,viewed,2026-06-08T13:00:00
ACT00001453,REC00002017,USR002979,acknowledged,acknowledged,2026-05-21T07:00:00
ACT00001454,REC00002018,USR002981,completed,completed,2026-03-29T16:00:00
ACT00001455,REC00002022,USR002987,viewed,viewed,2026-09-17T22:00:00
ACT00001456,REC00002023,USR002987,completed,completed,2026-05-01T08:00:00
ACT00001457,REC00002024,USR002989,completed,completed,2026-09-18T11:00:00
ACT00001458,REC00002025,USR002991,acknowledged,acknowledged,2026-08-09T01:00:00
ACT00001459,REC00002026,USR002993,acknowledged,acknowledged,2026-04-11T17:00:00
ACT00001460,REC00002027,USR002994,completed,completed,2026-07-03T07:00:00
ACT00001461,REC00002029,USR002996,viewed,viewed,2026-06-28T19:00:00
ACT00001462,REC00002030,USR002997,viewed,viewed,2026-09-18T01:00:00
ACT00001463,REC00002032,USR002999,viewed,viewed,2026-01-21T00:00:00
ACT00001464,REC00002034,USR003004,viewed,viewed,2026-06-04T04:00:00
ACT00001465,REC00002036,USR003009,acknowledged,acknowledged,2026-02-27T18:00:00
ACT00001466,REC00002037,USR003010,viewed,viewed,2026-09-18T04:00:00
ACT00001467,REC00002038,USR003011,completed,completed,2026-07-27T23:00:00
ACT00001468,REC00002041,USR003015,acknowledged,acknowledged,2026-06-03T05:00:00
ACT00001469,REC00002042,USR003016,acknowledged,acknowledged,2026-08-20T03:00:00
ACT00001470,REC00002043,USR003018,viewed,viewed,2026-05-29T18:00:00
ACT00001471,REC00002044,USR003019,viewed,viewed,2026-09-04T05:00:00
ACT00001472,REC00002046,USR003021,acknowledged,acknowledged,2026-06-18T04:00:00
ACT00001473,REC00002047,USR003022,completed,completed,2026-07-12T19:00:00
ACT00001474,REC00002048,USR003024,viewed,viewed,2026-08-12T11:00:00
ACT00001475,REC00002053,USR003030,viewed,viewed,2026-02-06T13:00:00
ACT00001476,REC00002055,USR003035,viewed,viewed,2026-02-14T03:00:00
ACT00001477,REC00002056,USR003036,viewed,viewed,2026-06-21T22:00:00
ACT00001478,REC00002058,USR003037,acknowledged,acknowledged,2026-07-01T18:00:00
ACT00001479,REC00002059,USR003040,viewed,viewed,2026-09-15T10:00:00
ACT00001480,REC00002060,USR003041,acknowledged,acknowledged,2026-05-12T06:00:00
ACT00001481,REC00002061,USR003042,completed,completed,2026-02-25T12:00:00
ACT00001482,REC00002062,USR003043,viewed,viewed,2026-05-25T04:00:00
ACT00001483,REC00002063,USR003046,dismissed,dismissed,2026-07-29T17:00:00
ACT00001484,REC00002064,USR003049,dismissed,dismissed,2026-07-06T19:00:00
ACT00001485,REC00002066,USR003050,acknowledged,acknowledged,2026-09-17T14:00:00
ACT00001486,REC00002068,USR003054,viewed,viewed,2026-03-22T20:00:00
ACT00001487,REC00002069,USR003054,viewed,viewed,2026-02-06T23:00:00
ACT00001488,REC00002071,USR003057,viewed,viewed,2026-02-07T18:00:00
ACT00001489,REC00002072,USR003058,viewed,viewed,2026-04-17T15:00:00
ACT00001490,REC00002073,USR003062,completed,completed,2026-09-16T02:00:00
ACT00001491,REC00002074,USR003064,acknowledged,acknowledged,2026-09-18T05:00:00
ACT00001492,REC00002076,USR003075,viewed,viewed,2026-07-24T04:00:00
ACT00001493,REC00002077,USR003077,viewed,viewed,2026-09-15T23:00:00
ACT00001494,REC00002078,USR003078,completed,completed,2026-05-12T21:00:00
ACT00001495,REC00002079,USR003079,dismissed,dismissed,2026-06-06T10:00:00
ACT00001496,REC00002080,USR003080,viewed,viewed,2026-05-23T22:00:00
ACT00001497,REC00002081,USR003081,completed,completed,2026-05-23T23:00:00
ACT00001498,REC00002082,USR003082,dismissed,dismissed,2026-04-23T20:00:00
ACT00001499,REC00002083,USR003083,viewed,viewed,2026-07-25T12:00:00
ACT00001500,REC00002084,USR003084,completed,completed,2026-09-14T16:00:00
ACT00001501,REC00002086,USR003086,completed,completed,2026-04-27T04:00:00
ACT00001502,REC00002087,USR003087,acknowledged,acknowledged,2026-03-17T01:00:00
ACT00001503,REC00002089,USR003090,acknowledged,acknowledged,2026-07-13T17:00:00
ACT00001504,REC00002090,USR003092,completed,completed,2026-06-01T23:00:00
ACT00001505,REC00002091,USR003093,viewed,viewed,2026-05-29T12:00:00
ACT00001506,REC00002092,USR003095,acknowledged,acknowledged,2026-03-12T22:00:00
ACT00001507,REC00002093,USR003096,viewed,viewed,2026-07-15T03:00:00
ACT00001508,REC00002094,USR003097,viewed,viewed,2026-09-06T22:00:00
ACT00001509,REC00002095,USR003098,acknowledged,acknowledged,2026-02-08T14:00:00
ACT00001510,REC00002096,USR003100,viewed,viewed,2026-05-12T18:00:00
ACT00001511,REC00002097,USR003101,completed,completed,2026-08-06T15:00:00
ACT00001512,REC00002098,USR003104,viewed,viewed,2026-04-10T22:00:00
ACT00001513,REC00002099,USR003105,viewed,viewed,2026-07-21T18:00:00
ACT00001514,REC00002101,USR003107,viewed,viewed,2026-06-05T02:00:00
ACT00001515,REC00002102,USR003109,completed,completed,2026-09-16T17:00:00
ACT00001516,REC00002104,USR003113,dismissed,dismissed,2026-03-16T16:00:00
ACT00001517,REC00002105,USR003113,completed,completed,2026-02-15T10:00:00
ACT00001518,REC00002106,USR003114,acknowledged,acknowledged,2026-09-16T05:00:00
ACT00001519,REC00002108,USR003118,viewed,viewed,2026-04-19T06:00:00
ACT00001520,REC00002110,USR003121,viewed,viewed,2026-01-10T20:00:00
ACT00001521,REC00002111,USR003121,viewed,viewed,2026-05-26T09:00:00
ACT00001522,REC00002113,USR003123,viewed,viewed,2026-08-26T04:00:00
ACT00001523,REC00002114,USR003123,viewed,viewed,2026-09-15T06:00:00
ACT00001524,REC00002117,USR003127,viewed,viewed,2026-06-21T02:00:00
ACT00001525,REC00002118,USR003133,acknowledged,acknowledged,2026-07-18T10:00:00
ACT00001526,REC00002121,USR003140,viewed,viewed,2026-07-03T02:00:00
ACT00001527,REC00002124,USR003143,viewed,viewed,2026-09-15T11:00:00
ACT00001528,REC00002126,USR003146,viewed,viewed,2026-05-16T17:00:00
ACT00001529,REC00002127,USR003147,completed,completed,2026-03-16T00:00:00
ACT00001530,REC00002128,USR003149,viewed,viewed,2026-04-10T06:00:00
ACT00001531,REC00002129,USR003151,completed,completed,2026-02-16T10:00:00
ACT00001532,REC00002132,USR003156,completed,completed,2026-08-13T17:00:00
ACT00001533,REC00002133,USR003160,viewed,viewed,2026-08-06T00:00:00
ACT00001534,REC00002134,USR003160,acknowledged,acknowledged,2026-05-17T18:00:00
ACT00001535,REC00002137,USR003164,acknowledged,acknowledged,2026-08-16T03:00:00
ACT00001536,REC00002138,USR003165,viewed,viewed,2026-05-10T12:00:00
ACT00001537,REC00002139,USR003168,acknowledged,acknowledged,2026-07-28T00:00:00
ACT00001538,REC00002140,USR003169,completed,completed,2026-05-10T09:00:00
ACT00001539,REC00002142,USR003172,acknowledged,acknowledged,2026-08-05T05:00:00
ACT00001540,REC00002143,USR003174,viewed,viewed,2026-09-11T14:00:00
ACT00001541,REC00002144,USR003175,viewed,viewed,2026-04-28T00:00:00
ACT00001542,REC00002145,USR003177,completed,completed,2026-09-16T23:00:00
ACT00001543,REC00002146,USR003178,completed,completed,2026-07-06T09:00:00
ACT00001544,REC00002147,USR003179,acknowledged,acknowledged,2026-05-10T23:00:00
ACT00001545,REC00002148,USR003180,viewed,viewed,2026-04-12T02:00:00
ACT00001546,REC00002149,USR003181,completed,completed,2026-05-17T04:00:00
ACT00001547,REC00002150,USR003182,completed,completed,2026-05-05T09:00:00
ACT00001548,REC00002151,USR003184,viewed,viewed,2026-04-14T04:00:00
ACT00001549,REC00002152,USR003185,viewed,viewed,2026-04-10T15:00:00
ACT00001550,REC00002154,USR003187,acknowledged,acknowledged,2026-02-11T12:00:00
ACT00001551,REC00002157,USR003191,viewed,viewed,2026-05-28T23:00:00
ACT00001552,REC00002158,USR003194,viewed,viewed,2026-02-18T14:00:00
ACT00001553,REC00002159,USR003195,viewed,viewed,2026-05-12T11:00:00
ACT00001554,REC00002160,USR003196,viewed,viewed,2026-08-19T17:00:00
ACT00001555,REC00002161,USR003197,viewed,viewed,2026-01-01T03:00:00
ACT00001556,REC00002163,USR003200,viewed,viewed,2026-07-24T04:00:00
ACT00001557,REC00002164,USR003201,completed,completed,2026-07-15T04:00:00
ACT00001558,REC00002166,USR003207,dismissed,dismissed,2026-03-05T19:00:00
ACT00001559,REC00002167,USR003211,viewed,viewed,2026-07-20T12:00:00
ACT00001560,REC00002168,USR003212,viewed,viewed,2026-07-21T16:00:00
ACT00001561,REC00002169,USR003213,viewed,viewed,2026-06-15T08:00:00
ACT00001562,REC00002172,USR003215,completed,completed,2026-06-20T00:00:00
ACT00001563,REC00002175,USR003218,viewed,viewed,2026-07-08T05:00:00
ACT00001564,REC00002176,USR003219,completed,completed,2026-07-27T05:00:00
ACT00001565,REC00002177,USR003221,viewed,viewed,2026-07-02T09:00:00
ACT00001566,REC00002178,USR003222,dismissed,dismissed,2026-04-11T02:00:00
ACT00001567,REC00002179,USR003223,viewed,viewed,2026-05-30T17:00:00
ACT00001568,REC00002180,USR003225,acknowledged,acknowledged,2026-03-18T05:00:00
ACT00001569,REC00002181,USR003226,viewed,viewed,2026-03-13T12:00:00
ACT00001570,REC00002182,USR003227,viewed,viewed,2026-08-29T01:00:00
ACT00001571,REC00002184,USR003231,viewed,viewed,2026-05-05T20:00:00
ACT00001572,REC00002186,USR003233,viewed,viewed,2026-07-12T18:00:00
ACT00001573,REC00002190,USR003241,viewed,viewed,2026-05-14T22:00:00
ACT00001574,REC00002191,USR003242,completed,completed,2026-02-11T15:00:00
ACT00001575,REC00002192,USR003242,acknowledged,acknowledged,2026-08-12T10:00:00
ACT00001576,REC00002194,USR003244,dismissed,dismissed,2026-06-02T02:00:00
ACT00001577,REC00002195,USR003245,viewed,viewed,2026-02-23T14:00:00
ACT00001578,REC00002196,USR003246,viewed,viewed,2026-03-02T02:00:00
ACT00001579,REC00002197,USR003248,viewed,viewed,2026-02-18T23:00:00
ACT00001580,REC00002200,USR003253,viewed,viewed,2026-08-31T04:00:00
ACT00001581,REC00002201,USR003254,viewed,viewed,2026-06-17T21:00:00
ACT00001582,REC00002202,USR003255,dismissed,dismissed,2026-05-04T23:00:00
ACT00001583,REC00002204,USR003260,completed,completed,2026-07-12T09:00:00
ACT00001584,REC00002205,USR003261,completed,completed,2026-07-04T20:00:00
ACT00001585,REC00002209,USR003265,viewed,viewed,2026-06-02T07:00:00
ACT00001586,REC00002213,USR003270,dismissed,dismissed,2026-03-26T04:00:00
ACT00001587,REC00002214,USR003271,completed,completed,2026-03-24T04:00:00
ACT00001588,REC00002215,USR003273,completed,completed,2026-09-15T08:00:00
ACT00001589,REC00002217,USR003275,completed,completed,2026-01-30T23:00:00
ACT00001590,REC00002218,USR003277,dismissed,dismissed,2026-03-03T18:00:00
ACT00001591,REC00002220,USR003278,viewed,viewed,2026-05-15T21:00:00
ACT00001592,REC00002221,USR003280,viewed,viewed,2026-08-22T12:00:00
ACT00001593,REC00002222,USR003283,viewed,viewed,2026-04-14T09:00:00
ACT00001594,REC00002223,USR003284,viewed,viewed,2026-07-26T21:00:00
ACT00001595,REC00002224,USR003287,acknowledged,acknowledged,2026-03-23T03:00:00
ACT00001596,REC00002225,USR003288,acknowledged,acknowledged,2026-04-18T14:00:00
ACT00001597,REC00002226,USR003289,viewed,viewed,2026-09-09T01:00:00
ACT00001598,REC00002227,USR003290,acknowledged,acknowledged,2026-06-20T17:00:00
ACT00001599,REC00002229,USR003293,completed,completed,2026-03-11T08:00:00
ACT00001600,REC00002230,USR003294,completed,completed,2026-07-18T13:00:00
ACT00001601,REC00002231,USR003295,viewed,viewed,2026-09-14T13:00:00
ACT00001602,REC00002232,USR003298,viewed,viewed,2026-07-24T00:00:00
ACT00001603,REC00002233,USR003299,viewed,viewed,2026-04-18T11:00:00
ACT00001604,REC00002234,USR003300,completed,completed,2026-09-15T19:00:00
ACT00001605,REC00002235,USR003301,acknowledged,acknowledged,2026-03-17T14:00:00
ACT00001606,REC00002236,USR003304,viewed,viewed,2026-09-09T21:00:00
ACT00001607,REC00002240,USR003308,dismissed,dismissed,2026-09-16T18:00:00
ACT00001608,REC00002241,USR003310,viewed,viewed,2026-07-20T13:00:00
ACT00001609,REC00002243,USR003312,viewed,viewed,2026-07-09T03:00:00
ACT00001610,REC00002244,USR003314,acknowledged,acknowledged,2026-05-18T05:00:00
ACT00001611,REC00002245,USR003315,dismissed,dismissed,2026-09-05T04:00:00
ACT00001612,REC00002246,USR003316,acknowledged,acknowledged,2026-07-28T05:00:00
ACT00001613,REC00002247,USR003316,viewed,viewed,2026-05-23T06:00:00
ACT00001614,REC00002248,USR003317,acknowledged,acknowledged,2026-09-17T23:00:00
ACT00001615,REC00002249,USR003321,viewed,viewed,2026-03-12T12:00:00
ACT00001616,REC00002250,USR003322,acknowledged,acknowledged,2026-02-26T08:00:00
ACT00001617,REC00002253,USR003329,viewed,viewed,2026-09-16T03:00:00
ACT00001618,REC00002254,USR003330,acknowledged,acknowledged,2026-04-23T08:00:00
ACT00001619,REC00002255,USR003331,completed,completed,2026-08-24T07:00:00
ACT00001620,REC00002256,USR003332,viewed,viewed,2026-07-01T17:00:00
ACT00001621,REC00002257,USR003334,acknowledged,acknowledged,2026-04-27T13:00:00
ACT00001622,REC00002258,USR003337,viewed,viewed,2026-04-20T05:00:00
ACT00001623,REC00002259,USR003338,viewed,viewed,2026-09-18T05:00:00
ACT00001624,REC00002260,USR003339,viewed,viewed,2026-09-10T09:00:00
ACT00001625,REC00002261,USR003340,dismissed,dismissed,2026-07-31T19:00:00
ACT00001626,REC00002262,USR003341,completed,completed,2026-09-15T18:00:00
ACT00001627,REC00002263,USR003342,viewed,viewed,2026-08-24T21:00:00
ACT00001628,REC00002264,USR003346,acknowledged,acknowledged,2026-09-17T01:00:00
ACT00001629,REC00002265,USR003348,viewed,viewed,2026-04-12T04:00:00
ACT00001630,REC00002266,USR003349,acknowledged,acknowledged,2026-06-20T02:00:00
ACT00001631,REC00002267,USR003352,viewed,viewed,2026-08-21T17:00:00
ACT00001632,REC00002272,USR003360,viewed,viewed,2026-06-14T14:00:00
ACT00001633,REC00002273,USR003363,viewed,viewed,2026-08-22T16:00:00
ACT00001634,REC00002274,USR003367,dismissed,dismissed,2026-03-31T20:00:00
ACT00001635,REC00002276,USR003370,viewed,viewed,2026-03-22T17:00:00
ACT00001636,REC00002277,USR003372,acknowledged,acknowledged,2026-05-05T02:00:00
ACT00001637,REC00002278,USR003372,completed,completed,2026-04-30T02:00:00
ACT00001638,REC00002280,USR003376,viewed,viewed,2026-06-23T07:00:00
ACT00001639,REC00002281,USR003378,acknowledged,acknowledged,2026-05-01T03:00:00
ACT00001640,REC00002283,USR003381,dismissed,dismissed,2026-09-16T19:00:00
ACT00001641,REC00002285,USR003383,viewed,viewed,2026-06-25T00:00:00
ACT00001642,REC00002286,USR003386,viewed,viewed,2026-04-30T03:00:00
ACT00001643,REC00002287,USR003388,viewed,viewed,2026-07-22T08:00:00
ACT00001644,REC00002289,USR003394,completed,completed,2026-07-19T04:00:00
ACT00001645,REC00002292,USR003401,completed,completed,2026-02-09T10:00:00
ACT00001646,REC00002293,USR003402,viewed,viewed,2026-08-22T20:00:00
ACT00001647,REC00002295,USR003406,viewed,viewed,2026-04-22T14:00:00
ACT00001648,REC00002296,USR003408,viewed,viewed,2026-09-16T05:00:00
ACT00001649,REC00002298,USR003410,viewed,viewed,2026-06-02T08:00:00
ACT00001650,REC00002300,USR003412,viewed,viewed,2026-04-06T10:00:00
ACT00001651,REC00002301,USR003413,viewed,viewed,2026-09-03T12:00:00
ACT00001652,REC00002302,USR003415,viewed,viewed,2026-09-15T01:00:00
ACT00001653,REC00002303,USR003417,dismissed,dismissed,2026-05-31T15:00:00
ACT00001654,REC00002304,USR003418,dismissed,dismissed,2026-02-03T10:00:00
ACT00001655,REC00002308,USR003425,completed,completed,2026-08-02T13:00:00
ACT00001656,REC00002309,USR003426,dismissed,dismissed,2026-06-01T12:00:00
ACT00001657,REC00002310,USR003430,acknowledged,acknowledged,2026-02-28T16:00:00
ACT00001658,REC00002311,USR003431,completed,completed,2026-06-13T00:00:00
ACT00001659,REC00002312,USR003437,viewed,viewed,2026-02-24T03:00:00
ACT00001660,REC00002314,USR003438,viewed,viewed,2026-04-13T13:00:00
ACT00001661,REC00002315,USR003440,viewed,viewed,2026-07-06T07:00:00
ACT00001662,REC00002316,USR003442,viewed,viewed,2026-02-20T07:00:00
ACT00001663,REC00002318,USR003447,acknowledged,acknowledged,2026-05-03T12:00:00
ACT00001664,REC00002319,USR003448,viewed,viewed,2026-05-20T17:00:00
ACT00001665,REC00002320,USR003449,viewed,viewed,2026-08-06T17:00:00
ACT00001666,REC00002321,USR003451,viewed,viewed,2026-05-20T16:00:00
ACT00001667,REC00002322,USR003454,acknowledged,acknowledged,2026-04-06T12:00:00
ACT00001668,REC00002324,USR003459,dismissed,dismissed,2026-09-16T16:00:00
ACT00001669,REC00002325,USR003463,viewed,viewed,2026-07-26T21:00:00
ACT00001670,REC00002326,USR003464,completed,completed,2026-04-11T12:00:00
ACT00001671,REC00002328,USR003467,completed,completed,2026-02-26T19:00:00
ACT00001672,REC00002329,USR003468,viewed,viewed,2026-04-12T16:00:00
ACT00001673,REC00002330,USR003470,acknowledged,acknowledged,2026-03-30T21:00:00
ACT00001674,REC00002332,USR003472,acknowledged,acknowledged,2026-01-21T03:00:00
ACT00001675,REC00002333,USR003474,dismissed,dismissed,2026-04-25T04:00:00
ACT00001676,REC00002334,USR003476,viewed,viewed,2026-04-23T10:00:00
ACT00001677,REC00002336,USR003480,viewed,viewed,2026-09-15T10:00:00
ACT00001678,REC00002337,USR003482,viewed,viewed,2026-06-20T13:00:00
ACT00001679,REC00002338,USR003483,viewed,viewed,2026-04-15T19:00:00
ACT00001680,REC00002340,USR003485,completed,completed,2026-03-07T00:00:00
ACT00001681,REC00002342,USR003487,viewed,viewed,2026-03-09T11:00:00
ACT00001682,REC00002343,USR003489,dismissed,dismissed,2026-04-15T18:00:00
ACT00001683,REC00002344,USR003490,acknowledged,acknowledged,2026-04-19T07:00:00
ACT00001684,REC00002345,USR003491,acknowledged,acknowledged,2026-08-24T07:00:00
ACT00001685,REC00002346,USR003491,completed,completed,2026-04-14T12:00:00
ACT00001686,REC00002347,USR003492,dismissed,dismissed,2026-06-02T06:00:00
ACT00001687,REC00002348,USR003493,viewed,viewed,2026-08-27T18:00:00
ACT00001688,REC00002350,USR003496,viewed,viewed,2026-04-06T12:00:00
ACT00001689,REC00002351,USR003499,viewed,viewed,2026-07-25T13:00:00
ACT00001690,REC00002353,USR003501,viewed,viewed,2026-08-16T06:00:00
ACT00001691,REC00002354,USR003502,dismissed,dismissed,2026-09-16T18:00:00
ACT00001692,REC00002355,USR003503,acknowledged,acknowledged,2026-08-23T17:00:00
ACT00001693,REC00002356,USR003504,viewed,viewed,2026-04-20T15:00:00
ACT00001694,REC00002357,USR003504,viewed,viewed,2026-06-27T16:00:00
ACT00001695,REC00002358,USR003506,viewed,viewed,2026-07-05T10:00:00
ACT00001696,REC00002359,USR003507,viewed,viewed,2026-09-18T00:00:00
ACT00001697,REC00002361,USR003511,viewed,viewed,2026-04-22T16:00:00
ACT00001698,REC00002362,USR003513,viewed,viewed,2026-06-26T02:00:00
ACT00001699,REC00002365,USR003519,dismissed,dismissed,2026-06-24T23:00:00
ACT00001700,REC00002367,USR003521,viewed,viewed,2026-03-20T10:00:00
ACT00001701,REC00002368,USR003523,viewed,viewed,2026-01-27T16:00:00
ACT00001702,REC00002371,USR003528,dismissed,dismissed,2026-03-19T12:00:00
ACT00001703,REC00002372,USR003529,completed,completed,2026-03-24T03:00:00
ACT00001704,REC00002373,USR003531,viewed,viewed,2026-03-03T04:00:00
ACT00001705,REC00002374,USR003532,dismissed,dismissed,2026-05-05T02:00:00
ACT00001706,REC00002375,USR003533,acknowledged,acknowledged,2026-04-25T06:00:00
ACT00001707,REC00002376,USR003533,acknowledged,acknowledged,2026-07-18T21:00:00
ACT00001708,REC00002377,USR003535,viewed,viewed,2026-07-31T08:00:00
ACT00001709,REC00002378,USR003536,acknowledged,acknowledged,2026-08-23T10:00:00
ACT00001710,REC00002379,USR003541,acknowledged,acknowledged,2026-09-14T23:00:00
ACT00001711,REC00002380,USR003541,viewed,viewed,2026-06-18T01:00:00
ACT00001712,REC00002381,USR003542,completed,completed,2026-06-24T20:00:00
ACT00001713,REC00002382,USR003543,completed,completed,2026-09-17T22:00:00
ACT00001714,REC00002384,USR003544,viewed,viewed,2026-08-14T14:00:00
ACT00001715,REC00002385,USR003549,acknowledged,acknowledged,2026-08-06T08:00:00
ACT00001716,REC00002386,USR003550,completed,completed,2026-08-22T00:00:00
ACT00001717,REC00002387,USR003552,viewed,viewed,2026-02-13T04:00:00
ACT00001718,REC00002389,USR003555,acknowledged,acknowledged,2026-09-16T12:00:00
ACT00001719,REC00002390,USR003556,completed,completed,2026-05-07T14:00:00
ACT00001720,REC00002391,USR003558,completed,completed,2026-05-30T00:00:00
ACT00001721,REC00002393,USR003560,acknowledged,acknowledged,2026-05-31T18:00:00
ACT00001722,REC00002394,USR003561,viewed,viewed,2025-12-30T11:00:00
ACT00001723,REC00002395,USR003562,completed,completed,2026-08-04T00:00:00
ACT00001724,REC00002396,USR003563,acknowledged,acknowledged,2026-09-17T16:00:00
ACT00001725,REC00002397,USR003564,dismissed,dismissed,2026-06-08T23:00:00
ACT00001726,REC00002399,USR003567,acknowledged,acknowledged,2026-04-27T12:00:00
ACT00001727,REC00002400,USR003570,viewed,viewed,2026-06-07T23:00:00
ACT00001728,REC00002401,USR003572,acknowledged,acknowledged,2026-06-17T02:00:00
ACT00001729,REC00002403,USR003575,viewed,viewed,2026-09-17T14:00:00
ACT00001730,REC00002404,USR003578,viewed,viewed,2026-08-22T08:00:00
ACT00001731,REC00002405,USR003580,viewed,viewed,2026-03-11T13:00:00
ACT00001732,REC00002407,USR003584,viewed,viewed,2026-03-19T07:00:00
ACT00001733,REC00002408,USR003587,acknowledged,acknowledged,2026-03-25T18:00:00
ACT00001734,REC00002409,USR003588,viewed,viewed,2026-03-27T18:00:00
ACT00001735,REC00002410,USR003590,acknowledged,acknowledged,2026-07-07T14:00:00
ACT00001736,REC00002411,USR003591,viewed,viewed,2026-05-12T11:00:00
ACT00001737,REC00002412,USR003591,completed,completed,2026-08-01T10:00:00
ACT00001738,REC00002414,USR003593,viewed,viewed,2026-06-29T19:00:00
ACT00001739,REC00002415,USR003596,acknowledged,acknowledged,2026-03-27T15:00:00
ACT00001740,REC00002416,USR003597,completed,completed,2026-03-25T03:00:00
ACT00001741,REC00002417,USR003598,viewed,viewed,2026-05-21T01:00:00
ACT00001742,REC00002418,USR003599,viewed,viewed,2026-05-30T00:00:00
ACT00001743,REC00002419,USR003600,viewed,viewed,2026-09-17T08:00:00
ACT00001744,REC00002423,USR003609,acknowledged,acknowledged,2026-07-01T05:00:00
ACT00001745,REC00002424,USR003610,completed,completed,2026-07-14T10:00:00
ACT00001746,REC00002425,USR003610,viewed,viewed,2026-09-15T20:00:00
ACT00001747,REC00002426,USR003611,dismissed,dismissed,2026-03-21T21:00:00
ACT00001748,REC00002427,USR003612,viewed,viewed,2026-06-16T15:00:00
ACT00001749,REC00002428,USR003613,viewed,viewed,2026-05-12T22:00:00
ACT00001750,REC00002431,USR003616,dismissed,dismissed,2026-03-11T20:00:00
ACT00001751,REC00002433,USR003619,viewed,viewed,2026-06-14T20:00:00
ACT00001752,REC00002435,USR003620,acknowledged,acknowledged,2026-05-08T06:00:00
ACT00001753,REC00002436,USR003622,acknowledged,acknowledged,2026-09-15T20:00:00
ACT00001754,REC00002437,USR003622,viewed,viewed,2026-08-22T11:00:00
ACT00001755,REC00002438,USR003623,acknowledged,acknowledged,2026-06-04T16:00:00
ACT00001756,REC00002440,USR003625,dismissed,dismissed,2026-04-07T09:00:00
ACT00001757,REC00002441,USR003625,completed,completed,2026-02-04T15:00:00
ACT00001758,REC00002442,USR003626,viewed,viewed,2026-06-04T04:00:00
ACT00001759,REC00002443,USR003628,viewed,viewed,2026-09-10T18:00:00
ACT00001760,REC00002444,USR003629,dismissed,dismissed,2026-07-02T16:00:00
ACT00001761,REC00002445,USR003630,viewed,viewed,2026-06-29T22:00:00
ACT00001762,REC00002446,USR003631,acknowledged,acknowledged,2026-09-16T21:00:00
ACT00001763,REC00002449,USR003635,completed,completed,2026-07-01T00:00:00
ACT00001764,REC00002451,USR003636,dismissed,dismissed,2026-03-22T06:00:00
ACT00001765,REC00002452,USR003637,viewed,viewed,2026-08-14T08:00:00
ACT00001766,REC00002453,USR003639,completed,completed,2026-09-16T15:00:00
ACT00001767,REC00002454,USR003640,viewed,viewed,2026-07-19T14:00:00
ACT00001768,REC00002455,USR003642,viewed,viewed,2026-09-08T19:00:00
ACT00001769,REC00002456,USR003644,dismissed,dismissed,2026-04-27T05:00:00
ACT00001770,REC00002457,USR003646,viewed,viewed,2026-07-16T10:00:00
ACT00001771,REC00002458,USR003647,acknowledged,acknowledged,2026-07-17T20:00:00
ACT00001772,REC00002459,USR003651,viewed,viewed,2026-02-17T13:00:00
ACT00001773,REC00002461,USR003652,acknowledged,acknowledged,2026-06-07T10:00:00
ACT00001774,REC00002462,USR003653,viewed,viewed,2026-04-16T01:00:00
ACT00001775,REC00002463,USR003657,viewed,viewed,2026-08-02T17:00:00
ACT00001776,REC00002464,USR003658,completed,completed,2026-04-30T01:00:00
ACT00001777,REC00002466,USR003661,viewed,viewed,2026-07-07T09:00:00
ACT00001778,REC00002467,USR003662,completed,completed,2026-06-30T21:00:00
ACT00001779,REC00002468,USR003663,viewed,viewed,2026-07-19T18:00:00
ACT00001780,REC00002469,USR003665,dismissed,dismissed,2026-06-15T13:00:00
ACT00001781,REC00002470,USR003666,viewed,viewed,2026-05-24T15:00:00
ACT00001782,REC00002472,USR003670,viewed,viewed,2026-03-11T22:00:00
ACT00001783,REC00002475,USR003674,completed,completed,2026-05-25T09:00:00
ACT00001784,REC00002477,USR003677,viewed,viewed,2026-06-23T05:00:00
ACT00001785,REC00002480,USR003680,dismissed,dismissed,2026-05-09T18:00:00
ACT00001786,REC00002481,USR003681,viewed,viewed,2026-02-07T16:00:00
ACT00001787,REC00002482,USR003681,dismissed,dismissed,2026-07-27T15:00:00
ACT00001788,REC00002483,USR003685,viewed,viewed,2026-04-30T01:00:00
ACT00001789,REC00002485,USR003688,viewed,viewed,2026-08-05T18:00:00
ACT00001790,REC00002486,USR003688,viewed,viewed,2026-08-23T02:00:00
ACT00001791,REC00002488,USR003690,completed,completed,2026-06-10T01:00:00
ACT00001792,REC00002489,USR003696,acknowledged,acknowledged,2026-09-16T23:00:00
ACT00001793,REC00002490,USR003696,completed,completed,2026-07-19T21:00:00
ACT00001794,REC00002491,USR003699,viewed,viewed,2026-03-26T03:00:00
ACT00001795,REC00002496,USR003714,viewed,viewed,2026-07-01T12:00:00
ACT00001796,REC00002497,USR003716,completed,completed,2026-04-21T16:00:00
ACT00001797,REC00002498,USR003718,viewed,viewed,2026-09-15T18:00:00
ACT00001798,REC00002499,USR003719,viewed,viewed,2026-09-17T03:00:00
ACT00001799,REC00002502,USR003722,viewed,viewed,2026-09-14T19:00:00
ACT00001800,REC00002503,USR003725,acknowledged,acknowledged,2026-06-02T02:00:00
ACT00001801,REC00002504,USR003726,completed,completed,2026-06-29T03:00:00
ACT00001802,REC00002505,USR003728,viewed,viewed,2026-05-15T09:00:00
ACT00001803,REC00002507,USR003729,acknowledged,acknowledged,2026-06-28T22:00:00
ACT00001804,REC00002508,USR003730,dismissed,dismissed,2026-09-03T09:00:00
ACT00001805,REC00002509,USR003731,completed,completed,2026-03-01T16:00:00
ACT00001806,REC00002510,USR003732,viewed,viewed,2026-09-18T02:00:00
ACT00001807,REC00002511,USR003733,viewed,viewed,2026-05-07T23:00:00
ACT00001808,REC00002513,USR003736,completed,completed,2026-03-30T16:00:00
ACT00001809,REC00002514,USR003737,viewed,viewed,2026-05-03T13:00:00
ACT00001810,REC00002515,USR003741,acknowledged,acknowledged,2026-08-26T05:00:00
ACT00001811,REC00002517,USR003745,viewed,viewed,2026-09-17T14:00:00
ACT00001812,REC00002518,USR003746,viewed,viewed,2026-08-28T12:00:00
ACT00001813,REC00002519,USR003748,viewed,viewed,2026-07-26T12:00:00
ACT00001814,REC00002523,USR003755,dismissed,dismissed,2026-07-22T15:00:00
ACT00001815,REC00002524,USR003757,completed,completed,2026-06-23T02:00:00
ACT00001816,REC00002525,USR003760,acknowledged,acknowledged,2026-09-14T17:00:00
ACT00001817,REC00002527,USR003763,acknowledged,acknowledged,2026-09-01T14:00:00
ACT00001818,REC00002528,USR003767,viewed,viewed,2026-08-29T10:00:00
ACT00001819,REC00002529,USR003768,viewed,viewed,2026-07-05T13:00:00
ACT00001820,REC00002532,USR003773,acknowledged,acknowledged,2026-05-12T04:00:00
ACT00001821,REC00002537,USR003782,viewed,viewed,2026-07-23T17:00:00
ACT00001822,REC00002539,USR003784,completed,completed,2026-09-07T23:00:00
ACT00001823,REC00002540,USR003787,viewed,viewed,2026-05-03T17:00:00
ACT00001824,REC00002541,USR003788,acknowledged,acknowledged,2026-05-12T18:00:00
ACT00001825,REC00002542,USR003789,acknowledged,acknowledged,2026-02-07T17:00:00
ACT00001826,REC00002545,USR003796,completed,completed,2026-05-22T09:00:00
ACT00001827,REC00002547,USR003798,viewed,viewed,2026-06-12T11:00:00
ACT00001828,REC00002551,USR003806,viewed,viewed,2026-08-03T18:00:00
ACT00001829,REC00002552,USR003810,dismissed,dismissed,2026-05-17T11:00:00
ACT00001830,REC00002553,USR003812,acknowledged,acknowledged,2026-05-30T20:00:00
ACT00001831,REC00002554,USR003815,acknowledged,acknowledged,2026-04-27T13:00:00
ACT00001832,REC00002557,USR003819,completed,completed,2026-08-16T20:00:00
ACT00001833,REC00002558,USR003820,acknowledged,acknowledged,2026-06-17T22:00:00
ACT00001834,REC00002559,USR003821,acknowledged,acknowledged,2026-04-07T19:00:00
ACT00001835,REC00002561,USR003825,completed,completed,2026-06-10T17:00:00
ACT00001836,REC00002563,USR003827,completed,completed,2026-07-27T16:00:00
ACT00001837,REC00002564,USR003828,viewed,viewed,2026-09-03T20:00:00
ACT00001838,REC00002566,USR003833,dismissed,dismissed,2026-09-16T22:00:00
ACT00001839,REC00002567,USR003833,acknowledged,acknowledged,2026-04-08T23:00:00
ACT00001840,REC00002568,USR003834,viewed,viewed,2026-08-26T16:00:00
ACT00001841,REC00002569,USR003835,dismissed,dismissed,2026-05-14T14:00:00
ACT00001842,REC00002570,USR003836,completed,completed,2026-02-20T04:00:00
ACT00001843,REC00002571,USR003837,viewed,viewed,2026-05-10T03:00:00
ACT00001844,REC00002572,USR003837,viewed,viewed,2026-04-15T11:00:00
ACT00001845,REC00002573,USR003841,viewed,viewed,2026-04-08T19:00:00
ACT00001846,REC00002576,USR003844,viewed,viewed,2026-05-18T22:00:00
ACT00001847,REC00002578,USR003849,viewed,viewed,2026-07-04T05:00:00
ACT00001848,REC00002579,USR003852,dismissed,dismissed,2026-07-26T10:00:00
ACT00001849,REC00002580,USR003853,completed,completed,2026-03-21T15:00:00
ACT00001850,REC00002581,USR003854,dismissed,dismissed,2026-07-21T21:00:00
ACT00001851,REC00002582,USR003856,viewed,viewed,2026-05-15T13:00:00
ACT00001852,REC00002583,USR003857,viewed,viewed,2026-06-10T15:00:00
ACT00001853,REC00002584,USR003859,completed,completed,2026-06-08T07:00:00
ACT00001854,REC00002585,USR003860,dismissed,dismissed,2026-08-13T11:00:00
ACT00001855,REC00002587,USR003861,viewed,viewed,2026-07-28T02:00:00
ACT00001856,REC00002588,USR003861,viewed,viewed,2026-05-26T02:00:00
ACT00001857,REC00002589,USR003862,completed,completed,2026-07-09T13:00:00
ACT00001858,REC00002590,USR003862,completed,completed,2026-05-06T00:00:00
ACT00001859,REC00002592,USR003863,dismissed,dismissed,2026-06-16T17:00:00
ACT00001860,REC00002595,USR003866,completed,completed,2026-09-16T02:00:00
ACT00001861,REC00002596,USR003868,dismissed,dismissed,2026-06-22T11:00:00
ACT00001862,REC00002597,USR003869,viewed,viewed,2026-06-30T15:00:00
ACT00001863,REC00002598,USR003870,completed,completed,2026-05-05T19:00:00
ACT00001864,REC00002599,USR003871,viewed,viewed,2026-05-17T04:00:00
ACT00001865,REC00002601,USR003875,completed,completed,2026-04-25T13:00:00
ACT00001866,REC00002602,USR003876,viewed,viewed,2026-06-01T13:00:00
ACT00001867,REC00002604,USR003878,completed,completed,2026-05-26T14:00:00
ACT00001868,REC00002608,USR003883,acknowledged,acknowledged,2026-09-14T15:00:00
ACT00001869,REC00002609,USR003884,acknowledged,acknowledged,2026-07-08T19:00:00
ACT00001870,REC00002610,USR003885,viewed,viewed,2026-06-16T08:00:00
ACT00001871,REC00002612,USR003887,dismissed,dismissed,2026-07-29T22:00:00
ACT00001872,REC00002615,USR003892,viewed,viewed,2026-06-08T00:00:00
ACT00001873,REC00002616,USR003893,dismissed,dismissed,2026-08-18T19:00:00
ACT00001874,REC00002617,USR003894,viewed,viewed,2026-05-08T18:00:00
ACT00001875,REC00002618,USR003897,dismissed,dismissed,2026-09-04T12:00:00
ACT00001876,REC00002619,USR003898,dismissed,dismissed,2026-08-09T12:00:00
ACT00001877,REC00002620,USR003899,viewed,viewed,2026-04-16T10:00:00
ACT00001878,REC00002621,USR003902,viewed,viewed,2026-04-20T20:00:00
ACT00001879,REC00002622,USR003903,viewed,viewed,2026-09-16T20:00:00
ACT00001880,REC00002623,USR003905,acknowledged,acknowledged,2026-05-30T15:00:00
ACT00001881,REC00002624,USR003907,acknowledged,acknowledged,2026-08-31T16:00:00
ACT00001882,REC00002625,USR003907,completed,completed,2026-07-27T18:00:00
ACT00001883,REC00002626,USR003909,viewed,viewed,2026-09-15T18:00:00
ACT00001884,REC00002628,USR003915,acknowledged,acknowledged,2026-04-15T21:00:00
ACT00001885,REC00002629,USR003921,viewed,viewed,2026-01-23T12:00:00
ACT00001886,REC00002630,USR003922,viewed,viewed,2026-09-15T09:00:00
ACT00001887,REC00002631,USR003923,completed,completed,2026-03-30T09:00:00
ACT00001888,REC00002632,USR003924,viewed,viewed,2026-03-14T09:00:00
ACT00001889,REC00002634,USR003932,completed,completed,2026-06-01T06:00:00
ACT00001890,REC00002635,USR003935,acknowledged,acknowledged,2026-06-30T22:00:00
ACT00001891,REC00002636,USR003936,dismissed,dismissed,2026-07-31T08:00:00
ACT00001892,REC00002637,USR003937,acknowledged,acknowledged,2026-08-15T17:00:00
ACT00001893,REC00002638,USR003941,viewed,viewed,2026-09-05T12:00:00
ACT00001894,REC00002639,USR003942,completed,completed,2026-09-17T10:00:00
ACT00001895,REC00002640,USR003943,completed,completed,2026-03-15T08:00:00
ACT00001896,REC00002644,USR003947,viewed,viewed,2026-03-18T08:00:00
ACT00001897,REC00002647,USR003951,viewed,viewed,2026-06-03T09:00:00
ACT00001898,REC00002648,USR003952,completed,completed,2026-05-21T06:00:00
ACT00001899,REC00002649,USR003952,viewed,viewed,2026-05-08T23:00:00
ACT00001900,REC00002650,USR003953,viewed,viewed,2026-08-27T02:00:00
ACT00001901,REC00002651,USR003953,viewed,viewed,2026-04-08T14:00:00
ACT00001902,REC00002653,USR003955,viewed,viewed,2026-06-29T16:00:00
ACT00001903,REC00002656,USR003961,viewed,viewed,2026-06-15T07:00:00
ACT00001904,REC00002657,USR003963,viewed,viewed,2026-02-20T13:00:00
ACT00001905,REC00002658,USR003965,acknowledged,acknowledged,2026-07-30T18:00:00
ACT00001906,REC00002659,USR003966,viewed,viewed,2026-06-01T18:00:00
ACT00001907,REC00002662,USR003971,viewed,viewed,2026-09-12T14:00:00
ACT00001908,REC00002663,USR003972,acknowledged,acknowledged,2026-01-17T22:00:00
ACT00001909,REC00002665,USR003973,viewed,viewed,2026-03-23T10:00:00
ACT00001910,REC00002666,USR003974,acknowledged,acknowledged,2026-05-29T15:00:00
ACT00001911,REC00002667,USR003975,viewed,viewed,2026-03-12T06:00:00
ACT00001912,REC00002668,USR003976,viewed,viewed,2026-08-08T19:00:00
ACT00001913,REC00002669,USR003977,viewed,viewed,2026-07-12T04:00:00
ACT00001914,REC00002670,USR003978,viewed,viewed,2026-01-21T06:00:00
ACT00001915,REC00002671,USR003982,acknowledged,acknowledged,2026-08-28T17:00:00
ACT00001916,REC00002672,USR003983,acknowledged,acknowledged,2026-05-20T15:00:00
ACT00001917,REC00002674,USR003987,acknowledged,acknowledged,2026-04-18T23:00:00
ACT00001918,REC00002675,USR003987,completed,completed,2026-08-11T17:00:00
ACT00001919,REC00002676,USR003988,dismissed,dismissed,2026-06-28T09:00:00
ACT00001920,REC00002678,USR003991,viewed,viewed,2026-08-10T01:00:00
ACT00001921,REC00002679,USR003992,viewed,viewed,2026-09-17T05:00:00
ACT00001922,REC00002681,USR003995,viewed,viewed,2026-07-26T09:00:00
ACT00001923,REC00002683,USR003998,dismissed,dismissed,2026-06-25T02:00:00
ACT00001924,REC00002684,USR004000,viewed,viewed,2026-06-13T22:00:00
ACT00001925,REC00002685,USR004002,completed,completed,2026-09-17T01:00:00
ACT00001926,REC00002686,USR004005,viewed,viewed,2026-06-14T04:00:00
ACT00001927,REC00002687,USR004005,completed,completed,2026-07-10T07:00:00
ACT00001928,REC00002688,USR004006,acknowledged,acknowledged,2026-07-05T07:00:00
ACT00001929,REC00002691,USR004010,viewed,viewed,2026-09-09T03:00:00
ACT00001930,REC00002692,USR004011,viewed,viewed,2026-05-25T14:00:00
ACT00001931,REC00002693,USR004015,viewed,viewed,2026-03-04T08:00:00
ACT00001932,REC00002694,USR004016,acknowledged,acknowledged,2026-09-17T09:00:00
ACT00001933,REC00002696,USR004017,viewed,viewed,2026-07-13T22:00:00
ACT00001934,REC00002697,USR004018,acknowledged,acknowledged,2026-04-04T05:00:00
ACT00001935,REC00002698,USR004019,dismissed,dismissed,2026-03-14T14:00:00
ACT00001936,REC00002700,USR004021,viewed,viewed,2026-06-18T07:00:00
ACT00001937,REC00002701,USR004023,acknowledged,acknowledged,2026-08-25T10:00:00
ACT00001938,REC00002702,USR004026,acknowledged,acknowledged,2026-09-17T01:00:00
ACT00001939,REC00002704,USR004030,dismissed,dismissed,2026-02-24T20:00:00
ACT00001940,REC00002705,USR004031,acknowledged,acknowledged,2026-05-14T20:00:00
ACT00001941,REC00002706,USR004032,viewed,viewed,2026-08-23T05:00:00
ACT00001942,REC00002707,USR004034,acknowledged,acknowledged,2026-05-05T15:00:00
ACT00001943,REC00002708,USR004036,acknowledged,acknowledged,2026-07-21T03:00:00
ACT00001944,REC00002710,USR004039,viewed,viewed,2026-08-10T08:00:00
ACT00001945,REC00002711,USR004040,completed,completed,2026-06-03T10:00:00
ACT00001946,REC00002712,USR004041,viewed,viewed,2026-05-10T15:00:00
ACT00001947,REC00002713,USR004042,viewed,viewed,2026-05-14T11:00:00
ACT00001948,REC00002715,USR004045,viewed,viewed,2026-09-14T18:00:00
ACT00001949,REC00002716,USR004047,viewed,viewed,2026-05-08T16:00:00
ACT00001950,REC00002717,USR004048,viewed,viewed,2026-07-19T07:00:00
ACT00001951,REC00002720,USR004051,viewed,viewed,2026-02-02T23:00:00
ACT00001952,REC00002722,USR004055,viewed,viewed,2026-05-28T12:00:00
ACT00001953,REC00002723,USR004056,viewed,viewed,2026-09-12T04:00:00
ACT00001954,REC00002725,USR004058,viewed,viewed,2026-08-03T00:00:00
ACT00001955,REC00002726,USR004059,dismissed,dismissed,2026-07-20T19:00:00
ACT00001956,REC00002729,USR004062,dismissed,dismissed,2026-05-06T01:00:00
ACT00001957,REC00002730,USR004063,acknowledged,acknowledged,2026-09-15T18:00:00
ACT00001958,REC00002731,USR004066,viewed,viewed,2026-08-25T01:00:00
ACT00001959,REC00002732,USR004067,dismissed,dismissed,2026-09-16T10:00:00
ACT00001960,REC00002733,USR004069,dismissed,dismissed,2026-06-16T18:00:00
ACT00001961,REC00002734,USR004071,dismissed,dismissed,2026-09-16T07:00:00
ACT00001962,REC00002735,USR004073,completed,completed,2026-06-26T23:00:00
ACT00001963,REC00002736,USR004074,acknowledged,acknowledged,2026-07-14T10:00:00
ACT00001964,REC00002737,USR004075,viewed,viewed,2026-09-04T02:00:00
ACT00001965,REC00002738,USR004076,viewed,viewed,2026-09-15T03:00:00
ACT00001966,REC00002739,USR004077,completed,completed,2026-02-06T09:00:00
ACT00001967,REC00002740,USR004079,viewed,viewed,2026-06-20T14:00:00
ACT00001968,REC00002741,USR004082,viewed,viewed,2026-04-14T16:00:00
ACT00001969,REC00002743,USR004086,viewed,viewed,2026-05-15T13:00:00
ACT00001970,REC00002745,USR004091,completed,completed,2026-05-04T20:00:00
ACT00001971,REC00002746,USR004092,viewed,viewed,2026-03-18T09:00:00
ACT00001972,REC00002747,USR004093,viewed,viewed,2026-05-12T08:00:00
ACT00001973,REC00002749,USR004095,completed,completed,2026-06-26T18:00:00
ACT00001974,REC00002751,USR004097,viewed,viewed,2026-09-03T22:00:00
ACT00001975,REC00002752,USR004098,dismissed,dismissed,2026-04-10T06:00:00
ACT00001976,REC00002753,USR004099,completed,completed,2026-09-16T07:00:00
ACT00001977,REC00002756,USR004111,viewed,viewed,2026-05-02T17:00:00
ACT00001978,REC00002758,USR004113,viewed,viewed,2026-06-12T07:00:00
ACT00001979,REC00002759,USR004114,viewed,viewed,2026-04-09T04:00:00
ACT00001980,REC00002760,USR004115,viewed,viewed,2026-07-23T17:00:00
ACT00001981,REC00002761,USR004116,acknowledged,acknowledged,2026-05-29T07:00:00
ACT00001982,REC00002762,USR004117,acknowledged,acknowledged,2026-09-15T01:00:00
ACT00001983,REC00002763,USR004122,viewed,viewed,2026-07-16T12:00:00
ACT00001984,REC00002764,USR004123,acknowledged,acknowledged,2026-09-16T11:00:00
ACT00001985,REC00002765,USR004125,viewed,viewed,2026-09-02T08:00:00
ACT00001986,REC00002766,USR004126,acknowledged,acknowledged,2026-06-22T01:00:00
ACT00001987,REC00002768,USR004129,dismissed,dismissed,2026-03-04T13:00:00
ACT00001988,REC00002769,USR004130,dismissed,dismissed,2026-09-14T21:00:00
ACT00001989,REC00002770,USR004131,acknowledged,acknowledged,2026-04-12T14:00:00
ACT00001990,REC00002771,USR004131,acknowledged,acknowledged,2026-09-08T01:00:00
ACT00001991,REC00002772,USR004132,acknowledged,acknowledged,2026-09-15T14:00:00
ACT00001992,REC00002774,USR004137,acknowledged,acknowledged,2026-05-03T02:00:00
ACT00001993,REC00002776,USR004143,acknowledged,acknowledged,2026-05-15T23:00:00
ACT00001994,REC00002777,USR004144,acknowledged,acknowledged,2026-09-06T00:00:00
ACT00001995,REC00002779,USR004146,acknowledged,acknowledged,2026-07-13T15:00:00
ACT00001996,REC00002780,USR004149,acknowledged,acknowledged,2026-06-22T07:00:00
ACT00001997,REC00002781,USR004150,acknowledged,acknowledged,2026-04-12T16:00:00
ACT00001998,REC00002782,USR004151,viewed,viewed,2026-07-25T06:00:00
ACT00001999,REC00002783,USR004153,acknowledged,acknowledged,2026-08-23T12:00:00
ACT00002000,REC00002784,USR004154,completed,completed,2026-06-14T12:00:00
ACT00002001,REC00002785,USR004158,acknowledged,acknowledged,2026-04-01T11:00:00
ACT00002002,REC00002787,USR004162,completed,completed,2026-06-28T14:00:00
ACT00002003,REC00002788,USR004164,dismissed,dismissed,2026-06-29T15:00:00
ACT00002004,REC00002789,USR004165,viewed,viewed,2026-04-10T12:00:00
ACT00002005,REC00002790,USR004166,viewed,viewed,2026-08-14T09:00:00
ACT00002006,REC00002792,USR004171,dismissed,dismissed,2026-02-28T02:00:00
ACT00002007,REC00002793,USR004172,completed,completed,2026-08-07T18:00:00
ACT00002008,REC00002794,USR004173,viewed,viewed,2026-03-17T09:00:00
ACT00002009,REC00002795,USR004173,acknowledged,acknowledged,2026-07-25T09:00:00
ACT00002010,REC00002796,USR004175,viewed,viewed,2026-09-16T16:00:00
ACT00002011,REC00002797,USR004176,acknowledged,acknowledged,2026-06-18T05:00:00
ACT00002012,REC00002798,USR004178,viewed,viewed,2026-07-26T04:00:00
ACT00002013,REC00002800,USR004179,viewed,viewed,2026-05-11T11:00:00
ACT00002014,REC00002801,USR004180,acknowledged,acknowledged,2026-05-16T00:00:00
ACT00002015,REC00002802,USR004181,viewed,viewed,2026-06-04T17:00:00
ACT00002016,REC00002803,USR004182,viewed,viewed,2026-01-21T04:00:00
ACT00002017,REC00002805,USR004183,dismissed,dismissed,2026-05-10T22:00:00
ACT00002018,REC00002806,USR004184,completed,completed,2026-08-23T07:00:00
ACT00002019,REC00002807,USR004187,acknowledged,acknowledged,2026-04-26T21:00:00
ACT00002020,REC00002808,USR004189,dismissed,dismissed,2026-03-03T18:00:00
ACT00002021,REC00002809,USR004189,acknowledged,acknowledged,2026-05-22T09:00:00
ACT00002022,REC00002810,USR004190,completed,completed,2026-05-27T00:00:00
ACT00002023,REC00002813,USR004195,viewed,viewed,2026-09-07T17:00:00
ACT00002024,REC00002814,USR004197,completed,completed,2026-05-06T07:00:00
ACT00002025,REC00002815,USR004198,completed,completed,2026-07-31T05:00:00
ACT00002026,REC00002816,USR004199,dismissed,dismissed,2026-09-16T06:00:00
ACT00002027,REC00002818,USR004202,viewed,viewed,2026-05-30T03:00:00
ACT00002028,REC00002819,USR004205,completed,completed,2026-09-18T09:00:00
ACT00002029,REC00002820,USR004205,acknowledged,acknowledged,2026-07-03T17:00:00
ACT00002030,REC00002821,USR004207,completed,completed,2026-03-31T06:00:00
ACT00002031,REC00002822,USR004208,viewed,viewed,2026-05-06T22:00:00
ACT00002032,REC00002823,USR004209,dismissed,dismissed,2026-08-10T13:00:00
ACT00002033,REC00002824,USR004211,viewed,viewed,2026-09-16T19:00:00
ACT00002034,REC00002825,USR004212,acknowledged,acknowledged,2026-03-07T16:00:00
ACT00002035,REC00002826,USR004213,viewed,viewed,2026-07-27T23:00:00
ACT00002036,REC00002827,USR004214,completed,completed,2026-09-16T19:00:00
ACT00002037,REC00002828,USR004218,viewed,viewed,2026-07-24T23:00:00
ACT00002038,REC00002829,USR004222,viewed,viewed,2026-08-28T22:00:00
ACT00002039,REC00002832,USR004227,viewed,viewed,2026-01-05T15:00:00
ACT00002040,REC00002834,USR004233,acknowledged,acknowledged,2026-03-31T18:00:00
ACT00002041,REC00002835,USR004234,completed,completed,2026-01-28T20:00:00
ACT00002042,REC00002837,USR004237,dismissed,dismissed,2026-09-04T22:00:00
ACT00002043,REC00002838,USR004238,viewed,viewed,2026-09-07T00:00:00
ACT00002044,REC00002839,USR004239,viewed,viewed,2026-06-13T17:00:00
ACT00002045,REC00002840,USR004240,completed,completed,2026-05-06T00:00:00
ACT00002046,REC00002841,USR004243,viewed,viewed,2026-04-11T13:00:00
ACT00002047,REC00002842,USR004243,acknowledged,acknowledged,2026-05-03T04:00:00
ACT00002048,REC00002843,USR004244,viewed,viewed,2026-08-15T17:00:00
ACT00002049,REC00002844,USR004245,viewed,viewed,2026-09-14T04:00:00
ACT00002050,REC00002845,USR004248,viewed,viewed,2026-06-20T12:00:00
ACT00002051,REC00002846,USR004250,viewed,viewed,2026-02-03T20:00:00
ACT00002052,REC00002847,USR004254,viewed,viewed,2026-08-27T01:00:00
ACT00002053,REC00002849,USR004258,acknowledged,acknowledged,2026-03-31T01:00:00
ACT00002054,REC00002850,USR004259,acknowledged,acknowledged,2026-03-20T11:00:00
ACT00002055,REC00002851,USR004262,completed,completed,2026-04-08T03:00:00
ACT00002056,REC00002852,USR004263,viewed,viewed,2026-09-16T10:00:00
ACT00002057,REC00002853,USR004264,viewed,viewed,2026-09-14T14:00:00
ACT00002058,REC00002854,USR004264,viewed,viewed,2026-06-04T12:00:00
ACT00002059,REC00002855,USR004265,viewed,viewed,2026-04-02T20:00:00
ACT00002060,REC00002857,USR004268,viewed,viewed,2026-06-01T01:00:00
ACT00002061,REC00002858,USR004268,viewed,viewed,2026-09-14T21:00:00
ACT00002062,REC00002859,USR004269,acknowledged,acknowledged,2026-06-27T20:00:00
ACT00002063,REC00002860,USR004270,completed,completed,2026-02-09T18:00:00
ACT00002064,REC00002861,USR004270,acknowledged,acknowledged,2026-01-27T21:00:00
ACT00002065,REC00002862,USR004272,viewed,viewed,2026-05-14T02:00:00
ACT00002066,REC00002863,USR004275,acknowledged,acknowledged,2026-07-25T06:00:00
ACT00002067,REC00002864,USR004277,viewed,viewed,2026-06-27T23:00:00
ACT00002068,REC00002865,USR004278,viewed,viewed,2026-09-15T12:00:00
ACT00002069,REC00002867,USR004279,viewed,viewed,2026-04-18T20:00:00
ACT00002070,REC00002868,USR004280,completed,completed,2026-06-13T15:00:00
ACT00002071,REC00002869,USR004281,viewed,viewed,2026-02-23T22:00:00
ACT00002072,REC00002870,USR004281,completed,completed,2026-04-11T18:00:00
ACT00002073,REC00002871,USR004283,viewed,viewed,2026-06-02T09:00:00
ACT00002074,REC00002872,USR004285,completed,completed,2026-06-13T02:00:00
ACT00002075,REC00002873,USR004286,acknowledged,acknowledged,2026-05-03T13:00:00
ACT00002076,REC00002874,USR004288,viewed,viewed,2026-09-16T17:00:00
ACT00002077,REC00002876,USR004291,acknowledged,acknowledged,2026-07-31T22:00:00
ACT00002078,REC00002877,USR004293,viewed,viewed,2026-02-04T01:00:00
ACT00002079,REC00002878,USR004296,viewed,viewed,2026-03-01T14:00:00
ACT00002080,REC00002879,USR004297,dismissed,dismissed,2026-05-04T11:00:00
ACT00002081,REC00002880,USR004299,completed,completed,2026-08-11T02:00:00
ACT00002082,REC00002881,USR004300,viewed,viewed,2026-04-14T21:00:00
ACT00002083,REC00002882,USR004302,acknowledged,acknowledged,2026-06-14T02:00:00
ACT00002084,REC00002884,USR004304,acknowledged,acknowledged,2026-09-13T16:00:00
ACT00002085,REC00002885,USR004304,viewed,viewed,2026-08-06T09:00:00
ACT00002086,REC00002886,USR004305,acknowledged,acknowledged,2026-09-16T01:00:00
ACT00002087,REC00002890,USR004308,viewed,viewed,2026-05-13T22:00:00
ACT00002088,REC00002891,USR004309,acknowledged,acknowledged,2026-05-30T02:00:00
ACT00002089,REC00002892,USR004310,viewed,viewed,2026-08-23T10:00:00
ACT00002090,REC00002893,USR004313,completed,completed,2026-02-16T06:00:00
ACT00002091,REC00002894,USR004314,viewed,viewed,2026-05-07T16:00:00
ACT00002092,REC00002895,USR004315,viewed,viewed,2026-05-04T13:00:00
ACT00002093,REC00002896,USR004318,completed,completed,2026-02-01T12:00:00
ACT00002094,REC00002898,USR004320,completed,completed,2026-05-03T20:00:00
ACT00002095,REC00002899,USR004323,completed,completed,2026-03-14T14:00:00
ACT00002096,REC00002900,USR004325,completed,completed,2026-05-27T01:00:00
ACT00002097,REC00002901,USR004327,acknowledged,acknowledged,2026-07-16T12:00:00
ACT00002098,REC00002902,USR004328,viewed,viewed,2026-07-02T02:00:00
ACT00002099,REC00002903,USR004329,completed,completed,2026-09-17T19:00:00
ACT00002100,REC00002904,USR004329,completed,completed,2026-08-01T16:00:00
ACT00002101,REC00002905,USR004331,viewed,viewed,2026-09-06T15:00:00
ACT00002102,REC00002906,USR004332,completed,completed,2026-06-05T09:00:00
ACT00002103,REC00002907,USR004332,viewed,viewed,2026-08-14T12:00:00
ACT00002104,REC00002908,USR004336,viewed,viewed,2026-08-16T23:00:00
ACT00002105,REC00002909,USR004338,dismissed,dismissed,2026-06-26T16:00:00
ACT00002106,REC00002910,USR004341,viewed,viewed,2026-09-09T00:00:00
ACT00002107,REC00002911,USR004342,viewed,viewed,2026-09-17T05:00:00
ACT00002108,REC00002912,USR004344,viewed,viewed,2026-02-15T06:00:00
ACT00002109,REC00002914,USR004347,acknowledged,acknowledged,2026-09-18T03:00:00
ACT00002110,REC00002916,USR004349,acknowledged,acknowledged,2026-07-12T10:00:00
ACT00002111,REC00002917,USR004350,viewed,viewed,2026-09-14T14:00:00
ACT00002112,REC00002918,USR004351,completed,completed,2026-02-14T03:00:00
ACT00002113,REC00002920,USR004354,acknowledged,acknowledged,2026-05-11T19:00:00
ACT00002114,REC00002921,USR004355,completed,completed,2026-04-09T17:00:00
ACT00002115,REC00002922,USR004356,completed,completed,2026-04-28T17:00:00
ACT00002116,REC00002923,USR004358,viewed,viewed,2026-06-06T04:00:00
ACT00002117,REC00002924,USR004358,completed,completed,2026-09-16T10:00:00
ACT00002118,REC00002925,USR004359,viewed,viewed,2026-02-24T15:00:00
ACT00002119,REC00002926,USR004359,viewed,viewed,2026-02-01T19:00:00
ACT00002120,REC00002928,USR004361,viewed,viewed,2026-07-19T07:00:00
ACT00002121,REC00002930,USR004366,viewed,viewed,2026-09-15T18:00:00
ACT00002122,REC00002931,USR004368,viewed,viewed,2026-09-03T00:00:00
ACT00002123,REC00002932,USR004369,dismissed,dismissed,2026-03-03T11:00:00
ACT00002124,REC00002933,USR004371,viewed,viewed,2026-07-17T02:00:00
ACT00002125,REC00002934,USR004372,viewed,viewed,2026-04-27T07:00:00
ACT00002126,REC00002935,USR004373,completed,completed,2026-04-14T10:00:00
ACT00002127,REC00002936,USR004374,viewed,viewed,2026-03-09T09:00:00
ACT00002128,REC00002938,USR004376,completed,completed,2026-06-22T13:00:00
ACT00002129,REC00002939,USR004377,viewed,viewed,2026-05-01T23:00:00
ACT00002130,REC00002940,USR004378,completed,completed,2026-06-30T15:00:00
ACT00002131,REC00002941,USR004379,viewed,viewed,2026-02-09T03:00:00
ACT00002132,REC00002942,USR004380,viewed,viewed,2026-09-09T13:00:00
ACT00002133,REC00002943,USR004380,viewed,viewed,2026-09-09T08:00:00
ACT00002134,REC00002945,USR004384,completed,completed,2026-01-04T07:00:00
ACT00002135,REC00002946,USR004385,viewed,viewed,2026-08-21T15:00:00
ACT00002136,REC00002948,USR004389,completed,completed,2026-09-15T11:00:00
ACT00002137,REC00002949,USR004392,viewed,viewed,2026-09-16T00:00:00
ACT00002138,REC00002950,USR004393,acknowledged,acknowledged,2026-03-24T03:00:00
ACT00002139,REC00002951,USR004397,viewed,viewed,2026-07-24T02:00:00
ACT00002140,REC00002953,USR004398,viewed,viewed,2026-09-14T21:00:00
ACT00002141,REC00002955,USR004403,viewed,viewed,2026-03-03T18:00:00
ACT00002142,REC00002957,USR004404,dismissed,dismissed,2026-06-30T06:00:00
ACT00002143,REC00002958,USR004405,viewed,viewed,2026-04-05T21:00:00
ACT00002144,REC00002959,USR004406,viewed,viewed,2026-07-05T09:00:00
ACT00002145,REC00002960,USR004406,completed,completed,2026-09-16T21:00:00
ACT00002146,REC00002961,USR004408,viewed,viewed,2026-05-12T13:00:00
ACT00002147,REC00002964,USR004411,viewed,viewed,2026-09-14T20:00:00
ACT00002148,REC00002965,USR004413,dismissed,dismissed,2026-04-27T11:00:00
ACT00002149,REC00002966,USR004414,viewed,viewed,2026-03-30T03:00:00
ACT00002150,REC00002967,USR004415,acknowledged,acknowledged,2026-07-28T11:00:00
ACT00002151,REC00002968,USR004418,viewed,viewed,2026-05-15T19:00:00
ACT00002152,REC00002970,USR004421,viewed,viewed,2026-05-21T00:00:00
ACT00002153,REC00002972,USR004424,completed,completed,2026-03-27T11:00:00
ACT00002154,REC00002973,USR004427,acknowledged,acknowledged,2026-05-29T03:00:00
ACT00002155,REC00002974,USR004428,dismissed,dismissed,2026-06-07T21:00:00
ACT00002156,REC00002975,USR004430,viewed,viewed,2026-07-18T13:00:00
ACT00002157,REC00002977,USR004431,completed,completed,2026-05-08T05:00:00
ACT00002158,REC00002978,USR004432,completed,completed,2026-05-11T15:00:00
ACT00002159,REC00002979,USR004433,completed,completed,2026-02-18T23:00:00
ACT00002160,REC00002980,USR004434,viewed,viewed,2026-04-20T04:00:00
ACT00002161,REC00002981,USR004435,completed,completed,2026-06-09T21:00:00
ACT00002162,REC00002982,USR004436,acknowledged,acknowledged,2026-04-11T17:00:00
ACT00002163,REC00002983,USR004437,acknowledged,acknowledged,2026-07-11T23:00:00
ACT00002164,REC00002985,USR004441,completed,completed,2026-04-24T14:00:00
ACT00002165,REC00002986,USR004442,viewed,viewed,2026-09-14T19:00:00
ACT00002166,REC00002987,USR004443,acknowledged,acknowledged,2026-05-08T04:00:00
ACT00002167,REC00002988,USR004448,viewed,viewed,2026-05-21T07:00:00
ACT00002168,REC00002989,USR004450,acknowledged,acknowledged,2026-09-15T15:00:00
ACT00002169,REC00002990,USR004451,viewed,viewed,2026-06-15T03:00:00
ACT00002170,REC00002992,USR004455,viewed,viewed,2026-09-18T09:00:00
ACT00002171,REC00002993,USR004456,viewed,viewed,2026-08-31T11:00:00
ACT00002172,REC00002997,USR004461,completed,completed,2026-04-11T13:00:00
ACT00002173,REC00002998,USR004462,completed,completed,2026-03-22T02:00:00
ACT00002174,REC00002999,USR004464,dismissed,dismissed,2026-03-15T08:00:00
ACT00002175,REC00003002,USR004468,viewed,viewed,2026-05-01T06:00:00
ACT00002176,REC00003003,USR004470,viewed,viewed,2026-07-26T04:00:00
ACT00002177,REC00003004,USR004471,viewed,viewed,2026-07-16T22:00:00
ACT00002178,REC00003006,USR004473,viewed,viewed,2026-03-22T06:00:00
ACT00002179,REC00003009,USR004478,completed,completed,2026-06-29T07:00:00
ACT00002180,REC00003010,USR004479,completed,completed,2026-08-28T16:00:00
ACT00002181,REC00003011,USR004480,dismissed,dismissed,2026-01-16T13:00:00
ACT00002182,REC00003012,USR004481,dismissed,dismissed,2026-08-13T02:00:00
ACT00002183,REC00003013,USR004482,viewed,viewed,2026-07-28T04:00:00
ACT00002184,REC00003014,USR004483,viewed,viewed,2026-03-01T00:00:00
ACT00002185,REC00003015,USR004484,viewed,viewed,2026-06-02T03:00:00
ACT00002186,REC00003016,USR004485,viewed,viewed,2026-09-18T08:00:00
ACT00002187,REC00003017,USR004487,completed,completed,2026-05-02T11:00:00
ACT00002188,REC00003018,USR004489,completed,completed,2026-02-11T05:00:00
ACT00002189,REC00003019,USR004491,viewed,viewed,2026-07-29T11:00:00
ACT00002190,REC00003021,USR004493,viewed,viewed,2026-06-28T03:00:00
ACT00002191,REC00003022,USR004495,acknowledged,acknowledged,2026-03-10T21:00:00
ACT00002192,REC00003025,USR004500,completed,completed,2026-03-08T15:00:00
ACT00002193,REC00003026,USR004503,viewed,viewed,2026-06-26T19:00:00
ACT00002194,REC00003027,USR004506,viewed,viewed,2026-03-21T12:00:00
ACT00002195,REC00003028,USR004508,dismissed,dismissed,2025-12-30T12:00:00
ACT00002196,REC00003031,USR004514,viewed,viewed,2026-03-11T18:00:00
ACT00002197,REC00003033,USR004516,viewed,viewed,2026-03-01T22:00:00
ACT00002198,REC00003036,USR004524,completed,completed,2026-07-21T16:00:00
ACT00002199,REC00003037,USR004526,viewed,viewed,2026-03-24T07:00:00
ACT00002200,REC00003038,USR004528,acknowledged,acknowledged,2026-06-09T21:00:00
ACT00002201,REC00003039,USR004528,acknowledged,acknowledged,2026-08-10T06:00:00
ACT00002202,REC00003040,USR004530,completed,completed,2026-04-16T14:00:00
ACT00002203,REC00003041,USR004531,viewed,viewed,2026-08-10T23:00:00
ACT00002204,REC00003042,USR004536,acknowledged,acknowledged,2026-05-11T04:00:00
ACT00002205,REC00003043,USR004537,viewed,viewed,2026-08-14T03:00:00
ACT00002206,REC00003044,USR004538,viewed,viewed,2026-09-17T22:00:00
ACT00002207,REC00003046,USR004541,viewed,viewed,2026-06-04T04:00:00
ACT00002208,REC00003047,USR004542,acknowledged,acknowledged,2026-08-27T09:00:00
ACT00002209,REC00003048,USR004542,completed,completed,2026-07-09T00:00:00
ACT00002210,REC00003049,USR004543,completed,completed,2026-05-21T12:00:00
ACT00002211,REC00003050,USR004544,viewed,viewed,2026-08-25T07:00:00
ACT00002212,REC00003051,USR004545,completed,completed,2026-05-30T00:00:00
ACT00002213,REC00003054,USR004549,completed,completed,2026-05-17T08:00:00
ACT00002214,REC00003055,USR004555,completed,completed,2026-05-24T03:00:00
ACT00002215,REC00003057,USR004556,viewed,viewed,2026-03-07T16:00:00
ACT00002216,REC00003058,USR004557,acknowledged,acknowledged,2026-07-26T11:00:00
ACT00002217,REC00003059,USR004562,viewed,viewed,2026-08-20T09:00:00
ACT00002218,REC00003060,USR004563,viewed,viewed,2026-05-31T07:00:00
ACT00002219,REC00003062,USR004566,viewed,viewed,2026-09-06T18:00:00
ACT00002220,REC00003063,USR004567,viewed,viewed,2026-05-27T06:00:00
ACT00002221,REC00003064,USR004568,viewed,viewed,2026-06-18T07:00:00
ACT00002222,REC00003065,USR004569,viewed,viewed,2026-03-30T23:00:00
ACT00002223,REC00003066,USR004570,completed,completed,2026-09-13T05:00:00
ACT00002224,REC00003067,USR004572,completed,completed,2026-07-05T12:00:00
ACT00002225,REC00003068,USR004575,acknowledged,acknowledged,2026-09-01T08:00:00
ACT00002226,REC00003069,USR004576,acknowledged,acknowledged,2026-07-11T03:00:00
ACT00002227,REC00003071,USR004577,completed,completed,2026-03-21T18:00:00
ACT00002228,REC00003072,USR004579,acknowledged,acknowledged,2026-09-16T02:00:00
ACT00002229,REC00003073,USR004580,completed,completed,2026-08-14T09:00:00
ACT00002230,REC00003076,USR004584,viewed,viewed,2026-03-26T01:00:00
ACT00002231,REC00003080,USR004591,viewed,viewed,2026-09-16T05:00:00
ACT00002232,REC00003081,USR004592,viewed,viewed,2026-09-10T02:00:00
ACT00002233,REC00003083,USR004594,acknowledged,acknowledged,2026-03-29T18:00:00
ACT00002234,REC00003084,USR004596,viewed,viewed,2026-05-09T23:00:00
ACT00002235,REC00003088,USR004603,viewed,viewed,2026-09-03T18:00:00
ACT00002236,REC00003089,USR004606,completed,completed,2026-08-02T23:00:00
ACT00002237,REC00003090,USR004607,acknowledged,acknowledged,2026-02-16T11:00:00
ACT00002238,REC00003091,USR004608,dismissed,dismissed,2026-07-20T14:00:00
ACT00002239,REC00003092,USR004610,viewed,viewed,2026-09-18T05:00:00
ACT00002240,REC00003093,USR004611,acknowledged,acknowledged,2026-08-03T11:00:00
ACT00002241,REC00003094,USR004612,viewed,viewed,2026-05-05T14:00:00
ACT00002242,REC00003096,USR004616,completed,completed,2026-06-19T09:00:00
ACT00002243,REC00003097,USR004616,acknowledged,acknowledged,2026-07-06T12:00:00
ACT00002244,REC00003098,USR004617,viewed,viewed,2026-02-08T17:00:00
ACT00002245,REC00003099,USR004618,acknowledged,acknowledged,2026-07-29T20:00:00
ACT00002246,REC00003100,USR004620,dismissed,dismissed,2026-05-06T04:00:00
ACT00002247,REC00003101,USR004622,acknowledged,acknowledged,2026-05-24T23:00:00
ACT00002248,REC00003102,USR004623,completed,completed,2026-06-18T13:00:00
ACT00002249,REC00003103,USR004624,viewed,viewed,2026-05-24T06:00:00
ACT00002250,REC00003106,USR004630,viewed,viewed,2026-01-23T16:00:00
ACT00002251,REC00003107,USR004630,completed,completed,2026-06-02T08:00:00
ACT00002252,REC00003109,USR004635,viewed,viewed,2026-05-10T07:00:00
ACT00002253,REC00003110,USR004635,viewed,viewed,2026-06-10T14:00:00
ACT00002254,REC00003111,USR004636,viewed,viewed,2026-08-25T06:00:00
ACT00002255,REC00003112,USR004637,completed,completed,2026-06-21T00:00:00
ACT00002256,REC00003113,USR004639,viewed,viewed,2026-09-15T22:00:00
ACT00002257,REC00003114,USR004640,completed,completed,2026-06-11T13:00:00
ACT00002258,REC00003116,USR004642,viewed,viewed,2026-09-18T12:00:00
ACT00002259,REC00003117,USR004643,viewed,viewed,2026-07-01T14:00:00
ACT00002260,REC00003119,USR004645,completed,completed,2026-06-05T03:00:00
ACT00002261,REC00003121,USR004647,viewed,viewed,2026-09-16T04:00:00
ACT00002262,REC00003122,USR004648,viewed,viewed,2026-07-31T02:00:00
ACT00002263,REC00003124,USR004650,completed,completed,2026-09-15T07:00:00
ACT00002264,REC00003125,USR004652,acknowledged,acknowledged,2026-01-16T16:00:00
ACT00002265,REC00003126,USR004656,dismissed,dismissed,2026-04-05T22:00:00
ACT00002266,REC00003127,USR004656,acknowledged,acknowledged,2026-06-13T09:00:00
ACT00002267,REC00003129,USR004658,acknowledged,acknowledged,2026-04-06T12:00:00
ACT00002268,REC00003131,USR004660,viewed,viewed,2026-05-23T02:00:00
ACT00002269,REC00003134,USR004664,viewed,viewed,2026-03-17T11:00:00
ACT00002270,REC00003136,USR004666,acknowledged,acknowledged,2026-08-09T03:00:00
ACT00002271,REC00003138,USR004668,viewed,viewed,2026-07-27T00:00:00
ACT00002272,REC00003142,USR004674,completed,completed,2026-09-10T14:00:00
ACT00002273,REC00003143,USR004676,acknowledged,acknowledged,2026-06-08T06:00:00
ACT00002274,REC00003144,USR004678,completed,completed,2026-04-03T07:00:00
ACT00002275,REC00003145,USR004679,acknowledged,acknowledged,2026-02-13T04:00:00
ACT00002276,REC00003146,USR004680,viewed,viewed,2026-05-13T11:00:00
ACT00002277,REC00003148,USR004682,dismissed,dismissed,2026-08-17T04:00:00
ACT00002278,REC00003149,USR004683,acknowledged,acknowledged,2026-09-08T16:00:00
ACT00002279,REC00003150,USR004687,acknowledged,acknowledged,2026-06-27T23:00:00
ACT00002280,REC00003151,USR004689,dismissed,dismissed,2026-09-15T19:00:00
ACT00002281,REC00003152,USR004690,viewed,viewed,2026-03-28T11:00:00
ACT00002282,REC00003153,USR004692,dismissed,dismissed,2026-05-30T19:00:00
ACT00002283,REC00003155,USR004694,acknowledged,acknowledged,2026-09-16T01:00:00
ACT00002284,REC00003156,USR004695,acknowledged,acknowledged,2026-09-16T01:00:00
ACT00002285,REC00003157,USR004695,viewed,viewed,2026-09-15T00:00:00
ACT00002286,REC00003158,USR004696,dismissed,dismissed,2026-05-03T11:00:00
ACT00002287,REC00003159,USR004698,completed,completed,2026-09-14T19:00:00
ACT00002288,REC00003162,USR004703,viewed,viewed,2026-04-22T07:00:00
ACT00002289,REC00003164,USR004705,viewed,viewed,2026-06-19T04:00:00
ACT00002290,REC00003165,USR004708,completed,completed,2026-06-13T00:00:00
ACT00002291,REC00003166,USR004709,viewed,viewed,2026-05-08T02:00:00
ACT00002292,REC00003167,USR004711,dismissed,dismissed,2026-07-22T13:00:00
ACT00002293,REC00003168,USR004713,dismissed,dismissed,2026-05-05T11:00:00
ACT00002294,REC00003169,USR004717,viewed,viewed,2026-06-05T01:00:00
ACT00002295,REC00003170,USR004719,completed,completed,2026-04-19T04:00:00
ACT00002296,REC00003172,USR004720,completed,completed,2026-06-05T13:00:00
ACT00002297,REC00003173,USR004721,dismissed,dismissed,2026-07-31T05:00:00
ACT00002298,REC00003176,USR004726,acknowledged,acknowledged,2026-04-30T02:00:00
ACT00002299,REC00003177,USR004727,completed,completed,2026-04-12T21:00:00
ACT00002300,REC00003179,USR004732,viewed,viewed,2026-06-18T21:00:00
ACT00002301,REC00003182,USR004738,viewed,viewed,2026-09-14T14:00:00
ACT00002302,REC00003183,USR004739,completed,completed,2026-06-23T10:00:00
ACT00002303,REC00003184,USR004741,acknowledged,acknowledged,2026-09-17T00:00:00
ACT00002304,REC00003185,USR004743,completed,completed,2026-05-18T19:00:00
ACT00002305,REC00003187,USR004744,viewed,viewed,2026-08-05T14:00:00
ACT00002306,REC00003188,USR004746,acknowledged,acknowledged,2026-06-20T23:00:00
ACT00002307,REC00003190,USR004749,completed,completed,2026-07-29T00:00:00
ACT00002308,REC00003191,USR004751,acknowledged,acknowledged,2026-06-29T01:00:00
ACT00002309,REC00003192,USR004752,viewed,viewed,2026-08-03T17:00:00
ACT00002310,REC00003193,USR004756,completed,completed,2026-07-13T22:00:00
ACT00002311,REC00003194,USR004757,viewed,viewed,2026-05-22T03:00:00
ACT00002312,REC00003195,USR004759,viewed,viewed,2026-01-05T17:00:00
ACT00002313,REC00003196,USR004760,viewed,viewed,2026-07-15T04:00:00
ACT00002314,REC00003197,USR004761,completed,completed,2026-09-11T06:00:00
ACT00002315,REC00003198,USR004762,viewed,viewed,2026-09-17T04:00:00
ACT00002316,REC00003199,USR004763,dismissed,dismissed,2026-06-15T03:00:00
ACT00002317,REC00003200,USR004763,completed,completed,2026-03-16T02:00:00
ACT00002318,REC00003201,USR004764,viewed,viewed,2026-09-15T05:00:00
ACT00002319,REC00003202,USR004765,dismissed,dismissed,2026-01-14T14:00:00
ACT00002320,REC00003204,USR004768,viewed,viewed,2026-08-06T12:00:00
ACT00002321,REC00003205,USR004769,viewed,viewed,2026-09-16T07:00:00
ACT00002322,REC00003206,USR004772,acknowledged,acknowledged,2026-07-09T07:00:00
ACT00002323,REC00003207,USR004773,viewed,viewed,2026-08-15T09:00:00
ACT00002324,REC00003209,USR004774,viewed,viewed,2026-07-24T21:00:00
ACT00002325,REC00003211,USR004776,viewed,viewed,2026-05-24T15:00:00
ACT00002326,REC00003214,USR004780,viewed,viewed,2026-07-09T00:00:00
ACT00002327,REC00003215,USR004783,acknowledged,acknowledged,2026-02-06T02:00:00
ACT00002328,REC00003216,USR004784,completed,completed,2026-08-06T21:00:00
ACT00002329,REC00003217,USR004786,viewed,viewed,2026-08-26T16:00:00
ACT00002330,REC00003220,USR004789,completed,completed,2026-06-24T04:00:00
ACT00002331,REC00003221,USR004789,viewed,viewed,2026-06-05T20:00:00
ACT00002332,REC00003222,USR004790,viewed,viewed,2026-05-20T03:00:00
ACT00002333,REC00003223,USR004790,dismissed,dismissed,2026-09-17T21:00:00
ACT00002334,REC00003224,USR004791,viewed,viewed,2026-09-17T00:00:00
ACT00002335,REC00003226,USR004795,dismissed,dismissed,2026-03-12T08:00:00
ACT00002336,REC00003227,USR004795,viewed,viewed,2026-04-12T11:00:00
ACT00002337,REC00003228,USR004798,viewed,viewed,2026-04-11T12:00:00
ACT00002338,REC00003229,USR004799,viewed,viewed,2026-02-22T07:00:00
ACT00002339,REC00003232,USR004802,acknowledged,acknowledged,2026-08-19T13:00:00
ACT00002340,REC00003233,USR004803,viewed,viewed,2026-03-10T01:00:00
ACT00002341,REC00003234,USR004804,viewed,viewed,2026-06-01T19:00:00
ACT00002342,REC00003236,USR004806,acknowledged,acknowledged,2026-09-18T06:00:00
ACT00002343,REC00003238,USR004807,acknowledged,acknowledged,2026-03-31T09:00:00
ACT00002344,REC00003239,USR004808,viewed,viewed,2026-04-08T14:00:00
ACT00002345,REC00003240,USR004809,viewed,viewed,2026-03-25T01:00:00
ACT00002346,REC00003241,USR004811,acknowledged,acknowledged,2026-02-21T03:00:00
ACT00002347,REC00003242,USR004811,viewed,viewed,2026-03-20T15:00:00
ACT00002348,REC00003244,USR004812,completed,completed,2026-04-19T14:00:00
ACT00002349,REC00003245,USR004813,viewed,viewed,2026-04-07T22:00:00
ACT00002350,REC00003246,USR004816,acknowledged,acknowledged,2026-04-29T09:00:00
ACT00002351,REC00003248,USR004820,dismissed,dismissed,2026-04-05T12:00:00
ACT00002352,REC00003249,USR004821,dismissed,dismissed,2026-06-26T09:00:00
ACT00002353,REC00003250,USR004823,viewed,viewed,2026-05-05T07:00:00
ACT00002354,REC00003254,USR004832,acknowledged,acknowledged,2026-06-16T06:00:00
ACT00002355,REC00003255,USR004833,viewed,viewed,2026-04-19T10:00:00
ACT00002356,REC00003256,USR004835,viewed,viewed,2026-04-27T20:00:00
ACT00002357,REC00003257,USR004836,viewed,viewed,2026-04-30T13:00:00
ACT00002358,REC00003258,USR004837,viewed,viewed,2026-06-20T17:00:00
ACT00002359,REC00003260,USR004841,viewed,viewed,2026-09-16T16:00:00
ACT00002360,REC00003261,USR004842,completed,completed,2026-05-27T07:00:00
ACT00002361,REC00003262,USR004846,dismissed,dismissed,2026-09-15T08:00:00
ACT00002362,REC00003263,USR004848,viewed,viewed,2026-05-30T18:00:00
ACT00002363,REC00003265,USR004852,completed,completed,2026-08-20T11:00:00
ACT00002364,REC00003267,USR004855,acknowledged,acknowledged,2026-04-21T20:00:00
ACT00002365,REC00003268,USR004860,viewed,viewed,2026-05-24T22:00:00
ACT00002366,REC00003269,USR004862,acknowledged,acknowledged,2026-05-09T13:00:00
ACT00002367,REC00003270,USR004863,viewed,viewed,2026-08-08T12:00:00
ACT00002368,REC00003271,USR004869,viewed,viewed,2026-07-15T01:00:00
ACT00002369,REC00003272,USR004870,completed,completed,2026-07-23T18:00:00
ACT00002370,REC00003274,USR004872,viewed,viewed,2026-07-16T17:00:00
ACT00002371,REC00003275,USR004873,viewed,viewed,2026-05-22T16:00:00
ACT00002372,REC00003277,USR004875,viewed,viewed,2026-03-13T08:00:00
ACT00002373,REC00003278,USR004876,acknowledged,acknowledged,2026-09-17T16:00:00
ACT00002374,REC00003279,USR004877,acknowledged,acknowledged,2026-05-18T21:00:00
ACT00002375,REC00003280,USR004878,viewed,viewed,2026-08-09T09:00:00
ACT00002376,REC00003282,USR004880,viewed,viewed,2026-03-01T05:00:00
ACT00002377,REC00003283,USR004881,completed,completed,2026-02-05T15:00:00
ACT00002378,REC00003284,USR004882,viewed,viewed,2026-05-15T12:00:00
ACT00002379,REC00003285,USR004883,viewed,viewed,2026-03-31T19:00:00
ACT00002380,REC00003286,USR004884,acknowledged,acknowledged,2026-02-02T08:00:00
ACT00002381,REC00003287,USR004885,viewed,viewed,2026-04-05T04:00:00
ACT00002382,REC00003290,USR004888,viewed,viewed,2026-05-06T07:00:00
ACT00002383,REC00003291,USR004889,acknowledged,acknowledged,2026-01-31T10:00:00
ACT00002384,REC00003293,USR004893,viewed,viewed,2026-07-02T15:00:00
ACT00002385,REC00003295,USR004899,completed,completed,2026-06-14T23:00:00
ACT00002386,REC00003296,USR004900,acknowledged,acknowledged,2026-06-02T11:00:00
ACT00002387,REC00003297,USR004901,acknowledged,acknowledged,2026-08-25T18:00:00
ACT00002388,REC00003298,USR004902,acknowledged,acknowledged,2026-07-14T05:00:00
ACT00002389,REC00003299,USR004903,dismissed,dismissed,2026-08-05T11:00:00
ACT00002390,REC00003301,USR004904,viewed,viewed,2026-05-15T19:00:00
ACT00002391,REC00003302,USR004905,viewed,viewed,2026-04-16T16:00:00
ACT00002392,REC00003304,USR004908,dismissed,dismissed,2026-02-28T16:00:00
ACT00002393,REC00003305,USR004908,viewed,viewed,2026-08-21T10:00:00
ACT00002394,REC00003306,USR004910,acknowledged,acknowledged,2026-09-14T13:00:00
ACT00002395,REC00003307,USR004910,viewed,viewed,2026-05-27T23:00:00
ACT00002396,REC00003308,USR004911,viewed,viewed,2026-01-06T15:00:00
ACT00002397,REC00003309,USR004913,viewed,viewed,2026-09-18T10:00:00
ACT00002398,REC00003314,USR004920,acknowledged,acknowledged,2026-07-14T18:00:00
ACT00002399,REC00003315,USR004921,completed,completed,2026-04-17T19:00:00
ACT00002400,REC00003316,USR004923,viewed,viewed,2026-06-21T00:00:00
ACT00002401,REC00003317,USR004924,completed,completed,2026-08-25T21:00:00
ACT00002402,REC00003319,USR004926,completed,completed,2026-09-17T09:00:00
ACT00002403,REC00003320,USR004927,viewed,viewed,2026-03-09T11:00:00
ACT00002404,REC00003321,USR004931,acknowledged,acknowledged,2026-06-06T21:00:00
ACT00002405,REC00003322,USR004934,acknowledged,acknowledged,2026-03-22T20:00:00
ACT00002406,REC00003323,USR004935,viewed,viewed,2026-08-29T21:00:00
ACT00002407,REC00003324,USR004936,viewed,viewed,2026-04-21T09:00:00
ACT00002408,REC00003326,USR004941,completed,completed,2026-09-03T05:00:00
ACT00002409,REC00003327,USR004942,viewed,viewed,2026-03-10T03:00:00
ACT00002410,REC00003328,USR004942,acknowledged,acknowledged,2026-06-21T20:00:00
ACT00002411,REC00003330,USR004948,viewed,viewed,2026-04-03T12:00:00
ACT00002412,REC00003333,USR004952,acknowledged,acknowledged,2026-07-28T17:00:00
ACT00002413,REC00003334,USR004953,viewed,viewed,2026-04-25T11:00:00
ACT00002414,REC00003335,USR004954,viewed,viewed,2026-06-22T04:00:00
ACT00002415,REC00003336,USR004957,viewed,viewed,2026-04-06T16:00:00
ACT00002416,REC00003337,USR004958,acknowledged,acknowledged,2026-02-21T17:00:00
ACT00002417,REC00003338,USR004960,viewed,viewed,2026-09-15T01:00:00
ACT00002418,REC00003339,USR004961,viewed,viewed,2026-07-05T00:00:00
ACT00002419,REC00003340,USR004963,completed,completed,2026-09-07T00:00:00
ACT00002420,REC00003341,USR004965,completed,completed,2026-07-01T19:00:00
ACT00002421,REC00003342,USR004966,completed,completed,2026-04-26T23:00:00
ACT00002422,REC00003343,USR004970,viewed,viewed,2026-09-15T22:00:00
ACT00002423,REC00003345,USR004973,viewed,viewed,2026-07-09T08:00:00
ACT00002424,REC00003346,USR004973,dismissed,dismissed,2026-08-20T19:00:00
ACT00002425,REC00003347,USR004974,viewed,viewed,2026-07-18T00:00:00
ACT00002426,REC00003348,USR004975,dismissed,dismissed,2026-05-07T06:00:00
ACT00002427,REC00003349,USR004977,acknowledged,acknowledged,2026-06-10T12:00:00
ACT00002428,REC00003350,USR004978,viewed,viewed,2026-03-25T18:00:00
ACT00002429,REC00003351,USR004978,acknowledged,acknowledged,2026-09-01T08:00:00
ACT00002430,REC00003352,USR004979,viewed,viewed,2026-08-28T09:00:00
ACT00002431,REC00003356,USR004986,viewed,viewed,2026-05-19T06:00:00
ACT00002432,REC00003359,USR004989,viewed,viewed,2026-07-24T05:00:00
ACT00002433,REC00003360,USR004989,completed,completed,2026-06-14T09:00:00
ACT00002434,REC00003361,USR004991,viewed,viewed,2026-08-17T05:00:00
ACT00002435,REC00003362,USR004994,dismissed,dismissed,2026-05-03T01:00:00
ACT00002436,REC00003363,USR004995,viewed,viewed,2026-07-29T19:00:00
ACT00002437,REC00003364,USR004999,completed,completed,2026-08-29T21:00:00
ACT00002438,REC00003366,USR005002,completed,completed,2026-06-25T04:00:00
ACT00002439,REC00003367,USR005003,completed,completed,2026-07-12T17:00:00
ACT00002440,REC00003368,USR005004,completed,completed,2026-06-11T05:00:00
ACT00002441,REC00003369,USR005005,acknowledged,acknowledged,2026-05-09T05:00:00
ACT00002442,REC00003370,USR005006,completed,completed,2026-07-13T01:00:00
ACT00002443,REC00003371,USR005006,completed,completed,2026-06-19T03:00:00
ACT00002444,REC00003372,USR005007,viewed,viewed,2026-07-10T22:00:00
ACT00002445,REC00003373,USR005008,dismissed,dismissed,2026-07-01T23:00:00
ACT00002446,REC00003374,USR005010,completed,completed,2026-03-21T03:00:00
ACT00002447,REC00003375,USR005011,viewed,viewed,2026-06-30T14:00:00
ACT00002448,REC00003376,USR005012,completed,completed,2026-06-27T17:00:00
ACT00002449,REC00003377,USR005018,viewed,viewed,2026-03-22T23:00:00
ACT00002450,REC00003378,USR005022,completed,completed,2026-03-12T05:00:00
ACT00002451,REC00003379,USR005023,completed,completed,2026-09-17T10:00:00
ACT00002452,REC00003380,USR005024,viewed,viewed,2026-09-14T15:00:00
ACT00002453,REC00003381,USR005030,dismissed,dismissed,2026-04-10T03:00:00
ACT00002454,REC00003382,USR005031,viewed,viewed,2026-05-14T14:00:00
ACT00002455,REC00003383,USR005032,viewed,viewed,2026-03-14T09:00:00
ACT00002456,REC00003385,USR005034,viewed,viewed,2026-01-24T00:00:00
ACT00002457,REC00003387,USR005035,viewed,viewed,2026-08-11T13:00:00
ACT00002458,REC00003388,USR005037,dismissed,dismissed,2026-03-12T18:00:00
ACT00002459,REC00003389,USR005039,completed,completed,2026-08-17T18:00:00
ACT00002460,REC00003390,USR005040,acknowledged,acknowledged,2026-05-06T22:00:00
ACT00002461,REC00003392,USR005043,acknowledged,acknowledged,2026-04-20T21:00:00
ACT00002462,REC00003393,USR005043,completed,completed,2026-07-25T15:00:00
ACT00002463,REC00003394,USR005046,viewed,viewed,2026-01-10T12:00:00
ACT00002464,REC00003395,USR005047,completed,completed,2026-04-20T01:00:00
ACT00002465,REC00003397,USR005048,viewed,viewed,2026-08-29T08:00:00
ACT00002466,REC00003398,USR005050,viewed,viewed,2026-07-29T03:00:00
ACT00002467,REC00003399,USR005050,acknowledged,acknowledged,2026-05-04T23:00:00
ACT00002468,REC00003401,USR005051,acknowledged,acknowledged,2026-09-15T07:00:00
ACT00002469,REC00003403,USR005052,viewed,viewed,2026-03-03T23:00:00
ACT00002470,REC00003406,USR005058,completed,completed,2026-08-15T10:00:00
ACT00002471,REC00003409,USR005063,viewed,viewed,2026-09-15T20:00:00
ACT00002472,REC00003410,USR005064,viewed,viewed,2026-02-02T16:00:00
ACT00002473,REC00003411,USR005065,viewed,viewed,2026-07-13T21:00:00
ACT00002474,REC00003412,USR005065,viewed,viewed,2026-08-30T12:00:00
ACT00002475,REC00003415,USR005068,completed,completed,2026-08-11T19:00:00
ACT00002476,REC00003417,USR005071,dismissed,dismissed,2026-05-28T14:00:00
ACT00002477,REC00003418,USR005074,viewed,viewed,2026-04-23T22:00:00
ACT00002478,REC00003419,USR005077,viewed,viewed,2026-09-17T16:00:00
ACT00002479,REC00003420,USR005078,viewed,viewed,2026-08-27T23:00:00
ACT00002480,REC00003421,USR005079,completed,completed,2026-07-09T03:00:00
ACT00002481,REC00003422,USR005081,viewed,viewed,2026-08-29T07:00:00
ACT00002482,REC00003424,USR005082,viewed,viewed,2026-02-26T19:00:00
ACT00002483,REC00003426,USR005087,dismissed,dismissed,2026-06-09T23:00:00
ACT00002484,REC00003427,USR005088,viewed,viewed,2026-07-28T04:00:00
ACT00002485,REC00003428,USR005090,acknowledged,acknowledged,2026-08-02T23:00:00
ACT00002486,REC00003429,USR005093,acknowledged,acknowledged,2026-09-15T13:00:00
ACT00002487,REC00003430,USR005096,viewed,viewed,2026-04-08T03:00:00
ACT00002488,REC00003431,USR005098,dismissed,dismissed,2026-07-21T13:00:00
ACT00002489,REC00003432,USR005101,viewed,viewed,2026-08-02T14:00:00
ACT00002490,REC00003434,USR005103,viewed,viewed,2026-06-18T08:00:00
ACT00002491,REC00003435,USR005105,viewed,viewed,2026-04-03T12:00:00
ACT00002492,REC00003436,USR005106,viewed,viewed,2026-06-14T16:00:00
ACT00002493,REC00003437,USR005107,dismissed,dismissed,2026-01-31T14:00:00
ACT00002494,REC00003438,USR005107,viewed,viewed,2026-05-04T19:00:00
ACT00002495,REC00003439,USR005109,acknowledged,acknowledged,2026-03-30T13:00:00
ACT00002496,REC00003440,USR005113,completed,completed,2026-06-07T05:00:00
ACT00002497,REC00003441,USR005115,viewed,viewed,2026-06-15T17:00:00
ACT00002498,REC00003442,USR005119,acknowledged,acknowledged,2026-02-09T19:00:00
ACT00002499,REC00003445,USR005121,viewed,viewed,2026-05-29T05:00:00
ACT00002500,REC00003446,USR005122,completed,completed,2026-04-17T16:00:00
ACT00002501,REC00003447,USR005123,completed,completed,2026-08-28T02:00:00
ACT00002502,REC00003448,USR005125,acknowledged,acknowledged,2026-09-14T18:00:00
ACT00002503,REC00003449,USR005126,viewed,viewed,2026-07-04T06:00:00
ACT00002504,REC00003452,USR005134,viewed,viewed,2026-07-06T06:00:00
ACT00002505,REC00003454,USR005135,acknowledged,acknowledged,2026-07-07T15:00:00
ACT00002506,REC00003455,USR005136,viewed,viewed,2026-03-17T15:00:00
ACT00002507,REC00003457,USR005137,viewed,viewed,2026-09-16T10:00:00
ACT00002508,REC00003459,USR005144,dismissed,dismissed,2026-04-30T04:00:00
ACT00002509,REC00003460,USR005145,viewed,viewed,2026-04-26T03:00:00
ACT00002510,REC00003461,USR005146,completed,completed,2026-07-19T17:00:00
ACT00002511,REC00003462,USR005147,acknowledged,acknowledged,2026-07-04T18:00:00
ACT00002512,REC00003463,USR005153,viewed,viewed,2026-06-25T08:00:00
ACT00002513,REC00003464,USR005156,viewed,viewed,2026-06-29T02:00:00
ACT00002514,REC00003465,USR005158,viewed,viewed,2026-06-13T12:00:00
ACT00002515,REC00003466,USR005160,acknowledged,acknowledged,2026-02-25T15:00:00
ACT00002516,REC00003468,USR005162,viewed,viewed,2026-06-02T00:00:00
ACT00002517,REC00003469,USR005164,viewed,viewed,2026-08-15T08:00:00
ACT00002518,REC00003470,USR005165,viewed,viewed,2026-08-24T18:00:00
ACT00002519,REC00003471,USR005166,viewed,viewed,2026-04-11T13:00:00
ACT00002520,REC00003472,USR005169,viewed,viewed,2026-03-17T00:00:00
ACT00002521,REC00003473,USR005170,viewed,viewed,2026-07-24T19:00:00
ACT00002522,REC00003475,USR005173,viewed,viewed,2026-01-24T08:00:00
ACT00002523,REC00003477,USR005175,acknowledged,acknowledged,2026-07-05T18:00:00
ACT00002524,REC00003478,USR005176,viewed,viewed,2026-09-07T03:00:00
ACT00002525,REC00003479,USR005179,completed,completed,2026-08-07T04:00:00
ACT00002526,REC00003480,USR005181,viewed,viewed,2026-07-20T00:00:00
ACT00002527,REC00003482,USR005183,viewed,viewed,2026-02-18T01:00:00
ACT00002528,REC00003484,USR005184,viewed,viewed,2026-09-13T03:00:00
ACT00002529,REC00003485,USR005185,viewed,viewed,2026-05-23T16:00:00
ACT00002530,REC00003487,USR005186,completed,completed,2026-06-22T22:00:00
ACT00002531,REC00003488,USR005188,acknowledged,acknowledged,2026-04-05T01:00:00
ACT00002532,REC00003489,USR005192,viewed,viewed,2026-06-18T01:00:00
ACT00002533,REC00003490,USR005193,viewed,viewed,2026-06-24T17:00:00
ACT00002534,REC00003491,USR005195,viewed,viewed,2026-09-17T16:00:00
ACT00002535,REC00003492,USR005198,viewed,viewed,2025-12-27T17:00:00
ACT00002536,REC00003493,USR005200,acknowledged,acknowledged,2026-04-05T14:00:00
ACT00002537,REC00003496,USR005203,viewed,viewed,2026-09-14T18:00:00
ACT00002538,REC00003497,USR005206,acknowledged,acknowledged,2026-09-05T21:00:00
ACT00002539,REC00003498,USR005208,viewed,viewed,2026-07-22T15:00:00
ACT00002540,REC00003500,USR005210,viewed,viewed,2026-06-13T17:00:00
ACT00002541,REC00003501,USR005210,completed,completed,2026-07-15T07:00:00
ACT00002542,REC00003503,USR005212,completed,completed,2026-07-20T05:00:00
ACT00002543,REC00003506,USR005219,acknowledged,acknowledged,2026-07-03T16:00:00
ACT00002544,REC00003507,USR005220,dismissed,dismissed,2026-09-18T11:00:00
ACT00002545,REC00003508,USR005225,acknowledged,acknowledged,2026-06-07T23:00:00
ACT00002546,REC00003509,USR005226,dismissed,dismissed,2026-09-17T05:00:00
ACT00002547,REC00003510,USR005227,viewed,viewed,2026-04-21T08:00:00
ACT00002548,REC00003511,USR005232,viewed,viewed,2026-05-28T01:00:00
ACT00002549,REC00003514,USR005237,completed,completed,2026-08-22T16:00:00
ACT00002550,REC00003515,USR005238,viewed,viewed,2026-07-02T10:00:00
ACT00002551,REC00003516,USR005238,viewed,viewed,2026-07-24T11:00:00
ACT00002552,REC00003517,USR005240,completed,completed,2026-09-11T04:00:00
ACT00002553,REC00003519,USR005245,viewed,viewed,2026-05-13T11:00:00
ACT00002554,REC00003520,USR005246,acknowledged,acknowledged,2026-08-07T01:00:00
ACT00002555,REC00003521,USR005247,acknowledged,acknowledged,2026-09-09T04:00:00
ACT00002556,REC00003522,USR005247,viewed,viewed,2026-09-17T16:00:00
ACT00002557,REC00003524,USR005249,viewed,viewed,2026-09-16T20:00:00
ACT00002558,REC00003525,USR005250,viewed,viewed,2026-06-21T03:00:00
ACT00002559,REC00003526,USR005252,viewed,viewed,2026-07-13T05:00:00
ACT00002560,REC00003527,USR005255,viewed,viewed,2026-06-10T02:00:00
ACT00002561,REC00003528,USR005256,completed,completed,2026-09-15T00:00:00
ACT00002562,REC00003529,USR005257,dismissed,dismissed,2026-03-28T04:00:00
ACT00002563,REC00003530,USR005259,viewed,viewed,2026-05-02T03:00:00
ACT00002564,REC00003531,USR005260,viewed,viewed,2026-04-17T17:00:00
ACT00002565,REC00003532,USR005263,viewed,viewed,2026-03-13T13:00:00
ACT00002566,REC00003533,USR005263,viewed,viewed,2026-01-10T09:00:00
ACT00002567,REC00003534,USR005264,completed,completed,2026-06-25T07:00:00
ACT00002568,REC00003535,USR005265,dismissed,dismissed,2026-05-06T01:00:00
ACT00002569,REC00003536,USR005267,acknowledged,acknowledged,2026-09-10T23:00:00
ACT00002570,REC00003537,USR005269,viewed,viewed,2026-06-16T23:00:00
ACT00002571,REC00003538,USR005270,acknowledged,acknowledged,2026-03-22T21:00:00
ACT00002572,REC00003539,USR005273,viewed,viewed,2026-02-23T21:00:00
ACT00002573,REC00003541,USR005276,viewed,viewed,2026-05-02T16:00:00
ACT00002574,REC00003542,USR005277,viewed,viewed,2026-07-23T15:00:00
ACT00002575,REC00003543,USR005279,completed,completed,2026-06-28T02:00:00
ACT00002576,REC00003546,USR005285,acknowledged,acknowledged,2026-03-31T10:00:00
ACT00002577,REC00003548,USR005288,dismissed,dismissed,2026-04-14T15:00:00
ACT00002578,REC00003549,USR005289,viewed,viewed,2026-08-04T06:00:00
ACT00002579,REC00003550,USR005291,viewed,viewed,2026-07-27T17:00:00
ACT00002580,REC00003551,USR005292,viewed,viewed,2026-03-24T11:00:00
ACT00002581,REC00003552,USR005293,completed,completed,2026-07-02T18:00:00
ACT00002582,REC00003553,USR005295,viewed,viewed,2026-07-14T01:00:00
ACT00002583,REC00003554,USR005296,viewed,viewed,2026-06-21T02:00:00
ACT00002584,REC00003556,USR005301,completed,completed,2026-09-15T23:00:00
ACT00002585,REC00003557,USR005302,viewed,viewed,2026-01-24T20:00:00
ACT00002586,REC00003559,USR005305,acknowledged,acknowledged,2026-08-11T13:00:00
ACT00002587,REC00003561,USR005309,viewed,viewed,2026-03-11T22:00:00
ACT00002588,REC00003563,USR005310,viewed,viewed,2026-04-06T05:00:00
ACT00002589,REC00003564,USR005311,viewed,viewed,2026-07-23T07:00:00
ACT00002590,REC00003565,USR005313,completed,completed,2026-02-26T23:00:00
ACT00002591,REC00003566,USR005315,viewed,viewed,2026-04-16T12:00:00
ACT00002592,REC00003567,USR005317,viewed,viewed,2026-08-11T08:00:00
ACT00002593,REC00003570,USR005321,acknowledged,acknowledged,2026-09-14T13:00:00
ACT00002594,REC00003571,USR005322,dismissed,dismissed,2026-08-28T22:00:00
ACT00002595,REC00003572,USR005323,completed,completed,2026-07-24T03:00:00
ACT00002596,REC00003573,USR005324,acknowledged,acknowledged,2026-06-09T17:00:00
ACT00002597,REC00003574,USR005324,completed,completed,2026-07-03T07:00:00
ACT00002598,REC00003575,USR005325,acknowledged,acknowledged,2026-04-23T13:00:00
ACT00002599,REC00003576,USR005326,viewed,viewed,2026-09-16T18:00:00
ACT00002600,REC00003578,USR005328,completed,completed,2026-06-04T04:00:00
ACT00002601,REC00003579,USR005331,viewed,viewed,2026-04-22T00:00:00
ACT00002602,REC00003580,USR005333,viewed,viewed,2026-09-16T07:00:00
ACT00002603,REC00003581,USR005336,acknowledged,acknowledged,2026-05-26T20:00:00
ACT00002604,REC00003582,USR005337,dismissed,dismissed,2026-06-26T13:00:00
ACT00002605,REC00003584,USR005341,acknowledged,acknowledged,2026-07-08T11:00:00
ACT00002606,REC00003585,USR005342,viewed,viewed,2026-05-26T21:00:00
ACT00002607,REC00003586,USR005343,viewed,viewed,2026-06-25T13:00:00
ACT00002608,REC00003587,USR005344,viewed,viewed,2026-06-05T19:00:00
ACT00002609,REC00003588,USR005345,viewed,viewed,2026-02-25T23:00:00
ACT00002610,REC00003589,USR005346,dismissed,dismissed,2026-07-03T08:00:00
ACT00002611,REC00003590,USR005348,completed,completed,2026-04-27T00:00:00
ACT00002612,REC00003591,USR005349,viewed,viewed,2026-07-07T05:00:00
ACT00002613,REC00003592,USR005350,dismissed,dismissed,2026-09-05T01:00:00
ACT00002614,REC00003593,USR005355,viewed,viewed,2026-02-20T08:00:00
ACT00002615,REC00003594,USR005356,acknowledged,acknowledged,2026-09-18T01:00:00
ACT00002616,REC00003595,USR005361,completed,completed,2026-09-12T00:00:00
ACT00002617,REC00003596,USR005362,viewed,viewed,2026-04-27T09:00:00
ACT00002618,REC00003597,USR005364,acknowledged,acknowledged,2026-04-02T06:00:00
ACT00002619,REC00003599,USR005367,viewed,viewed,2026-07-11T01:00:00
ACT00002620,REC00003600,USR005368,acknowledged,acknowledged,2026-07-04T17:00:00
ACT00002621,REC00003601,USR005369,viewed,viewed,2026-08-12T00:00:00
ACT00002622,REC00003602,USR005370,completed,completed,2026-05-20T05:00:00
ACT00002623,REC00003603,USR005371,viewed,viewed,2026-07-04T20:00:00
ACT00002624,REC00003605,USR005374,acknowledged,acknowledged,2026-02-08T06:00:00
ACT00002625,REC00003606,USR005375,acknowledged,acknowledged,2026-05-12T07:00:00
ACT00002626,REC00003607,USR005378,viewed,viewed,2026-04-19T02:00:00
ACT00002627,REC00003608,USR005381,viewed,viewed,2026-04-06T01:00:00
ACT00002628,REC00003609,USR005383,acknowledged,acknowledged,2026-07-19T17:00:00
ACT00002629,REC00003610,USR005383,acknowledged,acknowledged,2026-08-17T22:00:00
ACT00002630,REC00003611,USR005384,completed,completed,2026-07-07T00:00:00
ACT00002631,REC00003612,USR005385,completed,completed,2026-04-22T11:00:00
ACT00002632,REC00003613,USR005388,viewed,viewed,2026-07-04T11:00:00
ACT00002633,REC00003615,USR005390,viewed,viewed,2026-03-27T09:00:00
ACT00002634,REC00003616,USR005391,acknowledged,acknowledged,2026-04-05T19:00:00
ACT00002635,REC00003617,USR005392,dismissed,dismissed,2026-08-13T09:00:00
ACT00002636,REC00003618,USR005393,viewed,viewed,2026-08-07T07:00:00
ACT00002637,REC00003619,USR005397,completed,completed,2026-02-16T14:00:00
ACT00002638,REC00003620,USR005399,dismissed,dismissed,2026-06-07T11:00:00
ACT00002639,REC00003621,USR005400,viewed,viewed,2026-03-31T11:00:00
ACT00002640,REC00003622,USR005401,viewed,viewed,2026-06-13T15:00:00
ACT00002641,REC00003623,USR005403,dismissed,dismissed,2026-05-30T06:00:00
ACT00002642,REC00003624,USR005403,completed,completed,2026-04-16T04:00:00
ACT00002643,REC00003626,USR005405,dismissed,dismissed,2026-09-12T22:00:00
ACT00002644,REC00003628,USR005410,viewed,viewed,2026-08-27T05:00:00
ACT00002645,REC00003629,USR005412,completed,completed,2026-02-20T07:00:00
ACT00002646,REC00003630,USR005415,viewed,viewed,2026-06-16T05:00:00
ACT00002647,REC00003631,USR005416,completed,completed,2026-04-22T15:00:00
ACT00002648,REC00003632,USR005422,viewed,viewed,2026-08-31T18:00:00
ACT00002649,REC00003634,USR005425,viewed,viewed,2026-09-15T01:00:00
ACT00002650,REC00003635,USR005428,dismissed,dismissed,2026-09-16T13:00:00
ACT00002651,REC00003638,USR005433,acknowledged,acknowledged,2026-09-18T02:00:00
ACT00002652,REC00003639,USR005436,viewed,viewed,2026-04-13T22:00:00
ACT00002653,REC00003640,USR005438,viewed,viewed,2026-03-12T09:00:00
ACT00002654,REC00003641,USR005439,completed,completed,2026-07-10T12:00:00
ACT00002655,REC00003642,USR005440,completed,completed,2026-07-14T21:00:00
ACT00002656,REC00003644,USR005443,completed,completed,2026-05-09T23:00:00
ACT00002657,REC00003645,USR005447,viewed,viewed,2026-08-23T06:00:00
ACT00002658,REC00003646,USR005450,completed,completed,2026-07-16T04:00:00
ACT00002659,REC00003650,USR005456,viewed,viewed,2026-07-16T07:00:00
ACT00002660,REC00003651,USR005457,viewed,viewed,2026-07-05T06:00:00
ACT00002661,REC00003652,USR005458,viewed,viewed,2026-09-15T05:00:00
ACT00002662,REC00003653,USR005459,viewed,viewed,2026-09-07T06:00:00
ACT00002663,REC00003654,USR005460,acknowledged,acknowledged,2026-07-28T10:00:00
ACT00002664,REC00003656,USR005462,completed,completed,2026-09-16T18:00:00
ACT00002665,REC00003657,USR005463,viewed,viewed,2026-07-15T00:00:00
ACT00002666,REC00003659,USR005465,acknowledged,acknowledged,2026-07-24T12:00:00
ACT00002667,REC00003660,USR005466,viewed,viewed,2026-05-07T01:00:00
ACT00002668,REC00003662,USR005472,completed,completed,2026-07-12T15:00:00
ACT00002669,REC00003663,USR005473,viewed,viewed,2026-05-05T06:00:00
ACT00002670,REC00003664,USR005475,completed,completed,2026-05-01T18:00:00
ACT00002671,REC00003665,USR005476,completed,completed,2026-04-20T20:00:00
ACT00002672,REC00003666,USR005477,viewed,viewed,2026-03-30T21:00:00
ACT00002673,REC00003667,USR005478,completed,completed,2026-08-11T06:00:00
ACT00002674,REC00003668,USR005480,completed,completed,2026-09-17T06:00:00
ACT00002675,REC00003670,USR005484,viewed,viewed,2026-01-14T23:00:00
ACT00002676,REC00003671,USR005485,dismissed,dismissed,2026-07-02T20:00:00
ACT00002677,REC00003672,USR005487,completed,completed,2026-07-02T03:00:00
ACT00002678,REC00003677,USR005494,acknowledged,acknowledged,2026-03-07T01:00:00
ACT00002679,REC00003678,USR005494,acknowledged,acknowledged,2026-03-14T21:00:00
ACT00002680,REC00003679,USR005495,viewed,viewed,2026-05-15T19:00:00
ACT00002681,REC00003681,USR005498,acknowledged,acknowledged,2026-09-16T02:00:00
ACT00002682,REC00003683,USR005500,viewed,viewed,2026-09-15T05:00:00
ACT00002683,REC00003684,USR005502,acknowledged,acknowledged,2026-06-18T23:00:00
ACT00002684,REC00003685,USR005503,viewed,viewed,2026-08-10T23:00:00
ACT00002685,REC00003686,USR005504,acknowledged,acknowledged,2026-03-27T21:00:00
ACT00002686,REC00003687,USR005505,completed,completed,2026-01-17T07:00:00
ACT00002687,REC00003688,USR005506,viewed,viewed,2026-07-09T11:00:00
ACT00002688,REC00003689,USR005507,viewed,viewed,2026-09-05T19:00:00
ACT00002689,REC00003690,USR005507,viewed,viewed,2026-07-24T03:00:00
ACT00002690,REC00003692,USR005508,viewed,viewed,2026-07-03T14:00:00
ACT00002691,REC00003694,USR005510,viewed,viewed,2026-08-07T18:00:00
ACT00002692,REC00003695,USR005511,dismissed,dismissed,2026-06-16T15:00:00
ACT00002693,REC00003696,USR005513,viewed,viewed,2026-07-25T15:00:00
ACT00002694,REC00003697,USR005514,viewed,viewed,2026-07-24T16:00:00
ACT00002695,REC00003699,USR005515,acknowledged,acknowledged,2026-08-03T10:00:00
ACT00002696,REC00003701,USR005518,dismissed,dismissed,2026-09-06T02:00:00
ACT00002697,REC00003702,USR005522,acknowledged,acknowledged,2026-09-17T19:00:00
ACT00002698,REC00003704,USR005523,viewed,viewed,2026-07-24T18:00:00
ACT00002699,REC00003705,USR005527,viewed,viewed,2026-06-11T03:00:00
ACT00002700,REC00003706,USR005531,acknowledged,acknowledged,2026-09-05T18:00:00
ACT00002701,REC00003708,USR005537,acknowledged,acknowledged,2026-09-05T05:00:00
ACT00002702,REC00003709,USR005538,acknowledged,acknowledged,2026-09-14T17:00:00
ACT00002703,REC00003710,USR005539,dismissed,dismissed,2026-06-04T22:00:00
ACT00002704,REC00003711,USR005540,completed,completed,2026-07-02T00:00:00
ACT00002705,REC00003713,USR005544,dismissed,dismissed,2026-04-04T03:00:00
ACT00002706,REC00003714,USR005546,dismissed,dismissed,2026-09-17T02:00:00
ACT00002707,REC00003715,USR005547,viewed,viewed,2026-04-08T17:00:00
ACT00002708,REC00003716,USR005550,viewed,viewed,2026-03-04T06:00:00
ACT00002709,REC00003720,USR005554,dismissed,dismissed,2026-07-07T09:00:00
ACT00002710,REC00003722,USR005556,viewed,viewed,2026-09-11T02:00:00
ACT00002711,REC00003723,USR005558,completed,completed,2026-09-16T00:00:00
ACT00002712,REC00003724,USR005559,completed,completed,2026-08-25T05:00:00
ACT00002713,REC00003726,USR005560,completed,completed,2026-06-19T09:00:00
ACT00002714,REC00003727,USR005561,dismissed,dismissed,2026-06-20T03:00:00
ACT00002715,REC00003728,USR005562,viewed,viewed,2026-07-30T18:00:00
ACT00002716,REC00003732,USR005569,viewed,viewed,2026-04-16T20:00:00
ACT00002717,REC00003733,USR005570,completed,completed,2026-06-03T18:00:00
ACT00002718,REC00003734,USR005571,viewed,viewed,2026-05-15T12:00:00
ACT00002719,REC00003735,USR005573,completed,completed,2026-05-18T15:00:00
ACT00002720,REC00003736,USR005574,completed,completed,2026-03-27T06:00:00
ACT00002721,REC00003737,USR005576,viewed,viewed,2026-09-16T05:00:00
ACT00002722,REC00003739,USR005578,completed,completed,2026-07-14T19:00:00
ACT00002723,REC00003740,USR005579,viewed,viewed,2026-05-12T04:00:00
ACT00002724,REC00003741,USR005580,acknowledged,acknowledged,2026-04-27T10:00:00
ACT00002725,REC00003742,USR005582,completed,completed,2026-07-29T23:00:00
ACT00002726,REC00003743,USR005585,viewed,viewed,2026-09-14T17:00:00
ACT00002727,REC00003744,USR005585,acknowledged,acknowledged,2026-08-14T05:00:00
ACT00002728,REC00003745,USR005587,acknowledged,acknowledged,2026-05-20T10:00:00
ACT00002729,REC00003746,USR005590,completed,completed,2026-07-02T01:00:00
ACT00002730,REC00003747,USR005593,viewed,viewed,2026-07-09T15:00:00
ACT00002731,REC00003748,USR005594,acknowledged,acknowledged,2026-03-03T04:00:00
ACT00002732,REC00003749,USR005595,completed,completed,2026-02-17T08:00:00
ACT00002733,REC00003750,USR005597,viewed,viewed,2026-05-04T23:00:00
ACT00002734,REC00003751,USR005599,completed,completed,2026-08-13T22:00:00
ACT00002735,REC00003752,USR005603,viewed,viewed,2026-09-13T07:00:00
ACT00002736,REC00003753,USR005605,completed,completed,2026-04-19T13:00:00
ACT00002737,REC00003754,USR005606,viewed,viewed,2026-07-20T13:00:00
ACT00002738,REC00003755,USR005606,completed,completed,2026-03-15T23:00:00
ACT00002739,REC00003756,USR005607,acknowledged,acknowledged,2026-09-17T18:00:00
ACT00002740,REC00003757,USR005607,viewed,viewed,2026-06-12T20:00:00
ACT00002741,REC00003758,USR005612,viewed,viewed,2026-08-11T14:00:00
ACT00002742,REC00003759,USR005613,dismissed,dismissed,2026-09-11T02:00:00
ACT00002743,REC00003760,USR005614,acknowledged,acknowledged,2026-09-17T02:00:00
ACT00002744,REC00003762,USR005616,viewed,viewed,2026-07-06T02:00:00
ACT00002745,REC00003763,USR005619,viewed,viewed,2026-09-15T17:00:00
ACT00002746,REC00003764,USR005620,viewed,viewed,2026-09-05T05:00:00
ACT00002747,REC00003765,USR005622,viewed,viewed,2026-05-16T18:00:00
ACT00002748,REC00003767,USR005626,viewed,viewed,2026-07-23T13:00:00
ACT00002749,REC00003769,USR005627,viewed,viewed,2026-06-11T01:00:00
ACT00002750,REC00003770,USR005629,completed,completed,2026-04-16T09:00:00
ACT00002751,REC00003771,USR005630,viewed,viewed,2026-07-14T18:00:00
ACT00002752,REC00003772,USR005631,completed,completed,2026-01-23T17:00:00
ACT00002753,REC00003774,USR005634,completed,completed,2026-05-22T10:00:00
ACT00002754,REC00003775,USR005636,viewed,viewed,2026-09-18T07:00:00
ACT00002755,REC00003776,USR005637,completed,completed,2026-09-11T16:00:00
ACT00002756,REC00003777,USR005638,viewed,viewed,2026-04-11T03:00:00
ACT00002757,REC00003781,USR005643,viewed,viewed,2026-06-29T17:00:00
ACT00002758,REC00003787,USR005656,viewed,viewed,2026-09-16T15:00:00
ACT00002759,REC00003789,USR005658,viewed,viewed,2026-08-02T02:00:00
ACT00002760,REC00003792,USR005662,acknowledged,acknowledged,2026-04-17T16:00:00
ACT00002761,REC00003793,USR005663,acknowledged,acknowledged,2026-02-17T20:00:00
ACT00002762,REC00003794,USR005664,acknowledged,acknowledged,2026-06-26T21:00:00
ACT00002763,REC00003797,USR005667,viewed,viewed,2026-09-17T09:00:00
ACT00002764,REC00003798,USR005668,viewed,viewed,2026-02-26T14:00:00
ACT00002765,REC00003799,USR005670,acknowledged,acknowledged,2026-04-23T03:00:00
ACT00002766,REC00003803,USR005676,completed,completed,2026-04-26T18:00:00
ACT00002767,REC00003804,USR005677,dismissed,dismissed,2026-06-07T11:00:00
ACT00002768,REC00003807,USR005681,completed,completed,2026-04-15T20:00:00
ACT00002769,REC00003808,USR005683,acknowledged,acknowledged,2026-04-11T19:00:00
ACT00002770,REC00003809,USR005684,acknowledged,acknowledged,2026-03-20T09:00:00
ACT00002771,REC00003811,USR005691,viewed,viewed,2026-08-03T19:00:00
ACT00002772,REC00003812,USR005691,completed,completed,2026-03-17T03:00:00
ACT00002773,REC00003816,USR005698,acknowledged,acknowledged,2026-09-18T02:00:00
ACT00002774,REC00003817,USR005700,viewed,viewed,2026-07-14T20:00:00
ACT00002775,REC00003821,USR005703,acknowledged,acknowledged,2026-09-17T12:00:00
ACT00002776,REC00003822,USR005704,acknowledged,acknowledged,2026-09-03T00:00:00
ACT00002777,REC00003823,USR005705,viewed,viewed,2026-07-29T00:00:00
ACT00002778,REC00003824,USR005707,acknowledged,acknowledged,2026-06-11T20:00:00
ACT00002779,REC00003826,USR005709,viewed,viewed,2026-04-23T20:00:00
ACT00002780,REC00003827,USR005710,completed,completed,2026-07-28T16:00:00
ACT00002781,REC00003828,USR005712,completed,completed,2026-07-14T19:00:00
ACT00002782,REC00003829,USR005713,completed,completed,2026-04-04T16:00:00
ACT00002783,REC00003830,USR005714,dismissed,dismissed,2026-07-31T13:00:00
ACT00002784,REC00003831,USR005717,viewed,viewed,2026-08-10T07:00:00
ACT00002785,REC00003832,USR005718,dismissed,dismissed,2026-03-07T13:00:00
ACT00002786,REC00003833,USR005720,viewed,viewed,2026-07-16T13:00:00
ACT00002787,REC00003834,USR005721,viewed,viewed,2026-09-06T09:00:00
ACT00002788,REC00003837,USR005723,viewed,viewed,2026-05-14T06:00:00
ACT00002789,REC00003838,USR005724,dismissed,dismissed,2026-05-18T02:00:00
ACT00002790,REC00003839,USR005727,completed,completed,2026-09-14T17:00:00
ACT00002791,REC00003841,USR005729,viewed,viewed,2026-05-21T09:00:00
ACT00002792,REC00003842,USR005731,viewed,viewed,2026-06-28T23:00:00
ACT00002793,REC00003843,USR005733,dismissed,dismissed,2026-05-08T15:00:00
ACT00002794,REC00003844,USR005736,acknowledged,acknowledged,2026-09-01T20:00:00
ACT00002795,REC00003845,USR005737,viewed,viewed,2026-07-12T20:00:00
ACT00002796,REC00003846,USR005737,completed,completed,2026-08-17T07:00:00
ACT00002797,REC00003848,USR005743,acknowledged,acknowledged,2026-09-12T00:00:00
ACT00002798,REC00003849,USR005744,viewed,viewed,2026-03-26T08:00:00
ACT00002799,REC00003850,USR005744,viewed,viewed,2026-02-15T03:00:00
ACT00002800,REC00003851,USR005745,dismissed,dismissed,2026-06-05T02:00:00
ACT00002801,REC00003853,USR005747,completed,completed,2026-06-11T23:00:00
ACT00002802,REC00003854,USR005748,viewed,viewed,2026-05-19T15:00:00
ACT00002803,REC00003855,USR005749,viewed,viewed,2026-05-06T11:00:00
ACT00002804,REC00003856,USR005750,viewed,viewed,2026-05-25T00:00:00
ACT00002805,REC00003857,USR005752,completed,completed,2026-02-12T16:00:00
ACT00002806,REC00003858,USR005755,acknowledged,acknowledged,2026-06-16T12:00:00
ACT00002807,REC00003859,USR005757,viewed,viewed,2026-08-17T02:00:00
ACT00002808,REC00003860,USR005758,dismissed,dismissed,2026-09-15T16:00:00
ACT00002809,REC00003862,USR005761,acknowledged,acknowledged,2026-05-11T19:00:00
ACT00002810,REC00003863,USR005761,acknowledged,acknowledged,2026-06-29T09:00:00
ACT00002811,REC00003864,USR005762,completed,completed,2026-02-25T06:00:00
ACT00002812,REC00003867,USR005765,completed,completed,2026-09-18T12:00:00
ACT00002813,REC00003868,USR005765,viewed,viewed,2026-05-31T08:00:00
ACT00002814,REC00003869,USR005766,viewed,viewed,2026-04-02T22:00:00
ACT00002815,REC00003872,USR005768,acknowledged,acknowledged,2026-08-22T14:00:00
ACT00002816,REC00003873,USR005769,viewed,viewed,2026-08-22T06:00:00
ACT00002817,REC00003874,USR005770,completed,completed,2026-07-10T19:00:00
ACT00002818,REC00003875,USR005771,viewed,viewed,2026-03-24T09:00:00
ACT00002819,REC00003876,USR005772,viewed,viewed,2026-03-31T23:00:00
ACT00002820,REC00003878,USR005774,viewed,viewed,2026-07-26T16:00:00
ACT00002821,REC00003880,USR005776,completed,completed,2026-09-14T23:00:00
ACT00002822,REC00003881,USR005777,viewed,viewed,2026-05-31T08:00:00
ACT00002823,REC00003883,USR005779,acknowledged,acknowledged,2026-09-13T13:00:00
ACT00002824,REC00003887,USR005781,dismissed,dismissed,2026-04-21T12:00:00
ACT00002825,REC00003888,USR005782,completed,completed,2026-07-26T23:00:00
ACT00002826,REC00003889,USR005786,completed,completed,2026-07-19T17:00:00
ACT00002827,REC00003890,USR005787,viewed,viewed,2026-07-05T21:00:00
ACT00002828,REC00003892,USR005793,acknowledged,acknowledged,2026-05-07T06:00:00
ACT00002829,REC00003893,USR005796,viewed,viewed,2026-09-16T08:00:00
ACT00002830,REC00003894,USR005799,viewed,viewed,2026-06-30T07:00:00
ACT00002831,REC00003895,USR005800,viewed,viewed,2026-08-19T00:00:00
ACT00002832,REC00003896,USR005801,completed,completed,2026-06-29T20:00:00
ACT00002833,REC00003897,USR005802,acknowledged,acknowledged,2026-06-23T18:00:00
ACT00002834,REC00003900,USR005805,viewed,viewed,2026-07-06T17:00:00
ACT00002835,REC00003901,USR005807,acknowledged,acknowledged,2026-09-16T21:00:00
ACT00002836,REC00003903,USR005811,viewed,viewed,2026-05-03T13:00:00
ACT00002837,REC00003905,USR005814,completed,completed,2026-07-16T18:00:00
ACT00002838,REC00003906,USR005815,viewed,viewed,2026-07-29T13:00:00
ACT00002839,REC00003907,USR005815,completed,completed,2026-02-02T23:00:00
ACT00002840,REC00003908,USR005816,completed,completed,2026-05-30T04:00:00
ACT00002841,REC00003909,USR005816,viewed,viewed,2026-06-19T04:00:00
ACT00002842,REC00003911,USR005820,dismissed,dismissed,2026-06-30T18:00:00
ACT00002843,REC00003912,USR005822,viewed,viewed,2026-09-15T05:00:00
ACT00002844,REC00003913,USR005825,viewed,viewed,2026-02-01T17:00:00
ACT00002845,REC00003914,USR005826,dismissed,dismissed,2026-09-15T08:00:00
ACT00002846,REC00003916,USR005830,acknowledged,acknowledged,2026-08-29T21:00:00
ACT00002847,REC00003917,USR005831,viewed,viewed,2026-08-21T17:00:00
ACT00002848,REC00003918,USR005833,dismissed,dismissed,2026-04-13T14:00:00
ACT00002849,REC00003919,USR005835,completed,completed,2026-02-26T03:00:00
ACT00002850,REC00003920,USR005838,completed,completed,2026-05-12T16:00:00
ACT00002851,REC00003922,USR005840,viewed,viewed,2026-09-18T01:00:00
ACT00002852,REC00003923,USR005841,completed,completed,2026-03-25T20:00:00
ACT00002853,REC00003924,USR005842,acknowledged,acknowledged,2026-02-08T12:00:00
ACT00002854,REC00003926,USR005844,viewed,viewed,2026-06-19T01:00:00
ACT00002855,REC00003929,USR005847,acknowledged,acknowledged,2026-09-16T04:00:00
ACT00002856,REC00003930,USR005850,viewed,viewed,2026-05-26T17:00:00
ACT00002857,REC00003931,USR005852,acknowledged,acknowledged,2026-06-07T09:00:00
ACT00002858,REC00003932,USR005854,dismissed,dismissed,2026-05-25T16:00:00
ACT00002859,REC00003934,USR005864,viewed,viewed,2026-04-16T01:00:00
ACT00002860,REC00003935,USR005865,dismissed,dismissed,2026-02-04T14:00:00
ACT00002861,REC00003936,USR005865,viewed,viewed,2026-06-17T01:00:00
ACT00002862,REC00003937,USR005867,viewed,viewed,2026-07-23T13:00:00
ACT00002863,REC00003939,USR005869,dismissed,dismissed,2026-05-06T16:00:00
ACT00002864,REC00003940,USR005870,viewed,viewed,2026-04-28T09:00:00
ACT00002865,REC00003941,USR005871,acknowledged,acknowledged,2026-06-21T11:00:00
ACT00002866,REC00003943,USR005875,viewed,viewed,2026-05-13T18:00:00
ACT00002867,REC00003944,USR005876,viewed,viewed,2026-06-15T10:00:00
ACT00002868,REC00003945,USR005877,viewed,viewed,2026-02-25T16:00:00
ACT00002869,REC00003948,USR005882,viewed,viewed,2026-08-01T12:00:00
ACT00002870,REC00003949,USR005884,viewed,viewed,2026-07-08T16:00:00
ACT00002871,REC00003950,USR005887,dismissed,dismissed,2026-05-30T17:00:00
ACT00002872,REC00003951,USR005892,acknowledged,acknowledged,2026-06-14T19:00:00
ACT00002873,REC00003952,USR005894,dismissed,dismissed,2026-09-08T01:00:00
ACT00002874,REC00003953,USR005895,acknowledged,acknowledged,2026-03-15T12:00:00
ACT00002875,REC00003954,USR005896,completed,completed,2026-06-22T14:00:00
ACT00002876,REC00003955,USR005896,viewed,viewed,2026-06-06T16:00:00
ACT00002877,REC00003956,USR005897,dismissed,dismissed,2026-06-14T00:00:00
ACT00002878,REC00003957,USR005898,acknowledged,acknowledged,2026-05-30T12:00:00
ACT00002879,REC00003959,USR005900,acknowledged,acknowledged,2026-02-18T17:00:00
ACT00002880,REC00003960,USR005901,viewed,viewed,2026-08-14T04:00:00
ACT00002881,REC00003961,USR005902,viewed,viewed,2026-09-02T16:00:00
ACT00002882,REC00003962,USR005903,viewed,viewed,2026-03-11T03:00:00
ACT00002883,REC00003963,USR005907,viewed,viewed,2026-07-28T21:00:00
ACT00002884,REC00003964,USR005908,viewed,viewed,2026-09-17T14:00:00
ACT00002885,REC00003966,USR005911,viewed,viewed,2026-04-26T13:00:00
ACT00002886,REC00003967,USR005915,viewed,viewed,2026-06-18T10:00:00
ACT00002887,REC00003968,USR005920,acknowledged,acknowledged,2026-06-01T05:00:00
ACT00002888,REC00003972,USR005925,viewed,viewed,2026-02-04T08:00:00
ACT00002889,REC00003973,USR005926,viewed,viewed,2026-09-15T02:00:00
ACT00002890,REC00003976,USR005930,viewed,viewed,2026-06-15T05:00:00
ACT00002891,REC00003977,USR005932,dismissed,dismissed,2026-09-14T17:00:00
ACT00002892,REC00003978,USR005933,viewed,viewed,2026-09-01T14:00:00
ACT00002893,REC00003979,USR005934,completed,completed,2026-02-20T01:00:00
ACT00002894,REC00003980,USR005935,viewed,viewed,2026-08-04T19:00:00
ACT00002895,REC00003981,USR005936,viewed,viewed,2026-03-30T01:00:00
ACT00002896,REC00003982,USR005938,acknowledged,acknowledged,2026-05-14T02:00:00
ACT00002897,REC00003984,USR005941,viewed,viewed,2026-03-20T02:00:00
ACT00002898,REC00003985,USR005942,viewed,viewed,2026-05-16T21:00:00
ACT00002899,REC00003986,USR005943,completed,completed,2026-07-02T06:00:00
ACT00002900,REC00003987,USR005945,viewed,viewed,2026-07-26T12:00:00
ACT00002901,REC00003988,USR005947,acknowledged,acknowledged,2026-09-02T08:00:00
ACT00002902,REC00003989,USR005948,viewed,viewed,2026-07-21T19:00:00
ACT00002903,REC00003990,USR005948,viewed,viewed,2026-05-22T08:00:00
ACT00002904,REC00003992,USR005951,completed,completed,2026-06-02T16:00:00
ACT00002905,REC00003994,USR005953,completed,completed,2026-06-23T03:00:00
ACT00002906,REC00003997,USR005957,completed,completed,2026-08-21T11:00:00
ACT00002907,REC00003998,USR005958,completed,completed,2026-05-10T07:00:00
ACT00002908,REC00003999,USR005959,dismissed,dismissed,2026-09-17T16:00:00
ACT00002909,REC00004004,USR005966,viewed,viewed,2026-03-04T08:00:00
ACT00002910,REC00004005,USR005967,completed,completed,2026-08-12T23:00:00
ACT00002911,REC00004006,USR005968,completed,completed,2026-09-16T19:00:00
ACT00002912,REC00004007,USR005969,viewed,viewed,2026-06-30T07:00:00
ACT00002913,REC00004008,USR005971,viewed,viewed,2026-07-04T01:00:00
ACT00002914,REC00004011,USR005974,completed,completed,2026-06-29T04:00:00
ACT00002915,REC00004012,USR005975,completed,completed,2026-07-01T04:00:00
ACT00002916,REC00004013,USR005976,viewed,viewed,2026-06-06T01:00:00
ACT00002917,REC00004014,USR005978,viewed,viewed,2026-03-21T18:00:00
ACT00002918,REC00004015,USR005979,acknowledged,acknowledged,2026-03-08T04:00:00
ACT00002919,REC00004016,USR005979,viewed,viewed,2026-08-27T10:00:00
ACT00002920,REC00004017,USR005981,completed,completed,2026-02-18T06:00:00
ACT00002921,REC00004018,USR005984,viewed,viewed,2026-08-25T02:00:00
ACT00002922,REC00004020,USR005987,acknowledged,acknowledged,2026-08-28T11:00:00
ACT00002923,REC00004022,USR005993,completed,completed,2026-06-08T21:00:00
ACT00002924,REC00004023,USR005994,viewed,viewed,2026-09-15T21:00:00
ACT00002925,REC00004024,USR005996,acknowledged,acknowledged,2026-07-24T16:00:00
ACT00002926,REC00004025,USR005997,viewed,viewed,2026-07-22T14:00:00
ACT00002927,REC00004026,USR005998,viewed,viewed,2026-09-16T16:00:00
ACT00002928,REC00004029,USR006000,acknowledged,acknowledged,2026-05-01T10:00:00
ACT00002929,REC00004031,USR006003,dismissed,dismissed,2026-09-16T17:00:00
ACT00002930,REC00004032,USR006005,viewed,viewed,2026-07-16T20:00:00
ACT00002931,REC00004033,USR006006,dismissed,dismissed,2026-05-08T12:00:00
ACT00002932,REC00004035,USR006011,acknowledged,acknowledged,2026-09-04T13:00:00
ACT00002933,REC00004036,USR006013,viewed,viewed,2026-05-16T04:00:00
ACT00002934,REC00004037,USR006013,viewed,viewed,2026-03-26T18:00:00
ACT00002935,REC00004041,USR006017,acknowledged,acknowledged,2026-07-13T21:00:00
ACT00002936,REC00004042,USR006018,viewed,viewed,2026-07-18T11:00:00
ACT00002937,REC00004043,USR006019,acknowledged,acknowledged,2026-08-13T02:00:00
ACT00002938,REC00004044,USR006019,viewed,viewed,2026-07-23T12:00:00
ACT00002939,REC00004046,USR006021,completed,completed,2026-08-04T23:00:00
ACT00002940,REC00004048,USR006027,completed,completed,2026-09-18T02:00:00
ACT00002941,REC00004049,USR006028,completed,completed,2026-08-04T13:00:00
ACT00002942,REC00004050,USR006031,viewed,viewed,2026-04-24T12:00:00
ACT00002943,REC00004052,USR006034,acknowledged,acknowledged,2026-05-05T11:00:00
ACT00002944,REC00004053,USR006036,completed,completed,2026-06-24T08:00:00
ACT00002945,REC00004055,USR006043,viewed,viewed,2026-06-17T10:00:00
ACT00002946,REC00004056,USR006045,viewed,viewed,2026-07-16T20:00:00
ACT00002947,REC00004058,USR006047,completed,completed,2026-09-05T17:00:00
ACT00002948,REC00004059,USR006048,acknowledged,acknowledged,2026-05-22T23:00:00
ACT00002949,REC00004060,USR006049,dismissed,dismissed,2026-06-15T00:00:00
ACT00002950,REC00004061,USR006050,acknowledged,acknowledged,2026-04-13T14:00:00
ACT00002951,REC00004063,USR006052,viewed,viewed,2026-08-21T23:00:00
ACT00002952,REC00004064,USR006054,acknowledged,acknowledged,2026-04-23T21:00:00
ACT00002953,REC00004065,USR006055,viewed,viewed,2026-06-02T02:00:00
ACT00002954,REC00004066,USR006056,viewed,viewed,2026-03-23T17:00:00
ACT00002955,REC00004067,USR006057,viewed,viewed,2026-05-30T13:00:00
ACT00002956,REC00004068,USR006057,viewed,viewed,2026-02-27T06:00:00
ACT00002957,REC00004069,USR006058,acknowledged,acknowledged,2026-04-10T07:00:00
ACT00002958,REC00004071,USR006060,acknowledged,acknowledged,2026-09-15T03:00:00
ACT00002959,REC00004072,USR006061,viewed,viewed,2026-07-17T18:00:00
ACT00002960,REC00004075,USR006069,acknowledged,acknowledged,2026-08-18T04:00:00
ACT00002961,REC00004077,USR006072,viewed,viewed,2026-04-25T23:00:00
ACT00002962,REC00004081,USR006076,dismissed,dismissed,2026-06-03T16:00:00
ACT00002963,REC00004083,USR006080,acknowledged,acknowledged,2026-07-31T08:00:00
ACT00002964,REC00004084,USR006083,completed,completed,2026-09-04T05:00:00
ACT00002965,REC00004085,USR006083,completed,completed,2026-08-15T09:00:00
ACT00002966,REC00004086,USR006085,viewed,viewed,2026-03-25T14:00:00
ACT00002967,REC00004088,USR006088,viewed,viewed,2026-05-16T13:00:00
ACT00002968,REC00004090,USR006091,completed,completed,2026-02-10T18:00:00
ACT00002969,REC00004091,USR006092,dismissed,dismissed,2026-08-19T18:00:00
ACT00002970,REC00004092,USR006097,viewed,viewed,2026-08-17T08:00:00
ACT00002971,REC00004093,USR006100,dismissed,dismissed,2026-06-12T19:00:00
ACT00002972,REC00004094,USR006101,viewed,viewed,2026-06-24T02:00:00
ACT00002973,REC00004095,USR006104,viewed,viewed,2026-06-08T01:00:00
ACT00002974,REC00004096,USR006109,viewed,viewed,2026-08-12T13:00:00
ACT00002975,REC00004097,USR006111,completed,completed,2026-05-15T22:00:00
ACT00002976,REC00004098,USR006112,dismissed,dismissed,2026-02-08T07:00:00
ACT00002977,REC00004099,USR006113,viewed,viewed,2026-01-30T04:00:00
ACT00002978,REC00004100,USR006115,acknowledged,acknowledged,2026-09-07T04:00:00
ACT00002979,REC00004101,USR006117,viewed,viewed,2026-06-18T16:00:00
ACT00002980,REC00004103,USR006122,viewed,viewed,2026-09-15T21:00:00
ACT00002981,REC00004105,USR006124,completed,completed,2026-07-15T14:00:00
ACT00002982,REC00004106,USR006126,completed,completed,2026-04-14T20:00:00
ACT00002983,REC00004107,USR006127,completed,completed,2026-09-17T15:00:00
ACT00002984,REC00004108,USR006127,completed,completed,2026-06-20T08:00:00
ACT00002985,REC00004109,USR006129,acknowledged,acknowledged,2026-07-25T11:00:00
ACT00002986,REC00004110,USR006130,viewed,viewed,2026-09-16T09:00:00
ACT00002987,REC00004111,USR006131,dismissed,dismissed,2026-05-23T06:00:00
ACT00002988,REC00004112,USR006134,dismissed,dismissed,2026-08-07T01:00:00
ACT00002989,REC00004115,USR006138,completed,completed,2026-08-02T23:00:00
ACT00002990,REC00004116,USR006139,viewed,viewed,2026-04-10T22:00:00
ACT00002991,REC00004117,USR006139,viewed,viewed,2026-04-06T07:00:00
ACT00002992,REC00004118,USR006141,viewed,viewed,2026-09-14T22:00:00
ACT00002993,REC00004120,USR006143,completed,completed,2026-03-08T22:00:00
ACT00002994,REC00004123,USR006148,viewed,viewed,2026-02-20T05:00:00
ACT00002995,REC00004126,USR006154,viewed,viewed,2026-05-08T21:00:00
ACT00002996,REC00004127,USR006155,viewed,viewed,2026-05-03T12:00:00
ACT00002997,REC00004128,USR006156,acknowledged,acknowledged,2026-09-15T04:00:00
ACT00002998,REC00004129,USR006157,viewed,viewed,2026-09-17T22:00:00
ACT00002999,REC00004130,USR006158,completed,completed,2026-07-15T02:00:00
ACT00003000,REC00004131,USR006159,acknowledged,acknowledged,2026-03-29T22:00:00
ACT00003001,REC00004132,USR006160,viewed,viewed,2026-02-24T14:00:00
ACT00003002,REC00004133,USR006161,viewed,viewed,2026-08-19T15:00:00
ACT00003003,REC00004135,USR006163,acknowledged,acknowledged,2026-06-18T18:00:00
ACT00003004,REC00004136,USR006164,viewed,viewed,2026-06-19T05:00:00
ACT00003005,REC00004137,USR006165,viewed,viewed,2026-07-06T14:00:00
ACT00003006,REC00004138,USR006167,acknowledged,acknowledged,2026-08-13T21:00:00
ACT00003007,REC00004139,USR006168,viewed,viewed,2026-07-31T18:00:00
ACT00003008,REC00004140,USR006170,viewed,viewed,2026-02-11T12:00:00
ACT00003009,REC00004143,USR006177,completed,completed,2026-08-17T03:00:00
ACT00003010,REC00004145,USR006180,dismissed,dismissed,2026-09-15T06:00:00
ACT00003011,REC00004146,USR006181,completed,completed,2026-08-21T15:00:00
ACT00003012,REC00004147,USR006183,viewed,viewed,2026-03-13T20:00:00
ACT00003013,REC00004150,USR006186,acknowledged,acknowledged,2026-09-16T13:00:00
ACT00003014,REC00004153,USR006189,completed,completed,2026-07-05T21:00:00
ACT00003015,REC00004155,USR006190,dismissed,dismissed,2026-06-21T23:00:00
ACT00003016,REC00004156,USR006192,viewed,viewed,2026-07-12T06:00:00
ACT00003017,REC00004157,USR006193,viewed,viewed,2026-09-18T01:00:00
ACT00003018,REC00004160,USR006197,acknowledged,acknowledged,2026-04-28T13:00:00
ACT00003019,REC00004161,USR006198,viewed,viewed,2026-05-07T22:00:00
ACT00003020,REC00004162,USR006200,completed,completed,2026-04-27T13:00:00
ACT00003021,REC00004164,USR006202,viewed,viewed,2026-06-07T17:00:00
ACT00003022,REC00004165,USR006203,viewed,viewed,2026-08-25T05:00:00
ACT00003023,REC00004166,USR006204,viewed,viewed,2026-05-21T18:00:00
ACT00003024,REC00004167,USR006205,viewed,viewed,2026-06-26T14:00:00
ACT00003025,REC00004169,USR006208,completed,completed,2026-03-21T11:00:00
ACT00003026,REC00004170,USR006209,completed,completed,2026-06-19T09:00:00
ACT00003027,REC00004172,USR006213,viewed,viewed,2026-09-18T01:00:00
ACT00003028,REC00004173,USR006213,viewed,viewed,2026-07-22T21:00:00
ACT00003029,REC00004175,USR006215,completed,completed,2026-07-02T22:00:00
ACT00003030,REC00004176,USR006217,viewed,viewed,2026-02-28T01:00:00
ACT00003031,REC00004177,USR006218,acknowledged,acknowledged,2026-04-03T01:00:00
ACT00003032,REC00004179,USR006221,viewed,viewed,2026-06-05T01:00:00
ACT00003033,REC00004180,USR006222,viewed,viewed,2026-02-17T16:00:00
ACT00003034,REC00004181,USR006223,viewed,viewed,2026-06-28T11:00:00
ACT00003035,REC00004182,USR006224,acknowledged,acknowledged,2026-05-21T23:00:00
ACT00003036,REC00004184,USR006226,completed,completed,2026-04-19T16:00:00
ACT00003037,REC00004185,USR006228,viewed,viewed,2026-09-14T14:00:00
ACT00003038,REC00004186,USR006230,acknowledged,acknowledged,2026-09-02T00:00:00
ACT00003039,REC00004187,USR006231,dismissed,dismissed,2026-04-19T21:00:00
ACT00003040,REC00004188,USR006233,acknowledged,acknowledged,2026-05-20T01:00:00
ACT00003041,REC00004190,USR006235,dismissed,dismissed,2026-06-10T08:00:00
ACT00003042,REC00004193,USR006237,dismissed,dismissed,2026-09-14T13:00:00
ACT00003043,REC00004194,USR006238,viewed,viewed,2026-04-22T21:00:00
ACT00003044,REC00004195,USR006238,viewed,viewed,2026-05-26T03:00:00
ACT00003045,REC00004196,USR006240,completed,completed,2026-07-05T19:00:00
ACT00003046,REC00004197,USR006241,acknowledged,acknowledged,2026-04-05T06:00:00
ACT00003047,REC00004198,USR006242,acknowledged,acknowledged,2026-02-20T15:00:00
ACT00003048,REC00004199,USR006245,completed,completed,2026-09-18T05:00:00
ACT00003049,REC00004200,USR006247,viewed,viewed,2026-09-05T23:00:00
ACT00003050,REC00004201,USR006248,viewed,viewed,2026-07-26T17:00:00
ACT00003051,REC00004203,USR006251,viewed,viewed,2026-02-27T10:00:00
ACT00003052,REC00004205,USR006253,viewed,viewed,2026-09-16T16:00:00
ACT00003053,REC00004206,USR006254,acknowledged,acknowledged,2026-09-15T02:00:00
ACT00003054,REC00004207,USR006255,acknowledged,acknowledged,2026-09-17T12:00:00
ACT00003055,REC00004208,USR006258,viewed,viewed,2026-08-10T08:00:00
ACT00003056,REC00004209,USR006259,acknowledged,acknowledged,2026-03-19T16:00:00
ACT00003057,REC00004210,USR006262,viewed,viewed,2026-09-17T07:00:00
ACT00003058,REC00004211,USR006263,acknowledged,acknowledged,2026-09-14T14:00:00
ACT00003059,REC00004217,USR006271,viewed,viewed,2026-03-10T17:00:00
ACT00003060,REC00004218,USR006271,viewed,viewed,2026-08-19T07:00:00
ACT00003061,REC00004220,USR006275,viewed,viewed,2026-03-30T05:00:00
ACT00003062,REC00004221,USR006276,viewed,viewed,2026-08-20T13:00:00
ACT00003063,REC00004222,USR006277,viewed,viewed,2026-06-29T13:00:00
ACT00003064,REC00004223,USR006278,viewed,viewed,2026-05-08T18:00:00
ACT00003065,REC00004224,USR006281,viewed,viewed,2026-09-16T16:00:00
ACT00003066,REC00004225,USR006282,acknowledged,acknowledged,2026-08-14T23:00:00
ACT00003067,REC00004226,USR006282,acknowledged,acknowledged,2026-05-02T21:00:00
ACT00003068,REC00004227,USR006283,dismissed,dismissed,2026-02-10T10:00:00
ACT00003069,REC00004228,USR006284,completed,completed,2026-02-06T16:00:00
ACT00003070,REC00004229,USR006285,viewed,viewed,2026-06-04T16:00:00
ACT00003071,REC00004230,USR006286,viewed,viewed,2026-05-18T14:00:00
ACT00003072,REC00004231,USR006287,viewed,viewed,2026-02-23T11:00:00
ACT00003073,REC00004234,USR006290,viewed,viewed,2026-05-25T14:00:00
ACT00003074,REC00004236,USR006292,viewed,viewed,2026-08-15T01:00:00
ACT00003075,REC00004237,USR006293,acknowledged,acknowledged,2026-07-13T14:00:00
ACT00003076,REC00004239,USR006296,viewed,viewed,2026-08-06T14:00:00
ACT00003077,REC00004240,USR006298,completed,completed,2026-09-11T12:00:00
ACT00003078,REC00004241,USR006299,acknowledged,acknowledged,2026-04-01T02:00:00
ACT00003079,REC00004243,USR006300,acknowledged,acknowledged,2026-07-13T16:00:00
ACT00003080,REC00004244,USR006302,viewed,viewed,2026-06-09T06:00:00
ACT00003081,REC00004245,USR006303,acknowledged,acknowledged,2026-03-08T14:00:00
ACT00003082,REC00004246,USR006304,viewed,viewed,2026-07-04T10:00:00
ACT00003083,REC00004247,USR006305,viewed,viewed,2026-07-30T13:00:00
ACT00003084,REC00004248,USR006306,viewed,viewed,2026-05-28T22:00:00
ACT00003085,REC00004250,USR006309,completed,completed,2026-06-18T17:00:00
ACT00003086,REC00004254,USR006318,acknowledged,acknowledged,2026-05-01T15:00:00
ACT00003087,REC00004255,USR006319,completed,completed,2026-04-29T21:00:00
ACT00003088,REC00004256,USR006320,acknowledged,acknowledged,2026-05-12T17:00:00
ACT00003089,REC00004257,USR006321,acknowledged,acknowledged,2026-04-02T14:00:00
ACT00003090,REC00004258,USR006322,acknowledged,acknowledged,2026-07-21T22:00:00
ACT00003091,REC00004259,USR006322,acknowledged,acknowledged,2026-05-24T10:00:00
ACT00003092,REC00004260,USR006324,completed,completed,2026-06-13T20:00:00
ACT00003093,REC00004261,USR006326,viewed,viewed,2026-04-20T11:00:00
ACT00003094,REC00004262,USR006329,viewed,viewed,2026-07-09T22:00:00
ACT00003095,REC00004263,USR006330,viewed,viewed,2026-03-06T21:00:00
ACT00003096,REC00004264,USR006330,completed,completed,2026-09-15T15:00:00
ACT00003097,REC00004267,USR006333,completed,completed,2026-04-12T09:00:00
ACT00003098,REC00004268,USR006335,acknowledged,acknowledged,2026-06-06T22:00:00
ACT00003099,REC00004269,USR006336,dismissed,dismissed,2026-05-07T01:00:00
ACT00003100,REC00004270,USR006338,viewed,viewed,2026-06-20T04:00:00
ACT00003101,REC00004271,USR006339,completed,completed,2026-03-27T10:00:00
ACT00003102,REC00004273,USR006341,acknowledged,acknowledged,2026-02-04T02:00:00
ACT00003103,REC00004274,USR006342,completed,completed,2026-07-12T23:00:00
ACT00003104,REC00004275,USR006345,dismissed,dismissed,2026-05-11T02:00:00
ACT00003105,REC00004277,USR006348,acknowledged,acknowledged,2026-09-14T19:00:00
ACT00003106,REC00004278,USR006349,acknowledged,acknowledged,2026-05-22T17:00:00
ACT00003107,REC00004279,USR006350,viewed,viewed,2026-05-24T02:00:00
ACT00003108,REC00004280,USR006353,dismissed,dismissed,2026-09-18T03:00:00
ACT00003109,REC00004281,USR006355,dismissed,dismissed,2026-06-29T21:00:00
ACT00003110,REC00004282,USR006356,viewed,viewed,2026-08-20T08:00:00
ACT00003111,REC00004283,USR006358,completed,completed,2026-02-14T16:00:00
ACT00003112,REC00004284,USR006361,completed,completed,2026-07-31T12:00:00
ACT00003113,REC00004285,USR006362,completed,completed,2026-05-23T03:00:00
ACT00003114,REC00004286,USR006365,dismissed,dismissed,2026-06-26T17:00:00
ACT00003115,REC00004289,USR006372,viewed,viewed,2026-08-31T01:00:00
ACT00003116,REC00004291,USR006374,viewed,viewed,2026-02-22T05:00:00
ACT00003117,REC00004292,USR006375,completed,completed,2026-06-14T14:00:00
ACT00003118,REC00004293,USR006376,dismissed,dismissed,2026-09-08T08:00:00
ACT00003119,REC00004294,USR006376,viewed,viewed,2026-03-07T03:00:00
ACT00003120,REC00004295,USR006377,viewed,viewed,2026-07-08T14:00:00
ACT00003121,REC00004296,USR006381,dismissed,dismissed,2026-08-19T15:00:00
ACT00003122,REC00004298,USR006385,viewed,viewed,2026-07-05T14:00:00
ACT00003123,REC00004300,USR006390,viewed,viewed,2026-04-15T18:00:00
ACT00003124,REC00004301,USR006393,viewed,viewed,2026-03-12T01:00:00
ACT00003125,REC00004303,USR006396,viewed,viewed,2026-07-30T13:00:00
ACT00003126,REC00004304,USR006397,completed,completed,2026-05-30T19:00:00
ACT00003127,REC00004305,USR006398,dismissed,dismissed,2026-02-24T11:00:00
ACT00003128,REC00004306,USR006399,acknowledged,acknowledged,2026-05-30T16:00:00
ACT00003129,REC00004307,USR006400,dismissed,dismissed,2026-02-04T04:00:00
ACT00003130,REC00004308,USR006401,acknowledged,acknowledged,2026-06-05T18:00:00
ACT00003131,REC00004309,USR006403,acknowledged,acknowledged,2026-09-16T04:00:00
ACT00003132,REC00004312,USR006405,viewed,viewed,2026-07-25T04:00:00
ACT00003133,REC00004313,USR006406,completed,completed,2026-06-11T02:00:00
ACT00003134,REC00004314,USR006408,completed,completed,2026-05-20T19:00:00
ACT00003135,REC00004318,USR006417,viewed,viewed,2026-05-30T02:00:00
ACT00003136,REC00004319,USR006420,viewed,viewed,2026-09-17T12:00:00
ACT00003137,REC00004320,USR006421,viewed,viewed,2026-04-26T01:00:00
ACT00003138,REC00004321,USR006422,acknowledged,acknowledged,2026-04-15T06:00:00
ACT00003139,REC00004322,USR006423,dismissed,dismissed,2026-07-19T06:00:00
ACT00003140,REC00004324,USR006426,viewed,viewed,2026-08-19T18:00:00
ACT00003141,REC00004325,USR006429,acknowledged,acknowledged,2026-09-15T18:00:00
ACT00003142,REC00004326,USR006431,acknowledged,acknowledged,2026-09-17T12:00:00
ACT00003143,REC00004328,USR006433,viewed,viewed,2026-02-16T21:00:00
ACT00003144,REC00004329,USR006435,acknowledged,acknowledged,2026-09-14T19:00:00
ACT00003145,REC00004330,USR006436,dismissed,dismissed,2026-09-15T16:00:00
ACT00003146,REC00004331,USR006437,acknowledged,acknowledged,2026-09-07T12:00:00
ACT00003147,REC00004333,USR006441,viewed,viewed,2026-07-17T17:00:00
ACT00003148,REC00004334,USR006442,acknowledged,acknowledged,2026-02-16T05:00:00
ACT00003149,REC00004336,USR006444,dismissed,dismissed,2026-05-25T08:00:00
ACT00003150,REC00004337,USR006444,dismissed,dismissed,2026-06-28T09:00:00
ACT00003151,REC00004338,USR006446,completed,completed,2026-09-11T20:00:00
ACT00003152,REC00004339,USR006448,viewed,viewed,2026-08-08T16:00:00
ACT00003153,REC00004340,USR006449,acknowledged,acknowledged,2026-07-24T18:00:00
ACT00003154,REC00004341,USR006451,completed,completed,2026-04-20T00:00:00
ACT00003155,REC00004342,USR006452,completed,completed,2026-09-15T07:00:00
ACT00003156,REC00004343,USR006453,viewed,viewed,2026-05-03T15:00:00
ACT00003157,REC00004344,USR006454,viewed,viewed,2026-09-14T20:00:00
ACT00003158,REC00004345,USR006456,viewed,viewed,2026-07-27T19:00:00
ACT00003159,REC00004347,USR006458,viewed,viewed,2026-07-13T23:00:00
ACT00003160,REC00004348,USR006459,completed,completed,2026-09-16T22:00:00
ACT00003161,REC00004350,USR006461,viewed,viewed,2026-07-17T15:00:00
ACT00003162,REC00004352,USR006463,viewed,viewed,2026-04-17T01:00:00
ACT00003163,REC00004353,USR006464,completed,completed,2026-04-03T21:00:00
ACT00003164,REC00004355,USR006469,acknowledged,acknowledged,2026-02-05T09:00:00
ACT00003165,REC00004356,USR006470,viewed,viewed,2026-09-12T10:00:00
ACT00003166,REC00004357,USR006471,viewed,viewed,2026-06-07T19:00:00
ACT00003167,REC00004358,USR006472,acknowledged,acknowledged,2026-05-20T00:00:00
ACT00003168,REC00004359,USR006473,viewed,viewed,2026-02-22T15:00:00
ACT00003169,REC00004362,USR006481,viewed,viewed,2026-05-08T08:00:00
ACT00003170,REC00004365,USR006484,completed,completed,2026-06-20T17:00:00
ACT00003171,REC00004366,USR006488,dismissed,dismissed,2026-03-25T19:00:00
ACT00003172,REC00004367,USR006488,viewed,viewed,2026-05-10T05:00:00
ACT00003173,REC00004368,USR006491,viewed,viewed,2026-09-15T14:00:00
ACT00003174,REC00004370,USR006494,viewed,viewed,2026-06-09T01:00:00
ACT00003175,REC00004371,USR006495,viewed,viewed,2026-04-06T04:00:00
ACT00003176,REC00004373,USR006497,viewed,viewed,2026-04-29T01:00:00
ACT00003177,REC00004374,USR006500,viewed,viewed,2026-04-05T05:00:00
ACT00003178,REC00004375,USR006501,completed,completed,2026-05-19T04:00:00
ACT00003179,REC00004376,USR006503,acknowledged,acknowledged,2026-06-13T16:00:00
ACT00003180,REC00004377,USR006504,completed,completed,2026-02-05T22:00:00
ACT00003181,REC00004378,USR006506,viewed,viewed,2026-02-16T03:00:00
ACT00003182,REC00004379,USR006509,viewed,viewed,2026-09-01T06:00:00
ACT00003183,REC00004380,USR006511,completed,completed,2026-05-17T01:00:00
ACT00003184,REC00004383,USR006513,viewed,viewed,2026-09-17T17:00:00
ACT00003185,REC00004385,USR006516,dismissed,dismissed,2026-07-07T14:00:00
ACT00003186,REC00004386,USR006517,viewed,viewed,2026-08-23T04:00:00
ACT00003187,REC00004387,USR006518,completed,completed,2026-05-07T10:00:00
ACT00003188,REC00004388,USR006520,dismissed,dismissed,2026-08-04T23:00:00
ACT00003189,REC00004390,USR006524,viewed,viewed,2026-06-17T00:00:00
ACT00003190,REC00004391,USR006525,completed,completed,2026-08-22T20:00:00
ACT00003191,REC00004392,USR006526,viewed,viewed,2026-03-31T04:00:00
ACT00003192,REC00004393,USR006529,completed,completed,2026-09-15T00:00:00
ACT00003193,REC00004395,USR006530,viewed,viewed,2026-09-10T22:00:00
ACT00003194,REC00004398,USR006534,viewed,viewed,2026-09-15T02:00:00
ACT00003195,REC00004399,USR006535,viewed,viewed,2026-01-19T10:00:00
ACT00003196,REC00004402,USR006543,viewed,viewed,2026-06-04T07:00:00
ACT00003197,REC00004404,USR006544,viewed,viewed,2026-01-09T08:00:00
ACT00003198,REC00004407,USR006547,viewed,viewed,2026-06-03T20:00:00
ACT00003199,REC00004409,USR006554,acknowledged,acknowledged,2026-08-29T06:00:00
ACT00003200,REC00004411,USR006556,viewed,viewed,2026-06-21T11:00:00
ACT00003201,REC00004412,USR006557,viewed,viewed,2026-08-03T21:00:00
ACT00003202,REC00004413,USR006558,viewed,viewed,2026-07-13T16:00:00
ACT00003203,REC00004414,USR006559,acknowledged,acknowledged,2026-03-04T03:00:00
ACT00003204,REC00004415,USR006560,viewed,viewed,2026-04-12T07:00:00
ACT00003205,REC00004416,USR006561,acknowledged,acknowledged,2026-02-12T09:00:00
ACT00003206,REC00004417,USR006562,acknowledged,acknowledged,2026-04-08T17:00:00
ACT00003207,REC00004418,USR006563,viewed,viewed,2026-07-13T10:00:00
ACT00003208,REC00004419,USR006564,viewed,viewed,2026-07-10T00:00:00
ACT00003209,REC00004420,USR006568,viewed,viewed,2026-08-09T06:00:00
ACT00003210,REC00004422,USR006572,completed,completed,2026-05-22T14:00:00
ACT00003211,REC00004423,USR006573,acknowledged,acknowledged,2026-05-12T10:00:00
ACT00003212,REC00004426,USR006578,viewed,viewed,2026-09-18T04:00:00
ACT00003213,REC00004428,USR006582,viewed,viewed,2026-05-16T11:00:00
ACT00003214,REC00004431,USR006584,viewed,viewed,2026-02-04T14:00:00
ACT00003215,REC00004432,USR006585,completed,completed,2026-03-29T02:00:00
ACT00003216,REC00004433,USR006586,completed,completed,2026-09-15T06:00:00
ACT00003217,REC00004436,USR006589,viewed,viewed,2026-02-15T23:00:00
ACT00003218,REC00004438,USR006591,dismissed,dismissed,2026-05-25T17:00:00
ACT00003219,REC00004441,USR006593,viewed,viewed,2026-09-14T20:00:00
ACT00003220,REC00004443,USR006595,dismissed,dismissed,2026-05-14T08:00:00
ACT00003221,REC00004445,USR006596,viewed,viewed,2026-03-25T02:00:00
ACT00003222,REC00004446,USR006597,acknowledged,acknowledged,2026-01-27T21:00:00
ACT00003223,REC00004448,USR006600,dismissed,dismissed,2026-05-30T14:00:00
ACT00003224,REC00004450,USR006602,viewed,viewed,2026-04-06T19:00:00
ACT00003225,REC00004451,USR006604,viewed,viewed,2026-06-07T07:00:00
ACT00003226,REC00004452,USR006610,viewed,viewed,2026-05-22T09:00:00
ACT00003227,REC00004453,USR006611,acknowledged,acknowledged,2026-07-05T22:00:00
ACT00003228,REC00004454,USR006612,viewed,viewed,2026-06-22T02:00:00
ACT00003229,REC00004455,USR006613,dismissed,dismissed,2026-05-30T18:00:00
ACT00003230,REC00004456,USR006614,completed,completed,2026-07-16T00:00:00
ACT00003231,REC00004457,USR006616,completed,completed,2026-03-10T09:00:00
ACT00003232,REC00004459,USR006618,viewed,viewed,2026-09-14T19:00:00
ACT00003233,REC00004460,USR006618,viewed,viewed,2026-09-14T23:00:00
ACT00003234,REC00004461,USR006619,dismissed,dismissed,2026-07-26T07:00:00
ACT00003235,REC00004462,USR006622,acknowledged,acknowledged,2026-02-15T23:00:00
ACT00003236,REC00004463,USR006625,viewed,viewed,2026-09-17T21:00:00
ACT00003237,REC00004464,USR006627,acknowledged,acknowledged,2026-04-19T11:00:00
ACT00003238,REC00004466,USR006630,acknowledged,acknowledged,2026-05-25T06:00:00
ACT00003239,REC00004467,USR006630,acknowledged,acknowledged,2026-05-20T11:00:00
ACT00003240,REC00004468,USR006631,acknowledged,acknowledged,2026-03-26T21:00:00
ACT00003241,REC00004469,USR006635,viewed,viewed,2026-07-06T13:00:00
ACT00003242,REC00004472,USR006638,completed,completed,2026-06-05T14:00:00
ACT00003243,REC00004475,USR006643,dismissed,dismissed,2025-12-30T23:00:00
ACT00003244,REC00004476,USR006645,completed,completed,2026-03-13T10:00:00
ACT00003245,REC00004477,USR006645,viewed,viewed,2026-03-21T07:00:00
ACT00003246,REC00004479,USR006647,completed,completed,2026-05-20T14:00:00
ACT00003247,REC00004480,USR006652,viewed,viewed,2026-05-27T13:00:00
ACT00003248,REC00004481,USR006652,completed,completed,2026-04-17T19:00:00
ACT00003249,REC00004482,USR006653,acknowledged,acknowledged,2026-05-06T00:00:00
ACT00003250,REC00004484,USR006655,viewed,viewed,2026-09-16T15:00:00
ACT00003251,REC00004485,USR006656,acknowledged,acknowledged,2026-05-04T04:00:00
ACT00003252,REC00004486,USR006657,completed,completed,2026-06-18T09:00:00
ACT00003253,REC00004489,USR006662,acknowledged,acknowledged,2026-05-26T04:00:00
ACT00003254,REC00004491,USR006665,acknowledged,acknowledged,2026-08-25T01:00:00
ACT00003255,REC00004493,USR006669,viewed,viewed,2026-08-10T02:00:00
ACT00003256,REC00004494,USR006670,viewed,viewed,2026-05-23T14:00:00
ACT00003257,REC00004496,USR006674,acknowledged,acknowledged,2026-09-17T11:00:00
ACT00003258,REC00004497,USR006675,viewed,viewed,2026-08-15T22:00:00
ACT00003259,REC00004499,USR006676,acknowledged,acknowledged,2026-06-29T11:00:00
ACT00003260,REC00004500,USR006677,viewed,viewed,2026-05-07T08:00:00
ACT00003261,REC00004501,USR006678,completed,completed,2026-05-18T18:00:00
ACT00003262,REC00004502,USR006680,acknowledged,acknowledged,2026-02-12T09:00:00
ACT00003263,REC00004503,USR006681,viewed,viewed,2026-07-05T01:00:00
ACT00003264,REC00004505,USR006684,completed,completed,2026-05-08T11:00:00
ACT00003265,REC00004506,USR006685,viewed,viewed,2026-04-28T22:00:00
ACT00003266,REC00004507,USR006686,dismissed,dismissed,2026-05-03T05:00:00
ACT00003267,REC00004508,USR006689,completed,completed,2026-06-03T22:00:00
ACT00003268,REC00004510,USR006692,viewed,viewed,2026-04-29T02:00:00
ACT00003269,REC00004511,USR006692,acknowledged,acknowledged,2026-07-30T00:00:00
ACT00003270,REC00004512,USR006695,dismissed,dismissed,2026-06-09T10:00:00
ACT00003271,REC00004514,USR006697,acknowledged,acknowledged,2026-04-13T16:00:00
ACT00003272,REC00004515,USR006698,acknowledged,acknowledged,2026-04-02T17:00:00
ACT00003273,REC00004516,USR006699,viewed,viewed,2026-07-12T04:00:00
ACT00003274,REC00004517,USR006700,dismissed,dismissed,2026-09-17T21:00:00
ACT00003275,REC00004519,USR006702,viewed,viewed,2026-06-04T23:00:00
ACT00003276,REC00004520,USR006704,acknowledged,acknowledged,2026-05-18T06:00:00
ACT00003277,REC00004521,USR006705,completed,completed,2026-05-25T02:00:00
ACT00003278,REC00004522,USR006709,acknowledged,acknowledged,2026-05-19T09:00:00
ACT00003279,REC00004523,USR006710,viewed,viewed,2026-06-07T01:00:00
ACT00003280,REC00004524,USR006711,acknowledged,acknowledged,2026-08-25T20:00:00
ACT00003281,REC00004525,USR006713,acknowledged,acknowledged,2026-05-06T20:00:00
ACT00003282,REC00004526,USR006715,viewed,viewed,2026-09-16T19:00:00
ACT00003283,REC00004527,USR006717,viewed,viewed,2026-06-27T05:00:00
ACT00003284,REC00004528,USR006717,dismissed,dismissed,2026-09-16T18:00:00
ACT00003285,REC00004529,USR006718,viewed,viewed,2026-09-15T16:00:00
ACT00003286,REC00004530,USR006720,viewed,viewed,2026-09-14T22:00:00
ACT00003287,REC00004533,USR006725,acknowledged,acknowledged,2026-06-04T01:00:00
ACT00003288,REC00004535,USR006729,viewed,viewed,2026-05-18T03:00:00
ACT00003289,REC00004537,USR006730,viewed,viewed,2026-06-15T03:00:00
ACT00003290,REC00004538,USR006731,viewed,viewed,2026-03-22T05:00:00
ACT00003291,REC00004541,USR006739,viewed,viewed,2026-01-29T21:00:00
ACT00003292,REC00004542,USR006740,viewed,viewed,2026-03-29T03:00:00
ACT00003293,REC00004544,USR006744,viewed,viewed,2026-03-21T02:00:00
ACT00003294,REC00004545,USR006745,completed,completed,2026-05-31T15:00:00
ACT00003295,REC00004550,USR006749,viewed,viewed,2026-05-17T06:00:00
ACT00003296,REC00004553,USR006754,dismissed,dismissed,2026-05-24T15:00:00
ACT00003297,REC00004555,USR006758,viewed,viewed,2026-03-27T14:00:00
ACT00003298,REC00004556,USR006759,completed,completed,2026-03-28T04:00:00
ACT00003299,REC00004557,USR006761,viewed,viewed,2026-04-14T19:00:00
ACT00003300,REC00004558,USR006763,completed,completed,2026-08-14T20:00:00
ACT00003301,REC00004559,USR006764,completed,completed,2026-09-14T21:00:00
ACT00003302,REC00004560,USR006766,viewed,viewed,2026-07-10T21:00:00
ACT00003303,REC00004561,USR006768,viewed,viewed,2026-09-18T07:00:00
ACT00003304,REC00004562,USR006768,viewed,viewed,2026-07-06T00:00:00
ACT00003305,REC00004563,USR006769,completed,completed,2026-08-07T12:00:00
ACT00003306,REC00004564,USR006770,viewed,viewed,2026-04-24T20:00:00
ACT00003307,REC00004566,USR006773,completed,completed,2026-05-03T07:00:00
ACT00003308,REC00004567,USR006774,acknowledged,acknowledged,2026-05-11T16:00:00
ACT00003309,REC00004568,USR006776,completed,completed,2026-08-24T17:00:00
ACT00003310,REC00004569,USR006777,dismissed,dismissed,2026-04-20T20:00:00
ACT00003311,REC00004570,USR006778,acknowledged,acknowledged,2026-09-18T09:00:00
ACT00003312,REC00004572,USR006784,completed,completed,2026-06-26T04:00:00
ACT00003313,REC00004573,USR006785,completed,completed,2026-04-15T15:00:00
ACT00003314,REC00004574,USR006786,completed,completed,2026-04-05T21:00:00
ACT00003315,REC00004575,USR006788,viewed,viewed,2025-12-25T06:00:00
ACT00003316,REC00004577,USR006793,viewed,viewed,2026-08-10T02:00:00
ACT00003317,REC00004579,USR006794,viewed,viewed,2026-06-17T21:00:00
ACT00003318,REC00004580,USR006795,viewed,viewed,2026-06-11T20:00:00
ACT00003319,REC00004581,USR006797,completed,completed,2026-05-06T11:00:00
ACT00003320,REC00004582,USR006798,acknowledged,acknowledged,2026-03-18T01:00:00
ACT00003321,REC00004583,USR006799,completed,completed,2026-07-09T14:00:00
ACT00003322,REC00004584,USR006801,viewed,viewed,2026-09-16T17:00:00
ACT00003323,REC00004586,USR006807,dismissed,dismissed,2026-08-13T05:00:00
ACT00003324,REC00004587,USR006807,viewed,viewed,2026-03-07T00:00:00
ACT00003325,REC00004588,USR006808,viewed,viewed,2026-04-12T20:00:00
ACT00003326,REC00004589,USR006808,viewed,viewed,2026-07-12T02:00:00
ACT00003327,REC00004590,USR006811,viewed,viewed,2026-04-14T15:00:00
ACT00003328,REC00004591,USR006813,completed,completed,2026-08-06T00:00:00
ACT00003329,REC00004592,USR006813,acknowledged,acknowledged,2026-04-01T10:00:00
ACT00003330,REC00004594,USR006816,viewed,viewed,2026-03-21T15:00:00
ACT00003331,REC00004595,USR006817,viewed,viewed,2026-02-16T00:00:00
ACT00003332,REC00004596,USR006818,viewed,viewed,2026-07-01T01:00:00
ACT00003333,REC00004598,USR006821,completed,completed,2026-07-01T01:00:00
ACT00003334,REC00004599,USR006823,viewed,viewed,2026-08-10T17:00:00
ACT00003335,REC00004600,USR006824,completed,completed,2026-07-25T22:00:00
ACT00003336,REC00004601,USR006825,viewed,viewed,2026-02-12T13:00:00
ACT00003337,REC00004603,USR006827,dismissed,dismissed,2026-09-17T23:00:00
ACT00003338,REC00004604,USR006829,viewed,viewed,2026-04-11T20:00:00
ACT00003339,REC00004605,USR006830,acknowledged,acknowledged,2026-04-01T20:00:00
ACT00003340,REC00004606,USR006830,completed,completed,2026-08-24T00:00:00
ACT00003341,REC00004610,USR006835,viewed,viewed,2026-08-13T04:00:00
ACT00003342,REC00004612,USR006837,acknowledged,acknowledged,2026-05-03T20:00:00
ACT00003343,REC00004613,USR006840,viewed,viewed,2026-06-17T01:00:00
ACT00003344,REC00004614,USR006841,viewed,viewed,2026-07-20T12:00:00
ACT00003345,REC00004616,USR006843,dismissed,dismissed,2026-07-05T22:00:00
ACT00003346,REC00004617,USR006844,dismissed,dismissed,2026-04-04T15:00:00
ACT00003347,REC00004618,USR006847,acknowledged,acknowledged,2026-08-29T05:00:00
ACT00003348,REC00004620,USR006850,viewed,viewed,2026-01-06T19:00:00
ACT00003349,REC00004621,USR006851,viewed,viewed,2026-03-23T21:00:00
ACT00003350,REC00004622,USR006852,dismissed,dismissed,2026-08-18T02:00:00
ACT00003351,REC00004623,USR006853,viewed,viewed,2026-08-30T08:00:00
ACT00003352,REC00004624,USR006854,viewed,viewed,2026-03-13T01:00:00
ACT00003353,REC00004625,USR006855,acknowledged,acknowledged,2026-09-15T07:00:00
ACT00003354,REC00004626,USR006856,acknowledged,acknowledged,2026-03-23T21:00:00
ACT00003355,REC00004627,USR006857,acknowledged,acknowledged,2026-06-14T06:00:00
ACT00003356,REC00004628,USR006858,acknowledged,acknowledged,2026-02-22T11:00:00
ACT00003357,REC00004629,USR006859,viewed,viewed,2026-07-30T19:00:00
ACT00003358,REC00004630,USR006865,completed,completed,2026-08-14T14:00:00
ACT00003359,REC00004631,USR006866,viewed,viewed,2026-09-16T13:00:00
ACT00003360,REC00004632,USR006867,completed,completed,2026-06-15T10:00:00
ACT00003361,REC00004634,USR006869,viewed,viewed,2026-05-08T02:00:00
ACT00003362,REC00004635,USR006870,completed,completed,2026-05-16T02:00:00
ACT00003363,REC00004636,USR006871,completed,completed,2026-07-22T14:00:00
ACT00003364,REC00004637,USR006874,acknowledged,acknowledged,2026-08-04T20:00:00
ACT00003365,REC00004639,USR006878,viewed,viewed,2026-05-21T05:00:00
ACT00003366,REC00004641,USR006882,acknowledged,acknowledged,2026-03-16T17:00:00
ACT00003367,REC00004643,USR006885,acknowledged,acknowledged,2026-08-25T19:00:00
ACT00003368,REC00004644,USR006887,viewed,viewed,2026-09-15T23:00:00
ACT00003369,REC00004645,USR006888,dismissed,dismissed,2026-09-15T18:00:00
ACT00003370,REC00004646,USR006891,acknowledged,acknowledged,2026-03-30T23:00:00
ACT00003371,REC00004647,USR006894,completed,completed,2026-06-20T14:00:00
ACT00003372,REC00004651,USR006899,viewed,viewed,2026-08-21T19:00:00
ACT00003373,REC00004652,USR006900,viewed,viewed,2026-05-16T02:00:00
ACT00003374,REC00004653,USR006902,viewed,viewed,2026-08-17T07:00:00
ACT00003375,REC00004654,USR006903,dismissed,dismissed,2026-07-27T15:00:00
ACT00003376,REC00004657,USR006907,completed,completed,2026-09-17T17:00:00
ACT00003377,REC00004658,USR006909,acknowledged,acknowledged,2026-05-21T19:00:00
ACT00003378,REC00004659,USR006911,viewed,viewed,2026-04-05T20:00:00
ACT00003379,REC00004660,USR006913,acknowledged,acknowledged,2026-04-15T23:00:00
ACT00003380,REC00004662,USR006916,acknowledged,acknowledged,2026-01-25T01:00:00
ACT00003381,REC00004664,USR006920,dismissed,dismissed,2026-07-17T02:00:00
ACT00003382,REC00004665,USR006923,viewed,viewed,2026-02-26T01:00:00
ACT00003383,REC00004666,USR006924,acknowledged,acknowledged,2026-05-23T10:00:00
ACT00003384,REC00004667,USR006929,completed,completed,2026-09-16T05:00:00
ACT00003385,REC00004668,USR006929,completed,completed,2026-09-16T02:00:00
ACT00003386,REC00004669,USR006930,completed,completed,2026-05-20T15:00:00
ACT00003387,REC00004670,USR006931,acknowledged,acknowledged,2026-01-30T18:00:00
ACT00003388,REC00004672,USR006936,viewed,viewed,2026-08-14T16:00:00
ACT00003389,REC00004673,USR006937,viewed,viewed,2026-06-21T19:00:00
ACT00003390,REC00004675,USR006939,dismissed,dismissed,2026-09-18T02:00:00
ACT00003391,REC00004676,USR006940,dismissed,dismissed,2026-03-14T01:00:00
ACT00003392,REC00004677,USR006942,completed,completed,2026-06-18T19:00:00
ACT00003393,REC00004678,USR006943,viewed,viewed,2026-05-28T22:00:00
ACT00003394,REC00004679,USR006943,completed,completed,2026-05-24T19:00:00
ACT00003395,REC00004680,USR006944,viewed,viewed,2026-09-16T00:00:00
ACT00003396,REC00004681,USR006946,viewed,viewed,2026-07-17T14:00:00
ACT00003397,REC00004682,USR006949,acknowledged,acknowledged,2026-06-15T02:00:00
ACT00003398,REC00004683,USR006950,viewed,viewed,2026-09-18T10:00:00
ACT00003399,REC00004684,USR006951,dismissed,dismissed,2026-06-25T06:00:00
ACT00003400,REC00004686,USR006952,dismissed,dismissed,2026-06-07T22:00:00
ACT00003401,REC00004687,USR006953,viewed,viewed,2026-09-10T06:00:00
ACT00003402,REC00004689,USR006956,dismissed,dismissed,2026-02-14T18:00:00
ACT00003403,REC00004690,USR006957,completed,completed,2026-02-05T13:00:00
ACT00003404,REC00004691,USR006958,completed,completed,2026-01-20T12:00:00
ACT00003405,REC00004694,USR006960,completed,completed,2026-07-13T12:00:00
ACT00003406,REC00004695,USR006961,dismissed,dismissed,2026-04-08T21:00:00
ACT00003407,REC00004697,USR006963,viewed,viewed,2026-08-19T06:00:00
ACT00003408,REC00004698,USR006964,viewed,viewed,2026-05-08T10:00:00
ACT00003409,REC00004700,USR006966,viewed,viewed,2026-07-23T11:00:00
ACT00003410,REC00004701,USR006967,dismissed,dismissed,2026-02-15T02:00:00
ACT00003411,REC00004703,USR006972,viewed,viewed,2026-03-15T17:00:00
ACT00003412,REC00004705,USR006975,viewed,viewed,2026-07-04T06:00:00
ACT00003413,REC00004706,USR006976,acknowledged,acknowledged,2026-08-19T23:00:00
ACT00003414,REC00004707,USR006977,completed,completed,2026-05-02T14:00:00
ACT00003415,REC00004708,USR006981,viewed,viewed,2026-07-25T13:00:00
ACT00003416,REC00004709,USR006981,acknowledged,acknowledged,2026-07-01T18:00:00
ACT00003417,REC00004712,USR006986,completed,completed,2026-04-30T11:00:00
ACT00003418,REC00004714,USR006988,viewed,viewed,2026-02-10T06:00:00
ACT00003419,REC00004715,USR006991,dismissed,dismissed,2026-06-29T16:00:00
ACT00003420,REC00004717,USR006992,acknowledged,acknowledged,2026-04-27T14:00:00
ACT00003421,REC00004718,USR006994,viewed,viewed,2026-07-04T13:00:00
ACT00003422,REC00004720,USR006998,acknowledged,acknowledged,2026-04-23T16:00:00
ACT00003423,REC00004721,USR006999,viewed,viewed,2026-03-06T21:00:00
ACT00003424,REC00004722,USR007001,viewed,viewed,2026-06-02T06:00:00
ACT00003425,REC00004723,USR007002,viewed,viewed,2026-05-16T08:00:00
ACT00003426,REC00004727,USR007011,viewed,viewed,2026-07-14T10:00:00
ACT00003427,REC00004728,USR007012,completed,completed,2026-06-18T00:00:00
ACT00003428,REC00004729,USR007013,acknowledged,acknowledged,2026-01-15T19:00:00
ACT00003429,REC00004730,USR007015,acknowledged,acknowledged,2026-06-12T10:00:00
ACT00003430,REC00004731,USR007016,viewed,viewed,2026-05-19T21:00:00
ACT00003431,REC00004732,USR007018,dismissed,dismissed,2026-09-12T14:00:00
ACT00003432,REC00004733,USR007019,dismissed,dismissed,2026-04-13T21:00:00
ACT00003433,REC00004734,USR007020,acknowledged,acknowledged,2026-03-21T16:00:00
ACT00003434,REC00004737,USR007025,completed,completed,2026-05-02T00:00:00
ACT00003435,REC00004738,USR007027,acknowledged,acknowledged,2026-06-18T01:00:00
ACT00003436,REC00004739,USR007028,viewed,viewed,2026-09-06T14:00:00
ACT00003437,REC00004741,USR007031,acknowledged,acknowledged,2026-05-02T18:00:00
ACT00003438,REC00004742,USR007032,viewed,viewed,2026-09-16T23:00:00
ACT00003439,REC00004743,USR007032,viewed,viewed,2026-07-25T04:00:00
ACT00003440,REC00004745,USR007035,viewed,viewed,2026-09-13T12:00:00
ACT00003441,REC00004746,USR007036,dismissed,dismissed,2026-04-25T10:00:00
ACT00003442,REC00004747,USR007037,viewed,viewed,2026-09-16T22:00:00
ACT00003443,REC00004748,USR007038,viewed,viewed,2026-06-09T13:00:00
ACT00003444,REC00004749,USR007040,viewed,viewed,2026-01-19T11:00:00
ACT00003445,REC00004750,USR007043,dismissed,dismissed,2026-09-08T05:00:00
ACT00003446,REC00004751,USR007044,viewed,viewed,2026-02-18T20:00:00
ACT00003447,REC00004753,USR007051,viewed,viewed,2026-07-03T10:00:00
ACT00003448,REC00004754,USR007052,completed,completed,2026-07-29T23:00:00
ACT00003449,REC00004755,USR007053,viewed,viewed,2026-06-05T03:00:00
ACT00003450,REC00004756,USR007054,viewed,viewed,2026-06-19T14:00:00
ACT00003451,REC00004757,USR007054,dismissed,dismissed,2026-03-29T05:00:00
ACT00003452,REC00004758,USR007055,acknowledged,acknowledged,2026-03-07T23:00:00
ACT00003453,REC00004759,USR007056,completed,completed,2026-07-13T11:00:00
ACT00003454,REC00004760,USR007057,viewed,viewed,2026-04-27T20:00:00
ACT00003455,REC00004762,USR007059,completed,completed,2026-09-15T10:00:00
ACT00003456,REC00004764,USR007063,acknowledged,acknowledged,2026-09-14T15:00:00
ACT00003457,REC00004765,USR007064,dismissed,dismissed,2026-07-15T14:00:00
ACT00003458,REC00004766,USR007065,viewed,viewed,2026-05-11T06:00:00
ACT00003459,REC00004768,USR007069,completed,completed,2026-05-14T12:00:00
ACT00003460,REC00004769,USR007070,viewed,viewed,2026-07-01T04:00:00
ACT00003461,REC00004770,USR007071,viewed,viewed,2026-07-12T15:00:00
ACT00003462,REC00004771,USR007072,acknowledged,acknowledged,2026-04-11T11:00:00
ACT00003463,REC00004772,USR007073,dismissed,dismissed,2026-07-11T23:00:00
ACT00003464,REC00004773,USR007074,viewed,viewed,2026-07-13T13:00:00
ACT00003465,REC00004774,USR007075,viewed,viewed,2026-03-05T07:00:00
ACT00003466,REC00004775,USR007076,acknowledged,acknowledged,2026-06-20T07:00:00
ACT00003467,REC00004776,USR007077,viewed,viewed,2026-08-01T15:00:00
ACT00003468,REC00004777,USR007078,viewed,viewed,2026-08-21T10:00:00
ACT00003469,REC00004780,USR007083,viewed,viewed,2026-06-26T23:00:00
ACT00003470,REC00004781,USR007084,acknowledged,acknowledged,2026-09-08T02:00:00
ACT00003471,REC00004782,USR007086,dismissed,dismissed,2026-05-27T20:00:00
ACT00003472,REC00004784,USR007092,viewed,viewed,2026-08-22T06:00:00
ACT00003473,REC00004785,USR007093,acknowledged,acknowledged,2026-05-29T11:00:00
ACT00003474,REC00004786,USR007094,viewed,viewed,2026-07-19T12:00:00
ACT00003475,REC00004788,USR007096,viewed,viewed,2026-05-17T11:00:00
ACT00003476,REC00004790,USR007101,acknowledged,acknowledged,2026-05-08T17:00:00
ACT00003477,REC00004791,USR007102,dismissed,dismissed,2026-07-20T16:00:00
ACT00003478,REC00004792,USR007103,acknowledged,acknowledged,2026-07-16T13:00:00
ACT00003479,REC00004793,USR007104,dismissed,dismissed,2026-04-16T17:00:00
ACT00003480,REC00004796,USR007107,viewed,viewed,2026-06-14T17:00:00
ACT00003481,REC00004799,USR007113,acknowledged,acknowledged,2026-03-17T06:00:00
ACT00003482,REC00004800,USR007115,acknowledged,acknowledged,2026-08-21T23:00:00
ACT00003483,REC00004801,USR007117,acknowledged,acknowledged,2026-06-19T05:00:00
ACT00003484,REC00004802,USR007118,viewed,viewed,2026-09-18T10:00:00
ACT00003485,REC00004804,USR007119,viewed,viewed,2026-07-15T16:00:00
ACT00003486,REC00004805,USR007120,viewed,viewed,2026-04-25T20:00:00
ACT00003487,REC00004806,USR007123,viewed,viewed,2026-09-14T17:00:00
ACT00003488,REC00004807,USR007126,completed,completed,2026-09-14T18:00:00
ACT00003489,REC00004808,USR007127,acknowledged,acknowledged,2026-07-05T20:00:00
ACT00003490,REC00004810,USR007128,viewed,viewed,2026-06-17T17:00:00
ACT00003491,REC00004812,USR007132,viewed,viewed,2026-05-27T11:00:00
ACT00003492,REC00004813,USR007134,completed,completed,2026-06-01T07:00:00
ACT00003493,REC00004814,USR007135,completed,completed,2026-09-13T08:00:00
ACT00003494,REC00004817,USR007137,dismissed,dismissed,2026-07-05T05:00:00
ACT00003495,REC00004818,USR007138,viewed,viewed,2026-07-11T00:00:00
ACT00003496,REC00004819,USR007139,acknowledged,acknowledged,2026-05-11T02:00:00
ACT00003497,REC00004820,USR007140,acknowledged,acknowledged,2026-04-02T11:00:00
ACT00003498,REC00004821,USR007142,viewed,viewed,2026-05-12T20:00:00
ACT00003499,REC00004823,USR007144,viewed,viewed,2026-06-15T14:00:00
ACT00003500,REC00004824,USR007147,completed,completed,2026-06-03T10:00:00
ACT00003501,REC00004825,USR007147,completed,completed,2026-04-27T03:00:00
ACT00003502,REC00004826,USR007149,acknowledged,acknowledged,2026-04-07T10:00:00
ACT00003503,REC00004827,USR007150,completed,completed,2026-05-26T17:00:00
ACT00003504,REC00004828,USR007151,viewed,viewed,2026-08-16T16:00:00
ACT00003505,REC00004829,USR007151,viewed,viewed,2026-09-17T08:00:00
ACT00003506,REC00004830,USR007152,viewed,viewed,2026-09-17T12:00:00
ACT00003507,REC00004832,USR007154,acknowledged,acknowledged,2026-09-16T10:00:00
ACT00003508,REC00004833,USR007158,acknowledged,acknowledged,2026-06-11T22:00:00
ACT00003509,REC00004834,USR007159,acknowledged,acknowledged,2026-08-05T15:00:00
ACT00003510,REC00004835,USR007160,completed,completed,2026-09-18T05:00:00
ACT00003511,REC00004836,USR007162,viewed,viewed,2026-04-10T14:00:00
ACT00003512,REC00004837,USR007165,viewed,viewed,2026-04-04T05:00:00
ACT00003513,REC00004838,USR007170,acknowledged,acknowledged,2026-08-02T20:00:00
ACT00003514,REC00004840,USR007172,acknowledged,acknowledged,2026-08-15T22:00:00
ACT00003515,REC00004841,USR007173,acknowledged,acknowledged,2026-06-12T11:00:00
ACT00003516,REC00004842,USR007175,completed,completed,2026-04-07T03:00:00
ACT00003517,REC00004843,USR007176,completed,completed,2026-04-01T18:00:00
ACT00003518,REC00004844,USR007177,dismissed,dismissed,2026-05-09T21:00:00
ACT00003519,REC00004846,USR007178,viewed,viewed,2026-05-31T17:00:00
ACT00003520,REC00004848,USR007181,acknowledged,acknowledged,2026-04-19T19:00:00
ACT00003521,REC00004849,USR007182,acknowledged,acknowledged,2026-05-09T02:00:00
ACT00003522,REC00004850,USR007184,viewed,viewed,2026-06-27T09:00:00
ACT00003523,REC00004854,USR007194,viewed,viewed,2026-07-19T20:00:00
ACT00003524,REC00004856,USR007203,viewed,viewed,2026-03-16T09:00:00
ACT00003525,REC00004857,USR007204,completed,completed,2026-09-15T09:00:00
ACT00003526,REC00004858,USR007204,acknowledged,acknowledged,2026-06-26T17:00:00
ACT00003527,REC00004859,USR007205,completed,completed,2026-09-18T05:00:00
ACT00003528,REC00004862,USR007207,dismissed,dismissed,2026-01-07T05:00:00
ACT00003529,REC00004863,USR007208,acknowledged,acknowledged,2026-04-01T00:00:00
ACT00003530,REC00004864,USR007209,dismissed,dismissed,2026-01-24T08:00:00
ACT00003531,REC00004866,USR007211,viewed,viewed,2026-09-17T04:00:00
ACT00003532,REC00004867,USR007212,completed,completed,2026-09-05T17:00:00
ACT00003533,REC00004869,USR007214,viewed,viewed,2026-05-24T18:00:00
ACT00003534,REC00004874,USR007221,acknowledged,acknowledged,2026-07-25T17:00:00
ACT00003535,REC00004877,USR007225,viewed,viewed,2026-03-21T23:00:00
ACT00003536,REC00004878,USR007226,completed,completed,2026-03-11T04:00:00
ACT00003537,REC00004879,USR007226,acknowledged,acknowledged,2026-04-01T18:00:00
ACT00003538,REC00004880,USR007227,acknowledged,acknowledged,2026-07-28T14:00:00
ACT00003539,REC00004881,USR007229,completed,completed,2026-02-11T09:00:00
ACT00003540,REC00004882,USR007231,viewed,viewed,2026-06-14T16:00:00
ACT00003541,REC00004883,USR007232,viewed,viewed,2026-09-17T08:00:00
ACT00003542,REC00004884,USR007233,viewed,viewed,2026-06-24T01:00:00
ACT00003543,REC00004885,USR007236,viewed,viewed,2026-07-04T21:00:00
ACT00003544,REC00004886,USR007237,viewed,viewed,2026-05-01T18:00:00
ACT00003545,REC00004888,USR007239,viewed,viewed,2026-04-29T18:00:00
ACT00003546,REC00004890,USR007244,viewed,viewed,2026-05-28T15:00:00
ACT00003547,REC00004891,USR007247,completed,completed,2026-09-15T13:00:00
ACT00003548,REC00004892,USR007252,viewed,viewed,2026-09-16T12:00:00
ACT00003549,REC00004893,USR007257,viewed,viewed,2026-02-23T14:00:00
ACT00003550,REC00004894,USR007258,viewed,viewed,2026-09-14T21:00:00
ACT00003551,REC00004895,USR007259,viewed,viewed,2026-04-06T01:00:00
ACT00003552,REC00004898,USR007264,acknowledged,acknowledged,2026-09-15T05:00:00
ACT00003553,REC00004899,USR007264,completed,completed,2026-06-22T06:00:00
ACT00003554,REC00004900,USR007269,completed,completed,2026-06-16T10:00:00
ACT00003555,REC00004905,USR007278,acknowledged,acknowledged,2026-04-03T00:00:00
ACT00003556,REC00004907,USR007280,acknowledged,acknowledged,2026-09-16T17:00:00
ACT00003557,REC00004909,USR007285,viewed,viewed,2026-05-02T00:00:00
ACT00003558,REC00004910,USR007287,viewed,viewed,2026-07-30T16:00:00
ACT00003559,REC00004913,USR007290,viewed,viewed,2026-09-10T04:00:00
ACT00003560,REC00004914,USR007290,viewed,viewed,2026-09-17T02:00:00
ACT00003561,REC00004915,USR007292,viewed,viewed,2026-07-13T21:00:00
ACT00003562,REC00004917,USR007295,viewed,viewed,2026-09-16T06:00:00
ACT00003563,REC00004918,USR007295,viewed,viewed,2026-09-15T13:00:00
ACT00003564,REC00004919,USR007298,completed,completed,2026-04-25T12:00:00
ACT00003565,REC00004920,USR007299,viewed,viewed,2026-07-30T20:00:00
ACT00003566,REC00004921,USR007300,acknowledged,acknowledged,2026-09-14T01:00:00
ACT00003567,REC00004923,USR007304,viewed,viewed,2026-06-09T09:00:00
ACT00003568,REC00004924,USR007307,dismissed,dismissed,2026-09-16T15:00:00
ACT00003569,REC00004926,USR007314,dismissed,dismissed,2026-09-09T06:00:00
ACT00003570,REC00004928,USR007318,acknowledged,acknowledged,2026-06-14T12:00:00
ACT00003571,REC00004931,USR007326,dismissed,dismissed,2026-03-15T08:00:00
ACT00003572,REC00004932,USR007332,acknowledged,acknowledged,2026-06-06T01:00:00
ACT00003573,REC00004933,USR007333,viewed,viewed,2026-05-07T05:00:00
ACT00003574,REC00004934,USR007337,acknowledged,acknowledged,2026-03-06T22:00:00
ACT00003575,REC00004936,USR007340,dismissed,dismissed,2026-09-17T12:00:00
ACT00003576,REC00004938,USR007343,completed,completed,2026-02-25T02:00:00
ACT00003577,REC00004939,USR007346,viewed,viewed,2026-01-31T19:00:00
ACT00003578,REC00004940,USR007347,dismissed,dismissed,2026-04-30T10:00:00
ACT00003579,REC00004941,USR007348,acknowledged,acknowledged,2026-02-06T09:00:00
ACT00003580,REC00004942,USR007350,viewed,viewed,2026-01-31T22:00:00
ACT00003581,REC00004943,USR007351,acknowledged,acknowledged,2026-07-09T22:00:00
ACT00003582,REC00004945,USR007353,dismissed,dismissed,2026-08-05T23:00:00
ACT00003583,REC00004947,USR007358,acknowledged,acknowledged,2026-07-05T23:00:00
ACT00003584,REC00004949,USR007363,acknowledged,acknowledged,2026-09-18T00:00:00
ACT00003585,REC00004951,USR007365,dismissed,dismissed,2026-06-25T01:00:00
ACT00003586,REC00004952,USR007366,acknowledged,acknowledged,2026-07-01T04:00:00
ACT00003587,REC00004954,USR007368,dismissed,dismissed,2026-08-22T01:00:00
ACT00003588,REC00004955,USR007370,viewed,viewed,2026-05-14T18:00:00
ACT00003589,REC00004956,USR007371,completed,completed,2026-02-12T11:00:00
ACT00003590,REC00004957,USR007371,acknowledged,acknowledged,2026-05-12T05:00:00
ACT00003591,REC00004958,USR007373,viewed,viewed,2026-08-13T00:00:00
ACT00003592,REC00004959,USR007375,acknowledged,acknowledged,2026-07-20T04:00:00
ACT00003593,REC00004960,USR007376,dismissed,dismissed,2026-09-15T09:00:00
ACT00003594,REC00004961,USR007377,viewed,viewed,2026-07-06T22:00:00
ACT00003595,REC00004963,USR007379,completed,completed,2026-06-23T18:00:00
ACT00003596,REC00004964,USR007381,viewed,viewed,2026-09-14T18:00:00
ACT00003597,REC00004965,USR007382,viewed,viewed,2026-04-30T20:00:00
ACT00003598,REC00004966,USR007383,viewed,viewed,2026-04-21T23:00:00
ACT00003599,REC00004969,USR007388,viewed,viewed,2026-04-21T15:00:00
ACT00003600,REC00004971,USR007392,acknowledged,acknowledged,2026-09-17T00:00:00
ACT00003601,REC00004972,USR007393,viewed,viewed,2026-09-08T16:00:00
ACT00003602,REC00004973,USR007394,viewed,viewed,2026-05-12T19:00:00
ACT00003603,REC00004974,USR007395,acknowledged,acknowledged,2026-07-30T01:00:00
ACT00003604,REC00004975,USR007396,dismissed,dismissed,2026-09-17T21:00:00
ACT00003605,REC00004976,USR007398,viewed,viewed,2026-05-29T04:00:00
ACT00003606,REC00004977,USR007399,dismissed,dismissed,2026-03-04T23:00:00
ACT00003607,REC00004979,USR007403,viewed,viewed,2026-06-26T18:00:00
ACT00003608,REC00004980,USR007405,acknowledged,acknowledged,2026-09-01T05:00:00
ACT00003609,REC00004981,USR007406,completed,completed,2026-05-05T18:00:00
ACT00003610,REC00004982,USR007407,viewed,viewed,2026-06-30T07:00:00
ACT00003611,REC00004983,USR007411,acknowledged,acknowledged,2026-05-28T03:00:00
ACT00003612,REC00004984,USR007413,viewed,viewed,2026-04-26T22:00:00
ACT00003613,REC00004985,USR007414,acknowledged,acknowledged,2026-06-07T09:00:00
ACT00003614,REC00004986,USR007415,viewed,viewed,2026-05-11T14:00:00
ACT00003615,REC00004987,USR007416,completed,completed,2026-08-27T21:00:00
ACT00003616,REC00004988,USR007417,completed,completed,2026-05-16T01:00:00
ACT00003617,REC00004989,USR007418,viewed,viewed,2026-04-25T08:00:00
ACT00003618,REC00004990,USR007420,viewed,viewed,2026-06-21T10:00:00
ACT00003619,REC00004992,USR007421,acknowledged,acknowledged,2026-07-05T09:00:00
ACT00003620,REC00004994,USR007423,acknowledged,acknowledged,2026-03-01T05:00:00
ACT00003621,REC00004996,USR007425,viewed,viewed,2026-04-25T20:00:00
ACT00003622,REC00004997,USR007426,viewed,viewed,2026-09-17T00:00:00
ACT00003623,REC00004998,USR007428,viewed,viewed,2026-09-10T19:00:00
ACT00003624,REC00004999,USR007431,viewed,viewed,2026-09-16T01:00:00
ACT00003625,REC00005000,USR007433,completed,completed,2026-07-06T00:00:00
ACT00003626,REC00005001,USR007434,dismissed,dismissed,2026-07-03T08:00:00
ACT00003627,REC00005002,USR007436,dismissed,dismissed,2026-06-14T12:00:00
ACT00003628,REC00005003,USR007439,viewed,viewed,2026-09-17T20:00:00
ACT00003629,REC00005005,USR007441,dismissed,dismissed,2026-03-22T12:00:00
ACT00003630,REC00005007,USR007443,viewed,viewed,2026-09-16T16:00:00
ACT00003631,REC00005008,USR007445,completed,completed,2026-04-21T00:00:00
ACT00003632,REC00005009,USR007446,viewed,viewed,2026-04-08T06:00:00
ACT00003633,REC00005010,USR007447,viewed,viewed,2026-09-16T23:00:00
ACT00003634,REC00005012,USR007450,viewed,viewed,2026-04-18T07:00:00
ACT00003635,REC00005015,USR007453,dismissed,dismissed,2026-06-16T12:00:00
ACT00003636,REC00005018,USR007458,viewed,viewed,2026-08-14T01:00:00
ACT00003637,REC00005021,USR007461,viewed,viewed,2026-06-27T15:00:00
ACT00003638,REC00005022,USR007462,completed,completed,2026-08-07T04:00:00
ACT00003639,REC00005023,USR007463,viewed,viewed,2026-06-28T06:00:00
ACT00003640,REC00005024,USR007464,viewed,viewed,2026-07-13T07:00:00
ACT00003641,REC00005025,USR007466,dismissed,dismissed,2026-09-06T02:00:00
ACT00003642,REC00005026,USR007467,acknowledged,acknowledged,2026-06-10T12:00:00
ACT00003643,REC00005027,USR007468,viewed,viewed,2026-04-10T11:00:00
ACT00003644,REC00005030,USR007475,viewed,viewed,2026-09-15T12:00:00
ACT00003645,REC00005031,USR007476,viewed,viewed,2026-07-16T20:00:00
ACT00003646,REC00005032,USR007477,dismissed,dismissed,2026-07-01T16:00:00
ACT00003647,REC00005033,USR007479,viewed,viewed,2026-04-18T03:00:00
ACT00003648,REC00005034,USR007480,completed,completed,2026-06-04T06:00:00
ACT00003649,REC00005035,USR007480,acknowledged,acknowledged,2026-06-03T05:00:00
ACT00003650,REC00005036,USR007481,acknowledged,acknowledged,2026-08-23T16:00:00
ACT00003651,REC00005037,USR007483,viewed,viewed,2026-02-14T09:00:00
ACT00003652,REC00005038,USR007484,dismissed,dismissed,2026-09-16T07:00:00
ACT00003653,REC00005041,USR007491,viewed,viewed,2026-05-30T18:00:00
ACT00003654,REC00005042,USR007492,viewed,viewed,2026-05-21T12:00:00
ACT00003655,REC00005043,USR007493,completed,completed,2026-09-15T02:00:00
ACT00003656,REC00005044,USR007494,acknowledged,acknowledged,2026-07-02T17:00:00
ACT00003657,REC00005045,USR007495,completed,completed,2026-06-11T21:00:00
ACT00003658,REC00005046,USR007497,completed,completed,2026-05-05T04:00:00
ACT00003659,REC00005047,USR007498,completed,completed,2026-04-01T06:00:00
ACT00003660,REC00005048,USR007499,viewed,viewed,2026-07-24T04:00:00
ACT00003661,REC00005050,USR007501,acknowledged,acknowledged,2026-05-15T10:00:00
ACT00003662,REC00005051,USR007503,viewed,viewed,2026-03-30T09:00:00
ACT00003663,REC00005052,USR007504,dismissed,dismissed,2026-03-15T07:00:00
ACT00003664,REC00005055,USR007508,acknowledged,acknowledged,2026-05-04T14:00:00
ACT00003665,REC00005056,USR007509,dismissed,dismissed,2026-03-22T23:00:00
ACT00003666,REC00005058,USR007511,completed,completed,2026-06-27T20:00:00
ACT00003667,REC00005061,USR007514,completed,completed,2026-06-29T18:00:00
ACT00003668,REC00005062,USR007515,viewed,viewed,2026-09-15T06:00:00
ACT00003669,REC00005063,USR007516,completed,completed,2026-09-16T12:00:00
ACT00003670,REC00005064,USR007517,viewed,viewed,2026-09-16T16:00:00
ACT00003671,REC00005065,USR007521,dismissed,dismissed,2026-09-18T04:00:00
ACT00003672,REC00005066,USR007521,dismissed,dismissed,2026-09-16T00:00:00
ACT00003673,REC00005067,USR007522,dismissed,dismissed,2026-06-15T14:00:00
ACT00003674,REC00005068,USR007524,viewed,viewed,2026-07-09T16:00:00
ACT00003675,REC00005070,USR007531,viewed,viewed,2026-06-29T12:00:00
ACT00003676,REC00005072,USR007533,viewed,viewed,2026-09-16T14:00:00
ACT00003677,REC00005073,USR007534,completed,completed,2026-02-07T22:00:00
ACT00003678,REC00005074,USR007535,viewed,viewed,2026-09-16T01:00:00
ACT00003679,REC00005075,USR007537,dismissed,dismissed,2026-08-14T07:00:00
ACT00003680,REC00005076,USR007541,dismissed,dismissed,2026-05-14T02:00:00
ACT00003681,REC00005077,USR007542,completed,completed,2026-07-06T18:00:00
ACT00003682,REC00005078,USR007543,viewed,viewed,2026-05-12T21:00:00
ACT00003683,REC00005080,USR007546,acknowledged,acknowledged,2026-05-24T23:00:00
ACT00003684,REC00005081,USR007547,completed,completed,2026-08-02T09:00:00
ACT00003685,REC00005082,USR007548,viewed,viewed,2026-09-14T23:00:00
ACT00003686,REC00005083,USR007549,viewed,viewed,2026-06-20T20:00:00
ACT00003687,REC00005084,USR007550,viewed,viewed,2026-06-22T09:00:00
ACT00003688,REC00005085,USR007552,completed,completed,2026-07-01T17:00:00
ACT00003689,REC00005087,USR007554,viewed,viewed,2026-03-07T20:00:00
ACT00003690,REC00005089,USR007556,dismissed,dismissed,2026-01-26T15:00:00
ACT00003691,REC00005090,USR007558,viewed,viewed,2026-03-27T05:00:00
ACT00003692,REC00005091,USR007560,acknowledged,acknowledged,2026-09-14T15:00:00
ACT00003693,REC00005092,USR007561,completed,completed,2026-06-02T17:00:00
ACT00003694,REC00005095,USR007563,completed,completed,2026-08-10T11:00:00
ACT00003695,REC00005096,USR007564,acknowledged,acknowledged,2026-06-02T06:00:00
ACT00003696,REC00005097,USR007567,viewed,viewed,2026-04-26T20:00:00
ACT00003697,REC00005099,USR007569,completed,completed,2026-05-17T23:00:00
ACT00003698,REC00005100,USR007570,viewed,viewed,2026-09-02T13:00:00
ACT00003699,REC00005101,USR007572,viewed,viewed,2026-03-16T16:00:00
ACT00003700,REC00005102,USR007574,dismissed,dismissed,2026-07-12T14:00:00
ACT00003701,REC00005103,USR007574,viewed,viewed,2026-09-15T03:00:00
ACT00003702,REC00005104,USR007576,completed,completed,2026-04-13T04:00:00
ACT00003703,REC00005105,USR007579,acknowledged,acknowledged,2026-06-22T20:00:00
ACT00003704,REC00005106,USR007582,viewed,viewed,2026-08-13T16:00:00
ACT00003705,REC00005107,USR007584,acknowledged,acknowledged,2026-03-09T10:00:00
ACT00003706,REC00005108,USR007586,dismissed,dismissed,2026-08-04T21:00:00
ACT00003707,REC00005109,USR007587,viewed,viewed,2026-05-26T23:00:00
ACT00003708,REC00005110,USR007587,acknowledged,acknowledged,2026-07-27T05:00:00
ACT00003709,REC00005111,USR007592,acknowledged,acknowledged,2026-07-10T17:00:00
ACT00003710,REC00005112,USR007593,acknowledged,acknowledged,2026-06-06T21:00:00
ACT00003711,REC00005113,USR007596,acknowledged,acknowledged,2026-06-22T20:00:00
ACT00003712,REC00005114,USR007597,viewed,viewed,2026-06-29T20:00:00
ACT00003713,REC00005116,USR007599,completed,completed,2026-09-17T15:00:00
ACT00003714,REC00005117,USR007599,completed,completed,2026-09-18T02:00:00
ACT00003715,REC00005118,USR007600,viewed,viewed,2026-06-17T15:00:00
ACT00003716,REC00005119,USR007600,completed,completed,2026-06-08T12:00:00
ACT00003717,REC00005120,USR007602,viewed,viewed,2026-07-22T07:00:00
ACT00003718,REC00005121,USR007603,completed,completed,2026-07-29T08:00:00
ACT00003719,REC00005122,USR007604,acknowledged,acknowledged,2026-02-16T23:00:00
ACT00003720,REC00005124,USR007607,acknowledged,acknowledged,2026-09-15T10:00:00
ACT00003721,REC00005125,USR007609,dismissed,dismissed,2026-06-10T16:00:00
ACT00003722,REC00005126,USR007610,acknowledged,acknowledged,2026-04-14T17:00:00
ACT00003723,REC00005127,USR007611,viewed,viewed,2026-02-18T05:00:00
ACT00003724,REC00005128,USR007612,viewed,viewed,2026-08-21T15:00:00
ACT00003725,REC00005130,USR007615,viewed,viewed,2026-07-05T02:00:00
ACT00003726,REC00005131,USR007617,dismissed,dismissed,2026-03-13T12:00:00
ACT00003727,REC00005132,USR007619,acknowledged,acknowledged,2026-01-29T14:00:00
ACT00003728,REC00005133,USR007620,dismissed,dismissed,2026-08-24T03:00:00
ACT00003729,REC00005134,USR007622,viewed,viewed,2026-09-18T03:00:00
ACT00003730,REC00005135,USR007623,viewed,viewed,2026-08-27T19:00:00
ACT00003731,REC00005136,USR007624,acknowledged,acknowledged,2026-04-11T19:00:00
ACT00003732,REC00005137,USR007625,viewed,viewed,2026-08-24T20:00:00
ACT00003733,REC00005138,USR007627,completed,completed,2026-08-22T11:00:00
ACT00003734,REC00005139,USR007633,viewed,viewed,2026-09-01T18:00:00
ACT00003735,REC00005140,USR007634,dismissed,dismissed,2026-06-01T18:00:00
ACT00003736,REC00005143,USR007638,acknowledged,acknowledged,2026-05-24T17:00:00
ACT00003737,REC00005145,USR007641,completed,completed,2026-07-09T04:00:00
ACT00003738,REC00005146,USR007642,viewed,viewed,2026-06-16T22:00:00
ACT00003739,REC00005147,USR007645,viewed,viewed,2026-05-04T08:00:00
ACT00003740,REC00005148,USR007645,viewed,viewed,2026-08-04T14:00:00
ACT00003741,REC00005150,USR007651,viewed,viewed,2026-06-25T05:00:00
ACT00003742,REC00005151,USR007653,acknowledged,acknowledged,2026-06-12T20:00:00
ACT00003743,REC00005152,USR007654,viewed,viewed,2026-05-24T18:00:00
ACT00003744,REC00005153,USR007655,completed,completed,2026-09-16T00:00:00
ACT00003745,REC00005155,USR007658,viewed,viewed,2026-07-29T22:00:00
ACT00003746,REC00005156,USR007659,viewed,viewed,2026-06-05T18:00:00
ACT00003747,REC00005157,USR007660,viewed,viewed,2026-09-16T22:00:00
ACT00003748,REC00005158,USR007662,viewed,viewed,2026-01-30T08:00:00
ACT00003749,REC00005159,USR007663,acknowledged,acknowledged,2026-07-17T15:00:00
ACT00003750,REC00005160,USR007664,acknowledged,acknowledged,2026-09-18T05:00:00
ACT00003751,REC00005161,USR007665,viewed,viewed,2026-09-18T04:00:00
ACT00003752,REC00005162,USR007666,acknowledged,acknowledged,2026-08-18T22:00:00
ACT00003753,REC00005164,USR007668,viewed,viewed,2026-04-09T13:00:00
ACT00003754,REC00005165,USR007669,viewed,viewed,2026-05-01T13:00:00
ACT00003755,REC00005166,USR007670,acknowledged,acknowledged,2026-09-13T12:00:00
ACT00003756,REC00005167,USR007670,acknowledged,acknowledged,2026-07-03T05:00:00
ACT00003757,REC00005168,USR007673,viewed,viewed,2026-06-25T18:00:00
ACT00003758,REC00005169,USR007677,viewed,viewed,2026-07-10T18:00:00
ACT00003759,REC00005171,USR007681,viewed,viewed,2026-01-27T19:00:00
ACT00003760,REC00005172,USR007684,viewed,viewed,2026-09-07T10:00:00
ACT00003761,REC00005174,USR007686,viewed,viewed,2026-04-15T00:00:00
ACT00003762,REC00005175,USR007687,completed,completed,2026-02-22T02:00:00
ACT00003763,REC00005177,USR007690,viewed,viewed,2026-04-05T16:00:00
ACT00003764,REC00005180,USR007694,completed,completed,2026-06-05T22:00:00
ACT00003765,REC00005182,USR007697,completed,completed,2026-04-07T06:00:00
ACT00003766,REC00005184,USR007701,viewed,viewed,2026-08-23T15:00:00
ACT00003767,REC00005186,USR007704,acknowledged,acknowledged,2026-02-10T05:00:00
ACT00003768,REC00005187,USR007704,dismissed,dismissed,2026-01-29T11:00:00
ACT00003769,REC00005188,USR007705,acknowledged,acknowledged,2026-07-19T01:00:00
ACT00003770,REC00005189,USR007705,viewed,viewed,2026-08-09T08:00:00
ACT00003771,REC00005190,USR007707,completed,completed,2026-04-22T19:00:00
ACT00003772,REC00005191,USR007709,viewed,viewed,2026-05-18T18:00:00
ACT00003773,REC00005192,USR007709,viewed,viewed,2026-06-08T16:00:00
ACT00003774,REC00005193,USR007711,acknowledged,acknowledged,2026-05-12T23:00:00
ACT00003775,REC00005196,USR007714,dismissed,dismissed,2026-09-16T02:00:00
ACT00003776,REC00005197,USR007715,viewed,viewed,2026-06-04T07:00:00
ACT00003777,REC00005198,USR007716,viewed,viewed,2026-02-21T03:00:00
ACT00003778,REC00005199,USR007716,completed,completed,2026-07-31T08:00:00
ACT00003779,REC00005200,USR007718,viewed,viewed,2026-06-16T18:00:00
ACT00003780,REC00005201,USR007720,dismissed,dismissed,2026-03-07T05:00:00
ACT00003781,REC00005202,USR007721,viewed,viewed,2026-04-16T21:00:00
ACT00003782,REC00005203,USR007721,viewed,viewed,2026-03-12T15:00:00
ACT00003783,REC00005204,USR007723,completed,completed,2026-07-24T08:00:00
ACT00003784,REC00005205,USR007727,dismissed,dismissed,2026-02-12T07:00:00
ACT00003785,REC00005206,USR007728,viewed,viewed,2026-07-21T12:00:00
ACT00003786,REC00005207,USR007730,acknowledged,acknowledged,2026-09-16T20:00:00
ACT00003787,REC00005210,USR007737,dismissed,dismissed,2026-06-06T23:00:00
ACT00003788,REC00005214,USR007746,acknowledged,acknowledged,2026-09-16T07:00:00
ACT00003789,REC00005218,USR007752,completed,completed,2026-09-13T12:00:00
ACT00003790,REC00005219,USR007753,viewed,viewed,2026-08-20T09:00:00
ACT00003791,REC00005221,USR007756,acknowledged,acknowledged,2026-06-20T13:00:00
ACT00003792,REC00005222,USR007758,viewed,viewed,2025-12-31T00:00:00
ACT00003793,REC00005223,USR007759,viewed,viewed,2026-05-08T19:00:00
ACT00003794,REC00005225,USR007761,viewed,viewed,2026-05-27T20:00:00
ACT00003795,REC00005226,USR007761,viewed,viewed,2026-07-06T22:00:00
ACT00003796,REC00005227,USR007762,completed,completed,2026-06-28T04:00:00
ACT00003797,REC00005228,USR007763,viewed,viewed,2026-07-02T18:00:00
ACT00003798,REC00005229,USR007764,acknowledged,acknowledged,2026-04-06T00:00:00
ACT00003799,REC00005230,USR007765,acknowledged,acknowledged,2026-04-09T22:00:00
ACT00003800,REC00005232,USR007768,viewed,viewed,2026-04-14T22:00:00
ACT00003801,REC00005233,USR007771,viewed,viewed,2026-05-12T18:00:00
ACT00003802,REC00005237,USR007777,viewed,viewed,2026-03-28T01:00:00
ACT00003803,REC00005238,USR007779,acknowledged,acknowledged,2026-06-02T09:00:00
ACT00003804,REC00005239,USR007780,acknowledged,acknowledged,2026-02-19T15:00:00
ACT00003805,REC00005240,USR007784,acknowledged,acknowledged,2026-07-18T22:00:00
ACT00003806,REC00005241,USR007785,completed,completed,2026-06-02T14:00:00
ACT00003807,REC00005242,USR007787,completed,completed,2026-07-09T21:00:00
ACT00003808,REC00005244,USR007791,dismissed,dismissed,2026-06-28T17:00:00
ACT00003809,REC00005246,USR007794,viewed,viewed,2026-03-24T15:00:00
ACT00003810,REC00005247,USR007795,acknowledged,acknowledged,2026-08-15T20:00:00
ACT00003811,REC00005248,USR007796,viewed,viewed,2026-04-07T06:00:00
ACT00003812,REC00005249,USR007797,acknowledged,acknowledged,2026-05-09T05:00:00
ACT00003813,REC00005250,USR007799,completed,completed,2026-09-12T19:00:00
ACT00003814,REC00005251,USR007800,dismissed,dismissed,2026-07-24T00:00:00
ACT00003815,REC00005253,USR007804,completed,completed,2026-09-16T19:00:00
ACT00003816,REC00005254,USR007807,viewed,viewed,2026-08-05T04:00:00
ACT00003817,REC00005255,USR007808,viewed,viewed,2026-04-20T21:00:00
ACT00003818,REC00005257,USR007813,viewed,viewed,2026-02-08T09:00:00
ACT00003819,REC00005258,USR007815,completed,completed,2026-07-01T20:00:00
ACT00003820,REC00005259,USR007817,viewed,viewed,2026-08-30T20:00:00
ACT00003821,REC00005260,USR007818,acknowledged,acknowledged,2026-09-17T06:00:00
ACT00003822,REC00005261,USR007819,viewed,viewed,2026-07-18T13:00:00
ACT00003823,REC00005262,USR007820,viewed,viewed,2026-08-12T23:00:00
ACT00003824,REC00005264,USR007822,acknowledged,acknowledged,2026-09-18T03:00:00
ACT00003825,REC00005265,USR007824,viewed,viewed,2026-04-28T22:00:00
ACT00003826,REC00005266,USR007827,viewed,viewed,2026-09-18T06:00:00
ACT00003827,REC00005267,USR007828,acknowledged,acknowledged,2026-03-29T16:00:00
ACT00003828,REC00005269,USR007832,viewed,viewed,2026-07-07T12:00:00
ACT00003829,REC00005270,USR007833,completed,completed,2026-08-26T20:00:00
ACT00003830,REC00005272,USR007835,completed,completed,2026-08-03T17:00:00
ACT00003831,REC00005273,USR007836,viewed,viewed,2026-04-04T17:00:00
ACT00003832,REC00005274,USR007837,viewed,viewed,2026-06-23T00:00:00
ACT00003833,REC00005275,USR007840,acknowledged,acknowledged,2026-09-16T18:00:00
ACT00003834,REC00005276,USR007841,dismissed,dismissed,2026-08-01T19:00:00
ACT00003835,REC00005277,USR007843,completed,completed,2026-02-07T00:00:00
ACT00003836,REC00005278,USR007845,acknowledged,acknowledged,2026-09-17T07:00:00
ACT00003837,REC00005280,USR007853,acknowledged,acknowledged,2026-08-03T15:00:00
ACT00003838,REC00005281,USR007854,acknowledged,acknowledged,2026-08-11T15:00:00
ACT00003839,REC00005284,USR007859,viewed,viewed,2026-06-30T02:00:00
ACT00003840,REC00005285,USR007861,completed,completed,2026-04-29T15:00:00
ACT00003841,REC00005286,USR007863,viewed,viewed,2026-04-02T16:00:00
ACT00003842,REC00005287,USR007865,viewed,viewed,2026-07-09T23:00:00
ACT00003843,REC00005288,USR007866,viewed,viewed,2026-02-15T14:00:00
ACT00003844,REC00005290,USR007868,acknowledged,acknowledged,2026-09-17T00:00:00
ACT00003845,REC00005291,USR007871,acknowledged,acknowledged,2026-03-19T02:00:00
ACT00003846,REC00005292,USR007872,viewed,viewed,2026-06-21T13:00:00
ACT00003847,REC00005293,USR007872,viewed,viewed,2026-02-15T01:00:00
ACT00003848,REC00005294,USR007873,viewed,viewed,2026-09-14T20:00:00
ACT00003849,REC00005296,USR007875,completed,completed,2026-07-10T02:00:00
ACT00003850,REC00005297,USR007877,viewed,viewed,2026-06-25T10:00:00
ACT00003851,REC00005298,USR007878,completed,completed,2026-06-07T11:00:00
ACT00003852,REC00005299,USR007880,viewed,viewed,2026-08-29T10:00:00
ACT00003853,REC00005300,USR007883,acknowledged,acknowledged,2026-07-31T09:00:00
ACT00003854,REC00005301,USR007884,completed,completed,2026-07-03T20:00:00
ACT00003855,REC00005303,USR007886,completed,completed,2026-03-10T19:00:00
ACT00003856,REC00005304,USR007889,viewed,viewed,2026-09-13T10:00:00
ACT00003857,REC00005306,USR007891,acknowledged,acknowledged,2026-09-17T11:00:00
ACT00003858,REC00005308,USR007892,viewed,viewed,2026-09-15T04:00:00
ACT00003859,REC00005309,USR007894,viewed,viewed,2026-06-22T12:00:00
ACT00003860,REC00005310,USR007895,acknowledged,acknowledged,2026-06-22T21:00:00
ACT00003861,REC00005314,USR007899,acknowledged,acknowledged,2026-06-22T03:00:00
ACT00003862,REC00005316,USR007904,viewed,viewed,2026-09-04T21:00:00
ACT00003863,REC00005317,USR007905,completed,completed,2026-06-22T08:00:00
ACT00003864,REC00005318,USR007906,acknowledged,acknowledged,2026-05-13T14:00:00
ACT00003865,REC00005319,USR007907,viewed,viewed,2026-03-15T23:00:00
ACT00003866,REC00005320,USR007910,acknowledged,acknowledged,2026-03-07T21:00:00
ACT00003867,REC00005321,USR007911,viewed,viewed,2026-05-26T08:00:00
ACT00003868,REC00005322,USR007913,acknowledged,acknowledged,2026-05-15T09:00:00
ACT00003869,REC00005323,USR007915,dismissed,dismissed,2026-04-03T23:00:00
ACT00003870,REC00005325,USR007917,acknowledged,acknowledged,2026-09-16T06:00:00
ACT00003871,REC00005326,USR007917,completed,completed,2026-07-18T14:00:00
ACT00003872,REC00005327,USR007918,viewed,viewed,2026-07-01T05:00:00
ACT00003873,REC00005329,USR007920,viewed,viewed,2026-06-21T18:00:00
ACT00003874,REC00005330,USR007921,viewed,viewed,2026-01-27T10:00:00
ACT00003875,REC00005332,USR007923,viewed,viewed,2026-09-16T19:00:00
ACT00003876,REC00005333,USR007927,viewed,viewed,2026-04-21T14:00:00
ACT00003877,REC00005334,USR007928,viewed,viewed,2026-04-11T03:00:00
ACT00003878,REC00005338,USR007933,dismissed,dismissed,2026-09-15T07:00:00
ACT00003879,REC00005339,USR007934,viewed,viewed,2026-02-27T14:00:00
ACT00003880,REC00005340,USR007935,acknowledged,acknowledged,2026-06-05T14:00:00
ACT00003881,REC00005342,USR007937,viewed,viewed,2026-03-15T17:00:00
ACT00003882,REC00005343,USR007938,viewed,viewed,2026-03-19T12:00:00
ACT00003883,REC00005344,USR007939,viewed,viewed,2026-04-10T16:00:00
ACT00003884,REC00005347,USR007943,viewed,viewed,2026-07-11T04:00:00
ACT00003885,REC00005348,USR007946,viewed,viewed,2026-09-17T01:00:00
ACT00003886,REC00005349,USR007947,viewed,viewed,2026-09-17T22:00:00
ACT00003887,REC00005350,USR007952,acknowledged,acknowledged,2026-04-06T19:00:00
ACT00003888,REC00005351,USR007954,acknowledged,acknowledged,2026-04-12T08:00:00
ACT00003889,REC00005352,USR007959,completed,completed,2026-09-09T04:00:00
ACT00003890,REC00005353,USR007960,viewed,viewed,2026-04-18T11:00:00
ACT00003891,REC00005354,USR007961,dismissed,dismissed,2026-04-16T14:00:00
ACT00003892,REC00005355,USR007963,completed,completed,2026-05-06T06:00:00
ACT00003893,REC00005356,USR007964,dismissed,dismissed,2026-09-14T12:00:00
ACT00003894,REC00005357,USR007965,completed,completed,2026-06-29T08:00:00
ACT00003895,REC00005358,USR007966,acknowledged,acknowledged,2026-04-07T07:00:00
ACT00003896,REC00005361,USR007970,completed,completed,2026-09-04T18:00:00
ACT00003897,REC00005363,USR007972,viewed,viewed,2026-08-19T03:00:00
ACT00003898,REC00005365,USR007974,viewed,viewed,2026-08-21T01:00:00
ACT00003899,REC00005367,USR007976,viewed,viewed,2026-09-17T12:00:00
ACT00003900,REC00005368,USR007978,acknowledged,acknowledged,2026-05-02T21:00:00
ACT00003901,REC00005369,USR007980,viewed,viewed,2026-04-22T12:00:00
ACT00003902,REC00005373,USR007983,viewed,viewed,2026-04-27T07:00:00
ACT00003903,REC00005375,USR007990,viewed,viewed,2026-07-27T06:00:00
ACT00003904,REC00005376,USR007991,viewed,viewed,2026-09-15T05:00:00
ACT00003905,REC00005377,USR007993,viewed,viewed,2026-03-31T17:00:00
ACT00003906,REC00005380,USR007998,viewed,viewed,2026-08-14T23:00:00
ACT00003907,REC00005381,USR007999,completed,completed,2026-06-30T10:00:00
ACT00003908,REC00005383,USR008001,dismissed,dismissed,2026-05-28T03:00:00
ACT00003909,REC00005384,USR008002,viewed,viewed,2026-05-09T01:00:00
ACT00003910,REC00005385,USR008009,viewed,viewed,2026-04-16T07:00:00
ACT00003911,REC00005386,USR008014,completed,completed,2026-09-06T15:00:00
ACT00003912,REC00005388,USR008016,viewed,viewed,2026-02-25T19:00:00
ACT00003913,REC00005389,USR008016,completed,completed,2026-05-11T08:00:00
ACT00003914,REC00005390,USR008018,viewed,viewed,2026-08-16T02:00:00
ACT00003915,REC00005391,USR008020,viewed,viewed,2026-06-12T22:00:00
ACT00003916,REC00005392,USR008021,completed,completed,2026-05-04T14:00:00
ACT00003917,REC00005393,USR008028,acknowledged,acknowledged,2026-09-18T05:00:00
ACT00003918,REC00005395,USR008030,acknowledged,acknowledged,2026-04-05T02:00:00
ACT00003919,REC00005396,USR008032,completed,completed,2026-03-04T18:00:00
ACT00003920,REC00005397,USR008034,viewed,viewed,2026-09-14T19:00:00
ACT00003921,REC00005398,USR008035,viewed,viewed,2026-03-05T23:00:00
ACT00003922,REC00005399,USR008035,completed,completed,2026-07-12T09:00:00
ACT00003923,REC00005402,USR008040,acknowledged,acknowledged,2026-08-26T09:00:00
ACT00003924,REC00005403,USR008041,acknowledged,acknowledged,2026-07-21T06:00:00
ACT00003925,REC00005404,USR008042,viewed,viewed,2026-09-18T04:00:00
ACT00003926,REC00005406,USR008044,viewed,viewed,2026-02-18T02:00:00
ACT00003927,REC00005407,USR008045,viewed,viewed,2026-09-09T12:00:00
ACT00003928,REC00005408,USR008047,acknowledged,acknowledged,2026-06-25T03:00:00
ACT00003929,REC00005409,USR008048,viewed,viewed,2026-02-11T04:00:00
ACT00003930,REC00005410,USR008053,completed,completed,2026-09-17T19:00:00
ACT00003931,REC00005414,USR008055,viewed,viewed,2026-07-21T05:00:00
ACT00003932,REC00005416,USR008059,completed,completed,2026-08-22T01:00:00
ACT00003933,REC00005417,USR008060,dismissed,dismissed,2026-07-04T12:00:00
ACT00003934,REC00005418,USR008061,completed,completed,2026-02-15T07:00:00
ACT00003935,REC00005420,USR008064,completed,completed,2026-05-26T03:00:00
ACT00003936,REC00005421,USR008066,viewed,viewed,2026-04-17T18:00:00
ACT00003937,REC00005423,USR008069,viewed,viewed,2026-08-23T21:00:00
ACT00003938,REC00005424,USR008074,viewed,viewed,2026-05-18T14:00:00
ACT00003939,REC00005428,USR008080,completed,completed,2026-05-18T19:00:00
ACT00003940,REC00005432,USR008085,viewed,viewed,2026-06-29T07:00:00
ACT00003941,REC00005433,USR008086,viewed,viewed,2026-06-24T21:00:00
ACT00003942,REC00005434,USR008088,acknowledged,acknowledged,2026-04-17T19:00:00
ACT00003943,REC00005436,USR008090,acknowledged,acknowledged,2026-02-12T21:00:00
ACT00003944,REC00005439,USR008093,acknowledged,acknowledged,2026-06-22T09:00:00
ACT00003945,REC00005441,USR008095,viewed,viewed,2026-03-30T19:00:00
ACT00003946,REC00005444,USR008098,acknowledged,acknowledged,2026-09-18T12:00:00
ACT00003947,REC00005445,USR008099,viewed,viewed,2026-04-11T14:00:00
ACT00003948,REC00005446,USR008100,viewed,viewed,2026-07-19T22:00:00
ACT00003949,REC00005448,USR008102,completed,completed,2026-09-15T13:00:00
ACT00003950,REC00005450,USR008108,dismissed,dismissed,2026-06-10T04:00:00
ACT00003951,REC00005451,USR008112,completed,completed,2026-03-04T09:00:00
ACT00003952,REC00005452,USR008113,viewed,viewed,2026-07-15T16:00:00
ACT00003953,REC00005454,USR008114,dismissed,dismissed,2026-09-16T18:00:00
ACT00003954,REC00005456,USR008118,viewed,viewed,2026-05-21T09:00:00
ACT00003955,REC00005457,USR008120,dismissed,dismissed,2026-07-01T03:00:00
ACT00003956,REC00005458,USR008121,completed,completed,2026-09-18T03:00:00
ACT00003957,REC00005459,USR008122,viewed,viewed,2026-09-15T08:00:00
ACT00003958,REC00005460,USR008123,viewed,viewed,2026-04-02T02:00:00
ACT00003959,REC00005461,USR008124,completed,completed,2026-09-16T14:00:00
ACT00003960,REC00005462,USR008126,dismissed,dismissed,2026-07-18T00:00:00
ACT00003961,REC00005463,USR008127,acknowledged,acknowledged,2026-09-10T05:00:00
ACT00003962,REC00005466,USR008130,completed,completed,2026-07-01T09:00:00
ACT00003963,REC00005467,USR008130,acknowledged,acknowledged,2026-09-06T13:00:00
ACT00003964,REC00005468,USR008133,completed,completed,2026-04-09T03:00:00
ACT00003965,REC00005470,USR008135,viewed,viewed,2026-05-30T08:00:00
ACT00003966,REC00005471,USR008136,viewed,viewed,2026-07-16T00:00:00
ACT00003967,REC00005472,USR008138,viewed,viewed,2026-02-13T23:00:00
ACT00003968,REC00005473,USR008139,dismissed,dismissed,2026-04-12T12:00:00
ACT00003969,REC00005476,USR008145,completed,completed,2026-08-16T10:00:00
ACT00003970,REC00005478,USR008152,viewed,viewed,2026-04-25T06:00:00
ACT00003971,REC00005479,USR008153,viewed,viewed,2026-02-18T00:00:00
ACT00003972,REC00005480,USR008154,completed,completed,2026-06-20T13:00:00
ACT00003973,REC00005482,USR008158,acknowledged,acknowledged,2026-05-11T11:00:00
ACT00003974,REC00005483,USR008161,viewed,viewed,2026-07-27T18:00:00
ACT00003975,REC00005484,USR008163,viewed,viewed,2026-05-29T22:00:00
ACT00003976,REC00005485,USR008163,viewed,viewed,2026-09-17T05:00:00
ACT00003977,REC00005486,USR008166,viewed,viewed,2026-09-17T21:00:00
ACT00003978,REC00005489,USR008169,dismissed,dismissed,2026-09-17T10:00:00
ACT00003979,REC00005491,USR008172,acknowledged,acknowledged,2026-02-16T06:00:00
ACT00003980,REC00005492,USR008173,viewed,viewed,2026-09-17T02:00:00
ACT00003981,REC00005493,USR008174,dismissed,dismissed,2026-05-13T19:00:00
ACT00003982,REC00005495,USR008176,dismissed,dismissed,2026-01-07T17:00:00
ACT00003983,REC00005496,USR008180,completed,completed,2026-07-04T06:00:00
ACT00003984,REC00005497,USR008181,viewed,viewed,2026-04-18T00:00:00
ACT00003985,REC00005499,USR008184,completed,completed,2026-03-09T22:00:00
ACT00003986,REC00005500,USR008185,acknowledged,acknowledged,2026-07-07T18:00:00
ACT00003987,REC00005501,USR008185,viewed,viewed,2026-09-17T04:00:00
ACT00003988,REC00005502,USR008186,viewed,viewed,2026-09-15T15:00:00
ACT00003989,REC00005503,USR008187,acknowledged,acknowledged,2026-06-09T16:00:00
ACT00003990,REC00005504,USR008190,acknowledged,acknowledged,2026-05-15T23:00:00
ACT00003991,REC00005505,USR008192,viewed,viewed,2026-09-15T06:00:00
ACT00003992,REC00005506,USR008193,acknowledged,acknowledged,2026-09-16T14:00:00
ACT00003993,REC00005507,USR008194,viewed,viewed,2026-08-10T16:00:00
ACT00003994,REC00005511,USR008198,viewed,viewed,2026-09-15T12:00:00
ACT00003995,REC00005512,USR008201,viewed,viewed,2026-06-03T04:00:00
ACT00003996,REC00005513,USR008204,completed,completed,2026-07-23T13:00:00
ACT00003997,REC00005514,USR008205,viewed,viewed,2026-09-18T05:00:00
ACT00003998,REC00005515,USR008207,viewed,viewed,2026-09-02T21:00:00
ACT00003999,REC00005516,USR008208,viewed,viewed,2026-03-15T08:00:00
ACT00004000,REC00005517,USR008209,viewed,viewed,2026-07-05T08:00:00
ACT00004001,REC00005519,USR008212,viewed,viewed,2026-01-28T05:00:00
ACT00004002,REC00005521,USR008217,dismissed,dismissed,2026-07-11T22:00:00
ACT00004003,REC00005522,USR008218,acknowledged,acknowledged,2026-08-18T07:00:00
ACT00004004,REC00005524,USR008221,dismissed,dismissed,2026-08-11T08:00:00
ACT00004005,REC00005526,USR008224,viewed,viewed,2026-06-18T20:00:00
ACT00004006,REC00005527,USR008224,acknowledged,acknowledged,2026-08-31T08:00:00
ACT00004007,REC00005528,USR008226,acknowledged,acknowledged,2026-03-13T05:00:00
ACT00004008,REC00005529,USR008227,completed,completed,2026-06-29T19:00:00
ACT00004009,REC00005530,USR008229,viewed,viewed,2026-08-15T06:00:00
ACT00004010,REC00005532,USR008233,viewed,viewed,2026-09-03T17:00:00
ACT00004011,REC00005535,USR008237,viewed,viewed,2026-03-10T11:00:00
ACT00004012,REC00005537,USR008239,acknowledged,acknowledged,2026-01-31T20:00:00
ACT00004013,REC00005540,USR008245,viewed,viewed,2026-09-15T09:00:00
ACT00004014,REC00005541,USR008250,viewed,viewed,2026-08-11T14:00:00
ACT00004015,REC00005542,USR008253,completed,completed,2026-03-02T10:00:00
ACT00004016,REC00005543,USR008257,viewed,viewed,2026-09-14T20:00:00
ACT00004017,REC00005544,USR008258,viewed,viewed,2026-07-26T11:00:00
ACT00004018,REC00005545,USR008260,viewed,viewed,2026-04-06T23:00:00
ACT00004019,REC00005546,USR008260,viewed,viewed,2026-04-04T17:00:00
ACT00004020,REC00005548,USR008264,viewed,viewed,2026-05-07T21:00:00
ACT00004021,REC00005549,USR008264,acknowledged,acknowledged,2026-09-14T12:00:00
ACT00004022,REC00005550,USR008266,viewed,viewed,2026-05-11T20:00:00
ACT00004023,REC00005553,USR008272,viewed,viewed,2026-03-05T18:00:00
ACT00004024,REC00005554,USR008273,acknowledged,acknowledged,2026-06-01T22:00:00
ACT00004025,REC00005555,USR008276,completed,completed,2026-05-22T09:00:00
ACT00004026,REC00005556,USR008279,acknowledged,acknowledged,2026-04-28T19:00:00
ACT00004027,REC00005557,USR008280,viewed,viewed,2026-07-11T23:00:00
ACT00004028,REC00005558,USR008282,acknowledged,acknowledged,2026-06-09T15:00:00
ACT00004029,REC00005559,USR008283,acknowledged,acknowledged,2026-04-10T08:00:00
ACT00004030,REC00005560,USR008285,viewed,viewed,2026-07-10T19:00:00
ACT00004031,REC00005561,USR008287,acknowledged,acknowledged,2026-06-14T07:00:00
ACT00004032,REC00005562,USR008288,viewed,viewed,2026-05-27T23:00:00
ACT00004033,REC00005563,USR008289,completed,completed,2026-07-31T13:00:00
ACT00004034,REC00005564,USR008290,acknowledged,acknowledged,2026-09-14T19:00:00
ACT00004035,REC00005566,USR008295,dismissed,dismissed,2026-04-01T01:00:00
ACT00004036,REC00005568,USR008300,acknowledged,acknowledged,2026-08-23T16:00:00
ACT00004037,REC00005569,USR008304,acknowledged,acknowledged,2026-07-10T18:00:00
ACT00004038,REC00005571,USR008305,viewed,viewed,2026-08-22T05:00:00
ACT00004039,REC00005572,USR008306,acknowledged,acknowledged,2026-03-07T00:00:00
ACT00004040,REC00005578,USR008319,viewed,viewed,2026-09-02T22:00:00
ACT00004041,REC00005579,USR008320,completed,completed,2026-07-23T19:00:00
ACT00004042,REC00005580,USR008323,acknowledged,acknowledged,2026-07-21T16:00:00
ACT00004043,REC00005581,USR008324,viewed,viewed,2026-09-14T16:00:00
ACT00004044,REC00005585,USR008327,completed,completed,2026-08-01T17:00:00
ACT00004045,REC00005586,USR008328,completed,completed,2026-08-28T01:00:00
ACT00004046,REC00005587,USR008329,completed,completed,2026-07-16T14:00:00
ACT00004047,REC00005588,USR008331,viewed,viewed,2026-09-16T09:00:00
ACT00004048,REC00005589,USR008334,viewed,viewed,2026-08-02T08:00:00
ACT00004049,REC00005591,USR008336,viewed,viewed,2026-05-20T19:00:00
ACT00004050,REC00005593,USR008337,viewed,viewed,2026-08-09T20:00:00
ACT00004051,REC00005595,USR008339,acknowledged,acknowledged,2026-06-08T04:00:00
ACT00004052,REC00005596,USR008340,completed,completed,2026-09-15T05:00:00
ACT00004053,REC00005597,USR008341,acknowledged,acknowledged,2026-06-24T05:00:00
ACT00004054,REC00005598,USR008343,viewed,viewed,2026-04-30T08:00:00
ACT00004055,REC00005599,USR008345,acknowledged,acknowledged,2026-07-19T00:00:00
ACT00004056,REC00005600,USR008346,completed,completed,2026-05-29T05:00:00
ACT00004057,REC00005601,USR008348,viewed,viewed,2026-05-24T21:00:00
ACT00004058,REC00005605,USR008352,acknowledged,acknowledged,2026-03-29T18:00:00
ACT00004059,REC00005609,USR008357,completed,completed,2026-09-10T20:00:00
ACT00004060,REC00005610,USR008358,acknowledged,acknowledged,2026-05-12T13:00:00
ACT00004061,REC00005611,USR008359,acknowledged,acknowledged,2026-09-15T10:00:00
ACT00004062,REC00005612,USR008360,completed,completed,2026-07-26T21:00:00
ACT00004063,REC00005614,USR008363,viewed,viewed,2026-07-21T12:00:00
ACT00004064,REC00005616,USR008368,dismissed,dismissed,2026-05-27T12:00:00
ACT00004065,REC00005617,USR008369,acknowledged,acknowledged,2026-04-24T12:00:00
ACT00004066,REC00005619,USR008371,viewed,viewed,2026-06-20T05:00:00
ACT00004067,REC00005620,USR008373,dismissed,dismissed,2026-09-17T12:00:00
ACT00004068,REC00005621,USR008374,viewed,viewed,2026-04-11T18:00:00
ACT00004069,REC00005622,USR008376,acknowledged,acknowledged,2026-09-15T15:00:00
ACT00004070,REC00005623,USR008377,dismissed,dismissed,2026-07-02T01:00:00
ACT00004071,REC00005627,USR008382,viewed,viewed,2026-06-02T17:00:00
ACT00004072,REC00005629,USR008384,viewed,viewed,2026-05-31T20:00:00
ACT00004073,REC00005630,USR008387,dismissed,dismissed,2026-02-05T17:00:00
ACT00004074,REC00005632,USR008390,viewed,viewed,2026-06-09T16:00:00
ACT00004075,REC00005633,USR008391,viewed,viewed,2026-02-24T14:00:00
ACT00004076,REC00005635,USR008393,viewed,viewed,2026-02-15T02:00:00
ACT00004077,REC00005636,USR008394,viewed,viewed,2026-09-06T06:00:00
ACT00004078,REC00005640,USR008399,viewed,viewed,2026-05-04T03:00:00
ACT00004079,REC00005641,USR008400,acknowledged,acknowledged,2026-08-18T21:00:00
ACT00004080,REC00005642,USR008402,viewed,viewed,2026-09-17T17:00:00
ACT00004081,REC00005643,USR008403,viewed,viewed,2026-07-14T08:00:00
ACT00004082,REC00005645,USR008405,completed,completed,2026-04-24T04:00:00
ACT00004083,REC00005646,USR008406,viewed,viewed,2026-05-09T07:00:00
ACT00004084,REC00005648,USR008408,viewed,viewed,2026-07-15T05:00:00
ACT00004085,REC00005649,USR008409,viewed,viewed,2026-06-23T14:00:00
ACT00004086,REC00005650,USR008413,completed,completed,2026-05-06T20:00:00
ACT00004087,REC00005651,USR008414,viewed,viewed,2026-08-20T01:00:00
ACT00004088,REC00005652,USR008414,completed,completed,2026-03-12T20:00:00
ACT00004089,REC00005653,USR008416,acknowledged,acknowledged,2026-09-15T23:00:00
ACT00004090,REC00005654,USR008419,completed,completed,2026-08-05T02:00:00
ACT00004091,REC00005655,USR008421,acknowledged,acknowledged,2026-07-08T10:00:00
ACT00004092,REC00005658,USR008426,acknowledged,acknowledged,2026-04-22T20:00:00
ACT00004093,REC00005659,USR008430,completed,completed,2026-03-16T06:00:00
ACT00004094,REC00005660,USR008436,viewed,viewed,2026-06-25T04:00:00
ACT00004095,REC00005661,USR008442,viewed,viewed,2026-02-28T06:00:00
ACT00004096,REC00005662,USR008443,viewed,viewed,2026-08-08T13:00:00
ACT00004097,REC00005663,USR008445,acknowledged,acknowledged,2026-05-26T20:00:00
ACT00004098,REC00005664,USR008446,viewed,viewed,2026-07-06T11:00:00
ACT00004099,REC00005665,USR008448,dismissed,dismissed,2026-07-23T03:00:00
ACT00004100,REC00005666,USR008450,dismissed,dismissed,2026-08-28T01:00:00
ACT00004101,REC00005667,USR008451,viewed,viewed,2026-06-21T22:00:00
ACT00004102,REC00005668,USR008452,acknowledged,acknowledged,2026-06-09T20:00:00
ACT00004103,REC00005669,USR008452,viewed,viewed,2026-06-24T13:00:00
ACT00004104,REC00005670,USR008455,viewed,viewed,2026-08-30T07:00:00
ACT00004105,REC00005671,USR008455,acknowledged,acknowledged,2026-04-17T04:00:00
ACT00004106,REC00005673,USR008459,viewed,viewed,2026-08-11T18:00:00
ACT00004107,REC00005674,USR008460,acknowledged,acknowledged,2026-03-15T18:00:00
ACT00004108,REC00005675,USR008461,viewed,viewed,2026-08-15T18:00:00
ACT00004109,REC00005677,USR008463,viewed,viewed,2026-04-08T17:00:00
ACT00004110,REC00005678,USR008465,viewed,viewed,2026-07-27T04:00:00
ACT00004111,REC00005679,USR008465,viewed,viewed,2026-07-19T13:00:00
ACT00004112,REC00005680,USR008467,viewed,viewed,2026-05-17T22:00:00
ACT00004113,REC00005682,USR008475,acknowledged,acknowledged,2026-01-17T09:00:00
ACT00004114,REC00005683,USR008478,completed,completed,2026-09-16T08:00:00
ACT00004115,REC00005684,USR008480,completed,completed,2026-06-07T04:00:00
ACT00004116,REC00005685,USR008483,viewed,viewed,2026-05-23T12:00:00
ACT00004117,REC00005686,USR008485,viewed,viewed,2026-05-20T07:00:00
ACT00004118,REC00005687,USR008486,dismissed,dismissed,2026-04-06T14:00:00
ACT00004119,REC00005690,USR008489,viewed,viewed,2026-09-14T15:00:00
ACT00004120,REC00005691,USR008491,completed,completed,2026-05-16T05:00:00
ACT00004121,REC00005692,USR008494,viewed,viewed,2026-01-14T05:00:00
ACT00004122,REC00005693,USR008495,completed,completed,2026-07-13T11:00:00
ACT00004123,REC00005694,USR008496,acknowledged,acknowledged,2026-03-15T22:00:00
ACT00004124,REC00005695,USR008497,acknowledged,acknowledged,2026-08-26T15:00:00
ACT00004125,REC00005697,USR008499,viewed,viewed,2026-06-26T02:00:00
ACT00004126,REC00005699,USR008502,viewed,viewed,2026-03-26T06:00:00
ACT00004127,REC00005700,USR008503,dismissed,dismissed,2026-09-13T12:00:00
ACT00004128,REC00005701,USR008504,acknowledged,acknowledged,2026-05-07T03:00:00
ACT00004129,REC00005703,USR008508,completed,completed,2026-07-17T09:00:00
ACT00004130,REC00005704,USR008512,viewed,viewed,2026-03-21T22:00:00
ACT00004131,REC00005705,USR008513,dismissed,dismissed,2026-06-20T10:00:00
ACT00004132,REC00005706,USR008514,dismissed,dismissed,2026-07-23T12:00:00
ACT00004133,REC00005707,USR008517,viewed,viewed,2026-04-06T01:00:00
ACT00004134,REC00005708,USR008519,dismissed,dismissed,2026-07-13T22:00:00
ACT00004135,REC00005709,USR008520,completed,completed,2026-04-23T18:00:00
ACT00004136,REC00005710,USR008522,viewed,viewed,2026-06-26T06:00:00
ACT00004137,REC00005712,USR008527,completed,completed,2026-05-06T20:00:00
ACT00004138,REC00005713,USR008528,viewed,viewed,2026-04-11T20:00:00
ACT00004139,REC00005715,USR008530,completed,completed,2026-07-07T12:00:00
ACT00004140,REC00005717,USR008533,viewed,viewed,2026-05-22T01:00:00
ACT00004141,REC00005719,USR008535,acknowledged,acknowledged,2026-06-15T01:00:00
ACT00004142,REC00005720,USR008536,completed,completed,2026-09-05T06:00:00
ACT00004143,REC00005722,USR008540,viewed,viewed,2026-05-17T23:00:00
ACT00004144,REC00005724,USR008544,acknowledged,acknowledged,2026-03-01T02:00:00
ACT00004145,REC00005725,USR008545,dismissed,dismissed,2026-04-18T21:00:00
ACT00004146,REC00005726,USR008546,dismissed,dismissed,2026-07-12T04:00:00
ACT00004147,REC00005727,USR008547,acknowledged,acknowledged,2026-05-12T06:00:00
ACT00004148,REC00005728,USR008549,viewed,viewed,2026-08-26T07:00:00
ACT00004149,REC00005731,USR008557,acknowledged,acknowledged,2026-03-16T05:00:00
ACT00004150,REC00005732,USR008559,acknowledged,acknowledged,2026-09-15T09:00:00
ACT00004151,REC00005733,USR008561,viewed,viewed,2026-09-16T12:00:00
ACT00004152,REC00005734,USR008562,viewed,viewed,2026-01-18T01:00:00
ACT00004153,REC00005735,USR008563,acknowledged,acknowledged,2026-06-03T04:00:00
ACT00004154,REC00005740,USR008571,acknowledged,acknowledged,2026-02-12T17:00:00
ACT00004155,REC00005741,USR008574,viewed,viewed,2026-08-28T23:00:00
ACT00004156,REC00005742,USR008578,acknowledged,acknowledged,2026-05-07T20:00:00
ACT00004157,REC00005743,USR008579,dismissed,dismissed,2026-01-05T16:00:00
ACT00004158,REC00005744,USR008585,dismissed,dismissed,2026-07-05T14:00:00
ACT00004159,REC00005745,USR008587,viewed,viewed,2026-08-24T20:00:00
ACT00004160,REC00005746,USR008588,acknowledged,acknowledged,2026-06-08T03:00:00
ACT00004161,REC00005748,USR008590,acknowledged,acknowledged,2026-06-09T14:00:00
ACT00004162,REC00005749,USR008594,viewed,viewed,2026-04-08T21:00:00
ACT00004163,REC00005750,USR008598,viewed,viewed,2026-08-29T12:00:00
ACT00004164,REC00005751,USR008600,completed,completed,2026-04-27T14:00:00
ACT00004165,REC00005755,USR008608,acknowledged,acknowledged,2026-06-26T15:00:00
ACT00004166,REC00005756,USR008609,acknowledged,acknowledged,2026-07-02T08:00:00
ACT00004167,REC00005757,USR008609,acknowledged,acknowledged,2026-09-15T20:00:00
ACT00004168,REC00005758,USR008610,viewed,viewed,2026-09-15T16:00:00
ACT00004169,REC00005759,USR008611,dismissed,dismissed,2026-09-14T22:00:00
ACT00004170,REC00005760,USR008612,completed,completed,2026-06-09T19:00:00
ACT00004171,REC00005761,USR008613,viewed,viewed,2026-07-24T05:00:00
ACT00004172,REC00005762,USR008614,acknowledged,acknowledged,2026-03-17T12:00:00
ACT00004173,REC00005764,USR008622,viewed,viewed,2026-08-19T09:00:00
ACT00004174,REC00005766,USR008629,viewed,viewed,2026-06-22T10:00:00
ACT00004175,REC00005767,USR008630,acknowledged,acknowledged,2026-08-09T18:00:00
ACT00004176,REC00005771,USR008636,acknowledged,acknowledged,2026-04-13T04:00:00
ACT00004177,REC00005773,USR008639,acknowledged,acknowledged,2026-08-24T20:00:00
ACT00004178,REC00005774,USR008641,viewed,viewed,2026-07-24T19:00:00
ACT00004179,REC00005776,USR008645,dismissed,dismissed,2026-07-13T12:00:00
ACT00004180,REC00005777,USR008646,viewed,viewed,2026-03-27T20:00:00
ACT00004181,REC00005779,USR008650,viewed,viewed,2026-05-16T14:00:00
ACT00004182,REC00005780,USR008651,viewed,viewed,2026-09-09T17:00:00
ACT00004183,REC00005781,USR008652,viewed,viewed,2026-04-03T09:00:00
ACT00004184,REC00005782,USR008653,completed,completed,2026-03-31T09:00:00
ACT00004185,REC00005783,USR008654,viewed,viewed,2026-09-17T10:00:00
ACT00004186,REC00005784,USR008655,completed,completed,2026-07-11T04:00:00
ACT00004187,REC00005786,USR008657,viewed,viewed,2026-09-11T00:00:00
ACT00004188,REC00005787,USR008658,completed,completed,2026-09-15T21:00:00
ACT00004189,REC00005788,USR008659,acknowledged,acknowledged,2026-05-21T02:00:00
ACT00004190,REC00005789,USR008660,acknowledged,acknowledged,2026-09-18T08:00:00
ACT00004191,REC00005790,USR008661,completed,completed,2026-07-10T05:00:00
ACT00004192,REC00005791,USR008662,acknowledged,acknowledged,2026-09-17T11:00:00
ACT00004193,REC00005792,USR008663,viewed,viewed,2026-07-04T09:00:00
ACT00004194,REC00005794,USR008664,dismissed,dismissed,2026-05-27T02:00:00
ACT00004195,REC00005795,USR008664,dismissed,dismissed,2026-09-03T14:00:00
ACT00004196,REC00005796,USR008669,viewed,viewed,2026-08-04T03:00:00
ACT00004197,REC00005797,USR008670,dismissed,dismissed,2026-06-16T23:00:00
ACT00004198,REC00005800,USR008676,acknowledged,acknowledged,2026-03-06T23:00:00
ACT00004199,REC00005801,USR008678,acknowledged,acknowledged,2026-06-25T13:00:00
ACT00004200,REC00005803,USR008679,viewed,viewed,2026-05-21T19:00:00
ACT00004201,REC00005804,USR008682,acknowledged,acknowledged,2026-05-05T19:00:00
ACT00004202,REC00005805,USR008683,acknowledged,acknowledged,2026-01-06T18:00:00
ACT00004203,REC00005806,USR008684,completed,completed,2026-07-05T16:00:00
ACT00004204,REC00005808,USR008691,acknowledged,acknowledged,2026-02-03T11:00:00
ACT00004205,REC00005809,USR008692,dismissed,dismissed,2026-07-24T12:00:00
ACT00004206,REC00005810,USR008692,acknowledged,acknowledged,2026-05-17T22:00:00
ACT00004207,REC00005811,USR008693,acknowledged,acknowledged,2026-06-23T00:00:00
ACT00004208,REC00005812,USR008696,viewed,viewed,2026-06-03T10:00:00
ACT00004209,REC00005813,USR008698,viewed,viewed,2026-05-01T01:00:00
ACT00004210,REC00005814,USR008700,completed,completed,2026-05-23T19:00:00
ACT00004211,REC00005815,USR008704,dismissed,dismissed,2026-06-01T10:00:00
ACT00004212,REC00005817,USR008706,viewed,viewed,2026-07-21T13:00:00
ACT00004213,REC00005819,USR008709,completed,completed,2026-09-16T23:00:00
ACT00004214,REC00005821,USR008711,viewed,viewed,2026-05-01T23:00:00
ACT00004215,REC00005822,USR008715,viewed,viewed,2026-05-31T15:00:00
ACT00004216,REC00005823,USR008715,viewed,viewed,2026-05-28T23:00:00
ACT00004217,REC00005824,USR008718,viewed,viewed,2026-05-03T22:00:00
ACT00004218,REC00005825,USR008718,acknowledged,acknowledged,2026-05-26T18:00:00
ACT00004219,REC00005826,USR008719,completed,completed,2026-06-16T19:00:00
ACT00004220,REC00005827,USR008720,completed,completed,2026-04-02T08:00:00
ACT00004221,REC00005829,USR008723,viewed,viewed,2026-04-15T16:00:00
ACT00004222,REC00005830,USR008726,dismissed,dismissed,2026-05-25T10:00:00
ACT00004223,REC00005831,USR008727,completed,completed,2026-05-31T04:00:00
ACT00004224,REC00005833,USR008729,viewed,viewed,2026-06-29T18:00:00
ACT00004225,REC00005835,USR008731,viewed,viewed,2026-04-20T05:00:00
ACT00004226,REC00005836,USR008733,viewed,viewed,2026-04-03T17:00:00
ACT00004227,REC00005837,USR008733,acknowledged,acknowledged,2026-08-19T02:00:00
ACT00004228,REC00005838,USR008735,viewed,viewed,2026-08-06T03:00:00
ACT00004229,REC00005839,USR008736,completed,completed,2026-09-16T09:00:00
ACT00004230,REC00005840,USR008737,completed,completed,2026-07-30T23:00:00
ACT00004231,REC00005843,USR008743,completed,completed,2026-09-05T13:00:00
ACT00004232,REC00005844,USR008745,dismissed,dismissed,2026-05-05T15:00:00
ACT00004233,REC00005847,USR008751,viewed,viewed,2026-02-24T17:00:00
ACT00004234,REC00005849,USR008758,completed,completed,2026-09-14T20:00:00
ACT00004235,REC00005850,USR008759,dismissed,dismissed,2026-06-22T15:00:00
ACT00004236,REC00005852,USR008760,viewed,viewed,2026-07-23T07:00:00
ACT00004237,REC00005853,USR008761,viewed,viewed,2026-01-25T13:00:00
ACT00004238,REC00005854,USR008763,completed,completed,2026-07-02T16:00:00
ACT00004239,REC00005855,USR008764,viewed,viewed,2026-04-23T23:00:00
ACT00004240,REC00005856,USR008765,acknowledged,acknowledged,2026-05-21T21:00:00
ACT00004241,REC00005857,USR008766,completed,completed,2026-09-15T15:00:00
ACT00004242,REC00005858,USR008768,dismissed,dismissed,2026-04-18T10:00:00
ACT00004243,REC00005859,USR008772,viewed,viewed,2026-02-15T15:00:00
ACT00004244,REC00005860,USR008776,completed,completed,2026-04-23T02:00:00
ACT00004245,REC00005861,USR008777,viewed,viewed,2026-02-25T23:00:00
ACT00004246,REC00005863,USR008781,viewed,viewed,2026-04-19T06:00:00
ACT00004247,REC00005865,USR008786,viewed,viewed,2026-06-11T14:00:00
ACT00004248,REC00005868,USR008789,completed,completed,2026-07-22T07:00:00
ACT00004249,REC00005870,USR008791,viewed,viewed,2026-05-15T17:00:00
ACT00004250,REC00005871,USR008792,dismissed,dismissed,2026-08-10T18:00:00
ACT00004251,REC00005872,USR008793,viewed,viewed,2026-06-16T04:00:00
ACT00004252,REC00005873,USR008796,viewed,viewed,2026-06-05T16:00:00
ACT00004253,REC00005874,USR008797,viewed,viewed,2026-06-29T02:00:00
ACT00004254,REC00005877,USR008801,viewed,viewed,2026-06-03T02:00:00
ACT00004255,REC00005878,USR008807,completed,completed,2026-05-11T12:00:00
ACT00004256,REC00005879,USR008811,dismissed,dismissed,2026-05-19T22:00:00
ACT00004257,REC00005884,USR008819,viewed,viewed,2026-04-29T08:00:00
ACT00004258,REC00005885,USR008823,viewed,viewed,2026-06-06T08:00:00
ACT00004259,REC00005886,USR008824,viewed,viewed,2026-03-21T03:00:00
ACT00004260,REC00005888,USR008827,dismissed,dismissed,2026-06-13T14:00:00
ACT00004261,REC00005889,USR008827,dismissed,dismissed,2026-04-29T19:00:00
ACT00004262,REC00005890,USR008828,viewed,viewed,2026-01-23T02:00:00
ACT00004263,REC00005891,USR008829,acknowledged,acknowledged,2026-05-14T06:00:00
ACT00004264,REC00005892,USR008830,viewed,viewed,2026-09-17T22:00:00
ACT00004265,REC00005893,USR008831,viewed,viewed,2026-06-02T18:00:00
ACT00004266,REC00005894,USR008832,viewed,viewed,2026-05-09T13:00:00
ACT00004267,REC00005896,USR008836,viewed,viewed,2026-06-06T18:00:00
ACT00004268,REC00005897,USR008837,dismissed,dismissed,2026-05-22T16:00:00
ACT00004269,REC00005898,USR008841,acknowledged,acknowledged,2026-01-23T09:00:00
ACT00004270,REC00005899,USR008843,viewed,viewed,2026-09-16T23:00:00
ACT00004271,REC00005900,USR008845,acknowledged,acknowledged,2026-09-12T02:00:00
ACT00004272,REC00005901,USR008849,completed,completed,2026-09-16T11:00:00
ACT00004273,REC00005902,USR008850,viewed,viewed,2026-08-06T10:00:00
ACT00004274,REC00005903,USR008851,viewed,viewed,2026-05-23T13:00:00
ACT00004275,REC00005904,USR008852,dismissed,dismissed,2026-09-15T11:00:00
ACT00004276,REC00005905,USR008855,viewed,viewed,2026-04-16T14:00:00
ACT00004277,REC00005907,USR008857,viewed,viewed,2026-01-04T08:00:00
ACT00004278,REC00005908,USR008858,viewed,viewed,2026-08-19T23:00:00
ACT00004279,REC00005911,USR008865,viewed,viewed,2026-06-15T20:00:00
ACT00004280,REC00005913,USR008868,acknowledged,acknowledged,2026-05-18T04:00:00
ACT00004281,REC00005914,USR008870,acknowledged,acknowledged,2026-09-15T11:00:00
ACT00004282,REC00005917,USR008873,dismissed,dismissed,2026-05-07T12:00:00
ACT00004283,REC00005918,USR008874,viewed,viewed,2026-06-25T09:00:00
ACT00004284,REC00005919,USR008876,viewed,viewed,2026-01-18T22:00:00
ACT00004285,REC00005922,USR008882,dismissed,dismissed,2026-09-05T20:00:00
ACT00004286,REC00005923,USR008884,dismissed,dismissed,2026-05-17T21:00:00
ACT00004287,REC00005924,USR008887,viewed,viewed,2026-09-15T11:00:00
ACT00004288,REC00005928,USR008897,completed,completed,2026-01-24T18:00:00
ACT00004289,REC00005929,USR008899,viewed,viewed,2026-05-03T13:00:00
ACT00004290,REC00005930,USR008900,viewed,viewed,2026-09-17T15:00:00
ACT00004291,REC00005932,USR008903,acknowledged,acknowledged,2026-05-19T07:00:00
ACT00004292,REC00005933,USR008903,dismissed,dismissed,2026-09-01T23:00:00
ACT00004293,REC00005936,USR008914,viewed,viewed,2026-09-13T23:00:00
ACT00004294,REC00005937,USR008915,viewed,viewed,2026-07-15T20:00:00
ACT00004295,REC00005939,USR008920,completed,completed,2026-05-23T09:00:00
ACT00004296,REC00005940,USR008921,acknowledged,acknowledged,2026-07-02T21:00:00
ACT00004297,REC00005941,USR008922,viewed,viewed,2026-05-10T10:00:00
ACT00004298,REC00005943,USR008924,completed,completed,2026-04-02T17:00:00
ACT00004299,REC00005944,USR008925,completed,completed,2026-04-02T13:00:00
ACT00004300,REC00005945,USR008926,acknowledged,acknowledged,2026-04-20T02:00:00
ACT00004301,REC00005946,USR008929,acknowledged,acknowledged,2026-09-17T18:00:00
ACT00004302,REC00005947,USR008930,viewed,viewed,2026-08-10T04:00:00
ACT00004303,REC00005949,USR008934,viewed,viewed,2026-09-17T11:00:00
ACT00004304,REC00005952,USR008937,completed,completed,2026-06-12T16:00:00
ACT00004305,REC00005954,USR008941,viewed,viewed,2026-03-21T05:00:00
ACT00004306,REC00005955,USR008952,viewed,viewed,2026-07-27T02:00:00
ACT00004307,REC00005958,USR008957,viewed,viewed,2026-01-19T23:00:00
ACT00004308,REC00005959,USR008959,completed,completed,2026-03-20T04:00:00
ACT00004309,REC00005960,USR008960,viewed,viewed,2026-08-16T00:00:00
ACT00004310,REC00005961,USR008961,viewed,viewed,2026-04-17T14:00:00
ACT00004311,REC00005963,USR008964,viewed,viewed,2026-05-27T00:00:00
ACT00004312,REC00005964,USR008965,completed,completed,2026-05-06T19:00:00
ACT00004313,REC00005966,USR008968,dismissed,dismissed,2026-06-26T17:00:00
ACT00004314,REC00005967,USR008968,viewed,viewed,2026-02-02T13:00:00
ACT00004315,REC00005968,USR008969,dismissed,dismissed,2026-07-24T20:00:00
ACT00004316,REC00005969,USR008970,viewed,viewed,2026-09-16T20:00:00
ACT00004317,REC00005971,USR008975,acknowledged,acknowledged,2026-03-08T16:00:00
ACT00004318,REC00005972,USR008976,acknowledged,acknowledged,2026-09-15T23:00:00
ACT00004319,REC00005973,USR008977,completed,completed,2026-07-31T07:00:00
ACT00004320,REC00005977,USR008981,acknowledged,acknowledged,2026-07-05T09:00:00
ACT00004321,REC00005979,USR008983,dismissed,dismissed,2026-07-02T20:00:00
ACT00004322,REC00005980,USR008985,acknowledged,acknowledged,2026-06-09T18:00:00
ACT00004323,REC00005981,USR008987,dismissed,dismissed,2026-08-16T13:00:00
ACT00004324,REC00005982,USR008988,viewed,viewed,2026-05-21T06:00:00
ACT00004325,REC00005984,USR008991,completed,completed,2026-03-14T13:00:00
ACT00004326,REC00005985,USR008992,viewed,viewed,2026-09-15T03:00:00
ACT00004327,REC00005987,USR008996,viewed,viewed,2026-08-31T07:00:00
ACT00004328,REC00005990,USR008998,acknowledged,acknowledged,2026-07-29T15:00:00
ACT00004329,REC00005991,USR009000,acknowledged,acknowledged,2026-09-16T10:00:00
ACT00004330,REC00005994,USR009006,viewed,viewed,2026-04-12T21:00:00
ACT00004331,REC00005995,USR009007,viewed,viewed,2026-09-18T00:00:00
ACT00004332,REC00005996,USR009007,dismissed,dismissed,2026-09-14T19:00:00
ACT00004333,REC00005997,USR009008,dismissed,dismissed,2026-07-13T13:00:00
ACT00004334,REC00006000,USR009011,viewed,viewed,2026-08-01T15:00:00
ACT00004335,REC00006001,USR009011,dismissed,dismissed,2026-02-08T04:00:00
ACT00004336,REC00006002,USR009012,acknowledged,acknowledged,2026-09-17T06:00:00
ACT00004337,REC00006007,USR009016,acknowledged,acknowledged,2026-07-17T02:00:00
ACT00004338,REC00006009,USR009020,acknowledged,acknowledged,2026-08-25T06:00:00
ACT00004339,REC00006010,USR009021,viewed,viewed,2026-06-19T23:00:00
ACT00004340,REC00006011,USR009022,completed,completed,2026-03-19T17:00:00
ACT00004341,REC00006012,USR009023,viewed,viewed,2026-09-15T00:00:00
ACT00004342,REC00006013,USR009024,viewed,viewed,2026-09-17T05:00:00
ACT00004343,REC00006014,USR009027,viewed,viewed,2026-07-06T21:00:00
ACT00004344,REC00006015,USR009030,viewed,viewed,2026-09-18T09:00:00
ACT00004345,REC00006016,USR009035,viewed,viewed,2026-07-12T05:00:00
ACT00004346,REC00006018,USR009038,viewed,viewed,2026-08-14T00:00:00
ACT00004347,REC00006019,USR009041,viewed,viewed,2026-09-16T14:00:00
ACT00004348,REC00006020,USR009042,viewed,viewed,2026-05-29T06:00:00
ACT00004349,REC00006022,USR009048,acknowledged,acknowledged,2026-08-01T09:00:00
ACT00004350,REC00006023,USR009050,viewed,viewed,2026-04-21T11:00:00
ACT00004351,REC00006026,USR009053,completed,completed,2026-02-25T21:00:00
ACT00004352,REC00006027,USR009054,viewed,viewed,2026-09-15T17:00:00
ACT00004353,REC00006028,USR009056,acknowledged,acknowledged,2026-08-15T15:00:00
ACT00004354,REC00006030,USR009061,completed,completed,2026-09-17T15:00:00
ACT00004355,REC00006031,USR009063,viewed,viewed,2026-05-27T14:00:00
ACT00004356,REC00006032,USR009063,viewed,viewed,2026-08-03T16:00:00
ACT00004357,REC00006033,USR009064,viewed,viewed,2026-03-07T13:00:00
ACT00004358,REC00006034,USR009066,viewed,viewed,2026-03-22T18:00:00
ACT00004359,REC00006035,USR009068,viewed,viewed,2026-06-03T09:00:00
ACT00004360,REC00006036,USR009069,dismissed,dismissed,2026-05-13T17:00:00
ACT00004361,REC00006037,USR009070,viewed,viewed,2026-05-21T11:00:00
ACT00004362,REC00006038,USR009071,acknowledged,acknowledged,2026-05-07T01:00:00
ACT00004363,REC00006040,USR009074,acknowledged,acknowledged,2026-01-25T05:00:00
ACT00004364,REC00006041,USR009076,viewed,viewed,2026-09-16T16:00:00
ACT00004365,REC00006042,USR009079,viewed,viewed,2026-06-02T08:00:00
ACT00004366,REC00006043,USR009080,dismissed,dismissed,2026-03-25T16:00:00
ACT00004367,REC00006044,USR009081,acknowledged,acknowledged,2026-09-15T01:00:00
ACT00004368,REC00006045,USR009082,dismissed,dismissed,2026-05-03T17:00:00
ACT00004369,REC00006046,USR009083,completed,completed,2026-08-08T19:00:00
ACT00004370,REC00006049,USR009088,viewed,viewed,2026-09-15T19:00:00
ACT00004371,REC00006050,USR009090,viewed,viewed,2026-05-10T15:00:00
ACT00004372,REC00006051,USR009091,viewed,viewed,2026-05-07T00:00:00
ACT00004373,REC00006052,USR009094,acknowledged,acknowledged,2026-05-15T14:00:00
ACT00004374,REC00006053,USR009097,completed,completed,2026-05-07T03:00:00
ACT00004375,REC00006054,USR009098,viewed,viewed,2026-08-14T12:00:00
ACT00004376,REC00006055,USR009100,acknowledged,acknowledged,2026-07-20T12:00:00
ACT00004377,REC00006056,USR009101,acknowledged,acknowledged,2026-08-15T10:00:00
ACT00004378,REC00006058,USR009102,acknowledged,acknowledged,2026-06-29T11:00:00
ACT00004379,REC00006059,USR009104,acknowledged,acknowledged,2026-07-26T11:00:00
ACT00004380,REC00006060,USR009105,completed,completed,2026-04-15T05:00:00
ACT00004381,REC00006062,USR009107,viewed,viewed,2026-08-08T21:00:00
ACT00004382,REC00006063,USR009109,acknowledged,acknowledged,2026-06-26T11:00:00
ACT00004383,REC00006064,USR009110,viewed,viewed,2026-04-30T18:00:00
ACT00004384,REC00006065,USR009114,viewed,viewed,2026-09-14T17:00:00
ACT00004385,REC00006066,USR009115,completed,completed,2026-09-14T15:00:00
ACT00004386,REC00006067,USR009117,dismissed,dismissed,2026-05-12T16:00:00
ACT00004387,REC00006069,USR009120,dismissed,dismissed,2026-05-26T17:00:00
ACT00004388,REC00006070,USR009123,viewed,viewed,2026-01-21T21:00:00
ACT00004389,REC00006072,USR009125,viewed,viewed,2026-06-01T22:00:00
ACT00004390,REC00006074,USR009127,viewed,viewed,2026-08-01T19:00:00
ACT00004391,REC00006075,USR009128,acknowledged,acknowledged,2026-08-29T05:00:00
ACT00004392,REC00006076,USR009129,viewed,viewed,2026-04-21T18:00:00
ACT00004393,REC00006077,USR009130,completed,completed,2026-09-15T09:00:00
ACT00004394,REC00006079,USR009136,viewed,viewed,2026-07-19T00:00:00
ACT00004395,REC00006080,USR009136,viewed,viewed,2026-05-08T10:00:00
ACT00004396,REC00006086,USR009148,viewed,viewed,2026-04-25T06:00:00
ACT00004397,REC00006087,USR009149,acknowledged,acknowledged,2026-06-23T15:00:00
ACT00004398,REC00006088,USR009151,viewed,viewed,2026-05-04T15:00:00
ACT00004399,REC00006089,USR009152,viewed,viewed,2026-06-22T23:00:00
ACT00004400,REC00006090,USR009155,viewed,viewed,2026-04-03T19:00:00
ACT00004401,REC00006092,USR009156,viewed,viewed,2026-06-12T23:00:00
ACT00004402,REC00006093,USR009157,completed,completed,2026-02-06T22:00:00
ACT00004403,REC00006094,USR009158,viewed,viewed,2026-07-19T06:00:00
ACT00004404,REC00006095,USR009160,viewed,viewed,2026-02-27T21:00:00
ACT00004405,REC00006096,USR009161,dismissed,dismissed,2026-09-14T13:00:00
ACT00004406,REC00006097,USR009162,viewed,viewed,2026-09-07T06:00:00
ACT00004407,REC00006099,USR009166,completed,completed,2026-04-11T22:00:00
ACT00004408,REC00006100,USR009168,viewed,viewed,2026-08-31T01:00:00
ACT00004409,REC00006101,USR009170,dismissed,dismissed,2026-08-24T19:00:00
ACT00004410,REC00006102,USR009172,acknowledged,acknowledged,2026-02-28T23:00:00
ACT00004411,REC00006104,USR009177,completed,completed,2026-04-21T14:00:00
ACT00004412,REC00006106,USR009179,dismissed,dismissed,2026-03-21T16:00:00
ACT00004413,REC00006107,USR009180,acknowledged,acknowledged,2026-04-10T23:00:00
ACT00004414,REC00006108,USR009182,dismissed,dismissed,2026-05-22T14:00:00
ACT00004415,REC00006110,USR009183,viewed,viewed,2026-03-05T21:00:00
ACT00004416,REC00006111,USR009184,completed,completed,2026-04-07T09:00:00
ACT00004417,REC00006112,USR009185,viewed,viewed,2026-04-27T21:00:00
ACT00004418,REC00006113,USR009189,acknowledged,acknowledged,2026-06-01T02:00:00
ACT00004419,REC00006114,USR009191,completed,completed,2026-04-25T15:00:00
ACT00004420,REC00006115,USR009193,viewed,viewed,2026-06-27T21:00:00
ACT00004421,REC00006116,USR009194,completed,completed,2026-04-11T05:00:00
ACT00004422,REC00006117,USR009196,viewed,viewed,2026-05-28T09:00:00
ACT00004423,REC00006118,USR009197,viewed,viewed,2026-09-16T09:00:00
ACT00004424,REC00006120,USR009198,viewed,viewed,2026-03-28T06:00:00
ACT00004425,REC00006122,USR009202,viewed,viewed,2026-07-07T02:00:00
ACT00004426,REC00006123,USR009204,dismissed,dismissed,2026-06-30T03:00:00
ACT00004427,REC00006124,USR009205,acknowledged,acknowledged,2026-09-14T21:00:00
ACT00004428,REC00006125,USR009206,viewed,viewed,2026-09-15T11:00:00
ACT00004429,REC00006126,USR009207,viewed,viewed,2026-04-03T17:00:00
ACT00004430,REC00006127,USR009207,completed,completed,2026-01-20T19:00:00
ACT00004431,REC00006128,USR009208,viewed,viewed,2026-09-18T11:00:00
ACT00004432,REC00006130,USR009213,completed,completed,2026-08-13T06:00:00
ACT00004433,REC00006131,USR009214,dismissed,dismissed,2026-07-20T05:00:00
ACT00004434,REC00006132,USR009218,viewed,viewed,2026-06-15T15:00:00
ACT00004435,REC00006134,USR009221,dismissed,dismissed,2026-06-22T07:00:00
ACT00004436,REC00006137,USR009224,viewed,viewed,2026-09-18T01:00:00
ACT00004437,REC00006139,USR009229,completed,completed,2026-03-22T06:00:00
ACT00004438,REC00006140,USR009230,viewed,viewed,2026-02-27T02:00:00
ACT00004439,REC00006141,USR009232,viewed,viewed,2026-07-21T09:00:00
ACT00004440,REC00006142,USR009233,viewed,viewed,2026-09-06T22:00:00
ACT00004441,REC00006143,USR009236,viewed,viewed,2026-04-06T16:00:00
ACT00004442,REC00006145,USR009239,acknowledged,acknowledged,2026-05-08T06:00:00
ACT00004443,REC00006146,USR009240,viewed,viewed,2026-08-15T03:00:00
ACT00004444,REC00006147,USR009242,acknowledged,acknowledged,2026-02-16T06:00:00
ACT00004445,REC00006148,USR009243,viewed,viewed,2026-09-16T14:00:00
ACT00004446,REC00006149,USR009244,acknowledged,acknowledged,2026-07-28T18:00:00
ACT00004447,REC00006151,USR009245,viewed,viewed,2026-05-16T07:00:00
ACT00004448,REC00006152,USR009246,dismissed,dismissed,2026-04-12T02:00:00
ACT00004449,REC00006155,USR009252,dismissed,dismissed,2026-09-17T08:00:00
ACT00004450,REC00006157,USR009256,viewed,viewed,2026-09-16T18:00:00
ACT00004451,REC00006158,USR009258,acknowledged,acknowledged,2026-08-02T14:00:00
ACT00004452,REC00006159,USR009259,dismissed,dismissed,2026-03-03T22:00:00
ACT00004453,REC00006160,USR009262,viewed,viewed,2026-06-19T06:00:00
ACT00004454,REC00006161,USR009264,completed,completed,2026-07-18T09:00:00
ACT00004455,REC00006163,USR009267,acknowledged,acknowledged,2026-03-21T21:00:00
ACT00004456,REC00006164,USR009268,completed,completed,2026-06-27T20:00:00
ACT00004457,REC00006167,USR009272,dismissed,dismissed,2026-04-13T23:00:00
ACT00004458,REC00006169,USR009276,viewed,viewed,2026-09-17T07:00:00
ACT00004459,REC00006170,USR009276,acknowledged,acknowledged,2026-09-15T18:00:00
ACT00004460,REC00006171,USR009277,completed,completed,2026-07-18T07:00:00
ACT00004461,REC00006172,USR009278,dismissed,dismissed,2026-09-13T15:00:00
ACT00004462,REC00006173,USR009280,viewed,viewed,2026-07-12T07:00:00
ACT00004463,REC00006174,USR009283,viewed,viewed,2026-08-23T13:00:00
ACT00004464,REC00006176,USR009291,acknowledged,acknowledged,2026-08-27T14:00:00
ACT00004465,REC00006177,USR009292,dismissed,dismissed,2026-09-16T03:00:00
ACT00004466,REC00006179,USR009293,viewed,viewed,2026-08-19T02:00:00
ACT00004467,REC00006180,USR009295,viewed,viewed,2026-07-10T22:00:00
ACT00004468,REC00006182,USR009297,viewed,viewed,2026-04-17T16:00:00
ACT00004469,REC00006186,USR009305,viewed,viewed,2026-04-16T18:00:00
ACT00004470,REC00006187,USR009305,viewed,viewed,2026-02-04T11:00:00
ACT00004471,REC00006191,USR009310,viewed,viewed,2026-04-30T21:00:00
ACT00004472,REC00006192,USR009311,viewed,viewed,2026-08-27T03:00:00
ACT00004473,REC00006193,USR009313,viewed,viewed,2026-06-13T11:00:00
ACT00004474,REC00006194,USR009314,viewed,viewed,2026-09-16T15:00:00
ACT00004475,REC00006195,USR009317,acknowledged,acknowledged,2026-06-16T06:00:00
ACT00004476,REC00006197,USR009318,viewed,viewed,2026-04-09T19:00:00
ACT00004477,REC00006199,USR009320,acknowledged,acknowledged,2026-06-12T15:00:00
ACT00004478,REC00006200,USR009320,acknowledged,acknowledged,2026-03-09T05:00:00
ACT00004479,REC00006201,USR009321,viewed,viewed,2026-04-23T07:00:00
ACT00004480,REC00006203,USR009326,viewed,viewed,2026-04-19T04:00:00
ACT00004481,REC00006204,USR009326,viewed,viewed,2026-05-03T18:00:00
ACT00004482,REC00006207,USR009331,viewed,viewed,2026-09-11T09:00:00
ACT00004483,REC00006208,USR009333,viewed,viewed,2026-05-31T07:00:00
ACT00004484,REC00006210,USR009335,acknowledged,acknowledged,2026-07-31T01:00:00
ACT00004485,REC00006211,USR009339,viewed,viewed,2026-09-15T18:00:00
ACT00004486,REC00006213,USR009342,acknowledged,acknowledged,2026-08-15T21:00:00
ACT00004487,REC00006214,USR009344,acknowledged,acknowledged,2026-06-26T18:00:00
ACT00004488,REC00006215,USR009344,acknowledged,acknowledged,2026-09-16T11:00:00
ACT00004489,REC00006216,USR009345,viewed,viewed,2026-02-27T11:00:00
ACT00004490,REC00006217,USR009346,acknowledged,acknowledged,2026-07-17T08:00:00
ACT00004491,REC00006220,USR009353,viewed,viewed,2026-05-21T00:00:00
ACT00004492,REC00006221,USR009355,viewed,viewed,2026-09-15T22:00:00
ACT00004493,REC00006222,USR009356,acknowledged,acknowledged,2026-09-16T14:00:00
ACT00004494,REC00006223,USR009357,viewed,viewed,2026-02-23T09:00:00
ACT00004495,REC00006224,USR009357,acknowledged,acknowledged,2026-03-19T23:00:00
ACT00004496,REC00006225,USR009358,viewed,viewed,2026-06-14T22:00:00
ACT00004497,REC00006226,USR009359,viewed,viewed,2026-06-14T15:00:00
ACT00004498,REC00006227,USR009363,completed,completed,2026-09-02T03:00:00
ACT00004499,REC00006228,USR009364,viewed,viewed,2026-06-25T00:00:00
ACT00004500,REC00006229,USR009369,viewed,viewed,2026-09-16T19:00:00
ACT00004501,REC00006230,USR009370,viewed,viewed,2026-06-27T14:00:00
ACT00004502,REC00006231,USR009373,completed,completed,2026-06-01T16:00:00
ACT00004503,REC00006232,USR009374,viewed,viewed,2026-05-19T03:00:00
ACT00004504,REC00006234,USR009375,viewed,viewed,2026-07-30T09:00:00
ACT00004505,REC00006235,USR009377,viewed,viewed,2026-03-20T08:00:00
ACT00004506,REC00006237,USR009379,viewed,viewed,2026-01-21T14:00:00
ACT00004507,REC00006238,USR009380,viewed,viewed,2026-07-05T10:00:00
ACT00004508,REC00006239,USR009380,dismissed,dismissed,2026-04-27T19:00:00
ACT00004509,REC00006240,USR009381,completed,completed,2026-05-15T17:00:00
ACT00004510,REC00006242,USR009385,viewed,viewed,2026-06-11T09:00:00
ACT00004511,REC00006244,USR009386,viewed,viewed,2026-08-09T22:00:00
ACT00004512,REC00006246,USR009388,viewed,viewed,2026-09-16T12:00:00
ACT00004513,REC00006247,USR009389,completed,completed,2026-09-17T16:00:00
ACT00004514,REC00006249,USR009390,viewed,viewed,2026-03-30T05:00:00
ACT00004515,REC00006250,USR009391,completed,completed,2026-07-04T02:00:00
ACT00004516,REC00006252,USR009393,viewed,viewed,2026-06-01T08:00:00
ACT00004517,REC00006253,USR009393,viewed,viewed,2026-06-16T15:00:00
ACT00004518,REC00006255,USR009396,acknowledged,acknowledged,2026-06-18T18:00:00
ACT00004519,REC00006256,USR009397,viewed,viewed,2026-08-19T11:00:00
ACT00004520,REC00006258,USR009399,acknowledged,acknowledged,2026-04-20T23:00:00
ACT00004521,REC00006259,USR009400,viewed,viewed,2026-05-10T11:00:00
ACT00004522,REC00006260,USR009400,completed,completed,2026-07-05T20:00:00
ACT00004523,REC00006262,USR009407,acknowledged,acknowledged,2026-08-28T15:00:00
ACT00004524,REC00006264,USR009411,acknowledged,acknowledged,2026-09-17T21:00:00
ACT00004525,REC00006265,USR009412,acknowledged,acknowledged,2026-06-24T05:00:00
ACT00004526,REC00006266,USR009414,dismissed,dismissed,2026-06-04T19:00:00
ACT00004527,REC00006267,USR009415,dismissed,dismissed,2026-06-01T18:00:00
ACT00004528,REC00006268,USR009416,viewed,viewed,2026-09-02T10:00:00
ACT00004529,REC00006270,USR009420,dismissed,dismissed,2026-09-15T21:00:00
ACT00004530,REC00006271,USR009422,acknowledged,acknowledged,2026-05-09T22:00:00
ACT00004531,REC00006272,USR009424,acknowledged,acknowledged,2026-08-28T17:00:00
ACT00004532,REC00006275,USR009428,completed,completed,2026-05-05T07:00:00
ACT00004533,REC00006277,USR009431,viewed,viewed,2026-04-25T15:00:00
ACT00004534,REC00006278,USR009432,completed,completed,2026-04-10T00:00:00
ACT00004535,REC00006279,USR009440,viewed,viewed,2026-08-11T10:00:00
ACT00004536,REC00006280,USR009442,viewed,viewed,2026-08-08T01:00:00
ACT00004537,REC00006281,USR009445,completed,completed,2026-08-19T12:00:00
ACT00004538,REC00006283,USR009449,viewed,viewed,2026-08-03T19:00:00
ACT00004539,REC00006284,USR009450,dismissed,dismissed,2026-07-06T19:00:00
ACT00004540,REC00006285,USR009450,dismissed,dismissed,2026-05-25T07:00:00
ACT00004541,REC00006286,USR009454,viewed,viewed,2026-09-10T22:00:00
ACT00004542,REC00006287,USR009456,completed,completed,2026-07-04T04:00:00
ACT00004543,REC00006289,USR009460,acknowledged,acknowledged,2026-05-17T02:00:00
ACT00004544,REC00006290,USR009461,viewed,viewed,2026-09-16T01:00:00
ACT00004545,REC00006291,USR009462,viewed,viewed,2026-07-05T03:00:00
ACT00004546,REC00006292,USR009463,dismissed,dismissed,2026-06-15T10:00:00
ACT00004547,REC00006293,USR009464,completed,completed,2026-08-22T21:00:00
ACT00004548,REC00006295,USR009466,completed,completed,2026-06-23T14:00:00
ACT00004549,REC00006297,USR009470,completed,completed,2026-09-16T01:00:00
ACT00004550,REC00006299,USR009473,viewed,viewed,2026-08-18T04:00:00
ACT00004551,REC00006300,USR009475,acknowledged,acknowledged,2026-05-21T03:00:00
ACT00004552,REC00006301,USR009476,completed,completed,2026-05-24T06:00:00
ACT00004553,REC00006302,USR009477,viewed,viewed,2026-03-25T20:00:00
ACT00004554,REC00006304,USR009479,acknowledged,acknowledged,2026-07-15T15:00:00
ACT00004555,REC00006305,USR009481,dismissed,dismissed,2026-04-23T14:00:00
ACT00004556,REC00006306,USR009482,viewed,viewed,2026-06-30T23:00:00
ACT00004557,REC00006307,USR009483,completed,completed,2026-08-03T15:00:00
ACT00004558,REC00006308,USR009485,viewed,viewed,2026-05-27T17:00:00
ACT00004559,REC00006309,USR009485,viewed,viewed,2026-04-23T21:00:00
ACT00004560,REC00006310,USR009486,viewed,viewed,2026-03-04T22:00:00
ACT00004561,REC00006311,USR009488,viewed,viewed,2026-07-19T03:00:00
ACT00004562,REC00006312,USR009489,acknowledged,acknowledged,2026-04-09T05:00:00
ACT00004563,REC00006313,USR009490,completed,completed,2026-06-02T18:00:00
ACT00004564,REC00006314,USR009491,viewed,viewed,2026-04-02T02:00:00
ACT00004565,REC00006315,USR009492,viewed,viewed,2026-08-04T06:00:00
ACT00004566,REC00006316,USR009494,dismissed,dismissed,2026-01-19T19:00:00
ACT00004567,REC00006317,USR009494,viewed,viewed,2026-01-20T20:00:00
ACT00004568,REC00006318,USR009495,viewed,viewed,2026-08-01T05:00:00
ACT00004569,REC00006320,USR009497,completed,completed,2026-03-19T02:00:00
ACT00004570,REC00006321,USR009499,acknowledged,acknowledged,2026-06-01T08:00:00
ACT00004571,REC00006322,USR009500,dismissed,dismissed,2026-08-06T12:00:00
ACT00004572,REC00006325,USR009505,completed,completed,2026-04-26T21:00:00
ACT00004573,REC00006326,USR009507,completed,completed,2026-09-02T12:00:00
ACT00004574,REC00006328,USR009508,acknowledged,acknowledged,2026-07-18T17:00:00
ACT00004575,REC00006330,USR009510,viewed,viewed,2026-05-24T10:00:00
ACT00004576,REC00006331,USR009512,viewed,viewed,2026-08-22T20:00:00
ACT00004577,REC00006332,USR009514,completed,completed,2026-03-05T23:00:00
ACT00004578,REC00006333,USR009516,completed,completed,2026-08-14T19:00:00
ACT00004579,REC00006334,USR009522,viewed,viewed,2026-09-16T18:00:00
ACT00004580,REC00006336,USR009524,viewed,viewed,2026-03-15T07:00:00
ACT00004581,REC00006337,USR009525,completed,completed,2026-08-26T07:00:00
ACT00004582,REC00006338,USR009526,viewed,viewed,2026-08-12T18:00:00
ACT00004583,REC00006339,USR009527,dismissed,dismissed,2026-09-14T21:00:00
ACT00004584,REC00006340,USR009528,viewed,viewed,2026-04-01T23:00:00
ACT00004585,REC00006341,USR009529,viewed,viewed,2026-09-16T02:00:00
ACT00004586,REC00006342,USR009530,viewed,viewed,2026-07-15T23:00:00
ACT00004587,REC00006344,USR009531,viewed,viewed,2026-05-23T18:00:00
ACT00004588,REC00006345,USR009532,acknowledged,acknowledged,2026-08-15T19:00:00
ACT00004589,REC00006346,USR009532,viewed,viewed,2026-05-07T04:00:00
ACT00004590,REC00006348,USR009534,dismissed,dismissed,2026-04-10T01:00:00
ACT00004591,REC00006349,USR009535,viewed,viewed,2026-08-13T03:00:00
ACT00004592,REC00006350,USR009536,viewed,viewed,2026-04-06T09:00:00
ACT00004593,REC00006351,USR009538,viewed,viewed,2026-04-19T10:00:00
ACT00004594,REC00006352,USR009540,viewed,viewed,2026-02-27T05:00:00
ACT00004595,REC00006353,USR009541,dismissed,dismissed,2026-07-11T12:00:00
ACT00004596,REC00006354,USR009542,acknowledged,acknowledged,2026-06-26T16:00:00
ACT00004597,REC00006356,USR009544,completed,completed,2026-01-04T05:00:00
ACT00004598,REC00006357,USR009545,viewed,viewed,2026-05-14T11:00:00
ACT00004599,REC00006358,USR009547,completed,completed,2026-09-17T01:00:00
ACT00004600,REC00006359,USR009547,completed,completed,2026-06-06T03:00:00
ACT00004601,REC00006360,USR009548,viewed,viewed,2026-07-06T08:00:00
ACT00004602,REC00006361,USR009549,acknowledged,acknowledged,2026-06-16T10:00:00
ACT00004603,REC00006362,USR009549,completed,completed,2026-05-31T22:00:00
ACT00004604,REC00006363,USR009551,dismissed,dismissed,2026-06-25T19:00:00
ACT00004605,REC00006364,USR009552,completed,completed,2026-01-25T07:00:00
ACT00004606,REC00006366,USR009553,viewed,viewed,2026-08-04T11:00:00
ACT00004607,REC00006367,USR009555,viewed,viewed,2026-09-12T02:00:00
ACT00004608,REC00006368,USR009556,viewed,viewed,2026-08-04T11:00:00
ACT00004609,REC00006372,USR009559,viewed,viewed,2026-05-05T08:00:00
ACT00004610,REC00006373,USR009560,dismissed,dismissed,2026-04-17T21:00:00
ACT00004611,REC00006375,USR009563,viewed,viewed,2026-09-17T10:00:00
ACT00004612,REC00006376,USR009566,viewed,viewed,2026-05-26T08:00:00
ACT00004613,REC00006377,USR009568,viewed,viewed,2026-08-16T15:00:00
ACT00004614,REC00006378,USR009573,completed,completed,2026-09-14T16:00:00
ACT00004615,REC00006379,USR009576,viewed,viewed,2026-03-11T05:00:00
ACT00004616,REC00006382,USR009579,viewed,viewed,2026-09-13T19:00:00
ACT00004617,REC00006383,USR009581,viewed,viewed,2026-05-20T17:00:00
ACT00004618,REC00006385,USR009583,completed,completed,2026-09-16T10:00:00
ACT00004619,REC00006387,USR009591,viewed,viewed,2026-08-30T09:00:00
ACT00004620,REC00006388,USR009593,viewed,viewed,2026-05-21T14:00:00
ACT00004621,REC00006390,USR009596,completed,completed,2026-05-27T18:00:00
ACT00004622,REC00006391,USR009597,viewed,viewed,2026-05-21T13:00:00
ACT00004623,REC00006392,USR009598,completed,completed,2026-03-27T07:00:00
ACT00004624,REC00006393,USR009599,viewed,viewed,2026-03-07T15:00:00
ACT00004625,REC00006394,USR009600,viewed,viewed,2026-06-02T00:00:00
ACT00004626,REC00006395,USR009601,viewed,viewed,2026-09-16T03:00:00
ACT00004627,REC00006396,USR009601,acknowledged,acknowledged,2026-09-15T01:00:00
ACT00004628,REC00006397,USR009603,completed,completed,2026-09-14T22:00:00
ACT00004629,REC00006399,USR009605,viewed,viewed,2026-06-21T09:00:00
ACT00004630,REC00006400,USR009606,viewed,viewed,2026-03-24T17:00:00
ACT00004631,REC00006401,USR009606,acknowledged,acknowledged,2026-05-11T15:00:00
ACT00004632,REC00006402,USR009607,viewed,viewed,2026-05-19T22:00:00
ACT00004633,REC00006404,USR009609,viewed,viewed,2026-03-07T10:00:00
ACT00004634,REC00006405,USR009611,completed,completed,2026-05-27T22:00:00
ACT00004635,REC00006409,USR009618,acknowledged,acknowledged,2026-07-18T04:00:00
ACT00004636,REC00006410,USR009619,completed,completed,2026-03-21T00:00:00
ACT00004637,REC00006411,USR009621,completed,completed,2026-05-23T13:00:00
ACT00004638,REC00006412,USR009623,viewed,viewed,2026-09-15T22:00:00
ACT00004639,REC00006413,USR009624,dismissed,dismissed,2026-04-17T01:00:00
ACT00004640,REC00006414,USR009625,completed,completed,2026-03-02T11:00:00
ACT00004641,REC00006415,USR009627,acknowledged,acknowledged,2026-03-05T09:00:00
ACT00004642,REC00006416,USR009628,viewed,viewed,2026-04-23T16:00:00
ACT00004643,REC00006418,USR009630,acknowledged,acknowledged,2026-04-22T02:00:00
ACT00004644,REC00006419,USR009632,viewed,viewed,2026-07-09T06:00:00
ACT00004645,REC00006420,USR009634,acknowledged,acknowledged,2026-05-31T15:00:00
ACT00004646,REC00006423,USR009644,viewed,viewed,2026-09-03T21:00:00
ACT00004647,REC00006424,USR009646,viewed,viewed,2026-06-04T20:00:00
ACT00004648,REC00006425,USR009647,viewed,viewed,2026-05-03T00:00:00
ACT00004649,REC00006426,USR009649,completed,completed,2026-05-31T08:00:00
ACT00004650,REC00006427,USR009650,dismissed,dismissed,2026-08-31T16:00:00
ACT00004651,REC00006428,USR009651,acknowledged,acknowledged,2026-07-16T02:00:00
ACT00004652,REC00006429,USR009652,completed,completed,2026-05-25T07:00:00
ACT00004653,REC00006430,USR009652,viewed,viewed,2026-09-15T13:00:00
ACT00004654,REC00006431,USR009658,completed,completed,2026-06-20T13:00:00
ACT00004655,REC00006432,USR009660,viewed,viewed,2026-08-26T17:00:00
ACT00004656,REC00006433,USR009661,viewed,viewed,2026-06-01T17:00:00
ACT00004657,REC00006434,USR009663,dismissed,dismissed,2026-09-16T06:00:00
ACT00004658,REC00006435,USR009665,dismissed,dismissed,2026-06-12T09:00:00
ACT00004659,REC00006436,USR009665,viewed,viewed,2026-06-28T00:00:00
ACT00004660,REC00006437,USR009666,completed,completed,2026-09-14T23:00:00
ACT00004661,REC00006439,USR009670,viewed,viewed,2026-06-11T04:00:00
ACT00004662,REC00006440,USR009671,completed,completed,2026-08-18T03:00:00
ACT00004663,REC00006441,USR009672,completed,completed,2026-05-22T22:00:00
ACT00004664,REC00006443,USR009676,viewed,viewed,2026-09-17T01:00:00
ACT00004665,REC00006444,USR009678,completed,completed,2026-08-02T07:00:00
ACT00004666,REC00006445,USR009680,viewed,viewed,2026-08-17T21:00:00
ACT00004667,REC00006446,USR009680,completed,completed,2026-08-13T01:00:00
ACT00004668,REC00006447,USR009683,viewed,viewed,2026-06-13T23:00:00
ACT00004669,REC00006448,USR009686,completed,completed,2026-06-25T20:00:00
ACT00004670,REC00006449,USR009687,completed,completed,2026-02-03T04:00:00
ACT00004671,REC00006450,USR009688,acknowledged,acknowledged,2026-05-20T18:00:00
ACT00004672,REC00006452,USR009691,completed,completed,2026-08-28T02:00:00
ACT00004673,REC00006454,USR009693,completed,completed,2026-01-28T04:00:00
ACT00004674,REC00006456,USR009696,acknowledged,acknowledged,2026-03-25T01:00:00
ACT00004675,REC00006457,USR009697,viewed,viewed,2026-04-12T03:00:00
ACT00004676,REC00006458,USR009698,completed,completed,2026-05-20T20:00:00
ACT00004677,REC00006460,USR009700,viewed,viewed,2026-04-17T17:00:00
ACT00004678,REC00006461,USR009701,acknowledged,acknowledged,2026-09-17T00:00:00
ACT00004679,REC00006462,USR009704,dismissed,dismissed,2026-09-17T20:00:00
ACT00004680,REC00006463,USR009705,dismissed,dismissed,2026-03-07T05:00:00
ACT00004681,REC00006465,USR009707,acknowledged,acknowledged,2026-09-16T02:00:00
ACT00004682,REC00006469,USR009710,viewed,viewed,2026-06-15T05:00:00
ACT00004683,REC00006470,USR009711,viewed,viewed,2026-08-31T15:00:00
ACT00004684,REC00006471,USR009711,completed,completed,2026-09-15T17:00:00
ACT00004685,REC00006472,USR009712,viewed,viewed,2026-03-11T15:00:00
ACT00004686,REC00006474,USR009716,acknowledged,acknowledged,2026-06-06T19:00:00
ACT00004687,REC00006475,USR009716,acknowledged,acknowledged,2026-09-16T15:00:00
ACT00004688,REC00006476,USR009717,viewed,viewed,2026-06-02T08:00:00
ACT00004689,REC00006478,USR009719,completed,completed,2026-06-09T06:00:00
ACT00004690,REC00006479,USR009720,viewed,viewed,2026-09-03T06:00:00
ACT00004691,REC00006482,USR009725,acknowledged,acknowledged,2026-02-07T03:00:00
ACT00004692,REC00006483,USR009726,completed,completed,2026-05-12T07:00:00
ACT00004693,REC00006484,USR009727,completed,completed,2026-09-16T15:00:00
ACT00004694,REC00006486,USR009732,viewed,viewed,2026-07-26T21:00:00
ACT00004695,REC00006487,USR009733,acknowledged,acknowledged,2026-06-21T20:00:00
ACT00004696,REC00006489,USR009737,completed,completed,2026-05-23T22:00:00
ACT00004697,REC00006491,USR009739,completed,completed,2026-09-15T16:00:00
ACT00004698,REC00006492,USR009740,viewed,viewed,2026-09-16T12:00:00
ACT00004699,REC00006493,USR009742,completed,completed,2026-09-16T04:00:00
ACT00004700,REC00006496,USR009746,viewed,viewed,2026-06-13T04:00:00
ACT00004701,REC00006497,USR009747,viewed,viewed,2026-08-17T05:00:00
ACT00004702,REC00006498,USR009748,viewed,viewed,2026-06-16T20:00:00
ACT00004703,REC00006499,USR009748,viewed,viewed,2026-03-10T04:00:00
ACT00004704,REC00006500,USR009750,viewed,viewed,2026-07-22T23:00:00
ACT00004705,REC00006501,USR009750,completed,completed,2026-06-26T20:00:00
ACT00004706,REC00006503,USR009755,viewed,viewed,2026-06-13T21:00:00
ACT00004707,REC00006504,USR009756,viewed,viewed,2026-04-26T05:00:00
ACT00004708,REC00006506,USR009758,dismissed,dismissed,2026-05-07T17:00:00
ACT00004709,REC00006507,USR009758,completed,completed,2026-07-23T12:00:00
ACT00004710,REC00006508,USR009759,completed,completed,2026-06-04T00:00:00
ACT00004711,REC00006509,USR009761,viewed,viewed,2026-05-06T10:00:00
ACT00004712,REC00006510,USR009764,viewed,viewed,2026-03-14T14:00:00
ACT00004713,REC00006512,USR009767,viewed,viewed,2026-09-18T02:00:00
ACT00004714,REC00006515,USR009773,viewed,viewed,2026-07-17T03:00:00
ACT00004715,REC00006516,USR009777,viewed,viewed,2026-09-15T15:00:00
ACT00004716,REC00006519,USR009782,completed,completed,2026-08-24T23:00:00
ACT00004717,REC00006522,USR009785,viewed,viewed,2026-05-25T05:00:00
ACT00004718,REC00006523,USR009787,viewed,viewed,2026-06-30T22:00:00
ACT00004719,REC00006524,USR009788,viewed,viewed,2026-08-01T02:00:00
ACT00004720,REC00006525,USR009789,acknowledged,acknowledged,2026-06-10T11:00:00
ACT00004721,REC00006527,USR009792,completed,completed,2026-09-17T11:00:00
ACT00004722,REC00006528,USR009795,dismissed,dismissed,2026-08-25T18:00:00
ACT00004723,REC00006529,USR009795,completed,completed,2026-08-16T09:00:00
ACT00004724,REC00006530,USR009799,viewed,viewed,2026-02-12T23:00:00
ACT00004725,REC00006531,USR009800,completed,completed,2026-06-23T20:00:00
ACT00004726,REC00006532,USR009801,completed,completed,2026-04-05T15:00:00
ACT00004727,REC00006533,USR009802,acknowledged,acknowledged,2026-05-30T16:00:00
ACT00004728,REC00006534,USR009804,viewed,viewed,2026-03-30T17:00:00
ACT00004729,REC00006536,USR009807,viewed,viewed,2026-08-09T00:00:00
ACT00004730,REC00006537,USR009808,completed,completed,2026-09-15T09:00:00
ACT00004731,REC00006538,USR009809,viewed,viewed,2026-08-18T00:00:00
ACT00004732,REC00006540,USR009812,viewed,viewed,2026-03-02T15:00:00
ACT00004733,REC00006541,USR009813,viewed,viewed,2026-09-12T06:00:00
ACT00004734,REC00006542,USR009813,acknowledged,acknowledged,2026-09-15T15:00:00
ACT00004735,REC00006543,USR009814,completed,completed,2026-08-22T02:00:00
ACT00004736,REC00006544,USR009816,viewed,viewed,2026-05-13T12:00:00
ACT00004737,REC00006545,USR009818,acknowledged,acknowledged,2026-09-16T23:00:00
ACT00004738,REC00006546,USR009819,dismissed,dismissed,2026-09-15T04:00:00
ACT00004739,REC00006547,USR009821,acknowledged,acknowledged,2026-07-11T16:00:00
ACT00004740,REC00006549,USR009823,completed,completed,2026-07-05T01:00:00
ACT00004741,REC00006550,USR009825,viewed,viewed,2026-09-10T02:00:00
ACT00004742,REC00006552,USR009829,completed,completed,2026-05-16T18:00:00
ACT00004743,REC00006553,USR009831,dismissed,dismissed,2026-05-18T19:00:00
ACT00004744,REC00006554,USR009835,viewed,viewed,2026-01-27T16:00:00
ACT00004745,REC00006556,USR009837,viewed,viewed,2026-08-08T09:00:00
ACT00004746,REC00006557,USR009840,viewed,viewed,2026-09-04T01:00:00
ACT00004747,REC00006558,USR009843,completed,completed,2026-07-27T06:00:00
ACT00004748,REC00006559,USR009844,viewed,viewed,2026-04-25T00:00:00
ACT00004749,REC00006560,USR009845,dismissed,dismissed,2026-04-28T13:00:00
ACT00004750,REC00006562,USR009850,completed,completed,2026-04-09T11:00:00
ACT00004751,REC00006563,USR009851,viewed,viewed,2026-07-13T05:00:00
ACT00004752,REC00006564,USR009853,viewed,viewed,2026-07-09T13:00:00
ACT00004753,REC00006565,USR009854,viewed,viewed,2026-09-16T18:00:00
ACT00004754,REC00006567,USR009855,viewed,viewed,2026-07-07T16:00:00
ACT00004755,REC00006568,USR009856,acknowledged,acknowledged,2026-09-15T20:00:00
ACT00004756,REC00006569,USR009859,viewed,viewed,2026-09-14T21:00:00
ACT00004757,REC00006570,USR009860,dismissed,dismissed,2026-09-07T09:00:00
ACT00004758,REC00006571,USR009861,completed,completed,2026-04-08T18:00:00
ACT00004759,REC00006572,USR009862,viewed,viewed,2026-03-19T21:00:00
ACT00004760,REC00006575,USR009865,acknowledged,acknowledged,2026-05-21T15:00:00
ACT00004761,REC00006576,USR009867,acknowledged,acknowledged,2026-09-18T11:00:00
ACT00004762,REC00006577,USR009869,viewed,viewed,2026-03-30T09:00:00
ACT00004763,REC00006579,USR009875,acknowledged,acknowledged,2026-08-31T14:00:00
ACT00004764,REC00006580,USR009875,completed,completed,2026-07-21T05:00:00
ACT00004765,REC00006581,USR009876,viewed,viewed,2026-09-14T16:00:00
ACT00004766,REC00006584,USR009880,dismissed,dismissed,2026-08-03T07:00:00
ACT00004767,REC00006588,USR009888,viewed,viewed,2026-05-12T17:00:00
ACT00004768,REC00006589,USR009889,acknowledged,acknowledged,2026-05-20T10:00:00
ACT00004769,REC00006590,USR009890,completed,completed,2026-08-25T02:00:00
ACT00004770,REC00006591,USR009892,viewed,viewed,2026-07-11T20:00:00
ACT00004771,REC00006592,USR009893,acknowledged,acknowledged,2026-04-13T05:00:00
ACT00004772,REC00006593,USR009894,dismissed,dismissed,2026-05-27T13:00:00
ACT00004773,REC00006595,USR009896,viewed,viewed,2026-07-05T14:00:00
ACT00004774,REC00006596,USR009897,completed,completed,2026-07-15T23:00:00
ACT00004775,REC00006597,USR009899,acknowledged,acknowledged,2026-01-15T04:00:00
ACT00004776,REC00006598,USR009902,viewed,viewed,2026-01-15T10:00:00
ACT00004777,REC00006599,USR009903,acknowledged,acknowledged,2026-04-07T01:00:00
ACT00004778,REC00006600,USR009904,completed,completed,2026-09-07T02:00:00
ACT00004779,REC00006601,USR009905,viewed,viewed,2026-05-15T18:00:00
ACT00004780,REC00006602,USR009907,viewed,viewed,2026-08-21T15:00:00
ACT00004781,REC00006604,USR009910,completed,completed,2026-04-01T21:00:00
ACT00004782,REC00006606,USR009913,viewed,viewed,2026-09-06T01:00:00
ACT00004783,REC00006608,USR009915,acknowledged,acknowledged,2026-07-14T19:00:00
ACT00004784,REC00006610,USR009918,viewed,viewed,2026-03-27T08:00:00
ACT00004785,REC00006611,USR009919,acknowledged,acknowledged,2026-07-19T09:00:00
ACT00004786,REC00006612,USR009920,viewed,viewed,2026-07-19T17:00:00
ACT00004787,REC00006614,USR009921,viewed,viewed,2026-05-24T20:00:00
ACT00004788,REC00006615,USR009921,dismissed,dismissed,2026-05-05T15:00:00
ACT00004789,REC00006618,USR009924,acknowledged,acknowledged,2026-09-15T11:00:00
ACT00004790,REC00006619,USR009924,viewed,viewed,2026-09-10T09:00:00
ACT00004791,REC00006620,USR009925,acknowledged,acknowledged,2026-01-22T11:00:00
ACT00004792,REC00006623,USR009928,dismissed,dismissed,2026-09-17T19:00:00
ACT00004793,REC00006624,USR009931,viewed,viewed,2026-06-25T15:00:00
ACT00004794,REC00006625,USR009932,viewed,viewed,2026-05-11T00:00:00
ACT00004795,REC00006626,USR009934,viewed,viewed,2026-09-14T17:00:00
ACT00004796,REC00006627,USR009937,acknowledged,acknowledged,2026-09-17T01:00:00
ACT00004797,REC00006628,USR009940,viewed,viewed,2026-04-24T17:00:00
ACT00004798,REC00006631,USR009943,dismissed,dismissed,2026-03-29T15:00:00
ACT00004799,REC00006632,USR009943,viewed,viewed,2026-06-19T09:00:00
ACT00004800,REC00006635,USR009949,acknowledged,acknowledged,2026-08-02T02:00:00
ACT00004801,REC00006636,USR009951,acknowledged,acknowledged,2026-08-18T13:00:00
ACT00004802,REC00006637,USR009952,completed,completed,2026-05-22T21:00:00
ACT00004803,REC00006638,USR009953,viewed,viewed,2026-02-09T15:00:00
ACT00004804,REC00006639,USR009953,viewed,viewed,2026-02-08T17:00:00
ACT00004805,REC00006640,USR009955,viewed,viewed,2026-06-04T10:00:00
ACT00004806,REC00006642,USR009958,viewed,viewed,2026-09-13T03:00:00
ACT00004807,REC00006643,USR009959,acknowledged,acknowledged,2026-02-06T09:00:00
ACT00004808,REC00006644,USR009960,acknowledged,acknowledged,2026-09-16T02:00:00
ACT00004809,REC00006645,USR009961,acknowledged,acknowledged,2026-07-29T01:00:00
ACT00004810,REC00006646,USR009962,acknowledged,acknowledged,2026-08-31T23:00:00
ACT00004811,REC00006647,USR009964,viewed,viewed,2026-05-29T07:00:00
ACT00004812,REC00006649,USR009968,completed,completed,2026-05-31T15:00:00
ACT00004813,REC00006650,USR009969,viewed,viewed,2026-08-21T16:00:00
ACT00004814,REC00006653,USR009973,viewed,viewed,2026-07-19T06:00:00
ACT00004815,REC00006654,USR009975,viewed,viewed,2026-05-22T16:00:00
ACT00004816,REC00006657,USR009981,acknowledged,acknowledged,2026-08-28T22:00:00
ACT00004817,REC00006658,USR009982,viewed,viewed,2026-01-14T02:00:00
ACT00004818,REC00006659,USR009983,viewed,viewed,2026-06-08T09:00:00
ACT00004819,REC00006660,USR009986,viewed,viewed,2026-06-03T16:00:00
ACT00004820,REC00006661,USR009987,viewed,viewed,2026-02-14T01:00:00
ACT00004821,REC00006662,USR009988,acknowledged,acknowledged,2026-09-15T08:00:00
ACT00004822,REC00006664,USR009990,acknowledged,acknowledged,2026-09-15T15:00:00
ACT00004823,REC00006666,USR009993,viewed,viewed,2026-07-14T06:00:00
ACT00004824,REC00006667,USR009994,dismissed,dismissed,2026-09-14T22:00:00
ACT00004825,REC00006668,USR009995,acknowledged,acknowledged,2026-09-16T03:00:00
ACT00004826,REC00006669,USR009997,completed,completed,2026-04-16T21:00:00
ACT00004827,REC00006670,USR009998,dismissed,dismissed,2026-02-18T06:00:00
