run_id,user_id,product_code,triggered_at,trigger_type,model_or_rule_version,input_start_date,input_end_date,run_status
RUN00000001,USR000001,MINDGUARD,2026-04-15T11:00:00,new_data,RULE_MG_V0.1,2025-12-13T11:00:00,2026-04-15T11:00:00,completed
RUN00000002,USR000002,MINDGUARD,2026-05-29T18:00:00,new_data,RULE_MG_V0.1,2025-12-20T18:00:00,2026-05-29T18:00:00,completed
RUN00000003,USR000004,MINDGUARD,2026-04-25T05:00:00,new_data,RULE_MG_V0.1,2026-01-08T05:00:00,2026-04-25T05:00:00,completed
RUN00000004,USR000006,HEALTH_RESERVE,2026-05-27T01:00:00,new_data,RULE_HR_V0.1,2025-10-16T01:00:00,2026-05-27T01:00:00,completed
RUN00000005,USR000008,MINDGUARD,2026-08-26T03:00:00,new_data,RULE_MG_V0.1,2026-02-16T03:00:00,2026-08-26T03:00:00,completed
RUN00000006,USR000011,MINDGUARD,2026-08-07T07:00:00,new_data,RULE_MG_V0.1,2026-01-28T07:00:00,2026-08-07T07:00:00,completed
RUN00000007,USR000012,MINDGUARD,2026-04-17T09:00:00,new_data,RULE_MG_V0.1,2025-10-14T09:00:00,2026-04-17T09:00:00,completed
RUN00000008,USR000012,HEALTH_RESERVE,2026-05-25T03:00:00,new_data,RULE_HR_V0.1,2025-10-22T03:00:00,2026-05-25T03:00:00,completed
RUN00000009,USR000013,HEALTH_RESERVE,2026-05-24T03:00:00,new_data,RULE_HR_V0.1,2026-01-15T03:00:00,2026-05-24T03:00:00,completed
RUN00000010,USR000014,HEALTH_RESERVE,2026-09-14T12:00:00,new_data,RULE_HR_V0.1,2025-12-10T13:00:00,2026-09-14T12:00:00,completed
RUN00000011,USR000015,MINDGUARD,2026-05-19T15:00:00,new_data,RULE_MG_V0.1,2025-09-18T15:00:00,2026-05-19T15:00:00,completed
RUN00000012,USR000017,MINDGUARD,2026-03-29T18:00:00,new_data,RULE_MG_V0.1,2025-11-26T18:00:00,2026-03-29T18:00:00,completed
RUN00000013,USR000019,MINDGUARD,2026-03-30T18:00:00,new_data,RULE_MG_V0.1,2025-12-15T18:00:00,2026-03-30T18:00:00,completed
RUN00000014,USR000020,HEALTH_RESERVE,2026-07-18T12:00:00,new_data,RULE_HR_V0.1,2026-01-13T12:00:00,2026-07-18T12:00:00,completed
RUN00000015,USR000021,MINDGUARD,2026-05-07T22:00:00,new_data,RULE_MG_V0.1,2025-11-06T22:00:00,2026-05-07T22:00:00,completed
RUN00000016,USR000022,MINDGUARD,2026-07-01T05:00:00,new_data,RULE_MG_V0.1,2025-12-25T05:00:00,2026-07-01T05:00:00,completed
RUN00000017,USR000022,HEALTH_RESERVE,2026-05-24T00:00:00,new_data,RULE_HR_V0.1,2026-01-02T00:00:00,2026-05-24T00:00:00,completed
RUN00000018,USR000023,MINDGUARD,2026-09-14T12:00:00,new_data,RULE_MG_V0.1,2026-02-06T04:00:00,2026-09-14T12:00:00,completed
RUN00000019,USR000024,MINDGUARD,2026-06-23T19:00:00,new_data,RULE_MG_V0.1,2025-11-15T19:00:00,2026-06-23T19:00:00,completed
RUN00000020,USR000026,MINDGUARD,2026-09-14T12:00:00,new_data,RULE_MG_V0.1,2026-01-19T07:00:00,2026-09-14T12:00:00,completed
RUN00000021,USR000028,MINDGUARD,2026-09-14T12:00:00,new_data,RULE_MG_V0.1,2026-01-21T17:00:00,2026-09-14T12:00:00,completed
RUN00000022,USR000028,HEALTH_RESERVE,2026-07-26T19:00:00,new_data,RULE_HR_V0.1,2026-01-27T19:00:00,2026-07-26T19:00:00,completed
RUN00000023,USR000029,MINDGUARD,2026-06-25T21:00:00,new_data,RULE_MG_V0.1,2025-10-13T21:00:00,2026-06-25T21:00:00,completed
RUN00000024,USR000030,MINDGUARD,2026-01-31T23:00:00,new_data,RULE_MG_V0.1,2025-10-02T23:00:00,2026-01-31T23:00:00,completed
RUN00000025,USR000031,MINDGUARD,2026-03-25T19:00:00,new_data,RULE_MG_V0.1,2025-10-08T19:00:00,2026-03-25T19:00:00,completed
RUN00000026,USR000031,HEALTH_RESERVE,2026-01-19T18:00:00,new_data,RULE_HR_V0.1,2025-10-01T18:00:00,2026-01-19T18:00:00,completed
RUN00000027,USR000032,MINDGUARD,2026-05-25T16:00:00,new_data,RULE_MG_V0.1,2025-10-17T16:00:00,2026-05-25T16:00:00,completed
RUN00000028,USR000033,MINDGUARD,2026-04-05T23:00:00,new_data,RULE_MG_V0.1,2025-10-13T23:00:00,2026-04-05T23:00:00,completed
RUN00000029,USR000033,HEALTH_RESERVE,2026-07-27T16:00:00,new_data,RULE_HR_V0.1,2025-10-09T16:00:00,2026-07-27T16:00:00,completed
RUN00000030,USR000034,MINDGUARD,2026-05-30T06:00:00,new_data,RULE_MG_V0.1,2025-10-08T06:00:00,2026-05-30T06:00:00,completed
RUN00000031,USR000035,MINDGUARD,2026-06-30T12:00:00,new_data,RULE_MG_V0.1,2025-11-13T12:00:00,2026-06-30T12:00:00,completed
RUN00000032,USR000037,MINDGUARD,2026-04-12T10:00:00,new_data,RULE_MG_V0.1,2025-12-31T10:00:00,2026-04-12T10:00:00,completed
RUN00000033,USR000041,MINDGUARD,2026-09-14T12:00:00,new_data,RULE_MG_V0.1,2026-02-06T12:00:00,2026-09-14T12:00:00,completed
RUN00000034,USR000042,HEALTH_RESERVE,2026-06-18T10:00:00,new_data,RULE_HR_V0.1,2026-01-25T10:00:00,2026-06-18T10:00:00,completed
RUN00000035,USR000044,MINDGUARD,2026-05-21T19:00:00,new_data,RULE_MG_V0.1,2025-12-15T19:00:00,2026-05-21T19:00:00,completed
RUN00000036,USR000044,HEALTH_RESERVE,2026-06-24T14:00:00,new_data,RULE_HR_V0.1,2025-12-11T14:00:00,2026-06-24T14:00:00,completed
RUN00000037,USR000045,MINDGUARD,2026-07-14T23:00:00,new_data,RULE_MG_V0.1,2025-11-13T23:00:00,2026-07-14T23:00:00,completed
RUN00000038,USR000046,MINDGUARD,2026-06-28T09:00:00,new_data,RULE_MG_V0.1,2025-10-23T09:00:00,2026-06-28T09:00:00,completed
RUN00000039,USR000047,MINDGUARD,2026-08-08T07:00:00,new_data,RULE_MG_V0.1,2026-01-15T07:00:00,2026-08-08T07:00:00,completed
RUN00000040,USR000048,HEALTH_RESERVE,2026-03-11T20:00:00,new_data,RULE_HR_V0.1,2025-10-28T20:00:00,2026-03-11T20:00:00,completed
RUN00000041,USR000049,MINDGUARD,2026-04-17T13:00:00,new_data,RULE_MG_V0.1,2026-01-03T13:00:00,2026-04-17T13:00:00,completed
RUN00000042,USR000049,HEALTH_RESERVE,2026-09-14T12:00:00,new_data,RULE_HR_V0.1,2026-01-09T05:00:00,2026-09-14T12:00:00,completed
RUN00000043,USR000051,MINDGUARD,2026-09-14T12:00:00,new_data,RULE_MG_V0.1,2025-12-13T14:00:00,2026-09-14T12:00:00,completed
RUN00000044,USR000052,MINDGUARD,2026-06-22T01:00:00,new_data,RULE_MG_V0.1,2025-10-07T01:00:00,2026-06-22T01:00:00,completed
RUN00000045,USR000055,HEALTH_RESERVE,2026-01-05T22:00:00,new_data,RULE_HR_V0.1,2025-10-07T22:00:00,2026-01-05T22:00:00,completed
RUN00000046,USR000061,MINDGUARD,2026-09-14T12:00:00,new_data,RULE_MG_V0.1,2025-12-26T08:00:00,2026-09-14T12:00:00,completed
RUN00000047,USR000062,MINDGUARD,2026-02-24T09:00:00,new_data,RULE_MG_V0.1,2025-10-17T09:00:00,2026-02-24T09:00:00,completed
RUN00000048,USR000062,HEALTH_RESERVE,2026-04-05T04:00:00,new_data,RULE_HR_V0.1,2025-10-13T04:00:00,2026-04-05T04:00:00,completed
RUN00000049,USR000063,HEALTH_RESERVE,2026-05-23T14:00:00,new_data,RULE_HR_V0.1,2026-01-06T14:00:00,2026-05-23T14:00:00,completed
RUN00000050,USR000064,MINDGUARD,2026-02-09T15:00:00,new_data,RULE_MG_V0.1,2025-10-31T15:00:00,2026-02-09T15:00:00,completed
RUN00000051,USR000065,MINDGUARD,2026-06-10T17:00:00,new_data,RULE_MG_V0.1,2026-01-09T17:00:00,2026-06-10T17:00:00,completed
RUN00000052,USR000066,MINDGUARD,2026-03-28T22:00:00,new_data,RULE_MG_V0.1,2025-11-05T22:00:00,2026-03-28T22:00:00,completed
RUN00000053,USR000068,MINDGUARD,2026-07-06T02:00:00,new_data,RULE_MG_V0.1,2025-10-09T02:00:00,2026-07-06T02:00:00,completed
RUN00000054,USR000069,MINDGUARD,2026-04-09T07:00:00,new_data,RULE_MG_V0.1,2025-09-27T07:00:00,2026-04-09T07:00:00,completed
RUN00000055,USR000071,MINDGUARD,2026-06-05T22:00:00,new_data,RULE_MG_V0.1,2025-09-23T22:00:00,2026-06-05T22:00:00,completed
RUN00000056,USR000072,MINDGUARD,2026-06-05T02:00:00,new_data,RULE_MG_V0.1,2025-10-17T02:00:00,2026-06-05T02:00:00,completed
RUN00000057,USR000072,HEALTH_RESERVE,2026-03-28T22:00:00,new_data,RULE_HR_V0.1,2025-10-25T22:00:00,2026-03-28T22:00:00,completed
RUN00000058,USR000073,MINDGUARD,2026-06-08T19:00:00,new_data,RULE_MG_V0.1,2025-12-05T19:00:00,2026-06-08T19:00:00,completed
RUN00000059,USR000075,MINDGUARD,2026-08-30T08:00:00,new_data,RULE_MG_V0.1,2026-02-08T08:00:00,2026-08-30T08:00:00,completed
RUN00000060,USR000076,MINDGUARD,2026-09-14T12:00:00,new_data,RULE_MG_V0.1,2025-12-20T10:00:00,2026-09-14T12:00:00,completed
RUN00000061,USR000076,HEALTH_RESERVE,2026-05-04T04:00:00,new_data,RULE_HR_V0.1,2025-12-18T04:00:00,2026-05-04T04:00:00,completed
RUN00000062,USR000077,HEALTH_RESERVE,2026-06-18T15:00:00,new_data,RULE_HR_V0.1,2025-12-03T15:00:00,2026-06-18T15:00:00,completed
RUN00000063,USR000078,MINDGUARD,2026-05-16T19:00:00,new_data,RULE_MG_V0.1,2025-10-06T19:00:00,2026-05-16T19:00:00,completed
RUN00000064,USR000081,HEALTH_RESERVE,2026-04-22T08:00:00,new_data,RULE_HR_V0.1,2025-11-22T08:00:00,2026-04-22T08:00:00,completed
RUN00000065,USR000082,MINDGUARD,2026-05-20T06:00:00,new_data,RULE_MG_V0.1,2025-10-12T06:00:00,2026-05-20T06:00:00,completed
RUN00000066,USR000083,MINDGUARD,2026-02-05T13:00:00,new_data,RULE_MG_V0.1,2025-10-12T13:00:00,2026-02-05T13:00:00,completed
RUN00000067,USR000084,HEALTH_RESERVE,2026-05-12T10:00:00,new_data,RULE_HR_V0.1,2025-12-23T10:00:00,2026-05-12T10:00:00,completed
RUN00000068,USR000085,HEALTH_RESERVE,2026-05-08T12:00:00,new_data,RULE_HR_V0.1,2025-12-16T12:00:00,2026-05-08T12:00:00,completed
RUN00000069,USR000086,MINDGUARD,2026-09-06T21:00:00,new_data,RULE_MG_V0.1,2025-12-18T21:00:00,2026-09-06T21:00:00,completed
RUN00000070,USR000087,MINDGUARD,2026-06-04T05:00:00,new_data,RULE_MG_V0.1,2025-12-07T05:00:00,2026-06-04T05:00:00,completed
RUN00000071,USR000088,HEALTH_RESERVE,2026-09-14T12:00:00,new_data,RULE_HR_V0.1,2026-01-01T19:00:00,2026-09-14T12:00:00,completed
RUN00000072,USR000089,MINDGUARD,2026-01-08T00:00:00,new_data,RULE_MG_V0.1,2025-10-04T00:00:00,2026-01-08T00:00:00,completed
RUN00000073,USR000090,MINDGUARD,2026-06-12T23:00:00,new_data,RULE_MG_V0.1,2026-02-11T23:00:00,2026-06-12T23:00:00,completed
RUN00000074,USR000092,MINDGUARD,2026-03-24T10:00:00,new_data,RULE_MG_V0.1,2025-10-20T10:00:00,2026-03-24T10:00:00,completed
RUN00000075,USR000093,MINDGUARD,2026-09-14T12:00:00,new_data,RULE_MG_V0.1,2026-01-23T18:00:00,2026-09-14T12:00:00,completed
RUN00000076,USR000093,HEALTH_RESERVE,2026-08-29T14:00:00,new_data,RULE_HR_V0.1,2026-01-31T14:00:00,2026-08-29T14:00:00,completed
RUN00000077,USR000094,MINDGUARD,2026-09-14T12:00:00,new_data,RULE_MG_V0.1,2025-12-22T21:00:00,2026-09-14T12:00:00,completed
RUN00000078,USR000095,MINDGUARD,2026-07-31T03:00:00,new_data,RULE_MG_V0.1,2025-11-03T03:00:00,2026-07-31T03:00:00,completed
RUN00000079,USR000095,HEALTH_RESERVE,2026-02-16T03:00:00,new_data,RULE_HR_V0.1,2025-11-02T03:00:00,2026-02-16T03:00:00,completed
RUN00000080,USR000097,MINDGUARD,2026-06-15T07:00:00,new_data,RULE_MG_V0.1,2025-11-05T07:00:00,2026-06-15T07:00:00,completed
RUN00000081,USR000098,MINDGUARD,2026-09-11T10:00:00,new_data,RULE_MG_V0.1,2026-02-06T10:00:00,2026-09-11T10:00:00,completed
RUN00000082,USR000099,MINDGUARD,2026-08-18T22:00:00,new_data,RULE_MG_V0.1,2026-02-14T22:00:00,2026-08-18T22:00:00,completed
RUN00000083,USR000099,HEALTH_RESERVE,2026-06-25T06:00:00,new_data,RULE_HR_V0.1,2026-02-17T06:00:00,2026-06-25T06:00:00,completed
RUN00000084,USR000101,MINDGUARD,2026-09-14T12:00:00,new_data,RULE_MG_V0.1,2026-02-12T08:00:00,2026-09-14T12:00:00,completed
RUN00000085,USR000103,MINDGUARD,2026-08-27T06:00:00,new_data,RULE_MG_V0.1,2025-12-19T06:00:00,2026-08-27T06:00:00,completed
RUN00000086,USR000104,MINDGUARD,2026-03-27T06:00:00,new_data,RULE_MG_V0.1,2025-11-10T06:00:00,2026-03-27T06:00:00,completed
RUN00000087,USR000106,HEALTH_RESERVE,2026-08-08T13:00:00,new_data,RULE_HR_V0.1,2025-12-08T13:00:00,2026-08-08T13:00:00,completed
RUN00000088,USR000107,MINDGUARD,2026-09-14T12:00:00,new_data,RULE_MG_V0.1,2026-01-17T04:00:00,2026-09-14T12:00:00,completed
RUN00000089,USR000109,MINDGUARD,2026-09-11T19:00:00,new_data,RULE_MG_V0.1,2026-01-08T19:00:00,2026-09-11T19:00:00,completed
RUN00000090,USR000112,HEALTH_RESERVE,2026-04-07T00:00:00,new_data,RULE_HR_V0.1,2025-10-13T00:00:00,2026-04-07T00:00:00,completed
RUN00000091,USR000113,MINDGUARD,2026-02-15T00:00:00,new_data,RULE_MG_V0.1,2025-11-16T00:00:00,2026-02-15T00:00:00,completed
RUN00000092,USR000115,HEALTH_RESERVE,2026-06-14T11:00:00,new_data,RULE_HR_V0.1,2025-12-21T11:00:00,2026-06-14T11:00:00,completed
RUN00000093,USR000117,MINDGUARD,2026-01-02T22:00:00,new_data,RULE_MG_V0.1,2025-09-30T22:00:00,2026-01-02T22:00:00,completed
RUN00000094,USR000118,HEALTH_RESERVE,2026-07-23T14:00:00,new_data,RULE_HR_V0.1,2026-01-13T14:00:00,2026-07-23T14:00:00,completed
RUN00000095,USR000119,HEALTH_RESERVE,2026-02-22T17:00:00,new_data,RULE_HR_V0.1,2025-10-08T17:00:00,2026-02-22T17:00:00,completed
RUN00000096,USR000121,MINDGUARD,2026-06-06T15:00:00,new_data,RULE_MG_V0.1,2026-01-31T15:00:00,2026-06-06T15:00:00,completed
RUN00000097,USR000122,HEALTH_RESERVE,2026-09-14T12:00:00,new_data,RULE_HR_V0.1,2026-01-03T04:00:00,2026-09-14T12:00:00,completed
RUN00000098,USR000123,MINDGUARD,2026-06-16T09:00:00,new_data,RULE_MG_V0.1,2025-10-23T09:00:00,2026-06-16T09:00:00,completed
RUN00000099,USR000123,HEALTH_RESERVE,2026-08-03T08:00:00,new_data,RULE_HR_V0.1,2025-10-24T08:00:00,2026-08-03T08:00:00,completed
RUN00000100,USR000128,MINDGUARD,2026-07-14T17:00:00,new_data,RULE_MG_V0.1,2025-10-20T17:00:00,2026-07-14T17:00:00,completed
RUN00000101,USR000129,MINDGUARD,2026-09-14T12:00:00,new_data,RULE_MG_V0.1,2026-02-16T06:00:00,2026-09-14T12:00:00,completed
RUN00000102,USR000130,MINDGUARD,2026-07-20T00:00:00,new_data,RULE_MG_V0.1,2026-01-18T00:00:00,2026-07-20T00:00:00,completed
RUN00000103,USR000132,MINDGUARD,2026-04-25T21:00:00,new_data,RULE_MG_V0.1,2025-11-26T21:00:00,2026-04-25T21:00:00,completed
RUN00000104,USR000132,HEALTH_RESERVE,2026-08-18T20:00:00,new_data,RULE_HR_V0.1,2025-11-22T20:00:00,2026-08-18T20:00:00,completed
RUN00000105,USR000134,MINDGUARD,2026-01-27T13:00:00,new_data,RULE_MG_V0.1,2025-10-09T13:00:00,2026-01-27T13:00:00,completed
RUN00000106,USR000134,HEALTH_RESERVE,2026-05-08T20:00:00,new_data,RULE_HR_V0.1,2025-10-19T20:00:00,2026-05-08T20:00:00,completed
RUN00000107,USR000135,MINDGUARD,2026-09-13T03:00:00,new_data,RULE_MG_V0.1,2025-12-29T03:00:00,2026-09-13T03:00:00,completed
RUN00000108,USR000135,HEALTH_RESERVE,2026-09-14T12:00:00,new_data,RULE_HR_V0.1,2025-12-29T02:00:00,2026-09-14T12:00:00,completed
RUN00000109,USR000136,MINDGUARD,2026-05-04T01:00:00,new_data,RULE_MG_V0.1,2025-09-27T01:00:00,2026-05-04T01:00:00,completed
RUN00000110,USR000137,MINDGUARD,2026-08-13T11:00:00,new_data,RULE_MG_V0.1,2026-01-05T11:00:00,2026-08-13T11:00:00,completed
RUN00000111,USR000138,MINDGUARD,2026-09-14T12:00:00,new_data,RULE_MG_V0.1,2026-02-06T17:00:00,2026-09-14T12:00:00,completed
RUN00000112,USR000138,HEALTH_RESERVE,2026-09-14T12:00:00,new_data,RULE_HR_V0.1,2026-02-06T17:00:00,2026-09-14T12:00:00,completed
RUN00000113,USR000139,HEALTH_RESERVE,2026-07-12T01:00:00,new_data,RULE_HR_V0.1,2025-09-23T01:00:00,2026-07-12T01:00:00,completed
RUN00000114,USR000141,MINDGUARD,2026-03-27T23:00:00,new_data,RULE_MG_V0.1,2025-12-03T23:00:00,2026-03-27T23:00:00,completed
RUN00000115,USR000144,MINDGUARD,2026-05-02T10:00:00,new_data,RULE_MG_V0.1,2026-01-22T10:00:00,2026-05-02T10:00:00,completed
RUN00000116,USR000145,MINDGUARD,2026-04-02T09:00:00,new_data,RULE_MG_V0.1,2025-10-27T09:00:00,2026-04-02T09:00:00,completed
RUN00000117,USR000145,HEALTH_RESERVE,2026-02-23T07:00:00,new_data,RULE_HR_V0.1,2025-11-03T07:00:00,2026-02-23T07:00:00,completed
RUN00000118,USR000146,MINDGUARD,2026-03-13T13:00:00,new_data,RULE_MG_V0.1,2025-10-15T13:00:00,2026-03-13T13:00:00,completed
RUN00000119,USR000146,HEALTH_RESERVE,2026-05-01T06:00:00,new_data,RULE_HR_V0.1,2025-10-22T06:00:00,2026-05-01T06:00:00,completed
RUN00000120,USR000147,HEALTH_RESERVE,2026-03-27T14:00:00,new_data,RULE_HR_V0.1,2025-12-23T14:00:00,2026-03-27T14:00:00,completed
RUN00000121,USR000148,MINDGUARD,2026-09-14T03:00:00,new_data,RULE_MG_V0.1,2026-01-24T03:00:00,2026-09-14T03:00:00,completed
RUN00000122,USR000148,HEALTH_RESERVE,2026-06-04T00:00:00,new_data,RULE_HR_V0.1,2026-01-25T00:00:00,2026-06-04T00:00:00,completed
RUN00000123,USR000149,MINDGUARD,2026-08-15T00:00:00,new_data,RULE_MG_V0.1,2025-11-23T00:00:00,2026-08-15T00:00:00,completed
RUN00000124,USR000150,MINDGUARD,2026-02-21T16:00:00,new_data,RULE_MG_V0.1,2025-10-08T16:00:00,2026-02-21T16:00:00,completed
RUN00000125,USR000150,HEALTH_RESERVE,2026-01-26T16:00:00,new_data,RULE_HR_V0.1,2025-10-20T16:00:00,2026-01-26T16:00:00,completed
RUN00000126,USR000152,MINDGUARD,2026-01-09T20:00:00,new_data,RULE_MG_V0.1,2025-10-05T20:00:00,2026-01-09T20:00:00,completed
RUN00000127,USR000154,HEALTH_RESERVE,2026-02-05T12:00:00,new_data,RULE_HR_V0.1,2025-10-06T12:00:00,2026-02-05T12:00:00,completed
RUN00000128,USR000155,MINDGUARD,2026-06-12T18:00:00,new_data,RULE_MG_V0.1,2026-01-02T18:00:00,2026-06-12T18:00:00,completed
RUN00000129,USR000156,MINDGUARD,2026-04-07T23:00:00,new_data,RULE_MG_V0.1,2025-11-10T23:00:00,2026-04-07T23:00:00,completed
RUN00000130,USR000158,MINDGUARD,2026-06-07T20:00:00,new_data,RULE_MG_V0.1,2025-10-21T20:00:00,2026-06-07T20:00:00,completed
RUN00000131,USR000162,MINDGUARD,2026-07-07T19:00:00,new_data,RULE_MG_V0.1,2026-01-30T19:00:00,2026-07-07T19:00:00,completed
RUN00000132,USR000166,MINDGUARD,2026-07-28T13:00:00,new_data,RULE_MG_V0.1,2025-10-03T13:00:00,2026-07-28T13:00:00,completed
RUN00000133,USR000167,MINDGUARD,2026-09-08T01:00:00,new_data,RULE_MG_V0.1,2026-01-29T01:00:00,2026-09-08T01:00:00,completed
RUN00000134,USR000168,MINDGUARD,2026-06-04T03:00:00,new_data,RULE_MG_V0.1,2026-01-17T03:00:00,2026-06-04T03:00:00,completed
RUN00000135,USR000169,MINDGUARD,2026-05-02T12:00:00,new_data,RULE_MG_V0.1,2025-12-09T12:00:00,2026-05-02T12:00:00,completed
RUN00000136,USR000170,MINDGUARD,2026-07-16T03:00:00,new_data,RULE_MG_V0.1,2025-10-14T03:00:00,2026-07-16T03:00:00,completed
RUN00000137,USR000171,MINDGUARD,2026-06-29T13:00:00,new_data,RULE_MG_V0.1,2025-11-23T13:00:00,2026-06-29T13:00:00,completed
RUN00000138,USR000172,MINDGUARD,2026-06-05T02:00:00,new_data,RULE_MG_V0.1,2026-02-19T02:00:00,2026-06-05T02:00:00,completed
RUN00000139,USR000172,HEALTH_RESERVE,2026-09-14T12:00:00,new_data,RULE_HR_V0.1,2026-02-07T22:00:00,2026-09-14T12:00:00,completed
RUN00000140,USR000173,MINDGUARD,2026-06-08T03:00:00,new_data,RULE_MG_V0.1,2025-11-20T03:00:00,2026-06-08T03:00:00,completed
RUN00000141,USR000174,HEALTH_RESERVE,2026-06-24T00:00:00,new_data,RULE_HR_V0.1,2025-11-30T00:00:00,2026-06-24T00:00:00,completed
RUN00000142,USR000177,MINDGUARD,2026-05-16T15:00:00,new_data,RULE_MG_V0.1,2025-09-25T15:00:00,2026-05-16T15:00:00,completed
RUN00000143,USR000178,MINDGUARD,2026-04-06T11:00:00,new_data,RULE_MG_V0.1,2025-10-27T11:00:00,2026-04-06T11:00:00,completed
RUN00000144,USR000178,HEALTH_RESERVE,2026-02-21T08:00:00,new_data,RULE_HR_V0.1,2025-10-30T08:00:00,2026-02-21T08:00:00,completed
RUN00000145,USR000180,MINDGUARD,2026-07-08T17:00:00,new_data,RULE_MG_V0.1,2025-11-09T17:00:00,2026-07-08T17:00:00,completed
RUN00000146,USR000182,MINDGUARD,2026-09-14T12:00:00,new_data,RULE_MG_V0.1,2026-01-02T02:00:00,2026-09-14T12:00:00,completed
RUN00000147,USR000184,MINDGUARD,2026-06-18T18:00:00,new_data,RULE_MG_V0.1,2025-11-08T18:00:00,2026-06-18T18:00:00,completed
RUN00000148,USR000185,MINDGUARD,2026-04-13T01:00:00,new_data,RULE_MG_V0.1,2025-10-18T01:00:00,2026-04-13T01:00:00,completed
RUN00000149,USR000187,MINDGUARD,2026-03-11T21:00:00,new_data,RULE_MG_V0.1,2025-10-25T21:00:00,2026-03-11T21:00:00,completed
RUN00000150,USR000189,MINDGUARD,2026-02-26T20:00:00,new_data,RULE_MG_V0.1,2025-11-25T20:00:00,2026-02-26T20:00:00,completed
RUN00000151,USR000189,HEALTH_RESERVE,2026-04-05T18:00:00,new_data,RULE_HR_V0.1,2025-11-29T18:00:00,2026-04-05T18:00:00,completed
RUN00000152,USR000190,MINDGUARD,2026-05-16T11:00:00,new_data,RULE_MG_V0.1,2026-01-19T11:00:00,2026-05-16T11:00:00,completed
RUN00000153,USR000190,HEALTH_RESERVE,2026-05-07T03:00:00,new_data,RULE_HR_V0.1,2026-01-25T03:00:00,2026-05-07T03:00:00,completed
RUN00000154,USR000191,HEALTH_RESERVE,2026-08-09T19:00:00,new_data,RULE_HR_V0.1,2026-01-13T19:00:00,2026-08-09T19:00:00,completed
RUN00000155,USR000192,MINDGUARD,2026-07-10T13:00:00,new_data,RULE_MG_V0.1,2025-12-09T13:00:00,2026-07-10T13:00:00,completed
RUN00000156,USR000193,MINDGUARD,2026-06-11T03:00:00,new_data,RULE_MG_V0.1,2025-09-27T03:00:00,2026-06-11T03:00:00,completed
RUN00000157,USR000195,MINDGUARD,2026-05-02T03:00:00,new_data,RULE_MG_V0.1,2025-10-18T03:00:00,2026-05-02T03:00:00,completed
RUN00000158,USR000197,MINDGUARD,2026-03-09T12:00:00,new_data,RULE_MG_V0.1,2025-10-03T12:00:00,2026-03-09T12:00:00,completed
RUN00000159,USR000198,HEALTH_RESERVE,2026-08-27T22:00:00,new_data,RULE_HR_V0.1,2026-01-18T22:00:00,2026-08-27T22:00:00,completed
RUN00000160,USR000200,HEALTH_RESERVE,2026-06-11T06:00:00,new_data,RULE_HR_V0.1,2025-10-24T06:00:00,2026-06-11T06:00:00,completed
RUN00000161,USR000203,MINDGUARD,2026-09-14T12:00:00,new_data,RULE_MG_V0.1,2025-12-28T20:00:00,2026-09-14T12:00:00,completed
RUN00000162,USR000205,MINDGUARD,2026-08-06T04:00:00,new_data,RULE_MG_V0.1,2025-11-12T04:00:00,2026-08-06T04:00:00,completed
RUN00000163,USR000207,MINDGUARD,2026-03-15T22:00:00,new_data,RULE_MG_V0.1,2025-11-01T22:00:00,2026-03-15T22:00:00,completed
RUN00000164,USR000208,MINDGUARD,2026-02-01T07:00:00,new_data,RULE_MG_V0.1,2025-10-03T07:00:00,2026-02-01T07:00:00,completed
RUN00000165,USR000210,HEALTH_RESERVE,2026-05-28T17:00:00,new_data,RULE_HR_V0.1,2025-10-08T17:00:00,2026-05-28T17:00:00,completed
RUN00000166,USR000212,MINDGUARD,2026-09-14T12:00:00,new_data,RULE_MG_V0.1,2025-12-06T01:00:00,2026-09-14T12:00:00,completed
RUN00000167,USR000214,MINDGUARD,2026-06-21T03:00:00,new_data,RULE_MG_V0.1,2025-11-26T03:00:00,2026-06-21T03:00:00,completed
RUN00000168,USR000215,MINDGUARD,2026-09-14T12:00:00,new_data,RULE_MG_V0.1,2025-12-11T23:00:00,2026-09-14T12:00:00,completed
RUN00000169,USR000216,MINDGUARD,2026-09-14T12:00:00,new_data,RULE_MG_V0.1,2026-02-01T19:00:00,2026-09-14T12:00:00,completed
RUN00000170,USR000217,MINDGUARD,2026-08-23T08:00:00,new_data,RULE_MG_V0.1,2025-12-23T08:00:00,2026-08-23T08:00:00,completed
RUN00000171,USR000218,MINDGUARD,2026-06-25T06:00:00,new_data,RULE_MG_V0.1,2026-01-22T06:00:00,2026-06-25T06:00:00,completed
RUN00000172,USR000219,MINDGUARD,2026-05-31T22:00:00,new_data,RULE_MG_V0.1,2025-10-12T22:00:00,2026-05-31T22:00:00,completed
RUN00000173,USR000219,HEALTH_RESERVE,2026-05-04T01:00:00,new_data,RULE_HR_V0.1,2025-10-11T01:00:00,2026-05-04T01:00:00,completed
RUN00000174,USR000221,MINDGUARD,2026-01-21T08:00:00,new_data,RULE_MG_V0.1,2025-10-16T08:00:00,2026-01-21T08:00:00,completed
RUN00000175,USR000222,MINDGUARD,2026-07-25T01:00:00,new_data,RULE_MG_V0.1,2025-11-13T01:00:00,2026-07-25T01:00:00,completed
RUN00000176,USR000223,MINDGUARD,2026-08-16T06:00:00,new_data,RULE_MG_V0.1,2025-10-29T06:00:00,2026-08-16T06:00:00,completed
RUN00000177,USR000224,HEALTH_RESERVE,2026-07-10T07:00:00,new_data,RULE_HR_V0.1,2025-09-29T07:00:00,2026-07-10T07:00:00,completed
RUN00000178,USR000226,MINDGUARD,2026-09-14T12:00:00,new_data,RULE_MG_V0.1,2026-02-25T13:00:00,2026-09-14T12:00:00,completed
RUN00000179,USR000230,MINDGUARD,2026-02-21T00:00:00,new_data,RULE_MG_V0.1,2025-10-10T00:00:00,2026-02-21T00:00:00,completed
RUN00000180,USR000232,HEALTH_RESERVE,2026-03-07T21:00:00,new_data,RULE_HR_V0.1,2025-10-08T21:00:00,2026-03-07T21:00:00,completed
RUN00000181,USR000233,MINDGUARD,2026-08-19T15:00:00,new_data,RULE_MG_V0.1,2025-11-22T15:00:00,2026-08-19T15:00:00,completed
RUN00000182,USR000234,MINDGUARD,2026-09-14T12:00:00,new_data,RULE_MG_V0.1,2026-02-12T13:00:00,2026-09-14T12:00:00,completed
RUN00000183,USR000234,HEALTH_RESERVE,2026-06-19T06:00:00,new_data,RULE_HR_V0.1,2026-02-02T06:00:00,2026-06-19T06:00:00,completed
RUN00000184,USR000242,MINDGUARD,2026-07-07T15:00:00,new_data,RULE_MG_V0.1,2025-10-18T15:00:00,2026-07-07T15:00:00,completed
RUN00000185,USR000242,HEALTH_RESERVE,2026-07-04T17:00:00,new_data,RULE_HR_V0.1,2025-10-11T17:00:00,2026-07-04T17:00:00,completed
RUN00000186,USR000244,HEALTH_RESERVE,2026-07-12T09:00:00,new_data,RULE_HR_V0.1,2026-02-04T09:00:00,2026-07-12T09:00:00,completed
RUN00000187,USR000250,HEALTH_RESERVE,2026-04-21T18:00:00,new_data,RULE_HR_V0.1,2025-11-29T18:00:00,2026-04-21T18:00:00,completed
RUN00000188,USR000251,MINDGUARD,2026-08-25T17:00:00,new_data,RULE_MG_V0.1,2025-11-28T17:00:00,2026-08-25T17:00:00,completed
RUN00000189,USR000253,MINDGUARD,2026-05-21T20:00:00,new_data,RULE_MG_V0.1,2026-01-18T20:00:00,2026-05-21T20:00:00,completed
RUN00000190,USR000254,MINDGUARD,2026-01-21T17:00:00,new_data,RULE_MG_V0.1,2025-10-19T17:00:00,2026-01-21T17:00:00,completed
RUN00000191,USR000256,HEALTH_RESERVE,2026-01-04T23:00:00,new_data,RULE_HR_V0.1,2025-09-17T23:00:00,2026-01-04T23:00:00,completed
RUN00000192,USR000260,HEALTH_RESERVE,2026-05-10T07:00:00,new_data,RULE_HR_V0.1,2026-01-30T07:00:00,2026-05-10T07:00:00,completed
RUN00000193,USR000261,MINDGUARD,2026-08-01T04:00:00,new_data,RULE_MG_V0.1,2026-02-13T04:00:00,2026-08-01T04:00:00,completed
RUN00000194,USR000263,MINDGUARD,2026-07-14T04:00:00,new_data,RULE_MG_V0.1,2025-10-11T04:00:00,2026-07-14T04:00:00,completed
RUN00000195,USR000266,MINDGUARD,2026-09-14T12:00:00,new_data,RULE_MG_V0.1,2026-02-11T02:00:00,2026-09-14T12:00:00,completed
RUN00000196,USR000267,MINDGUARD,2026-08-06T06:00:00,new_data,RULE_MG_V0.1,2026-01-13T06:00:00,2026-08-06T06:00:00,completed
RUN00000197,USR000269,MINDGUARD,2026-06-24T23:00:00,new_data,RULE_MG_V0.1,2025-12-30T23:00:00,2026-06-24T23:00:00,completed
RUN00000198,USR000271,MINDGUARD,2026-09-14T12:00:00,new_data,RULE_MG_V0.1,2026-02-22T20:00:00,2026-09-14T12:00:00,completed
RUN00000199,USR000272,MINDGUARD,2026-05-01T14:00:00,new_data,RULE_MG_V0.1,2025-10-21T14:00:00,2026-05-01T14:00:00,completed
RUN00000200,USR000274,MINDGUARD,2026-04-05T17:00:00,new_data,RULE_MG_V0.1,2025-11-25T17:00:00,2026-04-05T17:00:00,completed
RUN00000201,USR000275,HEALTH_RESERVE,2026-05-18T15:00:00,new_data,RULE_HR_V0.1,2026-01-05T15:00:00,2026-05-18T15:00:00,completed
RUN00000202,USR000276,HEALTH_RESERVE,2026-04-28T08:00:00,new_data,RULE_HR_V0.1,2025-12-11T08:00:00,2026-04-28T08:00:00,completed
RUN00000203,USR000277,MINDGUARD,2026-06-19T16:00:00,new_data,RULE_MG_V0.1,2025-10-15T16:00:00,2026-06-19T16:00:00,completed
RUN00000204,USR000278,MINDGUARD,2026-04-30T17:00:00,new_data,RULE_MG_V0.1,2025-10-21T17:00:00,2026-04-30T17:00:00,completed
RUN00000205,USR000280,HEALTH_RESERVE,2026-04-03T09:00:00,new_data,RULE_HR_V0.1,2025-12-05T09:00:00,2026-04-03T09:00:00,completed
RUN00000206,USR000281,MINDGUARD,2026-01-14T16:00:00,new_data,RULE_MG_V0.1,2025-10-01T16:00:00,2026-01-14T16:00:00,completed
RUN00000207,USR000282,MINDGUARD,2026-05-16T00:00:00,new_data,RULE_MG_V0.1,2025-12-22T00:00:00,2026-05-16T00:00:00,completed
RUN00000208,USR000283,MINDGUARD,2026-09-14T12:00:00,new_data,RULE_MG_V0.1,2026-01-07T19:00:00,2026-09-14T12:00:00,completed
RUN00000209,USR000284,MINDGUARD,2026-02-27T17:00:00,new_data,RULE_MG_V0.1,2025-11-18T17:00:00,2026-02-27T17:00:00,completed
RUN00000210,USR000285,MINDGUARD,2026-08-20T10:00:00,new_data,RULE_MG_V0.1,2026-02-16T10:00:00,2026-08-20T10:00:00,completed
RUN00000211,USR000286,MINDGUARD,2026-09-14T12:00:00,new_data,RULE_MG_V0.1,2026-01-16T05:00:00,2026-09-14T12:00:00,completed
RUN00000212,USR000287,MINDGUARD,2026-09-14T12:00:00,new_data,RULE_MG_V0.1,2026-02-17T19:00:00,2026-09-14T12:00:00,completed
RUN00000213,USR000289,MINDGUARD,2026-04-04T08:00:00,new_data,RULE_MG_V0.1,2025-10-07T08:00:00,2026-04-04T08:00:00,completed
RUN00000214,USR000290,MINDGUARD,2026-08-06T05:00:00,new_data,RULE_MG_V0.1,2025-12-06T05:00:00,2026-08-06T05:00:00,completed
RUN00000215,USR000291,HEALTH_RESERVE,2026-07-08T22:00:00,new_data,RULE_HR_V0.1,2025-11-30T22:00:00,2026-07-08T22:00:00,completed
RUN00000216,USR000292,MINDGUARD,2026-08-28T18:00:00,new_data,RULE_MG_V0.1,2026-02-23T18:00:00,2026-08-28T18:00:00,completed
RUN00000217,USR000294,HEALTH_RESERVE,2026-09-14T12:00:00,new_data,RULE_HR_V0.1,2025-12-26T01:00:00,2026-09-14T12:00:00,completed
RUN00000218,USR000295,MINDGUARD,2026-07-05T20:00:00,new_data,RULE_MG_V0.1,2025-12-22T20:00:00,2026-07-05T20:00:00,completed
RUN00000219,USR000298,MINDGUARD,2026-05-26T06:00:00,new_data,RULE_MG_V0.1,2025-09-27T06:00:00,2026-05-26T06:00:00,completed
RUN00000220,USR000299,HEALTH_RESERVE,2026-08-27T18:00:00,new_data,RULE_HR_V0.1,2025-11-30T18:00:00,2026-08-27T18:00:00,completed
RUN00000221,USR000301,HEALTH_RESERVE,2026-05-28T15:00:00,new_data,RULE_HR_V0.1,2026-01-21T15:00:00,2026-05-28T15:00:00,completed
RUN00000222,USR000302,MINDGUARD,2026-07-07T05:00:00,new_data,RULE_MG_V0.1,2025-11-05T05:00:00,2026-07-07T05:00:00,completed
RUN00000223,USR000309,MINDGUARD,2026-08-08T11:00:00,new_data,RULE_MG_V0.1,2026-02-10T11:00:00,2026-08-08T11:00:00,completed
RUN00000224,USR000311,HEALTH_RESERVE,2026-06-02T09:00:00,new_data,RULE_HR_V0.1,2025-12-20T09:00:00,2026-06-02T09:00:00,completed
RUN00000225,USR000312,HEALTH_RESERVE,2026-09-14T12:00:00,new_data,RULE_HR_V0.1,2026-02-04T13:00:00,2026-09-14T12:00:00,completed
RUN00000226,USR000313,MINDGUARD,2026-05-12T10:00:00,new_data,RULE_MG_V0.1,2025-09-27T10:00:00,2026-05-12T10:00:00,completed
RUN00000227,USR000314,HEALTH_RESERVE,2026-08-13T02:00:00,new_data,RULE_HR_V0.1,2026-01-23T02:00:00,2026-08-13T02:00:00,completed
RUN00000228,USR000315,HEALTH_RESERVE,2026-05-01T17:00:00,new_data,RULE_HR_V0.1,2025-12-27T17:00:00,2026-05-01T17:00:00,completed
RUN00000229,USR000316,MINDGUARD,2026-05-18T06:00:00,new_data,RULE_MG_V0.1,2026-02-06T06:00:00,2026-05-18T06:00:00,completed
RUN00000230,USR000317,MINDGUARD,2026-08-06T10:00:00,new_data,RULE_MG_V0.1,2026-02-10T10:00:00,2026-08-06T10:00:00,completed
RUN00000231,USR000317,HEALTH_RESERVE,2026-07-02T12:00:00,new_data,RULE_HR_V0.1,2026-02-13T12:00:00,2026-07-02T12:00:00,completed
RUN00000232,USR000320,MINDGUARD,2026-05-12T21:00:00,new_data,RULE_MG_V0.1,2025-12-31T21:00:00,2026-05-12T21:00:00,completed
RUN00000233,USR000321,MINDGUARD,2026-07-09T10:00:00,new_data,RULE_MG_V0.1,2026-01-06T10:00:00,2026-07-09T10:00:00,completed
RUN00000234,USR000322,MINDGUARD,2026-07-23T14:00:00,new_data,RULE_MG_V0.1,2025-12-18T14:00:00,2026-07-23T14:00:00,completed
RUN00000235,USR000323,HEALTH_RESERVE,2026-07-01T18:00:00,new_data,RULE_HR_V0.1,2025-10-19T18:00:00,2026-07-01T18:00:00,completed
RUN00000236,USR000324,MINDGUARD,2026-03-13T15:00:00,new_data,RULE_MG_V0.1,2025-11-15T15:00:00,2026-03-13T15:00:00,completed
RUN00000237,USR000325,HEALTH_RESERVE,2026-06-30T20:00:00,new_data,RULE_HR_V0.1,2025-12-12T20:00:00,2026-06-30T20:00:00,completed
RUN00000238,USR000326,HEALTH_RESERVE,2026-05-11T01:00:00,new_data,RULE_HR_V0.1,2026-01-02T01:00:00,2026-05-11T01:00:00,completed
RUN00000239,USR000327,MINDGUARD,2026-05-20T17:00:00,new_data,RULE_MG_V0.1,2025-12-29T17:00:00,2026-05-20T17:00:00,completed
RUN00000240,USR000328,MINDGUARD,2026-06-16T11:00:00,new_data,RULE_MG_V0.1,2026-02-14T11:00:00,2026-06-16T11:00:00,completed
RUN00000241,USR000329,MINDGUARD,2026-04-17T18:00:00,new_data,RULE_MG_V0.1,2025-10-29T18:00:00,2026-04-17T18:00:00,completed
RUN00000242,USR000330,MINDGUARD,2026-01-27T10:00:00,new_data,RULE_MG_V0.1,2025-10-28T10:00:00,2026-01-27T10:00:00,completed
RUN00000243,USR000331,MINDGUARD,2026-03-03T23:00:00,new_data,RULE_MG_V0.1,2025-10-14T23:00:00,2026-03-03T23:00:00,completed
RUN00000244,USR000332,MINDGUARD,2026-07-23T06:00:00,new_data,RULE_MG_V0.1,2026-01-02T06:00:00,2026-07-23T06:00:00,completed
RUN00000245,USR000334,MINDGUARD,2026-02-20T13:00:00,new_data,RULE_MG_V0.1,2025-09-16T13:00:00,2026-02-20T13:00:00,completed
RUN00000246,USR000335,MINDGUARD,2026-04-13T11:00:00,new_data,RULE_MG_V0.1,2025-10-04T11:00:00,2026-04-13T11:00:00,completed
RUN00000247,USR000339,MINDGUARD,2026-04-14T09:00:00,new_data,RULE_MG_V0.1,2026-01-01T09:00:00,2026-04-14T09:00:00,completed
RUN00000248,USR000340,MINDGUARD,2026-09-14T12:00:00,new_data,RULE_MG_V0.1,2026-02-15T03:00:00,2026-09-14T12:00:00,completed
RUN00000249,USR000342,MINDGUARD,2026-06-13T22:00:00,new_data,RULE_MG_V0.1,2025-10-10T22:00:00,2026-06-13T22:00:00,completed
RUN00000250,USR000342,HEALTH_RESERVE,2026-08-05T04:00:00,new_data,RULE_HR_V0.1,2025-10-19T04:00:00,2026-08-05T04:00:00,completed
RUN00000251,USR000343,HEALTH_RESERVE,2026-05-13T13:00:00,new_data,RULE_HR_V0.1,2025-12-27T13:00:00,2026-05-13T13:00:00,completed
RUN00000252,USR000346,HEALTH_RESERVE,2026-03-04T00:00:00,new_data,RULE_HR_V0.1,2025-10-12T00:00:00,2026-03-04T00:00:00,completed
RUN00000253,USR000347,MINDGUARD,2026-03-26T06:00:00,new_data,RULE_MG_V0.1,2025-10-17T06:00:00,2026-03-26T06:00:00,completed
RUN00000254,USR000348,MINDGUARD,2026-01-30T13:00:00,new_data,RULE_MG_V0.1,2025-10-02T13:00:00,2026-01-30T13:00:00,completed
RUN00000255,USR000349,HEALTH_RESERVE,2026-07-14T15:00:00,new_data,RULE_HR_V0.1,2025-12-19T15:00:00,2026-07-14T15:00:00,completed
RUN00000256,USR000350,MINDGUARD,2026-07-31T06:00:00,new_data,RULE_MG_V0.1,2025-12-12T06:00:00,2026-07-31T06:00:00,completed
RUN00000257,USR000351,MINDGUARD,2026-04-04T23:00:00,new_data,RULE_MG_V0.1,2025-12-23T23:00:00,2026-04-04T23:00:00,completed
RUN00000258,USR000353,MINDGUARD,2026-08-04T05:00:00,new_data,RULE_MG_V0.1,2025-11-26T05:00:00,2026-08-04T05:00:00,completed
RUN00000259,USR000355,HEALTH_RESERVE,2026-09-02T23:00:00,new_data,RULE_HR_V0.1,2026-01-29T23:00:00,2026-09-02T23:00:00,completed
RUN00000260,USR000356,HEALTH_RESERVE,2026-06-09T00:00:00,new_data,RULE_HR_V0.1,2025-09-26T00:00:00,2026-06-09T00:00:00,completed
RUN00000261,USR000357,MINDGUARD,2026-05-19T01:00:00,new_data,RULE_MG_V0.1,2026-01-28T01:00:00,2026-05-19T01:00:00,completed
RUN00000262,USR000358,MINDGUARD,2026-07-27T12:00:00,new_data,RULE_MG_V0.1,2025-12-22T12:00:00,2026-07-27T12:00:00,completed
RUN00000263,USR000359,MINDGUARD,2026-06-12T01:00:00,new_data,RULE_MG_V0.1,2025-12-31T01:00:00,2026-06-12T01:00:00,completed
RUN00000264,USR000361,HEALTH_RESERVE,2026-07-11T01:00:00,new_data,RULE_HR_V0.1,2025-11-20T01:00:00,2026-07-11T01:00:00,completed
RUN00000265,USR000363,HEALTH_RESERVE,2026-02-20T20:00:00,new_data,RULE_HR_V0.1,2025-11-22T20:00:00,2026-02-20T20:00:00,completed
RUN00000266,USR000365,MINDGUARD,2026-06-20T03:00:00,new_data,RULE_MG_V0.1,2025-10-08T03:00:00,2026-06-20T03:00:00,completed
RUN00000267,USR000366,MINDGUARD,2026-06-18T05:00:00,new_data,RULE_MG_V0.1,2026-02-13T05:00:00,2026-06-18T05:00:00,completed
RUN00000268,USR000369,MINDGUARD,2026-09-14T12:00:00,new_data,RULE_MG_V0.1,2025-12-30T04:00:00,2026-09-14T12:00:00,completed
RUN00000269,USR000370,MINDGUARD,2026-04-26T10:00:00,new_data,RULE_MG_V0.1,2025-11-05T10:00:00,2026-04-26T10:00:00,completed
RUN00000270,USR000371,MINDGUARD,2026-08-06T17:00:00,new_data,RULE_MG_V0.1,2025-10-17T17:00:00,2026-08-06T17:00:00,completed
RUN00000271,USR000371,HEALTH_RESERVE,2026-07-26T13:00:00,new_data,RULE_HR_V0.1,2025-10-28T13:00:00,2026-07-26T13:00:00,completed
RUN00000272,USR000372,MINDGUARD,2026-05-05T22:00:00,new_data,RULE_MG_V0.1,2026-01-29T22:00:00,2026-05-05T22:00:00,completed
RUN00000273,USR000374,MINDGUARD,2026-06-29T05:00:00,new_data,RULE_MG_V0.1,2025-11-29T05:00:00,2026-06-29T05:00:00,completed
RUN00000274,USR000375,MINDGUARD,2026-09-14T12:00:00,new_data,RULE_MG_V0.1,2026-01-11T14:00:00,2026-09-14T12:00:00,completed
RUN00000275,USR000375,HEALTH_RESERVE,2026-05-18T21:00:00,new_data,RULE_HR_V0.1,2026-01-12T21:00:00,2026-05-18T21:00:00,completed
RUN00000276,USR000377,MINDGUARD,2026-05-10T20:00:00,new_data,RULE_MG_V0.1,2025-10-30T20:00:00,2026-05-10T20:00:00,completed
RUN00000277,USR000378,MINDGUARD,2026-03-23T23:00:00,new_data,RULE_MG_V0.1,2025-11-14T23:00:00,2026-03-23T23:00:00,completed
RUN00000278,USR000381,MINDGUARD,2026-07-28T09:00:00,new_data,RULE_MG_V0.1,2025-11-29T09:00:00,2026-07-28T09:00:00,completed
RUN00000279,USR000382,HEALTH_RESERVE,2026-02-09T05:00:00,new_data,RULE_HR_V0.1,2025-10-22T05:00:00,2026-02-09T05:00:00,completed
RUN00000280,USR000385,MINDGUARD,2026-03-22T19:00:00,new_data,RULE_MG_V0.1,2025-10-04T19:00:00,2026-03-22T19:00:00,completed
RUN00000281,USR000387,MINDGUARD,2026-08-15T02:00:00,new_data,RULE_MG_V0.1,2026-01-31T02:00:00,2026-08-15T02:00:00,completed
RUN00000282,USR000388,MINDGUARD,2026-04-27T06:00:00,new_data,RULE_MG_V0.1,2025-10-08T06:00:00,2026-04-27T06:00:00,completed
RUN00000283,USR000389,MINDGUARD,2026-03-02T06:00:00,new_data,RULE_MG_V0.1,2025-11-10T06:00:00,2026-03-02T06:00:00,completed
RUN00000284,USR000390,MINDGUARD,2026-08-01T10:00:00,new_data,RULE_MG_V0.1,2025-11-21T10:00:00,2026-08-01T10:00:00,completed
RUN00000285,USR000391,MINDGUARD,2026-07-14T20:00:00,new_data,RULE_MG_V0.1,2026-02-06T20:00:00,2026-07-14T20:00:00,completed
RUN00000286,USR000393,HEALTH_RESERVE,2026-09-14T12:00:00,new_data,RULE_HR_V0.1,2026-01-06T17:00:00,2026-09-14T12:00:00,completed
RUN00000287,USR000394,MINDGUARD,2026-09-14T12:00:00,new_data,RULE_MG_V0.1,2025-12-28T13:00:00,2026-09-14T12:00:00,completed
RUN00000288,USR000394,HEALTH_RESERVE,2026-06-11T12:00:00,new_data,RULE_HR_V0.1,2025-12-25T12:00:00,2026-06-11T12:00:00,completed
RUN00000289,USR000395,MINDGUARD,2026-03-05T18:00:00,new_data,RULE_MG_V0.1,2025-11-28T18:00:00,2026-03-05T18:00:00,completed
RUN00000290,USR000396,MINDGUARD,2026-05-16T21:00:00,new_data,RULE_MG_V0.1,2025-11-22T21:00:00,2026-05-16T21:00:00,completed
RUN00000291,USR000397,HEALTH_RESERVE,2026-03-20T13:00:00,new_data,RULE_HR_V0.1,2025-09-26T13:00:00,2026-03-20T13:00:00,completed
RUN00000292,USR000400,MINDGUARD,2026-05-03T08:00:00,new_data,RULE_MG_V0.1,2025-10-02T08:00:00,2026-05-03T08:00:00,completed
RUN00000293,USR000401,HEALTH_RESERVE,2026-09-08T10:00:00,new_data,RULE_HR_V0.1,2026-01-01T10:00:00,2026-09-08T10:00:00,completed
RUN00000294,USR000402,MINDGUARD,2026-06-06T01:00:00,new_data,RULE_MG_V0.1,2025-10-10T01:00:00,2026-06-06T01:00:00,completed
RUN00000295,USR000403,HEALTH_RESERVE,2026-03-20T16:00:00,new_data,RULE_HR_V0.1,2025-12-19T16:00:00,2026-03-20T16:00:00,completed
RUN00000296,USR000406,HEALTH_RESERVE,2026-06-29T12:00:00,new_data,RULE_HR_V0.1,2026-02-14T12:00:00,2026-06-29T12:00:00,completed
RUN00000297,USR000410,MINDGUARD,2026-04-10T21:00:00,new_data,RULE_MG_V0.1,2025-09-22T21:00:00,2026-04-10T21:00:00,completed
RUN00000298,USR000411,MINDGUARD,2026-04-22T12:00:00,new_data,RULE_MG_V0.1,2025-09-26T12:00:00,2026-04-22T12:00:00,completed
RUN00000299,USR000412,MINDGUARD,2026-03-23T16:00:00,new_data,RULE_MG_V0.1,2025-11-20T16:00:00,2026-03-23T16:00:00,completed
RUN00000300,USR000412,HEALTH_RESERVE,2026-08-19T15:00:00,new_data,RULE_HR_V0.1,2025-11-19T15:00:00,2026-08-19T15:00:00,completed
RUN00000301,USR000414,HEALTH_RESERVE,2026-03-18T23:00:00,new_data,RULE_HR_V0.1,2025-11-13T23:00:00,2026-03-18T23:00:00,completed
RUN00000302,USR000416,MINDGUARD,2026-03-03T02:00:00,new_data,RULE_MG_V0.1,2025-11-03T02:00:00,2026-03-03T02:00:00,completed
RUN00000303,USR000418,MINDGUARD,2026-03-05T09:00:00,new_data,RULE_MG_V0.1,2025-10-28T09:00:00,2026-03-05T09:00:00,completed
RUN00000304,USR000419,MINDGUARD,2026-07-05T23:00:00,new_data,RULE_MG_V0.1,2025-11-12T23:00:00,2026-07-05T23:00:00,completed
RUN00000305,USR000420,MINDGUARD,2026-01-22T06:00:00,new_data,RULE_MG_V0.1,2025-10-15T06:00:00,2026-01-22T06:00:00,completed
RUN00000306,USR000421,MINDGUARD,2026-08-04T07:00:00,new_data,RULE_MG_V0.1,2025-11-26T07:00:00,2026-08-04T07:00:00,completed
RUN00000307,USR000423,MINDGUARD,2026-05-30T15:00:00,new_data,RULE_MG_V0.1,2025-12-29T15:00:00,2026-05-30T15:00:00,completed
RUN00000308,USR000425,MINDGUARD,2026-02-02T10:00:00,new_data,RULE_MG_V0.1,2025-11-03T10:00:00,2026-02-02T10:00:00,completed
RUN00000309,USR000428,MINDGUARD,2026-07-23T11:00:00,new_data,RULE_MG_V0.1,2025-12-21T11:00:00,2026-07-23T11:00:00,completed
RUN00000310,USR000429,HEALTH_RESERVE,2026-09-14T12:00:00,new_data,RULE_HR_V0.1,2026-01-23T01:00:00,2026-09-14T12:00:00,completed
RUN00000311,USR000430,MINDGUARD,2026-05-14T12:00:00,new_data,RULE_MG_V0.1,2026-02-11T12:00:00,2026-05-14T12:00:00,completed
RUN00000312,USR000430,HEALTH_RESERVE,2026-08-21T04:00:00,new_data,RULE_HR_V0.1,2026-02-14T04:00:00,2026-08-21T04:00:00,completed
RUN00000313,USR000431,MINDGUARD,2026-09-11T04:00:00,new_data,RULE_MG_V0.1,2025-12-30T04:00:00,2026-09-11T04:00:00,completed
RUN00000314,USR000432,MINDGUARD,2026-09-14T12:00:00,new_data,RULE_MG_V0.1,2026-01-18T22:00:00,2026-09-14T12:00:00,completed
RUN00000315,USR000432,HEALTH_RESERVE,2026-09-14T12:00:00,new_data,RULE_HR_V0.1,2026-01-25T06:00:00,2026-09-14T12:00:00,completed
RUN00000316,USR000433,MINDGUARD,2026-07-16T15:00:00,new_data,RULE_MG_V0.1,2025-12-18T15:00:00,2026-07-16T15:00:00,completed
RUN00000317,USR000434,MINDGUARD,2026-05-15T15:00:00,new_data,RULE_MG_V0.1,2026-02-01T15:00:00,2026-05-15T15:00:00,completed
RUN00000318,USR000435,HEALTH_RESERVE,2026-02-15T09:00:00,new_data,RULE_HR_V0.1,2025-10-24T09:00:00,2026-02-15T09:00:00,completed
RUN00000319,USR000438,HEALTH_RESERVE,2026-08-22T12:00:00,new_data,RULE_HR_V0.1,2025-10-28T12:00:00,2026-08-22T12:00:00,completed
RUN00000320,USR000443,MINDGUARD,2026-04-26T14:00:00,new_data,RULE_MG_V0.1,2025-12-09T14:00:00,2026-04-26T14:00:00,completed
RUN00000321,USR000445,HEALTH_RESERVE,2026-03-19T19:00:00,new_data,RULE_HR_V0.1,2025-09-24T19:00:00,2026-03-19T19:00:00,completed
RUN00000322,USR000447,MINDGUARD,2026-02-08T01:00:00,new_data,RULE_MG_V0.1,2025-10-08T01:00:00,2026-02-08T01:00:00,completed
RUN00000323,USR000449,HEALTH_RESERVE,2026-07-11T17:00:00,new_data,RULE_HR_V0.1,2025-11-24T17:00:00,2026-07-11T17:00:00,completed
RUN00000324,USR000450,MINDGUARD,2026-03-10T22:00:00,new_data,RULE_MG_V0.1,2025-11-11T22:00:00,2026-03-10T22:00:00,completed
RUN00000325,USR000451,MINDGUARD,2026-07-31T19:00:00,new_data,RULE_MG_V0.1,2025-10-11T19:00:00,2026-07-31T19:00:00,completed
RUN00000326,USR000452,MINDGUARD,2026-06-18T06:00:00,new_data,RULE_MG_V0.1,2025-11-25T06:00:00,2026-06-18T06:00:00,completed
RUN00000327,USR000455,MINDGUARD,2026-09-12T02:00:00,new_data,RULE_MG_V0.1,2026-01-08T02:00:00,2026-09-12T02:00:00,completed
RUN00000328,USR000458,MINDGUARD,2026-05-05T13:00:00,new_data,RULE_MG_V0.1,2025-10-27T13:00:00,2026-05-05T13:00:00,completed
RUN00000329,USR000460,MINDGUARD,2026-03-15T04:00:00,new_data,RULE_MG_V0.1,2025-10-24T04:00:00,2026-03-15T04:00:00,completed
RUN00000330,USR000461,MINDGUARD,2026-05-27T05:00:00,new_data,RULE_MG_V0.1,2025-12-08T05:00:00,2026-05-27T05:00:00,completed
RUN00000331,USR000463,MINDGUARD,2026-05-12T22:00:00,new_data,RULE_MG_V0.1,2026-01-23T22:00:00,2026-05-12T22:00:00,completed
RUN00000332,USR000465,MINDGUARD,2026-06-09T17:00:00,new_data,RULE_MG_V0.1,2025-12-22T17:00:00,2026-06-09T17:00:00,completed
RUN00000333,USR000466,HEALTH_RESERVE,2026-07-27T14:00:00,new_data,RULE_HR_V0.1,2026-01-24T14:00:00,2026-07-27T14:00:00,completed
RUN00000334,USR000468,HEALTH_RESERVE,2026-09-14T12:00:00,new_data,RULE_HR_V0.1,2025-12-29T15:00:00,2026-09-14T12:00:00,completed
RUN00000335,USR000469,MINDGUARD,2026-04-21T05:00:00,new_data,RULE_MG_V0.1,2025-10-31T05:00:00,2026-04-21T05:00:00,completed
RUN00000336,USR000470,MINDGUARD,2026-06-12T08:00:00,new_data,RULE_MG_V0.1,2025-12-25T08:00:00,2026-06-12T08:00:00,completed
RUN00000337,USR000471,MINDGUARD,2026-03-31T02:00:00,new_data,RULE_MG_V0.1,2025-12-14T02:00:00,2026-03-31T02:00:00,completed
RUN00000338,USR000471,HEALTH_RESERVE,2026-03-22T19:00:00,new_data,RULE_HR_V0.1,2025-12-11T19:00:00,2026-03-22T19:00:00,completed
RUN00000339,USR000472,MINDGUARD,2026-09-14T12:00:00,new_data,RULE_MG_V0.1,2026-01-05T03:00:00,2026-09-14T12:00:00,completed
RUN00000340,USR000473,MINDGUARD,2026-05-28T13:00:00,new_data,RULE_MG_V0.1,2025-12-13T13:00:00,2026-05-28T13:00:00,completed
RUN00000341,USR000475,MINDGUARD,2026-07-11T10:00:00,new_data,RULE_MG_V0.1,2026-01-07T10:00:00,2026-07-11T10:00:00,completed
RUN00000342,USR000476,MINDGUARD,2026-06-11T22:00:00,new_data,RULE_MG_V0.1,2025-11-02T22:00:00,2026-06-11T22:00:00,completed
RUN00000343,USR000476,HEALTH_RESERVE,2026-06-05T15:00:00,new_data,RULE_HR_V0.1,2025-11-04T15:00:00,2026-06-05T15:00:00,completed
RUN00000344,USR000477,MINDGUARD,2026-07-14T02:00:00,new_data,RULE_MG_V0.1,2026-01-18T02:00:00,2026-07-14T02:00:00,completed
RUN00000345,USR000478,MINDGUARD,2026-01-29T01:00:00,new_data,RULE_MG_V0.1,2025-10-17T01:00:00,2026-01-29T01:00:00,completed
RUN00000346,USR000479,MINDGUARD,2026-09-14T12:00:00,new_data,RULE_MG_V0.1,2026-01-19T02:00:00,2026-09-14T12:00:00,completed
RUN00000347,USR000480,MINDGUARD,2026-08-01T09:00:00,new_data,RULE_MG_V0.1,2026-02-13T09:00:00,2026-08-01T09:00:00,completed
RUN00000348,USR000481,MINDGUARD,2026-07-28T14:00:00,new_data,RULE_MG_V0.1,2025-10-29T14:00:00,2026-07-28T14:00:00,completed
RUN00000349,USR000482,MINDGUARD,2026-06-06T05:00:00,new_data,RULE_MG_V0.1,2025-11-15T05:00:00,2026-06-06T05:00:00,completed
RUN00000350,USR000487,MINDGUARD,2026-03-28T00:00:00,new_data,RULE_MG_V0.1,2025-09-27T00:00:00,2026-03-28T00:00:00,completed
RUN00000351,USR000489,MINDGUARD,2026-07-23T01:00:00,new_data,RULE_MG_V0.1,2025-12-19T01:00:00,2026-07-23T01:00:00,completed
RUN00000352,USR000490,HEALTH_RESERVE,2026-09-14T12:00:00,new_data,RULE_HR_V0.1,2026-01-29T22:00:00,2026-09-14T12:00:00,completed
RUN00000353,USR000491,MINDGUARD,2026-09-14T12:00:00,new_data,RULE_MG_V0.1,2026-01-08T11:00:00,2026-09-14T12:00:00,completed
RUN00000354,USR000492,MINDGUARD,2026-09-14T12:00:00,new_data,RULE_MG_V0.1,2026-02-11T00:00:00,2026-09-14T12:00:00,completed
RUN00000355,USR000494,MINDGUARD,2026-05-25T06:00:00,new_data,RULE_MG_V0.1,2025-12-28T06:00:00,2026-05-25T06:00:00,completed
RUN00000356,USR000494,HEALTH_RESERVE,2026-07-09T10:00:00,new_data,RULE_HR_V0.1,2025-12-19T10:00:00,2026-07-09T10:00:00,completed
RUN00000357,USR000496,MINDGUARD,2026-05-29T02:00:00,new_data,RULE_MG_V0.1,2025-12-26T02:00:00,2026-05-29T02:00:00,completed
RUN00000358,USR000497,MINDGUARD,2026-08-05T06:00:00,new_data,RULE_MG_V0.1,2025-12-03T06:00:00,2026-08-05T06:00:00,completed
RUN00000359,USR000500,MINDGUARD,2026-08-04T04:00:00,new_data,RULE_MG_V0.1,2025-12-31T04:00:00,2026-08-04T04:00:00,completed
RUN00000360,USR000501,HEALTH_RESERVE,2026-05-27T19:00:00,new_data,RULE_HR_V0.1,2026-01-29T19:00:00,2026-05-27T19:00:00,completed
RUN00000361,USR000506,MINDGUARD,2026-09-14T12:00:00,new_data,RULE_MG_V0.1,2026-02-11T16:00:00,2026-09-14T12:00:00,completed
RUN00000362,USR000508,MINDGUARD,2026-05-22T03:00:00,new_data,RULE_MG_V0.1,2026-02-03T03:00:00,2026-05-22T03:00:00,completed
RUN00000363,USR000508,HEALTH_RESERVE,2026-07-07T17:00:00,new_data,RULE_HR_V0.1,2026-02-04T17:00:00,2026-07-07T17:00:00,completed
RUN00000364,USR000509,MINDGUARD,2026-07-28T19:00:00,new_data,RULE_MG_V0.1,2025-11-02T19:00:00,2026-07-28T19:00:00,completed
RUN00000365,USR000510,MINDGUARD,2026-07-13T22:00:00,new_data,RULE_MG_V0.1,2025-11-08T22:00:00,2026-07-13T22:00:00,completed
RUN00000366,USR000512,MINDGUARD,2026-08-30T23:00:00,new_data,RULE_MG_V0.1,2025-11-08T23:00:00,2026-08-30T23:00:00,completed
RUN00000367,USR000512,HEALTH_RESERVE,2026-05-05T01:00:00,new_data,RULE_HR_V0.1,2025-11-10T01:00:00,2026-05-05T01:00:00,completed
RUN00000368,USR000516,MINDGUARD,2026-09-14T12:00:00,new_data,RULE_MG_V0.1,2026-01-18T17:00:00,2026-09-14T12:00:00,completed
RUN00000369,USR000518,MINDGUARD,2026-07-01T02:00:00,new_data,RULE_MG_V0.1,2025-11-23T02:00:00,2026-07-01T02:00:00,completed
RUN00000370,USR000519,MINDGUARD,2026-03-31T06:00:00,new_data,RULE_MG_V0.1,2025-11-01T06:00:00,2026-03-31T06:00:00,completed
RUN00000371,USR000520,MINDGUARD,2026-04-26T14:00:00,new_data,RULE_MG_V0.1,2025-10-31T14:00:00,2026-04-26T14:00:00,completed
RUN00000372,USR000522,MINDGUARD,2026-04-17T00:00:00,new_data,RULE_MG_V0.1,2026-01-15T00:00:00,2026-04-17T00:00:00,completed
RUN00000373,USR000523,HEALTH_RESERVE,2026-05-29T15:00:00,new_data,RULE_HR_V0.1,2026-02-10T15:00:00,2026-05-29T15:00:00,completed
RUN00000374,USR000525,MINDGUARD,2026-09-11T03:00:00,new_data,RULE_MG_V0.1,2026-01-30T03:00:00,2026-09-11T03:00:00,completed
RUN00000375,USR000526,MINDGUARD,2026-03-20T13:00:00,new_data,RULE_MG_V0.1,2025-09-19T13:00:00,2026-03-20T13:00:00,completed
RUN00000376,USR000527,MINDGUARD,2026-06-12T02:00:00,new_data,RULE_MG_V0.1,2025-10-20T02:00:00,2026-06-12T02:00:00,completed
RUN00000377,USR000528,MINDGUARD,2026-06-06T16:00:00,new_data,RULE_MG_V0.1,2025-11-22T16:00:00,2026-06-06T16:00:00,completed
RUN00000378,USR000529,HEALTH_RESERVE,2026-02-22T16:00:00,new_data,RULE_HR_V0.1,2025-10-01T16:00:00,2026-02-22T16:00:00,completed
RUN00000379,USR000530,MINDGUARD,2026-07-17T14:00:00,new_data,RULE_MG_V0.1,2025-12-18T14:00:00,2026-07-17T14:00:00,completed
RUN00000380,USR000531,MINDGUARD,2026-09-14T12:00:00,new_data,RULE_MG_V0.1,2025-12-18T05:00:00,2026-09-14T12:00:00,completed
RUN00000381,USR000536,MINDGUARD,2026-05-18T14:00:00,new_data,RULE_MG_V0.1,2025-12-25T14:00:00,2026-05-18T14:00:00,completed
RUN00000382,USR000537,MINDGUARD,2026-05-13T09:00:00,new_data,RULE_MG_V0.1,2025-10-13T09:00:00,2026-05-13T09:00:00,completed
RUN00000383,USR000537,HEALTH_RESERVE,2026-05-04T14:00:00,new_data,RULE_HR_V0.1,2025-10-15T14:00:00,2026-05-04T14:00:00,completed
RUN00000384,USR000538,MINDGUARD,2026-05-09T14:00:00,new_data,RULE_MG_V0.1,2026-01-27T14:00:00,2026-05-09T14:00:00,completed
RUN00000385,USR000539,HEALTH_RESERVE,2026-05-15T09:00:00,new_data,RULE_HR_V0.1,2025-11-25T09:00:00,2026-05-15T09:00:00,completed
RUN00000386,USR000541,MINDGUARD,2026-09-14T12:00:00,new_data,RULE_MG_V0.1,2026-01-25T05:00:00,2026-09-14T12:00:00,completed
RUN00000387,USR000542,MINDGUARD,2026-01-24T03:00:00,new_data,RULE_MG_V0.1,2025-10-13T03:00:00,2026-01-24T03:00:00,completed
RUN00000388,USR000543,MINDGUARD,2026-09-14T12:00:00,new_data,RULE_MG_V0.1,2025-12-15T05:00:00,2026-09-14T12:00:00,completed
RUN00000389,USR000545,HEALTH_RESERVE,2026-03-12T04:00:00,new_data,RULE_HR_V0.1,2025-10-03T04:00:00,2026-03-12T04:00:00,completed
RUN00000390,USR000546,HEALTH_RESERVE,2026-06-23T10:00:00,new_data,RULE_HR_V0.1,2026-01-20T10:00:00,2026-06-23T10:00:00,completed
RUN00000391,USR000548,HEALTH_RESERVE,2026-07-19T11:00:00,new_data,RULE_HR_V0.1,2025-12-31T11:00:00,2026-07-19T11:00:00,completed
RUN00000392,USR000549,MINDGUARD,2026-05-29T12:00:00,new_data,RULE_MG_V0.1,2025-12-01T12:00:00,2026-05-29T12:00:00,completed
RUN00000393,USR000550,HEALTH_RESERVE,2026-09-03T14:00:00,new_data,RULE_HR_V0.1,2026-02-04T14:00:00,2026-09-03T14:00:00,completed
RUN00000394,USR000552,MINDGUARD,2026-08-14T01:00:00,new_data,RULE_MG_V0.1,2026-01-15T01:00:00,2026-08-14T01:00:00,completed
RUN00000395,USR000553,MINDGUARD,2026-05-30T07:00:00,new_data,RULE_MG_V0.1,2025-09-29T07:00:00,2026-05-30T07:00:00,completed
RUN00000396,USR000555,MINDGUARD,2026-04-30T19:00:00,new_data,RULE_MG_V0.1,2025-10-10T19:00:00,2026-04-30T19:00:00,completed
RUN00000397,USR000557,MINDGUARD,2026-07-01T20:00:00,new_data,RULE_MG_V0.1,2025-10-13T20:00:00,2026-07-01T20:00:00,completed
RUN00000398,USR000558,MINDGUARD,2026-03-04T13:00:00,new_data,RULE_MG_V0.1,2025-12-02T13:00:00,2026-03-04T13:00:00,completed
RUN00000399,USR000559,MINDGUARD,2026-09-14T12:00:00,new_data,RULE_MG_V0.1,2026-01-10T02:00:00,2026-09-14T12:00:00,completed
RUN00000400,USR000560,MINDGUARD,2026-06-17T02:00:00,new_data,RULE_MG_V0.1,2025-10-19T02:00:00,2026-06-17T02:00:00,completed
RUN00000401,USR000562,MINDGUARD,2026-04-28T22:00:00,new_data,RULE_MG_V0.1,2025-11-23T22:00:00,2026-04-28T22:00:00,completed
RUN00000402,USR000563,HEALTH_RESERVE,2026-08-27T19:00:00,new_data,RULE_HR_V0.1,2025-11-03T19:00:00,2026-08-27T19:00:00,completed
RUN00000403,USR000564,MINDGUARD,2026-03-10T19:00:00,new_data,RULE_MG_V0.1,2025-11-18T19:00:00,2026-03-10T19:00:00,completed
RUN00000404,USR000566,MINDGUARD,2026-03-22T09:00:00,new_data,RULE_MG_V0.1,2025-10-25T09:00:00,2026-03-22T09:00:00,completed
RUN00000405,USR000566,HEALTH_RESERVE,2026-07-06T00:00:00,new_data,RULE_HR_V0.1,2025-10-25T00:00:00,2026-07-06T00:00:00,completed
RUN00000406,USR000567,MINDGUARD,2026-04-10T19:00:00,new_data,RULE_MG_V0.1,2025-12-05T19:00:00,2026-04-10T19:00:00,completed
RUN00000407,USR000567,HEALTH_RESERVE,2026-03-17T21:00:00,new_data,RULE_HR_V0.1,2025-12-02T21:00:00,2026-03-17T21:00:00,completed
RUN00000408,USR000570,MINDGUARD,2026-03-19T10:00:00,new_data,RULE_MG_V0.1,2025-10-22T10:00:00,2026-03-19T10:00:00,completed
RUN00000409,USR000572,HEALTH_RESERVE,2026-07-20T13:00:00,new_data,RULE_HR_V0.1,2025-10-18T13:00:00,2026-07-20T13:00:00,completed
RUN00000410,USR000573,MINDGUARD,2026-08-10T23:00:00,new_data,RULE_MG_V0.1,2025-12-27T23:00:00,2026-08-10T23:00:00,completed
RUN00000411,USR000575,MINDGUARD,2026-05-15T14:00:00,new_data,RULE_MG_V0.1,2026-01-17T14:00:00,2026-05-15T14:00:00,completed
RUN00000412,USR000577,MINDGUARD,2026-07-05T17:00:00,new_data,RULE_MG_V0.1,2025-12-29T17:00:00,2026-07-05T17:00:00,completed
RUN00000413,USR000578,MINDGUARD,2026-08-18T00:00:00,new_data,RULE_MG_V0.1,2025-12-05T00:00:00,2026-08-18T00:00:00,completed
RUN00000414,USR000579,MINDGUARD,2026-04-06T23:00:00,new_data,RULE_MG_V0.1,2025-12-27T23:00:00,2026-04-06T23:00:00,completed
RUN00000415,USR000580,HEALTH_RESERVE,2026-03-02T08:00:00,new_data,RULE_HR_V0.1,2025-10-20T08:00:00,2026-03-02T08:00:00,completed
RUN00000416,USR000581,HEALTH_RESERVE,2026-06-25T15:00:00,new_data,RULE_HR_V0.1,2025-11-24T15:00:00,2026-06-25T15:00:00,completed
RUN00000417,USR000582,HEALTH_RESERVE,2026-09-13T21:00:00,new_data,RULE_HR_V0.1,2026-02-20T21:00:00,2026-09-13T21:00:00,completed
RUN00000418,USR000583,MINDGUARD,2026-07-30T16:00:00,new_data,RULE_MG_V0.1,2026-01-08T16:00:00,2026-07-30T16:00:00,completed
RUN00000419,USR000585,MINDGUARD,2026-09-14T12:00:00,new_data,RULE_MG_V0.1,2026-01-18T14:00:00,2026-09-14T12:00:00,completed
RUN00000420,USR000590,MINDGUARD,2026-08-16T14:00:00,new_data,RULE_MG_V0.1,2026-01-20T14:00:00,2026-08-16T14:00:00,completed
RUN00000421,USR000591,MINDGUARD,2026-03-28T07:00:00,new_data,RULE_MG_V0.1,2025-11-06T07:00:00,2026-03-28T07:00:00,completed
RUN00000422,USR000591,HEALTH_RESERVE,2026-06-09T08:00:00,new_data,RULE_HR_V0.1,2025-11-03T08:00:00,2026-06-09T08:00:00,completed
RUN00000423,USR000592,MINDGUARD,2026-03-25T16:00:00,new_data,RULE_MG_V0.1,2025-11-26T16:00:00,2026-03-25T16:00:00,completed
RUN00000424,USR000595,MINDGUARD,2026-04-27T01:00:00,new_data,RULE_MG_V0.1,2025-11-18T01:00:00,2026-04-27T01:00:00,completed
RUN00000425,USR000597,MINDGUARD,2026-06-30T11:00:00,new_data,RULE_MG_V0.1,2025-12-29T11:00:00,2026-06-30T11:00:00,completed
RUN00000426,USR000598,MINDGUARD,2026-03-04T08:00:00,new_data,RULE_MG_V0.1,2025-10-22T08:00:00,2026-03-04T08:00:00,completed
RUN00000427,USR000599,HEALTH_RESERVE,2026-09-14T12:00:00,new_data,RULE_HR_V0.1,2026-01-28T13:00:00,2026-09-14T12:00:00,completed
RUN00000428,USR000602,MINDGUARD,2026-03-28T08:00:00,new_data,RULE_MG_V0.1,2025-09-30T08:00:00,2026-03-28T08:00:00,completed
RUN00000429,USR000605,MINDGUARD,2026-09-14T12:00:00,new_data,RULE_MG_V0.1,2026-02-11T22:00:00,2026-09-14T12:00:00,completed
RUN00000430,USR000605,HEALTH_RESERVE,2026-08-01T18:00:00,new_data,RULE_HR_V0.1,2026-01-31T18:00:00,2026-08-01T18:00:00,completed
RUN00000431,USR000606,HEALTH_RESERVE,2026-08-09T11:00:00,new_data,RULE_HR_V0.1,2026-02-13T11:00:00,2026-08-09T11:00:00,completed
RUN00000432,USR000607,MINDGUARD,2026-06-16T12:00:00,new_data,RULE_MG_V0.1,2025-11-20T12:00:00,2026-06-16T12:00:00,completed
RUN00000433,USR000608,MINDGUARD,2026-09-14T12:00:00,new_data,RULE_MG_V0.1,2026-01-04T06:00:00,2026-09-14T12:00:00,completed
RUN00000434,USR000610,MINDGUARD,2026-05-02T22:00:00,new_data,RULE_MG_V0.1,2025-12-10T22:00:00,2026-05-02T22:00:00,completed
RUN00000435,USR000610,HEALTH_RESERVE,2026-04-27T20:00:00,new_data,RULE_HR_V0.1,2025-12-05T20:00:00,2026-04-27T20:00:00,completed
RUN00000436,USR000611,MINDGUARD,2026-06-10T13:00:00,new_data,RULE_MG_V0.1,2025-10-30T13:00:00,2026-06-10T13:00:00,completed
RUN00000437,USR000612,MINDGUARD,2026-06-22T06:00:00,new_data,RULE_MG_V0.1,2025-10-04T06:00:00,2026-06-22T06:00:00,completed
RUN00000438,USR000613,HEALTH_RESERVE,2026-07-04T23:00:00,new_data,RULE_HR_V0.1,2025-12-08T23:00:00,2026-07-04T23:00:00,completed
RUN00000439,USR000614,MINDGUARD,2026-05-06T08:00:00,new_data,RULE_MG_V0.1,2025-10-13T08:00:00,2026-05-06T08:00:00,completed
RUN00000440,USR000615,MINDGUARD,2026-06-07T14:00:00,new_data,RULE_MG_V0.1,2025-11-03T14:00:00,2026-06-07T14:00:00,completed
RUN00000441,USR000616,MINDGUARD,2026-09-04T08:00:00,new_data,RULE_MG_V0.1,2026-02-22T08:00:00,2026-09-04T08:00:00,completed
RUN00000442,USR000617,MINDGUARD,2026-06-22T20:00:00,new_data,RULE_MG_V0.1,2025-10-18T20:00:00,2026-06-22T20:00:00,completed
RUN00000443,USR000618,HEALTH_RESERVE,2026-06-07T12:00:00,new_data,RULE_HR_V0.1,2025-10-01T12:00:00,2026-06-07T12:00:00,completed
RUN00000444,USR000620,MINDGUARD,2026-06-12T22:00:00,new_data,RULE_MG_V0.1,2026-01-08T22:00:00,2026-06-12T22:00:00,completed
RUN00000445,USR000620,HEALTH_RESERVE,2026-04-10T01:00:00,new_data,RULE_HR_V0.1,2026-01-05T01:00:00,2026-04-10T01:00:00,completed
RUN00000446,USR000621,MINDGUARD,2026-03-20T17:00:00,new_data,RULE_MG_V0.1,2025-11-02T17:00:00,2026-03-20T17:00:00,completed
RUN00000447,USR000624,HEALTH_RESERVE,2026-05-10T08:00:00,new_data,RULE_HR_V0.1,2026-01-30T08:00:00,2026-05-10T08:00:00,completed
RUN00000448,USR000628,MINDGUARD,2026-04-18T21:00:00,new_data,RULE_MG_V0.1,2025-10-12T21:00:00,2026-04-18T21:00:00,completed
RUN00000449,USR000630,MINDGUARD,2026-06-09T07:00:00,new_data,RULE_MG_V0.1,2026-01-08T07:00:00,2026-06-09T07:00:00,completed
RUN00000450,USR000633,MINDGUARD,2026-04-30T12:00:00,new_data,RULE_MG_V0.1,2025-12-10T12:00:00,2026-04-30T12:00:00,completed
RUN00000451,USR000634,MINDGUARD,2026-08-27T10:00:00,new_data,RULE_MG_V0.1,2026-01-09T10:00:00,2026-08-27T10:00:00,completed
RUN00000452,USR000635,MINDGUARD,2026-07-03T03:00:00,new_data,RULE_MG_V0.1,2026-01-12T03:00:00,2026-07-03T03:00:00,completed
RUN00000453,USR000636,MINDGUARD,2026-07-01T21:00:00,new_data,RULE_MG_V0.1,2025-10-29T21:00:00,2026-07-01T21:00:00,completed
RUN00000454,USR000638,HEALTH_RESERVE,2026-02-07T12:00:00,new_data,RULE_HR_V0.1,2025-09-17T12:00:00,2026-02-07T12:00:00,completed
RUN00000455,USR000639,HEALTH_RESERVE,2026-03-20T17:00:00,new_data,RULE_HR_V0.1,2025-10-29T17:00:00,2026-03-20T17:00:00,completed
RUN00000456,USR000640,HEALTH_RESERVE,2026-09-14T03:00:00,new_data,RULE_HR_V0.1,2025-12-30T03:00:00,2026-09-14T03:00:00,completed
RUN00000457,USR000641,MINDGUARD,2026-07-14T09:00:00,new_data,RULE_MG_V0.1,2025-10-08T09:00:00,2026-07-14T09:00:00,completed
RUN00000458,USR000641,HEALTH_RESERVE,2026-01-11T03:00:00,new_data,RULE_HR_V0.1,2025-10-07T03:00:00,2026-01-11T03:00:00,completed
RUN00000459,USR000642,HEALTH_RESERVE,2026-05-12T21:00:00,new_data,RULE_HR_V0.1,2025-12-26T21:00:00,2026-05-12T21:00:00,completed
RUN00000460,USR000644,MINDGUARD,2026-08-29T02:00:00,new_data,RULE_MG_V0.1,2026-02-11T02:00:00,2026-08-29T02:00:00,completed
RUN00000461,USR000645,MINDGUARD,2026-02-28T20:00:00,new_data,RULE_MG_V0.1,2025-11-11T20:00:00,2026-02-28T20:00:00,completed
RUN00000462,USR000647,MINDGUARD,2026-04-07T01:00:00,new_data,RULE_MG_V0.1,2025-12-12T01:00:00,2026-04-07T01:00:00,completed
RUN00000463,USR000649,MINDGUARD,2026-06-18T19:00:00,new_data,RULE_MG_V0.1,2025-11-06T19:00:00,2026-06-18T19:00:00,completed
RUN00000464,USR000650,HEALTH_RESERVE,2026-05-03T14:00:00,new_data,RULE_HR_V0.1,2025-10-18T14:00:00,2026-05-03T14:00:00,completed
RUN00000465,USR000651,MINDGUARD,2026-04-08T01:00:00,new_data,RULE_MG_V0.1,2025-12-08T01:00:00,2026-04-08T01:00:00,completed
RUN00000466,USR000653,MINDGUARD,2026-04-02T18:00:00,new_data,RULE_MG_V0.1,2025-11-13T18:00:00,2026-04-02T18:00:00,completed
RUN00000467,USR000653,HEALTH_RESERVE,2026-06-30T16:00:00,new_data,RULE_HR_V0.1,2025-11-10T16:00:00,2026-06-30T16:00:00,completed
RUN00000468,USR000654,MINDGUARD,2026-07-19T16:00:00,new_data,RULE_MG_V0.1,2025-11-12T16:00:00,2026-07-19T16:00:00,completed
RUN00000469,USR000655,HEALTH_RESERVE,2026-05-08T16:00:00,new_data,RULE_HR_V0.1,2025-10-24T16:00:00,2026-05-08T16:00:00,completed
RUN00000470,USR000656,MINDGUARD,2026-05-18T15:00:00,new_data,RULE_MG_V0.1,2025-10-20T15:00:00,2026-05-18T15:00:00,completed
RUN00000471,USR000657,MINDGUARD,2026-08-07T01:00:00,new_data,RULE_MG_V0.1,2025-11-08T01:00:00,2026-08-07T01:00:00,completed
RUN00000472,USR000662,MINDGUARD,2026-06-09T09:00:00,new_data,RULE_MG_V0.1,2026-01-10T09:00:00,2026-06-09T09:00:00,completed
RUN00000473,USR000663,MINDGUARD,2026-06-11T01:00:00,new_data,RULE_MG_V0.1,2025-11-08T01:00:00,2026-06-11T01:00:00,completed
RUN00000474,USR000664,MINDGUARD,2026-09-14T12:00:00,new_data,RULE_MG_V0.1,2026-01-15T08:00:00,2026-09-14T12:00:00,completed
RUN00000475,USR000666,MINDGUARD,2026-09-14T12:00:00,new_data,RULE_MG_V0.1,2026-02-02T20:00:00,2026-09-14T12:00:00,completed
RUN00000476,USR000667,MINDGUARD,2026-09-14T12:00:00,new_data,RULE_MG_V0.1,2026-01-14T22:00:00,2026-09-14T12:00:00,completed
RUN00000477,USR000667,HEALTH_RESERVE,2026-08-02T21:00:00,new_data,RULE_HR_V0.1,2026-01-13T21:00:00,2026-08-02T21:00:00,completed
RUN00000478,USR000669,MINDGUARD,2026-05-18T05:00:00,new_data,RULE_MG_V0.1,2025-12-08T05:00:00,2026-05-18T05:00:00,completed
RUN00000479,USR000671,HEALTH_RESERVE,2026-08-09T14:00:00,new_data,RULE_HR_V0.1,2025-10-19T14:00:00,2026-08-09T14:00:00,completed
RUN00000480,USR000672,HEALTH_RESERVE,2026-04-11T02:00:00,new_data,RULE_HR_V0.1,2025-10-23T02:00:00,2026-04-11T02:00:00,completed
RUN00000481,USR000673,MINDGUARD,2026-05-18T19:00:00,new_data,RULE_MG_V0.1,2025-12-29T19:00:00,2026-05-18T19:00:00,completed
RUN00000482,USR000677,MINDGUARD,2026-07-24T14:00:00,new_data,RULE_MG_V0.1,2026-01-10T14:00:00,2026-07-24T14:00:00,completed
RUN00000483,USR000678,MINDGUARD,2026-07-25T23:00:00,new_data,RULE_MG_V0.1,2026-02-09T23:00:00,2026-07-25T23:00:00,completed
RUN00000484,USR000679,MINDGUARD,2026-04-28T23:00:00,new_data,RULE_MG_V0.1,2025-12-24T23:00:00,2026-04-28T23:00:00,completed
RUN00000485,USR000680,MINDGUARD,2026-03-22T22:00:00,new_data,RULE_MG_V0.1,2025-11-27T22:00:00,2026-03-22T22:00:00,completed
RUN00000486,USR000681,MINDGUARD,2026-06-13T22:00:00,new_data,RULE_MG_V0.1,2026-01-25T22:00:00,2026-06-13T22:00:00,completed
RUN00000487,USR000682,MINDGUARD,2026-08-06T16:00:00,new_data,RULE_MG_V0.1,2025-11-05T16:00:00,2026-08-06T16:00:00,completed
RUN00000488,USR000683,MINDGUARD,2026-06-30T07:00:00,new_data,RULE_MG_V0.1,2026-02-11T07:00:00,2026-06-30T07:00:00,completed
RUN00000489,USR000684,HEALTH_RESERVE,2026-09-14T12:00:00,new_data,RULE_HR_V0.1,2026-01-03T18:00:00,2026-09-14T12:00:00,completed
RUN00000490,USR000685,MINDGUARD,2026-03-26T05:00:00,new_data,RULE_MG_V0.1,2025-11-14T05:00:00,2026-03-26T05:00:00,completed
RUN00000491,USR000686,HEALTH_RESERVE,2026-08-09T12:00:00,new_data,RULE_HR_V0.1,2026-01-21T12:00:00,2026-08-09T12:00:00,completed
RUN00000492,USR000687,MINDGUARD,2026-05-30T06:00:00,new_data,RULE_MG_V0.1,2026-02-02T06:00:00,2026-05-30T06:00:00,completed
RUN00000493,USR000688,MINDGUARD,2026-09-14T12:00:00,new_data,RULE_MG_V0.1,2025-12-21T06:00:00,2026-09-14T12:00:00,completed
RUN00000494,USR000690,MINDGUARD,2026-07-03T07:00:00,new_data,RULE_MG_V0.1,2025-12-01T07:00:00,2026-07-03T07:00:00,completed
RUN00000495,USR000693,MINDGUARD,2026-04-12T23:00:00,new_data,RULE_MG_V0.1,2025-12-12T23:00:00,2026-04-12T23:00:00,completed
RUN00000496,USR000694,HEALTH_RESERVE,2026-05-27T01:00:00,new_data,RULE_HR_V0.1,2025-10-11T01:00:00,2026-05-27T01:00:00,completed
RUN00000497,USR000695,MINDGUARD,2026-09-14T12:00:00,new_data,RULE_MG_V0.1,2026-02-01T10:00:00,2026-09-14T12:00:00,completed
RUN00000498,USR000696,MINDGUARD,2026-09-14T12:00:00,new_data,RULE_MG_V0.1,2026-01-19T03:00:00,2026-09-14T12:00:00,completed
RUN00000499,USR000698,MINDGUARD,2026-06-11T21:00:00,new_data,RULE_MG_V0.1,2025-11-15T21:00:00,2026-06-11T21:00:00,completed
RUN00000500,USR000698,HEALTH_RESERVE,2026-09-14T06:00:00,new_data,RULE_HR_V0.1,2025-11-22T06:00:00,2026-09-14T06:00:00,completed
RUN00000501,USR000699,MINDGUARD,2026-06-21T04:00:00,new_data,RULE_MG_V0.1,2026-02-09T04:00:00,2026-06-21T04:00:00,completed
RUN00000502,USR000699,HEALTH_RESERVE,2026-08-17T07:00:00,new_data,RULE_HR_V0.1,2026-02-18T07:00:00,2026-08-17T07:00:00,completed
RUN00000503,USR000701,MINDGUARD,2026-03-26T01:00:00,new_data,RULE_MG_V0.1,2025-11-03T01:00:00,2026-03-26T01:00:00,completed
RUN00000504,USR000704,MINDGUARD,2026-03-26T09:00:00,new_data,RULE_MG_V0.1,2025-12-21T09:00:00,2026-03-26T09:00:00,completed
RUN00000505,USR000705,MINDGUARD,2026-03-09T09:00:00,new_data,RULE_MG_V0.1,2025-11-09T09:00:00,2026-03-09T09:00:00,completed
RUN00000506,USR000707,MINDGUARD,2026-09-06T07:00:00,new_data,RULE_MG_V0.1,2026-01-27T07:00:00,2026-09-06T07:00:00,completed
RUN00000507,USR000707,HEALTH_RESERVE,2026-09-14T12:00:00,new_data,RULE_HR_V0.1,2026-01-26T23:00:00,2026-09-14T12:00:00,completed
RUN00000508,USR000708,MINDGUARD,2026-09-05T04:00:00,new_data,RULE_MG_V0.1,2025-11-18T04:00:00,2026-09-05T04:00:00,completed
RUN00000509,USR000709,MINDGUARD,2026-08-07T01:00:00,new_data,RULE_MG_V0.1,2025-11-06T01:00:00,2026-08-07T01:00:00,completed
RUN00000510,USR000710,HEALTH_RESERVE,2026-01-04T00:00:00,new_data,RULE_HR_V0.1,2025-10-02T00:00:00,2026-01-04T00:00:00,completed
RUN00000511,USR000711,HEALTH_RESERVE,2026-07-25T17:00:00,new_data,RULE_HR_V0.1,2025-11-16T17:00:00,2026-07-25T17:00:00,completed
RUN00000512,USR000712,MINDGUARD,2026-05-24T05:00:00,new_data,RULE_MG_V0.1,2025-11-01T05:00:00,2026-05-24T05:00:00,completed
RUN00000513,USR000715,HEALTH_RESERVE,2026-07-28T10:00:00,new_data,RULE_HR_V0.1,2026-02-02T10:00:00,2026-07-28T10:00:00,completed
RUN00000514,USR000716,MINDGUARD,2026-03-04T08:00:00,new_data,RULE_MG_V0.1,2025-10-25T08:00:00,2026-03-04T08:00:00,completed
RUN00000515,USR000718,MINDGUARD,2026-09-14T12:00:00,new_data,RULE_MG_V0.1,2025-12-24T03:00:00,2026-09-14T12:00:00,completed
RUN00000516,USR000718,HEALTH_RESERVE,2026-05-16T09:00:00,new_data,RULE_HR_V0.1,2025-12-27T09:00:00,2026-05-16T09:00:00,completed
RUN00000517,USR000720,MINDGUARD,2026-05-14T17:00:00,new_data,RULE_MG_V0.1,2025-12-24T17:00:00,2026-05-14T17:00:00,completed
RUN00000518,USR000721,MINDGUARD,2026-03-21T23:00:00,new_data,RULE_MG_V0.1,2025-12-02T23:00:00,2026-03-21T23:00:00,completed
RUN00000519,USR000722,MINDGUARD,2026-06-10T13:00:00,new_data,RULE_MG_V0.1,2025-12-26T13:00:00,2026-06-10T13:00:00,completed
RUN00000520,USR000723,HEALTH_RESERVE,2026-06-30T02:00:00,new_data,RULE_HR_V0.1,2025-12-03T02:00:00,2026-06-30T02:00:00,completed
RUN00000521,USR000725,MINDGUARD,2026-06-02T11:00:00,new_data,RULE_MG_V0.1,2025-12-17T11:00:00,2026-06-02T11:00:00,completed
RUN00000522,USR000729,MINDGUARD,2026-04-28T07:00:00,new_data,RULE_MG_V0.1,2025-11-30T07:00:00,2026-04-28T07:00:00,completed
RUN00000523,USR000729,HEALTH_RESERVE,2026-08-19T05:00:00,new_data,RULE_HR_V0.1,2025-12-03T05:00:00,2026-08-19T05:00:00,completed
RUN00000524,USR000731,HEALTH_RESERVE,2026-03-21T16:00:00,new_data,RULE_HR_V0.1,2025-11-14T16:00:00,2026-03-21T16:00:00,completed
RUN00000525,USR000735,MINDGUARD,2026-07-01T09:00:00,new_data,RULE_MG_V0.1,2025-10-16T09:00:00,2026-07-01T09:00:00,completed
RUN00000526,USR000735,HEALTH_RESERVE,2026-06-02T07:00:00,new_data,RULE_HR_V0.1,2025-10-13T07:00:00,2026-06-02T07:00:00,completed
RUN00000527,USR000737,HEALTH_RESERVE,2026-06-28T22:00:00,new_data,RULE_HR_V0.1,2026-02-09T22:00:00,2026-06-28T22:00:00,completed
RUN00000528,USR000738,MINDGUARD,2026-04-30T18:00:00,new_data,RULE_MG_V0.1,2025-10-02T18:00:00,2026-04-30T18:00:00,completed
RUN00000529,USR000739,MINDGUARD,2026-06-16T09:00:00,new_data,RULE_MG_V0.1,2025-10-13T09:00:00,2026-06-16T09:00:00,completed
RUN00000530,USR000740,MINDGUARD,2026-04-25T22:00:00,new_data,RULE_MG_V0.1,2026-01-09T22:00:00,2026-04-25T22:00:00,completed
RUN00000531,USR000741,MINDGUARD,2026-09-14T12:00:00,new_data,RULE_MG_V0.1,2026-01-17T22:00:00,2026-09-14T12:00:00,completed
RUN00000532,USR000742,HEALTH_RESERVE,2026-04-08T07:00:00,new_data,RULE_HR_V0.1,2025-10-05T07:00:00,2026-04-08T07:00:00,completed
RUN00000533,USR000747,HEALTH_RESERVE,2026-09-14T12:00:00,new_data,RULE_HR_V0.1,2025-11-25T09:00:00,2026-09-14T12:00:00,completed
RUN00000534,USR000748,HEALTH_RESERVE,2026-07-29T16:00:00,new_data,RULE_HR_V0.1,2025-11-03T16:00:00,2026-07-29T16:00:00,completed
RUN00000535,USR000749,HEALTH_RESERVE,2026-02-20T14:00:00,new_data,RULE_HR_V0.1,2025-09-26T14:00:00,2026-02-20T14:00:00,completed
RUN00000536,USR000752,MINDGUARD,2026-01-03T22:00:00,new_data,RULE_MG_V0.1,2025-09-30T22:00:00,2026-01-03T22:00:00,completed
RUN00000537,USR000753,MINDGUARD,2026-09-13T07:00:00,new_data,RULE_MG_V0.1,2025-12-16T07:00:00,2026-09-13T07:00:00,completed
RUN00000538,USR000754,MINDGUARD,2026-09-04T09:00:00,new_data,RULE_MG_V0.1,2026-02-02T09:00:00,2026-09-04T09:00:00,completed
RUN00000539,USR000755,MINDGUARD,2026-04-19T08:00:00,new_data,RULE_MG_V0.1,2025-11-04T08:00:00,2026-04-19T08:00:00,completed
RUN00000540,USR000755,HEALTH_RESERVE,2026-08-14T06:00:00,new_data,RULE_HR_V0.1,2025-11-11T06:00:00,2026-08-14T06:00:00,completed
RUN00000541,USR000756,MINDGUARD,2026-09-14T12:00:00,new_data,RULE_MG_V0.1,2026-01-28T15:00:00,2026-09-14T12:00:00,completed
RUN00000542,USR000757,HEALTH_RESERVE,2026-07-10T01:00:00,new_data,RULE_HR_V0.1,2025-11-05T01:00:00,2026-07-10T01:00:00,completed
RUN00000543,USR000758,MINDGUARD,2026-02-22T07:00:00,new_data,RULE_MG_V0.1,2025-10-27T07:00:00,2026-02-22T07:00:00,completed
RUN00000544,USR000760,HEALTH_RESERVE,2026-03-02T02:00:00,new_data,RULE_HR_V0.1,2025-11-26T02:00:00,2026-03-02T02:00:00,completed
RUN00000545,USR000761,HEALTH_RESERVE,2026-09-14T12:00:00,new_data,RULE_HR_V0.1,2026-02-07T01:00:00,2026-09-14T12:00:00,completed
RUN00000546,USR000762,MINDGUARD,2026-06-12T11:00:00,new_data,RULE_MG_V0.1,2026-02-04T11:00:00,2026-06-12T11:00:00,completed
RUN00000547,USR000763,MINDGUARD,2026-05-06T16:00:00,new_data,RULE_MG_V0.1,2026-01-15T16:00:00,2026-05-06T16:00:00,completed
RUN00000548,USR000763,HEALTH_RESERVE,2026-06-13T21:00:00,new_data,RULE_HR_V0.1,2026-01-06T21:00:00,2026-06-13T21:00:00,completed
RUN00000549,USR000764,HEALTH_RESERVE,2026-06-13T14:00:00,new_data,RULE_HR_V0.1,2026-01-17T14:00:00,2026-06-13T14:00:00,completed
RUN00000550,USR000765,MINDGUARD,2026-06-30T04:00:00,new_data,RULE_MG_V0.1,2025-09-20T04:00:00,2026-06-30T04:00:00,completed
RUN00000551,USR000768,MINDGUARD,2026-07-23T17:00:00,new_data,RULE_MG_V0.1,2025-11-30T17:00:00,2026-07-23T17:00:00,completed
RUN00000552,USR000769,MINDGUARD,2026-09-14T12:00:00,new_data,RULE_MG_V0.1,2026-02-09T04:00:00,2026-09-14T12:00:00,completed
RUN00000553,USR000771,MINDGUARD,2026-05-22T02:00:00,new_data,RULE_MG_V0.1,2025-10-26T02:00:00,2026-05-22T02:00:00,completed
RUN00000554,USR000774,MINDGUARD,2026-07-31T04:00:00,new_data,RULE_MG_V0.1,2026-02-11T04:00:00,2026-07-31T04:00:00,completed
RUN00000555,USR000775,MINDGUARD,2026-03-24T15:00:00,new_data,RULE_MG_V0.1,2025-11-05T15:00:00,2026-03-24T15:00:00,completed
RUN00000556,USR000776,HEALTH_RESERVE,2026-05-13T06:00:00,new_data,RULE_HR_V0.1,2026-02-05T06:00:00,2026-05-13T06:00:00,completed
RUN00000557,USR000777,MINDGUARD,2026-06-29T05:00:00,new_data,RULE_MG_V0.1,2026-01-20T05:00:00,2026-06-29T05:00:00,completed
RUN00000558,USR000778,MINDGUARD,2026-09-14T12:00:00,new_data,RULE_MG_V0.1,2026-02-06T21:00:00,2026-09-14T12:00:00,completed
RUN00000559,USR000780,MINDGUARD,2026-06-13T00:00:00,new_data,RULE_MG_V0.1,2025-11-15T00:00:00,2026-06-13T00:00:00,completed
RUN00000560,USR000781,MINDGUARD,2026-05-29T20:00:00,new_data,RULE_MG_V0.1,2025-11-28T20:00:00,2026-05-29T20:00:00,completed
RUN00000561,USR000781,HEALTH_RESERVE,2026-04-08T00:00:00,new_data,RULE_HR_V0.1,2025-11-25T00:00:00,2026-04-08T00:00:00,completed
RUN00000562,USR000784,MINDGUARD,2026-09-14T12:00:00,new_data,RULE_MG_V0.1,2026-01-27T08:00:00,2026-09-14T12:00:00,completed
RUN00000563,USR000786,HEALTH_RESERVE,2026-09-14T12:00:00,new_data,RULE_HR_V0.1,2026-02-12T02:00:00,2026-09-14T12:00:00,completed
RUN00000564,USR000787,MINDGUARD,2026-09-02T04:00:00,new_data,RULE_MG_V0.1,2026-02-08T04:00:00,2026-09-02T04:00:00,completed
RUN00000565,USR000788,MINDGUARD,2026-07-27T01:00:00,new_data,RULE_MG_V0.1,2025-10-26T01:00:00,2026-07-27T01:00:00,completed
RUN00000566,USR000790,HEALTH_RESERVE,2026-02-24T18:00:00,new_data,RULE_HR_V0.1,2025-11-02T18:00:00,2026-02-24T18:00:00,completed
RUN00000567,USR000791,HEALTH_RESERVE,2026-05-16T08:00:00,new_data,RULE_HR_V0.1,2025-09-21T08:00:00,2026-05-16T08:00:00,completed
RUN00000568,USR000794,MINDGUARD,2026-01-20T21:00:00,new_data,RULE_MG_V0.1,2025-10-12T21:00:00,2026-01-20T21:00:00,completed
RUN00000569,USR000798,MINDGUARD,2026-05-17T20:00:00,new_data,RULE_MG_V0.1,2025-10-27T20:00:00,2026-05-17T20:00:00,completed
RUN00000570,USR000798,HEALTH_RESERVE,2026-07-07T01:00:00,new_data,RULE_HR_V0.1,2025-10-29T01:00:00,2026-07-07T01:00:00,completed
RUN00000571,USR000799,MINDGUARD,2026-07-28T16:00:00,new_data,RULE_MG_V0.1,2026-01-07T16:00:00,2026-07-28T16:00:00,completed
RUN00000572,USR000800,MINDGUARD,2026-05-28T08:00:00,new_data,RULE_MG_V0.1,2026-02-10T08:00:00,2026-05-28T08:00:00,completed
RUN00000573,USR000800,HEALTH_RESERVE,2026-06-21T03:00:00,new_data,RULE_HR_V0.1,2026-02-13T03:00:00,2026-06-21T03:00:00,completed
RUN00000574,USR000801,HEALTH_RESERVE,2026-06-23T17:00:00,new_data,RULE_HR_V0.1,2025-10-12T17:00:00,2026-06-23T17:00:00,completed
RUN00000575,USR000802,MINDGUARD,2026-07-05T00:00:00,new_data,RULE_MG_V0.1,2025-11-04T00:00:00,2026-07-05T00:00:00,completed
RUN00000576,USR000805,MINDGUARD,2026-02-17T10:00:00,new_data,RULE_MG_V0.1,2025-10-28T10:00:00,2026-02-17T10:00:00,completed
RUN00000577,USR000805,HEALTH_RESERVE,2026-05-01T12:00:00,new_data,RULE_HR_V0.1,2025-10-29T12:00:00,2026-05-01T12:00:00,completed
RUN00000578,USR000808,MINDGUARD,2026-04-12T01:00:00,new_data,RULE_MG_V0.1,2025-10-17T01:00:00,2026-04-12T01:00:00,completed
RUN00000579,USR000810,MINDGUARD,2026-09-14T09:00:00,new_data,RULE_MG_V0.1,2026-02-10T09:00:00,2026-09-14T09:00:00,completed
RUN00000580,USR000811,HEALTH_RESERVE,2026-07-01T15:00:00,new_data,RULE_HR_V0.1,2025-12-18T15:00:00,2026-07-01T15:00:00,completed
RUN00000581,USR000814,MINDGUARD,2026-06-28T08:00:00,new_data,RULE_MG_V0.1,2025-11-11T08:00:00,2026-06-28T08:00:00,completed
RUN00000582,USR000814,HEALTH_RESERVE,2026-05-28T08:00:00,new_data,RULE_HR_V0.1,2025-11-05T08:00:00,2026-05-28T08:00:00,completed
RUN00000583,USR000816,MINDGUARD,2026-05-04T04:00:00,new_data,RULE_MG_V0.1,2025-10-06T04:00:00,2026-05-04T04:00:00,completed
RUN00000584,USR000816,HEALTH_RESERVE,2026-06-17T00:00:00,new_data,RULE_HR_V0.1,2025-10-08T00:00:00,2026-06-17T00:00:00,completed
RUN00000585,USR000817,MINDGUARD,2026-07-15T08:00:00,new_data,RULE_MG_V0.1,2025-12-25T08:00:00,2026-07-15T08:00:00,completed
RUN00000586,USR000818,HEALTH_RESERVE,2026-05-08T05:00:00,new_data,RULE_HR_V0.1,2026-01-22T05:00:00,2026-05-08T05:00:00,completed
RUN00000587,USR000822,HEALTH_RESERVE,2026-06-06T18:00:00,new_data,RULE_HR_V0.1,2025-12-03T18:00:00,2026-06-06T18:00:00,completed
RUN00000588,USR000825,MINDGUARD,2026-07-31T18:00:00,new_data,RULE_MG_V0.1,2025-12-20T18:00:00,2026-07-31T18:00:00,completed
RUN00000589,USR000827,MINDGUARD,2026-07-20T03:00:00,new_data,RULE_MG_V0.1,2026-01-24T03:00:00,2026-07-20T03:00:00,completed
RUN00000590,USR000828,MINDGUARD,2026-08-31T04:00:00,new_data,RULE_MG_V0.1,2026-01-15T04:00:00,2026-08-31T04:00:00,completed
RUN00000591,USR000829,MINDGUARD,2026-08-14T20:00:00,new_data,RULE_MG_V0.1,2025-11-27T20:00:00,2026-08-14T20:00:00,completed
RUN00000592,USR000830,MINDGUARD,2026-09-14T12:00:00,new_data,RULE_MG_V0.1,2026-01-19T15:00:00,2026-09-14T12:00:00,completed
RUN00000593,USR000831,MINDGUARD,2026-04-27T18:00:00,new_data,RULE_MG_V0.1,2025-12-20T18:00:00,2026-04-27T18:00:00,completed
RUN00000594,USR000832,MINDGUARD,2026-09-14T12:00:00,new_data,RULE_MG_V0.1,2026-02-10T11:00:00,2026-09-14T12:00:00,completed
RUN00000595,USR000833,MINDGUARD,2026-09-14T12:00:00,new_data,RULE_MG_V0.1,2026-01-31T03:00:00,2026-09-14T12:00:00,completed
RUN00000596,USR000834,MINDGUARD,2026-09-14T12:00:00,new_data,RULE_MG_V0.1,2026-02-15T07:00:00,2026-09-14T12:00:00,completed
RUN00000597,USR000837,MINDGUARD,2026-06-09T12:00:00,new_data,RULE_MG_V0.1,2025-11-22T12:00:00,2026-06-09T12:00:00,completed
RUN00000598,USR000838,MINDGUARD,2026-06-10T19:00:00,new_data,RULE_MG_V0.1,2025-11-01T19:00:00,2026-06-10T19:00:00,completed
RUN00000599,USR000839,MINDGUARD,2026-02-25T18:00:00,new_data,RULE_MG_V0.1,2025-11-17T18:00:00,2026-02-25T18:00:00,completed
RUN00000600,USR000840,MINDGUARD,2026-02-02T22:00:00,new_data,RULE_MG_V0.1,2025-10-14T22:00:00,2026-02-02T22:00:00,completed
RUN00000601,USR000842,MINDGUARD,2026-08-09T11:00:00,new_data,RULE_MG_V0.1,2026-01-14T11:00:00,2026-08-09T11:00:00,completed
RUN00000602,USR000843,MINDGUARD,2026-02-24T07:00:00,new_data,RULE_MG_V0.1,2025-11-01T07:00:00,2026-02-24T07:00:00,completed
RUN00000603,USR000847,MINDGUARD,2026-06-06T19:00:00,new_data,RULE_MG_V0.1,2026-02-08T19:00:00,2026-06-06T19:00:00,completed
RUN00000604,USR000848,MINDGUARD,2026-05-18T14:00:00,new_data,RULE_MG_V0.1,2025-12-01T14:00:00,2026-05-18T14:00:00,completed
RUN00000605,USR000849,MINDGUARD,2026-06-23T22:00:00,new_data,RULE_MG_V0.1,2025-10-13T22:00:00,2026-06-23T22:00:00,completed
RUN00000606,USR000851,MINDGUARD,2026-04-18T01:00:00,new_data,RULE_MG_V0.1,2026-01-12T01:00:00,2026-04-18T01:00:00,completed
RUN00000607,USR000852,MINDGUARD,2026-01-30T04:00:00,new_data,RULE_MG_V0.1,2025-10-05T04:00:00,2026-01-30T04:00:00,completed
RUN00000608,USR000853,MINDGUARD,2026-03-05T01:00:00,new_data,RULE_MG_V0.1,2025-09-24T01:00:00,2026-03-05T01:00:00,completed
RUN00000609,USR000855,MINDGUARD,2026-03-24T12:00:00,new_data,RULE_MG_V0.1,2025-11-28T12:00:00,2026-03-24T12:00:00,completed
RUN00000610,USR000859,HEALTH_RESERVE,2026-03-01T04:00:00,new_data,RULE_HR_V0.1,2025-09-27T04:00:00,2026-03-01T04:00:00,completed
RUN00000611,USR000862,MINDGUARD,2026-05-31T16:00:00,new_data,RULE_MG_V0.1,2025-10-11T16:00:00,2026-05-31T16:00:00,completed
RUN00000612,USR000863,HEALTH_RESERVE,2026-06-15T07:00:00,new_data,RULE_HR_V0.1,2026-01-19T07:00:00,2026-06-15T07:00:00,completed
RUN00000613,USR000864,HEALTH_RESERVE,2026-04-03T03:00:00,new_data,RULE_HR_V0.1,2026-01-03T03:00:00,2026-04-03T03:00:00,completed
RUN00000614,USR000865,MINDGUARD,2026-08-09T04:00:00,new_data,RULE_MG_V0.1,2025-11-29T04:00:00,2026-08-09T04:00:00,completed
RUN00000615,USR000868,MINDGUARD,2026-09-14T12:00:00,new_data,RULE_MG_V0.1,2026-02-16T00:00:00,2026-09-14T12:00:00,completed
RUN00000616,USR000870,MINDGUARD,2026-01-27T14:00:00,new_data,RULE_MG_V0.1,2025-09-28T14:00:00,2026-01-27T14:00:00,completed
RUN00000617,USR000871,MINDGUARD,2026-06-21T05:00:00,new_data,RULE_MG_V0.1,2025-11-23T05:00:00,2026-06-21T05:00:00,completed
RUN00000618,USR000872,HEALTH_RESERVE,2026-09-14T12:00:00,new_data,RULE_HR_V0.1,2026-01-23T00:00:00,2026-09-14T12:00:00,completed
RUN00000619,USR000873,MINDGUARD,2026-03-06T13:00:00,new_data,RULE_MG_V0.1,2025-09-23T13:00:00,2026-03-06T13:00:00,completed
RUN00000620,USR000874,MINDGUARD,2026-09-14T12:00:00,new_data,RULE_MG_V0.1,2026-01-28T13:00:00,2026-09-14T12:00:00,completed
RUN00000621,USR000875,MINDGUARD,2026-06-12T08:00:00,new_data,RULE_MG_V0.1,2025-11-22T08:00:00,2026-06-12T08:00:00,completed
RUN00000622,USR000877,MINDGUARD,2026-09-14T12:00:00,new_data,RULE_MG_V0.1,2026-01-06T00:00:00,2026-09-14T12:00:00,completed
RUN00000623,USR000878,MINDGUARD,2026-07-19T17:00:00,new_data,RULE_MG_V0.1,2026-01-14T17:00:00,2026-07-19T17:00:00,completed
RUN00000624,USR000879,HEALTH_RESERVE,2026-05-15T12:00:00,new_data,RULE_HR_V0.1,2025-12-17T12:00:00,2026-05-15T12:00:00,completed
RUN00000625,USR000880,HEALTH_RESERVE,2026-06-03T19:00:00,new_data,RULE_HR_V0.1,2025-11-29T19:00:00,2026-06-03T19:00:00,completed
RUN00000626,USR000882,HEALTH_RESERVE,2026-04-09T08:00:00,new_data,RULE_HR_V0.1,2025-12-03T08:00:00,2026-04-09T08:00:00,completed
RUN00000627,USR000883,MINDGUARD,2026-09-14T12:00:00,new_data,RULE_MG_V0.1,2026-02-08T23:00:00,2026-09-14T12:00:00,completed
RUN00000628,USR000884,MINDGUARD,2026-07-26T19:00:00,new_data,RULE_MG_V0.1,2025-10-30T19:00:00,2026-07-26T19:00:00,completed
RUN00000629,USR000889,MINDGUARD,2026-05-18T19:00:00,new_data,RULE_MG_V0.1,2025-12-16T19:00:00,2026-05-18T19:00:00,completed
RUN00000630,USR000892,HEALTH_RESERVE,2026-06-26T21:00:00,new_data,RULE_HR_V0.1,2026-01-25T21:00:00,2026-06-26T21:00:00,completed
RUN00000631,USR000893,MINDGUARD,2026-02-14T20:00:00,new_data,RULE_MG_V0.1,2025-10-18T20:00:00,2026-02-14T20:00:00,completed
RUN00000632,USR000894,MINDGUARD,2026-09-14T12:00:00,new_data,RULE_MG_V0.1,2026-02-15T18:00:00,2026-09-14T12:00:00,completed
RUN00000633,USR000895,MINDGUARD,2026-03-18T07:00:00,new_data,RULE_MG_V0.1,2025-12-09T07:00:00,2026-03-18T07:00:00,completed
RUN00000634,USR000896,HEALTH_RESERVE,2026-08-23T02:00:00,new_data,RULE_HR_V0.1,2025-11-28T02:00:00,2026-08-23T02:00:00,completed
RUN00000635,USR000897,MINDGUARD,2026-04-30T09:00:00,new_data,RULE_MG_V0.1,2025-09-24T09:00:00,2026-04-30T09:00:00,completed
RUN00000636,USR000898,MINDGUARD,2026-09-14T12:00:00,new_data,RULE_MG_V0.1,2026-01-10T02:00:00,2026-09-14T12:00:00,completed
RUN00000637,USR000899,MINDGUARD,2026-07-01T06:00:00,new_data,RULE_MG_V0.1,2025-09-29T06:00:00,2026-07-01T06:00:00,completed
RUN00000638,USR000901,MINDGUARD,2026-07-21T17:00:00,new_data,RULE_MG_V0.1,2025-10-20T17:00:00,2026-07-21T17:00:00,completed
RUN00000639,USR000902,HEALTH_RESERVE,2026-02-23T20:00:00,new_data,RULE_HR_V0.1,2025-11-23T20:00:00,2026-02-23T20:00:00,completed
RUN00000640,USR000903,MINDGUARD,2026-09-14T12:00:00,new_data,RULE_MG_V0.1,2025-12-12T07:00:00,2026-09-14T12:00:00,completed
RUN00000641,USR000905,MINDGUARD,2026-01-26T06:00:00,new_data,RULE_MG_V0.1,2025-09-19T06:00:00,2026-01-26T06:00:00,completed
RUN00000642,USR000909,MINDGUARD,2026-06-07T16:00:00,new_data,RULE_MG_V0.1,2026-01-12T16:00:00,2026-06-07T16:00:00,completed
RUN00000643,USR000914,MINDGUARD,2026-06-23T04:00:00,new_data,RULE_MG_V0.1,2025-10-28T04:00:00,2026-06-23T04:00:00,completed
RUN00000644,USR000917,MINDGUARD,2026-07-25T08:00:00,new_data,RULE_MG_V0.1,2025-12-06T08:00:00,2026-07-25T08:00:00,completed
RUN00000645,USR000918,HEALTH_RESERVE,2026-06-20T19:00:00,new_data,RULE_HR_V0.1,2025-09-24T19:00:00,2026-06-20T19:00:00,completed
RUN00000646,USR000919,MINDGUARD,2026-08-06T12:00:00,new_data,RULE_MG_V0.1,2025-12-23T12:00:00,2026-08-06T12:00:00,completed
RUN00000647,USR000923,MINDGUARD,2026-08-15T06:00:00,new_data,RULE_MG_V0.1,2026-01-25T06:00:00,2026-08-15T06:00:00,completed
RUN00000648,USR000926,MINDGUARD,2026-04-08T02:00:00,new_data,RULE_MG_V0.1,2025-09-23T02:00:00,2026-04-08T02:00:00,completed
RUN00000649,USR000926,HEALTH_RESERVE,2025-12-27T04:00:00,new_data,RULE_HR_V0.1,2025-09-25T04:00:00,2025-12-27T04:00:00,completed
RUN00000650,USR000927,HEALTH_RESERVE,2026-01-29T12:00:00,new_data,RULE_HR_V0.1,2025-10-23T12:00:00,2026-01-29T12:00:00,completed
RUN00000651,USR000928,MINDGUARD,2026-06-26T11:00:00,new_data,RULE_MG_V0.1,2026-01-25T11:00:00,2026-06-26T11:00:00,completed
RUN00000652,USR000930,MINDGUARD,2026-04-08T09:00:00,new_data,RULE_MG_V0.1,2025-12-21T09:00:00,2026-04-08T09:00:00,completed
RUN00000653,USR000930,HEALTH_RESERVE,2026-03-26T09:00:00,new_data,RULE_HR_V0.1,2025-12-18T09:00:00,2026-03-26T09:00:00,completed
RUN00000654,USR000933,HEALTH_RESERVE,2026-03-03T01:00:00,new_data,RULE_HR_V0.1,2025-10-17T01:00:00,2026-03-03T01:00:00,completed
RUN00000655,USR000934,HEALTH_RESERVE,2026-03-31T10:00:00,new_data,RULE_HR_V0.1,2025-12-16T10:00:00,2026-03-31T10:00:00,completed
RUN00000656,USR000936,MINDGUARD,2026-06-17T02:00:00,new_data,RULE_MG_V0.1,2026-02-11T02:00:00,2026-06-17T02:00:00,completed
RUN00000657,USR000938,MINDGUARD,2026-07-13T14:00:00,new_data,RULE_MG_V0.1,2026-01-18T14:00:00,2026-07-13T14:00:00,completed
RUN00000658,USR000938,HEALTH_RESERVE,2026-06-16T10:00:00,new_data,RULE_HR_V0.1,2026-01-13T10:00:00,2026-06-16T10:00:00,completed
RUN00000659,USR000939,MINDGUARD,2026-04-08T11:00:00,new_data,RULE_MG_V0.1,2025-10-23T11:00:00,2026-04-08T11:00:00,completed
RUN00000660,USR000940,HEALTH_RESERVE,2026-02-24T05:00:00,new_data,RULE_HR_V0.1,2025-10-30T05:00:00,2026-02-24T05:00:00,completed
RUN00000661,USR000941,HEALTH_RESERVE,2026-05-23T06:00:00,new_data,RULE_HR_V0.1,2026-01-05T06:00:00,2026-05-23T06:00:00,completed
RUN00000662,USR000942,HEALTH_RESERVE,2026-09-14T12:00:00,new_data,RULE_HR_V0.1,2026-02-08T16:00:00,2026-09-14T12:00:00,completed
RUN00000663,USR000943,MINDGUARD,2026-09-14T12:00:00,new_data,RULE_MG_V0.1,2026-01-17T21:00:00,2026-09-14T12:00:00,completed
RUN00000664,USR000947,HEALTH_RESERVE,2026-05-07T15:00:00,new_data,RULE_HR_V0.1,2025-11-17T15:00:00,2026-05-07T15:00:00,completed
RUN00000665,USR000949,MINDGUARD,2026-07-06T15:00:00,new_data,RULE_MG_V0.1,2025-11-21T15:00:00,2026-07-06T15:00:00,completed
RUN00000666,USR000950,MINDGUARD,2026-09-14T12:00:00,new_data,RULE_MG_V0.1,2026-01-24T13:00:00,2026-09-14T12:00:00,completed
RUN00000667,USR000951,MINDGUARD,2026-08-05T08:00:00,new_data,RULE_MG_V0.1,2025-11-09T08:00:00,2026-08-05T08:00:00,completed
RUN00000668,USR000953,MINDGUARD,2026-06-19T06:00:00,new_data,RULE_MG_V0.1,2026-01-16T06:00:00,2026-06-19T06:00:00,completed
RUN00000669,USR000954,HEALTH_RESERVE,2026-08-01T19:00:00,new_data,RULE_HR_V0.1,2026-02-09T19:00:00,2026-08-01T19:00:00,completed
RUN00000670,USR000955,MINDGUARD,2026-06-06T06:00:00,new_data,RULE_MG_V0.1,2025-10-04T06:00:00,2026-06-06T06:00:00,completed
RUN00000671,USR000956,HEALTH_RESERVE,2026-04-11T14:00:00,new_data,RULE_HR_V0.1,2025-12-09T14:00:00,2026-04-11T14:00:00,completed
RUN00000672,USR000957,MINDGUARD,2026-03-20T18:00:00,new_data,RULE_MG_V0.1,2025-12-07T18:00:00,2026-03-20T18:00:00,completed
RUN00000673,USR000958,HEALTH_RESERVE,2026-06-21T07:00:00,new_data,RULE_HR_V0.1,2025-12-21T07:00:00,2026-06-21T07:00:00,completed
RUN00000674,USR000960,HEALTH_RESERVE,2026-01-23T10:00:00,new_data,RULE_HR_V0.1,2025-10-13T10:00:00,2026-01-23T10:00:00,completed
RUN00000675,USR000961,MINDGUARD,2026-02-02T18:00:00,new_data,RULE_MG_V0.1,2025-10-30T18:00:00,2026-02-02T18:00:00,completed
RUN00000676,USR000962,HEALTH_RESERVE,2026-06-18T06:00:00,new_data,RULE_HR_V0.1,2026-01-18T06:00:00,2026-06-18T06:00:00,completed
RUN00000677,USR000964,MINDGUARD,2026-06-18T20:00:00,new_data,RULE_MG_V0.1,2026-01-01T20:00:00,2026-06-18T20:00:00,completed
RUN00000678,USR000966,MINDGUARD,2026-08-01T10:00:00,new_data,RULE_MG_V0.1,2026-01-10T10:00:00,2026-08-01T10:00:00,completed
RUN00000679,USR000967,MINDGUARD,2026-05-13T15:00:00,new_data,RULE_MG_V0.1,2025-10-26T15:00:00,2026-05-13T15:00:00,completed
RUN00000680,USR000968,HEALTH_RESERVE,2026-05-02T17:00:00,new_data,RULE_HR_V0.1,2025-11-05T17:00:00,2026-05-02T17:00:00,completed
RUN00000681,USR000969,MINDGUARD,2026-01-06T16:00:00,new_data,RULE_MG_V0.1,2025-09-20T16:00:00,2026-01-06T16:00:00,completed
RUN00000682,USR000970,HEALTH_RESERVE,2026-08-08T05:00:00,new_data,RULE_HR_V0.1,2026-01-01T05:00:00,2026-08-08T05:00:00,completed
RUN00000683,USR000971,HEALTH_RESERVE,2026-05-20T15:00:00,new_data,RULE_HR_V0.1,2025-12-30T15:00:00,2026-05-20T15:00:00,completed
RUN00000684,USR000972,MINDGUARD,2026-06-17T08:00:00,new_data,RULE_MG_V0.1,2025-12-31T08:00:00,2026-06-17T08:00:00,completed
RUN00000685,USR000976,MINDGUARD,2026-06-23T03:00:00,new_data,RULE_MG_V0.1,2026-02-01T03:00:00,2026-06-23T03:00:00,completed
RUN00000686,USR000978,MINDGUARD,2026-06-23T11:00:00,new_data,RULE_MG_V0.1,2025-09-28T11:00:00,2026-06-23T11:00:00,completed
RUN00000687,USR000979,MINDGUARD,2026-09-14T12:00:00,new_data,RULE_MG_V0.1,2026-02-12T12:00:00,2026-09-14T12:00:00,completed
RUN00000688,USR000980,MINDGUARD,2026-09-14T12:00:00,new_data,RULE_MG_V0.1,2026-01-04T18:00:00,2026-09-14T12:00:00,completed
RUN00000689,USR000988,HEALTH_RESERVE,2026-05-20T21:00:00,new_data,RULE_HR_V0.1,2025-11-25T21:00:00,2026-05-20T21:00:00,completed
RUN00000690,USR000989,HEALTH_RESERVE,2026-08-29T05:00:00,new_data,RULE_HR_V0.1,2025-11-27T05:00:00,2026-08-29T05:00:00,completed
RUN00000691,USR000990,HEALTH_RESERVE,2026-09-14T12:00:00,new_data,RULE_HR_V0.1,2026-01-18T02:00:00,2026-09-14T12:00:00,completed
RUN00000692,USR000994,HEALTH_RESERVE,2026-03-14T03:00:00,new_data,RULE_HR_V0.1,2025-11-14T03:00:00,2026-03-14T03:00:00,completed
RUN00000693,USR000995,MINDGUARD,2026-07-22T10:00:00,new_data,RULE_MG_V0.1,2025-11-10T10:00:00,2026-07-22T10:00:00,completed
RUN00000694,USR000995,HEALTH_RESERVE,2026-05-06T15:00:00,new_data,RULE_HR_V0.1,2025-11-14T15:00:00,2026-05-06T15:00:00,completed
RUN00000695,USR000996,MINDGUARD,2026-09-14T12:00:00,new_data,RULE_MG_V0.1,2026-01-01T04:00:00,2026-09-14T12:00:00,completed
RUN00000696,USR000996,HEALTH_RESERVE,2026-04-27T02:00:00,new_data,RULE_HR_V0.1,2026-01-13T02:00:00,2026-04-27T02:00:00,completed
RUN00000697,USR000997,HEALTH_RESERVE,2026-09-14T12:00:00,new_data,RULE_HR_V0.1,2025-12-16T08:00:00,2026-09-14T12:00:00,completed
RUN00000698,USR000998,MINDGUARD,2026-09-04T09:00:00,new_data,RULE_MG_V0.1,2026-01-30T09:00:00,2026-09-04T09:00:00,completed
RUN00000699,USR000999,MINDGUARD,2026-07-26T17:00:00,new_data,RULE_MG_V0.1,2025-11-21T17:00:00,2026-07-26T17:00:00,completed
RUN00000700,USR001000,HEALTH_RESERVE,2026-03-27T18:00:00,new_data,RULE_HR_V0.1,2025-11-04T18:00:00,2026-03-27T18:00:00,completed
RUN00000701,USR001003,MINDGUARD,2026-05-10T15:00:00,new_data,RULE_MG_V0.1,2025-10-11T15:00:00,2026-05-10T15:00:00,completed
RUN00000702,USR001004,MINDGUARD,2026-04-23T15:00:00,new_data,RULE_MG_V0.1,2025-10-29T15:00:00,2026-04-23T15:00:00,completed
RUN00000703,USR001005,MINDGUARD,2026-03-18T07:00:00,new_data,RULE_MG_V0.1,2025-12-11T07:00:00,2026-03-18T07:00:00,completed
RUN00000704,USR001006,MINDGUARD,2026-06-06T12:00:00,new_data,RULE_MG_V0.1,2025-12-12T12:00:00,2026-06-06T12:00:00,completed
RUN00000705,USR001008,MINDGUARD,2026-02-21T21:00:00,new_data,RULE_MG_V0.1,2025-11-15T21:00:00,2026-02-21T21:00:00,completed
RUN00000706,USR001010,MINDGUARD,2026-07-06T16:00:00,new_data,RULE_MG_V0.1,2026-01-28T16:00:00,2026-07-06T16:00:00,completed
RUN00000707,USR001011,MINDGUARD,2026-07-02T00:00:00,new_data,RULE_MG_V0.1,2025-10-28T00:00:00,2026-07-02T00:00:00,completed
RUN00000708,USR001012,HEALTH_RESERVE,2026-06-17T11:00:00,new_data,RULE_HR_V0.1,2026-02-09T11:00:00,2026-06-17T11:00:00,completed
RUN00000709,USR001013,MINDGUARD,2026-06-06T22:00:00,new_data,RULE_MG_V0.1,2026-02-06T22:00:00,2026-06-06T22:00:00,completed
RUN00000710,USR001014,HEALTH_RESERVE,2026-03-04T02:00:00,new_data,RULE_HR_V0.1,2025-10-19T02:00:00,2026-03-04T02:00:00,completed
RUN00000711,USR001019,MINDGUARD,2026-07-20T13:00:00,new_data,RULE_MG_V0.1,2025-12-05T13:00:00,2026-07-20T13:00:00,completed
RUN00000712,USR001021,MINDGUARD,2026-07-27T04:00:00,new_data,RULE_MG_V0.1,2025-12-17T04:00:00,2026-07-27T04:00:00,completed
RUN00000713,USR001022,HEALTH_RESERVE,2026-06-08T04:00:00,new_data,RULE_HR_V0.1,2025-11-21T04:00:00,2026-06-08T04:00:00,completed
RUN00000714,USR001023,MINDGUARD,2026-07-27T02:00:00,new_data,RULE_MG_V0.1,2025-12-23T02:00:00,2026-07-27T02:00:00,completed
RUN00000715,USR001023,HEALTH_RESERVE,2026-07-23T21:00:00,new_data,RULE_HR_V0.1,2025-12-15T21:00:00,2026-07-23T21:00:00,completed
RUN00000716,USR001025,HEALTH_RESERVE,2026-04-22T20:00:00,new_data,RULE_HR_V0.1,2025-11-25T20:00:00,2026-04-22T20:00:00,completed
RUN00000717,USR001027,HEALTH_RESERVE,2026-09-14T12:00:00,new_data,RULE_HR_V0.1,2026-02-12T09:00:00,2026-09-14T12:00:00,completed
RUN00000718,USR001028,MINDGUARD,2026-04-11T21:00:00,new_data,RULE_MG_V0.1,2025-12-04T21:00:00,2026-04-11T21:00:00,completed
RUN00000719,USR001030,HEALTH_RESERVE,2026-06-13T15:00:00,new_data,RULE_HR_V0.1,2025-12-10T15:00:00,2026-06-13T15:00:00,completed
RUN00000720,USR001031,MINDGUARD,2026-09-14T12:00:00,new_data,RULE_MG_V0.1,2026-01-17T10:00:00,2026-09-14T12:00:00,completed
RUN00000721,USR001032,HEALTH_RESERVE,2026-07-08T12:00:00,new_data,RULE_HR_V0.1,2026-01-26T12:00:00,2026-07-08T12:00:00,completed
RUN00000722,USR001036,MINDGUARD,2026-05-28T04:00:00,new_data,RULE_MG_V0.1,2026-02-01T04:00:00,2026-05-28T04:00:00,completed
RUN00000723,USR001038,MINDGUARD,2026-05-25T18:00:00,new_data,RULE_MG_V0.1,2025-11-02T18:00:00,2026-05-25T18:00:00,completed
RUN00000724,USR001041,MINDGUARD,2026-08-08T04:00:00,new_data,RULE_MG_V0.1,2026-02-06T04:00:00,2026-08-08T04:00:00,completed
RUN00000725,USR001043,MINDGUARD,2026-03-10T04:00:00,new_data,RULE_MG_V0.1,2025-11-20T04:00:00,2026-03-10T04:00:00,completed
RUN00000726,USR001044,MINDGUARD,2026-05-05T21:00:00,new_data,RULE_MG_V0.1,2025-12-04T21:00:00,2026-05-05T21:00:00,completed
RUN00000727,USR001046,HEALTH_RESERVE,2026-03-19T09:00:00,new_data,RULE_HR_V0.1,2025-12-06T09:00:00,2026-03-19T09:00:00,completed
RUN00000728,USR001048,MINDGUARD,2026-04-07T13:00:00,new_data,RULE_MG_V0.1,2025-12-17T13:00:00,2026-04-07T13:00:00,completed
RUN00000729,USR001050,HEALTH_RESERVE,2026-07-15T14:00:00,new_data,RULE_HR_V0.1,2025-10-07T14:00:00,2026-07-15T14:00:00,completed
RUN00000730,USR001052,HEALTH_RESERVE,2026-04-04T19:00:00,new_data,RULE_HR_V0.1,2025-10-17T19:00:00,2026-04-04T19:00:00,completed
RUN00000731,USR001053,MINDGUARD,2026-09-14T12:00:00,new_data,RULE_MG_V0.1,2026-01-08T22:00:00,2026-09-14T12:00:00,completed
RUN00000732,USR001055,MINDGUARD,2026-08-17T16:00:00,new_data,RULE_MG_V0.1,2026-01-26T16:00:00,2026-08-17T16:00:00,completed
RUN00000733,USR001058,MINDGUARD,2026-06-30T06:00:00,new_data,RULE_MG_V0.1,2025-10-01T06:00:00,2026-06-30T06:00:00,completed
RUN00000734,USR001059,MINDGUARD,2026-07-10T11:00:00,new_data,RULE_MG_V0.1,2025-10-11T11:00:00,2026-07-10T11:00:00,completed
RUN00000735,USR001061,MINDGUARD,2026-05-08T21:00:00,new_data,RULE_MG_V0.1,2025-10-25T21:00:00,2026-05-08T21:00:00,completed
RUN00000736,USR001062,MINDGUARD,2026-05-10T17:00:00,new_data,RULE_MG_V0.1,2025-10-24T17:00:00,2026-05-10T17:00:00,completed
RUN00000737,USR001065,HEALTH_RESERVE,2026-09-14T12:00:00,new_data,RULE_HR_V0.1,2026-01-30T08:00:00,2026-09-14T12:00:00,completed
RUN00000738,USR001066,HEALTH_RESERVE,2026-09-14T12:00:00,new_data,RULE_HR_V0.1,2026-02-12T10:00:00,2026-09-14T12:00:00,completed
RUN00000739,USR001067,MINDGUARD,2026-01-10T00:00:00,new_data,RULE_MG_V0.1,2025-10-01T00:00:00,2026-01-10T00:00:00,completed
RUN00000740,USR001068,MINDGUARD,2026-09-14T12:00:00,new_data,RULE_MG_V0.1,2026-01-25T03:00:00,2026-09-14T12:00:00,completed
RUN00000741,USR001069,HEALTH_RESERVE,2026-09-14T12:00:00,new_data,RULE_HR_V0.1,2026-02-17T04:00:00,2026-09-14T12:00:00,completed
RUN00000742,USR001070,MINDGUARD,2026-08-29T03:00:00,new_data,RULE_MG_V0.1,2026-02-06T03:00:00,2026-08-29T03:00:00,completed
RUN00000743,USR001074,HEALTH_RESERVE,2026-02-18T13:00:00,new_data,RULE_HR_V0.1,2025-11-18T13:00:00,2026-02-18T13:00:00,completed
RUN00000744,USR001075,MINDGUARD,2026-03-17T09:00:00,new_data,RULE_MG_V0.1,2025-11-21T09:00:00,2026-03-17T09:00:00,completed
RUN00000745,USR001081,MINDGUARD,2026-05-24T02:00:00,new_data,RULE_MG_V0.1,2025-12-19T02:00:00,2026-05-24T02:00:00,completed
RUN00000746,USR001083,MINDGUARD,2026-08-18T11:00:00,new_data,RULE_MG_V0.1,2026-01-10T11:00:00,2026-08-18T11:00:00,completed
RUN00000747,USR001085,MINDGUARD,2026-07-05T05:00:00,new_data,RULE_MG_V0.1,2025-11-01T05:00:00,2026-07-05T05:00:00,completed
RUN00000748,USR001087,MINDGUARD,2026-07-25T20:00:00,new_data,RULE_MG_V0.1,2025-12-13T20:00:00,2026-07-25T20:00:00,completed
RUN00000749,USR001088,MINDGUARD,2026-01-14T21:00:00,new_data,RULE_MG_V0.1,2025-09-19T21:00:00,2026-01-14T21:00:00,completed
RUN00000750,USR001089,MINDGUARD,2026-05-05T19:00:00,new_data,RULE_MG_V0.1,2025-12-30T19:00:00,2026-05-05T19:00:00,completed
RUN00000751,USR001090,MINDGUARD,2026-03-27T06:00:00,new_data,RULE_MG_V0.1,2025-09-28T06:00:00,2026-03-27T06:00:00,completed
RUN00000752,USR001091,HEALTH_RESERVE,2026-04-15T08:00:00,new_data,RULE_HR_V0.1,2025-10-30T08:00:00,2026-04-15T08:00:00,completed
RUN00000753,USR001094,MINDGUARD,2026-02-07T14:00:00,new_data,RULE_MG_V0.1,2025-11-04T14:00:00,2026-02-07T14:00:00,completed
RUN00000754,USR001095,MINDGUARD,2026-07-14T12:00:00,new_data,RULE_MG_V0.1,2026-02-01T12:00:00,2026-07-14T12:00:00,completed
RUN00000755,USR001095,HEALTH_RESERVE,2026-09-14T12:00:00,new_data,RULE_HR_V0.1,2026-01-27T15:00:00,2026-09-14T12:00:00,completed
RUN00000756,USR001097,HEALTH_RESERVE,2026-05-31T21:00:00,new_data,RULE_HR_V0.1,2025-11-23T21:00:00,2026-05-31T21:00:00,completed
RUN00000757,USR001099,MINDGUARD,2026-08-21T17:00:00,new_data,RULE_MG_V0.1,2025-11-12T17:00:00,2026-08-21T17:00:00,completed
RUN00000758,USR001099,HEALTH_RESERVE,2026-06-17T20:00:00,new_data,RULE_HR_V0.1,2025-11-12T20:00:00,2026-06-17T20:00:00,completed
RUN00000759,USR001101,MINDGUARD,2026-04-07T13:00:00,new_data,RULE_MG_V0.1,2025-11-27T13:00:00,2026-04-07T13:00:00,completed
RUN00000760,USR001102,MINDGUARD,2026-06-26T05:00:00,new_data,RULE_MG_V0.1,2025-11-11T05:00:00,2026-06-26T05:00:00,completed
RUN00000761,USR001104,MINDGUARD,2026-08-05T11:00:00,new_data,RULE_MG_V0.1,2025-10-23T11:00:00,2026-08-05T11:00:00,completed
RUN00000762,USR001105,MINDGUARD,2026-07-07T06:00:00,new_data,RULE_MG_V0.1,2025-12-15T06:00:00,2026-07-07T06:00:00,completed
RUN00000763,USR001106,HEALTH_RESERVE,2026-09-14T12:00:00,new_data,RULE_HR_V0.1,2025-12-16T20:00:00,2026-09-14T12:00:00,completed
RUN00000764,USR001107,HEALTH_RESERVE,2026-06-01T00:00:00,new_data,RULE_HR_V0.1,2026-02-17T00:00:00,2026-06-01T00:00:00,completed
RUN00000765,USR001108,MINDGUARD,2026-09-04T22:00:00,new_data,RULE_MG_V0.1,2026-01-10T22:00:00,2026-09-04T22:00:00,completed
RUN00000766,USR001110,MINDGUARD,2026-07-17T11:00:00,new_data,RULE_MG_V0.1,2025-10-06T11:00:00,2026-07-17T11:00:00,completed
RUN00000767,USR001111,MINDGUARD,2026-07-11T04:00:00,new_data,RULE_MG_V0.1,2025-09-16T04:00:00,2026-07-11T04:00:00,completed
RUN00000768,USR001112,HEALTH_RESERVE,2026-07-15T01:00:00,new_data,RULE_HR_V0.1,2025-10-11T01:00:00,2026-07-15T01:00:00,completed
RUN00000769,USR001114,MINDGUARD,2026-09-14T12:00:00,new_data,RULE_MG_V0.1,2025-12-05T16:00:00,2026-09-14T12:00:00,completed
RUN00000770,USR001115,MINDGUARD,2026-08-24T04:00:00,new_data,RULE_MG_V0.1,2025-12-20T04:00:00,2026-08-24T04:00:00,completed
RUN00000771,USR001116,MINDGUARD,2026-05-24T13:00:00,new_data,RULE_MG_V0.1,2025-11-10T13:00:00,2026-05-24T13:00:00,completed
RUN00000772,USR001118,MINDGUARD,2026-05-02T08:00:00,new_data,RULE_MG_V0.1,2025-10-01T08:00:00,2026-05-02T08:00:00,completed
RUN00000773,USR001119,MINDGUARD,2026-05-14T23:00:00,new_data,RULE_MG_V0.1,2025-10-05T23:00:00,2026-05-14T23:00:00,completed
RUN00000774,USR001121,MINDGUARD,2026-08-03T18:00:00,new_data,RULE_MG_V0.1,2025-11-09T18:00:00,2026-08-03T18:00:00,completed
RUN00000775,USR001122,HEALTH_RESERVE,2026-03-12T16:00:00,new_data,RULE_HR_V0.1,2025-10-23T16:00:00,2026-03-12T16:00:00,completed
RUN00000776,USR001124,MINDGUARD,2026-07-30T10:00:00,new_data,RULE_MG_V0.1,2025-11-08T10:00:00,2026-07-30T10:00:00,completed
RUN00000777,USR001124,HEALTH_RESERVE,2026-02-22T19:00:00,new_data,RULE_HR_V0.1,2025-11-14T19:00:00,2026-02-22T19:00:00,completed
RUN00000778,USR001126,MINDGUARD,2026-02-26T11:00:00,new_data,RULE_MG_V0.1,2025-10-17T11:00:00,2026-02-26T11:00:00,completed
RUN00000779,USR001127,MINDGUARD,2026-02-07T22:00:00,new_data,RULE_MG_V0.1,2025-10-26T22:00:00,2026-02-07T22:00:00,completed
RUN00000780,USR001132,MINDGUARD,2026-07-18T10:00:00,new_data,RULE_MG_V0.1,2026-02-04T10:00:00,2026-07-18T10:00:00,completed
RUN00000781,USR001133,HEALTH_RESERVE,2026-09-14T12:00:00,new_data,RULE_HR_V0.1,2026-02-02T09:00:00,2026-09-14T12:00:00,completed
RUN00000782,USR001134,HEALTH_RESERVE,2026-05-21T12:00:00,new_data,RULE_HR_V0.1,2025-09-23T12:00:00,2026-05-21T12:00:00,completed
RUN00000783,USR001135,MINDGUARD,2026-07-10T08:00:00,new_data,RULE_MG_V0.1,2025-11-20T08:00:00,2026-07-10T08:00:00,completed
RUN00000784,USR001138,HEALTH_RESERVE,2026-04-29T10:00:00,new_data,RULE_HR_V0.1,2025-09-28T10:00:00,2026-04-29T10:00:00,completed
RUN00000785,USR001139,MINDGUARD,2026-07-03T17:00:00,new_data,RULE_MG_V0.1,2025-11-01T17:00:00,2026-07-03T17:00:00,completed
RUN00000786,USR001140,MINDGUARD,2026-08-05T10:00:00,new_data,RULE_MG_V0.1,2025-11-02T10:00:00,2026-08-05T10:00:00,completed
RUN00000787,USR001142,MINDGUARD,2026-08-08T21:00:00,new_data,RULE_MG_V0.1,2026-01-06T21:00:00,2026-08-08T21:00:00,completed
RUN00000788,USR001143,MINDGUARD,2026-04-28T11:00:00,new_data,RULE_MG_V0.1,2026-01-01T11:00:00,2026-04-28T11:00:00,completed
RUN00000789,USR001144,HEALTH_RESERVE,2026-04-05T16:00:00,new_data,RULE_HR_V0.1,2025-12-04T16:00:00,2026-04-05T16:00:00,completed
RUN00000790,USR001145,MINDGUARD,2026-08-19T14:00:00,new_data,RULE_MG_V0.1,2025-12-02T14:00:00,2026-08-19T14:00:00,completed
RUN00000791,USR001147,MINDGUARD,2026-07-15T12:00:00,new_data,RULE_MG_V0.1,2026-02-11T12:00:00,2026-07-15T12:00:00,completed
RUN00000792,USR001148,MINDGUARD,2026-06-22T07:00:00,new_data,RULE_MG_V0.1,2026-01-27T07:00:00,2026-06-22T07:00:00,completed
RUN00000793,USR001151,MINDGUARD,2026-07-02T13:00:00,new_data,RULE_MG_V0.1,2025-12-04T13:00:00,2026-07-02T13:00:00,completed
RUN00000794,USR001151,HEALTH_RESERVE,2026-09-12T17:00:00,new_data,RULE_HR_V0.1,2025-12-04T17:00:00,2026-09-12T17:00:00,completed
RUN00000795,USR001153,MINDGUARD,2026-07-17T17:00:00,new_data,RULE_MG_V0.1,2026-01-13T17:00:00,2026-07-17T17:00:00,completed
RUN00000796,USR001162,MINDGUARD,2026-06-23T16:00:00,new_data,RULE_MG_V0.1,2025-09-22T16:00:00,2026-06-23T16:00:00,completed
RUN00000797,USR001164,MINDGUARD,2026-09-14T12:00:00,new_data,RULE_MG_V0.1,2026-01-03T19:00:00,2026-09-14T12:00:00,completed
RUN00000798,USR001166,MINDGUARD,2026-01-28T06:00:00,new_data,RULE_MG_V0.1,2025-10-07T06:00:00,2026-01-28T06:00:00,completed
RUN00000799,USR001168,MINDGUARD,2026-09-14T12:00:00,new_data,RULE_MG_V0.1,2025-12-31T19:00:00,2026-09-14T12:00:00,completed
RUN00000800,USR001168,HEALTH_RESERVE,2026-07-24T04:00:00,new_data,RULE_HR_V0.1,2025-12-29T04:00:00,2026-07-24T04:00:00,completed
RUN00000801,USR001169,MINDGUARD,2026-03-01T19:00:00,new_data,RULE_MG_V0.1,2025-11-03T19:00:00,2026-03-01T19:00:00,completed
RUN00000802,USR001169,HEALTH_RESERVE,2026-03-28T15:00:00,new_data,RULE_HR_V0.1,2025-11-06T15:00:00,2026-03-28T15:00:00,completed
RUN00000803,USR001170,MINDGUARD,2026-03-18T23:00:00,new_data,RULE_MG_V0.1,2025-10-18T23:00:00,2026-03-18T23:00:00,completed
RUN00000804,USR001171,HEALTH_RESERVE,2026-07-06T15:00:00,new_data,RULE_HR_V0.1,2025-10-02T15:00:00,2026-07-06T15:00:00,completed
RUN00000805,USR001172,HEALTH_RESERVE,2026-09-14T12:00:00,new_data,RULE_HR_V0.1,2026-02-23T09:00:00,2026-09-14T12:00:00,completed
RUN00000806,USR001176,MINDGUARD,2026-02-03T10:00:00,new_data,RULE_MG_V0.1,2025-09-24T10:00:00,2026-02-03T10:00:00,completed
RUN00000807,USR001177,MINDGUARD,2026-04-26T07:00:00,new_data,RULE_MG_V0.1,2026-01-20T07:00:00,2026-04-26T07:00:00,completed
RUN00000808,USR001179,HEALTH_RESERVE,2026-06-01T22:00:00,new_data,RULE_HR_V0.1,2025-11-28T22:00:00,2026-06-01T22:00:00,completed
RUN00000809,USR001180,MINDGUARD,2026-05-05T05:00:00,new_data,RULE_MG_V0.1,2026-01-26T05:00:00,2026-05-05T05:00:00,completed
RUN00000810,USR001182,HEALTH_RESERVE,2026-03-12T01:00:00,new_data,RULE_HR_V0.1,2025-10-09T01:00:00,2026-03-12T01:00:00,completed
RUN00000811,USR001184,MINDGUARD,2026-08-24T12:00:00,new_data,RULE_MG_V0.1,2025-12-03T12:00:00,2026-08-24T12:00:00,completed
RUN00000812,USR001185,HEALTH_RESERVE,2026-04-09T12:00:00,new_data,RULE_HR_V0.1,2026-01-08T12:00:00,2026-04-09T12:00:00,completed
RUN00000813,USR001187,HEALTH_RESERVE,2026-05-27T08:00:00,new_data,RULE_HR_V0.1,2026-02-09T08:00:00,2026-05-27T08:00:00,completed
RUN00000814,USR001188,MINDGUARD,2026-09-14T12:00:00,new_data,RULE_MG_V0.1,2026-02-13T16:00:00,2026-09-14T12:00:00,completed
RUN00000815,USR001190,MINDGUARD,2026-08-29T04:00:00,new_data,RULE_MG_V0.1,2026-01-14T04:00:00,2026-08-29T04:00:00,completed
RUN00000816,USR001191,HEALTH_RESERVE,2026-09-14T12:00:00,new_data,RULE_HR_V0.1,2025-12-18T08:00:00,2026-09-14T12:00:00,completed
RUN00000817,USR001192,MINDGUARD,2026-07-24T07:00:00,new_data,RULE_MG_V0.1,2025-10-05T07:00:00,2026-07-24T07:00:00,completed
RUN00000818,USR001193,HEALTH_RESERVE,2026-08-27T13:00:00,new_data,RULE_HR_V0.1,2026-01-23T13:00:00,2026-08-27T13:00:00,completed
RUN00000819,USR001194,HEALTH_RESERVE,2026-08-10T06:00:00,new_data,RULE_HR_V0.1,2025-12-30T06:00:00,2026-08-10T06:00:00,completed
RUN00000820,USR001195,MINDGUARD,2026-06-23T07:00:00,new_data,RULE_MG_V0.1,2026-02-14T07:00:00,2026-06-23T07:00:00,completed
RUN00000821,USR001196,MINDGUARD,2026-08-03T03:00:00,new_data,RULE_MG_V0.1,2025-11-10T03:00:00,2026-08-03T03:00:00,completed
RUN00000822,USR001197,MINDGUARD,2026-07-15T17:00:00,new_data,RULE_MG_V0.1,2026-01-27T17:00:00,2026-07-15T17:00:00,completed
RUN00000823,USR001198,MINDGUARD,2026-06-13T08:00:00,new_data,RULE_MG_V0.1,2025-10-13T08:00:00,2026-06-13T08:00:00,completed
RUN00000824,USR001199,MINDGUARD,2026-07-05T20:00:00,new_data,RULE_MG_V0.1,2026-02-11T20:00:00,2026-07-05T20:00:00,completed
RUN00000825,USR001201,MINDGUARD,2026-06-03T21:00:00,new_data,RULE_MG_V0.1,2025-12-16T21:00:00,2026-06-03T21:00:00,completed
RUN00000826,USR001201,HEALTH_RESERVE,2026-07-07T02:00:00,new_data,RULE_HR_V0.1,2025-12-17T02:00:00,2026-07-07T02:00:00,completed
RUN00000827,USR001202,MINDGUARD,2026-09-14T12:00:00,new_data,RULE_MG_V0.1,2026-01-27T15:00:00,2026-09-14T12:00:00,completed
RUN00000828,USR001203,MINDGUARD,2026-01-15T23:00:00,new_data,RULE_MG_V0.1,2025-10-01T23:00:00,2026-01-15T23:00:00,completed
RUN00000829,USR001203,HEALTH_RESERVE,2026-04-19T23:00:00,new_data,RULE_HR_V0.1,2025-09-20T23:00:00,2026-04-19T23:00:00,completed
RUN00000830,USR001206,MINDGUARD,2026-08-26T13:00:00,new_data,RULE_MG_V0.1,2025-12-11T13:00:00,2026-08-26T13:00:00,completed
RUN00000831,USR001207,HEALTH_RESERVE,2026-05-26T13:00:00,new_data,RULE_HR_V0.1,2026-01-10T13:00:00,2026-05-26T13:00:00,completed
RUN00000832,USR001210,MINDGUARD,2026-05-21T08:00:00,new_data,RULE_MG_V0.1,2025-10-16T08:00:00,2026-05-21T08:00:00,completed
RUN00000833,USR001212,HEALTH_RESERVE,2026-09-12T05:00:00,new_data,RULE_HR_V0.1,2026-02-02T05:00:00,2026-09-12T05:00:00,completed
RUN00000834,USR001213,MINDGUARD,2026-09-14T12:00:00,new_data,RULE_MG_V0.1,2026-02-23T09:00:00,2026-09-14T12:00:00,completed
RUN00000835,USR001220,MINDGUARD,2026-06-18T11:00:00,new_data,RULE_MG_V0.1,2025-12-04T11:00:00,2026-06-18T11:00:00,completed
RUN00000836,USR001221,MINDGUARD,2026-06-09T21:00:00,new_data,RULE_MG_V0.1,2025-09-26T21:00:00,2026-06-09T21:00:00,completed
RUN00000837,USR001222,MINDGUARD,2026-09-14T12:00:00,new_data,RULE_MG_V0.1,2026-01-10T12:00:00,2026-09-14T12:00:00,completed
RUN00000838,USR001223,MINDGUARD,2026-02-02T21:00:00,new_data,RULE_MG_V0.1,2025-10-05T21:00:00,2026-02-02T21:00:00,completed
RUN00000839,USR001224,MINDGUARD,2026-05-08T23:00:00,new_data,RULE_MG_V0.1,2025-11-18T23:00:00,2026-05-08T23:00:00,completed
RUN00000840,USR001224,HEALTH_RESERVE,2026-05-05T02:00:00,new_data,RULE_HR_V0.1,2025-11-18T02:00:00,2026-05-05T02:00:00,completed
RUN00000841,USR001225,MINDGUARD,2026-08-28T11:00:00,new_data,RULE_MG_V0.1,2026-02-18T11:00:00,2026-08-28T11:00:00,completed
RUN00000842,USR001225,HEALTH_RESERVE,2026-09-14T12:00:00,new_data,RULE_HR_V0.1,2026-02-14T17:00:00,2026-09-14T12:00:00,completed
RUN00000843,USR001227,MINDGUARD,2026-07-27T13:00:00,new_data,RULE_MG_V0.1,2025-10-04T13:00:00,2026-07-27T13:00:00,completed
RUN00000844,USR001228,MINDGUARD,2026-02-12T08:00:00,new_data,RULE_MG_V0.1,2025-11-09T08:00:00,2026-02-12T08:00:00,completed
RUN00000845,USR001229,MINDGUARD,2026-05-07T15:00:00,new_data,RULE_MG_V0.1,2025-12-19T15:00:00,2026-05-07T15:00:00,completed
RUN00000846,USR001230,MINDGUARD,2026-08-04T03:00:00,new_data,RULE_MG_V0.1,2026-01-23T03:00:00,2026-08-04T03:00:00,completed
RUN00000847,USR001230,HEALTH_RESERVE,2026-06-08T05:00:00,new_data,RULE_HR_V0.1,2026-01-25T05:00:00,2026-06-08T05:00:00,completed
RUN00000848,USR001232,HEALTH_RESERVE,2026-05-13T07:00:00,new_data,RULE_HR_V0.1,2025-10-16T07:00:00,2026-05-13T07:00:00,completed
RUN00000849,USR001234,HEALTH_RESERVE,2026-09-14T12:00:00,new_data,RULE_HR_V0.1,2026-01-03T16:00:00,2026-09-14T12:00:00,completed
RUN00000850,USR001236,MINDGUARD,2026-02-05T15:00:00,new_data,RULE_MG_V0.1,2025-09-25T15:00:00,2026-02-05T15:00:00,completed
RUN00000851,USR001236,HEALTH_RESERVE,2025-12-30T15:00:00,new_data,RULE_HR_V0.1,2025-09-27T15:00:00,2025-12-30T15:00:00,completed
RUN00000852,USR001238,MINDGUARD,2026-04-08T20:00:00,new_data,RULE_MG_V0.1,2025-09-27T20:00:00,2026-04-08T20:00:00,completed
RUN00000853,USR001238,HEALTH_RESERVE,2026-03-03T19:00:00,new_data,RULE_HR_V0.1,2025-09-26T19:00:00,2026-03-03T19:00:00,completed
RUN00000854,USR001239,MINDGUARD,2026-06-25T17:00:00,new_data,RULE_MG_V0.1,2025-11-17T17:00:00,2026-06-25T17:00:00,completed
RUN00000855,USR001242,MINDGUARD,2026-03-17T09:00:00,new_data,RULE_MG_V0.1,2025-10-22T09:00:00,2026-03-17T09:00:00,completed
RUN00000856,USR001242,HEALTH_RESERVE,2026-05-25T10:00:00,new_data,RULE_HR_V0.1,2025-11-02T10:00:00,2026-05-25T10:00:00,completed
RUN00000857,USR001243,MINDGUARD,2026-07-13T02:00:00,new_data,RULE_MG_V0.1,2026-01-23T02:00:00,2026-07-13T02:00:00,completed
RUN00000858,USR001244,MINDGUARD,2026-08-15T20:00:00,new_data,RULE_MG_V0.1,2025-11-11T20:00:00,2026-08-15T20:00:00,completed
RUN00000859,USR001245,MINDGUARD,2026-09-14T12:00:00,new_data,RULE_MG_V0.1,2026-01-30T11:00:00,2026-09-14T12:00:00,completed
RUN00000860,USR001246,MINDGUARD,2026-05-30T12:00:00,new_data,RULE_MG_V0.1,2026-02-18T12:00:00,2026-05-30T12:00:00,completed
RUN00000861,USR001247,MINDGUARD,2026-03-02T11:00:00,new_data,RULE_MG_V0.1,2025-11-19T11:00:00,2026-03-02T11:00:00,completed
RUN00000862,USR001248,MINDGUARD,2026-09-14T12:00:00,new_data,RULE_MG_V0.1,2025-12-27T08:00:00,2026-09-14T12:00:00,completed
RUN00000863,USR001249,MINDGUARD,2026-05-06T06:00:00,new_data,RULE_MG_V0.1,2026-01-31T06:00:00,2026-05-06T06:00:00,completed
RUN00000864,USR001251,MINDGUARD,2026-05-26T06:00:00,new_data,RULE_MG_V0.1,2025-10-27T06:00:00,2026-05-26T06:00:00,completed
RUN00000865,USR001252,MINDGUARD,2026-09-14T12:00:00,new_data,RULE_MG_V0.1,2025-11-27T00:00:00,2026-09-14T12:00:00,completed
RUN00000866,USR001253,MINDGUARD,2026-04-15T16:00:00,new_data,RULE_MG_V0.1,2025-11-14T16:00:00,2026-04-15T16:00:00,completed
RUN00000867,USR001255,MINDGUARD,2026-04-06T19:00:00,new_data,RULE_MG_V0.1,2025-11-25T19:00:00,2026-04-06T19:00:00,completed
RUN00000868,USR001257,MINDGUARD,2026-06-09T19:00:00,new_data,RULE_MG_V0.1,2025-09-23T19:00:00,2026-06-09T19:00:00,completed
RUN00000869,USR001260,MINDGUARD,2026-02-11T20:00:00,new_data,RULE_MG_V0.1,2025-10-25T20:00:00,2026-02-11T20:00:00,completed
RUN00000870,USR001261,MINDGUARD,2026-09-14T12:00:00,new_data,RULE_MG_V0.1,2026-01-18T23:00:00,2026-09-14T12:00:00,completed
RUN00000871,USR001263,MINDGUARD,2026-05-11T02:00:00,new_data,RULE_MG_V0.1,2026-01-10T02:00:00,2026-05-11T02:00:00,completed
RUN00000872,USR001264,MINDGUARD,2026-09-14T12:00:00,new_data,RULE_MG_V0.1,2026-01-02T22:00:00,2026-09-14T12:00:00,completed
RUN00000873,USR001264,HEALTH_RESERVE,2026-05-24T17:00:00,new_data,RULE_HR_V0.1,2025-12-20T17:00:00,2026-05-24T17:00:00,completed
RUN00000874,USR001265,HEALTH_RESERVE,2026-08-04T19:00:00,new_data,RULE_HR_V0.1,2026-01-27T19:00:00,2026-08-04T19:00:00,completed
RUN00000875,USR001266,HEALTH_RESERVE,2026-04-13T11:00:00,new_data,RULE_HR_V0.1,2025-12-05T11:00:00,2026-04-13T11:00:00,completed
RUN00000876,USR001268,MINDGUARD,2026-06-05T19:00:00,new_data,RULE_MG_V0.1,2026-01-26T19:00:00,2026-06-05T19:00:00,completed
RUN00000877,USR001268,HEALTH_RESERVE,2026-05-19T03:00:00,new_data,RULE_HR_V0.1,2026-01-25T03:00:00,2026-05-19T03:00:00,completed
RUN00000878,USR001269,HEALTH_RESERVE,2026-03-14T01:00:00,new_data,RULE_HR_V0.1,2025-10-26T01:00:00,2026-03-14T01:00:00,completed
RUN00000879,USR001270,MINDGUARD,2026-08-16T01:00:00,new_data,RULE_MG_V0.1,2025-12-12T01:00:00,2026-08-16T01:00:00,completed
RUN00000880,USR001271,MINDGUARD,2026-09-14T12:00:00,new_data,RULE_MG_V0.1,2026-01-17T15:00:00,2026-09-14T12:00:00,completed
RUN00000881,USR001272,HEALTH_RESERVE,2026-07-12T14:00:00,new_data,RULE_HR_V0.1,2025-12-18T14:00:00,2026-07-12T14:00:00,completed
RUN00000882,USR001274,HEALTH_RESERVE,2026-06-23T09:00:00,new_data,RULE_HR_V0.1,2025-10-13T09:00:00,2026-06-23T09:00:00,completed
RUN00000883,USR001275,MINDGUARD,2026-03-19T22:00:00,new_data,RULE_MG_V0.1,2025-12-09T22:00:00,2026-03-19T22:00:00,completed
RUN00000884,USR001275,HEALTH_RESERVE,2026-06-27T20:00:00,new_data,RULE_HR_V0.1,2025-12-09T20:00:00,2026-06-27T20:00:00,completed
RUN00000885,USR001278,MINDGUARD,2026-07-26T14:00:00,new_data,RULE_MG_V0.1,2025-12-11T14:00:00,2026-07-26T14:00:00,completed
RUN00000886,USR001281,MINDGUARD,2026-05-02T00:00:00,new_data,RULE_MG_V0.1,2025-10-04T00:00:00,2026-05-02T00:00:00,completed
RUN00000887,USR001283,MINDGUARD,2026-07-26T12:00:00,new_data,RULE_MG_V0.1,2025-10-19T12:00:00,2026-07-26T12:00:00,completed
RUN00000888,USR001284,HEALTH_RESERVE,2026-09-14T12:00:00,new_data,RULE_HR_V0.1,2026-02-03T01:00:00,2026-09-14T12:00:00,completed
RUN00000889,USR001286,MINDGUARD,2026-08-02T19:00:00,new_data,RULE_MG_V0.1,2025-12-04T19:00:00,2026-08-02T19:00:00,completed
RUN00000890,USR001287,MINDGUARD,2026-03-09T10:00:00,new_data,RULE_MG_V0.1,2025-10-12T10:00:00,2026-03-09T10:00:00,completed
RUN00000891,USR001288,MINDGUARD,2026-02-13T15:00:00,new_data,RULE_MG_V0.1,2025-10-11T15:00:00,2026-02-13T15:00:00,completed
RUN00000892,USR001290,HEALTH_RESERVE,2026-06-08T02:00:00,new_data,RULE_HR_V0.1,2025-10-29T02:00:00,2026-06-08T02:00:00,completed
RUN00000893,USR001291,HEALTH_RESERVE,2026-05-17T09:00:00,new_data,RULE_HR_V0.1,2025-11-06T09:00:00,2026-05-17T09:00:00,completed
RUN00000894,USR001293,HEALTH_RESERVE,2026-02-09T11:00:00,new_data,RULE_HR_V0.1,2025-10-25T11:00:00,2026-02-09T11:00:00,completed
RUN00000895,USR001295,MINDGUARD,2026-05-09T13:00:00,new_data,RULE_MG_V0.1,2025-10-26T13:00:00,2026-05-09T13:00:00,completed
RUN00000896,USR001297,HEALTH_RESERVE,2026-05-27T07:00:00,new_data,RULE_HR_V0.1,2026-02-10T07:00:00,2026-05-27T07:00:00,completed
RUN00000897,USR001298,HEALTH_RESERVE,2026-04-23T01:00:00,new_data,RULE_HR_V0.1,2025-12-25T01:00:00,2026-04-23T01:00:00,completed
RUN00000898,USR001300,MINDGUARD,2026-07-01T02:00:00,new_data,RULE_MG_V0.1,2026-02-18T02:00:00,2026-07-01T02:00:00,completed
RUN00000899,USR001303,MINDGUARD,2026-04-30T23:00:00,new_data,RULE_MG_V0.1,2025-11-16T23:00:00,2026-04-30T23:00:00,completed
RUN00000900,USR001304,MINDGUARD,2026-09-14T12:00:00,new_data,RULE_MG_V0.1,2026-02-03T16:00:00,2026-09-14T12:00:00,completed
RUN00000901,USR001305,HEALTH_RESERVE,2026-04-25T16:00:00,new_data,RULE_HR_V0.1,2025-09-22T16:00:00,2026-04-25T16:00:00,completed
RUN00000902,USR001306,MINDGUARD,2026-02-18T11:00:00,new_data,RULE_MG_V0.1,2025-10-02T11:00:00,2026-02-18T11:00:00,completed
RUN00000903,USR001307,MINDGUARD,2026-03-12T05:00:00,new_data,RULE_MG_V0.1,2025-10-06T05:00:00,2026-03-12T05:00:00,completed
RUN00000904,USR001308,MINDGUARD,2026-06-10T11:00:00,new_data,RULE_MG_V0.1,2025-12-18T11:00:00,2026-06-10T11:00:00,completed
RUN00000905,USR001309,MINDGUARD,2026-05-27T18:00:00,new_data,RULE_MG_V0.1,2026-01-12T18:00:00,2026-05-27T18:00:00,completed
RUN00000906,USR001312,MINDGUARD,2026-09-14T12:00:00,new_data,RULE_MG_V0.1,2026-01-11T08:00:00,2026-09-14T12:00:00,completed
RUN00000907,USR001314,MINDGUARD,2026-05-16T20:00:00,new_data,RULE_MG_V0.1,2025-12-28T20:00:00,2026-05-16T20:00:00,completed
RUN00000908,USR001315,MINDGUARD,2026-04-30T11:00:00,new_data,RULE_MG_V0.1,2025-09-28T11:00:00,2026-04-30T11:00:00,completed
RUN00000909,USR001316,MINDGUARD,2026-08-26T17:00:00,new_data,RULE_MG_V0.1,2025-11-12T17:00:00,2026-08-26T17:00:00,completed
RUN00000910,USR001319,MINDGUARD,2026-03-06T10:00:00,new_data,RULE_MG_V0.1,2025-10-21T10:00:00,2026-03-06T10:00:00,completed
RUN00000911,USR001320,MINDGUARD,2026-09-14T12:00:00,new_data,RULE_MG_V0.1,2026-02-23T11:00:00,2026-09-14T12:00:00,completed
RUN00000912,USR001321,MINDGUARD,2026-08-09T13:00:00,new_data,RULE_MG_V0.1,2025-11-01T13:00:00,2026-08-09T13:00:00,completed
RUN00000913,USR001323,MINDGUARD,2026-08-28T05:00:00,new_data,RULE_MG_V0.1,2025-11-08T05:00:00,2026-08-28T05:00:00,completed
RUN00000914,USR001323,HEALTH_RESERVE,2026-05-01T04:00:00,new_data,RULE_HR_V0.1,2025-11-07T04:00:00,2026-05-01T04:00:00,completed
RUN00000915,USR001324,MINDGUARD,2026-04-04T19:00:00,new_data,RULE_MG_V0.1,2025-11-14T19:00:00,2026-04-04T19:00:00,completed
RUN00000916,USR001325,MINDGUARD,2026-04-27T21:00:00,new_data,RULE_MG_V0.1,2026-01-11T21:00:00,2026-04-27T21:00:00,completed
RUN00000917,USR001326,MINDGUARD,2026-05-25T17:00:00,new_data,RULE_MG_V0.1,2025-10-04T17:00:00,2026-05-25T17:00:00,completed
RUN00000918,USR001326,HEALTH_RESERVE,2026-07-08T17:00:00,new_data,RULE_HR_V0.1,2025-10-03T17:00:00,2026-07-08T17:00:00,completed
RUN00000919,USR001327,HEALTH_RESERVE,2026-09-14T12:00:00,new_data,RULE_HR_V0.1,2026-02-05T02:00:00,2026-09-14T12:00:00,completed
RUN00000920,USR001328,HEALTH_RESERVE,2026-09-14T12:00:00,new_data,RULE_HR_V0.1,2026-02-09T08:00:00,2026-09-14T12:00:00,completed
RUN00000921,USR001329,MINDGUARD,2026-03-27T12:00:00,new_data,RULE_MG_V0.1,2025-10-31T12:00:00,2026-03-27T12:00:00,completed
RUN00000922,USR001330,MINDGUARD,2026-09-14T12:00:00,new_data,RULE_MG_V0.1,2026-02-11T16:00:00,2026-09-14T12:00:00,completed
RUN00000923,USR001333,MINDGUARD,2026-09-14T12:00:00,new_data,RULE_MG_V0.1,2026-01-30T04:00:00,2026-09-14T12:00:00,completed
RUN00000924,USR001334,MINDGUARD,2026-05-09T17:00:00,new_data,RULE_MG_V0.1,2026-01-21T17:00:00,2026-05-09T17:00:00,completed
RUN00000925,USR001336,HEALTH_RESERVE,2026-06-19T17:00:00,new_data,RULE_HR_V0.1,2025-10-27T17:00:00,2026-06-19T17:00:00,completed
RUN00000926,USR001337,MINDGUARD,2026-07-19T16:00:00,new_data,RULE_MG_V0.1,2025-11-02T16:00:00,2026-07-19T16:00:00,completed
RUN00000927,USR001339,MINDGUARD,2026-05-24T03:00:00,new_data,RULE_MG_V0.1,2025-10-25T03:00:00,2026-05-24T03:00:00,completed
RUN00000928,USR001340,MINDGUARD,2026-06-10T06:00:00,new_data,RULE_MG_V0.1,2025-12-24T06:00:00,2026-06-10T06:00:00,completed
RUN00000929,USR001342,MINDGUARD,2026-08-10T05:00:00,new_data,RULE_MG_V0.1,2026-01-11T05:00:00,2026-08-10T05:00:00,completed
RUN00000930,USR001343,MINDGUARD,2026-04-08T08:00:00,new_data,RULE_MG_V0.1,2025-11-21T08:00:00,2026-04-08T08:00:00,completed
RUN00000931,USR001344,HEALTH_RESERVE,2026-08-08T17:00:00,new_data,RULE_HR_V0.1,2025-11-17T17:00:00,2026-08-08T17:00:00,completed
RUN00000932,USR001345,MINDGUARD,2026-06-18T16:00:00,new_data,RULE_MG_V0.1,2025-12-27T16:00:00,2026-06-18T16:00:00,completed
RUN00000933,USR001348,HEALTH_RESERVE,2026-03-06T08:00:00,new_data,RULE_HR_V0.1,2025-10-21T08:00:00,2026-03-06T08:00:00,completed
RUN00000934,USR001349,MINDGUARD,2026-07-04T12:00:00,new_data,RULE_MG_V0.1,2025-12-07T12:00:00,2026-07-04T12:00:00,completed
RUN00000935,USR001350,MINDGUARD,2026-03-14T20:00:00,new_data,RULE_MG_V0.1,2025-10-27T20:00:00,2026-03-14T20:00:00,completed
RUN00000936,USR001351,HEALTH_RESERVE,2026-03-10T23:00:00,new_data,RULE_HR_V0.1,2025-12-04T23:00:00,2026-03-10T23:00:00,completed
RUN00000937,USR001352,HEALTH_RESERVE,2026-05-18T12:00:00,new_data,RULE_HR_V0.1,2025-10-14T12:00:00,2026-05-18T12:00:00,completed
RUN00000938,USR001353,MINDGUARD,2026-07-15T09:00:00,new_data,RULE_MG_V0.1,2026-02-19T09:00:00,2026-07-15T09:00:00,completed
RUN00000939,USR001354,MINDGUARD,2026-05-22T11:00:00,new_data,RULE_MG_V0.1,2025-11-11T11:00:00,2026-05-22T11:00:00,completed
RUN00000940,USR001356,HEALTH_RESERVE,2026-05-21T21:00:00,new_data,RULE_HR_V0.1,2026-01-11T21:00:00,2026-05-21T21:00:00,completed
RUN00000941,USR001357,HEALTH_RESERVE,2026-04-16T00:00:00,new_data,RULE_HR_V0.1,2026-01-05T00:00:00,2026-04-16T00:00:00,completed
RUN00000942,USR001358,MINDGUARD,2026-09-09T02:00:00,new_data,RULE_MG_V0.1,2025-12-20T02:00:00,2026-09-09T02:00:00,completed
RUN00000943,USR001362,MINDGUARD,2026-07-25T21:00:00,new_data,RULE_MG_V0.1,2025-12-15T21:00:00,2026-07-25T21:00:00,completed
RUN00000944,USR001363,HEALTH_RESERVE,2026-09-14T12:00:00,new_data,RULE_HR_V0.1,2025-12-06T15:00:00,2026-09-14T12:00:00,completed
RUN00000945,USR001365,MINDGUARD,2026-08-05T07:00:00,new_data,RULE_MG_V0.1,2026-02-07T07:00:00,2026-08-05T07:00:00,completed
RUN00000946,USR001368,MINDGUARD,2026-05-12T08:00:00,new_data,RULE_MG_V0.1,2025-11-02T08:00:00,2026-05-12T08:00:00,completed
RUN00000947,USR001370,MINDGUARD,2026-02-17T20:00:00,new_data,RULE_MG_V0.1,2025-11-18T20:00:00,2026-02-17T20:00:00,completed
RUN00000948,USR001371,MINDGUARD,2026-09-14T12:00:00,new_data,RULE_MG_V0.1,2026-02-01T03:00:00,2026-09-14T12:00:00,completed
RUN00000949,USR001372,MINDGUARD,2026-01-20T22:00:00,new_data,RULE_MG_V0.1,2025-09-29T22:00:00,2026-01-20T22:00:00,completed
RUN00000950,USR001373,MINDGUARD,2026-04-08T10:00:00,new_data,RULE_MG_V0.1,2025-11-20T10:00:00,2026-04-08T10:00:00,completed
RUN00000951,USR001374,HEALTH_RESERVE,2026-09-14T12:00:00,new_data,RULE_HR_V0.1,2026-01-14T19:00:00,2026-09-14T12:00:00,completed
RUN00000952,USR001375,HEALTH_RESERVE,2026-06-15T10:00:00,new_data,RULE_HR_V0.1,2025-10-18T10:00:00,2026-06-15T10:00:00,completed
RUN00000953,USR001376,MINDGUARD,2026-04-15T10:00:00,new_data,RULE_MG_V0.1,2025-12-14T10:00:00,2026-04-15T10:00:00,completed
RUN00000954,USR001379,MINDGUARD,2026-06-26T04:00:00,new_data,RULE_MG_V0.1,2025-11-16T04:00:00,2026-06-26T04:00:00,completed
RUN00000955,USR001381,MINDGUARD,2026-08-06T07:00:00,new_data,RULE_MG_V0.1,2025-11-29T07:00:00,2026-08-06T07:00:00,completed
RUN00000956,USR001386,HEALTH_RESERVE,2026-04-13T08:00:00,new_data,RULE_HR_V0.1,2025-09-17T08:00:00,2026-04-13T08:00:00,completed
RUN00000957,USR001387,MINDGUARD,2026-09-12T14:00:00,new_data,RULE_MG_V0.1,2025-12-04T14:00:00,2026-09-12T14:00:00,completed
RUN00000958,USR001388,MINDGUARD,2026-06-08T07:00:00,new_data,RULE_MG_V0.1,2025-10-08T07:00:00,2026-06-08T07:00:00,completed
RUN00000959,USR001388,HEALTH_RESERVE,2026-08-03T09:00:00,new_data,RULE_HR_V0.1,2025-10-15T09:00:00,2026-08-03T09:00:00,completed
RUN00000960,USR001390,MINDGUARD,2026-07-08T18:00:00,new_data,RULE_MG_V0.1,2026-01-15T18:00:00,2026-07-08T18:00:00,completed
RUN00000961,USR001392,MINDGUARD,2026-05-04T08:00:00,new_data,RULE_MG_V0.1,2025-11-24T08:00:00,2026-05-04T08:00:00,completed
RUN00000962,USR001394,MINDGUARD,2026-08-30T14:00:00,new_data,RULE_MG_V0.1,2026-01-24T14:00:00,2026-08-30T14:00:00,completed
RUN00000963,USR001398,MINDGUARD,2026-03-22T00:00:00,new_data,RULE_MG_V0.1,2025-11-03T00:00:00,2026-03-22T00:00:00,completed
RUN00000964,USR001400,MINDGUARD,2026-07-30T20:00:00,new_data,RULE_MG_V0.1,2025-12-23T20:00:00,2026-07-30T20:00:00,completed
RUN00000965,USR001404,HEALTH_RESERVE,2026-09-14T12:00:00,new_data,RULE_HR_V0.1,2026-01-30T09:00:00,2026-09-14T12:00:00,completed
RUN00000966,USR001405,MINDGUARD,2026-05-20T19:00:00,new_data,RULE_MG_V0.1,2025-12-19T19:00:00,2026-05-20T19:00:00,completed
RUN00000967,USR001406,MINDGUARD,2026-03-14T03:00:00,new_data,RULE_MG_V0.1,2025-11-11T03:00:00,2026-03-14T03:00:00,completed
RUN00000968,USR001407,MINDGUARD,2026-09-14T12:00:00,new_data,RULE_MG_V0.1,2025-12-29T07:00:00,2026-09-14T12:00:00,completed
RUN00000969,USR001408,MINDGUARD,2026-05-24T22:00:00,new_data,RULE_MG_V0.1,2026-01-22T22:00:00,2026-05-24T22:00:00,completed
RUN00000970,USR001409,MINDGUARD,2026-01-06T12:00:00,new_data,RULE_MG_V0.1,2025-10-07T12:00:00,2026-01-06T12:00:00,completed
RUN00000971,USR001410,MINDGUARD,2026-02-08T17:00:00,new_data,RULE_MG_V0.1,2025-11-06T17:00:00,2026-02-08T17:00:00,completed
RUN00000972,USR001412,HEALTH_RESERVE,2026-08-01T17:00:00,new_data,RULE_HR_V0.1,2026-02-01T17:00:00,2026-08-01T17:00:00,completed
RUN00000973,USR001414,MINDGUARD,2026-05-19T12:00:00,new_data,RULE_MG_V0.1,2025-10-28T12:00:00,2026-05-19T12:00:00,completed
RUN00000974,USR001418,HEALTH_RESERVE,2026-04-18T07:00:00,new_data,RULE_HR_V0.1,2025-10-10T07:00:00,2026-04-18T07:00:00,completed
RUN00000975,USR001419,MINDGUARD,2026-01-23T08:00:00,new_data,RULE_MG_V0.1,2025-10-13T08:00:00,2026-01-23T08:00:00,completed
RUN00000976,USR001420,MINDGUARD,2026-05-25T12:00:00,new_data,RULE_MG_V0.1,2025-12-02T12:00:00,2026-05-25T12:00:00,completed
RUN00000977,USR001422,MINDGUARD,2026-09-14T12:00:00,new_data,RULE_MG_V0.1,2025-12-28T00:00:00,2026-09-14T12:00:00,completed
RUN00000978,USR001422,HEALTH_RESERVE,2026-09-14T12:00:00,new_data,RULE_HR_V0.1,2025-12-31T04:00:00,2026-09-14T12:00:00,completed
RUN00000979,USR001423,MINDGUARD,2026-07-13T17:00:00,new_data,RULE_MG_V0.1,2025-11-13T17:00:00,2026-07-13T17:00:00,completed
RUN00000980,USR001425,HEALTH_RESERVE,2026-06-12T04:00:00,new_data,RULE_HR_V0.1,2026-01-15T04:00:00,2026-06-12T04:00:00,completed
RUN00000981,USR001427,MINDGUARD,2026-04-01T09:00:00,new_data,RULE_MG_V0.1,2025-11-13T09:00:00,2026-04-01T09:00:00,completed
RUN00000982,USR001429,MINDGUARD,2026-07-24T07:00:00,new_data,RULE_MG_V0.1,2025-10-03T07:00:00,2026-07-24T07:00:00,completed
RUN00000983,USR001432,HEALTH_RESERVE,2026-07-07T16:00:00,new_data,RULE_HR_V0.1,2026-01-26T16:00:00,2026-07-07T16:00:00,completed
RUN00000984,USR001434,MINDGUARD,2026-08-03T08:00:00,new_data,RULE_MG_V0.1,2025-11-30T08:00:00,2026-08-03T08:00:00,completed
RUN00000985,USR001435,HEALTH_RESERVE,2026-09-14T12:00:00,new_data,RULE_HR_V0.1,2026-01-25T14:00:00,2026-09-14T12:00:00,completed
RUN00000986,USR001436,HEALTH_RESERVE,2026-08-01T16:00:00,new_data,RULE_HR_V0.1,2025-11-07T16:00:00,2026-08-01T16:00:00,completed
RUN00000987,USR001438,MINDGUARD,2026-07-17T05:00:00,new_data,RULE_MG_V0.1,2025-12-22T05:00:00,2026-07-17T05:00:00,completed
RUN00000988,USR001439,MINDGUARD,2026-02-19T02:00:00,new_data,RULE_MG_V0.1,2025-10-21T02:00:00,2026-02-19T02:00:00,completed
RUN00000989,USR001440,HEALTH_RESERVE,2026-05-05T09:00:00,new_data,RULE_HR_V0.1,2025-11-20T09:00:00,2026-05-05T09:00:00,completed
RUN00000990,USR001441,MINDGUARD,2026-04-12T23:00:00,new_data,RULE_MG_V0.1,2025-10-02T23:00:00,2026-04-12T23:00:00,completed
RUN00000991,USR001442,MINDGUARD,2026-05-03T22:00:00,new_data,RULE_MG_V0.1,2025-09-17T22:00:00,2026-05-03T22:00:00,completed
RUN00000992,USR001443,HEALTH_RESERVE,2026-08-29T13:00:00,new_data,RULE_HR_V0.1,2025-11-06T13:00:00,2026-08-29T13:00:00,completed
RUN00000993,USR001444,MINDGUARD,2026-09-14T12:00:00,new_data,RULE_MG_V0.1,2025-12-12T07:00:00,2026-09-14T12:00:00,completed
RUN00000994,USR001446,HEALTH_RESERVE,2026-05-06T19:00:00,new_data,RULE_HR_V0.1,2026-01-12T19:00:00,2026-05-06T19:00:00,completed
RUN00000995,USR001451,HEALTH_RESERVE,2026-09-08T02:00:00,new_data,RULE_HR_V0.1,2025-12-11T02:00:00,2026-09-08T02:00:00,completed
RUN00000996,USR001452,MINDGUARD,2026-05-12T02:00:00,new_data,RULE_MG_V0.1,2025-12-07T02:00:00,2026-05-12T02:00:00,completed
RUN00000997,USR001453,MINDGUARD,2026-04-12T19:00:00,new_data,RULE_MG_V0.1,2025-11-02T19:00:00,2026-04-12T19:00:00,completed
RUN00000998,USR001455,HEALTH_RESERVE,2026-08-23T12:00:00,new_data,RULE_HR_V0.1,2025-11-04T12:00:00,2026-08-23T12:00:00,completed
RUN00000999,USR001458,HEALTH_RESERVE,2026-07-12T03:00:00,new_data,RULE_HR_V0.1,2025-11-16T03:00:00,2026-07-12T03:00:00,completed
RUN00001000,USR001463,MINDGUARD,2026-04-22T19:00:00,new_data,RULE_MG_V0.1,2025-09-30T19:00:00,2026-04-22T19:00:00,completed
RUN00001001,USR001463,HEALTH_RESERVE,2026-01-12T15:00:00,new_data,RULE_HR_V0.1,2025-10-01T15:00:00,2026-01-12T15:00:00,completed
RUN00001002,USR001464,HEALTH_RESERVE,2026-05-05T04:00:00,new_data,RULE_HR_V0.1,2025-12-26T04:00:00,2026-05-05T04:00:00,completed
RUN00001003,USR001465,MINDGUARD,2026-06-11T01:00:00,new_data,RULE_MG_V0.1,2025-10-16T01:00:00,2026-06-11T01:00:00,completed
RUN00001004,USR001466,HEALTH_RESERVE,2026-03-10T15:00:00,new_data,RULE_HR_V0.1,2025-09-17T15:00:00,2026-03-10T15:00:00,completed
RUN00001005,USR001467,MINDGUARD,2026-05-04T05:00:00,new_data,RULE_MG_V0.1,2025-10-29T05:00:00,2026-05-04T05:00:00,completed
RUN00001006,USR001467,HEALTH_RESERVE,2026-03-15T05:00:00,new_data,RULE_HR_V0.1,2025-11-03T05:00:00,2026-03-15T05:00:00,completed
RUN00001007,USR001468,HEALTH_RESERVE,2026-05-02T01:00:00,new_data,RULE_HR_V0.1,2026-01-19T01:00:00,2026-05-02T01:00:00,completed
RUN00001008,USR001469,MINDGUARD,2026-06-29T07:00:00,new_data,RULE_MG_V0.1,2025-09-26T07:00:00,2026-06-29T07:00:00,completed
RUN00001009,USR001470,HEALTH_RESERVE,2026-05-01T22:00:00,new_data,RULE_HR_V0.1,2025-12-12T22:00:00,2026-05-01T22:00:00,completed
RUN00001010,USR001471,MINDGUARD,2026-01-04T13:00:00,new_data,RULE_MG_V0.1,2025-09-25T13:00:00,2026-01-04T13:00:00,completed
RUN00001011,USR001473,HEALTH_RESERVE,2026-09-14T12:00:00,new_data,RULE_HR_V0.1,2026-01-14T14:00:00,2026-09-14T12:00:00,completed
RUN00001012,USR001474,MINDGUARD,2026-04-12T00:00:00,new_data,RULE_MG_V0.1,2025-11-02T00:00:00,2026-04-12T00:00:00,completed
RUN00001013,USR001476,MINDGUARD,2026-08-07T15:00:00,new_data,RULE_MG_V0.1,2025-11-06T15:00:00,2026-08-07T15:00:00,completed
RUN00001014,USR001479,MINDGUARD,2026-06-29T04:00:00,new_data,RULE_MG_V0.1,2025-09-23T04:00:00,2026-06-29T04:00:00,completed
RUN00001015,USR001480,HEALTH_RESERVE,2026-04-26T15:00:00,new_data,RULE_HR_V0.1,2025-09-21T15:00:00,2026-04-26T15:00:00,completed
RUN00001016,USR001481,MINDGUARD,2026-03-13T15:00:00,new_data,RULE_MG_V0.1,2025-11-11T15:00:00,2026-03-13T15:00:00,completed
RUN00001017,USR001485,MINDGUARD,2026-01-21T17:00:00,new_data,RULE_MG_V0.1,2025-09-23T17:00:00,2026-01-21T17:00:00,completed
RUN00001018,USR001486,MINDGUARD,2026-09-14T12:00:00,new_data,RULE_MG_V0.1,2026-02-14T11:00:00,2026-09-14T12:00:00,completed
RUN00001019,USR001486,HEALTH_RESERVE,2026-09-14T12:00:00,new_data,RULE_HR_V0.1,2026-02-09T10:00:00,2026-09-14T12:00:00,completed
RUN00001020,USR001489,MINDGUARD,2026-08-04T17:00:00,new_data,RULE_MG_V0.1,2026-02-17T17:00:00,2026-08-04T17:00:00,completed
RUN00001021,USR001490,MINDGUARD,2026-03-26T06:00:00,new_data,RULE_MG_V0.1,2025-09-27T06:00:00,2026-03-26T06:00:00,completed
RUN00001022,USR001491,MINDGUARD,2026-03-07T05:00:00,new_data,RULE_MG_V0.1,2025-09-16T05:00:00,2026-03-07T05:00:00,completed
RUN00001023,USR001492,MINDGUARD,2026-05-31T17:00:00,new_data,RULE_MG_V0.1,2026-02-14T17:00:00,2026-05-31T17:00:00,completed
RUN00001024,USR001495,HEALTH_RESERVE,2026-09-14T12:00:00,new_data,RULE_HR_V0.1,2026-01-13T08:00:00,2026-09-14T12:00:00,completed
RUN00001025,USR001496,HEALTH_RESERVE,2026-06-06T10:00:00,new_data,RULE_HR_V0.1,2026-02-01T10:00:00,2026-06-06T10:00:00,completed
RUN00001026,USR001497,MINDGUARD,2026-08-10T15:00:00,new_data,RULE_MG_V0.1,2025-12-21T15:00:00,2026-08-10T15:00:00,completed
RUN00001027,USR001498,MINDGUARD,2026-09-14T12:00:00,new_data,RULE_MG_V0.1,2025-11-30T09:00:00,2026-09-14T12:00:00,completed
RUN00001028,USR001499,MINDGUARD,2026-05-07T03:00:00,new_data,RULE_MG_V0.1,2025-12-29T03:00:00,2026-05-07T03:00:00,completed
RUN00001029,USR001501,MINDGUARD,2026-04-07T23:00:00,new_data,RULE_MG_V0.1,2025-12-10T23:00:00,2026-04-07T23:00:00,completed
RUN00001030,USR001504,MINDGUARD,2026-07-01T01:00:00,new_data,RULE_MG_V0.1,2026-01-25T01:00:00,2026-07-01T01:00:00,completed
RUN00001031,USR001505,HEALTH_RESERVE,2026-06-05T22:00:00,new_data,RULE_HR_V0.1,2025-12-22T22:00:00,2026-06-05T22:00:00,completed
RUN00001032,USR001506,MINDGUARD,2026-04-23T02:00:00,new_data,RULE_MG_V0.1,2025-10-02T02:00:00,2026-04-23T02:00:00,completed
RUN00001033,USR001507,HEALTH_RESERVE,2026-07-09T23:00:00,new_data,RULE_HR_V0.1,2026-02-07T23:00:00,2026-07-09T23:00:00,completed
RUN00001034,USR001508,HEALTH_RESERVE,2026-08-20T19:00:00,new_data,RULE_HR_V0.1,2026-01-25T19:00:00,2026-08-20T19:00:00,completed
RUN00001035,USR001509,MINDGUARD,2026-05-19T09:00:00,new_data,RULE_MG_V0.1,2025-11-16T09:00:00,2026-05-19T09:00:00,completed
RUN00001036,USR001510,HEALTH_RESERVE,2026-05-08T09:00:00,new_data,RULE_HR_V0.1,2025-10-17T09:00:00,2026-05-08T09:00:00,completed
RUN00001037,USR001514,MINDGUARD,2026-09-11T07:00:00,new_data,RULE_MG_V0.1,2025-11-29T07:00:00,2026-09-11T07:00:00,completed
RUN00001038,USR001515,HEALTH_RESERVE,2026-06-13T16:00:00,new_data,RULE_HR_V0.1,2025-11-01T16:00:00,2026-06-13T16:00:00,completed
RUN00001039,USR001517,HEALTH_RESERVE,2026-03-28T05:00:00,new_data,RULE_HR_V0.1,2025-11-11T05:00:00,2026-03-28T05:00:00,completed
RUN00001040,USR001518,HEALTH_RESERVE,2026-03-18T12:00:00,new_data,RULE_HR_V0.1,2025-09-22T12:00:00,2026-03-18T12:00:00,completed
RUN00001041,USR001519,MINDGUARD,2026-08-30T04:00:00,new_data,RULE_MG_V0.1,2026-01-29T04:00:00,2026-08-30T04:00:00,completed
RUN00001042,USR001521,HEALTH_RESERVE,2026-03-11T18:00:00,new_data,RULE_HR_V0.1,2025-10-26T18:00:00,2026-03-11T18:00:00,completed
RUN00001043,USR001522,MINDGUARD,2026-07-06T11:00:00,new_data,RULE_MG_V0.1,2025-09-30T11:00:00,2026-07-06T11:00:00,completed
RUN00001044,USR001523,MINDGUARD,2026-08-13T20:00:00,new_data,RULE_MG_V0.1,2025-12-08T20:00:00,2026-08-13T20:00:00,completed
RUN00001045,USR001524,MINDGUARD,2026-09-02T06:00:00,new_data,RULE_MG_V0.1,2025-12-24T06:00:00,2026-09-02T06:00:00,completed
RUN00001046,USR001526,HEALTH_RESERVE,2026-02-11T16:00:00,new_data,RULE_HR_V0.1,2025-09-25T16:00:00,2026-02-11T16:00:00,completed
RUN00001047,USR001528,MINDGUARD,2026-06-07T22:00:00,new_data,RULE_MG_V0.1,2026-01-27T22:00:00,2026-06-07T22:00:00,completed
RUN00001048,USR001528,HEALTH_RESERVE,2026-06-09T01:00:00,new_data,RULE_HR_V0.1,2026-01-28T01:00:00,2026-06-09T01:00:00,completed
RUN00001049,USR001529,MINDGUARD,2026-08-06T03:00:00,new_data,RULE_MG_V0.1,2026-01-04T03:00:00,2026-08-06T03:00:00,completed
RUN00001050,USR001531,MINDGUARD,2026-06-03T12:00:00,new_data,RULE_MG_V0.1,2026-02-12T12:00:00,2026-06-03T12:00:00,completed
RUN00001051,USR001532,MINDGUARD,2026-08-02T19:00:00,new_data,RULE_MG_V0.1,2026-02-09T19:00:00,2026-08-02T19:00:00,completed
RUN00001052,USR001533,MINDGUARD,2026-03-22T19:00:00,new_data,RULE_MG_V0.1,2025-10-22T19:00:00,2026-03-22T19:00:00,completed
RUN00001053,USR001535,HEALTH_RESERVE,2026-05-08T20:00:00,new_data,RULE_HR_V0.1,2026-01-04T20:00:00,2026-05-08T20:00:00,completed
RUN00001054,USR001536,HEALTH_RESERVE,2026-08-14T16:00:00,new_data,RULE_HR_V0.1,2026-01-28T16:00:00,2026-08-14T16:00:00,completed
RUN00001055,USR001537,HEALTH_RESERVE,2026-05-21T16:00:00,new_data,RULE_HR_V0.1,2025-11-26T16:00:00,2026-05-21T16:00:00,completed
RUN00001056,USR001538,MINDGUARD,2026-07-15T23:00:00,new_data,RULE_MG_V0.1,2025-10-30T23:00:00,2026-07-15T23:00:00,completed
RUN00001057,USR001539,MINDGUARD,2026-05-17T23:00:00,new_data,RULE_MG_V0.1,2025-10-27T23:00:00,2026-05-17T23:00:00,completed
RUN00001058,USR001540,MINDGUARD,2026-09-14T12:00:00,new_data,RULE_MG_V0.1,2026-02-16T19:00:00,2026-09-14T12:00:00,completed
RUN00001059,USR001543,MINDGUARD,2026-07-05T13:00:00,new_data,RULE_MG_V0.1,2025-12-05T13:00:00,2026-07-05T13:00:00,completed
RUN00001060,USR001543,HEALTH_RESERVE,2026-06-20T05:00:00,new_data,RULE_HR_V0.1,2025-12-13T05:00:00,2026-06-20T05:00:00,completed
RUN00001061,USR001544,MINDGUARD,2026-03-23T20:00:00,new_data,RULE_MG_V0.1,2025-09-24T20:00:00,2026-03-23T20:00:00,completed
RUN00001062,USR001545,MINDGUARD,2026-05-22T02:00:00,new_data,RULE_MG_V0.1,2025-10-08T02:00:00,2026-05-22T02:00:00,completed
RUN00001063,USR001547,HEALTH_RESERVE,2026-08-22T11:00:00,new_data,RULE_HR_V0.1,2025-11-20T11:00:00,2026-08-22T11:00:00,completed
RUN00001064,USR001550,MINDGUARD,2026-05-25T03:00:00,new_data,RULE_MG_V0.1,2025-10-26T03:00:00,2026-05-25T03:00:00,completed
RUN00001065,USR001551,MINDGUARD,2026-04-20T17:00:00,new_data,RULE_MG_V0.1,2025-11-29T17:00:00,2026-04-20T17:00:00,completed
RUN00001066,USR001553,HEALTH_RESERVE,2026-06-03T10:00:00,new_data,RULE_HR_V0.1,2025-10-31T10:00:00,2026-06-03T10:00:00,completed
RUN00001067,USR001554,MINDGUARD,2026-05-27T19:00:00,new_data,RULE_MG_V0.1,2026-02-02T19:00:00,2026-05-27T19:00:00,completed
RUN00001068,USR001556,MINDGUARD,2026-08-15T23:00:00,new_data,RULE_MG_V0.1,2025-10-21T23:00:00,2026-08-15T23:00:00,completed
RUN00001069,USR001559,HEALTH_RESERVE,2026-08-10T07:00:00,new_data,RULE_HR_V0.1,2025-11-13T07:00:00,2026-08-10T07:00:00,completed
RUN00001070,USR001560,MINDGUARD,2026-03-17T23:00:00,new_data,RULE_MG_V0.1,2025-09-29T23:00:00,2026-03-17T23:00:00,completed
RUN00001071,USR001561,MINDGUARD,2026-08-06T01:00:00,new_data,RULE_MG_V0.1,2025-12-25T01:00:00,2026-08-06T01:00:00,completed
RUN00001072,USR001563,MINDGUARD,2026-09-14T12:00:00,new_data,RULE_MG_V0.1,2025-12-28T14:00:00,2026-09-14T12:00:00,completed
RUN00001073,USR001567,MINDGUARD,2026-05-03T14:00:00,new_data,RULE_MG_V0.1,2025-10-04T14:00:00,2026-05-03T14:00:00,completed
RUN00001074,USR001567,HEALTH_RESERVE,2026-07-17T14:00:00,new_data,RULE_HR_V0.1,2025-10-14T14:00:00,2026-07-17T14:00:00,completed
RUN00001075,USR001568,MINDGUARD,2026-09-08T11:00:00,new_data,RULE_MG_V0.1,2025-12-29T11:00:00,2026-09-08T11:00:00,completed
RUN00001076,USR001568,HEALTH_RESERVE,2026-04-07T05:00:00,new_data,RULE_HR_V0.1,2026-01-07T05:00:00,2026-04-07T05:00:00,completed
RUN00001077,USR001569,MINDGUARD,2026-03-03T01:00:00,new_data,RULE_MG_V0.1,2025-11-23T01:00:00,2026-03-03T01:00:00,completed
RUN00001078,USR001571,MINDGUARD,2026-08-18T02:00:00,new_data,RULE_MG_V0.1,2025-11-03T02:00:00,2026-08-18T02:00:00,completed
RUN00001079,USR001571,HEALTH_RESERVE,2026-06-04T03:00:00,new_data,RULE_HR_V0.1,2025-11-06T03:00:00,2026-06-04T03:00:00,completed
RUN00001080,USR001573,MINDGUARD,2026-03-20T09:00:00,new_data,RULE_MG_V0.1,2025-11-01T09:00:00,2026-03-20T09:00:00,completed
RUN00001081,USR001574,MINDGUARD,2026-02-01T00:00:00,new_data,RULE_MG_V0.1,2025-09-22T00:00:00,2026-02-01T00:00:00,completed
RUN00001082,USR001575,HEALTH_RESERVE,2026-09-06T09:00:00,new_data,RULE_HR_V0.1,2026-01-09T09:00:00,2026-09-06T09:00:00,completed
RUN00001083,USR001576,MINDGUARD,2026-06-23T07:00:00,new_data,RULE_MG_V0.1,2025-11-30T07:00:00,2026-06-23T07:00:00,completed
RUN00001084,USR001577,HEALTH_RESERVE,2026-04-29T05:00:00,new_data,RULE_HR_V0.1,2025-11-24T05:00:00,2026-04-29T05:00:00,completed
RUN00001085,USR001578,HEALTH_RESERVE,2026-04-04T18:00:00,new_data,RULE_HR_V0.1,2025-12-29T18:00:00,2026-04-04T18:00:00,completed
RUN00001086,USR001579,MINDGUARD,2026-03-03T20:00:00,new_data,RULE_MG_V0.1,2025-10-02T20:00:00,2026-03-03T20:00:00,completed
RUN00001087,USR001580,HEALTH_RESERVE,2026-01-16T14:00:00,new_data,RULE_HR_V0.1,2025-10-15T14:00:00,2026-01-16T14:00:00,completed
RUN00001088,USR001584,MINDGUARD,2026-02-11T06:00:00,new_data,RULE_MG_V0.1,2025-11-11T06:00:00,2026-02-11T06:00:00,completed
RUN00001089,USR001585,MINDGUARD,2026-07-04T04:00:00,new_data,RULE_MG_V0.1,2025-10-05T04:00:00,2026-07-04T04:00:00,completed
RUN00001090,USR001589,HEALTH_RESERVE,2026-06-13T14:00:00,new_data,RULE_HR_V0.1,2025-10-07T14:00:00,2026-06-13T14:00:00,completed
RUN00001091,USR001591,MINDGUARD,2026-03-23T05:00:00,new_data,RULE_MG_V0.1,2025-10-23T05:00:00,2026-03-23T05:00:00,completed
RUN00001092,USR001592,MINDGUARD,2026-07-30T03:00:00,new_data,RULE_MG_V0.1,2025-12-12T03:00:00,2026-07-30T03:00:00,completed
RUN00001093,USR001595,HEALTH_RESERVE,2026-05-10T13:00:00,new_data,RULE_HR_V0.1,2025-10-20T13:00:00,2026-05-10T13:00:00,completed
RUN00001094,USR001601,MINDGUARD,2026-05-18T00:00:00,new_data,RULE_MG_V0.1,2026-02-08T00:00:00,2026-05-18T00:00:00,completed
RUN00001095,USR001602,HEALTH_RESERVE,2026-08-22T03:00:00,new_data,RULE_HR_V0.1,2026-02-13T03:00:00,2026-08-22T03:00:00,completed
RUN00001096,USR001605,MINDGUARD,2026-07-06T19:00:00,new_data,RULE_MG_V0.1,2025-10-27T19:00:00,2026-07-06T19:00:00,completed
RUN00001097,USR001606,HEALTH_RESERVE,2026-03-10T08:00:00,new_data,RULE_HR_V0.1,2025-10-09T08:00:00,2026-03-10T08:00:00,completed
RUN00001098,USR001607,MINDGUARD,2026-08-17T22:00:00,new_data,RULE_MG_V0.1,2025-11-22T22:00:00,2026-08-17T22:00:00,completed
RUN00001099,USR001607,HEALTH_RESERVE,2026-06-22T19:00:00,new_data,RULE_HR_V0.1,2025-11-18T19:00:00,2026-06-22T19:00:00,completed
RUN00001100,USR001610,MINDGUARD,2026-09-11T19:00:00,new_data,RULE_MG_V0.1,2026-01-02T19:00:00,2026-09-11T19:00:00,completed
RUN00001101,USR001612,MINDGUARD,2026-07-25T04:00:00,new_data,RULE_MG_V0.1,2025-11-19T04:00:00,2026-07-25T04:00:00,completed
RUN00001102,USR001615,MINDGUARD,2026-05-10T03:00:00,new_data,RULE_MG_V0.1,2025-10-23T03:00:00,2026-05-10T03:00:00,completed
RUN00001103,USR001616,HEALTH_RESERVE,2026-09-02T18:00:00,new_data,RULE_HR_V0.1,2026-02-12T18:00:00,2026-09-02T18:00:00,completed
RUN00001104,USR001618,HEALTH_RESERVE,2026-07-01T00:00:00,new_data,RULE_HR_V0.1,2025-12-20T00:00:00,2026-07-01T00:00:00,completed
RUN00001105,USR001619,MINDGUARD,2026-05-13T03:00:00,new_data,RULE_MG_V0.1,2025-10-13T03:00:00,2026-05-13T03:00:00,completed
RUN00001106,USR001620,MINDGUARD,2026-04-01T23:00:00,new_data,RULE_MG_V0.1,2025-09-29T23:00:00,2026-04-01T23:00:00,completed
RUN00001107,USR001624,MINDGUARD,2026-06-03T16:00:00,new_data,RULE_MG_V0.1,2025-09-29T16:00:00,2026-06-03T16:00:00,completed
RUN00001108,USR001627,MINDGUARD,2026-09-14T12:00:00,new_data,RULE_MG_V0.1,2026-01-05T23:00:00,2026-09-14T12:00:00,completed
RUN00001109,USR001628,MINDGUARD,2026-05-27T22:00:00,new_data,RULE_MG_V0.1,2025-10-20T22:00:00,2026-05-27T22:00:00,completed
RUN00001110,USR001629,HEALTH_RESERVE,2026-06-15T20:00:00,new_data,RULE_HR_V0.1,2026-01-21T20:00:00,2026-06-15T20:00:00,completed
RUN00001111,USR001630,MINDGUARD,2026-05-19T01:00:00,new_data,RULE_MG_V0.1,2025-10-31T01:00:00,2026-05-19T01:00:00,completed
RUN00001112,USR001633,MINDGUARD,2026-05-05T08:00:00,new_data,RULE_MG_V0.1,2025-11-30T08:00:00,2026-05-05T08:00:00,completed
RUN00001113,USR001634,MINDGUARD,2026-09-14T12:00:00,new_data,RULE_MG_V0.1,2025-12-17T16:00:00,2026-09-14T12:00:00,completed
RUN00001114,USR001635,MINDGUARD,2026-05-24T20:00:00,new_data,RULE_MG_V0.1,2025-09-24T20:00:00,2026-05-24T20:00:00,completed
RUN00001115,USR001640,MINDGUARD,2026-09-14T12:00:00,new_data,RULE_MG_V0.1,2026-01-23T12:00:00,2026-09-14T12:00:00,completed
RUN00001116,USR001641,MINDGUARD,2026-04-03T14:00:00,new_data,RULE_MG_V0.1,2025-12-09T14:00:00,2026-04-03T14:00:00,completed
RUN00001117,USR001641,HEALTH_RESERVE,2026-07-07T08:00:00,new_data,RULE_HR_V0.1,2025-12-11T08:00:00,2026-07-07T08:00:00,completed
RUN00001118,USR001644,HEALTH_RESERVE,2026-02-05T10:00:00,new_data,RULE_HR_V0.1,2025-10-25T10:00:00,2026-02-05T10:00:00,completed
RUN00001119,USR001645,MINDGUARD,2026-06-21T03:00:00,new_data,RULE_MG_V0.1,2025-12-26T03:00:00,2026-06-21T03:00:00,completed
RUN00001120,USR001646,MINDGUARD,2026-05-06T09:00:00,new_data,RULE_MG_V0.1,2026-01-15T09:00:00,2026-05-06T09:00:00,completed
RUN00001121,USR001648,HEALTH_RESERVE,2026-03-01T11:00:00,new_data,RULE_HR_V0.1,2025-11-22T11:00:00,2026-03-01T11:00:00,completed
RUN00001122,USR001649,MINDGUARD,2026-09-14T12:00:00,new_data,RULE_MG_V0.1,2026-01-13T06:00:00,2026-09-14T12:00:00,completed
RUN00001123,USR001650,MINDGUARD,2026-04-04T15:00:00,new_data,RULE_MG_V0.1,2025-12-29T15:00:00,2026-04-04T15:00:00,completed
RUN00001124,USR001650,HEALTH_RESERVE,2026-07-29T12:00:00,new_data,RULE_HR_V0.1,2026-01-01T12:00:00,2026-07-29T12:00:00,completed
RUN00001125,USR001651,MINDGUARD,2026-06-23T09:00:00,new_data,RULE_MG_V0.1,2026-02-09T09:00:00,2026-06-23T09:00:00,completed
RUN00001126,USR001652,MINDGUARD,2026-05-06T23:00:00,new_data,RULE_MG_V0.1,2025-10-23T23:00:00,2026-05-06T23:00:00,completed
RUN00001127,USR001652,HEALTH_RESERVE,2026-04-04T21:00:00,new_data,RULE_HR_V0.1,2025-10-26T21:00:00,2026-04-04T21:00:00,completed
RUN00001128,USR001653,HEALTH_RESERVE,2026-07-22T10:00:00,new_data,RULE_HR_V0.1,2026-02-16T10:00:00,2026-07-22T10:00:00,completed
RUN00001129,USR001654,MINDGUARD,2026-05-14T16:00:00,new_data,RULE_MG_V0.1,2025-12-30T16:00:00,2026-05-14T16:00:00,completed
RUN00001130,USR001655,HEALTH_RESERVE,2026-07-27T00:00:00,new_data,RULE_HR_V0.1,2026-02-17T00:00:00,2026-07-27T00:00:00,completed
RUN00001131,USR001656,MINDGUARD,2026-09-14T12:00:00,new_data,RULE_MG_V0.1,2025-12-14T06:00:00,2026-09-14T12:00:00,completed
RUN00001132,USR001657,MINDGUARD,2026-06-08T04:00:00,new_data,RULE_MG_V0.1,2025-10-04T04:00:00,2026-06-08T04:00:00,completed
RUN00001133,USR001659,MINDGUARD,2026-06-03T14:00:00,new_data,RULE_MG_V0.1,2026-01-30T14:00:00,2026-06-03T14:00:00,completed
RUN00001134,USR001661,MINDGUARD,2026-09-14T12:00:00,new_data,RULE_MG_V0.1,2026-02-22T07:00:00,2026-09-14T12:00:00,completed
RUN00001135,USR001662,HEALTH_RESERVE,2026-05-16T22:00:00,new_data,RULE_HR_V0.1,2025-12-04T22:00:00,2026-05-16T22:00:00,completed
RUN00001136,USR001663,MINDGUARD,2026-03-11T08:00:00,new_data,RULE_MG_V0.1,2025-12-10T08:00:00,2026-03-11T08:00:00,completed
RUN00001137,USR001664,MINDGUARD,2026-07-09T12:00:00,new_data,RULE_MG_V0.1,2026-02-02T12:00:00,2026-07-09T12:00:00,completed
RUN00001138,USR001664,HEALTH_RESERVE,2026-06-11T04:00:00,new_data,RULE_HR_V0.1,2026-02-07T04:00:00,2026-06-11T04:00:00,completed
RUN00001139,USR001666,MINDGUARD,2026-09-14T12:00:00,new_data,RULE_MG_V0.1,2026-01-22T18:00:00,2026-09-14T12:00:00,completed
RUN00001140,USR001668,MINDGUARD,2026-05-30T03:00:00,new_data,RULE_MG_V0.1,2025-10-06T03:00:00,2026-05-30T03:00:00,completed
RUN00001141,USR001670,MINDGUARD,2026-06-20T22:00:00,new_data,RULE_MG_V0.1,2025-11-21T22:00:00,2026-06-20T22:00:00,completed
RUN00001142,USR001671,MINDGUARD,2026-06-22T03:00:00,new_data,RULE_MG_V0.1,2025-11-27T03:00:00,2026-06-22T03:00:00,completed
RUN00001143,USR001672,MINDGUARD,2026-04-27T14:00:00,new_data,RULE_MG_V0.1,2025-11-21T14:00:00,2026-04-27T14:00:00,completed
RUN00001144,USR001673,MINDGUARD,2026-09-14T12:00:00,new_data,RULE_MG_V0.1,2026-02-19T16:00:00,2026-09-14T12:00:00,completed
RUN00001145,USR001675,MINDGUARD,2026-06-13T18:00:00,new_data,RULE_MG_V0.1,2025-12-07T18:00:00,2026-06-13T18:00:00,completed
RUN00001146,USR001676,MINDGUARD,2026-07-08T09:00:00,new_data,RULE_MG_V0.1,2025-11-01T09:00:00,2026-07-08T09:00:00,completed
RUN00001147,USR001679,MINDGUARD,2026-09-14T12:00:00,new_data,RULE_MG_V0.1,2026-02-03T03:00:00,2026-09-14T12:00:00,completed
RUN00001148,USR001680,HEALTH_RESERVE,2026-03-16T15:00:00,new_data,RULE_HR_V0.1,2025-09-18T15:00:00,2026-03-16T15:00:00,completed
RUN00001149,USR001683,MINDGUARD,2026-07-07T15:00:00,new_data,RULE_MG_V0.1,2025-11-10T15:00:00,2026-07-07T15:00:00,completed
RUN00001150,USR001684,MINDGUARD,2026-06-12T19:00:00,new_data,RULE_MG_V0.1,2026-02-02T19:00:00,2026-06-12T19:00:00,completed
RUN00001151,USR001684,HEALTH_RESERVE,2026-09-14T12:00:00,new_data,RULE_HR_V0.1,2026-02-03T16:00:00,2026-09-14T12:00:00,completed
RUN00001152,USR001685,MINDGUARD,2026-03-19T06:00:00,new_data,RULE_MG_V0.1,2025-12-10T06:00:00,2026-03-19T06:00:00,completed
RUN00001153,USR001686,MINDGUARD,2026-05-18T10:00:00,new_data,RULE_MG_V0.1,2026-01-12T10:00:00,2026-05-18T10:00:00,completed
RUN00001154,USR001688,MINDGUARD,2026-03-18T10:00:00,new_data,RULE_MG_V0.1,2025-10-31T10:00:00,2026-03-18T10:00:00,completed
RUN00001155,USR001689,MINDGUARD,2026-09-14T12:00:00,new_data,RULE_MG_V0.1,2026-02-11T23:00:00,2026-09-14T12:00:00,completed
RUN00001156,USR001692,MINDGUARD,2026-08-18T13:00:00,new_data,RULE_MG_V0.1,2025-12-24T13:00:00,2026-08-18T13:00:00,completed
RUN00001157,USR001693,MINDGUARD,2026-08-11T07:00:00,new_data,RULE_MG_V0.1,2025-10-27T07:00:00,2026-08-11T07:00:00,completed
RUN00001158,USR001693,HEALTH_RESERVE,2026-04-06T15:00:00,new_data,RULE_HR_V0.1,2025-10-26T15:00:00,2026-04-06T15:00:00,completed
RUN00001159,USR001694,HEALTH_RESERVE,2026-02-23T04:00:00,new_data,RULE_HR_V0.1,2025-11-20T04:00:00,2026-02-23T04:00:00,completed
RUN00001160,USR001697,HEALTH_RESERVE,2026-08-26T12:00:00,new_data,RULE_HR_V0.1,2025-12-12T12:00:00,2026-08-26T12:00:00,completed
RUN00001161,USR001699,HEALTH_RESERVE,2026-05-26T11:00:00,new_data,RULE_HR_V0.1,2026-01-23T11:00:00,2026-05-26T11:00:00,completed
RUN00001162,USR001701,MINDGUARD,2026-02-04T00:00:00,new_data,RULE_MG_V0.1,2025-10-19T00:00:00,2026-02-04T00:00:00,completed
RUN00001163,USR001702,MINDGUARD,2026-06-01T05:00:00,new_data,RULE_MG_V0.1,2025-11-16T05:00:00,2026-06-01T05:00:00,completed
RUN00001164,USR001706,MINDGUARD,2026-02-15T06:00:00,new_data,RULE_MG_V0.1,2025-11-03T06:00:00,2026-02-15T06:00:00,completed
RUN00001165,USR001707,HEALTH_RESERVE,2026-04-25T04:00:00,new_data,RULE_HR_V0.1,2025-12-01T04:00:00,2026-04-25T04:00:00,completed
RUN00001166,USR001708,MINDGUARD,2026-07-12T05:00:00,new_data,RULE_MG_V0.1,2026-01-28T05:00:00,2026-07-12T05:00:00,completed
RUN00001167,USR001709,MINDGUARD,2026-07-05T11:00:00,new_data,RULE_MG_V0.1,2025-12-26T11:00:00,2026-07-05T11:00:00,completed
RUN00001168,USR001710,MINDGUARD,2026-02-14T13:00:00,new_data,RULE_MG_V0.1,2025-10-13T13:00:00,2026-02-14T13:00:00,completed
RUN00001169,USR001712,MINDGUARD,2026-08-14T19:00:00,new_data,RULE_MG_V0.1,2025-12-08T19:00:00,2026-08-14T19:00:00,completed
RUN00001170,USR001714,HEALTH_RESERVE,2026-04-21T16:00:00,new_data,RULE_HR_V0.1,2025-12-07T16:00:00,2026-04-21T16:00:00,completed
RUN00001171,USR001715,MINDGUARD,2026-09-14T12:00:00,new_data,RULE_MG_V0.1,2026-01-25T03:00:00,2026-09-14T12:00:00,completed
RUN00001172,USR001716,MINDGUARD,2026-09-14T12:00:00,new_data,RULE_MG_V0.1,2026-01-26T08:00:00,2026-09-14T12:00:00,completed
RUN00001173,USR001717,MINDGUARD,2026-07-08T11:00:00,new_data,RULE_MG_V0.1,2025-11-11T11:00:00,2026-07-08T11:00:00,completed
RUN00001174,USR001718,MINDGUARD,2026-08-31T18:00:00,new_data,RULE_MG_V0.1,2025-12-02T18:00:00,2026-08-31T18:00:00,completed
RUN00001175,USR001720,HEALTH_RESERVE,2026-09-14T12:00:00,new_data,RULE_HR_V0.1,2026-02-22T15:00:00,2026-09-14T12:00:00,completed
RUN00001176,USR001721,HEALTH_RESERVE,2026-07-11T10:00:00,new_data,RULE_HR_V0.1,2025-10-11T10:00:00,2026-07-11T10:00:00,completed
RUN00001177,USR001722,MINDGUARD,2026-07-29T12:00:00,new_data,RULE_MG_V0.1,2025-11-08T12:00:00,2026-07-29T12:00:00,completed
RUN00001178,USR001724,MINDGUARD,2026-04-04T07:00:00,new_data,RULE_MG_V0.1,2025-10-07T07:00:00,2026-04-04T07:00:00,completed
RUN00001179,USR001724,HEALTH_RESERVE,2026-03-31T07:00:00,new_data,RULE_HR_V0.1,2025-09-27T07:00:00,2026-03-31T07:00:00,completed
RUN00001180,USR001725,MINDGUARD,2026-06-16T08:00:00,new_data,RULE_MG_V0.1,2025-12-27T08:00:00,2026-06-16T08:00:00,completed
RUN00001181,USR001726,MINDGUARD,2026-03-23T19:00:00,new_data,RULE_MG_V0.1,2025-11-25T19:00:00,2026-03-23T19:00:00,completed
RUN00001182,USR001728,MINDGUARD,2026-03-16T10:00:00,new_data,RULE_MG_V0.1,2025-10-11T10:00:00,2026-03-16T10:00:00,completed
RUN00001183,USR001729,HEALTH_RESERVE,2026-08-23T13:00:00,new_data,RULE_HR_V0.1,2025-11-19T13:00:00,2026-08-23T13:00:00,completed
RUN00001184,USR001730,HEALTH_RESERVE,2026-06-23T01:00:00,new_data,RULE_HR_V0.1,2026-01-06T01:00:00,2026-06-23T01:00:00,completed
RUN00001185,USR001733,MINDGUARD,2026-09-14T12:00:00,new_data,RULE_MG_V0.1,2025-12-31T19:00:00,2026-09-14T12:00:00,completed
RUN00001186,USR001735,HEALTH_RESERVE,2026-05-31T00:00:00,new_data,RULE_HR_V0.1,2025-12-15T00:00:00,2026-05-31T00:00:00,completed
RUN00001187,USR001736,HEALTH_RESERVE,2026-06-04T09:00:00,new_data,RULE_HR_V0.1,2025-11-16T09:00:00,2026-06-04T09:00:00,completed
RUN00001188,USR001739,MINDGUARD,2026-09-14T12:00:00,new_data,RULE_MG_V0.1,2026-02-10T19:00:00,2026-09-14T12:00:00,completed
RUN00001189,USR001739,HEALTH_RESERVE,2026-06-28T17:00:00,new_data,RULE_HR_V0.1,2026-02-10T17:00:00,2026-06-28T17:00:00,completed
RUN00001190,USR001741,MINDGUARD,2026-05-15T13:00:00,new_data,RULE_MG_V0.1,2026-01-14T13:00:00,2026-05-15T13:00:00,completed
RUN00001191,USR001743,HEALTH_RESERVE,2026-09-14T12:00:00,new_data,RULE_HR_V0.1,2025-12-19T10:00:00,2026-09-14T12:00:00,completed
RUN00001192,USR001744,MINDGUARD,2026-02-06T14:00:00,new_data,RULE_MG_V0.1,2025-09-28T14:00:00,2026-02-06T14:00:00,completed
RUN00001193,USR001746,MINDGUARD,2026-03-22T07:00:00,new_data,RULE_MG_V0.1,2025-10-17T07:00:00,2026-03-22T07:00:00,completed
RUN00001194,USR001747,HEALTH_RESERVE,2026-05-01T14:00:00,new_data,RULE_HR_V0.1,2025-11-09T14:00:00,2026-05-01T14:00:00,completed
RUN00001195,USR001748,MINDGUARD,2026-08-22T23:00:00,new_data,RULE_MG_V0.1,2026-02-19T23:00:00,2026-08-22T23:00:00,completed
RUN00001196,USR001749,MINDGUARD,2026-09-14T12:00:00,new_data,RULE_MG_V0.1,2025-12-12T10:00:00,2026-09-14T12:00:00,completed
RUN00001197,USR001750,MINDGUARD,2026-06-15T19:00:00,new_data,RULE_MG_V0.1,2025-12-08T19:00:00,2026-06-15T19:00:00,completed
RUN00001198,USR001757,MINDGUARD,2026-01-09T09:00:00,new_data,RULE_MG_V0.1,2025-09-28T09:00:00,2026-01-09T09:00:00,completed
RUN00001199,USR001758,MINDGUARD,2026-05-05T20:00:00,new_data,RULE_MG_V0.1,2025-10-08T20:00:00,2026-05-05T20:00:00,completed
RUN00001200,USR001760,MINDGUARD,2026-05-29T20:00:00,new_data,RULE_MG_V0.1,2025-12-19T20:00:00,2026-05-29T20:00:00,completed
RUN00001201,USR001760,HEALTH_RESERVE,2026-05-31T20:00:00,new_data,RULE_HR_V0.1,2025-12-14T20:00:00,2026-05-31T20:00:00,completed
RUN00001202,USR001761,MINDGUARD,2026-09-14T12:00:00,new_data,RULE_MG_V0.1,2026-02-10T12:00:00,2026-09-14T12:00:00,completed
RUN00001203,USR001762,HEALTH_RESERVE,2026-06-03T03:00:00,new_data,RULE_HR_V0.1,2026-01-13T03:00:00,2026-06-03T03:00:00,completed
RUN00001204,USR001764,MINDGUARD,2026-03-01T03:00:00,new_data,RULE_MG_V0.1,2025-10-17T03:00:00,2026-03-01T03:00:00,completed
RUN00001205,USR001765,MINDGUARD,2026-03-29T20:00:00,new_data,RULE_MG_V0.1,2025-11-01T20:00:00,2026-03-29T20:00:00,completed
RUN00001206,USR001766,HEALTH_RESERVE,2026-03-25T23:00:00,new_data,RULE_HR_V0.1,2025-10-02T23:00:00,2026-03-25T23:00:00,completed
RUN00001207,USR001768,MINDGUARD,2026-07-16T03:00:00,new_data,RULE_MG_V0.1,2025-12-17T03:00:00,2026-07-16T03:00:00,completed
RUN00001208,USR001771,MINDGUARD,2026-05-27T17:00:00,new_data,RULE_MG_V0.1,2025-09-29T17:00:00,2026-05-27T17:00:00,completed
RUN00001209,USR001772,MINDGUARD,2026-08-06T19:00:00,new_data,RULE_MG_V0.1,2025-11-25T19:00:00,2026-08-06T19:00:00,completed
RUN00001210,USR001774,MINDGUARD,2026-05-28T04:00:00,new_data,RULE_MG_V0.1,2025-10-04T04:00:00,2026-05-28T04:00:00,completed
RUN00001211,USR001775,MINDGUARD,2026-05-14T15:00:00,new_data,RULE_MG_V0.1,2025-12-30T15:00:00,2026-05-14T15:00:00,completed
RUN00001212,USR001775,HEALTH_RESERVE,2026-08-30T10:00:00,new_data,RULE_HR_V0.1,2026-01-05T10:00:00,2026-08-30T10:00:00,completed
RUN00001213,USR001776,MINDGUARD,2026-05-27T10:00:00,new_data,RULE_MG_V0.1,2025-12-07T10:00:00,2026-05-27T10:00:00,completed
RUN00001214,USR001777,HEALTH_RESERVE,2026-03-09T02:00:00,new_data,RULE_HR_V0.1,2025-10-06T02:00:00,2026-03-09T02:00:00,completed
RUN00001215,USR001778,MINDGUARD,2026-09-14T12:00:00,new_data,RULE_MG_V0.1,2026-02-09T07:00:00,2026-09-14T12:00:00,completed
RUN00001216,USR001781,MINDGUARD,2026-08-10T02:00:00,new_data,RULE_MG_V0.1,2025-11-12T02:00:00,2026-08-10T02:00:00,completed
RUN00001217,USR001782,HEALTH_RESERVE,2026-03-16T15:00:00,new_data,RULE_HR_V0.1,2025-11-11T15:00:00,2026-03-16T15:00:00,completed
RUN00001218,USR001783,MINDGUARD,2026-07-16T06:00:00,new_data,RULE_MG_V0.1,2025-11-22T06:00:00,2026-07-16T06:00:00,completed
RUN00001219,USR001784,MINDGUARD,2026-08-10T21:00:00,new_data,RULE_MG_V0.1,2025-10-23T21:00:00,2026-08-10T21:00:00,completed
RUN00001220,USR001787,MINDGUARD,2026-08-18T01:00:00,new_data,RULE_MG_V0.1,2026-01-03T01:00:00,2026-08-18T01:00:00,completed
RUN00001221,USR001787,HEALTH_RESERVE,2026-09-08T06:00:00,new_data,RULE_HR_V0.1,2025-12-30T06:00:00,2026-09-08T06:00:00,completed
RUN00001222,USR001789,MINDGUARD,2026-03-11T16:00:00,new_data,RULE_MG_V0.1,2025-11-05T16:00:00,2026-03-11T16:00:00,completed
RUN00001223,USR001792,MINDGUARD,2026-05-01T20:00:00,new_data,RULE_MG_V0.1,2025-11-11T20:00:00,2026-05-01T20:00:00,completed
RUN00001224,USR001795,HEALTH_RESERVE,2026-05-20T08:00:00,new_data,RULE_HR_V0.1,2025-12-09T08:00:00,2026-05-20T08:00:00,completed
RUN00001225,USR001797,HEALTH_RESERVE,2026-06-22T13:00:00,new_data,RULE_HR_V0.1,2025-10-10T13:00:00,2026-06-22T13:00:00,completed
RUN00001226,USR001798,MINDGUARD,2026-04-06T09:00:00,new_data,RULE_MG_V0.1,2025-11-16T09:00:00,2026-04-06T09:00:00,completed
RUN00001227,USR001798,HEALTH_RESERVE,2026-05-24T03:00:00,new_data,RULE_HR_V0.1,2025-11-13T03:00:00,2026-05-24T03:00:00,completed
RUN00001228,USR001799,MINDGUARD,2026-07-06T18:00:00,new_data,RULE_MG_V0.1,2025-12-25T18:00:00,2026-07-06T18:00:00,completed
RUN00001229,USR001803,MINDGUARD,2026-06-28T00:00:00,new_data,RULE_MG_V0.1,2026-01-02T00:00:00,2026-06-28T00:00:00,completed
RUN00001230,USR001804,MINDGUARD,2026-03-13T06:00:00,new_data,RULE_MG_V0.1,2025-10-13T06:00:00,2026-03-13T06:00:00,completed
RUN00001231,USR001805,MINDGUARD,2026-07-28T03:00:00,new_data,RULE_MG_V0.1,2026-01-27T03:00:00,2026-07-28T03:00:00,completed
RUN00001232,USR001806,HEALTH_RESERVE,2026-08-06T11:00:00,new_data,RULE_HR_V0.1,2026-01-21T11:00:00,2026-08-06T11:00:00,completed
RUN00001233,USR001807,MINDGUARD,2026-06-19T10:00:00,new_data,RULE_MG_V0.1,2025-11-17T10:00:00,2026-06-19T10:00:00,completed
RUN00001234,USR001809,HEALTH_RESERVE,2026-09-05T12:00:00,new_data,RULE_HR_V0.1,2025-12-12T12:00:00,2026-09-05T12:00:00,completed
RUN00001235,USR001810,HEALTH_RESERVE,2026-06-05T21:00:00,new_data,RULE_HR_V0.1,2026-02-06T21:00:00,2026-06-05T21:00:00,completed
RUN00001236,USR001811,MINDGUARD,2026-09-09T02:00:00,new_data,RULE_MG_V0.1,2025-11-28T02:00:00,2026-09-09T02:00:00,completed
RUN00001237,USR001812,MINDGUARD,2026-05-22T11:00:00,new_data,RULE_MG_V0.1,2025-12-18T11:00:00,2026-05-22T11:00:00,completed
RUN00001238,USR001812,HEALTH_RESERVE,2026-09-14T12:00:00,new_data,RULE_HR_V0.1,2025-12-26T03:00:00,2026-09-14T12:00:00,completed
RUN00001239,USR001813,MINDGUARD,2026-08-25T22:00:00,new_data,RULE_MG_V0.1,2025-12-14T22:00:00,2026-08-25T22:00:00,completed
RUN00001240,USR001814,MINDGUARD,2026-05-07T00:00:00,new_data,RULE_MG_V0.1,2025-10-25T00:00:00,2026-05-07T00:00:00,completed
RUN00001241,USR001815,MINDGUARD,2026-09-14T12:00:00,new_data,RULE_MG_V0.1,2026-02-10T05:00:00,2026-09-14T12:00:00,completed
RUN00001242,USR001818,MINDGUARD,2026-06-30T19:00:00,new_data,RULE_MG_V0.1,2026-02-09T19:00:00,2026-06-30T19:00:00,completed
RUN00001243,USR001820,HEALTH_RESERVE,2026-05-01T20:00:00,new_data,RULE_HR_V0.1,2025-12-18T20:00:00,2026-05-01T20:00:00,completed
RUN00001244,USR001825,MINDGUARD,2026-04-29T12:00:00,new_data,RULE_MG_V0.1,2025-10-10T12:00:00,2026-04-29T12:00:00,completed
RUN00001245,USR001827,HEALTH_RESERVE,2026-08-24T03:00:00,new_data,RULE_HR_V0.1,2025-10-30T03:00:00,2026-08-24T03:00:00,completed
RUN00001246,USR001828,MINDGUARD,2026-03-31T21:00:00,new_data,RULE_MG_V0.1,2025-12-15T21:00:00,2026-03-31T21:00:00,completed
RUN00001247,USR001831,HEALTH_RESERVE,2026-07-20T03:00:00,new_data,RULE_HR_V0.1,2025-09-25T03:00:00,2026-07-20T03:00:00,completed
RUN00001248,USR001832,MINDGUARD,2026-04-12T05:00:00,new_data,RULE_MG_V0.1,2025-12-08T05:00:00,2026-04-12T05:00:00,completed
RUN00001249,USR001833,HEALTH_RESERVE,2026-04-22T18:00:00,new_data,RULE_HR_V0.1,2026-01-14T18:00:00,2026-04-22T18:00:00,completed
RUN00001250,USR001834,MINDGUARD,2026-03-16T21:00:00,new_data,RULE_MG_V0.1,2025-11-11T21:00:00,2026-03-16T21:00:00,completed
RUN00001251,USR001835,MINDGUARD,2026-06-26T18:00:00,new_data,RULE_MG_V0.1,2025-09-21T18:00:00,2026-06-26T18:00:00,completed
RUN00001252,USR001837,MINDGUARD,2026-05-13T15:00:00,new_data,RULE_MG_V0.1,2026-01-17T15:00:00,2026-05-13T15:00:00,completed
RUN00001253,USR001839,HEALTH_RESERVE,2026-02-15T04:00:00,new_data,RULE_HR_V0.1,2025-10-19T04:00:00,2026-02-15T04:00:00,completed
RUN00001254,USR001841,HEALTH_RESERVE,2026-08-28T07:00:00,new_data,RULE_HR_V0.1,2025-12-20T07:00:00,2026-08-28T07:00:00,completed
RUN00001255,USR001842,MINDGUARD,2026-06-06T23:00:00,new_data,RULE_MG_V0.1,2025-11-07T23:00:00,2026-06-06T23:00:00,completed
RUN00001256,USR001846,MINDGUARD,2026-08-08T16:00:00,new_data,RULE_MG_V0.1,2026-01-02T16:00:00,2026-08-08T16:00:00,completed
RUN00001257,USR001848,MINDGUARD,2026-04-26T08:00:00,new_data,RULE_MG_V0.1,2025-10-31T08:00:00,2026-04-26T08:00:00,completed
RUN00001258,USR001850,MINDGUARD,2026-06-09T14:00:00,new_data,RULE_MG_V0.1,2025-10-27T14:00:00,2026-06-09T14:00:00,completed
RUN00001259,USR001850,HEALTH_RESERVE,2026-03-20T14:00:00,new_data,RULE_HR_V0.1,2025-11-05T14:00:00,2026-03-20T14:00:00,completed
RUN00001260,USR001851,MINDGUARD,2026-06-10T02:00:00,new_data,RULE_MG_V0.1,2026-01-24T02:00:00,2026-06-10T02:00:00,completed
RUN00001261,USR001852,MINDGUARD,2026-04-13T22:00:00,new_data,RULE_MG_V0.1,2025-09-28T22:00:00,2026-04-13T22:00:00,completed
RUN00001262,USR001852,HEALTH_RESERVE,2026-06-04T22:00:00,new_data,RULE_HR_V0.1,2025-10-04T22:00:00,2026-06-04T22:00:00,completed
RUN00001263,USR001854,MINDGUARD,2026-05-14T12:00:00,new_data,RULE_MG_V0.1,2025-12-16T12:00:00,2026-05-14T12:00:00,completed
RUN00001264,USR001855,HEALTH_RESERVE,2026-06-13T10:00:00,new_data,RULE_HR_V0.1,2025-11-09T10:00:00,2026-06-13T10:00:00,completed
RUN00001265,USR001857,MINDGUARD,2026-07-12T09:00:00,new_data,RULE_MG_V0.1,2025-11-26T09:00:00,2026-07-12T09:00:00,completed
RUN00001266,USR001859,MINDGUARD,2026-04-01T21:00:00,new_data,RULE_MG_V0.1,2025-10-24T21:00:00,2026-04-01T21:00:00,completed
RUN00001267,USR001860,MINDGUARD,2026-07-15T18:00:00,new_data,RULE_MG_V0.1,2025-09-26T18:00:00,2026-07-15T18:00:00,completed
RUN00001268,USR001864,MINDGUARD,2026-03-05T03:00:00,new_data,RULE_MG_V0.1,2025-11-29T03:00:00,2026-03-05T03:00:00,completed
RUN00001269,USR001864,HEALTH_RESERVE,2026-04-19T09:00:00,new_data,RULE_HR_V0.1,2025-12-03T09:00:00,2026-04-19T09:00:00,completed
RUN00001270,USR001865,HEALTH_RESERVE,2026-08-09T13:00:00,new_data,RULE_HR_V0.1,2026-01-13T13:00:00,2026-08-09T13:00:00,completed
RUN00001271,USR001868,HEALTH_RESERVE,2026-02-17T17:00:00,new_data,RULE_HR_V0.1,2025-10-11T17:00:00,2026-02-17T17:00:00,completed
RUN00001272,USR001869,HEALTH_RESERVE,2026-04-11T07:00:00,new_data,RULE_HR_V0.1,2025-12-11T07:00:00,2026-04-11T07:00:00,completed
RUN00001273,USR001870,MINDGUARD,2026-09-14T12:00:00,new_data,RULE_MG_V0.1,2026-01-29T15:00:00,2026-09-14T12:00:00,completed
RUN00001274,USR001873,MINDGUARD,2026-06-29T19:00:00,new_data,RULE_MG_V0.1,2025-11-25T19:00:00,2026-06-29T19:00:00,completed
RUN00001275,USR001874,MINDGUARD,2026-06-03T15:00:00,new_data,RULE_MG_V0.1,2026-02-17T15:00:00,2026-06-03T15:00:00,completed
RUN00001276,USR001874,HEALTH_RESERVE,2026-07-16T16:00:00,new_data,RULE_HR_V0.1,2026-02-09T16:00:00,2026-07-16T16:00:00,completed
RUN00001277,USR001875,MINDGUARD,2026-07-25T10:00:00,new_data,RULE_MG_V0.1,2026-01-08T10:00:00,2026-07-25T10:00:00,completed
RUN00001278,USR001876,MINDGUARD,2026-06-13T01:00:00,new_data,RULE_MG_V0.1,2025-12-13T01:00:00,2026-06-13T01:00:00,completed
RUN00001279,USR001877,MINDGUARD,2026-03-14T19:00:00,new_data,RULE_MG_V0.1,2025-11-03T19:00:00,2026-03-14T19:00:00,completed
RUN00001280,USR001880,MINDGUARD,2026-05-25T09:00:00,new_data,RULE_MG_V0.1,2025-09-26T09:00:00,2026-05-25T09:00:00,completed
RUN00001281,USR001881,MINDGUARD,2026-09-09T21:00:00,new_data,RULE_MG_V0.1,2026-01-01T21:00:00,2026-09-09T21:00:00,completed
RUN00001282,USR001881,HEALTH_RESERVE,2026-09-12T19:00:00,new_data,RULE_HR_V0.1,2025-12-22T19:00:00,2026-09-12T19:00:00,completed
RUN00001283,USR001882,MINDGUARD,2026-07-27T11:00:00,new_data,RULE_MG_V0.1,2025-12-11T11:00:00,2026-07-27T11:00:00,completed
RUN00001284,USR001884,MINDGUARD,2026-08-22T23:00:00,new_data,RULE_MG_V0.1,2025-11-09T23:00:00,2026-08-22T23:00:00,completed
RUN00001285,USR001885,MINDGUARD,2026-07-21T07:00:00,new_data,RULE_MG_V0.1,2026-01-23T07:00:00,2026-07-21T07:00:00,completed
RUN00001286,USR001885,HEALTH_RESERVE,2026-09-14T12:00:00,new_data,RULE_HR_V0.1,2026-01-25T05:00:00,2026-09-14T12:00:00,completed
RUN00001287,USR001886,MINDGUARD,2026-07-29T09:00:00,new_data,RULE_MG_V0.1,2025-10-30T09:00:00,2026-07-29T09:00:00,completed
RUN00001288,USR001889,MINDGUARD,2026-01-28T20:00:00,new_data,RULE_MG_V0.1,2025-10-08T20:00:00,2026-01-28T20:00:00,completed
RUN00001289,USR001890,MINDGUARD,2026-03-28T14:00:00,new_data,RULE_MG_V0.1,2025-10-30T14:00:00,2026-03-28T14:00:00,completed
RUN00001290,USR001893,MINDGUARD,2026-08-24T19:00:00,new_data,RULE_MG_V0.1,2025-11-06T19:00:00,2026-08-24T19:00:00,completed
RUN00001291,USR001895,MINDGUARD,2026-09-14T12:00:00,new_data,RULE_MG_V0.1,2026-02-15T01:00:00,2026-09-14T12:00:00,completed
RUN00001292,USR001896,MINDGUARD,2026-07-02T11:00:00,new_data,RULE_MG_V0.1,2025-09-18T11:00:00,2026-07-02T11:00:00,completed
RUN00001293,USR001898,MINDGUARD,2026-06-27T00:00:00,new_data,RULE_MG_V0.1,2026-01-13T00:00:00,2026-06-27T00:00:00,completed
RUN00001294,USR001899,MINDGUARD,2026-05-23T18:00:00,new_data,RULE_MG_V0.1,2025-10-27T18:00:00,2026-05-23T18:00:00,completed
RUN00001295,USR001906,MINDGUARD,2026-04-27T03:00:00,new_data,RULE_MG_V0.1,2025-10-18T03:00:00,2026-04-27T03:00:00,completed
RUN00001296,USR001906,HEALTH_RESERVE,2026-07-25T14:00:00,new_data,RULE_HR_V0.1,2025-10-24T14:00:00,2026-07-25T14:00:00,completed
RUN00001297,USR001908,MINDGUARD,2026-07-24T12:00:00,new_data,RULE_MG_V0.1,2026-01-08T12:00:00,2026-07-24T12:00:00,completed
RUN00001298,USR001909,MINDGUARD,2026-06-13T19:00:00,new_data,RULE_MG_V0.1,2026-02-06T19:00:00,2026-06-13T19:00:00,completed
RUN00001299,USR001913,MINDGUARD,2026-05-17T16:00:00,new_data,RULE_MG_V0.1,2025-12-02T16:00:00,2026-05-17T16:00:00,completed
RUN00001300,USR001914,MINDGUARD,2026-04-09T17:00:00,new_data,RULE_MG_V0.1,2025-12-24T17:00:00,2026-04-09T17:00:00,completed
RUN00001301,USR001915,HEALTH_RESERVE,2026-07-22T18:00:00,new_data,RULE_HR_V0.1,2025-12-11T18:00:00,2026-07-22T18:00:00,completed
RUN00001302,USR001918,MINDGUARD,2026-08-21T14:00:00,new_data,RULE_MG_V0.1,2025-12-01T14:00:00,2026-08-21T14:00:00,completed
RUN00001303,USR001918,HEALTH_RESERVE,2026-05-29T09:00:00,new_data,RULE_HR_V0.1,2025-11-27T09:00:00,2026-05-29T09:00:00,completed
RUN00001304,USR001919,HEALTH_RESERVE,2026-09-14T12:00:00,new_data,RULE_HR_V0.1,2025-12-06T20:00:00,2026-09-14T12:00:00,completed
RUN00001305,USR001921,MINDGUARD,2026-09-14T12:00:00,new_data,RULE_MG_V0.1,2026-02-18T01:00:00,2026-09-14T12:00:00,completed
RUN00001306,USR001922,MINDGUARD,2026-09-08T04:00:00,new_data,RULE_MG_V0.1,2025-12-11T04:00:00,2026-09-08T04:00:00,completed
RUN00001307,USR001923,MINDGUARD,2026-05-11T00:00:00,new_data,RULE_MG_V0.1,2025-11-02T00:00:00,2026-05-11T00:00:00,completed
RUN00001308,USR001925,MINDGUARD,2026-04-02T06:00:00,new_data,RULE_MG_V0.1,2025-11-21T06:00:00,2026-04-02T06:00:00,completed
RUN00001309,USR001926,MINDGUARD,2026-07-24T06:00:00,new_data,RULE_MG_V0.1,2025-12-17T06:00:00,2026-07-24T06:00:00,completed
RUN00001310,USR001927,MINDGUARD,2026-03-03T19:00:00,new_data,RULE_MG_V0.1,2025-11-06T19:00:00,2026-03-03T19:00:00,completed
RUN00001311,USR001929,HEALTH_RESERVE,2026-08-17T03:00:00,new_data,RULE_HR_V0.1,2025-12-07T03:00:00,2026-08-17T03:00:00,completed
RUN00001312,USR001930,MINDGUARD,2026-04-23T00:00:00,new_data,RULE_MG_V0.1,2025-11-11T00:00:00,2026-04-23T00:00:00,completed
RUN00001313,USR001931,HEALTH_RESERVE,2026-09-14T12:00:00,new_data,RULE_HR_V0.1,2026-01-03T21:00:00,2026-09-14T12:00:00,completed
RUN00001314,USR001932,MINDGUARD,2026-07-31T04:00:00,new_data,RULE_MG_V0.1,2025-11-17T04:00:00,2026-07-31T04:00:00,completed
RUN00001315,USR001933,HEALTH_RESERVE,2026-05-17T11:00:00,new_data,RULE_HR_V0.1,2025-10-09T11:00:00,2026-05-17T11:00:00,completed
RUN00001316,USR001934,HEALTH_RESERVE,2026-03-28T16:00:00,new_data,RULE_HR_V0.1,2025-11-03T16:00:00,2026-03-28T16:00:00,completed
RUN00001317,USR001937,MINDGUARD,2026-06-27T19:00:00,new_data,RULE_MG_V0.1,2026-02-14T19:00:00,2026-06-27T19:00:00,completed
RUN00001318,USR001940,MINDGUARD,2026-04-19T20:00:00,new_data,RULE_MG_V0.1,2025-10-01T20:00:00,2026-04-19T20:00:00,completed
RUN00001319,USR001940,HEALTH_RESERVE,2026-05-28T19:00:00,new_data,RULE_HR_V0.1,2025-10-13T19:00:00,2026-05-28T19:00:00,completed
RUN00001320,USR001943,HEALTH_RESERVE,2026-06-27T03:00:00,new_data,RULE_HR_V0.1,2025-11-11T03:00:00,2026-06-27T03:00:00,completed
RUN00001321,USR001946,MINDGUARD,2026-09-01T01:00:00,new_data,RULE_MG_V0.1,2025-12-28T01:00:00,2026-09-01T01:00:00,completed
RUN00001322,USR001946,HEALTH_RESERVE,2026-09-14T12:00:00,new_data,RULE_HR_V0.1,2025-12-24T22:00:00,2026-09-14T12:00:00,completed
RUN00001323,USR001948,HEALTH_RESERVE,2026-05-17T03:00:00,new_data,RULE_HR_V0.1,2025-10-21T03:00:00,2026-05-17T03:00:00,completed
RUN00001324,USR001951,MINDGUARD,2026-08-15T02:00:00,new_data,RULE_MG_V0.1,2025-12-26T02:00:00,2026-08-15T02:00:00,completed
RUN00001325,USR001952,MINDGUARD,2026-05-22T07:00:00,new_data,RULE_MG_V0.1,2026-01-10T07:00:00,2026-05-22T07:00:00,completed
RUN00001326,USR001952,HEALTH_RESERVE,2026-04-23T05:00:00,new_data,RULE_HR_V0.1,2026-01-16T05:00:00,2026-04-23T05:00:00,completed
RUN00001327,USR001953,MINDGUARD,2026-03-27T02:00:00,new_data,RULE_MG_V0.1,2025-09-20T02:00:00,2026-03-27T02:00:00,completed
RUN00001328,USR001955,MINDGUARD,2026-09-14T12:00:00,new_data,RULE_MG_V0.1,2025-12-09T21:00:00,2026-09-14T12:00:00,completed
RUN00001329,USR001957,MINDGUARD,2026-06-07T00:00:00,new_data,RULE_MG_V0.1,2025-11-07T00:00:00,2026-06-07T00:00:00,completed
RUN00001330,USR001960,MINDGUARD,2026-02-24T15:00:00,new_data,RULE_MG_V0.1,2025-10-02T15:00:00,2026-02-24T15:00:00,completed
RUN00001331,USR001960,HEALTH_RESERVE,2026-02-15T01:00:00,new_data,RULE_HR_V0.1,2025-10-08T01:00:00,2026-02-15T01:00:00,completed
RUN00001332,USR001961,MINDGUARD,2026-05-10T02:00:00,new_data,RULE_MG_V0.1,2025-10-03T02:00:00,2026-05-10T02:00:00,completed
RUN00001333,USR001963,HEALTH_RESERVE,2026-04-14T17:00:00,new_data,RULE_HR_V0.1,2026-01-09T17:00:00,2026-04-14T17:00:00,completed
RUN00001334,USR001964,MINDGUARD,2026-09-14T12:00:00,new_data,RULE_MG_V0.1,2026-02-10T10:00:00,2026-09-14T12:00:00,completed
RUN00001335,USR001965,MINDGUARD,2026-04-28T17:00:00,new_data,RULE_MG_V0.1,2025-10-06T17:00:00,2026-04-28T17:00:00,completed
RUN00001336,USR001966,HEALTH_RESERVE,2026-05-23T14:00:00,new_data,RULE_HR_V0.1,2026-01-05T14:00:00,2026-05-23T14:00:00,completed
RUN00001337,USR001968,HEALTH_RESERVE,2026-06-27T20:00:00,new_data,RULE_HR_V0.1,2025-12-11T20:00:00,2026-06-27T20:00:00,completed
RUN00001338,USR001969,MINDGUARD,2026-06-25T14:00:00,new_data,RULE_MG_V0.1,2025-12-23T14:00:00,2026-06-25T14:00:00,completed
RUN00001339,USR001970,MINDGUARD,2026-06-19T14:00:00,new_data,RULE_MG_V0.1,2025-10-07T14:00:00,2026-06-19T14:00:00,completed
RUN00001340,USR001972,MINDGUARD,2026-03-19T04:00:00,new_data,RULE_MG_V0.1,2025-11-27T04:00:00,2026-03-19T04:00:00,completed
RUN00001341,USR001973,MINDGUARD,2026-09-14T12:00:00,new_data,RULE_MG_V0.1,2026-02-10T16:00:00,2026-09-14T12:00:00,completed
RUN00001342,USR001975,MINDGUARD,2026-03-27T05:00:00,new_data,RULE_MG_V0.1,2025-12-20T05:00:00,2026-03-27T05:00:00,completed
RUN00001343,USR001978,HEALTH_RESERVE,2026-08-23T10:00:00,new_data,RULE_HR_V0.1,2025-11-27T10:00:00,2026-08-23T10:00:00,completed
RUN00001344,USR001979,MINDGUARD,2026-07-28T11:00:00,new_data,RULE_MG_V0.1,2025-10-02T11:00:00,2026-07-28T11:00:00,completed
RUN00001345,USR001979,HEALTH_RESERVE,2026-01-13T03:00:00,new_data,RULE_HR_V0.1,2025-10-04T03:00:00,2026-01-13T03:00:00,completed
RUN00001346,USR001980,MINDGUARD,2026-07-29T08:00:00,new_data,RULE_MG_V0.1,2025-11-24T08:00:00,2026-07-29T08:00:00,completed
RUN00001347,USR001981,HEALTH_RESERVE,2026-05-17T00:00:00,new_data,RULE_HR_V0.1,2026-02-01T00:00:00,2026-05-17T00:00:00,completed
RUN00001348,USR001982,MINDGUARD,2026-07-22T22:00:00,new_data,RULE_MG_V0.1,2025-10-19T22:00:00,2026-07-22T22:00:00,completed
RUN00001349,USR001983,MINDGUARD,2026-08-09T16:00:00,new_data,RULE_MG_V0.1,2025-12-22T16:00:00,2026-08-09T16:00:00,completed
RUN00001350,USR001984,MINDGUARD,2026-01-04T21:00:00,new_data,RULE_MG_V0.1,2025-09-27T21:00:00,2026-01-04T21:00:00,completed
RUN00001351,USR001985,MINDGUARD,2026-05-12T16:00:00,new_data,RULE_MG_V0.1,2026-02-05T16:00:00,2026-05-12T16:00:00,completed
RUN00001352,USR001985,HEALTH_RESERVE,2026-07-02T12:00:00,new_data,RULE_HR_V0.1,2026-02-07T12:00:00,2026-07-02T12:00:00,completed
RUN00001353,USR001986,HEALTH_RESERVE,2026-04-22T13:00:00,new_data,RULE_HR_V0.1,2025-11-20T13:00:00,2026-04-22T13:00:00,completed
RUN00001354,USR001988,HEALTH_RESERVE,2026-06-26T15:00:00,new_data,RULE_HR_V0.1,2026-01-27T15:00:00,2026-06-26T15:00:00,completed
RUN00001355,USR001991,HEALTH_RESERVE,2026-02-08T22:00:00,new_data,RULE_HR_V0.1,2025-10-21T22:00:00,2026-02-08T22:00:00,completed
RUN00001356,USR001994,MINDGUARD,2026-07-08T22:00:00,new_data,RULE_MG_V0.1,2025-09-26T22:00:00,2026-07-08T22:00:00,completed
RUN00001357,USR001994,HEALTH_RESERVE,2026-04-04T00:00:00,new_data,RULE_HR_V0.1,2025-09-19T00:00:00,2026-04-04T00:00:00,completed
RUN00001358,USR001995,MINDGUARD,2026-06-06T05:00:00,new_data,RULE_MG_V0.1,2025-11-20T05:00:00,2026-06-06T05:00:00,completed
RUN00001359,USR001996,MINDGUARD,2026-05-29T07:00:00,new_data,RULE_MG_V0.1,2025-11-13T07:00:00,2026-05-29T07:00:00,completed
RUN00001360,USR001997,MINDGUARD,2026-09-12T06:00:00,new_data,RULE_MG_V0.1,2026-01-27T06:00:00,2026-09-12T06:00:00,completed
RUN00001361,USR001999,MINDGUARD,2026-06-22T18:00:00,new_data,RULE_MG_V0.1,2025-10-15T18:00:00,2026-06-22T18:00:00,completed
RUN00001362,USR002001,MINDGUARD,2026-03-10T12:00:00,new_data,RULE_MG_V0.1,2025-10-22T12:00:00,2026-03-10T12:00:00,completed
RUN00001363,USR002002,MINDGUARD,2026-06-11T01:00:00,new_data,RULE_MG_V0.1,2025-10-06T01:00:00,2026-06-11T01:00:00,completed
RUN00001364,USR002003,MINDGUARD,2026-07-12T21:00:00,new_data,RULE_MG_V0.1,2026-01-17T21:00:00,2026-07-12T21:00:00,completed
RUN00001365,USR002005,MINDGUARD,2026-03-21T21:00:00,new_data,RULE_MG_V0.1,2025-11-10T21:00:00,2026-03-21T21:00:00,completed
RUN00001366,USR002009,MINDGUARD,2026-09-04T18:00:00,new_data,RULE_MG_V0.1,2026-01-26T18:00:00,2026-09-04T18:00:00,completed
RUN00001367,USR002010,MINDGUARD,2026-04-25T09:00:00,new_data,RULE_MG_V0.1,2025-11-27T09:00:00,2026-04-25T09:00:00,completed
RUN00001368,USR002011,HEALTH_RESERVE,2026-04-19T12:00:00,new_data,RULE_HR_V0.1,2025-09-27T12:00:00,2026-04-19T12:00:00,completed
RUN00001369,USR002012,MINDGUARD,2026-09-14T12:00:00,new_data,RULE_MG_V0.1,2026-02-13T19:00:00,2026-09-14T12:00:00,completed
RUN00001370,USR002013,MINDGUARD,2026-09-14T12:00:00,new_data,RULE_MG_V0.1,2026-02-11T01:00:00,2026-09-14T12:00:00,completed
RUN00001371,USR002013,HEALTH_RESERVE,2026-05-22T04:00:00,new_data,RULE_HR_V0.1,2026-02-02T04:00:00,2026-05-22T04:00:00,completed
RUN00001372,USR002014,MINDGUARD,2026-05-18T05:00:00,new_data,RULE_MG_V0.1,2025-11-01T05:00:00,2026-05-18T05:00:00,completed
RUN00001373,USR002017,HEALTH_RESERVE,2026-09-14T12:00:00,new_data,RULE_HR_V0.1,2026-01-10T10:00:00,2026-09-14T12:00:00,completed
RUN00001374,USR002018,MINDGUARD,2026-09-14T12:00:00,new_data,RULE_MG_V0.1,2026-02-01T01:00:00,2026-09-14T12:00:00,completed
RUN00001375,USR002019,HEALTH_RESERVE,2026-07-10T20:00:00,new_data,RULE_HR_V0.1,2025-12-03T20:00:00,2026-07-10T20:00:00,completed
RUN00001376,USR002020,MINDGUARD,2026-06-09T04:00:00,new_data,RULE_MG_V0.1,2026-01-12T04:00:00,2026-06-09T04:00:00,completed
RUN00001377,USR002020,HEALTH_RESERVE,2026-09-14T12:00:00,new_data,RULE_HR_V0.1,2026-01-10T11:00:00,2026-09-14T12:00:00,completed
RUN00001378,USR002021,MINDGUARD,2026-08-22T00:00:00,new_data,RULE_MG_V0.1,2025-12-17T00:00:00,2026-08-22T00:00:00,completed
RUN00001379,USR002022,HEALTH_RESERVE,2026-06-27T06:00:00,new_data,RULE_HR_V0.1,2025-12-19T06:00:00,2026-06-27T06:00:00,completed
RUN00001380,USR002023,HEALTH_RESERVE,2026-08-10T07:00:00,new_data,RULE_HR_V0.1,2026-02-10T07:00:00,2026-08-10T07:00:00,completed
RUN00001381,USR002024,HEALTH_RESERVE,2026-08-18T08:00:00,new_data,RULE_HR_V0.1,2026-01-11T08:00:00,2026-08-18T08:00:00,completed
RUN00001382,USR002025,MINDGUARD,2026-06-26T09:00:00,new_data,RULE_MG_V0.1,2026-01-20T09:00:00,2026-06-26T09:00:00,completed
RUN00001383,USR002025,HEALTH_RESERVE,2026-09-14T12:00:00,new_data,RULE_HR_V0.1,2026-02-01T08:00:00,2026-09-14T12:00:00,completed
RUN00001384,USR002027,MINDGUARD,2026-03-29T20:00:00,new_data,RULE_MG_V0.1,2025-12-24T20:00:00,2026-03-29T20:00:00,completed
RUN00001385,USR002027,HEALTH_RESERVE,2026-04-09T22:00:00,new_data,RULE_HR_V0.1,2026-01-01T22:00:00,2026-04-09T22:00:00,completed
RUN00001386,USR002029,HEALTH_RESERVE,2026-08-04T22:00:00,new_data,RULE_HR_V0.1,2025-12-31T22:00:00,2026-08-04T22:00:00,completed
RUN00001387,USR002030,HEALTH_RESERVE,2026-03-14T07:00:00,new_data,RULE_HR_V0.1,2025-12-13T07:00:00,2026-03-14T07:00:00,completed
RUN00001388,USR002031,HEALTH_RESERVE,2026-05-30T05:00:00,new_data,RULE_HR_V0.1,2025-12-04T05:00:00,2026-05-30T05:00:00,completed
RUN00001389,USR002033,HEALTH_RESERVE,2026-03-28T18:00:00,new_data,RULE_HR_V0.1,2025-12-27T18:00:00,2026-03-28T18:00:00,completed
RUN00001390,USR002035,MINDGUARD,2026-03-31T00:00:00,new_data,RULE_MG_V0.1,2025-10-14T00:00:00,2026-03-31T00:00:00,completed
RUN00001391,USR002036,MINDGUARD,2026-08-07T10:00:00,new_data,RULE_MG_V0.1,2025-12-06T10:00:00,2026-08-07T10:00:00,completed
RUN00001392,USR002037,MINDGUARD,2026-04-15T17:00:00,new_data,RULE_MG_V0.1,2025-11-19T17:00:00,2026-04-15T17:00:00,completed
RUN00001393,USR002038,HEALTH_RESERVE,2026-03-19T11:00:00,new_data,RULE_HR_V0.1,2025-10-21T11:00:00,2026-03-19T11:00:00,completed
RUN00001394,USR002040,MINDGUARD,2026-01-23T00:00:00,new_data,RULE_MG_V0.1,2025-10-04T00:00:00,2026-01-23T00:00:00,completed
RUN00001395,USR002042,MINDGUARD,2026-05-02T17:00:00,new_data,RULE_MG_V0.1,2025-12-30T17:00:00,2026-05-02T17:00:00,completed
RUN00001396,USR002044,MINDGUARD,2026-09-14T12:00:00,new_data,RULE_MG_V0.1,2025-12-29T21:00:00,2026-09-14T12:00:00,completed
RUN00001397,USR002045,MINDGUARD,2026-05-05T13:00:00,new_data,RULE_MG_V0.1,2026-01-21T13:00:00,2026-05-05T13:00:00,completed
RUN00001398,USR002053,HEALTH_RESERVE,2026-06-05T16:00:00,new_data,RULE_HR_V0.1,2026-02-10T16:00:00,2026-06-05T16:00:00,completed
RUN00001399,USR002054,MINDGUARD,2026-07-30T13:00:00,new_data,RULE_MG_V0.1,2025-11-13T13:00:00,2026-07-30T13:00:00,completed
RUN00001400,USR002055,MINDGUARD,2026-06-28T15:00:00,new_data,RULE_MG_V0.1,2025-10-16T15:00:00,2026-06-28T15:00:00,completed
RUN00001401,USR002056,HEALTH_RESERVE,2026-07-28T18:00:00,new_data,RULE_HR_V0.1,2025-10-18T18:00:00,2026-07-28T18:00:00,completed
RUN00001402,USR002057,MINDGUARD,2026-07-25T06:00:00,new_data,RULE_MG_V0.1,2026-01-29T06:00:00,2026-07-25T06:00:00,completed
RUN00001403,USR002057,HEALTH_RESERVE,2026-09-14T12:00:00,new_data,RULE_HR_V0.1,2026-02-07T12:00:00,2026-09-14T12:00:00,completed
RUN00001404,USR002058,MINDGUARD,2026-09-14T12:00:00,new_data,RULE_MG_V0.1,2026-02-18T21:00:00,2026-09-14T12:00:00,completed
RUN00001405,USR002058,HEALTH_RESERVE,2026-06-15T03:00:00,new_data,RULE_HR_V0.1,2026-02-13T03:00:00,2026-06-15T03:00:00,completed
RUN00001406,USR002059,MINDGUARD,2026-03-24T15:00:00,new_data,RULE_MG_V0.1,2025-12-01T15:00:00,2026-03-24T15:00:00,completed
RUN00001407,USR002059,HEALTH_RESERVE,2026-03-24T14:00:00,new_data,RULE_HR_V0.1,2025-11-30T14:00:00,2026-03-24T14:00:00,completed
RUN00001408,USR002060,MINDGUARD,2026-09-03T06:00:00,new_data,RULE_MG_V0.1,2026-01-06T06:00:00,2026-09-03T06:00:00,completed
RUN00001409,USR002061,HEALTH_RESERVE,2026-06-24T22:00:00,new_data,RULE_HR_V0.1,2026-01-28T22:00:00,2026-06-24T22:00:00,completed
RUN00001410,USR002062,MINDGUARD,2026-05-06T04:00:00,new_data,RULE_MG_V0.1,2025-11-25T04:00:00,2026-05-06T04:00:00,completed
RUN00001411,USR002065,HEALTH_RESERVE,2026-04-07T09:00:00,new_data,RULE_HR_V0.1,2025-11-24T09:00:00,2026-04-07T09:00:00,completed
RUN00001412,USR002066,MINDGUARD,2026-06-27T13:00:00,new_data,RULE_MG_V0.1,2026-01-18T13:00:00,2026-06-27T13:00:00,completed
RUN00001413,USR002066,HEALTH_RESERVE,2026-06-09T14:00:00,new_data,RULE_HR_V0.1,2026-01-24T14:00:00,2026-06-09T14:00:00,completed
RUN00001414,USR002067,HEALTH_RESERVE,2026-05-12T07:00:00,new_data,RULE_HR_V0.1,2025-11-26T07:00:00,2026-05-12T07:00:00,completed
RUN00001415,USR002070,MINDGUARD,2026-08-30T14:00:00,new_data,RULE_MG_V0.1,2026-01-17T14:00:00,2026-08-30T14:00:00,completed
RUN00001416,USR002071,MINDGUARD,2026-09-14T12:00:00,new_data,RULE_MG_V0.1,2026-01-09T08:00:00,2026-09-14T12:00:00,completed
RUN00001417,USR002074,MINDGUARD,2026-09-14T12:00:00,new_data,RULE_MG_V0.1,2026-01-25T22:00:00,2026-09-14T12:00:00,completed
RUN00001418,USR002074,HEALTH_RESERVE,2026-09-14T12:00:00,new_data,RULE_HR_V0.1,2026-01-28T23:00:00,2026-09-14T12:00:00,completed
RUN00001419,USR002075,MINDGUARD,2026-09-14T12:00:00,new_data,RULE_MG_V0.1,2026-01-07T07:00:00,2026-09-14T12:00:00,completed
RUN00001420,USR002077,MINDGUARD,2026-05-05T04:00:00,new_data,RULE_MG_V0.1,2025-11-29T04:00:00,2026-05-05T04:00:00,completed
RUN00001421,USR002078,MINDGUARD,2026-09-07T11:00:00,new_data,RULE_MG_V0.1,2026-01-10T11:00:00,2026-09-07T11:00:00,completed
RUN00001422,USR002082,MINDGUARD,2026-06-21T13:00:00,new_data,RULE_MG_V0.1,2026-01-10T13:00:00,2026-06-21T13:00:00,completed
RUN00001423,USR002085,HEALTH_RESERVE,2026-07-23T17:00:00,new_data,RULE_HR_V0.1,2025-10-04T17:00:00,2026-07-23T17:00:00,completed
RUN00001424,USR002086,MINDGUARD,2026-05-02T12:00:00,new_data,RULE_MG_V0.1,2025-10-06T12:00:00,2026-05-02T12:00:00,completed
RUN00001425,USR002086,HEALTH_RESERVE,2026-01-10T22:00:00,new_data,RULE_HR_V0.1,2025-10-06T22:00:00,2026-01-10T22:00:00,completed
RUN00001426,USR002087,HEALTH_RESERVE,2026-05-19T07:00:00,new_data,RULE_HR_V0.1,2025-12-02T07:00:00,2026-05-19T07:00:00,completed
RUN00001427,USR002090,HEALTH_RESERVE,2026-08-03T05:00:00,new_data,RULE_HR_V0.1,2025-12-31T05:00:00,2026-08-03T05:00:00,completed
RUN00001428,USR002092,MINDGUARD,2026-02-17T12:00:00,new_data,RULE_MG_V0.1,2025-10-30T12:00:00,2026-02-17T12:00:00,completed
RUN00001429,USR002093,MINDGUARD,2026-03-22T19:00:00,new_data,RULE_MG_V0.1,2025-10-13T19:00:00,2026-03-22T19:00:00,completed
RUN00001430,USR002094,HEALTH_RESERVE,2026-07-12T06:00:00,new_data,RULE_HR_V0.1,2025-10-29T06:00:00,2026-07-12T06:00:00,completed
RUN00001431,USR002095,MINDGUARD,2026-05-18T05:00:00,new_data,RULE_MG_V0.1,2025-10-14T05:00:00,2026-05-18T05:00:00,completed
RUN00001432,USR002097,MINDGUARD,2026-09-14T12:00:00,new_data,RULE_MG_V0.1,2026-01-13T12:00:00,2026-09-14T12:00:00,completed
RUN00001433,USR002097,HEALTH_RESERVE,2026-08-19T04:00:00,new_data,RULE_HR_V0.1,2026-01-16T04:00:00,2026-08-19T04:00:00,completed
RUN00001434,USR002098,MINDGUARD,2026-05-25T22:00:00,new_data,RULE_MG_V0.1,2025-11-18T22:00:00,2026-05-25T22:00:00,completed
RUN00001435,USR002098,HEALTH_RESERVE,2026-07-25T21:00:00,new_data,RULE_HR_V0.1,2025-11-18T21:00:00,2026-07-25T21:00:00,completed
RUN00001436,USR002100,MINDGUARD,2026-06-07T11:00:00,new_data,RULE_MG_V0.1,2025-11-15T11:00:00,2026-06-07T11:00:00,completed
RUN00001437,USR002100,HEALTH_RESERVE,2026-08-04T02:00:00,new_data,RULE_HR_V0.1,2025-11-19T02:00:00,2026-08-04T02:00:00,completed
RUN00001438,USR002102,MINDGUARD,2026-04-28T00:00:00,new_data,RULE_MG_V0.1,2025-12-14T00:00:00,2026-04-28T00:00:00,completed
RUN00001439,USR002105,MINDGUARD,2026-01-31T00:00:00,new_data,RULE_MG_V0.1,2025-10-16T00:00:00,2026-01-31T00:00:00,completed
RUN00001440,USR002106,MINDGUARD,2026-09-14T12:00:00,new_data,RULE_MG_V0.1,2026-02-07T05:00:00,2026-09-14T12:00:00,completed
RUN00001441,USR002109,MINDGUARD,2026-08-25T00:00:00,new_data,RULE_MG_V0.1,2025-12-05T00:00:00,2026-08-25T00:00:00,completed
RUN00001442,USR002110,HEALTH_RESERVE,2026-08-05T21:00:00,new_data,RULE_HR_V0.1,2025-12-27T21:00:00,2026-08-05T21:00:00,completed
RUN00001443,USR002113,HEALTH_RESERVE,2026-03-27T02:00:00,new_data,RULE_HR_V0.1,2025-12-27T02:00:00,2026-03-27T02:00:00,completed
RUN00001444,USR002115,HEALTH_RESERVE,2026-09-14T12:00:00,new_data,RULE_HR_V0.1,2026-02-15T15:00:00,2026-09-14T12:00:00,completed
RUN00001445,USR002117,MINDGUARD,2026-03-14T06:00:00,new_data,RULE_MG_V0.1,2025-11-21T06:00:00,2026-03-14T06:00:00,completed
RUN00001446,USR002119,MINDGUARD,2026-08-06T21:00:00,new_data,RULE_MG_V0.1,2025-11-14T21:00:00,2026-08-06T21:00:00,completed
RUN00001447,USR002119,HEALTH_RESERVE,2026-02-28T05:00:00,new_data,RULE_HR_V0.1,2025-11-16T05:00:00,2026-02-28T05:00:00,completed
RUN00001448,USR002121,MINDGUARD,2026-04-19T18:00:00,new_data,RULE_MG_V0.1,2025-11-04T18:00:00,2026-04-19T18:00:00,completed
RUN00001449,USR002123,MINDGUARD,2026-08-19T13:00:00,new_data,RULE_MG_V0.1,2026-01-22T13:00:00,2026-08-19T13:00:00,completed
RUN00001450,USR002125,MINDGUARD,2026-09-14T12:00:00,new_data,RULE_MG_V0.1,2026-01-03T23:00:00,2026-09-14T12:00:00,completed
RUN00001451,USR002128,MINDGUARD,2026-06-01T02:00:00,new_data,RULE_MG_V0.1,2025-10-15T02:00:00,2026-06-01T02:00:00,completed
RUN00001452,USR002129,MINDGUARD,2026-02-13T06:00:00,new_data,RULE_MG_V0.1,2025-09-24T06:00:00,2026-02-13T06:00:00,completed
RUN00001453,USR002130,MINDGUARD,2026-03-24T21:00:00,new_data,RULE_MG_V0.1,2025-12-13T21:00:00,2026-03-24T21:00:00,completed
RUN00001454,USR002132,HEALTH_RESERVE,2026-06-05T21:00:00,new_data,RULE_HR_V0.1,2025-10-20T21:00:00,2026-06-05T21:00:00,completed
RUN00001455,USR002134,MINDGUARD,2026-04-26T09:00:00,new_data,RULE_MG_V0.1,2025-09-27T09:00:00,2026-04-26T09:00:00,completed
RUN00001456,USR002135,HEALTH_RESERVE,2026-09-04T07:00:00,new_data,RULE_HR_V0.1,2026-02-15T07:00:00,2026-09-04T07:00:00,completed
RUN00001457,USR002136,MINDGUARD,2026-09-14T12:00:00,new_data,RULE_MG_V0.1,2026-02-14T04:00:00,2026-09-14T12:00:00,completed
RUN00001458,USR002137,MINDGUARD,2026-01-03T14:00:00,new_data,RULE_MG_V0.1,2025-09-18T14:00:00,2026-01-03T14:00:00,completed
RUN00001459,USR002138,MINDGUARD,2026-02-19T06:00:00,new_data,RULE_MG_V0.1,2025-09-26T06:00:00,2026-02-19T06:00:00,completed
RUN00001460,USR002140,HEALTH_RESERVE,2026-08-12T09:00:00,new_data,RULE_HR_V0.1,2026-01-20T09:00:00,2026-08-12T09:00:00,completed
RUN00001461,USR002141,MINDGUARD,2026-03-20T11:00:00,new_data,RULE_MG_V0.1,2025-11-02T11:00:00,2026-03-20T11:00:00,completed
RUN00001462,USR002141,HEALTH_RESERVE,2026-08-02T18:00:00,new_data,RULE_HR_V0.1,2025-10-29T18:00:00,2026-08-02T18:00:00,completed
RUN00001463,USR002142,MINDGUARD,2026-09-14T12:00:00,new_data,RULE_MG_V0.1,2026-02-21T21:00:00,2026-09-14T12:00:00,completed
RUN00001464,USR002143,HEALTH_RESERVE,2026-04-11T16:00:00,new_data,RULE_HR_V0.1,2025-10-19T16:00:00,2026-04-11T16:00:00,completed
RUN00001465,USR002146,MINDGUARD,2026-04-01T08:00:00,new_data,RULE_MG_V0.1,2025-10-06T08:00:00,2026-04-01T08:00:00,completed
RUN00001466,USR002148,HEALTH_RESERVE,2026-06-26T19:00:00,new_data,RULE_HR_V0.1,2025-12-13T19:00:00,2026-06-26T19:00:00,completed
RUN00001467,USR002149,MINDGUARD,2026-05-20T22:00:00,new_data,RULE_MG_V0.1,2025-11-30T22:00:00,2026-05-20T22:00:00,completed
RUN00001468,USR002152,MINDGUARD,2026-05-24T21:00:00,new_data,RULE_MG_V0.1,2025-10-02T21:00:00,2026-05-24T21:00:00,completed
RUN00001469,USR002154,MINDGUARD,2026-05-25T10:00:00,new_data,RULE_MG_V0.1,2026-02-20T10:00:00,2026-05-25T10:00:00,completed
RUN00001470,USR002156,HEALTH_RESERVE,2026-05-15T06:00:00,new_data,RULE_HR_V0.1,2026-01-05T06:00:00,2026-05-15T06:00:00,completed
RUN00001471,USR002159,MINDGUARD,2026-09-14T12:00:00,new_data,RULE_MG_V0.1,2026-01-13T04:00:00,2026-09-14T12:00:00,completed
RUN00001472,USR002160,MINDGUARD,2026-06-22T13:00:00,new_data,RULE_MG_V0.1,2025-10-30T13:00:00,2026-06-22T13:00:00,completed
RUN00001473,USR002161,MINDGUARD,2026-09-14T12:00:00,new_data,RULE_MG_V0.1,2026-01-17T14:00:00,2026-09-14T12:00:00,completed
RUN00001474,USR002162,HEALTH_RESERVE,2026-04-04T18:00:00,new_data,RULE_HR_V0.1,2025-12-09T18:00:00,2026-04-04T18:00:00,completed
RUN00001475,USR002164,MINDGUARD,2026-08-10T02:00:00,new_data,RULE_MG_V0.1,2025-11-12T02:00:00,2026-08-10T02:00:00,completed
RUN00001476,USR002167,MINDGUARD,2026-04-17T00:00:00,new_data,RULE_MG_V0.1,2025-10-21T00:00:00,2026-04-17T00:00:00,completed
RUN00001477,USR002169,HEALTH_RESERVE,2026-09-14T12:00:00,new_data,RULE_HR_V0.1,2026-01-20T02:00:00,2026-09-14T12:00:00,completed
RUN00001478,USR002170,MINDGUARD,2026-03-26T11:00:00,new_data,RULE_MG_V0.1,2025-10-07T11:00:00,2026-03-26T11:00:00,completed
RUN00001479,USR002170,HEALTH_RESERVE,2026-04-29T08:00:00,new_data,RULE_HR_V0.1,2025-10-13T08:00:00,2026-04-29T08:00:00,completed
RUN00001480,USR002172,MINDGUARD,2026-09-14T12:00:00,new_data,RULE_MG_V0.1,2026-01-31T01:00:00,2026-09-14T12:00:00,completed
RUN00001481,USR002174,HEALTH_RESERVE,2026-07-23T00:00:00,new_data,RULE_HR_V0.1,2026-01-10T00:00:00,2026-07-23T00:00:00,completed
RUN00001482,USR002175,MINDGUARD,2026-03-31T00:00:00,new_data,RULE_MG_V0.1,2025-10-07T00:00:00,2026-03-31T00:00:00,completed
RUN00001483,USR002177,MINDGUARD,2026-08-29T14:00:00,new_data,RULE_MG_V0.1,2025-11-17T14:00:00,2026-08-29T14:00:00,completed
RUN00001484,USR002178,MINDGUARD,2026-04-04T16:00:00,new_data,RULE_MG_V0.1,2025-10-30T16:00:00,2026-04-04T16:00:00,completed
RUN00001485,USR002179,MINDGUARD,2026-04-22T08:00:00,new_data,RULE_MG_V0.1,2025-09-30T08:00:00,2026-04-22T08:00:00,completed
RUN00001486,USR002181,MINDGUARD,2026-09-14T12:00:00,new_data,RULE_MG_V0.1,2026-01-15T15:00:00,2026-09-14T12:00:00,completed
RUN00001487,USR002182,MINDGUARD,2026-06-05T16:00:00,new_data,RULE_MG_V0.1,2026-01-26T16:00:00,2026-06-05T16:00:00,completed
RUN00001488,USR002183,MINDGUARD,2026-03-16T04:00:00,new_data,RULE_MG_V0.1,2025-11-13T04:00:00,2026-03-16T04:00:00,completed
RUN00001489,USR002183,HEALTH_RESERVE,2026-08-10T00:00:00,new_data,RULE_HR_V0.1,2025-11-13T00:00:00,2026-08-10T00:00:00,completed
RUN00001490,USR002185,MINDGUARD,2026-03-30T09:00:00,new_data,RULE_MG_V0.1,2025-10-02T09:00:00,2026-03-30T09:00:00,completed
RUN00001491,USR002186,HEALTH_RESERVE,2026-07-11T23:00:00,new_data,RULE_HR_V0.1,2025-11-25T23:00:00,2026-07-11T23:00:00,completed
RUN00001492,USR002187,MINDGUARD,2026-08-14T19:00:00,new_data,RULE_MG_V0.1,2025-12-27T19:00:00,2026-08-14T19:00:00,completed
RUN00001493,USR002188,MINDGUARD,2026-04-08T08:00:00,new_data,RULE_MG_V0.1,2025-11-21T08:00:00,2026-04-08T08:00:00,completed
RUN00001494,USR002190,MINDGUARD,2026-03-04T06:00:00,new_data,RULE_MG_V0.1,2025-09-30T06:00:00,2026-03-04T06:00:00,completed
RUN00001495,USR002193,MINDGUARD,2026-03-26T08:00:00,new_data,RULE_MG_V0.1,2025-11-11T08:00:00,2026-03-26T08:00:00,completed
RUN00001496,USR002197,HEALTH_RESERVE,2026-04-25T03:00:00,new_data,RULE_HR_V0.1,2025-12-13T03:00:00,2026-04-25T03:00:00,completed
RUN00001497,USR002198,MINDGUARD,2026-07-23T00:00:00,new_data,RULE_MG_V0.1,2025-11-30T00:00:00,2026-07-23T00:00:00,completed
RUN00001498,USR002200,MINDGUARD,2026-03-09T03:00:00,new_data,RULE_MG_V0.1,2025-09-30T03:00:00,2026-03-09T03:00:00,completed
RUN00001499,USR002203,MINDGUARD,2026-09-14T12:00:00,new_data,RULE_MG_V0.1,2025-12-08T03:00:00,2026-09-14T12:00:00,completed
RUN00001500,USR002204,HEALTH_RESERVE,2026-07-16T03:00:00,new_data,RULE_HR_V0.1,2026-01-27T03:00:00,2026-07-16T03:00:00,completed
RUN00001501,USR002205,MINDGUARD,2026-09-07T09:00:00,new_data,RULE_MG_V0.1,2025-11-21T09:00:00,2026-09-07T09:00:00,completed
RUN00001502,USR002210,MINDGUARD,2026-08-21T19:00:00,new_data,RULE_MG_V0.1,2025-10-28T19:00:00,2026-08-21T19:00:00,completed
RUN00001503,USR002211,MINDGUARD,2026-05-02T08:00:00,new_data,RULE_MG_V0.1,2026-01-13T08:00:00,2026-05-02T08:00:00,completed
RUN00001504,USR002213,MINDGUARD,2026-02-02T12:00:00,new_data,RULE_MG_V0.1,2025-10-07T12:00:00,2026-02-02T12:00:00,completed
RUN00001505,USR002215,HEALTH_RESERVE,2026-04-29T11:00:00,new_data,RULE_HR_V0.1,2026-01-17T11:00:00,2026-04-29T11:00:00,completed
RUN00001506,USR002218,HEALTH_RESERVE,2026-03-10T06:00:00,new_data,RULE_HR_V0.1,2025-10-18T06:00:00,2026-03-10T06:00:00,completed
RUN00001507,USR002219,MINDGUARD,2026-08-29T14:00:00,new_data,RULE_MG_V0.1,2026-02-10T14:00:00,2026-08-29T14:00:00,completed
RUN00001508,USR002221,MINDGUARD,2026-06-06T11:00:00,new_data,RULE_MG_V0.1,2025-09-28T11:00:00,2026-06-06T11:00:00,completed
RUN00001509,USR002223,MINDGUARD,2026-09-14T12:00:00,new_data,RULE_MG_V0.1,2025-12-25T23:00:00,2026-09-14T12:00:00,completed
RUN00001510,USR002225,MINDGUARD,2026-07-16T02:00:00,new_data,RULE_MG_V0.1,2026-02-12T02:00:00,2026-07-16T02:00:00,completed
RUN00001511,USR002226,HEALTH_RESERVE,2026-09-14T12:00:00,new_data,RULE_HR_V0.1,2025-12-23T19:00:00,2026-09-14T12:00:00,completed
RUN00001512,USR002227,MINDGUARD,2026-08-14T12:00:00,new_data,RULE_MG_V0.1,2026-01-29T12:00:00,2026-08-14T12:00:00,completed
RUN00001513,USR002228,MINDGUARD,2026-04-14T18:00:00,new_data,RULE_MG_V0.1,2025-12-30T18:00:00,2026-04-14T18:00:00,completed
RUN00001514,USR002230,MINDGUARD,2026-06-14T04:00:00,new_data,RULE_MG_V0.1,2025-12-03T04:00:00,2026-06-14T04:00:00,completed
RUN00001515,USR002231,HEALTH_RESERVE,2026-05-20T05:00:00,new_data,RULE_HR_V0.1,2025-11-04T05:00:00,2026-05-20T05:00:00,completed
RUN00001516,USR002232,MINDGUARD,2026-04-13T21:00:00,new_data,RULE_MG_V0.1,2025-12-22T21:00:00,2026-04-13T21:00:00,completed
RUN00001517,USR002235,MINDGUARD,2026-04-26T15:00:00,new_data,RULE_MG_V0.1,2026-01-08T15:00:00,2026-04-26T15:00:00,completed
RUN00001518,USR002236,HEALTH_RESERVE,2026-06-07T22:00:00,new_data,RULE_HR_V0.1,2025-10-11T22:00:00,2026-06-07T22:00:00,completed
RUN00001519,USR002237,MINDGUARD,2026-05-02T18:00:00,new_data,RULE_MG_V0.1,2025-12-19T18:00:00,2026-05-02T18:00:00,completed
RUN00001520,USR002238,MINDGUARD,2026-06-19T17:00:00,new_data,RULE_MG_V0.1,2026-01-02T17:00:00,2026-06-19T17:00:00,completed
RUN00001521,USR002238,HEALTH_RESERVE,2026-07-28T09:00:00,new_data,RULE_HR_V0.1,2026-01-02T09:00:00,2026-07-28T09:00:00,completed
RUN00001522,USR002239,HEALTH_RESERVE,2026-04-20T00:00:00,new_data,RULE_HR_V0.1,2025-11-04T00:00:00,2026-04-20T00:00:00,completed
RUN00001523,USR002240,MINDGUARD,2026-06-17T18:00:00,new_data,RULE_MG_V0.1,2026-01-10T18:00:00,2026-06-17T18:00:00,completed
RUN00001524,USR002241,MINDGUARD,2026-09-10T09:00:00,new_data,RULE_MG_V0.1,2026-01-24T09:00:00,2026-09-10T09:00:00,completed
RUN00001525,USR002241,HEALTH_RESERVE,2026-05-25T11:00:00,new_data,RULE_HR_V0.1,2026-02-02T11:00:00,2026-05-25T11:00:00,completed
RUN00001526,USR002242,MINDGUARD,2026-03-28T17:00:00,new_data,RULE_MG_V0.1,2025-11-17T17:00:00,2026-03-28T17:00:00,completed
RUN00001527,USR002244,MINDGUARD,2026-04-19T01:00:00,new_data,RULE_MG_V0.1,2025-12-11T01:00:00,2026-04-19T01:00:00,completed
RUN00001528,USR002245,MINDGUARD,2026-06-15T22:00:00,new_data,RULE_MG_V0.1,2026-02-12T22:00:00,2026-06-15T22:00:00,completed
RUN00001529,USR002246,MINDGUARD,2026-07-04T10:00:00,new_data,RULE_MG_V0.1,2025-10-06T10:00:00,2026-07-04T10:00:00,completed
RUN00001530,USR002248,HEALTH_RESERVE,2026-05-25T21:00:00,new_data,RULE_HR_V0.1,2025-10-27T21:00:00,2026-05-25T21:00:00,completed
RUN00001531,USR002249,HEALTH_RESERVE,2026-06-24T19:00:00,new_data,RULE_HR_V0.1,2025-09-29T19:00:00,2026-06-24T19:00:00,completed
RUN00001532,USR002251,MINDGUARD,2026-09-04T18:00:00,new_data,RULE_MG_V0.1,2026-01-10T18:00:00,2026-09-04T18:00:00,completed
RUN00001533,USR002253,MINDGUARD,2026-05-22T00:00:00,new_data,RULE_MG_V0.1,2025-11-18T00:00:00,2026-05-22T00:00:00,completed
RUN00001534,USR002255,MINDGUARD,2026-07-17T18:00:00,new_data,RULE_MG_V0.1,2026-02-13T18:00:00,2026-07-17T18:00:00,completed
RUN00001535,USR002256,MINDGUARD,2026-07-03T06:00:00,new_data,RULE_MG_V0.1,2025-11-12T06:00:00,2026-07-03T06:00:00,completed
RUN00001536,USR002256,HEALTH_RESERVE,2026-06-21T14:00:00,new_data,RULE_HR_V0.1,2025-11-11T14:00:00,2026-06-21T14:00:00,completed
RUN00001537,USR002257,MINDGUARD,2026-01-22T04:00:00,new_data,RULE_MG_V0.1,2025-10-13T04:00:00,2026-01-22T04:00:00,completed
RUN00001538,USR002258,HEALTH_RESERVE,2026-09-14T12:00:00,new_data,RULE_HR_V0.1,2026-01-04T18:00:00,2026-09-14T12:00:00,completed
RUN00001539,USR002261,MINDGUARD,2026-05-27T13:00:00,new_data,RULE_MG_V0.1,2025-11-04T13:00:00,2026-05-27T13:00:00,completed
RUN00001540,USR002262,MINDGUARD,2026-06-15T17:00:00,new_data,RULE_MG_V0.1,2025-11-24T17:00:00,2026-06-15T17:00:00,completed
RUN00001541,USR002263,HEALTH_RESERVE,2026-07-07T09:00:00,new_data,RULE_HR_V0.1,2025-11-05T09:00:00,2026-07-07T09:00:00,completed
RUN00001542,USR002266,HEALTH_RESERVE,2026-05-25T19:00:00,new_data,RULE_HR_V0.1,2025-10-27T19:00:00,2026-05-25T19:00:00,completed
RUN00001543,USR002267,HEALTH_RESERVE,2026-07-15T11:00:00,new_data,RULE_HR_V0.1,2025-11-28T11:00:00,2026-07-15T11:00:00,completed
RUN00001544,USR002268,HEALTH_RESERVE,2026-08-31T04:00:00,new_data,RULE_HR_V0.1,2026-02-11T04:00:00,2026-08-31T04:00:00,completed
RUN00001545,USR002269,MINDGUARD,2026-04-14T06:00:00,new_data,RULE_MG_V0.1,2025-12-19T06:00:00,2026-04-14T06:00:00,completed
RUN00001546,USR002270,HEALTH_RESERVE,2026-09-14T12:00:00,new_data,RULE_HR_V0.1,2026-01-19T09:00:00,2026-09-14T12:00:00,completed
RUN00001547,USR002271,MINDGUARD,2026-06-16T14:00:00,new_data,RULE_MG_V0.1,2025-09-25T14:00:00,2026-06-16T14:00:00,completed
RUN00001548,USR002272,MINDGUARD,2026-03-27T17:00:00,new_data,RULE_MG_V0.1,2025-12-22T17:00:00,2026-03-27T17:00:00,completed
RUN00001549,USR002273,HEALTH_RESERVE,2026-04-03T23:00:00,new_data,RULE_HR_V0.1,2025-12-16T23:00:00,2026-04-03T23:00:00,completed
RUN00001550,USR002274,MINDGUARD,2026-08-21T05:00:00,new_data,RULE_MG_V0.1,2026-01-18T05:00:00,2026-08-21T05:00:00,completed
RUN00001551,USR002274,HEALTH_RESERVE,2026-09-14T12:00:00,new_data,RULE_HR_V0.1,2026-01-16T02:00:00,2026-09-14T12:00:00,completed
RUN00001552,USR002275,MINDGUARD,2026-04-15T02:00:00,new_data,RULE_MG_V0.1,2025-12-21T02:00:00,2026-04-15T02:00:00,completed
RUN00001553,USR002276,HEALTH_RESERVE,2026-04-22T08:00:00,new_data,RULE_HR_V0.1,2025-12-09T08:00:00,2026-04-22T08:00:00,completed
RUN00001554,USR002278,HEALTH_RESERVE,2026-05-18T17:00:00,new_data,RULE_HR_V0.1,2025-10-14T17:00:00,2026-05-18T17:00:00,completed
RUN00001555,USR002279,MINDGUARD,2026-06-30T06:00:00,new_data,RULE_MG_V0.1,2025-12-23T06:00:00,2026-06-30T06:00:00,completed
RUN00001556,USR002280,HEALTH_RESERVE,2026-04-06T11:00:00,new_data,RULE_HR_V0.1,2025-11-20T11:00:00,2026-04-06T11:00:00,completed
RUN00001557,USR002281,MINDGUARD,2026-03-03T09:00:00,new_data,RULE_MG_V0.1,2025-11-30T09:00:00,2026-03-03T09:00:00,completed
RUN00001558,USR002281,HEALTH_RESERVE,2026-08-21T08:00:00,new_data,RULE_HR_V0.1,2025-12-05T08:00:00,2026-08-21T08:00:00,completed
RUN00001559,USR002284,HEALTH_RESERVE,2026-09-14T12:00:00,new_data,RULE_HR_V0.1,2026-02-14T23:00:00,2026-09-14T12:00:00,completed
RUN00001560,USR002286,MINDGUARD,2026-03-21T07:00:00,new_data,RULE_MG_V0.1,2025-12-05T07:00:00,2026-03-21T07:00:00,completed
RUN00001561,USR002287,HEALTH_RESERVE,2026-09-14T12:00:00,new_data,RULE_HR_V0.1,2026-01-01T12:00:00,2026-09-14T12:00:00,completed
RUN00001562,USR002288,HEALTH_RESERVE,2026-04-16T15:00:00,new_data,RULE_HR_V0.1,2025-12-20T15:00:00,2026-04-16T15:00:00,completed
RUN00001563,USR002289,MINDGUARD,2026-05-18T03:00:00,new_data,RULE_MG_V0.1,2025-11-26T03:00:00,2026-05-18T03:00:00,completed
RUN00001564,USR002290,MINDGUARD,2026-08-29T05:00:00,new_data,RULE_MG_V0.1,2025-11-07T05:00:00,2026-08-29T05:00:00,completed
RUN00001565,USR002291,MINDGUARD,2026-07-27T08:00:00,new_data,RULE_MG_V0.1,2025-12-17T08:00:00,2026-07-27T08:00:00,completed
RUN00001566,USR002292,MINDGUARD,2026-08-29T21:00:00,new_data,RULE_MG_V0.1,2026-01-12T21:00:00,2026-08-29T21:00:00,completed
RUN00001567,USR002292,HEALTH_RESERVE,2026-09-14T12:00:00,new_data,RULE_HR_V0.1,2026-01-17T22:00:00,2026-09-14T12:00:00,completed
RUN00001568,USR002293,MINDGUARD,2026-09-14T12:00:00,new_data,RULE_MG_V0.1,2026-02-05T17:00:00,2026-09-14T12:00:00,completed
RUN00001569,USR002294,MINDGUARD,2026-07-28T02:00:00,new_data,RULE_MG_V0.1,2025-12-06T02:00:00,2026-07-28T02:00:00,completed
RUN00001570,USR002295,MINDGUARD,2026-09-01T02:00:00,new_data,RULE_MG_V0.1,2025-11-08T02:00:00,2026-09-01T02:00:00,completed
RUN00001571,USR002296,MINDGUARD,2026-09-14T12:00:00,new_data,RULE_MG_V0.1,2025-12-31T08:00:00,2026-09-14T12:00:00,completed
RUN00001572,USR002297,MINDGUARD,2026-03-16T07:00:00,new_data,RULE_MG_V0.1,2025-11-30T07:00:00,2026-03-16T07:00:00,completed
RUN00001573,USR002298,MINDGUARD,2025-12-21T14:00:00,new_data,RULE_MG_V0.1,2025-09-19T14:00:00,2025-12-21T14:00:00,completed
RUN00001574,USR002299,MINDGUARD,2026-05-06T06:00:00,new_data,RULE_MG_V0.1,2025-09-20T06:00:00,2026-05-06T06:00:00,completed
RUN00001575,USR002302,MINDGUARD,2026-05-01T21:00:00,new_data,RULE_MG_V0.1,2025-10-04T21:00:00,2026-05-01T21:00:00,completed
RUN00001576,USR002302,HEALTH_RESERVE,2026-04-24T23:00:00,new_data,RULE_HR_V0.1,2025-10-05T23:00:00,2026-04-24T23:00:00,completed
RUN00001577,USR002303,MINDGUARD,2026-07-03T03:00:00,new_data,RULE_MG_V0.1,2026-01-06T03:00:00,2026-07-03T03:00:00,completed
RUN00001578,USR002304,HEALTH_RESERVE,2026-02-17T21:00:00,new_data,RULE_HR_V0.1,2025-10-23T21:00:00,2026-02-17T21:00:00,completed
RUN00001579,USR002305,MINDGUARD,2026-08-02T23:00:00,new_data,RULE_MG_V0.1,2025-11-02T23:00:00,2026-08-02T23:00:00,completed
RUN00001580,USR002306,MINDGUARD,2026-07-16T18:00:00,new_data,RULE_MG_V0.1,2025-10-02T18:00:00,2026-07-16T18:00:00,completed
RUN00001581,USR002308,MINDGUARD,2026-06-07T00:00:00,new_data,RULE_MG_V0.1,2025-12-02T00:00:00,2026-06-07T00:00:00,completed
RUN00001582,USR002310,HEALTH_RESERVE,2026-07-24T11:00:00,new_data,RULE_HR_V0.1,2025-10-14T11:00:00,2026-07-24T11:00:00,completed
RUN00001583,USR002316,MINDGUARD,2026-06-08T19:00:00,new_data,RULE_MG_V0.1,2026-01-17T19:00:00,2026-06-08T19:00:00,completed
RUN00001584,USR002317,MINDGUARD,2026-08-13T11:00:00,new_data,RULE_MG_V0.1,2026-01-16T11:00:00,2026-08-13T11:00:00,completed
RUN00001585,USR002318,HEALTH_RESERVE,2026-06-29T07:00:00,new_data,RULE_HR_V0.1,2026-01-08T07:00:00,2026-06-29T07:00:00,completed
RUN00001586,USR002319,MINDGUARD,2026-06-09T23:00:00,new_data,RULE_MG_V0.1,2026-01-06T23:00:00,2026-06-09T23:00:00,completed
RUN00001587,USR002319,HEALTH_RESERVE,2026-09-14T12:00:00,new_data,RULE_HR_V0.1,2026-01-11T06:00:00,2026-09-14T12:00:00,completed
RUN00001588,USR002321,MINDGUARD,2026-04-12T11:00:00,new_data,RULE_MG_V0.1,2025-09-26T11:00:00,2026-04-12T11:00:00,completed
RUN00001589,USR002322,HEALTH_RESERVE,2026-04-30T02:00:00,new_data,RULE_HR_V0.1,2025-11-22T02:00:00,2026-04-30T02:00:00,completed
RUN00001590,USR002325,HEALTH_RESERVE,2026-05-06T23:00:00,new_data,RULE_HR_V0.1,2025-10-19T23:00:00,2026-05-06T23:00:00,completed
RUN00001591,USR002326,MINDGUARD,2026-02-20T07:00:00,new_data,RULE_MG_V0.1,2025-11-04T07:00:00,2026-02-20T07:00:00,completed
RUN00001592,USR002329,MINDGUARD,2026-06-06T14:00:00,new_data,RULE_MG_V0.1,2025-11-08T14:00:00,2026-06-06T14:00:00,completed
RUN00001593,USR002329,HEALTH_RESERVE,2026-07-26T12:00:00,new_data,RULE_HR_V0.1,2025-11-06T12:00:00,2026-07-26T12:00:00,completed
RUN00001594,USR002331,MINDGUARD,2026-06-14T18:00:00,new_data,RULE_MG_V0.1,2025-12-12T18:00:00,2026-06-14T18:00:00,completed
RUN00001595,USR002333,MINDGUARD,2026-09-14T12:00:00,new_data,RULE_MG_V0.1,2026-02-01T21:00:00,2026-09-14T12:00:00,completed
RUN00001596,USR002334,MINDGUARD,2026-04-26T02:00:00,new_data,RULE_MG_V0.1,2025-10-20T02:00:00,2026-04-26T02:00:00,completed
RUN00001597,USR002335,MINDGUARD,2026-09-11T15:00:00,new_data,RULE_MG_V0.1,2026-02-15T15:00:00,2026-09-11T15:00:00,completed
RUN00001598,USR002336,MINDGUARD,2026-08-10T13:00:00,new_data,RULE_MG_V0.1,2026-01-23T13:00:00,2026-08-10T13:00:00,completed
RUN00001599,USR002337,HEALTH_RESERVE,2026-03-05T10:00:00,new_data,RULE_HR_V0.1,2025-12-02T10:00:00,2026-03-05T10:00:00,completed
RUN00001600,USR002339,MINDGUARD,2026-05-29T14:00:00,new_data,RULE_MG_V0.1,2025-10-18T14:00:00,2026-05-29T14:00:00,completed
RUN00001601,USR002340,MINDGUARD,2026-07-13T12:00:00,new_data,RULE_MG_V0.1,2025-09-30T12:00:00,2026-07-13T12:00:00,completed
RUN00001602,USR002342,HEALTH_RESERVE,2026-02-04T17:00:00,new_data,RULE_HR_V0.1,2025-10-24T17:00:00,2026-02-04T17:00:00,completed
RUN00001603,USR002344,HEALTH_RESERVE,2026-01-02T03:00:00,new_data,RULE_HR_V0.1,2025-09-25T03:00:00,2026-01-02T03:00:00,completed
RUN00001604,USR002349,MINDGUARD,2026-07-04T09:00:00,new_data,RULE_MG_V0.1,2025-10-21T09:00:00,2026-07-04T09:00:00,completed
RUN00001605,USR002352,MINDGUARD,2026-06-13T22:00:00,new_data,RULE_MG_V0.1,2025-10-07T22:00:00,2026-06-13T22:00:00,completed
RUN00001606,USR002353,MINDGUARD,2026-05-23T01:00:00,new_data,RULE_MG_V0.1,2025-11-02T01:00:00,2026-05-23T01:00:00,completed
RUN00001607,USR002355,MINDGUARD,2026-09-14T12:00:00,new_data,RULE_MG_V0.1,2026-01-09T20:00:00,2026-09-14T12:00:00,completed
RUN00001608,USR002356,HEALTH_RESERVE,2026-09-13T03:00:00,new_data,RULE_HR_V0.1,2025-12-23T03:00:00,2026-09-13T03:00:00,completed
RUN00001609,USR002357,MINDGUARD,2026-08-14T01:00:00,new_data,RULE_MG_V0.1,2026-02-05T01:00:00,2026-08-14T01:00:00,completed
RUN00001610,USR002359,HEALTH_RESERVE,2026-09-14T12:00:00,new_data,RULE_HR_V0.1,2026-02-09T10:00:00,2026-09-14T12:00:00,completed
RUN00001611,USR002360,MINDGUARD,2026-04-12T19:00:00,new_data,RULE_MG_V0.1,2025-10-24T19:00:00,2026-04-12T19:00:00,completed
RUN00001612,USR002362,HEALTH_RESERVE,2026-07-11T19:00:00,new_data,RULE_HR_V0.1,2025-12-25T19:00:00,2026-07-11T19:00:00,completed
RUN00001613,USR002363,MINDGUARD,2026-08-01T16:00:00,new_data,RULE_MG_V0.1,2025-11-27T16:00:00,2026-08-01T16:00:00,completed
RUN00001614,USR002365,MINDGUARD,2026-08-28T09:00:00,new_data,RULE_MG_V0.1,2025-12-23T09:00:00,2026-08-28T09:00:00,completed
RUN00001615,USR002367,MINDGUARD,2026-03-04T22:00:00,new_data,RULE_MG_V0.1,2025-11-28T22:00:00,2026-03-04T22:00:00,completed
RUN00001616,USR002371,MINDGUARD,2026-06-08T05:00:00,new_data,RULE_MG_V0.1,2025-10-24T05:00:00,2026-06-08T05:00:00,completed
RUN00001617,USR002372,MINDGUARD,2026-09-04T14:00:00,new_data,RULE_MG_V0.1,2026-02-13T14:00:00,2026-09-04T14:00:00,completed
RUN00001618,USR002373,MINDGUARD,2026-07-02T05:00:00,new_data,RULE_MG_V0.1,2025-11-28T05:00:00,2026-07-02T05:00:00,completed
RUN00001619,USR002374,MINDGUARD,2026-08-11T17:00:00,new_data,RULE_MG_V0.1,2026-01-16T17:00:00,2026-08-11T17:00:00,completed
RUN00001620,USR002374,HEALTH_RESERVE,2026-07-02T19:00:00,new_data,RULE_HR_V0.1,2026-01-21T19:00:00,2026-07-02T19:00:00,completed
RUN00001621,USR002376,MINDGUARD,2026-07-13T23:00:00,new_data,RULE_MG_V0.1,2025-10-25T23:00:00,2026-07-13T23:00:00,completed
RUN00001622,USR002377,MINDGUARD,2026-04-01T02:00:00,new_data,RULE_MG_V0.1,2025-11-24T02:00:00,2026-04-01T02:00:00,completed
RUN00001623,USR002380,MINDGUARD,2026-04-15T10:00:00,new_data,RULE_MG_V0.1,2025-09-27T10:00:00,2026-04-15T10:00:00,completed
RUN00001624,USR002380,HEALTH_RESERVE,2026-04-05T02:00:00,new_data,RULE_HR_V0.1,2025-10-01T02:00:00,2026-04-05T02:00:00,completed
RUN00001625,USR002382,MINDGUARD,2026-08-14T23:00:00,new_data,RULE_MG_V0.1,2025-10-25T23:00:00,2026-08-14T23:00:00,completed
RUN00001626,USR002382,HEALTH_RESERVE,2026-05-27T00:00:00,new_data,RULE_HR_V0.1,2025-10-30T00:00:00,2026-05-27T00:00:00,completed
RUN00001627,USR002384,MINDGUARD,2026-05-31T08:00:00,new_data,RULE_MG_V0.1,2025-10-09T08:00:00,2026-05-31T08:00:00,completed
RUN00001628,USR002384,HEALTH_RESERVE,2026-01-28T05:00:00,new_data,RULE_HR_V0.1,2025-10-21T05:00:00,2026-01-28T05:00:00,completed
RUN00001629,USR002385,MINDGUARD,2026-05-27T01:00:00,new_data,RULE_MG_V0.1,2025-10-29T01:00:00,2026-05-27T01:00:00,completed
RUN00001630,USR002387,MINDGUARD,2026-05-27T21:00:00,new_data,RULE_MG_V0.1,2025-11-09T21:00:00,2026-05-27T21:00:00,completed
RUN00001631,USR002388,MINDGUARD,2026-08-13T00:00:00,new_data,RULE_MG_V0.1,2026-01-31T00:00:00,2026-08-13T00:00:00,completed
RUN00001632,USR002389,MINDGUARD,2026-05-22T00:00:00,new_data,RULE_MG_V0.1,2025-12-14T00:00:00,2026-05-22T00:00:00,completed
RUN00001633,USR002390,MINDGUARD,2026-08-21T07:00:00,new_data,RULE_MG_V0.1,2025-12-26T07:00:00,2026-08-21T07:00:00,completed
RUN00001634,USR002391,MINDGUARD,2026-09-14T12:00:00,new_data,RULE_MG_V0.1,2025-12-12T07:00:00,2026-09-14T12:00:00,completed
RUN00001635,USR002395,HEALTH_RESERVE,2026-06-21T18:00:00,new_data,RULE_HR_V0.1,2025-09-29T18:00:00,2026-06-21T18:00:00,completed
RUN00001636,USR002397,MINDGUARD,2026-01-22T20:00:00,new_data,RULE_MG_V0.1,2025-09-30T20:00:00,2026-01-22T20:00:00,completed
RUN00001637,USR002399,MINDGUARD,2026-04-23T09:00:00,new_data,RULE_MG_V0.1,2025-10-11T09:00:00,2026-04-23T09:00:00,completed
RUN00001638,USR002400,MINDGUARD,2026-04-20T19:00:00,new_data,RULE_MG_V0.1,2025-11-05T19:00:00,2026-04-20T19:00:00,completed
RUN00001639,USR002402,MINDGUARD,2026-04-26T07:00:00,new_data,RULE_MG_V0.1,2026-01-24T07:00:00,2026-04-26T07:00:00,completed
RUN00001640,USR002406,MINDGUARD,2026-02-27T11:00:00,new_data,RULE_MG_V0.1,2025-11-29T11:00:00,2026-02-27T11:00:00,completed
RUN00001641,USR002408,MINDGUARD,2026-08-13T17:00:00,new_data,RULE_MG_V0.1,2025-12-27T17:00:00,2026-08-13T17:00:00,completed
RUN00001642,USR002411,MINDGUARD,2026-09-14T12:00:00,new_data,RULE_MG_V0.1,2025-12-25T19:00:00,2026-09-14T12:00:00,completed
RUN00001643,USR002412,MINDGUARD,2026-07-13T21:00:00,new_data,RULE_MG_V0.1,2025-09-23T21:00:00,2026-07-13T21:00:00,completed
RUN00001644,USR002413,MINDGUARD,2026-07-17T13:00:00,new_data,RULE_MG_V0.1,2026-02-09T13:00:00,2026-07-17T13:00:00,completed
RUN00001645,USR002416,HEALTH_RESERVE,2026-09-14T12:00:00,new_data,RULE_HR_V0.1,2025-12-14T05:00:00,2026-09-14T12:00:00,completed
RUN00001646,USR002417,HEALTH_RESERVE,2026-09-14T12:00:00,new_data,RULE_HR_V0.1,2026-01-30T11:00:00,2026-09-14T12:00:00,completed
RUN00001647,USR002418,MINDGUARD,2026-07-04T03:00:00,new_data,RULE_MG_V0.1,2026-02-12T03:00:00,2026-07-04T03:00:00,completed
RUN00001648,USR002419,HEALTH_RESERVE,2026-09-14T12:00:00,new_data,RULE_HR_V0.1,2026-02-13T10:00:00,2026-09-14T12:00:00,completed
RUN00001649,USR002423,MINDGUARD,2026-09-14T12:00:00,new_data,RULE_MG_V0.1,2026-01-30T07:00:00,2026-09-14T12:00:00,completed
RUN00001650,USR002423,HEALTH_RESERVE,2026-09-14T12:00:00,new_data,RULE_HR_V0.1,2026-02-08T15:00:00,2026-09-14T12:00:00,completed
RUN00001651,USR002425,HEALTH_RESERVE,2026-09-14T12:00:00,new_data,RULE_HR_V0.1,2025-12-17T21:00:00,2026-09-14T12:00:00,completed
RUN00001652,USR002426,MINDGUARD,2026-08-06T22:00:00,new_data,RULE_MG_V0.1,2026-01-08T22:00:00,2026-08-06T22:00:00,completed
RUN00001653,USR002427,HEALTH_RESERVE,2026-07-12T07:00:00,new_data,RULE_HR_V0.1,2026-02-06T07:00:00,2026-07-12T07:00:00,completed
RUN00001654,USR002429,MINDGUARD,2026-07-02T05:00:00,new_data,RULE_MG_V0.1,2026-01-23T05:00:00,2026-07-02T05:00:00,completed
RUN00001655,USR002430,MINDGUARD,2026-09-14T12:00:00,new_data,RULE_MG_V0.1,2026-02-09T22:00:00,2026-09-14T12:00:00,completed
RUN00001656,USR002431,MINDGUARD,2026-09-14T12:00:00,new_data,RULE_MG_V0.1,2025-12-06T22:00:00,2026-09-14T12:00:00,completed
RUN00001657,USR002432,MINDGUARD,2026-04-22T19:00:00,new_data,RULE_MG_V0.1,2025-11-22T19:00:00,2026-04-22T19:00:00,completed
RUN00001658,USR002432,HEALTH_RESERVE,2026-08-10T20:00:00,new_data,RULE_HR_V0.1,2025-11-28T20:00:00,2026-08-10T20:00:00,completed
RUN00001659,USR002433,MINDGUARD,2026-05-08T08:00:00,new_data,RULE_MG_V0.1,2026-01-23T08:00:00,2026-05-08T08:00:00,completed
RUN00001660,USR002433,HEALTH_RESERVE,2026-07-08T10:00:00,new_data,RULE_HR_V0.1,2026-01-28T10:00:00,2026-07-08T10:00:00,completed
RUN00001661,USR002434,MINDGUARD,2026-01-25T21:00:00,new_data,RULE_MG_V0.1,2025-09-22T21:00:00,2026-01-25T21:00:00,completed
RUN00001662,USR002435,HEALTH_RESERVE,2026-09-14T12:00:00,new_data,RULE_HR_V0.1,2026-01-28T23:00:00,2026-09-14T12:00:00,completed
RUN00001663,USR002437,MINDGUARD,2026-05-04T00:00:00,new_data,RULE_MG_V0.1,2026-01-06T00:00:00,2026-05-04T00:00:00,completed
RUN00001664,USR002439,MINDGUARD,2026-09-14T12:00:00,new_data,RULE_MG_V0.1,2026-02-21T11:00:00,2026-09-14T12:00:00,completed
RUN00001665,USR002442,HEALTH_RESERVE,2026-03-20T00:00:00,new_data,RULE_HR_V0.1,2025-12-01T00:00:00,2026-03-20T00:00:00,completed
RUN00001666,USR002443,MINDGUARD,2026-03-13T06:00:00,new_data,RULE_MG_V0.1,2025-11-02T06:00:00,2026-03-13T06:00:00,completed
RUN00001667,USR002443,HEALTH_RESERVE,2026-02-15T22:00:00,new_data,RULE_HR_V0.1,2025-11-04T22:00:00,2026-02-15T22:00:00,completed
RUN00001668,USR002444,MINDGUARD,2026-09-14T12:00:00,new_data,RULE_MG_V0.1,2026-02-05T13:00:00,2026-09-14T12:00:00,completed
RUN00001669,USR002444,HEALTH_RESERVE,2026-05-25T06:00:00,new_data,RULE_HR_V0.1,2026-02-07T06:00:00,2026-05-25T06:00:00,completed
RUN00001670,USR002447,MINDGUARD,2026-02-24T22:00:00,new_data,RULE_MG_V0.1,2025-09-22T22:00:00,2026-02-24T22:00:00,completed
RUN00001671,USR002448,MINDGUARD,2026-05-23T13:00:00,new_data,RULE_MG_V0.1,2025-10-24T13:00:00,2026-05-23T13:00:00,completed
RUN00001672,USR002449,MINDGUARD,2026-01-26T12:00:00,new_data,RULE_MG_V0.1,2025-10-11T12:00:00,2026-01-26T12:00:00,completed
RUN00001673,USR002450,HEALTH_RESERVE,2026-06-28T22:00:00,new_data,RULE_HR_V0.1,2025-10-18T22:00:00,2026-06-28T22:00:00,completed
RUN00001674,USR002452,MINDGUARD,2026-09-14T12:00:00,new_data,RULE_MG_V0.1,2026-02-12T13:00:00,2026-09-14T12:00:00,completed
RUN00001675,USR002453,MINDGUARD,2026-08-05T13:00:00,new_data,RULE_MG_V0.1,2026-01-24T13:00:00,2026-08-05T13:00:00,completed
RUN00001676,USR002455,MINDGUARD,2026-07-06T03:00:00,new_data,RULE_MG_V0.1,2025-12-02T03:00:00,2026-07-06T03:00:00,completed
RUN00001677,USR002459,HEALTH_RESERVE,2026-08-20T02:00:00,new_data,RULE_HR_V0.1,2026-02-17T02:00:00,2026-08-20T02:00:00,completed
RUN00001678,USR002460,MINDGUARD,2026-04-27T17:00:00,new_data,RULE_MG_V0.1,2025-10-20T17:00:00,2026-04-27T17:00:00,completed
RUN00001679,USR002464,HEALTH_RESERVE,2026-04-24T21:00:00,new_data,RULE_HR_V0.1,2025-12-23T21:00:00,2026-04-24T21:00:00,completed
RUN00001680,USR002465,MINDGUARD,2026-04-04T23:00:00,new_data,RULE_MG_V0.1,2025-11-19T23:00:00,2026-04-04T23:00:00,completed
RUN00001681,USR002466,MINDGUARD,2026-09-14T12:00:00,new_data,RULE_MG_V0.1,2026-01-14T09:00:00,2026-09-14T12:00:00,completed
RUN00001682,USR002467,MINDGUARD,2026-01-27T03:00:00,new_data,RULE_MG_V0.1,2025-09-22T03:00:00,2026-01-27T03:00:00,completed
RUN00001683,USR002467,HEALTH_RESERVE,2025-12-23T04:00:00,new_data,RULE_HR_V0.1,2025-09-24T04:00:00,2025-12-23T04:00:00,completed
RUN00001684,USR002469,HEALTH_RESERVE,2026-07-10T06:00:00,new_data,RULE_HR_V0.1,2026-01-31T06:00:00,2026-07-10T06:00:00,completed
RUN00001685,USR002471,MINDGUARD,2026-02-10T15:00:00,new_data,RULE_MG_V0.1,2025-10-06T15:00:00,2026-02-10T15:00:00,completed
RUN00001686,USR002474,MINDGUARD,2026-04-30T06:00:00,new_data,RULE_MG_V0.1,2026-01-01T06:00:00,2026-04-30T06:00:00,completed
RUN00001687,USR002477,HEALTH_RESERVE,2026-04-03T12:00:00,new_data,RULE_HR_V0.1,2025-12-18T12:00:00,2026-04-03T12:00:00,completed
RUN00001688,USR002479,MINDGUARD,2026-01-30T08:00:00,new_data,RULE_MG_V0.1,2025-10-22T08:00:00,2026-01-30T08:00:00,completed
RUN00001689,USR002481,MINDGUARD,2026-04-03T04:00:00,new_data,RULE_MG_V0.1,2025-12-21T04:00:00,2026-04-03T04:00:00,completed
RUN00001690,USR002481,HEALTH_RESERVE,2026-04-27T04:00:00,new_data,RULE_HR_V0.1,2025-12-12T04:00:00,2026-04-27T04:00:00,completed
RUN00001691,USR002483,MINDGUARD,2026-07-20T02:00:00,new_data,RULE_MG_V0.1,2026-01-04T02:00:00,2026-07-20T02:00:00,completed
RUN00001692,USR002485,MINDGUARD,2026-07-14T15:00:00,new_data,RULE_MG_V0.1,2025-11-15T15:00:00,2026-07-14T15:00:00,completed
RUN00001693,USR002487,MINDGUARD,2026-02-12T20:00:00,new_data,RULE_MG_V0.1,2025-10-19T20:00:00,2026-02-12T20:00:00,completed
RUN00001694,USR002488,HEALTH_RESERVE,2026-04-11T22:00:00,new_data,RULE_HR_V0.1,2026-01-05T22:00:00,2026-04-11T22:00:00,completed
RUN00001695,USR002490,MINDGUARD,2026-07-27T19:00:00,new_data,RULE_MG_V0.1,2026-01-31T19:00:00,2026-07-27T19:00:00,completed
RUN00001696,USR002490,HEALTH_RESERVE,2026-09-14T12:00:00,new_data,RULE_HR_V0.1,2026-01-25T00:00:00,2026-09-14T12:00:00,completed
RUN00001697,USR002492,HEALTH_RESERVE,2026-05-28T06:00:00,new_data,RULE_HR_V0.1,2025-12-18T06:00:00,2026-05-28T06:00:00,completed
RUN00001698,USR002493,HEALTH_RESERVE,2026-03-22T06:00:00,new_data,RULE_HR_V0.1,2025-10-05T06:00:00,2026-03-22T06:00:00,completed
RUN00001699,USR002494,MINDGUARD,2026-08-17T06:00:00,new_data,RULE_MG_V0.1,2026-01-28T06:00:00,2026-08-17T06:00:00,completed
RUN00001700,USR002496,MINDGUARD,2026-06-27T13:00:00,new_data,RULE_MG_V0.1,2025-12-27T13:00:00,2026-06-27T13:00:00,completed
RUN00001701,USR002500,MINDGUARD,2026-08-26T04:00:00,new_data,RULE_MG_V0.1,2025-12-04T04:00:00,2026-08-26T04:00:00,completed
RUN00001702,USR002501,MINDGUARD,2026-09-14T12:00:00,new_data,RULE_MG_V0.1,2025-12-27T19:00:00,2026-09-14T12:00:00,completed
RUN00001703,USR002502,MINDGUARD,2026-08-21T12:00:00,new_data,RULE_MG_V0.1,2025-12-23T12:00:00,2026-08-21T12:00:00,completed
RUN00001704,USR002503,MINDGUARD,2026-06-22T07:00:00,new_data,RULE_MG_V0.1,2025-11-03T07:00:00,2026-06-22T07:00:00,completed
RUN00001705,USR002505,MINDGUARD,2026-07-17T05:00:00,new_data,RULE_MG_V0.1,2025-12-27T05:00:00,2026-07-17T05:00:00,completed
RUN00001706,USR002506,MINDGUARD,2026-09-13T20:00:00,new_data,RULE_MG_V0.1,2025-12-23T20:00:00,2026-09-13T20:00:00,completed
RUN00001707,USR002506,HEALTH_RESERVE,2026-05-27T18:00:00,new_data,RULE_HR_V0.1,2025-12-24T18:00:00,2026-05-27T18:00:00,completed
RUN00001708,USR002507,HEALTH_RESERVE,2026-09-14T12:00:00,new_data,RULE_HR_V0.1,2025-12-24T13:00:00,2026-09-14T12:00:00,completed
RUN00001709,USR002512,MINDGUARD,2026-04-10T05:00:00,new_data,RULE_MG_V0.1,2025-09-16T05:00:00,2026-04-10T05:00:00,completed
RUN00001710,USR002514,MINDGUARD,2026-03-09T11:00:00,new_data,RULE_MG_V0.1,2025-11-28T11:00:00,2026-03-09T11:00:00,completed
RUN00001711,USR002516,HEALTH_RESERVE,2026-08-02T11:00:00,new_data,RULE_HR_V0.1,2025-10-07T11:00:00,2026-08-02T11:00:00,completed
RUN00001712,USR002517,MINDGUARD,2026-07-27T03:00:00,new_data,RULE_MG_V0.1,2026-01-08T03:00:00,2026-07-27T03:00:00,completed
RUN00001713,USR002519,MINDGUARD,2026-05-18T01:00:00,new_data,RULE_MG_V0.1,2025-11-24T01:00:00,2026-05-18T01:00:00,completed
RUN00001714,USR002520,HEALTH_RESERVE,2026-03-26T05:00:00,new_data,RULE_HR_V0.1,2025-12-14T05:00:00,2026-03-26T05:00:00,completed
RUN00001715,USR002521,MINDGUARD,2026-07-26T06:00:00,new_data,RULE_MG_V0.1,2025-10-31T06:00:00,2026-07-26T06:00:00,completed
RUN00001716,USR002524,MINDGUARD,2026-03-25T01:00:00,new_data,RULE_MG_V0.1,2025-09-27T01:00:00,2026-03-25T01:00:00,completed
RUN00001717,USR002525,HEALTH_RESERVE,2026-06-15T17:00:00,new_data,RULE_HR_V0.1,2026-02-08T17:00:00,2026-06-15T17:00:00,completed
RUN00001718,USR002526,MINDGUARD,2026-02-22T01:00:00,new_data,RULE_MG_V0.1,2025-10-10T01:00:00,2026-02-22T01:00:00,completed
RUN00001719,USR002527,HEALTH_RESERVE,2026-02-21T17:00:00,new_data,RULE_HR_V0.1,2025-11-13T17:00:00,2026-02-21T17:00:00,completed
RUN00001720,USR002528,MINDGUARD,2026-04-19T19:00:00,new_data,RULE_MG_V0.1,2025-10-06T19:00:00,2026-04-19T19:00:00,completed
RUN00001721,USR002528,HEALTH_RESERVE,2026-08-09T19:00:00,new_data,RULE_HR_V0.1,2025-10-15T19:00:00,2026-08-09T19:00:00,completed
RUN00001722,USR002529,MINDGUARD,2026-04-21T05:00:00,new_data,RULE_MG_V0.1,2025-11-13T05:00:00,2026-04-21T05:00:00,completed
RUN00001723,USR002531,MINDGUARD,2026-09-14T12:00:00,new_data,RULE_MG_V0.1,2026-01-25T01:00:00,2026-09-14T12:00:00,completed
RUN00001724,USR002534,MINDGUARD,2026-04-18T01:00:00,new_data,RULE_MG_V0.1,2025-12-23T01:00:00,2026-04-18T01:00:00,completed
RUN00001725,USR002536,HEALTH_RESERVE,2026-08-23T15:00:00,new_data,RULE_HR_V0.1,2025-11-23T15:00:00,2026-08-23T15:00:00,completed
RUN00001726,USR002539,MINDGUARD,2026-03-06T06:00:00,new_data,RULE_MG_V0.1,2025-12-06T06:00:00,2026-03-06T06:00:00,completed
RUN00001727,USR002541,MINDGUARD,2026-07-28T07:00:00,new_data,RULE_MG_V0.1,2025-11-22T07:00:00,2026-07-28T07:00:00,completed
RUN00001728,USR002543,HEALTH_RESERVE,2026-06-19T21:00:00,new_data,RULE_HR_V0.1,2025-11-19T21:00:00,2026-06-19T21:00:00,completed
RUN00001729,USR002544,MINDGUARD,2026-09-07T07:00:00,new_data,RULE_MG_V0.1,2025-11-27T07:00:00,2026-09-07T07:00:00,completed
RUN00001730,USR002548,MINDGUARD,2026-09-14T12:00:00,new_data,RULE_MG_V0.1,2026-01-18T04:00:00,2026-09-14T12:00:00,completed
RUN00001731,USR002555,MINDGUARD,2026-04-11T17:00:00,new_data,RULE_MG_V0.1,2025-10-03T17:00:00,2026-04-11T17:00:00,completed
RUN00001732,USR002555,HEALTH_RESERVE,2026-01-16T03:00:00,new_data,RULE_HR_V0.1,2025-10-08T03:00:00,2026-01-16T03:00:00,completed
RUN00001733,USR002556,MINDGUARD,2026-09-14T12:00:00,new_data,RULE_MG_V0.1,2026-02-11T09:00:00,2026-09-14T12:00:00,completed
RUN00001734,USR002558,MINDGUARD,2026-06-12T01:00:00,new_data,RULE_MG_V0.1,2025-10-13T01:00:00,2026-06-12T01:00:00,completed
RUN00001735,USR002560,MINDGUARD,2026-03-03T14:00:00,new_data,RULE_MG_V0.1,2025-12-01T14:00:00,2026-03-03T14:00:00,completed
RUN00001736,USR002562,HEALTH_RESERVE,2026-08-01T04:00:00,new_data,RULE_HR_V0.1,2025-12-17T04:00:00,2026-08-01T04:00:00,completed
RUN00001737,USR002563,MINDGUARD,2026-05-17T09:00:00,new_data,RULE_MG_V0.1,2026-01-24T09:00:00,2026-05-17T09:00:00,completed
RUN00001738,USR002563,HEALTH_RESERVE,2026-07-21T18:00:00,new_data,RULE_HR_V0.1,2026-01-21T18:00:00,2026-07-21T18:00:00,completed
RUN00001739,USR002567,MINDGUARD,2026-07-18T14:00:00,new_data,RULE_MG_V0.1,2025-11-30T14:00:00,2026-07-18T14:00:00,completed
RUN00001740,USR002569,MINDGUARD,2026-07-09T11:00:00,new_data,RULE_MG_V0.1,2025-10-17T11:00:00,2026-07-09T11:00:00,completed
RUN00001741,USR002570,MINDGUARD,2026-07-24T02:00:00,new_data,RULE_MG_V0.1,2026-01-29T02:00:00,2026-07-24T02:00:00,completed
RUN00001742,USR002571,MINDGUARD,2026-04-14T09:00:00,new_data,RULE_MG_V0.1,2025-11-27T09:00:00,2026-04-14T09:00:00,completed
RUN00001743,USR002572,MINDGUARD,2026-03-04T11:00:00,new_data,RULE_MG_V0.1,2025-11-06T11:00:00,2026-03-04T11:00:00,completed
RUN00001744,USR002572,HEALTH_RESERVE,2026-05-29T13:00:00,new_data,RULE_HR_V0.1,2025-11-07T13:00:00,2026-05-29T13:00:00,completed
RUN00001745,USR002574,MINDGUARD,2026-02-16T10:00:00,new_data,RULE_MG_V0.1,2025-11-16T10:00:00,2026-02-16T10:00:00,completed
RUN00001746,USR002580,MINDGUARD,2026-05-17T13:00:00,new_data,RULE_MG_V0.1,2025-10-17T13:00:00,2026-05-17T13:00:00,completed
RUN00001747,USR002583,HEALTH_RESERVE,2026-06-20T06:00:00,new_data,RULE_HR_V0.1,2026-01-03T06:00:00,2026-06-20T06:00:00,completed
RUN00001748,USR002585,MINDGUARD,2026-04-04T08:00:00,new_data,RULE_MG_V0.1,2025-12-14T08:00:00,2026-04-04T08:00:00,completed
RUN00001749,USR002586,HEALTH_RESERVE,2026-09-14T12:00:00,new_data,RULE_HR_V0.1,2026-02-15T21:00:00,2026-09-14T12:00:00,completed
RUN00001750,USR002589,MINDGUARD,2026-03-02T12:00:00,new_data,RULE_MG_V0.1,2025-10-15T12:00:00,2026-03-02T12:00:00,completed
RUN00001751,USR002590,MINDGUARD,2026-08-28T10:00:00,new_data,RULE_MG_V0.1,2025-12-21T10:00:00,2026-08-28T10:00:00,completed
RUN00001752,USR002591,MINDGUARD,2026-09-14T12:00:00,new_data,RULE_MG_V0.1,2026-02-07T16:00:00,2026-09-14T12:00:00,completed
RUN00001753,USR002592,MINDGUARD,2026-06-14T07:00:00,new_data,RULE_MG_V0.1,2026-01-14T07:00:00,2026-06-14T07:00:00,completed
RUN00001754,USR002594,MINDGUARD,2026-04-29T19:00:00,new_data,RULE_MG_V0.1,2025-10-25T19:00:00,2026-04-29T19:00:00,completed
RUN00001755,USR002596,MINDGUARD,2026-04-22T12:00:00,new_data,RULE_MG_V0.1,2025-12-08T12:00:00,2026-04-22T12:00:00,completed
RUN00001756,USR002597,MINDGUARD,2026-06-06T16:00:00,new_data,RULE_MG_V0.1,2025-12-01T16:00:00,2026-06-06T16:00:00,completed
RUN00001757,USR002598,MINDGUARD,2026-08-13T22:00:00,new_data,RULE_MG_V0.1,2025-10-31T22:00:00,2026-08-13T22:00:00,completed
RUN00001758,USR002601,HEALTH_RESERVE,2026-03-11T21:00:00,new_data,RULE_HR_V0.1,2025-11-11T21:00:00,2026-03-11T21:00:00,completed
RUN00001759,USR002602,MINDGUARD,2026-08-25T19:00:00,new_data,RULE_MG_V0.1,2025-11-07T19:00:00,2026-08-25T19:00:00,completed
RUN00001760,USR002604,MINDGUARD,2026-06-26T03:00:00,new_data,RULE_MG_V0.1,2025-12-24T03:00:00,2026-06-26T03:00:00,completed
RUN00001761,USR002609,HEALTH_RESERVE,2026-04-23T10:00:00,new_data,RULE_HR_V0.1,2025-11-14T10:00:00,2026-04-23T10:00:00,completed
RUN00001762,USR002610,MINDGUARD,2026-02-14T04:00:00,new_data,RULE_MG_V0.1,2025-10-08T04:00:00,2026-02-14T04:00:00,completed
RUN00001763,USR002611,HEALTH_RESERVE,2026-07-31T12:00:00,new_data,RULE_HR_V0.1,2025-11-28T12:00:00,2026-07-31T12:00:00,completed
RUN00001764,USR002613,MINDGUARD,2026-07-15T11:00:00,new_data,RULE_MG_V0.1,2025-11-23T11:00:00,2026-07-15T11:00:00,completed
RUN00001765,USR002617,MINDGUARD,2026-03-30T05:00:00,new_data,RULE_MG_V0.1,2025-09-18T05:00:00,2026-03-30T05:00:00,completed
RUN00001766,USR002618,MINDGUARD,2026-05-17T18:00:00,new_data,RULE_MG_V0.1,2025-10-16T18:00:00,2026-05-17T18:00:00,completed
RUN00001767,USR002618,HEALTH_RESERVE,2026-02-26T19:00:00,new_data,RULE_HR_V0.1,2025-10-15T19:00:00,2026-02-26T19:00:00,completed
RUN00001768,USR002622,MINDGUARD,2026-09-14T12:00:00,new_data,RULE_MG_V0.1,2026-01-20T18:00:00,2026-09-14T12:00:00,completed
RUN00001769,USR002622,HEALTH_RESERVE,2026-06-19T20:00:00,new_data,RULE_HR_V0.1,2026-01-24T20:00:00,2026-06-19T20:00:00,completed
RUN00001770,USR002623,HEALTH_RESERVE,2026-08-11T08:00:00,new_data,RULE_HR_V0.1,2026-01-06T08:00:00,2026-08-11T08:00:00,completed
RUN00001771,USR002624,MINDGUARD,2026-05-11T20:00:00,new_data,RULE_MG_V0.1,2025-09-24T20:00:00,2026-05-11T20:00:00,completed
RUN00001772,USR002625,MINDGUARD,2026-05-07T03:00:00,new_data,RULE_MG_V0.1,2026-02-05T03:00:00,2026-05-07T03:00:00,completed
RUN00001773,USR002626,MINDGUARD,2026-05-27T11:00:00,new_data,RULE_MG_V0.1,2026-01-09T11:00:00,2026-05-27T11:00:00,completed
RUN00001774,USR002628,MINDGUARD,2026-02-22T00:00:00,new_data,RULE_MG_V0.1,2025-11-22T00:00:00,2026-02-22T00:00:00,completed
RUN00001775,USR002628,HEALTH_RESERVE,2026-02-23T00:00:00,new_data,RULE_HR_V0.1,2025-11-21T00:00:00,2026-02-23T00:00:00,completed
RUN00001776,USR002629,MINDGUARD,2026-05-14T23:00:00,new_data,RULE_MG_V0.1,2025-11-14T23:00:00,2026-05-14T23:00:00,completed
RUN00001777,USR002630,MINDGUARD,2026-06-16T14:00:00,new_data,RULE_MG_V0.1,2025-10-08T14:00:00,2026-06-16T14:00:00,completed
RUN00001778,USR002634,MINDGUARD,2026-05-16T07:00:00,new_data,RULE_MG_V0.1,2025-10-07T07:00:00,2026-05-16T07:00:00,completed
RUN00001779,USR002635,MINDGUARD,2026-04-27T02:00:00,new_data,RULE_MG_V0.1,2025-11-27T02:00:00,2026-04-27T02:00:00,completed
RUN00001780,USR002637,MINDGUARD,2026-09-14T12:00:00,new_data,RULE_MG_V0.1,2025-12-26T09:00:00,2026-09-14T12:00:00,completed
RUN00001781,USR002637,HEALTH_RESERVE,2026-08-30T11:00:00,new_data,RULE_HR_V0.1,2025-12-23T11:00:00,2026-08-30T11:00:00,completed
RUN00001782,USR002638,MINDGUARD,2026-04-03T13:00:00,new_data,RULE_MG_V0.1,2025-10-06T13:00:00,2026-04-03T13:00:00,completed
RUN00001783,USR002639,MINDGUARD,2026-06-19T20:00:00,new_data,RULE_MG_V0.1,2025-12-18T20:00:00,2026-06-19T20:00:00,completed
RUN00001784,USR002640,MINDGUARD,2026-09-14T12:00:00,new_data,RULE_MG_V0.1,2026-01-14T16:00:00,2026-09-14T12:00:00,completed
RUN00001785,USR002641,MINDGUARD,2026-08-05T04:00:00,new_data,RULE_MG_V0.1,2026-02-03T04:00:00,2026-08-05T04:00:00,completed
RUN00001786,USR002643,MINDGUARD,2026-05-05T16:00:00,new_data,RULE_MG_V0.1,2025-12-27T16:00:00,2026-05-05T16:00:00,completed
RUN00001787,USR002643,HEALTH_RESERVE,2026-09-14T12:00:00,new_data,RULE_HR_V0.1,2025-12-30T17:00:00,2026-09-14T12:00:00,completed
RUN00001788,USR002645,MINDGUARD,2026-07-19T17:00:00,new_data,RULE_MG_V0.1,2026-02-06T17:00:00,2026-07-19T17:00:00,completed
RUN00001789,USR002647,MINDGUARD,2026-05-05T21:00:00,new_data,RULE_MG_V0.1,2025-10-19T21:00:00,2026-05-05T21:00:00,completed
RUN00001790,USR002649,MINDGUARD,2026-05-08T20:00:00,new_data,RULE_MG_V0.1,2025-11-12T20:00:00,2026-05-08T20:00:00,completed
RUN00001791,USR002650,MINDGUARD,2026-08-14T14:00:00,new_data,RULE_MG_V0.1,2026-02-10T14:00:00,2026-08-14T14:00:00,completed
RUN00001792,USR002651,MINDGUARD,2026-05-04T19:00:00,new_data,RULE_MG_V0.1,2026-01-12T19:00:00,2026-05-04T19:00:00,completed
RUN00001793,USR002652,MINDGUARD,2026-04-27T11:00:00,new_data,RULE_MG_V0.1,2025-12-20T11:00:00,2026-04-27T11:00:00,completed
RUN00001794,USR002653,HEALTH_RESERVE,2026-01-03T07:00:00,new_data,RULE_HR_V0.1,2025-09-28T07:00:00,2026-01-03T07:00:00,completed
RUN00001795,USR002654,MINDGUARD,2026-09-02T19:00:00,new_data,RULE_MG_V0.1,2026-01-04T19:00:00,2026-09-02T19:00:00,completed
RUN00001796,USR002656,MINDGUARD,2026-07-19T07:00:00,new_data,RULE_MG_V0.1,2026-02-02T07:00:00,2026-07-19T07:00:00,completed
RUN00001797,USR002657,MINDGUARD,2026-04-26T12:00:00,new_data,RULE_MG_V0.1,2026-01-12T12:00:00,2026-04-26T12:00:00,completed
RUN00001798,USR002659,MINDGUARD,2026-07-09T09:00:00,new_data,RULE_MG_V0.1,2026-01-22T09:00:00,2026-07-09T09:00:00,completed
RUN00001799,USR002661,HEALTH_RESERVE,2026-09-14T12:00:00,new_data,RULE_HR_V0.1,2026-01-04T12:00:00,2026-09-14T12:00:00,completed
RUN00001800,USR002662,HEALTH_RESERVE,2026-06-05T01:00:00,new_data,RULE_HR_V0.1,2025-11-19T01:00:00,2026-06-05T01:00:00,completed
RUN00001801,USR002663,MINDGUARD,2026-07-31T03:00:00,new_data,RULE_MG_V0.1,2026-02-14T03:00:00,2026-07-31T03:00:00,completed
RUN00001802,USR002664,MINDGUARD,2026-08-17T08:00:00,new_data,RULE_MG_V0.1,2025-10-22T08:00:00,2026-08-17T08:00:00,completed
RUN00001803,USR002666,MINDGUARD,2026-06-04T16:00:00,new_data,RULE_MG_V0.1,2026-01-14T16:00:00,2026-06-04T16:00:00,completed
RUN00001804,USR002667,MINDGUARD,2026-07-01T20:00:00,new_data,RULE_MG_V0.1,2026-01-06T20:00:00,2026-07-01T20:00:00,completed
RUN00001805,USR002668,MINDGUARD,2026-07-27T18:00:00,new_data,RULE_MG_V0.1,2025-10-30T18:00:00,2026-07-27T18:00:00,completed
RUN00001806,USR002669,HEALTH_RESERVE,2026-07-27T01:00:00,new_data,RULE_HR_V0.1,2026-01-19T01:00:00,2026-07-27T01:00:00,completed
RUN00001807,USR002670,MINDGUARD,2026-02-16T00:00:00,new_data,RULE_MG_V0.1,2025-10-15T00:00:00,2026-02-16T00:00:00,completed
RUN00001808,USR002671,MINDGUARD,2026-07-30T10:00:00,new_data,RULE_MG_V0.1,2026-01-09T10:00:00,2026-07-30T10:00:00,completed
RUN00001809,USR002674,MINDGUARD,2026-04-21T18:00:00,new_data,RULE_MG_V0.1,2025-10-11T18:00:00,2026-04-21T18:00:00,completed
RUN00001810,USR002675,HEALTH_RESERVE,2026-04-18T09:00:00,new_data,RULE_HR_V0.1,2025-12-16T09:00:00,2026-04-18T09:00:00,completed
RUN00001811,USR002679,HEALTH_RESERVE,2026-07-03T16:00:00,new_data,RULE_HR_V0.1,2025-10-20T16:00:00,2026-07-03T16:00:00,completed
RUN00001812,USR002680,MINDGUARD,2026-07-31T08:00:00,new_data,RULE_MG_V0.1,2025-11-25T08:00:00,2026-07-31T08:00:00,completed
RUN00001813,USR002680,HEALTH_RESERVE,2026-02-16T19:00:00,new_data,RULE_HR_V0.1,2025-11-16T19:00:00,2026-02-16T19:00:00,completed
RUN00001814,USR002681,HEALTH_RESERVE,2026-09-12T11:00:00,new_data,RULE_HR_V0.1,2026-01-05T11:00:00,2026-09-12T11:00:00,completed
RUN00001815,USR002682,MINDGUARD,2026-04-08T06:00:00,new_data,RULE_MG_V0.1,2025-11-15T06:00:00,2026-04-08T06:00:00,completed
RUN00001816,USR002683,MINDGUARD,2026-05-15T11:00:00,new_data,RULE_MG_V0.1,2026-01-08T11:00:00,2026-05-15T11:00:00,completed
RUN00001817,USR002687,MINDGUARD,2026-05-18T12:00:00,new_data,RULE_MG_V0.1,2025-12-05T12:00:00,2026-05-18T12:00:00,completed
RUN00001818,USR002688,MINDGUARD,2026-09-14T12:00:00,new_data,RULE_MG_V0.1,2026-01-17T09:00:00,2026-09-14T12:00:00,completed
RUN00001819,USR002689,HEALTH_RESERVE,2026-06-17T20:00:00,new_data,RULE_HR_V0.1,2026-01-25T20:00:00,2026-06-17T20:00:00,completed
RUN00001820,USR002690,MINDGUARD,2026-03-24T19:00:00,new_data,RULE_MG_V0.1,2025-12-14T19:00:00,2026-03-24T19:00:00,completed
RUN00001821,USR002691,MINDGUARD,2026-06-18T04:00:00,new_data,RULE_MG_V0.1,2026-02-13T04:00:00,2026-06-18T04:00:00,completed
RUN00001822,USR002692,MINDGUARD,2026-06-08T11:00:00,new_data,RULE_MG_V0.1,2025-11-04T11:00:00,2026-06-08T11:00:00,completed
RUN00001823,USR002692,HEALTH_RESERVE,2026-06-29T13:00:00,new_data,RULE_HR_V0.1,2025-11-17T13:00:00,2026-06-29T13:00:00,completed
RUN00001824,USR002693,MINDGUARD,2026-09-14T12:00:00,new_data,RULE_MG_V0.1,2026-02-10T08:00:00,2026-09-14T12:00:00,completed
RUN00001825,USR002694,HEALTH_RESERVE,2026-04-24T12:00:00,new_data,RULE_HR_V0.1,2025-10-11T12:00:00,2026-04-24T12:00:00,completed
RUN00001826,USR002695,MINDGUARD,2026-04-29T08:00:00,new_data,RULE_MG_V0.1,2026-01-01T08:00:00,2026-04-29T08:00:00,completed
RUN00001827,USR002696,HEALTH_RESERVE,2026-07-21T07:00:00,new_data,RULE_HR_V0.1,2025-11-04T07:00:00,2026-07-21T07:00:00,completed
RUN00001828,USR002697,MINDGUARD,2026-09-14T12:00:00,new_data,RULE_MG_V0.1,2026-02-01T23:00:00,2026-09-14T12:00:00,completed
RUN00001829,USR002697,HEALTH_RESERVE,2026-08-23T05:00:00,new_data,RULE_HR_V0.1,2026-02-06T05:00:00,2026-08-23T05:00:00,completed
RUN00001830,USR002698,MINDGUARD,2026-09-14T12:00:00,new_data,RULE_MG_V0.1,2026-01-29T19:00:00,2026-09-14T12:00:00,completed
RUN00001831,USR002698,HEALTH_RESERVE,2026-09-11T14:00:00,new_data,RULE_HR_V0.1,2026-02-02T14:00:00,2026-09-11T14:00:00,completed
RUN00001832,USR002701,MINDGUARD,2026-02-15T02:00:00,new_data,RULE_MG_V0.1,2025-09-30T02:00:00,2026-02-15T02:00:00,completed
RUN00001833,USR002702,HEALTH_RESERVE,2026-06-20T14:00:00,new_data,RULE_HR_V0.1,2025-10-20T14:00:00,2026-06-20T14:00:00,completed
RUN00001834,USR002703,MINDGUARD,2026-04-20T18:00:00,new_data,RULE_MG_V0.1,2026-01-10T18:00:00,2026-04-20T18:00:00,completed
RUN00001835,USR002704,MINDGUARD,2026-05-17T00:00:00,new_data,RULE_MG_V0.1,2025-11-25T00:00:00,2026-05-17T00:00:00,completed
RUN00001836,USR002704,HEALTH_RESERVE,2026-07-07T04:00:00,new_data,RULE_HR_V0.1,2025-11-24T04:00:00,2026-07-07T04:00:00,completed
RUN00001837,USR002706,HEALTH_RESERVE,2026-04-04T06:00:00,new_data,RULE_HR_V0.1,2025-10-03T06:00:00,2026-04-04T06:00:00,completed
RUN00001838,USR002707,MINDGUARD,2026-08-05T23:00:00,new_data,RULE_MG_V0.1,2025-10-21T23:00:00,2026-08-05T23:00:00,completed
RUN00001839,USR002708,MINDGUARD,2026-07-03T15:00:00,new_data,RULE_MG_V0.1,2026-02-17T15:00:00,2026-07-03T15:00:00,completed
RUN00001840,USR002708,HEALTH_RESERVE,2026-05-26T18:00:00,new_data,RULE_HR_V0.1,2026-02-12T18:00:00,2026-05-26T18:00:00,completed
RUN00001841,USR002709,MINDGUARD,2026-04-14T01:00:00,new_data,RULE_MG_V0.1,2025-10-31T01:00:00,2026-04-14T01:00:00,completed
RUN00001842,USR002712,MINDGUARD,2026-09-02T00:00:00,new_data,RULE_MG_V0.1,2026-01-25T00:00:00,2026-09-02T00:00:00,completed
RUN00001843,USR002713,HEALTH_RESERVE,2026-06-06T01:00:00,new_data,RULE_HR_V0.1,2025-12-23T01:00:00,2026-06-06T01:00:00,completed
RUN00001844,USR002714,MINDGUARD,2026-09-14T12:00:00,new_data,RULE_MG_V0.1,2026-01-15T00:00:00,2026-09-14T12:00:00,completed
RUN00001845,USR002716,HEALTH_RESERVE,2026-07-06T14:00:00,new_data,RULE_HR_V0.1,2025-12-24T14:00:00,2026-07-06T14:00:00,completed
RUN00001846,USR002719,MINDGUARD,2026-03-01T18:00:00,new_data,RULE_MG_V0.1,2025-09-30T18:00:00,2026-03-01T18:00:00,completed
RUN00001847,USR002722,MINDGUARD,2026-08-12T16:00:00,new_data,RULE_MG_V0.1,2026-02-14T16:00:00,2026-08-12T16:00:00,completed
RUN00001848,USR002723,HEALTH_RESERVE,2026-08-13T07:00:00,new_data,RULE_HR_V0.1,2026-02-07T07:00:00,2026-08-13T07:00:00,completed
RUN00001849,USR002724,MINDGUARD,2026-07-01T13:00:00,new_data,RULE_MG_V0.1,2025-11-23T13:00:00,2026-07-01T13:00:00,completed
RUN00001850,USR002727,HEALTH_RESERVE,2026-06-14T11:00:00,new_data,RULE_HR_V0.1,2025-10-06T11:00:00,2026-06-14T11:00:00,completed
RUN00001851,USR002728,HEALTH_RESERVE,2026-04-09T21:00:00,new_data,RULE_HR_V0.1,2025-11-16T21:00:00,2026-04-09T21:00:00,completed
RUN00001852,USR002731,HEALTH_RESERVE,2026-06-22T17:00:00,new_data,RULE_HR_V0.1,2025-10-31T17:00:00,2026-06-22T17:00:00,completed
RUN00001853,USR002733,MINDGUARD,2026-09-14T12:00:00,new_data,RULE_MG_V0.1,2025-12-08T18:00:00,2026-09-14T12:00:00,completed
RUN00001854,USR002734,MINDGUARD,2026-08-30T18:00:00,new_data,RULE_MG_V0.1,2025-12-27T18:00:00,2026-08-30T18:00:00,completed
RUN00001855,USR002736,MINDGUARD,2026-05-02T15:00:00,new_data,RULE_MG_V0.1,2025-09-28T15:00:00,2026-05-02T15:00:00,completed
RUN00001856,USR002738,MINDGUARD,2026-09-14T12:00:00,new_data,RULE_MG_V0.1,2026-01-21T07:00:00,2026-09-14T12:00:00,completed
RUN00001857,USR002739,HEALTH_RESERVE,2026-05-13T00:00:00,new_data,RULE_HR_V0.1,2025-12-01T00:00:00,2026-05-13T00:00:00,completed
RUN00001858,USR002741,MINDGUARD,2026-03-25T10:00:00,new_data,RULE_MG_V0.1,2025-11-03T10:00:00,2026-03-25T10:00:00,completed
RUN00001859,USR002744,MINDGUARD,2026-09-14T12:00:00,new_data,RULE_MG_V0.1,2026-02-15T08:00:00,2026-09-14T12:00:00,completed
RUN00001860,USR002745,MINDGUARD,2026-05-17T20:00:00,new_data,RULE_MG_V0.1,2026-01-16T20:00:00,2026-05-17T20:00:00,completed
RUN00001861,USR002746,MINDGUARD,2026-08-12T03:00:00,new_data,RULE_MG_V0.1,2026-01-01T03:00:00,2026-08-12T03:00:00,completed
RUN00001862,USR002748,MINDGUARD,2026-09-10T12:00:00,new_data,RULE_MG_V0.1,2026-01-29T12:00:00,2026-09-10T12:00:00,completed
RUN00001863,USR002751,MINDGUARD,2026-08-16T11:00:00,new_data,RULE_MG_V0.1,2026-02-12T11:00:00,2026-08-16T11:00:00,completed
RUN00001864,USR002752,HEALTH_RESERVE,2026-08-06T21:00:00,new_data,RULE_HR_V0.1,2026-02-14T21:00:00,2026-08-06T21:00:00,completed
RUN00001865,USR002754,MINDGUARD,2026-09-14T12:00:00,new_data,RULE_MG_V0.1,2026-02-20T11:00:00,2026-09-14T12:00:00,completed
RUN00001866,USR002755,MINDGUARD,2026-03-31T00:00:00,new_data,RULE_MG_V0.1,2025-12-05T00:00:00,2026-03-31T00:00:00,completed
RUN00001867,USR002755,HEALTH_RESERVE,2026-03-25T19:00:00,new_data,RULE_HR_V0.1,2025-12-07T19:00:00,2026-03-25T19:00:00,completed
RUN00001868,USR002756,MINDGUARD,2026-04-19T08:00:00,new_data,RULE_MG_V0.1,2025-12-06T08:00:00,2026-04-19T08:00:00,completed
RUN00001869,USR002757,MINDGUARD,2026-03-20T11:00:00,new_data,RULE_MG_V0.1,2025-11-04T11:00:00,2026-03-20T11:00:00,completed
RUN00001870,USR002758,MINDGUARD,2026-01-30T15:00:00,new_data,RULE_MG_V0.1,2025-10-08T15:00:00,2026-01-30T15:00:00,completed
RUN00001871,USR002759,MINDGUARD,2026-06-01T17:00:00,new_data,RULE_MG_V0.1,2025-11-30T17:00:00,2026-06-01T17:00:00,completed
RUN00001872,USR002760,HEALTH_RESERVE,2026-07-28T00:00:00,new_data,RULE_HR_V0.1,2025-12-28T00:00:00,2026-07-28T00:00:00,completed
RUN00001873,USR002762,MINDGUARD,2026-06-17T19:00:00,new_data,RULE_MG_V0.1,2025-12-22T19:00:00,2026-06-17T19:00:00,completed
RUN00001874,USR002768,MINDGUARD,2026-06-23T09:00:00,new_data,RULE_MG_V0.1,2025-10-15T09:00:00,2026-06-23T09:00:00,completed
RUN00001875,USR002770,HEALTH_RESERVE,2026-04-04T04:00:00,new_data,RULE_HR_V0.1,2025-11-29T04:00:00,2026-04-04T04:00:00,completed
RUN00001876,USR002772,MINDGUARD,2026-05-21T05:00:00,new_data,RULE_MG_V0.1,2025-10-19T05:00:00,2026-05-21T05:00:00,completed
RUN00001877,USR002773,MINDGUARD,2026-07-27T15:00:00,new_data,RULE_MG_V0.1,2025-11-07T15:00:00,2026-07-27T15:00:00,completed
RUN00001878,USR002774,HEALTH_RESERVE,2026-02-25T22:00:00,new_data,RULE_HR_V0.1,2025-11-17T22:00:00,2026-02-25T22:00:00,completed
RUN00001879,USR002775,MINDGUARD,2026-08-17T22:00:00,new_data,RULE_MG_V0.1,2025-11-18T22:00:00,2026-08-17T22:00:00,completed
RUN00001880,USR002776,MINDGUARD,2026-09-14T12:00:00,new_data,RULE_MG_V0.1,2026-02-13T05:00:00,2026-09-14T12:00:00,completed
RUN00001881,USR002776,HEALTH_RESERVE,2026-09-14T12:00:00,new_data,RULE_HR_V0.1,2026-02-07T12:00:00,2026-09-14T12:00:00,completed
RUN00001882,USR002778,MINDGUARD,2026-06-30T00:00:00,new_data,RULE_MG_V0.1,2025-12-13T00:00:00,2026-06-30T00:00:00,completed
RUN00001883,USR002779,MINDGUARD,2026-05-16T09:00:00,new_data,RULE_MG_V0.1,2025-12-08T09:00:00,2026-05-16T09:00:00,completed
RUN00001884,USR002780,MINDGUARD,2026-04-03T09:00:00,new_data,RULE_MG_V0.1,2025-12-04T09:00:00,2026-04-03T09:00:00,completed
RUN00001885,USR002780,HEALTH_RESERVE,2026-09-14T12:00:00,new_data,RULE_HR_V0.1,2025-12-01T06:00:00,2026-09-14T12:00:00,completed
RUN00001886,USR002781,MINDGUARD,2026-05-22T10:00:00,new_data,RULE_MG_V0.1,2025-10-27T10:00:00,2026-05-22T10:00:00,completed
RUN00001887,USR002789,HEALTH_RESERVE,2026-05-27T22:00:00,new_data,RULE_HR_V0.1,2025-10-25T22:00:00,2026-05-27T22:00:00,completed
RUN00001888,USR002790,MINDGUARD,2026-04-22T03:00:00,new_data,RULE_MG_V0.1,2025-10-07T03:00:00,2026-04-22T03:00:00,completed
RUN00001889,USR002791,MINDGUARD,2026-01-15T22:00:00,new_data,RULE_MG_V0.1,2025-10-11T22:00:00,2026-01-15T22:00:00,completed
RUN00001890,USR002793,MINDGUARD,2026-08-05T10:00:00,new_data,RULE_MG_V0.1,2025-11-03T10:00:00,2026-08-05T10:00:00,completed
RUN00001891,USR002794,MINDGUARD,2026-09-14T12:00:00,new_data,RULE_MG_V0.1,2026-01-17T13:00:00,2026-09-14T12:00:00,completed
RUN00001892,USR002800,HEALTH_RESERVE,2026-09-14T12:00:00,new_data,RULE_HR_V0.1,2026-02-08T21:00:00,2026-09-14T12:00:00,completed
RUN00001893,USR002801,MINDGUARD,2026-03-11T18:00:00,new_data,RULE_MG_V0.1,2025-09-27T18:00:00,2026-03-11T18:00:00,completed
RUN00001894,USR002801,HEALTH_RESERVE,2026-03-26T13:00:00,new_data,RULE_HR_V0.1,2025-09-30T13:00:00,2026-03-26T13:00:00,completed
RUN00001895,USR002802,MINDGUARD,2026-04-27T02:00:00,new_data,RULE_MG_V0.1,2025-10-18T02:00:00,2026-04-27T02:00:00,completed
RUN00001896,USR002803,MINDGUARD,2026-05-24T21:00:00,new_data,RULE_MG_V0.1,2025-11-11T21:00:00,2026-05-24T21:00:00,completed
RUN00001897,USR002804,MINDGUARD,2026-09-14T01:00:00,new_data,RULE_MG_V0.1,2025-11-19T01:00:00,2026-09-14T01:00:00,completed
RUN00001898,USR002806,HEALTH_RESERVE,2026-04-11T09:00:00,new_data,RULE_HR_V0.1,2026-01-02T09:00:00,2026-04-11T09:00:00,completed
RUN00001899,USR002808,HEALTH_RESERVE,2026-05-30T03:00:00,new_data,RULE_HR_V0.1,2025-10-02T03:00:00,2026-05-30T03:00:00,completed
RUN00001900,USR002809,MINDGUARD,2026-06-02T20:00:00,new_data,RULE_MG_V0.1,2025-11-29T20:00:00,2026-06-02T20:00:00,completed
RUN00001901,USR002810,MINDGUARD,2026-03-27T08:00:00,new_data,RULE_MG_V0.1,2025-10-16T08:00:00,2026-03-27T08:00:00,completed
RUN00001902,USR002811,MINDGUARD,2026-05-06T07:00:00,new_data,RULE_MG_V0.1,2025-10-15T07:00:00,2026-05-06T07:00:00,completed
RUN00001903,USR002812,HEALTH_RESERVE,2026-05-29T13:00:00,new_data,RULE_HR_V0.1,2026-01-02T13:00:00,2026-05-29T13:00:00,completed
RUN00001904,USR002814,HEALTH_RESERVE,2026-08-08T20:00:00,new_data,RULE_HR_V0.1,2026-02-10T20:00:00,2026-08-08T20:00:00,completed
RUN00001905,USR002817,HEALTH_RESERVE,2026-05-17T15:00:00,new_data,RULE_HR_V0.1,2026-02-09T15:00:00,2026-05-17T15:00:00,completed
RUN00001906,USR002818,MINDGUARD,2026-09-01T12:00:00,new_data,RULE_MG_V0.1,2026-02-01T12:00:00,2026-09-01T12:00:00,completed
RUN00001907,USR002819,MINDGUARD,2026-08-11T12:00:00,new_data,RULE_MG_V0.1,2026-01-15T12:00:00,2026-08-11T12:00:00,completed
RUN00001908,USR002819,HEALTH_RESERVE,2026-08-18T19:00:00,new_data,RULE_HR_V0.1,2026-01-13T19:00:00,2026-08-18T19:00:00,completed
RUN00001909,USR002823,MINDGUARD,2026-04-07T02:00:00,new_data,RULE_MG_V0.1,2025-12-06T02:00:00,2026-04-07T02:00:00,completed
RUN00001910,USR002824,MINDGUARD,2026-09-14T12:00:00,new_data,RULE_MG_V0.1,2025-12-26T10:00:00,2026-09-14T12:00:00,completed
RUN00001911,USR002828,MINDGUARD,2026-06-17T21:00:00,new_data,RULE_MG_V0.1,2025-10-26T21:00:00,2026-06-17T21:00:00,completed
RUN00001912,USR002829,HEALTH_RESERVE,2026-06-02T01:00:00,new_data,RULE_HR_V0.1,2025-09-18T01:00:00,2026-06-02T01:00:00,completed
RUN00001913,USR002830,MINDGUARD,2026-05-27T01:00:00,new_data,RULE_MG_V0.1,2025-10-02T01:00:00,2026-05-27T01:00:00,completed
RUN00001914,USR002832,MINDGUARD,2026-04-06T04:00:00,new_data,RULE_MG_V0.1,2026-01-02T04:00:00,2026-04-06T04:00:00,completed
RUN00001915,USR002835,MINDGUARD,2026-06-22T19:00:00,new_data,RULE_MG_V0.1,2025-11-26T19:00:00,2026-06-22T19:00:00,completed
RUN00001916,USR002837,HEALTH_RESERVE,2026-04-02T10:00:00,new_data,RULE_HR_V0.1,2025-09-17T10:00:00,2026-04-02T10:00:00,completed
RUN00001917,USR002838,MINDGUARD,2026-05-13T10:00:00,new_data,RULE_MG_V0.1,2026-01-30T10:00:00,2026-05-13T10:00:00,completed
RUN00001918,USR002840,MINDGUARD,2026-05-19T17:00:00,new_data,RULE_MG_V0.1,2025-12-11T17:00:00,2026-05-19T17:00:00,completed
RUN00001919,USR002841,HEALTH_RESERVE,2026-07-08T21:00:00,new_data,RULE_HR_V0.1,2026-01-09T21:00:00,2026-07-08T21:00:00,completed
RUN00001920,USR002842,MINDGUARD,2026-09-14T12:00:00,new_data,RULE_MG_V0.1,2025-12-09T23:00:00,2026-09-14T12:00:00,completed
RUN00001921,USR002843,MINDGUARD,2026-08-08T02:00:00,new_data,RULE_MG_V0.1,2026-01-20T02:00:00,2026-08-08T02:00:00,completed
RUN00001922,USR002844,MINDGUARD,2026-04-02T17:00:00,new_data,RULE_MG_V0.1,2025-12-14T17:00:00,2026-04-02T17:00:00,completed
RUN00001923,USR002846,MINDGUARD,2026-07-17T21:00:00,new_data,RULE_MG_V0.1,2025-12-05T21:00:00,2026-07-17T21:00:00,completed
RUN00001924,USR002847,MINDGUARD,2026-05-12T01:00:00,new_data,RULE_MG_V0.1,2025-10-18T01:00:00,2026-05-12T01:00:00,completed
RUN00001925,USR002850,MINDGUARD,2026-08-05T12:00:00,new_data,RULE_MG_V0.1,2026-02-06T12:00:00,2026-08-05T12:00:00,completed
RUN00001926,USR002853,MINDGUARD,2026-09-01T15:00:00,new_data,RULE_MG_V0.1,2025-11-21T15:00:00,2026-09-01T15:00:00,completed
RUN00001927,USR002854,MINDGUARD,2026-03-17T11:00:00,new_data,RULE_MG_V0.1,2025-12-07T11:00:00,2026-03-17T11:00:00,completed
RUN00001928,USR002856,MINDGUARD,2026-03-23T06:00:00,new_data,RULE_MG_V0.1,2025-12-21T06:00:00,2026-03-23T06:00:00,completed
RUN00001929,USR002858,MINDGUARD,2026-04-24T21:00:00,new_data,RULE_MG_V0.1,2025-10-18T21:00:00,2026-04-24T21:00:00,completed
RUN00001930,USR002858,HEALTH_RESERVE,2026-01-14T07:00:00,new_data,RULE_HR_V0.1,2025-10-10T07:00:00,2026-01-14T07:00:00,completed
RUN00001931,USR002859,MINDGUARD,2026-04-24T15:00:00,new_data,RULE_MG_V0.1,2026-01-06T15:00:00,2026-04-24T15:00:00,completed
RUN00001932,USR002860,HEALTH_RESERVE,2026-06-28T13:00:00,new_data,RULE_HR_V0.1,2025-12-23T13:00:00,2026-06-28T13:00:00,completed
RUN00001933,USR002861,MINDGUARD,2026-09-14T12:00:00,new_data,RULE_MG_V0.1,2026-02-06T04:00:00,2026-09-14T12:00:00,completed
RUN00001934,USR002861,HEALTH_RESERVE,2026-09-14T12:00:00,new_data,RULE_HR_V0.1,2026-02-10T12:00:00,2026-09-14T12:00:00,completed
RUN00001935,USR002865,MINDGUARD,2026-06-11T09:00:00,new_data,RULE_MG_V0.1,2025-10-08T09:00:00,2026-06-11T09:00:00,completed
RUN00001936,USR002865,HEALTH_RESERVE,2026-03-01T13:00:00,new_data,RULE_HR_V0.1,2025-10-05T13:00:00,2026-03-01T13:00:00,completed
RUN00001937,USR002866,MINDGUARD,2026-09-14T12:00:00,new_data,RULE_MG_V0.1,2026-01-26T02:00:00,2026-09-14T12:00:00,completed
RUN00001938,USR002866,HEALTH_RESERVE,2026-09-14T12:00:00,new_data,RULE_HR_V0.1,2026-01-29T10:00:00,2026-09-14T12:00:00,completed
RUN00001939,USR002869,HEALTH_RESERVE,2026-06-28T14:00:00,new_data,RULE_HR_V0.1,2025-09-27T14:00:00,2026-06-28T14:00:00,completed
RUN00001940,USR002871,MINDGUARD,2026-05-07T04:00:00,new_data,RULE_MG_V0.1,2025-10-02T04:00:00,2026-05-07T04:00:00,completed
RUN00001941,USR002872,MINDGUARD,2026-09-14T12:00:00,new_data,RULE_MG_V0.1,2026-02-21T07:00:00,2026-09-14T12:00:00,completed
RUN00001942,USR002873,MINDGUARD,2026-07-01T14:00:00,new_data,RULE_MG_V0.1,2025-12-29T14:00:00,2026-07-01T14:00:00,completed
RUN00001943,USR002874,MINDGUARD,2026-05-14T22:00:00,new_data,RULE_MG_V0.1,2025-09-24T22:00:00,2026-05-14T22:00:00,completed
RUN00001944,USR002874,HEALTH_RESERVE,2026-01-29T08:00:00,new_data,RULE_HR_V0.1,2025-09-24T08:00:00,2026-01-29T08:00:00,completed
RUN00001945,USR002875,MINDGUARD,2026-03-26T20:00:00,new_data,RULE_MG_V0.1,2025-10-23T20:00:00,2026-03-26T20:00:00,completed
RUN00001946,USR002877,MINDGUARD,2026-08-29T17:00:00,new_data,RULE_MG_V0.1,2025-12-05T17:00:00,2026-08-29T17:00:00,completed
RUN00001947,USR002878,MINDGUARD,2026-08-08T10:00:00,new_data,RULE_MG_V0.1,2026-02-14T10:00:00,2026-08-08T10:00:00,completed
RUN00001948,USR002879,MINDGUARD,2026-07-08T17:00:00,new_data,RULE_MG_V0.1,2025-09-19T17:00:00,2026-07-08T17:00:00,completed
RUN00001949,USR002880,MINDGUARD,2026-09-14T12:00:00,new_data,RULE_MG_V0.1,2026-02-09T18:00:00,2026-09-14T12:00:00,completed
RUN00001950,USR002882,MINDGUARD,2026-08-23T18:00:00,new_data,RULE_MG_V0.1,2025-11-14T18:00:00,2026-08-23T18:00:00,completed
RUN00001951,USR002884,MINDGUARD,2026-06-15T10:00:00,new_data,RULE_MG_V0.1,2026-02-06T10:00:00,2026-06-15T10:00:00,completed
RUN00001952,USR002885,MINDGUARD,2026-08-19T00:00:00,new_data,RULE_MG_V0.1,2026-01-11T00:00:00,2026-08-19T00:00:00,completed
RUN00001953,USR002886,MINDGUARD,2026-07-04T15:00:00,new_data,RULE_MG_V0.1,2025-10-05T15:00:00,2026-07-04T15:00:00,completed
RUN00001954,USR002887,MINDGUARD,2026-06-21T08:00:00,new_data,RULE_MG_V0.1,2026-02-15T08:00:00,2026-06-21T08:00:00,completed
RUN00001955,USR002887,HEALTH_RESERVE,2026-09-14T12:00:00,new_data,RULE_HR_V0.1,2026-02-11T09:00:00,2026-09-14T12:00:00,completed
RUN00001956,USR002888,MINDGUARD,2026-05-06T02:00:00,new_data,RULE_MG_V0.1,2026-01-13T02:00:00,2026-05-06T02:00:00,completed
RUN00001957,USR002889,MINDGUARD,2026-06-10T12:00:00,new_data,RULE_MG_V0.1,2026-02-01T12:00:00,2026-06-10T12:00:00,completed
RUN00001958,USR002890,HEALTH_RESERVE,2026-03-02T03:00:00,new_data,RULE_HR_V0.1,2025-11-25T03:00:00,2026-03-02T03:00:00,completed
RUN00001959,USR002891,MINDGUARD,2026-09-14T12:00:00,new_data,RULE_MG_V0.1,2026-02-08T01:00:00,2026-09-14T12:00:00,completed
RUN00001960,USR002891,HEALTH_RESERVE,2026-07-19T02:00:00,new_data,RULE_HR_V0.1,2026-02-07T02:00:00,2026-07-19T02:00:00,completed
RUN00001961,USR002893,HEALTH_RESERVE,2026-03-29T16:00:00,new_data,RULE_HR_V0.1,2025-11-14T16:00:00,2026-03-29T16:00:00,completed
RUN00001962,USR002894,HEALTH_RESERVE,2026-09-14T12:00:00,new_data,RULE_HR_V0.1,2026-01-02T06:00:00,2026-09-14T12:00:00,completed
RUN00001963,USR002897,MINDGUARD,2026-08-19T07:00:00,new_data,RULE_MG_V0.1,2026-01-06T07:00:00,2026-08-19T07:00:00,completed
RUN00001964,USR002900,HEALTH_RESERVE,2026-08-18T18:00:00,new_data,RULE_HR_V0.1,2025-12-07T18:00:00,2026-08-18T18:00:00,completed
RUN00001965,USR002901,MINDGUARD,2026-09-13T07:00:00,new_data,RULE_MG_V0.1,2026-02-01T07:00:00,2026-09-13T07:00:00,completed
RUN00001966,USR002904,HEALTH_RESERVE,2026-04-10T04:00:00,new_data,RULE_HR_V0.1,2025-11-28T04:00:00,2026-04-10T04:00:00,completed
RUN00001967,USR002905,HEALTH_RESERVE,2026-07-08T19:00:00,new_data,RULE_HR_V0.1,2026-01-22T19:00:00,2026-07-08T19:00:00,completed
RUN00001968,USR002906,MINDGUARD,2026-09-14T12:00:00,new_data,RULE_MG_V0.1,2025-12-22T20:00:00,2026-09-14T12:00:00,completed
RUN00001969,USR002909,MINDGUARD,2026-05-21T05:00:00,new_data,RULE_MG_V0.1,2026-01-17T05:00:00,2026-05-21T05:00:00,completed
RUN00001970,USR002910,MINDGUARD,2026-07-12T17:00:00,new_data,RULE_MG_V0.1,2026-01-16T17:00:00,2026-07-12T17:00:00,completed
RUN00001971,USR002911,MINDGUARD,2026-05-19T12:00:00,new_data,RULE_MG_V0.1,2025-11-07T12:00:00,2026-05-19T12:00:00,completed
RUN00001972,USR002913,MINDGUARD,2026-04-18T18:00:00,new_data,RULE_MG_V0.1,2025-12-03T18:00:00,2026-04-18T18:00:00,completed
RUN00001973,USR002914,MINDGUARD,2026-03-17T13:00:00,new_data,RULE_MG_V0.1,2025-12-07T13:00:00,2026-03-17T13:00:00,completed
RUN00001974,USR002918,MINDGUARD,2026-04-18T04:00:00,new_data,RULE_MG_V0.1,2026-01-03T04:00:00,2026-04-18T04:00:00,completed
RUN00001975,USR002919,MINDGUARD,2026-08-01T20:00:00,new_data,RULE_MG_V0.1,2026-01-28T20:00:00,2026-08-01T20:00:00,completed
RUN00001976,USR002923,MINDGUARD,2026-08-12T20:00:00,new_data,RULE_MG_V0.1,2026-01-28T20:00:00,2026-08-12T20:00:00,completed
RUN00001977,USR002924,MINDGUARD,2026-06-01T06:00:00,new_data,RULE_MG_V0.1,2025-10-28T06:00:00,2026-06-01T06:00:00,completed
RUN00001978,USR002925,MINDGUARD,2026-03-29T01:00:00,new_data,RULE_MG_V0.1,2025-10-21T01:00:00,2026-03-29T01:00:00,completed
RUN00001979,USR002927,MINDGUARD,2026-04-25T13:00:00,new_data,RULE_MG_V0.1,2025-10-25T13:00:00,2026-04-25T13:00:00,completed
RUN00001980,USR002927,HEALTH_RESERVE,2026-02-02T11:00:00,new_data,RULE_HR_V0.1,2025-10-14T11:00:00,2026-02-02T11:00:00,completed
RUN00001981,USR002928,MINDGUARD,2026-06-07T16:00:00,new_data,RULE_MG_V0.1,2026-01-30T16:00:00,2026-06-07T16:00:00,completed
RUN00001982,USR002931,MINDGUARD,2026-03-28T02:00:00,new_data,RULE_MG_V0.1,2025-11-21T02:00:00,2026-03-28T02:00:00,completed
RUN00001983,USR002932,HEALTH_RESERVE,2026-07-21T21:00:00,new_data,RULE_HR_V0.1,2025-12-24T21:00:00,2026-07-21T21:00:00,completed
RUN00001984,USR002935,HEALTH_RESERVE,2026-03-28T18:00:00,new_data,RULE_HR_V0.1,2025-12-02T18:00:00,2026-03-28T18:00:00,completed
RUN00001985,USR002936,HEALTH_RESERVE,2026-05-27T23:00:00,new_data,RULE_HR_V0.1,2025-12-19T23:00:00,2026-05-27T23:00:00,completed
RUN00001986,USR002937,MINDGUARD,2026-08-15T03:00:00,new_data,RULE_MG_V0.1,2026-02-10T03:00:00,2026-08-15T03:00:00,completed
RUN00001987,USR002938,MINDGUARD,2025-12-16T09:00:00,new_data,RULE_MG_V0.1,2025-09-15T09:00:00,2025-12-16T09:00:00,completed
RUN00001988,USR002939,HEALTH_RESERVE,2026-09-14T12:00:00,new_data,RULE_HR_V0.1,2026-01-31T05:00:00,2026-09-14T12:00:00,completed
RUN00001989,USR002940,MINDGUARD,2026-09-14T12:00:00,new_data,RULE_MG_V0.1,2026-02-03T04:00:00,2026-09-14T12:00:00,completed
RUN00001990,USR002940,HEALTH_RESERVE,2026-07-18T10:00:00,new_data,RULE_HR_V0.1,2026-02-01T10:00:00,2026-07-18T10:00:00,completed
RUN00001991,USR002941,MINDGUARD,2026-06-18T03:00:00,new_data,RULE_MG_V0.1,2025-11-19T03:00:00,2026-06-18T03:00:00,completed
RUN00001992,USR002945,HEALTH_RESERVE,2026-06-16T17:00:00,new_data,RULE_HR_V0.1,2026-02-04T17:00:00,2026-06-16T17:00:00,completed
RUN00001993,USR002946,HEALTH_RESERVE,2026-07-17T19:00:00,new_data,RULE_HR_V0.1,2026-01-06T19:00:00,2026-07-17T19:00:00,completed
RUN00001994,USR002947,HEALTH_RESERVE,2026-07-08T22:00:00,new_data,RULE_HR_V0.1,2025-10-27T22:00:00,2026-07-08T22:00:00,completed
RUN00001995,USR002948,HEALTH_RESERVE,2026-05-28T07:00:00,new_data,RULE_HR_V0.1,2025-10-18T07:00:00,2026-05-28T07:00:00,completed
RUN00001996,USR002949,HEALTH_RESERVE,2026-01-22T00:00:00,new_data,RULE_HR_V0.1,2025-10-19T00:00:00,2026-01-22T00:00:00,completed
RUN00001997,USR002950,HEALTH_RESERVE,2026-06-24T16:00:00,new_data,RULE_HR_V0.1,2025-10-26T16:00:00,2026-06-24T16:00:00,completed
RUN00001998,USR002951,HEALTH_RESERVE,2026-08-19T10:00:00,new_data,RULE_HR_V0.1,2025-12-17T10:00:00,2026-08-19T10:00:00,completed
RUN00001999,USR002954,MINDGUARD,2026-05-17T14:00:00,new_data,RULE_MG_V0.1,2026-02-07T14:00:00,2026-05-17T14:00:00,completed
RUN00002000,USR002956,MINDGUARD,2026-08-28T13:00:00,new_data,RULE_MG_V0.1,2025-12-23T13:00:00,2026-08-28T13:00:00,completed
RUN00002001,USR002956,HEALTH_RESERVE,2026-09-03T22:00:00,new_data,RULE_HR_V0.1,2025-12-27T22:00:00,2026-09-03T22:00:00,completed
RUN00002002,USR002960,MINDGUARD,2026-08-09T13:00:00,new_data,RULE_MG_V0.1,2026-01-01T13:00:00,2026-08-09T13:00:00,completed
RUN00002003,USR002961,MINDGUARD,2026-07-07T08:00:00,new_data,RULE_MG_V0.1,2025-12-18T08:00:00,2026-07-07T08:00:00,completed
RUN00002004,USR002963,HEALTH_RESERVE,2026-03-03T10:00:00,new_data,RULE_HR_V0.1,2025-11-09T10:00:00,2026-03-03T10:00:00,completed
RUN00002005,USR002964,HEALTH_RESERVE,2026-03-08T07:00:00,new_data,RULE_HR_V0.1,2025-10-23T07:00:00,2026-03-08T07:00:00,completed
RUN00002006,USR002965,MINDGUARD,2026-07-14T12:00:00,new_data,RULE_MG_V0.1,2025-10-16T12:00:00,2026-07-14T12:00:00,completed
RUN00002007,USR002966,MINDGUARD,2026-02-02T10:00:00,new_data,RULE_MG_V0.1,2025-10-30T10:00:00,2026-02-02T10:00:00,completed
RUN00002008,USR002967,HEALTH_RESERVE,2026-04-14T04:00:00,new_data,RULE_HR_V0.1,2025-11-03T04:00:00,2026-04-14T04:00:00,completed
RUN00002009,USR002968,MINDGUARD,2026-08-27T13:00:00,new_data,RULE_MG_V0.1,2026-02-02T13:00:00,2026-08-27T13:00:00,completed
RUN00002010,USR002970,MINDGUARD,2026-09-14T12:00:00,new_data,RULE_MG_V0.1,2026-02-05T15:00:00,2026-09-14T12:00:00,completed
RUN00002011,USR002971,MINDGUARD,2026-01-29T20:00:00,new_data,RULE_MG_V0.1,2025-10-31T20:00:00,2026-01-29T20:00:00,completed
RUN00002012,USR002973,MINDGUARD,2026-09-14T00:00:00,new_data,RULE_MG_V0.1,2025-12-14T00:00:00,2026-09-14T00:00:00,completed
RUN00002013,USR002974,MINDGUARD,2026-06-24T15:00:00,new_data,RULE_MG_V0.1,2025-11-04T15:00:00,2026-06-24T15:00:00,completed
RUN00002014,USR002975,HEALTH_RESERVE,2026-07-24T07:00:00,new_data,RULE_HR_V0.1,2025-11-03T07:00:00,2026-07-24T07:00:00,completed
RUN00002015,USR002976,MINDGUARD,2026-09-03T12:00:00,new_data,RULE_MG_V0.1,2026-01-24T12:00:00,2026-09-03T12:00:00,completed
RUN00002016,USR002977,MINDGUARD,2026-06-05T19:00:00,new_data,RULE_MG_V0.1,2026-02-07T19:00:00,2026-06-05T19:00:00,completed
RUN00002017,USR002979,MINDGUARD,2026-05-18T04:00:00,new_data,RULE_MG_V0.1,2026-01-25T04:00:00,2026-05-18T04:00:00,completed
RUN00002018,USR002981,MINDGUARD,2026-03-28T18:00:00,new_data,RULE_MG_V0.1,2025-09-28T18:00:00,2026-03-28T18:00:00,completed
RUN00002019,USR002982,MINDGUARD,2026-09-14T12:00:00,new_data,RULE_MG_V0.1,2026-02-20T12:00:00,2026-09-14T12:00:00,completed
RUN00002020,USR002985,MINDGUARD,2026-05-07T15:00:00,new_data,RULE_MG_V0.1,2025-12-02T15:00:00,2026-05-07T15:00:00,completed
RUN00002021,USR002986,MINDGUARD,2026-08-01T07:00:00,new_data,RULE_MG_V0.1,2025-11-19T07:00:00,2026-08-01T07:00:00,completed
RUN00002022,USR002987,MINDGUARD,2026-09-14T12:00:00,new_data,RULE_MG_V0.1,2025-12-31T22:00:00,2026-09-14T12:00:00,completed
RUN00002023,USR002987,HEALTH_RESERVE,2026-04-28T23:00:00,new_data,RULE_HR_V0.1,2026-01-03T23:00:00,2026-04-28T23:00:00,completed
RUN00002024,USR002989,MINDGUARD,2026-09-14T12:00:00,new_data,RULE_MG_V0.1,2026-02-03T02:00:00,2026-09-14T12:00:00,completed
RUN00002025,USR002991,MINDGUARD,2026-08-07T04:00:00,new_data,RULE_MG_V0.1,2025-10-23T04:00:00,2026-08-07T04:00:00,completed
RUN00002026,USR002993,MINDGUARD,2026-04-08T07:00:00,new_data,RULE_MG_V0.1,2025-10-20T07:00:00,2026-04-08T07:00:00,completed
RUN00002027,USR002994,MINDGUARD,2026-07-02T05:00:00,new_data,RULE_MG_V0.1,2026-01-27T05:00:00,2026-07-02T05:00:00,completed
RUN00002028,USR002995,MINDGUARD,2026-04-16T05:00:00,new_data,RULE_MG_V0.1,2025-12-02T05:00:00,2026-04-16T05:00:00,completed
RUN00002029,USR002996,HEALTH_RESERVE,2026-06-27T10:00:00,new_data,RULE_HR_V0.1,2025-12-30T10:00:00,2026-06-27T10:00:00,completed
RUN00002030,USR002997,HEALTH_RESERVE,2026-09-14T12:00:00,new_data,RULE_HR_V0.1,2026-01-28T15:00:00,2026-09-14T12:00:00,completed
RUN00002031,USR002998,MINDGUARD,2026-09-14T12:00:00,new_data,RULE_MG_V0.1,2025-12-06T07:00:00,2026-09-14T12:00:00,completed
RUN00002032,USR002999,MINDGUARD,2026-01-20T07:00:00,new_data,RULE_MG_V0.1,2025-10-14T07:00:00,2026-01-20T07:00:00,completed
RUN00002033,USR003000,MINDGUARD,2026-06-09T14:00:00,new_data,RULE_MG_V0.1,2025-10-01T14:00:00,2026-06-09T14:00:00,completed
RUN00002034,USR003004,HEALTH_RESERVE,2026-05-31T23:00:00,new_data,RULE_HR_V0.1,2026-01-03T23:00:00,2026-05-31T23:00:00,completed
RUN00002035,USR003006,MINDGUARD,2026-05-12T18:00:00,new_data,RULE_MG_V0.1,2025-11-17T18:00:00,2026-05-12T18:00:00,completed
RUN00002036,USR003009,MINDGUARD,2026-02-24T09:00:00,new_data,RULE_MG_V0.1,2025-10-16T09:00:00,2026-02-24T09:00:00,completed
RUN00002037,USR003010,HEALTH_RESERVE,2026-09-14T12:00:00,new_data,RULE_HR_V0.1,2026-02-04T09:00:00,2026-09-14T12:00:00,completed
RUN00002038,USR003011,MINDGUARD,2026-07-27T07:00:00,new_data,RULE_MG_V0.1,2025-11-20T07:00:00,2026-07-27T07:00:00,completed
RUN00002039,USR003012,MINDGUARD,2026-02-15T22:00:00,new_data,RULE_MG_V0.1,2025-09-27T22:00:00,2026-02-15T22:00:00,completed
RUN00002040,USR003014,MINDGUARD,2026-06-21T12:00:00,new_data,RULE_MG_V0.1,2025-12-12T12:00:00,2026-06-21T12:00:00,completed
RUN00002041,USR003015,MINDGUARD,2026-06-03T02:00:00,new_data,RULE_MG_V0.1,2025-10-03T02:00:00,2026-06-03T02:00:00,completed
RUN00002042,USR003016,MINDGUARD,2026-08-20T02:00:00,new_data,RULE_MG_V0.1,2025-12-09T02:00:00,2026-08-20T02:00:00,completed
RUN00002043,USR003018,MINDGUARD,2026-05-26T07:00:00,new_data,RULE_MG_V0.1,2026-01-30T07:00:00,2026-05-26T07:00:00,completed
RUN00002044,USR003019,HEALTH_RESERVE,2026-09-01T14:00:00,new_data,RULE_HR_V0.1,2026-01-29T14:00:00,2026-09-01T14:00:00,completed
RUN00002045,USR003021,MINDGUARD,2026-04-15T01:00:00,new_data,RULE_MG_V0.1,2025-12-07T01:00:00,2026-04-15T01:00:00,completed
RUN00002046,USR003021,HEALTH_RESERVE,2026-06-15T04:00:00,new_data,RULE_HR_V0.1,2025-12-07T04:00:00,2026-06-15T04:00:00,completed
RUN00002047,USR003022,MINDGUARD,2026-07-11T23:00:00,new_data,RULE_MG_V0.1,2025-12-30T23:00:00,2026-07-11T23:00:00,completed
RUN00002048,USR003024,MINDGUARD,2026-08-08T14:00:00,new_data,RULE_MG_V0.1,2025-11-18T14:00:00,2026-08-08T14:00:00,completed
RUN00002049,USR003025,MINDGUARD,2026-08-01T09:00:00,new_data,RULE_MG_V0.1,2025-10-31T09:00:00,2026-08-01T09:00:00,completed
RUN00002050,USR003026,HEALTH_RESERVE,2026-07-22T12:00:00,new_data,RULE_HR_V0.1,2026-01-12T12:00:00,2026-07-22T12:00:00,completed
RUN00002051,USR003027,HEALTH_RESERVE,2026-09-14T12:00:00,new_data,RULE_HR_V0.1,2026-01-22T09:00:00,2026-09-14T12:00:00,completed
RUN00002052,USR003028,MINDGUARD,2026-08-10T00:00:00,new_data,RULE_MG_V0.1,2025-12-26T00:00:00,2026-08-10T00:00:00,completed
RUN00002053,USR003030,HEALTH_RESERVE,2026-02-04T01:00:00,new_data,RULE_HR_V0.1,2025-10-23T01:00:00,2026-02-04T01:00:00,completed
RUN00002054,USR003034,MINDGUARD,2026-09-14T12:00:00,new_data,RULE_MG_V0.1,2026-02-02T22:00:00,2026-09-14T12:00:00,completed
RUN00002055,USR003035,MINDGUARD,2026-02-13T07:00:00,new_data,RULE_MG_V0.1,2025-10-14T07:00:00,2026-02-13T07:00:00,completed
RUN00002056,USR003036,HEALTH_RESERVE,2026-06-18T04:00:00,new_data,RULE_HR_V0.1,2026-02-03T04:00:00,2026-06-18T04:00:00,completed
RUN00002057,USR003037,MINDGUARD,2026-08-15T06:00:00,new_data,RULE_MG_V0.1,2025-10-30T06:00:00,2026-08-15T06:00:00,completed
RUN00002058,USR003037,HEALTH_RESERVE,2026-07-01T05:00:00,new_data,RULE_HR_V0.1,2025-11-04T05:00:00,2026-07-01T05:00:00,completed
RUN00002059,USR003040,HEALTH_RESERVE,2026-09-14T12:00:00,new_data,RULE_HR_V0.1,2026-02-16T01:00:00,2026-09-14T12:00:00,completed
RUN00002060,USR003041,MINDGUARD,2026-05-08T18:00:00,new_data,RULE_MG_V0.1,2026-02-04T18:00:00,2026-05-08T18:00:00,completed
RUN00002061,USR003042,MINDGUARD,2026-02-22T09:00:00,new_data,RULE_MG_V0.1,2025-11-12T09:00:00,2026-02-22T09:00:00,completed
RUN00002062,USR003043,MINDGUARD,2026-05-22T03:00:00,new_data,RULE_MG_V0.1,2025-10-25T03:00:00,2026-05-22T03:00:00,completed
RUN00002063,USR003046,MINDGUARD,2026-07-26T14:00:00,new_data,RULE_MG_V0.1,2025-12-24T14:00:00,2026-07-26T14:00:00,completed
RUN00002064,USR003049,MINDGUARD,2026-07-05T20:00:00,new_data,RULE_MG_V0.1,2025-09-28T20:00:00,2026-07-05T20:00:00,completed
RUN00002065,USR003050,MINDGUARD,2026-08-13T15:00:00,new_data,RULE_MG_V0.1,2026-02-11T15:00:00,2026-08-13T15:00:00,completed
RUN00002066,USR003050,HEALTH_RESERVE,2026-09-14T12:00:00,new_data,RULE_HR_V0.1,2026-02-07T18:00:00,2026-09-14T12:00:00,completed
RUN00002067,USR003053,MINDGUARD,2026-07-30T00:00:00,new_data,RULE_MG_V0.1,2025-11-20T00:00:00,2026-07-30T00:00:00,completed
RUN00002068,USR003054,MINDGUARD,2026-03-20T12:00:00,new_data,RULE_MG_V0.1,2025-10-03T12:00:00,2026-03-20T12:00:00,completed
RUN00002069,USR003054,HEALTH_RESERVE,2026-02-05T12:00:00,new_data,RULE_HR_V0.1,2025-10-01T12:00:00,2026-02-05T12:00:00,completed
RUN00002070,USR003055,MINDGUARD,2026-07-17T11:00:00,new_data,RULE_MG_V0.1,2026-01-17T11:00:00,2026-07-17T11:00:00,completed
RUN00002071,USR003057,MINDGUARD,2026-02-04T15:00:00,new_data,RULE_MG_V0.1,2025-10-25T15:00:00,2026-02-04T15:00:00,completed
RUN00002072,USR003058,HEALTH_RESERVE,2026-04-15T09:00:00,new_data,RULE_HR_V0.1,2025-09-22T09:00:00,2026-04-15T09:00:00,completed
RUN00002073,USR003062,MINDGUARD,2026-09-14T12:00:00,new_data,RULE_MG_V0.1,2026-01-31T04:00:00,2026-09-14T12:00:00,completed
RUN00002074,USR003064,MINDGUARD,2026-09-14T12:00:00,new_data,RULE_MG_V0.1,2026-01-12T00:00:00,2026-09-14T12:00:00,completed
RUN00002075,USR003065,MINDGUARD,2026-03-06T16:00:00,new_data,RULE_MG_V0.1,2025-10-03T16:00:00,2026-03-06T16:00:00,completed
RUN00002076,USR003075,MINDGUARD,2026-07-21T22:00:00,new_data,RULE_MG_V0.1,2026-02-21T22:00:00,2026-07-21T22:00:00,completed
RUN00002077,USR003077,MINDGUARD,2026-09-14T12:00:00,new_data,RULE_MG_V0.1,2026-01-18T21:00:00,2026-09-14T12:00:00,completed
RUN00002078,USR003078,MINDGUARD,2026-05-11T18:00:00,new_data,RULE_MG_V0.1,2025-09-29T18:00:00,2026-05-11T18:00:00,completed
RUN00002079,USR003079,MINDGUARD,2026-06-02T10:00:00,new_data,RULE_MG_V0.1,2025-11-19T10:00:00,2026-06-02T10:00:00,completed
RUN00002080,USR003080,MINDGUARD,2026-05-20T19:00:00,new_data,RULE_MG_V0.1,2026-01-10T19:00:00,2026-05-20T19:00:00,completed
RUN00002081,USR003081,MINDGUARD,2026-05-21T11:00:00,new_data,RULE_MG_V0.1,2025-10-30T11:00:00,2026-05-21T11:00:00,completed
RUN00002082,USR003082,MINDGUARD,2026-04-21T10:00:00,new_data,RULE_MG_V0.1,2025-11-25T10:00:00,2026-04-21T10:00:00,completed
RUN00002083,USR003083,MINDGUARD,2026-07-22T02:00:00,new_data,RULE_MG_V0.1,2025-10-23T02:00:00,2026-07-22T02:00:00,completed
RUN00002084,USR003084,MINDGUARD,2026-09-14T12:00:00,new_data,RULE_MG_V0.1,2026-01-22T13:00:00,2026-09-14T12:00:00,completed
RUN00002085,USR003085,MINDGUARD,2026-06-29T15:00:00,new_data,RULE_MG_V0.1,2026-01-01T15:00:00,2026-06-29T15:00:00,completed
RUN00002086,USR003086,HEALTH_RESERVE,2026-04-25T01:00:00,new_data,RULE_HR_V0.1,2025-11-16T01:00:00,2026-04-25T01:00:00,completed
RUN00002087,USR003087,HEALTH_RESERVE,2026-03-14T21:00:00,new_data,RULE_HR_V0.1,2025-10-30T21:00:00,2026-03-14T21:00:00,completed
RUN00002088,USR003088,MINDGUARD,2026-07-05T07:00:00,new_data,RULE_MG_V0.1,2026-01-28T07:00:00,2026-07-05T07:00:00,completed
RUN00002089,USR003090,MINDGUARD,2026-07-12T23:00:00,new_data,RULE_MG_V0.1,2025-10-30T23:00:00,2026-07-12T23:00:00,completed
RUN00002090,USR003092,HEALTH_RESERVE,2026-06-01T00:00:00,new_data,RULE_HR_V0.1,2026-01-24T00:00:00,2026-06-01T00:00:00,completed
RUN00002091,USR003093,HEALTH_RESERVE,2026-05-27T16:00:00,new_data,RULE_HR_V0.1,2025-12-17T16:00:00,2026-05-27T16:00:00,completed
RUN00002092,USR003095,MINDGUARD,2026-03-12T16:00:00,new_data,RULE_MG_V0.1,2025-09-30T16:00:00,2026-03-12T16:00:00,completed
RUN00002093,USR003096,MINDGUARD,2026-07-12T19:00:00,new_data,RULE_MG_V0.1,2026-01-18T19:00:00,2026-07-12T19:00:00,completed
RUN00002094,USR003097,MINDGUARD,2026-09-03T04:00:00,new_data,RULE_MG_V0.1,2025-11-10T04:00:00,2026-09-03T04:00:00,completed
RUN00002095,USR003098,MINDGUARD,2026-02-08T00:00:00,new_data,RULE_MG_V0.1,2025-10-24T00:00:00,2026-02-08T00:00:00,completed
RUN00002096,USR003100,HEALTH_RESERVE,2026-05-12T06:00:00,new_data,RULE_HR_V0.1,2025-11-28T06:00:00,2026-05-12T06:00:00,completed
RUN00002097,USR003101,MINDGUARD,2026-08-06T02:00:00,new_data,RULE_MG_V0.1,2026-01-19T02:00:00,2026-08-06T02:00:00,completed
RUN00002098,USR003104,MINDGUARD,2026-04-08T23:00:00,new_data,RULE_MG_V0.1,2026-01-06T23:00:00,2026-04-08T23:00:00,completed
RUN00002099,USR003105,MINDGUARD,2026-07-21T00:00:00,new_data,RULE_MG_V0.1,2025-09-24T00:00:00,2026-07-21T00:00:00,completed
RUN00002100,USR003105,HEALTH_RESERVE,2026-05-16T21:00:00,new_data,RULE_HR_V0.1,2025-09-29T21:00:00,2026-05-16T21:00:00,completed
RUN00002101,USR003107,MINDGUARD,2026-06-03T04:00:00,new_data,RULE_MG_V0.1,2025-12-01T04:00:00,2026-06-03T04:00:00,completed
RUN00002102,USR003109,HEALTH_RESERVE,2026-09-14T12:00:00,new_data,RULE_HR_V0.1,2026-01-22T20:00:00,2026-09-14T12:00:00,completed
RUN00002103,USR003110,MINDGUARD,2026-09-14T12:00:00,new_data,RULE_MG_V0.1,2026-02-08T04:00:00,2026-09-14T12:00:00,completed
RUN00002104,USR003113,MINDGUARD,2026-03-13T15:00:00,new_data,RULE_MG_V0.1,2025-11-02T15:00:00,2026-03-13T15:00:00,completed
RUN00002105,USR003113,HEALTH_RESERVE,2026-02-12T11:00:00,new_data,RULE_HR_V0.1,2025-11-04T11:00:00,2026-02-12T11:00:00,completed
RUN00002106,USR003114,HEALTH_RESERVE,2026-09-14T12:00:00,new_data,RULE_HR_V0.1,2026-02-09T02:00:00,2026-09-14T12:00:00,completed
RUN00002107,USR003117,MINDGUARD,2026-02-28T15:00:00,new_data,RULE_MG_V0.1,2025-11-29T15:00:00,2026-02-28T15:00:00,completed
RUN00002108,USR003118,MINDGUARD,2026-04-16T05:00:00,new_data,RULE_MG_V0.1,2025-11-25T05:00:00,2026-04-16T05:00:00,completed
RUN00002109,USR003120,MINDGUARD,2026-04-04T11:00:00,new_data,RULE_MG_V0.1,2025-09-26T11:00:00,2026-04-04T11:00:00,completed
RUN00002110,USR003121,MINDGUARD,2026-01-07T02:00:00,new_data,RULE_MG_V0.1,2025-10-04T02:00:00,2026-01-07T02:00:00,completed
RUN00002111,USR003121,HEALTH_RESERVE,2026-05-23T03:00:00,new_data,RULE_HR_V0.1,2025-10-02T03:00:00,2026-05-23T03:00:00,completed
RUN00002112,USR003122,MINDGUARD,2026-08-11T07:00:00,new_data,RULE_MG_V0.1,2026-02-01T07:00:00,2026-08-11T07:00:00,completed
RUN00002113,USR003123,MINDGUARD,2026-08-24T09:00:00,new_data,RULE_MG_V0.1,2026-02-14T09:00:00,2026-08-24T09:00:00,completed
RUN00002114,USR003123,HEALTH_RESERVE,2026-09-14T12:00:00,new_data,RULE_HR_V0.1,2026-02-03T17:00:00,2026-09-14T12:00:00,completed
RUN00002115,USR003125,MINDGUARD,2026-03-26T19:00:00,new_data,RULE_MG_V0.1,2025-12-16T19:00:00,2026-03-26T19:00:00,completed
RUN00002116,USR003126,MINDGUARD,2026-02-02T03:00:00,new_data,RULE_MG_V0.1,2025-10-15T03:00:00,2026-02-02T03:00:00,completed
RUN00002117,USR003127,HEALTH_RESERVE,2026-06-17T14:00:00,new_data,RULE_HR_V0.1,2025-09-30T14:00:00,2026-06-17T14:00:00,completed
RUN00002118,USR003133,MINDGUARD,2026-07-15T22:00:00,new_data,RULE_MG_V0.1,2025-11-03T22:00:00,2026-07-15T22:00:00,completed
RUN00002119,USR003135,MINDGUARD,2026-08-28T06:00:00,new_data,RULE_MG_V0.1,2026-02-17T06:00:00,2026-08-28T06:00:00,completed
RUN00002120,USR003139,MINDGUARD,2026-08-30T23:00:00,new_data,RULE_MG_V0.1,2025-12-29T23:00:00,2026-08-30T23:00:00,completed
RUN00002121,USR003140,MINDGUARD,2026-06-30T17:00:00,new_data,RULE_MG_V0.1,2026-02-07T17:00:00,2026-06-30T17:00:00,completed
RUN00002122,USR003141,HEALTH_RESERVE,2026-05-19T23:00:00,new_data,RULE_HR_V0.1,2025-10-20T23:00:00,2026-05-19T23:00:00,completed
RUN00002123,USR003142,MINDGUARD,2026-06-23T03:00:00,new_data,RULE_MG_V0.1,2025-10-13T03:00:00,2026-06-23T03:00:00,completed
RUN00002124,USR003143,MINDGUARD,2026-09-14T12:00:00,new_data,RULE_MG_V0.1,2026-02-13T21:00:00,2026-09-14T12:00:00,completed
RUN00002125,USR003145,MINDGUARD,2026-07-23T09:00:00,new_data,RULE_MG_V0.1,2025-10-23T09:00:00,2026-07-23T09:00:00,completed
RUN00002126,USR003146,MINDGUARD,2026-05-14T19:00:00,new_data,RULE_MG_V0.1,2025-10-25T19:00:00,2026-05-14T19:00:00,completed
RUN00002127,USR003147,MINDGUARD,2026-03-14T22:00:00,new_data,RULE_MG_V0.1,2025-11-18T22:00:00,2026-03-14T22:00:00,completed
RUN00002128,USR003149,MINDGUARD,2026-04-07T19:00:00,new_data,RULE_MG_V0.1,2026-01-02T19:00:00,2026-04-07T19:00:00,completed
RUN00002129,USR003151,MINDGUARD,2026-02-16T07:00:00,new_data,RULE_MG_V0.1,2025-09-30T07:00:00,2026-02-16T07:00:00,completed
RUN00002130,USR003153,HEALTH_RESERVE,2026-08-10T12:00:00,new_data,RULE_HR_V0.1,2025-12-15T12:00:00,2026-08-10T12:00:00,completed
RUN00002131,USR003154,HEALTH_RESERVE,2026-06-21T09:00:00,new_data,RULE_HR_V0.1,2026-02-06T09:00:00,2026-06-21T09:00:00,completed
RUN00002132,USR003156,MINDGUARD,2026-08-12T02:00:00,new_data,RULE_MG_V0.1,2025-11-06T02:00:00,2026-08-12T02:00:00,completed
RUN00002133,USR003160,MINDGUARD,2026-08-04T13:00:00,new_data,RULE_MG_V0.1,2025-10-17T13:00:00,2026-08-04T13:00:00,completed
RUN00002134,USR003160,HEALTH_RESERVE,2026-05-14T12:00:00,new_data,RULE_HR_V0.1,2025-10-19T12:00:00,2026-05-14T12:00:00,completed
RUN00002135,USR003162,HEALTH_RESERVE,2026-06-18T18:00:00,new_data,RULE_HR_V0.1,2025-12-05T18:00:00,2026-06-18T18:00:00,completed
RUN00002136,USR003163,HEALTH_RESERVE,2026-06-10T13:00:00,new_data,RULE_HR_V0.1,2026-02-02T13:00:00,2026-06-10T13:00:00,completed
RUN00002137,USR003164,MINDGUARD,2026-08-15T01:00:00,new_data,RULE_MG_V0.1,2026-02-03T01:00:00,2026-08-15T01:00:00,completed
RUN00002138,USR003165,MINDGUARD,2026-05-07T21:00:00,new_data,RULE_MG_V0.1,2025-10-21T21:00:00,2026-05-07T21:00:00,completed
RUN00002139,USR003168,MINDGUARD,2026-07-27T06:00:00,new_data,RULE_MG_V0.1,2025-10-21T06:00:00,2026-07-27T06:00:00,completed
RUN00002140,USR003169,HEALTH_RESERVE,2026-05-07T02:00:00,new_data,RULE_HR_V0.1,2025-11-09T02:00:00,2026-05-07T02:00:00,completed
RUN00002141,USR003171,MINDGUARD,2026-08-13T23:00:00,new_data,RULE_MG_V0.1,2026-01-28T23:00:00,2026-08-13T23:00:00,completed
RUN00002142,USR003172,MINDGUARD,2026-08-03T00:00:00,new_data,RULE_MG_V0.1,2025-10-07T00:00:00,2026-08-03T00:00:00,completed
RUN00002143,USR003174,MINDGUARD,2026-09-10T23:00:00,new_data,RULE_MG_V0.1,2026-01-21T23:00:00,2026-09-10T23:00:00,completed
RUN00002144,USR003175,MINDGUARD,2026-04-27T22:00:00,new_data,RULE_MG_V0.1,2025-11-09T22:00:00,2026-04-27T22:00:00,completed
RUN00002145,USR003177,MINDGUARD,2026-09-14T12:00:00,new_data,RULE_MG_V0.1,2026-01-25T19:00:00,2026-09-14T12:00:00,completed
RUN00002146,USR003178,MINDGUARD,2026-07-03T19:00:00,new_data,RULE_MG_V0.1,2025-12-18T19:00:00,2026-07-03T19:00:00,completed
RUN00002147,USR003179,MINDGUARD,2026-05-09T22:00:00,new_data,RULE_MG_V0.1,2026-02-05T22:00:00,2026-05-09T22:00:00,completed
RUN00002148,USR003180,MINDGUARD,2026-04-09T15:00:00,new_data,RULE_MG_V0.1,2026-01-04T15:00:00,2026-04-09T15:00:00,completed
RUN00002149,USR003181,MINDGUARD,2026-05-15T15:00:00,new_data,RULE_MG_V0.1,2025-10-09T15:00:00,2026-05-15T15:00:00,completed
RUN00002150,USR003182,MINDGUARD,2026-05-01T18:00:00,new_data,RULE_MG_V0.1,2026-01-17T18:00:00,2026-05-01T18:00:00,completed
RUN00002151,USR003184,HEALTH_RESERVE,2026-04-12T23:00:00,new_data,RULE_HR_V0.1,2025-12-21T23:00:00,2026-04-12T23:00:00,completed
RUN00002152,USR003185,MINDGUARD,2026-04-09T02:00:00,new_data,RULE_MG_V0.1,2025-12-06T02:00:00,2026-04-09T02:00:00,completed
RUN00002153,USR003186,HEALTH_RESERVE,2026-09-14T12:00:00,new_data,RULE_HR_V0.1,2026-01-08T17:00:00,2026-09-14T12:00:00,completed
RUN00002154,USR003187,HEALTH_RESERVE,2026-02-08T16:00:00,new_data,RULE_HR_V0.1,2025-10-03T16:00:00,2026-02-08T16:00:00,completed
RUN00002155,USR003188,MINDGUARD,2026-02-08T02:00:00,new_data,RULE_MG_V0.1,2025-10-29T02:00:00,2026-02-08T02:00:00,completed
RUN00002156,USR003190,HEALTH_RESERVE,2026-07-02T20:00:00,new_data,RULE_HR_V0.1,2026-01-28T20:00:00,2026-07-02T20:00:00,completed
RUN00002157,USR003191,MINDGUARD,2026-05-25T10:00:00,new_data,RULE_MG_V0.1,2025-10-17T10:00:00,2026-05-25T10:00:00,completed
RUN00002158,USR003194,HEALTH_RESERVE,2026-02-17T09:00:00,new_data,RULE_HR_V0.1,2025-11-19T09:00:00,2026-02-17T09:00:00,completed
RUN00002159,USR003195,MINDGUARD,2026-05-11T18:00:00,new_data,RULE_MG_V0.1,2025-10-23T18:00:00,2026-05-11T18:00:00,completed
RUN00002160,USR003196,MINDGUARD,2026-08-19T16:00:00,new_data,RULE_MG_V0.1,2025-12-23T16:00:00,2026-08-19T16:00:00,completed
RUN00002161,USR003197,MINDGUARD,2025-12-31T13:00:00,new_data,RULE_MG_V0.1,2025-09-20T13:00:00,2025-12-31T13:00:00,completed
RUN00002162,USR003198,HEALTH_RESERVE,2026-07-06T08:00:00,new_data,RULE_HR_V0.1,2026-01-10T08:00:00,2026-07-06T08:00:00,completed
RUN00002163,USR003200,MINDGUARD,2026-07-21T16:00:00,new_data,RULE_MG_V0.1,2025-12-27T16:00:00,2026-07-21T16:00:00,completed
RUN00002164,USR003201,MINDGUARD,2026-07-14T14:00:00,new_data,RULE_MG_V0.1,2025-10-01T14:00:00,2026-07-14T14:00:00,completed
RUN00002165,USR003206,MINDGUARD,2026-02-06T05:00:00,new_data,RULE_MG_V0.1,2025-09-25T05:00:00,2026-02-06T05:00:00,completed
RUN00002166,USR003207,MINDGUARD,2026-03-02T11:00:00,new_data,RULE_MG_V0.1,2025-10-08T11:00:00,2026-03-02T11:00:00,completed
RUN00002167,USR003211,MINDGUARD,2026-07-20T04:00:00,new_data,RULE_MG_V0.1,2025-12-19T04:00:00,2026-07-20T04:00:00,completed
RUN00002168,USR003212,HEALTH_RESERVE,2026-07-19T12:00:00,new_data,RULE_HR_V0.1,2026-02-05T12:00:00,2026-07-19T12:00:00,completed
RUN00002169,USR003213,MINDGUARD,2026-06-11T21:00:00,new_data,RULE_MG_V0.1,2025-11-10T21:00:00,2026-06-11T21:00:00,completed
RUN00002170,USR003213,HEALTH_RESERVE,2026-06-01T17:00:00,new_data,RULE_HR_V0.1,2025-11-05T17:00:00,2026-06-01T17:00:00,completed
RUN00002171,USR003214,MINDGUARD,2026-05-10T13:00:00,new_data,RULE_MG_V0.1,2026-02-09T13:00:00,2026-05-10T13:00:00,completed
RUN00002172,USR003215,MINDGUARD,2026-06-17T05:00:00,new_data,RULE_MG_V0.1,2025-09-28T05:00:00,2026-06-17T05:00:00,completed
RUN00002173,USR003216,MINDGUARD,2026-05-11T01:00:00,new_data,RULE_MG_V0.1,2025-11-24T01:00:00,2026-05-11T01:00:00,completed
RUN00002174,USR003217,MINDGUARD,2026-03-07T18:00:00,new_data,RULE_MG_V0.1,2025-11-23T18:00:00,2026-03-07T18:00:00,completed
RUN00002175,USR003218,MINDGUARD,2026-07-07T04:00:00,new_data,RULE_MG_V0.1,2026-02-05T04:00:00,2026-07-07T04:00:00,completed
RUN00002176,USR003219,MINDGUARD,2026-07-24T08:00:00,new_data,RULE_MG_V0.1,2025-12-30T08:00:00,2026-07-24T08:00:00,completed
RUN00002177,USR003221,MINDGUARD,2026-06-28T16:00:00,new_data,RULE_MG_V0.1,2025-11-07T16:00:00,2026-06-28T16:00:00,completed
RUN00002178,USR003222,HEALTH_RESERVE,2026-04-10T21:00:00,new_data,RULE_HR_V0.1,2025-10-27T21:00:00,2026-04-10T21:00:00,completed
RUN00002179,USR003223,MINDGUARD,2026-05-27T09:00:00,new_data,RULE_MG_V0.1,2025-10-01T09:00:00,2026-05-27T09:00:00,completed
RUN00002180,USR003225,MINDGUARD,2026-03-15T18:00:00,new_data,RULE_MG_V0.1,2025-10-19T18:00:00,2026-03-15T18:00:00,completed
RUN00002181,USR003226,HEALTH_RESERVE,2026-03-11T08:00:00,new_data,RULE_HR_V0.1,2025-12-09T08:00:00,2026-03-11T08:00:00,completed
RUN00002182,USR003227,MINDGUARD,2026-08-25T15:00:00,new_data,RULE_MG_V0.1,2025-12-23T15:00:00,2026-08-25T15:00:00,completed
RUN00002183,USR003230,MINDGUARD,2026-04-30T07:00:00,new_data,RULE_MG_V0.1,2026-01-16T07:00:00,2026-04-30T07:00:00,completed
RUN00002184,USR003231,MINDGUARD,2026-05-03T13:00:00,new_data,RULE_MG_V0.1,2025-10-19T13:00:00,2026-05-03T13:00:00,completed
RUN00002185,USR003232,MINDGUARD,2026-06-21T00:00:00,new_data,RULE_MG_V0.1,2025-12-05T00:00:00,2026-06-21T00:00:00,completed
RUN00002186,USR003233,HEALTH_RESERVE,2026-07-10T01:00:00,new_data,RULE_HR_V0.1,2025-10-01T01:00:00,2026-07-10T01:00:00,completed
RUN00002187,USR003234,HEALTH_RESERVE,2026-04-27T06:00:00,new_data,RULE_HR_V0.1,2026-01-25T06:00:00,2026-04-27T06:00:00,completed
RUN00002188,USR003239,MINDGUARD,2026-07-16T09:00:00,new_data,RULE_MG_V0.1,2025-12-11T09:00:00,2026-07-16T09:00:00,completed
RUN00002189,USR003240,MINDGUARD,2026-09-08T08:00:00,new_data,RULE_MG_V0.1,2025-12-14T08:00:00,2026-09-08T08:00:00,completed
RUN00002190,USR003241,MINDGUARD,2026-05-12T15:00:00,new_data,RULE_MG_V0.1,2025-11-15T15:00:00,2026-05-12T15:00:00,completed
RUN00002191,USR003242,MINDGUARD,2026-02-11T06:00:00,new_data,RULE_MG_V0.1,2025-11-10T06:00:00,2026-02-11T06:00:00,completed
RUN00002192,USR003242,HEALTH_RESERVE,2026-08-09T22:00:00,new_data,RULE_HR_V0.1,2025-11-21T22:00:00,2026-08-09T22:00:00,completed
RUN00002193,USR003243,HEALTH_RESERVE,2026-03-27T10:00:00,new_data,RULE_HR_V0.1,2025-11-11T10:00:00,2026-03-27T10:00:00,completed
RUN00002194,USR003244,MINDGUARD,2026-05-30T12:00:00,new_data,RULE_MG_V0.1,2025-10-26T12:00:00,2026-05-30T12:00:00,completed
RUN00002195,USR003245,MINDGUARD,2026-02-23T11:00:00,new_data,RULE_MG_V0.1,2025-10-04T11:00:00,2026-02-23T11:00:00,completed
RUN00002196,USR003246,MINDGUARD,2026-02-27T16:00:00,new_data,RULE_MG_V0.1,2025-11-09T16:00:00,2026-02-27T16:00:00,completed
RUN00002197,USR003248,HEALTH_RESERVE,2026-02-15T12:00:00,new_data,RULE_HR_V0.1,2025-09-20T12:00:00,2026-02-15T12:00:00,completed
RUN00002198,USR003251,HEALTH_RESERVE,2026-03-04T17:00:00,new_data,RULE_HR_V0.1,2025-11-05T17:00:00,2026-03-04T17:00:00,completed
RUN00002199,USR003252,MINDGUARD,2026-04-17T04:00:00,new_data,RULE_MG_V0.1,2025-11-22T04:00:00,2026-04-17T04:00:00,completed
RUN00002200,USR003253,MINDGUARD,2026-08-28T17:00:00,new_data,RULE_MG_V0.1,2025-11-09T17:00:00,2026-08-28T17:00:00,completed
RUN00002201,USR003254,MINDGUARD,2026-06-16T21:00:00,new_data,RULE_MG_V0.1,2025-11-11T21:00:00,2026-06-16T21:00:00,completed
RUN00002202,USR003255,MINDGUARD,2026-05-04T08:00:00,new_data,RULE_MG_V0.1,2025-11-04T08:00:00,2026-05-04T08:00:00,completed
RUN00002203,USR003258,MINDGUARD,2026-04-26T07:00:00,new_data,RULE_MG_V0.1,2025-11-07T07:00:00,2026-04-26T07:00:00,completed
RUN00002204,USR003260,MINDGUARD,2026-07-11T14:00:00,new_data,RULE_MG_V0.1,2025-11-22T14:00:00,2026-07-11T14:00:00,completed
RUN00002205,USR003261,MINDGUARD,2026-07-02T10:00:00,new_data,RULE_MG_V0.1,2025-10-18T10:00:00,2026-07-02T10:00:00,completed
RUN00002206,USR003263,MINDGUARD,2026-06-14T01:00:00,new_data,RULE_MG_V0.1,2025-11-18T01:00:00,2026-06-14T01:00:00,completed
RUN00002207,USR003264,MINDGUARD,2026-04-20T02:00:00,new_data,RULE_MG_V0.1,2025-12-12T02:00:00,2026-04-20T02:00:00,completed
RUN00002208,USR003265,MINDGUARD,2026-08-28T23:00:00,new_data,RULE_MG_V0.1,2025-12-24T23:00:00,2026-08-28T23:00:00,completed
RUN00002209,USR003265,HEALTH_RESERVE,2026-06-01T23:00:00,new_data,RULE_HR_V0.1,2026-01-05T23:00:00,2026-06-01T23:00:00,completed
RUN00002210,USR003267,MINDGUARD,2026-08-30T00:00:00,new_data,RULE_MG_V0.1,2025-12-07T00:00:00,2026-08-30T00:00:00,completed
RUN00002211,USR003268,MINDGUARD,2026-01-13T17:00:00,new_data,RULE_MG_V0.1,2025-09-25T17:00:00,2026-01-13T17:00:00,completed
RUN00002212,USR003269,HEALTH_RESERVE,2026-07-27T23:00:00,new_data,RULE_HR_V0.1,2025-10-08T23:00:00,2026-07-27T23:00:00,completed
RUN00002213,USR003270,MINDGUARD,2026-03-24T07:00:00,new_data,RULE_MG_V0.1,2025-10-30T07:00:00,2026-03-24T07:00:00,completed
RUN00002214,USR003271,MINDGUARD,2026-03-20T07:00:00,new_data,RULE_MG_V0.1,2025-12-14T07:00:00,2026-03-20T07:00:00,completed
RUN00002215,USR003273,MINDGUARD,2026-09-14T12:00:00,new_data,RULE_MG_V0.1,2026-02-03T01:00:00,2026-09-14T12:00:00,completed
RUN00002216,USR003274,MINDGUARD,2026-05-29T16:00:00,new_data,RULE_MG_V0.1,2026-01-28T16:00:00,2026-05-29T16:00:00,completed
RUN00002217,USR003275,HEALTH_RESERVE,2026-01-28T08:00:00,new_data,RULE_HR_V0.1,2025-10-28T08:00:00,2026-01-28T08:00:00,completed
RUN00002218,USR003277,MINDGUARD,2026-02-28T06:00:00,new_data,RULE_MG_V0.1,2025-11-28T06:00:00,2026-02-28T06:00:00,completed
RUN00002219,USR003278,MINDGUARD,2026-09-14T12:00:00,new_data,RULE_MG_V0.1,2026-01-27T04:00:00,2026-09-14T12:00:00,completed
RUN00002220,USR003278,HEALTH_RESERVE,2026-05-12T12:00:00,new_data,RULE_HR_V0.1,2026-01-21T12:00:00,2026-05-12T12:00:00,completed
RUN00002221,USR003280,HEALTH_RESERVE,2026-08-21T21:00:00,new_data,RULE_HR_V0.1,2025-12-22T21:00:00,2026-08-21T21:00:00,completed
RUN00002222,USR003283,MINDGUARD,2026-04-13T17:00:00,new_data,RULE_MG_V0.1,2025-11-23T17:00:00,2026-04-13T17:00:00,completed
RUN00002223,USR003284,HEALTH_RESERVE,2026-07-24T18:00:00,new_data,RULE_HR_V0.1,2025-11-11T18:00:00,2026-07-24T18:00:00,completed
RUN00002224,USR003287,HEALTH_RESERVE,2026-03-21T13:00:00,new_data,RULE_HR_V0.1,2025-10-29T13:00:00,2026-03-21T13:00:00,completed
RUN00002225,USR003288,MINDGUARD,2026-04-15T09:00:00,new_data,RULE_MG_V0.1,2025-11-20T09:00:00,2026-04-15T09:00:00,completed
RUN00002226,USR003289,MINDGUARD,2026-09-06T20:00:00,new_data,RULE_MG_V0.1,2025-11-19T20:00:00,2026-09-06T20:00:00,completed
RUN00002227,USR003290,MINDGUARD,2026-06-19T10:00:00,new_data,RULE_MG_V0.1,2025-10-28T10:00:00,2026-06-19T10:00:00,completed
RUN00002228,USR003291,MINDGUARD,2026-05-28T18:00:00,new_data,RULE_MG_V0.1,2026-01-08T18:00:00,2026-05-28T18:00:00,completed
RUN00002229,USR003293,HEALTH_RESERVE,2026-03-07T11:00:00,new_data,RULE_HR_V0.1,2025-10-23T11:00:00,2026-03-07T11:00:00,completed
RUN00002230,USR003294,HEALTH_RESERVE,2026-07-17T13:00:00,new_data,RULE_HR_V0.1,2025-10-31T13:00:00,2026-07-17T13:00:00,completed
RUN00002231,USR003295,MINDGUARD,2026-09-14T12:00:00,new_data,RULE_MG_V0.1,2026-02-07T13:00:00,2026-09-14T12:00:00,completed
RUN00002232,USR003298,MINDGUARD,2026-07-21T03:00:00,new_data,RULE_MG_V0.1,2025-12-02T03:00:00,2026-07-21T03:00:00,completed
RUN00002233,USR003299,HEALTH_RESERVE,2026-04-15T14:00:00,new_data,RULE_HR_V0.1,2025-11-17T14:00:00,2026-04-15T14:00:00,completed
RUN00002234,USR003300,MINDGUARD,2026-09-14T12:00:00,new_data,RULE_MG_V0.1,2026-01-27T16:00:00,2026-09-14T12:00:00,completed
RUN00002235,USR003301,MINDGUARD,2026-03-15T10:00:00,new_data,RULE_MG_V0.1,2025-10-28T10:00:00,2026-03-15T10:00:00,completed
RUN00002236,USR003304,MINDGUARD,2026-09-08T00:00:00,new_data,RULE_MG_V0.1,2026-01-04T00:00:00,2026-09-08T00:00:00,completed
RUN00002237,USR003304,HEALTH_RESERVE,2026-08-08T21:00:00,new_data,RULE_HR_V0.1,2026-01-11T21:00:00,2026-08-08T21:00:00,completed
RUN00002238,USR003306,MINDGUARD,2026-08-06T18:00:00,new_data,RULE_MG_V0.1,2025-10-14T18:00:00,2026-08-06T18:00:00,completed
RUN00002239,USR003307,MINDGUARD,2026-09-14T12:00:00,new_data,RULE_MG_V0.1,2026-01-21T23:00:00,2026-09-14T12:00:00,completed
RUN00002240,USR003308,HEALTH_RESERVE,2026-09-14T12:00:00,new_data,RULE_HR_V0.1,2026-01-07T10:00:00,2026-09-14T12:00:00,completed
RUN00002241,USR003310,MINDGUARD,2026-07-17T19:00:00,new_data,RULE_MG_V0.1,2026-01-22T19:00:00,2026-07-17T19:00:00,completed
RUN00002242,USR003312,MINDGUARD,2026-07-12T09:00:00,new_data,RULE_MG_V0.1,2026-01-01T09:00:00,2026-07-12T09:00:00,completed
RUN00002243,USR003312,HEALTH_RESERVE,2026-07-07T09:00:00,new_data,RULE_HR_V0.1,2025-12-29T09:00:00,2026-07-07T09:00:00,completed
RUN00002244,USR003314,MINDGUARD,2026-05-15T10:00:00,new_data,RULE_MG_V0.1,2025-10-19T10:00:00,2026-05-15T10:00:00,completed
RUN00002245,USR003315,MINDGUARD,2026-09-02T16:00:00,new_data,RULE_MG_V0.1,2025-11-08T16:00:00,2026-09-02T16:00:00,completed
RUN00002246,USR003316,MINDGUARD,2026-07-26T23:00:00,new_data,RULE_MG_V0.1,2025-12-28T23:00:00,2026-07-26T23:00:00,completed
RUN00002247,USR003316,HEALTH_RESERVE,2026-05-22T18:00:00,new_data,RULE_HR_V0.1,2025-12-24T18:00:00,2026-05-22T18:00:00,completed
RUN00002248,USR003317,MINDGUARD,2026-09-14T12:00:00,new_data,RULE_MG_V0.1,2026-02-03T01:00:00,2026-09-14T12:00:00,completed
RUN00002249,USR003321,MINDGUARD,2026-03-11T06:00:00,new_data,RULE_MG_V0.1,2025-10-23T06:00:00,2026-03-11T06:00:00,completed
RUN00002250,USR003322,HEALTH_RESERVE,2026-02-22T10:00:00,new_data,RULE_HR_V0.1,2025-10-19T10:00:00,2026-02-22T10:00:00,completed
RUN00002251,USR003327,MINDGUARD,2026-07-03T14:00:00,new_data,RULE_MG_V0.1,2025-10-02T14:00:00,2026-07-03T14:00:00,completed
RUN00002252,USR003328,MINDGUARD,2026-02-02T13:00:00,new_data,RULE_MG_V0.1,2025-09-15T13:00:00,2026-02-02T13:00:00,completed
RUN00002253,USR003329,HEALTH_RESERVE,2026-09-14T12:00:00,new_data,RULE_HR_V0.1,2025-12-14T23:00:00,2026-09-14T12:00:00,completed
RUN00002254,USR003330,MINDGUARD,2026-04-21T05:00:00,new_data,RULE_MG_V0.1,2025-10-01T05:00:00,2026-04-21T05:00:00,completed
RUN00002255,USR003331,MINDGUARD,2026-08-24T06:00:00,new_data,RULE_MG_V0.1,2025-11-14T06:00:00,2026-08-24T06:00:00,completed
RUN00002256,USR003332,MINDGUARD,2026-06-29T14:00:00,new_data,RULE_MG_V0.1,2025-11-25T14:00:00,2026-06-29T14:00:00,completed
RUN00002257,USR003334,MINDGUARD,2026-04-25T03:00:00,new_data,RULE_MG_V0.1,2025-12-03T03:00:00,2026-04-25T03:00:00,completed
RUN00002258,USR003337,MINDGUARD,2026-04-17T02:00:00,new_data,RULE_MG_V0.1,2025-10-01T02:00:00,2026-04-17T02:00:00,completed
RUN00002259,USR003338,HEALTH_RESERVE,2026-09-14T12:00:00,new_data,RULE_HR_V0.1,2026-01-26T19:00:00,2026-09-14T12:00:00,completed
RUN00002260,USR003339,MINDGUARD,2026-09-07T23:00:00,new_data,RULE_MG_V0.1,2026-01-16T23:00:00,2026-09-07T23:00:00,completed
RUN00002261,USR003340,MINDGUARD,2026-07-28T00:00:00,new_data,RULE_MG_V0.1,2026-01-27T00:00:00,2026-07-28T00:00:00,completed
RUN00002262,USR003341,HEALTH_RESERVE,2026-09-14T12:00:00,new_data,RULE_HR_V0.1,2025-12-27T05:00:00,2026-09-14T12:00:00,completed
RUN00002263,USR003342,MINDGUARD,2026-08-21T08:00:00,new_data,RULE_MG_V0.1,2025-11-07T08:00:00,2026-08-21T08:00:00,completed
RUN00002264,USR003346,MINDGUARD,2026-09-14T12:00:00,new_data,RULE_MG_V0.1,2026-02-09T17:00:00,2026-09-14T12:00:00,completed
RUN00002265,USR003348,HEALTH_RESERVE,2026-04-10T22:00:00,new_data,RULE_HR_V0.1,2025-12-25T22:00:00,2026-04-10T22:00:00,completed
RUN00002266,USR003349,MINDGUARD,2026-06-17T06:00:00,new_data,RULE_MG_V0.1,2025-11-06T06:00:00,2026-06-17T06:00:00,completed
RUN00002267,USR003352,MINDGUARD,2026-08-21T07:00:00,new_data,RULE_MG_V0.1,2025-12-15T07:00:00,2026-08-21T07:00:00,completed
RUN00002268,USR003352,HEALTH_RESERVE,2026-07-02T09:00:00,new_data,RULE_HR_V0.1,2025-12-19T09:00:00,2026-07-02T09:00:00,completed
RUN00002269,USR003353,MINDGUARD,2026-07-18T20:00:00,new_data,RULE_MG_V0.1,2025-12-09T20:00:00,2026-07-18T20:00:00,completed
RUN00002270,USR003355,MINDGUARD,2026-07-05T19:00:00,new_data,RULE_MG_V0.1,2025-09-22T19:00:00,2026-07-05T19:00:00,completed
RUN00002271,USR003357,HEALTH_RESERVE,2026-06-13T21:00:00,new_data,RULE_HR_V0.1,2025-12-26T21:00:00,2026-06-13T21:00:00,completed
RUN00002272,USR003360,HEALTH_RESERVE,2026-06-13T20:00:00,new_data,RULE_HR_V0.1,2026-01-11T20:00:00,2026-06-13T20:00:00,completed
RUN00002273,USR003363,MINDGUARD,2026-08-20T00:00:00,new_data,RULE_MG_V0.1,2026-02-04T00:00:00,2026-08-20T00:00:00,completed
RUN00002274,USR003367,MINDGUARD,2026-03-31T13:00:00,new_data,RULE_MG_V0.1,2025-11-24T13:00:00,2026-03-31T13:00:00,completed
RUN00002275,USR003368,MINDGUARD,2026-02-10T00:00:00,new_data,RULE_MG_V0.1,2025-11-05T00:00:00,2026-02-10T00:00:00,completed
RUN00002276,USR003370,MINDGUARD,2026-03-22T04:00:00,new_data,RULE_MG_V0.1,2025-12-06T04:00:00,2026-03-22T04:00:00,completed
RUN00002277,USR003372,MINDGUARD,2026-05-04T05:00:00,new_data,RULE_MG_V0.1,2026-01-15T05:00:00,2026-05-04T05:00:00,completed
RUN00002278,USR003372,HEALTH_RESERVE,2026-04-27T02:00:00,new_data,RULE_HR_V0.1,2026-01-17T02:00:00,2026-04-27T02:00:00,completed
RUN00002279,USR003374,MINDGUARD,2026-07-28T12:00:00,new_data,RULE_MG_V0.1,2025-10-26T12:00:00,2026-07-28T12:00:00,completed
RUN00002280,USR003376,HEALTH_RESERVE,2026-06-19T22:00:00,new_data,RULE_HR_V0.1,2025-11-23T22:00:00,2026-06-19T22:00:00,completed
RUN00002281,USR003378,MINDGUARD,2026-04-28T04:00:00,new_data,RULE_MG_V0.1,2025-12-30T04:00:00,2026-04-28T04:00:00,completed
RUN00002282,USR003380,MINDGUARD,2026-06-20T23:00:00,new_data,RULE_MG_V0.1,2025-10-16T23:00:00,2026-06-20T23:00:00,completed
RUN00002283,USR003381,MINDGUARD,2026-09-14T12:00:00,new_data,RULE_MG_V0.1,2026-01-02T10:00:00,2026-09-14T12:00:00,completed
RUN00002284,USR003383,MINDGUARD,2026-06-14T07:00:00,new_data,RULE_MG_V0.1,2025-11-23T07:00:00,2026-06-14T07:00:00,completed
RUN00002285,USR003383,HEALTH_RESERVE,2026-06-21T12:00:00,new_data,RULE_HR_V0.1,2025-11-23T12:00:00,2026-06-21T12:00:00,completed
RUN00002286,USR003386,MINDGUARD,2026-04-28T01:00:00,new_data,RULE_MG_V0.1,2026-01-23T01:00:00,2026-04-28T01:00:00,completed
RUN00002287,USR003388,HEALTH_RESERVE,2026-07-22T01:00:00,new_data,RULE_HR_V0.1,2025-12-10T01:00:00,2026-07-22T01:00:00,completed
RUN00002288,USR003392,MINDGUARD,2026-02-24T13:00:00,new_data,RULE_MG_V0.1,2025-10-14T13:00:00,2026-02-24T13:00:00,completed
RUN00002289,USR003394,MINDGUARD,2026-07-15T04:00:00,new_data,RULE_MG_V0.1,2025-10-02T04:00:00,2026-07-15T04:00:00,completed
RUN00002290,USR003398,HEALTH_RESERVE,2026-04-23T03:00:00,new_data,RULE_HR_V0.1,2025-11-18T03:00:00,2026-04-23T03:00:00,completed
RUN00002291,USR003399,HEALTH_RESERVE,2026-08-13T17:00:00,new_data,RULE_HR_V0.1,2026-01-09T17:00:00,2026-08-13T17:00:00,completed
RUN00002292,USR003401,MINDGUARD,2026-02-07T20:00:00,new_data,RULE_MG_V0.1,2025-11-06T20:00:00,2026-02-07T20:00:00,completed
RUN00002293,USR003402,HEALTH_RESERVE,2026-08-19T11:00:00,new_data,RULE_HR_V0.1,2026-01-31T11:00:00,2026-08-19T11:00:00,completed
RUN00002294,USR003403,HEALTH_RESERVE,2026-06-21T15:00:00,new_data,RULE_HR_V0.1,2026-02-01T15:00:00,2026-06-21T15:00:00,completed
RUN00002295,USR003406,MINDGUARD,2026-04-21T02:00:00,new_data,RULE_MG_V0.1,2025-10-22T02:00:00,2026-04-21T02:00:00,completed
RUN00002296,USR003408,MINDGUARD,2026-09-13T07:00:00,new_data,RULE_MG_V0.1,2026-01-29T07:00:00,2026-09-13T07:00:00,completed
RUN00002297,USR003409,MINDGUARD,2026-01-11T00:00:00,new_data,RULE_MG_V0.1,2025-09-23T00:00:00,2026-01-11T00:00:00,completed
RUN00002298,USR003410,HEALTH_RESERVE,2026-05-31T12:00:00,new_data,RULE_HR_V0.1,2026-01-11T12:00:00,2026-05-31T12:00:00,completed
RUN00002299,USR003411,MINDGUARD,2026-06-11T11:00:00,new_data,RULE_MG_V0.1,2026-01-27T11:00:00,2026-06-11T11:00:00,completed
RUN00002300,USR003412,MINDGUARD,2026-04-05T05:00:00,new_data,RULE_MG_V0.1,2025-10-07T05:00:00,2026-04-05T05:00:00,completed
RUN00002301,USR003413,HEALTH_RESERVE,2026-09-02T03:00:00,new_data,RULE_HR_V0.1,2025-11-11T03:00:00,2026-09-02T03:00:00,completed
RUN00002302,USR003415,MINDGUARD,2026-09-14T12:00:00,new_data,RULE_MG_V0.1,2026-02-05T08:00:00,2026-09-14T12:00:00,completed
RUN00002303,USR003417,MINDGUARD,2026-05-29T02:00:00,new_data,RULE_MG_V0.1,2026-01-04T02:00:00,2026-05-29T02:00:00,completed
RUN00002304,USR003418,HEALTH_RESERVE,2026-02-02T03:00:00,new_data,RULE_HR_V0.1,2025-10-11T03:00:00,2026-02-02T03:00:00,completed
RUN00002305,USR003419,MINDGUARD,2026-06-11T10:00:00,new_data,RULE_MG_V0.1,2026-01-30T10:00:00,2026-06-11T10:00:00,completed
RUN00002306,USR003422,MINDGUARD,2026-05-13T10:00:00,new_data,RULE_MG_V0.1,2025-11-27T10:00:00,2026-05-13T10:00:00,completed
RUN00002307,USR003423,MINDGUARD,2026-07-08T05:00:00,new_data,RULE_MG_V0.1,2026-01-02T05:00:00,2026-07-08T05:00:00,completed
RUN00002308,USR003425,HEALTH_RESERVE,2026-07-29T21:00:00,new_data,RULE_HR_V0.1,2026-01-11T21:00:00,2026-07-29T21:00:00,completed
RUN00002309,USR003426,HEALTH_RESERVE,2026-05-31T16:00:00,new_data,RULE_HR_V0.1,2026-01-24T16:00:00,2026-05-31T16:00:00,completed
RUN00002310,USR003430,HEALTH_RESERVE,2026-02-27T14:00:00,new_data,RULE_HR_V0.1,2025-10-20T14:00:00,2026-02-27T14:00:00,completed
RUN00002311,USR003431,MINDGUARD,2026-06-09T21:00:00,new_data,RULE_MG_V0.1,2025-12-20T21:00:00,2026-06-09T21:00:00,completed
RUN00002312,USR003437,MINDGUARD,2026-02-22T06:00:00,new_data,RULE_MG_V0.1,2025-10-28T06:00:00,2026-02-22T06:00:00,completed
RUN00002313,USR003437,HEALTH_RESERVE,2026-03-10T01:00:00,new_data,RULE_HR_V0.1,2025-10-31T01:00:00,2026-03-10T01:00:00,completed
RUN00002314,USR003438,MINDGUARD,2026-04-09T13:00:00,new_data,RULE_MG_V0.1,2025-10-13T13:00:00,2026-04-09T13:00:00,completed
RUN00002315,USR003440,HEALTH_RESERVE,2026-07-05T16:00:00,new_data,RULE_HR_V0.1,2026-02-14T16:00:00,2026-07-05T16:00:00,completed
RUN00002316,USR003442,HEALTH_RESERVE,2026-02-18T11:00:00,new_data,RULE_HR_V0.1,2025-10-04T11:00:00,2026-02-18T11:00:00,completed
RUN00002317,USR003446,HEALTH_RESERVE,2026-02-06T01:00:00,new_data,RULE_HR_V0.1,2025-10-11T01:00:00,2026-02-06T01:00:00,completed
RUN00002318,USR003447,MINDGUARD,2026-04-30T03:00:00,new_data,RULE_MG_V0.1,2025-11-19T03:00:00,2026-04-30T03:00:00,completed
RUN00002319,USR003448,HEALTH_RESERVE,2026-05-17T09:00:00,new_data,RULE_HR_V0.1,2025-11-03T09:00:00,2026-05-17T09:00:00,completed
RUN00002320,USR003449,HEALTH_RESERVE,2026-08-06T13:00:00,new_data,RULE_HR_V0.1,2025-12-06T13:00:00,2026-08-06T13:00:00,completed
RUN00002321,USR003451,HEALTH_RESERVE,2026-05-17T02:00:00,new_data,RULE_HR_V0.1,2026-01-16T02:00:00,2026-05-17T02:00:00,completed
RUN00002322,USR003454,HEALTH_RESERVE,2026-04-06T08:00:00,new_data,RULE_HR_V0.1,2025-09-27T08:00:00,2026-04-06T08:00:00,completed
RUN00002323,USR003456,MINDGUARD,2026-04-11T05:00:00,new_data,RULE_MG_V0.1,2025-10-11T05:00:00,2026-04-11T05:00:00,completed
RUN00002324,USR003459,MINDGUARD,2026-09-14T12:00:00,new_data,RULE_MG_V0.1,2026-01-17T13:00:00,2026-09-14T12:00:00,completed
RUN00002325,USR003463,MINDGUARD,2026-07-24T20:00:00,new_data,RULE_MG_V0.1,2026-01-15T20:00:00,2026-07-24T20:00:00,completed
RUN00002326,USR003464,HEALTH_RESERVE,2026-04-08T16:00:00,new_data,RULE_HR_V0.1,2026-01-08T16:00:00,2026-04-08T16:00:00,completed
RUN00002327,USR003467,MINDGUARD,2026-03-05T13:00:00,new_data,RULE_MG_V0.1,2025-11-29T13:00:00,2026-03-05T13:00:00,completed
RUN00002328,USR003467,HEALTH_RESERVE,2026-02-26T07:00:00,new_data,RULE_HR_V0.1,2025-11-20T07:00:00,2026-02-26T07:00:00,completed
RUN00002329,USR003468,HEALTH_RESERVE,2026-04-12T02:00:00,new_data,RULE_HR_V0.1,2025-11-22T02:00:00,2026-04-12T02:00:00,completed
RUN00002330,USR003470,MINDGUARD,2026-03-30T10:00:00,new_data,RULE_MG_V0.1,2025-12-17T10:00:00,2026-03-30T10:00:00,completed
RUN00002331,USR003471,MINDGUARD,2026-07-18T17:00:00,new_data,RULE_MG_V0.1,2025-11-03T17:00:00,2026-07-18T17:00:00,completed
RUN00002332,USR003472,MINDGUARD,2026-01-20T20:00:00,new_data,RULE_MG_V0.1,2025-10-02T20:00:00,2026-01-20T20:00:00,completed
RUN00002333,USR003474,MINDGUARD,2026-04-22T09:00:00,new_data,RULE_MG_V0.1,2025-09-22T09:00:00,2026-04-22T09:00:00,completed
RUN00002334,USR003476,HEALTH_RESERVE,2026-04-21T08:00:00,new_data,RULE_HR_V0.1,2025-10-21T08:00:00,2026-04-21T08:00:00,completed
RUN00002335,USR003479,HEALTH_RESERVE,2026-04-21T07:00:00,new_data,RULE_HR_V0.1,2025-10-14T07:00:00,2026-04-21T07:00:00,completed
RUN00002336,USR003480,MINDGUARD,2026-09-14T12:00:00,new_data,RULE_MG_V0.1,2025-12-28T21:00:00,2026-09-14T12:00:00,completed
RUN00002337,USR003482,HEALTH_RESERVE,2026-06-20T06:00:00,new_data,RULE_HR_V0.1,2026-01-30T06:00:00,2026-06-20T06:00:00,completed
RUN00002338,USR003483,MINDGUARD,2026-04-14T06:00:00,new_data,RULE_MG_V0.1,2025-10-22T06:00:00,2026-04-14T06:00:00,completed
RUN00002339,USR003484,HEALTH_RESERVE,2026-05-17T07:00:00,new_data,RULE_HR_V0.1,2025-12-01T07:00:00,2026-05-17T07:00:00,completed
RUN00002340,USR003485,HEALTH_RESERVE,2026-03-03T10:00:00,new_data,RULE_HR_V0.1,2025-11-29T10:00:00,2026-03-03T10:00:00,completed
RUN00002341,USR003487,MINDGUARD,2026-08-03T13:00:00,new_data,RULE_MG_V0.1,2025-10-27T13:00:00,2026-08-03T13:00:00,completed
RUN00002342,USR003487,HEALTH_RESERVE,2026-03-05T13:00:00,new_data,RULE_HR_V0.1,2025-11-05T13:00:00,2026-03-05T13:00:00,completed
RUN00002343,USR003489,HEALTH_RESERVE,2026-04-15T10:00:00,new_data,RULE_HR_V0.1,2025-12-08T10:00:00,2026-04-15T10:00:00,completed
RUN00002344,USR003490,HEALTH_RESERVE,2026-04-17T17:00:00,new_data,RULE_HR_V0.1,2025-09-16T17:00:00,2026-04-17T17:00:00,completed
RUN00002345,USR003491,MINDGUARD,2026-08-20T09:00:00,new_data,RULE_MG_V0.1,2025-10-24T09:00:00,2026-08-20T09:00:00,completed
RUN00002346,USR003491,HEALTH_RESERVE,2026-04-11T17:00:00,new_data,RULE_HR_V0.1,2025-10-15T17:00:00,2026-04-11T17:00:00,completed
RUN00002347,USR003492,MINDGUARD,2026-05-29T12:00:00,new_data,RULE_MG_V0.1,2025-11-01T12:00:00,2026-05-29T12:00:00,completed
RUN00002348,USR003493,MINDGUARD,2026-08-27T08:00:00,new_data,RULE_MG_V0.1,2025-12-25T08:00:00,2026-08-27T08:00:00,completed
RUN00002349,USR003494,MINDGUARD,2026-07-06T10:00:00,new_data,RULE_MG_V0.1,2026-01-13T10:00:00,2026-07-06T10:00:00,completed
RUN00002350,USR003496,MINDGUARD,2026-04-05T15:00:00,new_data,RULE_MG_V0.1,2025-12-19T15:00:00,2026-04-05T15:00:00,completed
RUN00002351,USR003499,MINDGUARD,2026-07-24T05:00:00,new_data,RULE_MG_V0.1,2025-12-19T05:00:00,2026-07-24T05:00:00,completed
RUN00002352,USR003500,HEALTH_RESERVE,2026-04-29T11:00:00,new_data,RULE_HR_V0.1,2025-10-14T11:00:00,2026-04-29T11:00:00,completed
RUN00002353,USR003501,HEALTH_RESERVE,2026-08-12T20:00:00,new_data,RULE_HR_V0.1,2026-01-26T20:00:00,2026-08-12T20:00:00,completed
RUN00002354,USR003502,HEALTH_RESERVE,2026-09-14T12:00:00,new_data,RULE_HR_V0.1,2025-12-11T10:00:00,2026-09-14T12:00:00,completed
RUN00002355,USR003503,MINDGUARD,2026-08-21T15:00:00,new_data,RULE_MG_V0.1,2025-12-09T15:00:00,2026-08-21T15:00:00,completed
RUN00002356,USR003504,MINDGUARD,2026-04-18T04:00:00,new_data,RULE_MG_V0.1,2025-10-09T04:00:00,2026-04-18T04:00:00,completed
RUN00002357,USR003504,HEALTH_RESERVE,2026-06-25T10:00:00,new_data,RULE_HR_V0.1,2025-10-02T10:00:00,2026-06-25T10:00:00,completed
RUN00002358,USR003506,HEALTH_RESERVE,2026-07-01T15:00:00,new_data,RULE_HR_V0.1,2025-10-11T15:00:00,2026-07-01T15:00:00,completed
RUN00002359,USR003507,MINDGUARD,2026-09-14T12:00:00,new_data,RULE_MG_V0.1,2025-12-12T02:00:00,2026-09-14T12:00:00,completed
RUN00002360,USR003508,MINDGUARD,2026-03-31T11:00:00,new_data,RULE_MG_V0.1,2025-09-24T11:00:00,2026-03-31T11:00:00,completed
RUN00002361,USR003511,MINDGUARD,2026-04-20T20:00:00,new_data,RULE_MG_V0.1,2025-10-18T20:00:00,2026-04-20T20:00:00,completed
RUN00002362,USR003513,MINDGUARD,2026-06-24T07:00:00,new_data,RULE_MG_V0.1,2025-12-12T07:00:00,2026-06-24T07:00:00,completed
RUN00002363,USR003514,MINDGUARD,2026-07-28T20:00:00,new_data,RULE_MG_V0.1,2025-12-24T20:00:00,2026-07-28T20:00:00,completed
RUN00002364,USR003518,MINDGUARD,2026-05-04T00:00:00,new_data,RULE_MG_V0.1,2025-12-20T00:00:00,2026-05-04T00:00:00,completed
RUN00002365,USR003519,MINDGUARD,2026-06-21T19:00:00,new_data,RULE_MG_V0.1,2026-01-14T19:00:00,2026-06-21T19:00:00,completed
RUN00002366,USR003519,HEALTH_RESERVE,2026-09-14T12:00:00,new_data,RULE_HR_V0.1,2026-01-23T14:00:00,2026-09-14T12:00:00,completed
RUN00002367,USR003521,MINDGUARD,2026-03-20T00:00:00,new_data,RULE_MG_V0.1,2025-10-28T00:00:00,2026-03-20T00:00:00,completed
RUN00002368,USR003523,MINDGUARD,2026-01-25T23:00:00,new_data,RULE_MG_V0.1,2025-10-11T23:00:00,2026-01-25T23:00:00,completed
RUN00002369,USR003524,MINDGUARD,2026-04-01T06:00:00,new_data,RULE_MG_V0.1,2025-10-29T06:00:00,2026-04-01T06:00:00,completed
RUN00002370,USR003526,MINDGUARD,2026-07-28T21:00:00,new_data,RULE_MG_V0.1,2025-12-13T21:00:00,2026-07-28T21:00:00,completed
RUN00002371,USR003528,MINDGUARD,2026-03-17T21:00:00,new_data,RULE_MG_V0.1,2025-10-15T21:00:00,2026-03-17T21:00:00,completed
RUN00002372,USR003529,HEALTH_RESERVE,2026-03-23T11:00:00,new_data,RULE_HR_V0.1,2025-10-23T11:00:00,2026-03-23T11:00:00,completed
RUN00002373,USR003531,HEALTH_RESERVE,2026-03-01T15:00:00,new_data,RULE_HR_V0.1,2025-10-05T15:00:00,2026-03-01T15:00:00,completed
RUN00002374,USR003532,MINDGUARD,2026-05-03T21:00:00,new_data,RULE_MG_V0.1,2025-11-29T21:00:00,2026-05-03T21:00:00,completed
RUN00002375,USR003533,MINDGUARD,2026-04-23T06:00:00,new_data,RULE_MG_V0.1,2026-01-04T06:00:00,2026-04-23T06:00:00,completed
RUN00002376,USR003533,HEALTH_RESERVE,2026-07-16T12:00:00,new_data,RULE_HR_V0.1,2026-01-03T12:00:00,2026-07-16T12:00:00,completed
RUN00002377,USR003535,HEALTH_RESERVE,2026-07-28T17:00:00,new_data,RULE_HR_V0.1,2026-01-12T17:00:00,2026-07-28T17:00:00,completed
RUN00002378,USR003536,MINDGUARD,2026-08-21T07:00:00,new_data,RULE_MG_V0.1,2026-01-13T07:00:00,2026-08-21T07:00:00,completed
RUN00002379,USR003541,MINDGUARD,2026-09-14T12:00:00,new_data,RULE_MG_V0.1,2025-12-08T23:00:00,2026-09-14T12:00:00,completed
RUN00002380,USR003541,HEALTH_RESERVE,2026-06-16T12:00:00,new_data,RULE_HR_V0.1,2025-12-05T12:00:00,2026-06-16T12:00:00,completed
RUN00002381,USR003542,MINDGUARD,2026-06-24T06:00:00,new_data,RULE_MG_V0.1,2026-01-27T06:00:00,2026-06-24T06:00:00,completed
RUN00002382,USR003543,MINDGUARD,2026-09-14T12:00:00,new_data,RULE_MG_V0.1,2026-01-28T22:00:00,2026-09-14T12:00:00,completed
RUN00002383,USR003544,MINDGUARD,2026-08-03T14:00:00,new_data,RULE_MG_V0.1,2025-10-25T14:00:00,2026-08-03T14:00:00,completed
RUN00002384,USR003544,HEALTH_RESERVE,2026-08-11T17:00:00,new_data,RULE_HR_V0.1,2025-10-29T17:00:00,2026-08-11T17:00:00,completed
RUN00002385,USR003549,HEALTH_RESERVE,2026-08-02T20:00:00,new_data,RULE_HR_V0.1,2025-12-03T20:00:00,2026-08-02T20:00:00,completed
RUN00002386,USR003550,MINDGUARD,2026-08-21T18:00:00,new_data,RULE_MG_V0.1,2025-11-27T18:00:00,2026-08-21T18:00:00,completed
RUN00002387,USR003552,MINDGUARD,2026-02-10T02:00:00,new_data,RULE_MG_V0.1,2025-11-06T02:00:00,2026-02-10T02:00:00,completed
RUN00002388,USR003554,HEALTH_RESERVE,2026-05-07T16:00:00,new_data,RULE_HR_V0.1,2026-01-09T16:00:00,2026-05-07T16:00:00,completed
RUN00002389,USR003555,MINDGUARD,2026-09-14T12:00:00,new_data,RULE_MG_V0.1,2026-02-20T17:00:00,2026-09-14T12:00:00,completed
RUN00002390,USR003556,HEALTH_RESERVE,2026-05-05T13:00:00,new_data,RULE_HR_V0.1,2026-01-23T13:00:00,2026-05-05T13:00:00,completed
RUN00002391,USR003558,HEALTH_RESERVE,2026-05-29T14:00:00,new_data,RULE_HR_V0.1,2026-01-01T14:00:00,2026-05-29T14:00:00,completed
RUN00002392,USR003559,MINDGUARD,2026-05-25T22:00:00,new_data,RULE_MG_V0.1,2026-01-27T22:00:00,2026-05-25T22:00:00,completed
RUN00002393,USR003560,HEALTH_RESERVE,2026-05-29T05:00:00,new_data,RULE_HR_V0.1,2026-02-14T05:00:00,2026-05-29T05:00:00,completed
RUN00002394,USR003561,MINDGUARD,2025-12-30T09:00:00,new_data,RULE_MG_V0.1,2025-09-20T09:00:00,2025-12-30T09:00:00,completed
RUN00002395,USR003562,HEALTH_RESERVE,2026-08-01T15:00:00,new_data,RULE_HR_V0.1,2025-12-06T15:00:00,2026-08-01T15:00:00,completed
RUN00002396,USR003563,HEALTH_RESERVE,2026-09-13T22:00:00,new_data,RULE_HR_V0.1,2026-01-21T22:00:00,2026-09-13T22:00:00,completed
RUN00002397,USR003564,MINDGUARD,2026-06-07T06:00:00,new_data,RULE_MG_V0.1,2025-12-30T06:00:00,2026-06-07T06:00:00,completed
RUN00002398,USR003564,HEALTH_RESERVE,2026-07-07T08:00:00,new_data,RULE_HR_V0.1,2026-01-11T08:00:00,2026-07-07T08:00:00,completed
RUN00002399,USR003567,HEALTH_RESERVE,2026-04-27T02:00:00,new_data,RULE_HR_V0.1,2026-01-22T02:00:00,2026-04-27T02:00:00,completed
RUN00002400,USR003570,MINDGUARD,2026-06-05T08:00:00,new_data,RULE_MG_V0.1,2025-10-23T08:00:00,2026-06-05T08:00:00,completed
RUN00002401,USR003572,HEALTH_RESERVE,2026-06-16T08:00:00,new_data,RULE_HR_V0.1,2026-02-05T08:00:00,2026-06-16T08:00:00,completed
RUN00002402,USR003574,MINDGUARD,2026-09-03T12:00:00,new_data,RULE_MG_V0.1,2025-11-16T12:00:00,2026-09-03T12:00:00,completed
RUN00002403,USR003575,MINDGUARD,2026-09-14T12:00:00,new_data,RULE_MG_V0.1,2026-02-10T23:00:00,2026-09-14T12:00:00,completed
RUN00002404,USR003578,MINDGUARD,2026-08-22T05:00:00,new_data,RULE_MG_V0.1,2025-11-16T05:00:00,2026-08-22T05:00:00,completed
RUN00002405,USR003580,MINDGUARD,2026-03-09T12:00:00,new_data,RULE_MG_V0.1,2025-10-15T12:00:00,2026-03-09T12:00:00,completed
RUN00002406,USR003580,HEALTH_RESERVE,2026-06-01T12:00:00,new_data,RULE_HR_V0.1,2025-10-04T12:00:00,2026-06-01T12:00:00,completed
RUN00002407,USR003584,HEALTH_RESERVE,2026-03-18T19:00:00,new_data,RULE_HR_V0.1,2025-11-28T19:00:00,2026-03-18T19:00:00,completed
RUN00002408,USR003587,MINDGUARD,2026-03-24T05:00:00,new_data,RULE_MG_V0.1,2025-09-29T05:00:00,2026-03-24T05:00:00,completed
RUN00002409,USR003588,MINDGUARD,2026-03-24T20:00:00,new_data,RULE_MG_V0.1,2025-12-02T20:00:00,2026-03-24T20:00:00,completed
RUN00002410,USR003590,MINDGUARD,2026-07-06T15:00:00,new_data,RULE_MG_V0.1,2025-11-24T15:00:00,2026-07-06T15:00:00,completed
RUN00002411,USR003591,MINDGUARD,2026-05-11T06:00:00,new_data,RULE_MG_V0.1,2025-12-10T06:00:00,2026-05-11T06:00:00,completed
RUN00002412,USR003591,HEALTH_RESERVE,2026-07-29T06:00:00,new_data,RULE_HR_V0.1,2025-12-08T06:00:00,2026-07-29T06:00:00,completed
RUN00002413,USR003592,MINDGUARD,2026-06-18T20:00:00,new_data,RULE_MG_V0.1,2026-01-27T20:00:00,2026-06-18T20:00:00,completed
RUN00002414,USR003593,MINDGUARD,2026-06-28T18:00:00,new_data,RULE_MG_V0.1,2026-02-06T18:00:00,2026-06-28T18:00:00,completed
RUN00002415,USR003596,MINDGUARD,2026-03-27T14:00:00,new_data,RULE_MG_V0.1,2025-12-04T14:00:00,2026-03-27T14:00:00,completed
RUN00002416,USR003597,MINDGUARD,2026-03-21T21:00:00,new_data,RULE_MG_V0.1,2025-10-28T21:00:00,2026-03-21T21:00:00,completed
RUN00002417,USR003598,MINDGUARD,2026-05-20T06:00:00,new_data,RULE_MG_V0.1,2026-02-13T06:00:00,2026-05-20T06:00:00,completed
RUN00002418,USR003599,MINDGUARD,2026-05-27T22:00:00,new_data,RULE_MG_V0.1,2025-09-27T22:00:00,2026-05-27T22:00:00,completed
RUN00002419,USR003600,MINDGUARD,2026-09-14T12:00:00,new_data,RULE_MG_V0.1,2026-02-08T03:00:00,2026-09-14T12:00:00,completed
RUN00002420,USR003604,MINDGUARD,2026-06-24T03:00:00,new_data,RULE_MG_V0.1,2025-10-13T03:00:00,2026-06-24T03:00:00,completed
RUN00002421,USR003604,HEALTH_RESERVE,2026-08-08T22:00:00,new_data,RULE_HR_V0.1,2025-10-19T22:00:00,2026-08-08T22:00:00,completed
RUN00002422,USR003605,MINDGUARD,2026-05-26T17:00:00,new_data,RULE_MG_V0.1,2025-10-25T17:00:00,2026-05-26T17:00:00,completed
RUN00002423,USR003609,MINDGUARD,2026-06-29T15:00:00,new_data,RULE_MG_V0.1,2025-11-29T15:00:00,2026-06-29T15:00:00,completed
RUN00002424,USR003610,MINDGUARD,2026-07-11T19:00:00,new_data,RULE_MG_V0.1,2026-02-15T19:00:00,2026-07-11T19:00:00,completed
RUN00002425,USR003610,HEALTH_RESERVE,2026-09-14T12:00:00,new_data,RULE_HR_V0.1,2026-02-11T00:00:00,2026-09-14T12:00:00,completed
RUN00002426,USR003611,MINDGUARD,2026-03-20T22:00:00,new_data,RULE_MG_V0.1,2025-10-01T22:00:00,2026-03-20T22:00:00,completed
RUN00002427,USR003612,HEALTH_RESERVE,2026-06-15T14:00:00,new_data,RULE_HR_V0.1,2025-12-19T14:00:00,2026-06-15T14:00:00,completed
RUN00002428,USR003613,HEALTH_RESERVE,2026-05-09T06:00:00,new_data,RULE_HR_V0.1,2025-12-02T06:00:00,2026-05-09T06:00:00,completed
RUN00002429,USR003614,MINDGUARD,2026-09-14T12:00:00,new_data,RULE_MG_V0.1,2026-01-29T16:00:00,2026-09-14T12:00:00,completed
RUN00002430,USR003615,MINDGUARD,2026-08-11T20:00:00,new_data,RULE_MG_V0.1,2026-01-03T20:00:00,2026-08-11T20:00:00,completed
RUN00002431,USR003616,HEALTH_RESERVE,2026-03-11T05:00:00,new_data,RULE_HR_V0.1,2025-09-23T05:00:00,2026-03-11T05:00:00,completed
RUN00002432,USR003617,HEALTH_RESERVE,2026-07-11T22:00:00,new_data,RULE_HR_V0.1,2025-12-10T22:00:00,2026-07-11T22:00:00,completed
RUN00002433,USR003619,MINDGUARD,2026-06-14T06:00:00,new_data,RULE_MG_V0.1,2026-02-06T06:00:00,2026-06-14T06:00:00,completed
RUN00002434,USR003619,HEALTH_RESERVE,2026-07-16T08:00:00,new_data,RULE_HR_V0.1,2026-02-17T08:00:00,2026-07-16T08:00:00,completed
RUN00002435,USR003620,MINDGUARD,2026-05-05T17:00:00,new_data,RULE_MG_V0.1,2026-01-28T17:00:00,2026-05-05T17:00:00,completed
RUN00002436,USR003622,MINDGUARD,2026-09-14T12:00:00,new_data,RULE_MG_V0.1,2026-02-10T18:00:00,2026-09-14T12:00:00,completed
RUN00002437,USR003622,HEALTH_RESERVE,2026-08-20T13:00:00,new_data,RULE_HR_V0.1,2026-02-13T13:00:00,2026-08-20T13:00:00,completed
RUN00002438,USR003623,MINDGUARD,2026-06-01T02:00:00,new_data,RULE_MG_V0.1,2026-01-27T02:00:00,2026-06-01T02:00:00,completed
RUN00002439,USR003624,HEALTH_RESERVE,2026-09-14T12:00:00,new_data,RULE_HR_V0.1,2026-01-31T15:00:00,2026-09-14T12:00:00,completed
RUN00002440,USR003625,MINDGUARD,2026-04-04T04:00:00,new_data,RULE_MG_V0.1,2025-10-29T04:00:00,2026-04-04T04:00:00,completed
RUN00002441,USR003625,HEALTH_RESERVE,2026-02-03T02:00:00,new_data,RULE_HR_V0.1,2025-10-25T02:00:00,2026-02-03T02:00:00,completed
RUN00002442,USR003626,HEALTH_RESERVE,2026-06-03T14:00:00,new_data,RULE_HR_V0.1,2026-01-25T14:00:00,2026-06-03T14:00:00,completed
RUN00002443,USR003628,HEALTH_RESERVE,2026-09-08T05:00:00,new_data,RULE_HR_V0.1,2026-01-19T05:00:00,2026-09-08T05:00:00,completed
RUN00002444,USR003629,MINDGUARD,2026-07-02T03:00:00,new_data,RULE_MG_V0.1,2025-11-13T03:00:00,2026-07-02T03:00:00,completed
RUN00002445,USR003630,MINDGUARD,2026-06-28T05:00:00,new_data,RULE_MG_V0.1,2025-12-13T05:00:00,2026-06-28T05:00:00,completed
RUN00002446,USR003631,MINDGUARD,2026-09-14T12:00:00,new_data,RULE_MG_V0.1,2026-02-02T13:00:00,2026-09-14T12:00:00,completed
RUN00002447,USR003633,MINDGUARD,2026-06-01T10:00:00,new_data,RULE_MG_V0.1,2026-01-22T10:00:00,2026-06-01T10:00:00,completed
RUN00002448,USR003634,MINDGUARD,2026-07-26T15:00:00,new_data,RULE_MG_V0.1,2025-11-13T15:00:00,2026-07-26T15:00:00,completed
RUN00002449,USR003635,MINDGUARD,2026-06-29T07:00:00,new_data,RULE_MG_V0.1,2025-11-01T07:00:00,2026-06-29T07:00:00,completed
RUN00002450,USR003635,HEALTH_RESERVE,2026-07-12T05:00:00,new_data,RULE_HR_V0.1,2025-11-06T05:00:00,2026-07-12T05:00:00,completed
RUN00002451,USR003636,HEALTH_RESERVE,2026-03-19T14:00:00,new_data,RULE_HR_V0.1,2025-11-29T14:00:00,2026-03-19T14:00:00,completed
RUN00002452,USR003637,HEALTH_RESERVE,2026-08-11T07:00:00,new_data,RULE_HR_V0.1,2025-10-26T07:00:00,2026-08-11T07:00:00,completed
RUN00002453,USR003639,MINDGUARD,2026-09-14T12:00:00,new_data,RULE_MG_V0.1,2026-01-27T02:00:00,2026-09-14T12:00:00,completed
RUN00002454,USR003640,MINDGUARD,2026-07-19T07:00:00,new_data,RULE_MG_V0.1,2026-01-12T07:00:00,2026-07-19T07:00:00,completed
RUN00002455,USR003642,MINDGUARD,2026-09-05T15:00:00,new_data,RULE_MG_V0.1,2026-02-05T15:00:00,2026-09-05T15:00:00,completed
RUN00002456,USR003644,MINDGUARD,2026-04-25T11:00:00,new_data,RULE_MG_V0.1,2025-11-28T11:00:00,2026-04-25T11:00:00,completed
RUN00002457,USR003646,MINDGUARD,2026-07-16T07:00:00,new_data,RULE_MG_V0.1,2025-11-04T07:00:00,2026-07-16T07:00:00,completed
RUN00002458,USR003647,HEALTH_RESERVE,2026-07-16T02:00:00,new_data,RULE_HR_V0.1,2025-10-22T02:00:00,2026-07-16T02:00:00,completed
RUN00002459,USR003651,HEALTH_RESERVE,2026-02-15T18:00:00,new_data,RULE_HR_V0.1,2025-10-22T18:00:00,2026-02-15T18:00:00,completed
RUN00002460,USR003652,MINDGUARD,2026-05-06T21:00:00,new_data,RULE_MG_V0.1,2026-01-08T21:00:00,2026-05-06T21:00:00,completed
RUN00002461,USR003652,HEALTH_RESERVE,2026-06-06T00:00:00,new_data,RULE_HR_V0.1,2026-01-03T00:00:00,2026-06-06T00:00:00,completed
RUN00002462,USR003653,MINDGUARD,2026-04-13T19:00:00,new_data,RULE_MG_V0.1,2025-12-08T19:00:00,2026-04-13T19:00:00,completed
RUN00002463,USR003657,MINDGUARD,2026-08-01T10:00:00,new_data,RULE_MG_V0.1,2025-10-20T10:00:00,2026-08-01T10:00:00,completed
RUN00002464,USR003658,MINDGUARD,2026-04-28T11:00:00,new_data,RULE_MG_V0.1,2025-11-25T11:00:00,2026-04-28T11:00:00,completed
RUN00002465,USR003660,MINDGUARD,2026-09-09T09:00:00,new_data,RULE_MG_V0.1,2025-11-30T09:00:00,2026-09-09T09:00:00,completed
RUN00002466,USR003661,HEALTH_RESERVE,2026-07-05T22:00:00,new_data,RULE_HR_V0.1,2026-01-15T22:00:00,2026-07-05T22:00:00,completed
RUN00002467,USR003662,MINDGUARD,2026-06-29T13:00:00,new_data,RULE_MG_V0.1,2025-10-13T13:00:00,2026-06-29T13:00:00,completed
RUN00002468,USR003663,MINDGUARD,2026-07-16T21:00:00,new_data,RULE_MG_V0.1,2025-11-18T21:00:00,2026-07-16T21:00:00,completed
RUN00002469,USR003665,MINDGUARD,2026-06-14T10:00:00,new_data,RULE_MG_V0.1,2025-12-12T10:00:00,2026-06-14T10:00:00,completed
RUN00002470,USR003666,HEALTH_RESERVE,2026-05-21T17:00:00,new_data,RULE_HR_V0.1,2025-12-02T17:00:00,2026-05-21T17:00:00,completed
RUN00002471,USR003669,MINDGUARD,2026-03-03T20:00:00,new_data,RULE_MG_V0.1,2025-11-11T20:00:00,2026-03-03T20:00:00,completed
RUN00002472,USR003670,HEALTH_RESERVE,2026-03-11T02:00:00,new_data,RULE_HR_V0.1,2025-11-24T02:00:00,2026-03-11T02:00:00,completed
RUN00002473,USR003672,MINDGUARD,2026-09-14T12:00:00,new_data,RULE_MG_V0.1,2026-01-12T21:00:00,2026-09-14T12:00:00,completed
RUN00002474,USR003672,HEALTH_RESERVE,2026-06-26T06:00:00,new_data,RULE_HR_V0.1,2026-01-12T06:00:00,2026-06-26T06:00:00,completed
RUN00002475,USR003674,HEALTH_RESERVE,2026-05-21T22:00:00,new_data,RULE_HR_V0.1,2026-02-08T22:00:00,2026-05-21T22:00:00,completed
RUN00002476,USR003675,MINDGUARD,2026-09-14T12:00:00,new_data,RULE_MG_V0.1,2025-12-18T03:00:00,2026-09-14T12:00:00,completed
RUN00002477,USR003677,MINDGUARD,2026-06-20T09:00:00,new_data,RULE_MG_V0.1,2025-10-29T09:00:00,2026-06-20T09:00:00,completed
RUN00002478,USR003677,HEALTH_RESERVE,2026-08-03T14:00:00,new_data,RULE_HR_V0.1,2025-10-21T14:00:00,2026-08-03T14:00:00,completed
RUN00002479,USR003678,MINDGUARD,2026-09-02T17:00:00,new_data,RULE_MG_V0.1,2025-11-10T17:00:00,2026-09-02T17:00:00,completed
RUN00002480,USR003680,MINDGUARD,2026-05-05T23:00:00,new_data,RULE_MG_V0.1,2025-10-22T23:00:00,2026-05-05T23:00:00,completed
RUN00002481,USR003681,MINDGUARD,2026-02-06T02:00:00,new_data,RULE_MG_V0.1,2025-10-11T02:00:00,2026-02-06T02:00:00,completed
RUN00002482,USR003681,HEALTH_RESERVE,2026-07-27T01:00:00,new_data,RULE_HR_V0.1,2025-10-24T01:00:00,2026-07-27T01:00:00,completed
RUN00002483,USR003685,MINDGUARD,2026-04-28T04:00:00,new_data,RULE_MG_V0.1,2025-09-15T04:00:00,2026-04-28T04:00:00,completed
RUN00002484,USR003685,HEALTH_RESERVE,2026-06-02T17:00:00,new_data,RULE_HR_V0.1,2025-09-16T17:00:00,2026-06-02T17:00:00,completed
RUN00002485,USR003688,MINDGUARD,2026-08-04T23:00:00,new_data,RULE_MG_V0.1,2025-12-03T23:00:00,2026-08-04T23:00:00,completed
RUN00002486,USR003688,HEALTH_RESERVE,2026-08-22T21:00:00,new_data,RULE_HR_V0.1,2025-12-16T21:00:00,2026-08-22T21:00:00,completed
RUN00002487,USR003689,HEALTH_RESERVE,2026-09-14T12:00:00,new_data,RULE_HR_V0.1,2026-02-14T01:00:00,2026-09-14T12:00:00,completed
RUN00002488,USR003690,MINDGUARD,2026-06-07T23:00:00,new_data,RULE_MG_V0.1,2025-11-01T23:00:00,2026-06-07T23:00:00,completed
RUN00002489,USR003696,MINDGUARD,2026-09-14T12:00:00,new_data,RULE_MG_V0.1,2026-02-11T07:00:00,2026-09-14T12:00:00,completed
RUN00002490,USR003696,HEALTH_RESERVE,2026-07-18T04:00:00,new_data,RULE_HR_V0.1,2026-02-03T04:00:00,2026-07-18T04:00:00,completed
RUN00002491,USR003699,HEALTH_RESERVE,2026-03-22T21:00:00,new_data,RULE_HR_V0.1,2025-12-05T21:00:00,2026-03-22T21:00:00,completed
RUN00002492,USR003706,MINDGUARD,2026-06-22T00:00:00,new_data,RULE_MG_V0.1,2025-12-28T00:00:00,2026-06-22T00:00:00,completed
RUN00002493,USR003707,MINDGUARD,2026-09-14T12:00:00,new_data,RULE_MG_V0.1,2025-12-28T21:00:00,2026-09-14T12:00:00,completed
RUN00002494,USR003708,MINDGUARD,2026-03-29T15:00:00,new_data,RULE_MG_V0.1,2025-12-01T15:00:00,2026-03-29T15:00:00,completed
RUN00002495,USR003711,HEALTH_RESERVE,2026-08-04T04:00:00,new_data,RULE_HR_V0.1,2025-11-24T04:00:00,2026-08-04T04:00:00,completed
RUN00002496,USR003714,HEALTH_RESERVE,2026-06-30T23:00:00,new_data,RULE_HR_V0.1,2025-10-25T23:00:00,2026-06-30T23:00:00,completed
RUN00002497,USR003716,HEALTH_RESERVE,2026-04-21T04:00:00,new_data,RULE_HR_V0.1,2025-10-07T04:00:00,2026-04-21T04:00:00,completed
RUN00002498,USR003718,MINDGUARD,2026-09-14T12:00:00,new_data,RULE_MG_V0.1,2026-01-26T08:00:00,2026-09-14T12:00:00,completed
RUN00002499,USR003719,MINDGUARD,2026-09-14T12:00:00,new_data,RULE_MG_V0.1,2026-01-17T09:00:00,2026-09-14T12:00:00,completed
RUN00002500,USR003720,MINDGUARD,2026-08-24T07:00:00,new_data,RULE_MG_V0.1,2025-11-30T07:00:00,2026-08-24T07:00:00,completed
RUN00002501,USR003721,MINDGUARD,2026-09-14T12:00:00,new_data,RULE_MG_V0.1,2026-02-04T14:00:00,2026-09-14T12:00:00,completed
RUN00002502,USR003722,HEALTH_RESERVE,2026-09-14T12:00:00,new_data,RULE_HR_V0.1,2026-02-05T00:00:00,2026-09-14T12:00:00,completed
RUN00002503,USR003725,HEALTH_RESERVE,2026-05-29T11:00:00,new_data,RULE_HR_V0.1,2026-01-21T11:00:00,2026-05-29T11:00:00,completed
RUN00002504,USR003726,HEALTH_RESERVE,2026-06-28T01:00:00,new_data,RULE_HR_V0.1,2025-11-14T01:00:00,2026-06-28T01:00:00,completed
RUN00002505,USR003728,MINDGUARD,2026-05-14T00:00:00,new_data,RULE_MG_V0.1,2026-02-02T00:00:00,2026-05-14T00:00:00,completed
RUN00002506,USR003728,HEALTH_RESERVE,2026-09-14T12:00:00,new_data,RULE_HR_V0.1,2026-02-09T05:00:00,2026-09-14T12:00:00,completed
RUN00002507,USR003729,MINDGUARD,2026-06-28T02:00:00,new_data,RULE_MG_V0.1,2025-10-29T02:00:00,2026-06-28T02:00:00,completed
RUN00002508,USR003730,MINDGUARD,2026-08-31T20:00:00,new_data,RULE_MG_V0.1,2026-01-19T20:00:00,2026-08-31T20:00:00,completed
RUN00002509,USR003731,MINDGUARD,2026-03-01T13:00:00,new_data,RULE_MG_V0.1,2025-11-06T13:00:00,2026-03-01T13:00:00,completed
RUN00002510,USR003732,HEALTH_RESERVE,2026-09-14T12:00:00,new_data,RULE_HR_V0.1,2026-02-21T01:00:00,2026-09-14T12:00:00,completed
RUN00002511,USR003733,MINDGUARD,2026-05-06T23:00:00,new_data,RULE_MG_V0.1,2026-01-13T23:00:00,2026-05-06T23:00:00,completed
RUN00002512,USR003734,MINDGUARD,2026-09-13T16:00:00,new_data,RULE_MG_V0.1,2025-11-26T16:00:00,2026-09-13T16:00:00,completed
RUN00002513,USR003736,MINDGUARD,2026-03-28T10:00:00,new_data,RULE_MG_V0.1,2025-11-22T10:00:00,2026-03-28T10:00:00,completed
RUN00002514,USR003737,MINDGUARD,2026-05-03T01:00:00,new_data,RULE_MG_V0.1,2026-01-08T01:00:00,2026-05-03T01:00:00,completed
RUN00002515,USR003741,MINDGUARD,2026-08-22T22:00:00,new_data,RULE_MG_V0.1,2026-01-10T22:00:00,2026-08-22T22:00:00,completed
RUN00002516,USR003743,MINDGUARD,2026-07-25T14:00:00,new_data,RULE_MG_V0.1,2026-02-06T14:00:00,2026-07-25T14:00:00,completed
RUN00002517,USR003745,MINDGUARD,2026-09-14T12:00:00,new_data,RULE_MG_V0.1,2026-02-20T23:00:00,2026-09-14T12:00:00,completed
RUN00002518,USR003746,MINDGUARD,2026-08-25T08:00:00,new_data,RULE_MG_V0.1,2026-01-02T08:00:00,2026-08-25T08:00:00,completed
RUN00002519,USR003748,MINDGUARD,2026-07-23T16:00:00,new_data,RULE_MG_V0.1,2025-10-15T16:00:00,2026-07-23T16:00:00,completed
RUN00002520,USR003750,MINDGUARD,2026-06-05T05:00:00,new_data,RULE_MG_V0.1,2025-11-24T05:00:00,2026-06-05T05:00:00,completed
RUN00002521,USR003753,MINDGUARD,2026-06-05T16:00:00,new_data,RULE_MG_V0.1,2025-11-28T16:00:00,2026-06-05T16:00:00,completed
RUN00002522,USR003754,MINDGUARD,2026-09-14T12:00:00,new_data,RULE_MG_V0.1,2025-12-25T07:00:00,2026-09-14T12:00:00,completed
RUN00002523,USR003755,MINDGUARD,2026-07-20T20:00:00,new_data,RULE_MG_V0.1,2025-09-30T20:00:00,2026-07-20T20:00:00,completed
RUN00002524,USR003757,MINDGUARD,2026-06-21T05:00:00,new_data,RULE_MG_V0.1,2025-11-21T05:00:00,2026-06-21T05:00:00,completed
RUN00002525,USR003760,MINDGUARD,2026-09-14T12:00:00,new_data,RULE_MG_V0.1,2025-12-06T01:00:00,2026-09-14T12:00:00,completed
RUN00002526,USR003762,MINDGUARD,2026-08-06T00:00:00,new_data,RULE_MG_V0.1,2026-01-08T00:00:00,2026-08-06T00:00:00,completed
RUN00002527,USR003763,MINDGUARD,2026-08-29T23:00:00,new_data,RULE_MG_V0.1,2026-02-04T23:00:00,2026-08-29T23:00:00,completed
RUN00002528,USR003767,HEALTH_RESERVE,2026-08-29T00:00:00,new_data,RULE_HR_V0.1,2025-12-09T00:00:00,2026-08-29T00:00:00,completed
RUN00002529,USR003768,MINDGUARD,2026-07-04T13:00:00,new_data,RULE_MG_V0.1,2025-10-23T13:00:00,2026-07-04T13:00:00,completed
RUN00002530,USR003770,MINDGUARD,2026-07-23T13:00:00,new_data,RULE_MG_V0.1,2026-01-27T13:00:00,2026-07-23T13:00:00,completed
RUN00002531,USR003772,MINDGUARD,2026-04-02T22:00:00,new_data,RULE_MG_V0.1,2025-10-14T22:00:00,2026-04-02T22:00:00,completed
RUN00002532,USR003773,MINDGUARD,2026-05-09T19:00:00,new_data,RULE_MG_V0.1,2025-12-13T19:00:00,2026-05-09T19:00:00,completed
RUN00002533,USR003773,HEALTH_RESERVE,2026-06-26T22:00:00,new_data,RULE_HR_V0.1,2025-12-17T22:00:00,2026-06-26T22:00:00,completed
RUN00002534,USR003775,MINDGUARD,2026-05-25T15:00:00,new_data,RULE_MG_V0.1,2026-02-21T15:00:00,2026-05-25T15:00:00,completed
RUN00002535,USR003781,MINDGUARD,2026-08-11T05:00:00,new_data,RULE_MG_V0.1,2025-11-04T05:00:00,2026-08-11T05:00:00,completed
RUN00002536,USR003781,HEALTH_RESERVE,2026-04-30T06:00:00,new_data,RULE_HR_V0.1,2025-11-06T06:00:00,2026-04-30T06:00:00,completed
RUN00002537,USR003782,MINDGUARD,2026-07-22T23:00:00,new_data,RULE_MG_V0.1,2025-10-17T23:00:00,2026-07-22T23:00:00,completed
RUN00002538,USR003783,HEALTH_RESERVE,2026-08-27T03:00:00,new_data,RULE_HR_V0.1,2025-11-26T03:00:00,2026-08-27T03:00:00,completed
RUN00002539,USR003784,HEALTH_RESERVE,2026-09-07T10:00:00,new_data,RULE_HR_V0.1,2025-12-05T10:00:00,2026-09-07T10:00:00,completed
RUN00002540,USR003787,MINDGUARD,2026-05-02T00:00:00,new_data,RULE_MG_V0.1,2026-01-26T00:00:00,2026-05-02T00:00:00,completed
RUN00002541,USR003788,MINDGUARD,2026-05-10T14:00:00,new_data,RULE_MG_V0.1,2025-11-01T14:00:00,2026-05-10T14:00:00,completed
RUN00002542,USR003789,MINDGUARD,2026-02-05T12:00:00,new_data,RULE_MG_V0.1,2025-10-10T12:00:00,2026-02-05T12:00:00,completed
RUN00002543,USR003791,MINDGUARD,2026-05-02T18:00:00,new_data,RULE_MG_V0.1,2025-10-26T18:00:00,2026-05-02T18:00:00,completed
RUN00002544,USR003794,MINDGUARD,2026-09-14T12:00:00,new_data,RULE_MG_V0.1,2026-02-11T19:00:00,2026-09-14T12:00:00,completed
RUN00002545,USR003796,HEALTH_RESERVE,2026-05-20T15:00:00,new_data,RULE_HR_V0.1,2025-11-01T15:00:00,2026-05-20T15:00:00,completed
RUN00002546,USR003797,MINDGUARD,2026-07-12T14:00:00,new_data,RULE_MG_V0.1,2025-10-26T14:00:00,2026-07-12T14:00:00,completed
RUN00002547,USR003798,MINDGUARD,2026-06-11T14:00:00,new_data,RULE_MG_V0.1,2026-01-27T14:00:00,2026-06-11T14:00:00,completed
RUN00002548,USR003799,MINDGUARD,2026-02-16T17:00:00,new_data,RULE_MG_V0.1,2025-09-17T17:00:00,2026-02-16T17:00:00,completed
RUN00002549,USR003801,MINDGUARD,2026-05-12T19:00:00,new_data,RULE_MG_V0.1,2025-11-21T19:00:00,2026-05-12T19:00:00,completed
RUN00002550,USR003804,MINDGUARD,2026-06-10T19:00:00,new_data,RULE_MG_V0.1,2025-11-11T19:00:00,2026-06-10T19:00:00,completed
RUN00002551,USR003806,MINDGUARD,2026-07-31T20:00:00,new_data,RULE_MG_V0.1,2026-02-18T20:00:00,2026-07-31T20:00:00,completed
RUN00002552,USR003810,MINDGUARD,2026-05-13T12:00:00,new_data,RULE_MG_V0.1,2025-12-09T12:00:00,2026-05-13T12:00:00,completed
RUN00002553,USR003812,HEALTH_RESERVE,2026-05-28T06:00:00,new_data,RULE_HR_V0.1,2025-12-20T06:00:00,2026-05-28T06:00:00,completed
RUN00002554,USR003815,HEALTH_RESERVE,2026-04-25T01:00:00,new_data,RULE_HR_V0.1,2026-01-15T01:00:00,2026-04-25T01:00:00,completed
RUN00002555,USR003818,MINDGUARD,2026-03-19T22:00:00,new_data,RULE_MG_V0.1,2025-12-09T22:00:00,2026-03-19T22:00:00,completed
RUN00002556,USR003819,MINDGUARD,2026-06-12T10:00:00,new_data,RULE_MG_V0.1,2025-11-03T10:00:00,2026-06-12T10:00:00,completed
RUN00002557,USR003819,HEALTH_RESERVE,2026-08-14T02:00:00,new_data,RULE_HR_V0.1,2025-10-29T02:00:00,2026-08-14T02:00:00,completed
RUN00002558,USR003820,HEALTH_RESERVE,2026-06-14T00:00:00,new_data,RULE_HR_V0.1,2025-12-11T00:00:00,2026-06-14T00:00:00,completed
RUN00002559,USR003821,HEALTH_RESERVE,2026-04-05T01:00:00,new_data,RULE_HR_V0.1,2025-12-17T01:00:00,2026-04-05T01:00:00,completed
RUN00002560,USR003824,MINDGUARD,2026-02-21T20:00:00,new_data,RULE_MG_V0.1,2025-11-06T20:00:00,2026-02-21T20:00:00,completed
RUN00002561,USR003825,MINDGUARD,2026-06-10T12:00:00,new_data,RULE_MG_V0.1,2026-01-04T12:00:00,2026-06-10T12:00:00,completed
RUN00002562,USR003826,MINDGUARD,2026-01-28T13:00:00,new_data,RULE_MG_V0.1,2025-10-12T13:00:00,2026-01-28T13:00:00,completed
RUN00002563,USR003827,MINDGUARD,2026-07-24T17:00:00,new_data,RULE_MG_V0.1,2025-10-16T17:00:00,2026-07-24T17:00:00,completed
RUN00002564,USR003828,HEALTH_RESERVE,2026-08-31T17:00:00,new_data,RULE_HR_V0.1,2026-02-02T17:00:00,2026-08-31T17:00:00,completed
RUN00002565,USR003829,HEALTH_RESERVE,2026-06-02T18:00:00,new_data,RULE_HR_V0.1,2026-02-06T18:00:00,2026-06-02T18:00:00,completed
RUN00002566,USR003833,MINDGUARD,2026-09-14T12:00:00,new_data,RULE_MG_V0.1,2025-12-14T19:00:00,2026-09-14T12:00:00,completed
RUN00002567,USR003833,HEALTH_RESERVE,2026-04-06T19:00:00,new_data,RULE_HR_V0.1,2025-12-17T19:00:00,2026-04-06T19:00:00,completed
RUN00002568,USR003834,MINDGUARD,2026-08-23T07:00:00,new_data,RULE_MG_V0.1,2025-12-03T07:00:00,2026-08-23T07:00:00,completed
RUN00002569,USR003835,MINDGUARD,2026-05-11T04:00:00,new_data,RULE_MG_V0.1,2025-11-23T04:00:00,2026-05-11T04:00:00,completed
RUN00002570,USR003836,HEALTH_RESERVE,2026-02-17T07:00:00,new_data,RULE_HR_V0.1,2025-10-21T07:00:00,2026-02-17T07:00:00,completed
RUN00002571,USR003837,MINDGUARD,2026-05-09T01:00:00,new_data,RULE_MG_V0.1,2025-10-02T01:00:00,2026-05-09T01:00:00,completed
RUN00002572,USR003837,HEALTH_RESERVE,2026-04-12T20:00:00,new_data,RULE_HR_V0.1,2025-09-29T20:00:00,2026-04-12T20:00:00,completed
RUN00002573,USR003841,HEALTH_RESERVE,2026-04-06T09:00:00,new_data,RULE_HR_V0.1,2025-10-29T09:00:00,2026-04-06T09:00:00,completed
RUN00002574,USR003843,MINDGUARD,2026-07-02T22:00:00,new_data,RULE_MG_V0.1,2025-12-23T22:00:00,2026-07-02T22:00:00,completed
RUN00002575,USR003843,HEALTH_RESERVE,2026-04-13T16:00:00,new_data,RULE_HR_V0.1,2025-12-17T16:00:00,2026-04-13T16:00:00,completed
RUN00002576,USR003844,HEALTH_RESERVE,2026-05-16T08:00:00,new_data,RULE_HR_V0.1,2025-12-12T08:00:00,2026-05-16T08:00:00,completed
RUN00002577,USR003847,HEALTH_RESERVE,2026-06-28T07:00:00,new_data,RULE_HR_V0.1,2025-12-05T07:00:00,2026-06-28T07:00:00,completed
RUN00002578,USR003849,MINDGUARD,2026-06-30T17:00:00,new_data,RULE_MG_V0.1,2025-10-29T17:00:00,2026-06-30T17:00:00,completed
RUN00002579,USR003852,HEALTH_RESERVE,2026-07-26T04:00:00,new_data,RULE_HR_V0.1,2025-12-03T04:00:00,2026-07-26T04:00:00,completed
RUN00002580,USR003853,HEALTH_RESERVE,2026-03-18T07:00:00,new_data,RULE_HR_V0.1,2025-11-02T07:00:00,2026-03-18T07:00:00,completed
RUN00002581,USR003854,MINDGUARD,2026-07-21T14:00:00,new_data,RULE_MG_V0.1,2025-12-28T14:00:00,2026-07-21T14:00:00,completed
RUN00002582,USR003856,MINDGUARD,2026-05-15T11:00:00,new_data,RULE_MG_V0.1,2025-12-13T11:00:00,2026-05-15T11:00:00,completed
RUN00002583,USR003857,HEALTH_RESERVE,2026-06-07T12:00:00,new_data,RULE_HR_V0.1,2025-12-12T12:00:00,2026-06-07T12:00:00,completed
RUN00002584,USR003859,MINDGUARD,2026-06-04T09:00:00,new_data,RULE_MG_V0.1,2025-10-24T09:00:00,2026-06-04T09:00:00,completed
RUN00002585,USR003860,MINDGUARD,2026-08-10T03:00:00,new_data,RULE_MG_V0.1,2026-02-09T03:00:00,2026-08-10T03:00:00,completed
RUN00002586,USR003860,HEALTH_RESERVE,2026-07-30T02:00:00,new_data,RULE_HR_V0.1,2026-01-31T02:00:00,2026-07-30T02:00:00,completed
RUN00002587,USR003861,MINDGUARD,2026-07-28T01:00:00,new_data,RULE_MG_V0.1,2025-10-22T01:00:00,2026-07-28T01:00:00,completed
RUN00002588,USR003861,HEALTH_RESERVE,2026-05-25T07:00:00,new_data,RULE_HR_V0.1,2025-10-22T07:00:00,2026-05-25T07:00:00,completed
RUN00002589,USR003862,MINDGUARD,2026-07-07T07:00:00,new_data,RULE_MG_V0.1,2025-11-13T07:00:00,2026-07-07T07:00:00,completed
RUN00002590,USR003862,HEALTH_RESERVE,2026-05-05T07:00:00,new_data,RULE_HR_V0.1,2025-11-13T07:00:00,2026-05-05T07:00:00,completed
RUN00002591,USR003863,MINDGUARD,2026-07-05T17:00:00,new_data,RULE_MG_V0.1,2025-09-30T17:00:00,2026-07-05T17:00:00,completed
RUN00002592,USR003863,HEALTH_RESERVE,2026-06-15T18:00:00,new_data,RULE_HR_V0.1,2025-09-23T18:00:00,2026-06-15T18:00:00,completed
RUN00002593,USR003864,MINDGUARD,2026-07-03T07:00:00,new_data,RULE_MG_V0.1,2025-12-06T07:00:00,2026-07-03T07:00:00,completed
RUN00002594,USR003865,MINDGUARD,2026-04-03T05:00:00,new_data,RULE_MG_V0.1,2025-10-01T05:00:00,2026-04-03T05:00:00,completed
RUN00002595,USR003866,MINDGUARD,2026-09-14T12:00:00,new_data,RULE_MG_V0.1,2026-01-03T01:00:00,2026-09-14T12:00:00,completed
RUN00002596,USR003868,MINDGUARD,2026-06-22T08:00:00,new_data,RULE_MG_V0.1,2025-12-14T08:00:00,2026-06-22T08:00:00,completed
RUN00002597,USR003869,HEALTH_RESERVE,2026-06-29T11:00:00,new_data,RULE_HR_V0.1,2026-02-05T11:00:00,2026-06-29T11:00:00,completed
RUN00002598,USR003870,MINDGUARD,2026-05-02T05:00:00,new_data,RULE_MG_V0.1,2026-01-13T05:00:00,2026-05-02T05:00:00,completed
RUN00002599,USR003871,MINDGUARD,2026-05-13T05:00:00,new_data,RULE_MG_V0.1,2025-11-21T05:00:00,2026-05-13T05:00:00,completed
RUN00002600,USR003873,MINDGUARD,2026-09-06T22:00:00,new_data,RULE_MG_V0.1,2025-12-29T22:00:00,2026-09-06T22:00:00,completed
RUN00002601,USR003875,MINDGUARD,2026-04-24T11:00:00,new_data,RULE_MG_V0.1,2025-11-13T11:00:00,2026-04-24T11:00:00,completed
RUN00002602,USR003876,MINDGUARD,2026-05-29T04:00:00,new_data,RULE_MG_V0.1,2025-11-03T04:00:00,2026-05-29T04:00:00,completed
RUN00002603,USR003878,MINDGUARD,2026-07-28T18:00:00,new_data,RULE_MG_V0.1,2025-10-14T18:00:00,2026-07-28T18:00:00,completed
RUN00002604,USR003878,HEALTH_RESERVE,2026-05-25T15:00:00,new_data,RULE_HR_V0.1,2025-10-08T15:00:00,2026-05-25T15:00:00,completed
RUN00002605,USR003880,MINDGUARD,2026-05-29T06:00:00,new_data,RULE_MG_V0.1,2026-01-06T06:00:00,2026-05-29T06:00:00,completed
RUN00002606,USR003882,HEALTH_RESERVE,2026-09-14T12:00:00,new_data,RULE_HR_V0.1,2025-12-28T05:00:00,2026-09-14T12:00:00,completed
RUN00002607,USR003883,MINDGUARD,2026-09-14T12:00:00,new_data,RULE_MG_V0.1,2026-01-16T22:00:00,2026-09-14T12:00:00,completed
RUN00002608,USR003883,HEALTH_RESERVE,2026-09-14T12:00:00,new_data,RULE_HR_V0.1,2026-01-09T08:00:00,2026-09-14T12:00:00,completed
RUN00002609,USR003884,HEALTH_RESERVE,2026-07-06T11:00:00,new_data,RULE_HR_V0.1,2025-10-26T11:00:00,2026-07-06T11:00:00,completed
RUN00002610,USR003885,MINDGUARD,2026-06-16T07:00:00,new_data,RULE_MG_V0.1,2026-01-18T07:00:00,2026-06-16T07:00:00,completed
RUN00002611,USR003886,MINDGUARD,2026-05-26T08:00:00,new_data,RULE_MG_V0.1,2026-01-19T08:00:00,2026-05-26T08:00:00,completed
RUN00002612,USR003887,MINDGUARD,2026-07-28T03:00:00,new_data,RULE_MG_V0.1,2025-10-31T03:00:00,2026-07-28T03:00:00,completed
RUN00002613,USR003889,MINDGUARD,2026-05-21T11:00:00,new_data,RULE_MG_V0.1,2025-09-29T11:00:00,2026-05-21T11:00:00,completed
RUN00002614,USR003890,MINDGUARD,2026-06-16T10:00:00,new_data,RULE_MG_V0.1,2026-01-30T10:00:00,2026-06-16T10:00:00,completed
RUN00002615,USR003892,MINDGUARD,2026-06-06T05:00:00,new_data,RULE_MG_V0.1,2025-12-07T05:00:00,2026-06-06T05:00:00,completed
RUN00002616,USR003893,MINDGUARD,2026-08-17T18:00:00,new_data,RULE_MG_V0.1,2025-12-09T18:00:00,2026-08-17T18:00:00,completed
RUN00002617,USR003894,MINDGUARD,2026-05-08T14:00:00,new_data,RULE_MG_V0.1,2025-10-05T14:00:00,2026-05-08T14:00:00,completed
RUN00002618,USR003897,HEALTH_RESERVE,2026-08-31T13:00:00,new_data,RULE_HR_V0.1,2026-01-07T13:00:00,2026-08-31T13:00:00,completed
RUN00002619,USR003898,HEALTH_RESERVE,2026-08-05T18:00:00,new_data,RULE_HR_V0.1,2025-12-17T18:00:00,2026-08-05T18:00:00,completed
RUN00002620,USR003899,MINDGUARD,2026-04-15T18:00:00,new_data,RULE_MG_V0.1,2026-01-08T18:00:00,2026-04-15T18:00:00,completed
RUN00002621,USR003902,MINDGUARD,2026-04-20T14:00:00,new_data,RULE_MG_V0.1,2025-11-28T14:00:00,2026-04-20T14:00:00,completed
RUN00002622,USR003903,MINDGUARD,2026-09-14T12:00:00,new_data,RULE_MG_V0.1,2026-02-17T11:00:00,2026-09-14T12:00:00,completed
RUN00002623,USR003905,MINDGUARD,2026-05-29T12:00:00,new_data,RULE_MG_V0.1,2025-12-02T12:00:00,2026-05-29T12:00:00,completed
RUN00002624,USR003907,MINDGUARD,2026-08-30T05:00:00,new_data,RULE_MG_V0.1,2026-02-08T05:00:00,2026-08-30T05:00:00,completed
RUN00002625,USR003907,HEALTH_RESERVE,2026-07-24T04:00:00,new_data,RULE_HR_V0.1,2026-02-11T04:00:00,2026-07-24T04:00:00,completed
RUN00002626,USR003909,MINDGUARD,2026-09-14T12:00:00,new_data,RULE_MG_V0.1,2026-01-22T22:00:00,2026-09-14T12:00:00,completed
RUN00002627,USR003914,MINDGUARD,2026-06-08T06:00:00,new_data,RULE_MG_V0.1,2025-12-15T06:00:00,2026-06-08T06:00:00,completed
RUN00002628,USR003915,MINDGUARD,2026-04-14T14:00:00,new_data,RULE_MG_V0.1,2025-09-25T14:00:00,2026-04-14T14:00:00,completed
RUN00002629,USR003921,HEALTH_RESERVE,2026-01-21T13:00:00,new_data,RULE_HR_V0.1,2025-09-20T13:00:00,2026-01-21T13:00:00,completed
RUN00002630,USR003922,MINDGUARD,2026-09-14T05:00:00,new_data,RULE_MG_V0.1,2026-02-09T05:00:00,2026-09-14T05:00:00,completed
RUN00002631,USR003923,HEALTH_RESERVE,2026-03-29T06:00:00,new_data,RULE_HR_V0.1,2025-10-06T06:00:00,2026-03-29T06:00:00,completed
RUN00002632,USR003924,HEALTH_RESERVE,2026-03-12T01:00:00,new_data,RULE_HR_V0.1,2025-10-13T01:00:00,2026-03-12T01:00:00,completed
RUN00002633,USR003927,HEALTH_RESERVE,2026-06-21T08:00:00,new_data,RULE_HR_V0.1,2026-01-03T08:00:00,2026-06-21T08:00:00,completed
RUN00002634,USR003932,HEALTH_RESERVE,2026-05-31T05:00:00,new_data,RULE_HR_V0.1,2026-01-02T05:00:00,2026-05-31T05:00:00,completed
RUN00002635,USR003935,MINDGUARD,2026-06-28T02:00:00,new_data,RULE_MG_V0.1,2026-01-05T02:00:00,2026-06-28T02:00:00,completed
RUN00002636,USR003936,MINDGUARD,2026-07-30T09:00:00,new_data,RULE_MG_V0.1,2025-11-03T09:00:00,2026-07-30T09:00:00,completed
RUN00002637,USR003937,HEALTH_RESERVE,2026-08-12T05:00:00,new_data,RULE_HR_V0.1,2025-12-09T05:00:00,2026-08-12T05:00:00,completed
RUN00002638,USR003941,HEALTH_RESERVE,2026-09-01T17:00:00,new_data,RULE_HR_V0.1,2025-11-11T17:00:00,2026-09-01T17:00:00,completed
RUN00002639,USR003942,MINDGUARD,2026-09-14T12:00:00,new_data,RULE_MG_V0.1,2026-02-11T04:00:00,2026-09-14T12:00:00,completed
RUN00002640,USR003943,MINDGUARD,2026-03-14T06:00:00,new_data,RULE_MG_V0.1,2025-11-23T06:00:00,2026-03-14T06:00:00,completed
RUN00002641,USR003944,MINDGUARD,2026-05-13T22:00:00,new_data,RULE_MG_V0.1,2026-01-16T22:00:00,2026-05-13T22:00:00,completed
RUN00002642,USR003945,HEALTH_RESERVE,2026-07-20T12:00:00,new_data,RULE_HR_V0.1,2025-11-19T12:00:00,2026-07-20T12:00:00,completed
RUN00002643,USR003946,MINDGUARD,2026-07-07T07:00:00,new_data,RULE_MG_V0.1,2025-12-18T07:00:00,2026-07-07T07:00:00,completed
RUN00002644,USR003947,MINDGUARD,2026-03-14T19:00:00,new_data,RULE_MG_V0.1,2025-10-08T19:00:00,2026-03-14T19:00:00,completed
RUN00002645,USR003948,MINDGUARD,2026-09-14T12:00:00,new_data,RULE_MG_V0.1,2026-02-16T06:00:00,2026-09-14T12:00:00,completed
RUN00002646,USR003950,HEALTH_RESERVE,2026-09-14T12:00:00,new_data,RULE_HR_V0.1,2025-12-26T01:00:00,2026-09-14T12:00:00,completed
RUN00002647,USR003951,HEALTH_RESERVE,2026-05-30T12:00:00,new_data,RULE_HR_V0.1,2025-10-06T12:00:00,2026-05-30T12:00:00,completed
RUN00002648,USR003952,MINDGUARD,2026-05-19T17:00:00,new_data,RULE_MG_V0.1,2025-10-30T17:00:00,2026-05-19T17:00:00,completed
RUN00002649,USR003952,HEALTH_RESERVE,2026-05-05T11:00:00,new_data,RULE_HR_V0.1,2025-10-28T11:00:00,2026-05-05T11:00:00,completed
RUN00002650,USR003953,MINDGUARD,2026-08-25T09:00:00,new_data,RULE_MG_V0.1,2025-11-25T09:00:00,2026-08-25T09:00:00,completed
RUN00002651,USR003953,HEALTH_RESERVE,2026-04-05T09:00:00,new_data,RULE_HR_V0.1,2025-11-25T09:00:00,2026-04-05T09:00:00,completed
RUN00002652,USR003954,HEALTH_RESERVE,2026-09-08T18:00:00,new_data,RULE_HR_V0.1,2025-12-11T18:00:00,2026-09-08T18:00:00,completed
RUN00002653,USR003955,MINDGUARD,2026-06-27T19:00:00,new_data,RULE_MG_V0.1,2025-12-21T19:00:00,2026-06-27T19:00:00,completed
RUN00002654,USR003956,HEALTH_RESERVE,2026-05-08T12:00:00,new_data,RULE_HR_V0.1,2026-01-03T12:00:00,2026-05-08T12:00:00,completed
RUN00002655,USR003959,MINDGUARD,2026-01-04T04:00:00,new_data,RULE_MG_V0.1,2025-09-24T04:00:00,2026-01-04T04:00:00,completed
RUN00002656,USR003961,MINDGUARD,2026-06-12T22:00:00,new_data,RULE_MG_V0.1,2025-10-01T22:00:00,2026-06-12T22:00:00,completed
RUN00002657,USR003963,MINDGUARD,2026-02-18T14:00:00,new_data,RULE_MG_V0.1,2025-11-18T14:00:00,2026-02-18T14:00:00,completed
RUN00002658,USR003965,MINDGUARD,2026-07-27T17:00:00,new_data,RULE_MG_V0.1,2026-02-20T17:00:00,2026-07-27T17:00:00,completed
RUN00002659,USR003966,MINDGUARD,2026-05-30T09:00:00,new_data,RULE_MG_V0.1,2025-12-28T09:00:00,2026-05-30T09:00:00,completed
RUN00002660,USR003967,HEALTH_RESERVE,2026-06-14T11:00:00,new_data,RULE_HR_V0.1,2025-12-29T11:00:00,2026-06-14T11:00:00,completed
RUN00002661,USR003970,MINDGUARD,2026-07-12T05:00:00,new_data,RULE_MG_V0.1,2025-10-11T05:00:00,2026-07-12T05:00:00,completed
RUN00002662,USR003971,MINDGUARD,2026-09-08T15:00:00,new_data,RULE_MG_V0.1,2026-01-30T15:00:00,2026-09-08T15:00:00,completed
RUN00002663,USR003972,MINDGUARD,2026-01-17T01:00:00,new_data,RULE_MG_V0.1,2025-09-27T01:00:00,2026-01-17T01:00:00,completed
RUN00002664,USR003972,HEALTH_RESERVE,2026-01-22T01:00:00,new_data,RULE_HR_V0.1,2025-09-22T01:00:00,2026-01-22T01:00:00,completed
RUN00002665,USR003973,MINDGUARD,2026-03-19T14:00:00,new_data,RULE_MG_V0.1,2025-10-02T14:00:00,2026-03-19T14:00:00,completed
RUN00002666,USR003974,MINDGUARD,2026-05-27T08:00:00,new_data,RULE_MG_V0.1,2025-12-12T08:00:00,2026-05-27T08:00:00,completed
RUN00002667,USR003975,HEALTH_RESERVE,2026-03-10T20:00:00,new_data,RULE_HR_V0.1,2025-11-26T20:00:00,2026-03-10T20:00:00,completed
RUN00002668,USR003976,MINDGUARD,2026-08-04T22:00:00,new_data,RULE_MG_V0.1,2026-01-23T22:00:00,2026-08-04T22:00:00,completed
RUN00002669,USR003977,MINDGUARD,2026-07-10T05:00:00,new_data,RULE_MG_V0.1,2026-01-12T05:00:00,2026-07-10T05:00:00,completed
RUN00002670,USR003978,HEALTH_RESERVE,2026-01-19T04:00:00,new_data,RULE_HR_V0.1,2025-10-21T04:00:00,2026-01-19T04:00:00,completed
RUN00002671,USR003982,MINDGUARD,2026-08-27T04:00:00,new_data,RULE_MG_V0.1,2026-01-22T04:00:00,2026-08-27T04:00:00,completed
RUN00002672,USR003983,MINDGUARD,2026-05-17T12:00:00,new_data,RULE_MG_V0.1,2025-11-30T12:00:00,2026-05-17T12:00:00,completed
RUN00002673,USR003985,MINDGUARD,2026-09-14T12:00:00,new_data,RULE_MG_V0.1,2026-02-07T05:00:00,2026-09-14T12:00:00,completed
RUN00002674,USR003987,MINDGUARD,2026-04-15T00:00:00,new_data,RULE_MG_V0.1,2025-12-17T00:00:00,2026-04-15T00:00:00,completed
RUN00002675,USR003987,HEALTH_RESERVE,2026-08-09T22:00:00,new_data,RULE_HR_V0.1,2025-12-08T22:00:00,2026-08-09T22:00:00,completed
RUN00002676,USR003988,HEALTH_RESERVE,2026-06-28T01:00:00,new_data,RULE_HR_V0.1,2026-01-01T01:00:00,2026-06-28T01:00:00,completed
RUN00002677,USR003990,MINDGUARD,2026-03-16T06:00:00,new_data,RULE_MG_V0.1,2025-10-02T06:00:00,2026-03-16T06:00:00,completed
RUN00002678,USR003991,MINDGUARD,2026-08-08T09:00:00,new_data,RULE_MG_V0.1,2025-10-28T09:00:00,2026-08-08T09:00:00,completed
RUN00002679,USR003992,MINDGUARD,2026-09-14T12:00:00,new_data,RULE_MG_V0.1,2026-01-02T07:00:00,2026-09-14T12:00:00,completed
RUN00002680,USR003993,MINDGUARD,2026-04-26T15:00:00,new_data,RULE_MG_V0.1,2025-12-31T15:00:00,2026-04-26T15:00:00,completed
RUN00002681,USR003995,MINDGUARD,2026-07-23T21:00:00,new_data,RULE_MG_V0.1,2025-10-11T21:00:00,2026-07-23T21:00:00,completed
RUN00002682,USR003997,MINDGUARD,2026-04-08T04:00:00,new_data,RULE_MG_V0.1,2025-10-26T04:00:00,2026-04-08T04:00:00,completed
RUN00002683,USR003998,HEALTH_RESERVE,2026-06-24T01:00:00,new_data,RULE_HR_V0.1,2025-10-03T01:00:00,2026-06-24T01:00:00,completed
RUN00002684,USR004000,MINDGUARD,2026-06-12T21:00:00,new_data,RULE_MG_V0.1,2026-01-05T21:00:00,2026-06-12T21:00:00,completed
RUN00002685,USR004002,MINDGUARD,2026-09-14T12:00:00,new_data,RULE_MG_V0.1,2026-02-04T05:00:00,2026-09-14T12:00:00,completed
RUN00002686,USR004005,MINDGUARD,2026-06-11T09:00:00,new_data,RULE_MG_V0.1,2025-12-11T09:00:00,2026-06-11T09:00:00,completed
RUN00002687,USR004005,HEALTH_RESERVE,2026-07-08T12:00:00,new_data,RULE_HR_V0.1,2025-12-07T12:00:00,2026-07-08T12:00:00,completed
RUN00002688,USR004006,MINDGUARD,2026-07-04T18:00:00,new_data,RULE_MG_V0.1,2025-11-07T18:00:00,2026-07-04T18:00:00,completed
RUN00002689,USR004008,MINDGUARD,2026-04-07T21:00:00,new_data,RULE_MG_V0.1,2025-09-28T21:00:00,2026-04-07T21:00:00,completed
RUN00002690,USR004009,MINDGUARD,2026-05-11T02:00:00,new_data,RULE_MG_V0.1,2025-12-09T02:00:00,2026-05-11T02:00:00,completed
RUN00002691,USR004010,MINDGUARD,2026-09-08T17:00:00,new_data,RULE_MG_V0.1,2026-01-06T17:00:00,2026-09-08T17:00:00,completed
RUN00002692,USR004011,MINDGUARD,2026-05-22T11:00:00,new_data,RULE_MG_V0.1,2025-09-29T11:00:00,2026-05-22T11:00:00,completed
RUN00002693,USR004015,MINDGUARD,2026-02-28T21:00:00,new_data,RULE_MG_V0.1,2025-11-19T21:00:00,2026-02-28T21:00:00,completed
RUN00002694,USR004016,MINDGUARD,2026-09-14T12:00:00,new_data,RULE_MG_V0.1,2026-01-30T01:00:00,2026-09-14T12:00:00,completed
RUN00002695,USR004016,HEALTH_RESERVE,2026-05-23T02:00:00,new_data,RULE_HR_V0.1,2026-02-10T02:00:00,2026-05-23T02:00:00,completed
RUN00002696,USR004017,MINDGUARD,2026-07-11T04:00:00,new_data,RULE_MG_V0.1,2026-02-10T04:00:00,2026-07-11T04:00:00,completed
RUN00002697,USR004018,HEALTH_RESERVE,2026-04-02T04:00:00,new_data,RULE_HR_V0.1,2025-12-12T04:00:00,2026-04-02T04:00:00,completed
RUN00002698,USR004019,MINDGUARD,2026-03-13T09:00:00,new_data,RULE_MG_V0.1,2025-11-16T09:00:00,2026-03-13T09:00:00,completed
RUN00002699,USR004020,MINDGUARD,2026-05-15T21:00:00,new_data,RULE_MG_V0.1,2025-09-24T21:00:00,2026-05-15T21:00:00,completed
RUN00002700,USR004021,MINDGUARD,2026-06-15T07:00:00,new_data,RULE_MG_V0.1,2025-11-18T07:00:00,2026-06-15T07:00:00,completed
RUN00002701,USR004023,MINDGUARD,2026-08-23T03:00:00,new_data,RULE_MG_V0.1,2025-11-08T03:00:00,2026-08-23T03:00:00,completed
RUN00002702,USR004026,MINDGUARD,2026-09-14T12:00:00,new_data,RULE_MG_V0.1,2026-01-28T00:00:00,2026-09-14T12:00:00,completed
RUN00002703,USR004029,MINDGUARD,2026-08-19T16:00:00,new_data,RULE_MG_V0.1,2025-11-18T16:00:00,2026-08-19T16:00:00,completed
RUN00002704,USR004030,MINDGUARD,2026-02-21T15:00:00,new_data,RULE_MG_V0.1,2025-10-16T15:00:00,2026-02-21T15:00:00,completed
RUN00002705,USR004031,MINDGUARD,2026-05-13T00:00:00,new_data,RULE_MG_V0.1,2025-12-14T00:00:00,2026-05-13T00:00:00,completed
RUN00002706,USR004032,MINDGUARD,2026-08-20T06:00:00,new_data,RULE_MG_V0.1,2026-01-12T06:00:00,2026-08-20T06:00:00,completed
RUN00002707,USR004034,HEALTH_RESERVE,2026-05-04T00:00:00,new_data,RULE_HR_V0.1,2025-11-18T00:00:00,2026-05-04T00:00:00,completed
RUN00002708,USR004036,MINDGUARD,2026-07-20T19:00:00,new_data,RULE_MG_V0.1,2025-10-22T19:00:00,2026-07-20T19:00:00,completed
RUN00002709,USR004037,MINDGUARD,2026-02-07T16:00:00,new_data,RULE_MG_V0.1,2025-10-17T16:00:00,2026-02-07T16:00:00,completed
RUN00002710,USR004039,HEALTH_RESERVE,2026-08-08T17:00:00,new_data,RULE_HR_V0.1,2025-11-08T17:00:00,2026-08-08T17:00:00,completed
RUN00002711,USR004040,MINDGUARD,2026-06-03T06:00:00,new_data,RULE_MG_V0.1,2025-12-28T06:00:00,2026-06-03T06:00:00,completed
RUN00002712,USR004041,MINDGUARD,2026-05-09T13:00:00,new_data,RULE_MG_V0.1,2026-01-04T13:00:00,2026-05-09T13:00:00,completed
RUN00002713,USR004042,HEALTH_RESERVE,2026-05-14T06:00:00,new_data,RULE_HR_V0.1,2025-09-25T06:00:00,2026-05-14T06:00:00,completed
RUN00002714,USR004045,MINDGUARD,2026-08-08T01:00:00,new_data,RULE_MG_V0.1,2025-12-31T01:00:00,2026-08-08T01:00:00,completed
RUN00002715,USR004045,HEALTH_RESERVE,2026-09-14T12:00:00,new_data,RULE_HR_V0.1,2025-12-23T20:00:00,2026-09-14T12:00:00,completed
RUN00002716,USR004047,HEALTH_RESERVE,2026-05-04T18:00:00,new_data,RULE_HR_V0.1,2025-12-18T18:00:00,2026-05-04T18:00:00,completed
RUN00002717,USR004048,HEALTH_RESERVE,2026-07-17T13:00:00,new_data,RULE_HR_V0.1,2026-01-27T13:00:00,2026-07-17T13:00:00,completed
RUN00002718,USR004049,MINDGUARD,2026-01-19T02:00:00,new_data,RULE_MG_V0.1,2025-09-15T02:00:00,2026-01-19T02:00:00,completed
RUN00002719,USR004050,HEALTH_RESERVE,2026-03-16T12:00:00,new_data,RULE_HR_V0.1,2025-10-02T12:00:00,2026-03-16T12:00:00,completed
RUN00002720,USR004051,HEALTH_RESERVE,2026-01-30T08:00:00,new_data,RULE_HR_V0.1,2025-10-21T08:00:00,2026-01-30T08:00:00,completed
RUN00002721,USR004052,MINDGUARD,2026-02-03T23:00:00,new_data,RULE_MG_V0.1,2025-10-31T23:00:00,2026-02-03T23:00:00,completed
RUN00002722,USR004055,MINDGUARD,2026-05-26T07:00:00,new_data,RULE_MG_V0.1,2026-02-01T07:00:00,2026-05-26T07:00:00,completed
RUN00002723,USR004056,HEALTH_RESERVE,2026-09-08T20:00:00,new_data,RULE_HR_V0.1,2026-01-29T20:00:00,2026-09-08T20:00:00,completed
RUN00002724,USR004057,HEALTH_RESERVE,2026-05-02T04:00:00,new_data,RULE_HR_V0.1,2025-11-24T04:00:00,2026-05-02T04:00:00,completed
RUN00002725,USR004058,MINDGUARD,2026-07-30T09:00:00,new_data,RULE_MG_V0.1,2025-12-03T09:00:00,2026-07-30T09:00:00,completed
RUN00002726,USR004059,HEALTH_RESERVE,2026-07-17T13:00:00,new_data,RULE_HR_V0.1,2025-10-03T13:00:00,2026-07-17T13:00:00,completed
RUN00002727,USR004060,MINDGUARD,2026-09-14T12:00:00,new_data,RULE_MG_V0.1,2026-01-17T12:00:00,2026-09-14T12:00:00,completed
RUN00002728,USR004061,MINDGUARD,2026-07-25T02:00:00,new_data,RULE_MG_V0.1,2025-11-17T02:00:00,2026-07-25T02:00:00,completed
RUN00002729,USR004062,HEALTH_RESERVE,2026-05-03T23:00:00,new_data,RULE_HR_V0.1,2026-01-15T23:00:00,2026-05-03T23:00:00,completed
RUN00002730,USR004063,HEALTH_RESERVE,2026-09-14T12:00:00,new_data,RULE_HR_V0.1,2026-01-14T20:00:00,2026-09-14T12:00:00,completed
RUN00002731,USR004066,MINDGUARD,2026-08-22T19:00:00,new_data,RULE_MG_V0.1,2025-11-09T19:00:00,2026-08-22T19:00:00,completed
RUN00002732,USR004067,MINDGUARD,2026-09-14T12:00:00,new_data,RULE_MG_V0.1,2026-01-07T06:00:00,2026-09-14T12:00:00,completed
RUN00002733,USR004069,HEALTH_RESERVE,2026-06-13T07:00:00,new_data,RULE_HR_V0.1,2025-10-09T07:00:00,2026-06-13T07:00:00,completed
RUN00002734,USR004071,MINDGUARD,2026-09-14T12:00:00,new_data,RULE_MG_V0.1,2026-02-14T06:00:00,2026-09-14T12:00:00,completed
RUN00002735,USR004073,MINDGUARD,2026-06-24T23:00:00,new_data,RULE_MG_V0.1,2025-11-17T23:00:00,2026-06-24T23:00:00,completed
RUN00002736,USR004074,MINDGUARD,2026-07-10T11:00:00,new_data,RULE_MG_V0.1,2026-01-09T11:00:00,2026-07-10T11:00:00,completed
RUN00002737,USR004075,MINDGUARD,2026-09-01T05:00:00,new_data,RULE_MG_V0.1,2025-11-07T05:00:00,2026-09-01T05:00:00,completed
RUN00002738,USR004076,MINDGUARD,2026-09-14T12:00:00,new_data,RULE_MG_V0.1,2026-01-14T04:00:00,2026-09-14T12:00:00,completed
RUN00002739,USR004077,MINDGUARD,2026-02-02T22:00:00,new_data,RULE_MG_V0.1,2025-10-28T22:00:00,2026-02-02T22:00:00,completed
RUN00002740,USR004079,MINDGUARD,2026-06-18T03:00:00,new_data,RULE_MG_V0.1,2025-10-07T03:00:00,2026-06-18T03:00:00,completed
RUN00002741,USR004082,MINDGUARD,2026-04-12T09:00:00,new_data,RULE_MG_V0.1,2025-09-24T09:00:00,2026-04-12T09:00:00,completed
RUN00002742,USR004084,MINDGUARD,2026-03-18T10:00:00,new_data,RULE_MG_V0.1,2025-10-13T10:00:00,2026-03-18T10:00:00,completed
RUN00002743,USR004086,HEALTH_RESERVE,2026-05-12T18:00:00,new_data,RULE_HR_V0.1,2026-01-19T18:00:00,2026-05-12T18:00:00,completed
RUN00002744,USR004089,MINDGUARD,2026-07-16T14:00:00,new_data,RULE_MG_V0.1,2025-12-27T14:00:00,2026-07-16T14:00:00,completed
RUN00002745,USR004091,MINDGUARD,2026-05-03T21:00:00,new_data,RULE_MG_V0.1,2025-12-19T21:00:00,2026-05-03T21:00:00,completed
RUN00002746,USR004092,MINDGUARD,2026-03-15T21:00:00,new_data,RULE_MG_V0.1,2025-10-24T21:00:00,2026-03-15T21:00:00,completed
RUN00002747,USR004093,MINDGUARD,2026-05-10T02:00:00,new_data,RULE_MG_V0.1,2025-10-28T02:00:00,2026-05-10T02:00:00,completed
RUN00002748,USR004094,HEALTH_RESERVE,2026-04-12T09:00:00,new_data,RULE_HR_V0.1,2025-11-03T09:00:00,2026-04-12T09:00:00,completed
RUN00002749,USR004095,HEALTH_RESERVE,2026-06-26T00:00:00,new_data,RULE_HR_V0.1,2025-10-17T00:00:00,2026-06-26T00:00:00,completed
RUN00002750,USR004096,HEALTH_RESERVE,2026-02-24T11:00:00,new_data,RULE_HR_V0.1,2025-11-12T11:00:00,2026-02-24T11:00:00,completed
RUN00002751,USR004097,HEALTH_RESERVE,2026-09-02T15:00:00,new_data,RULE_HR_V0.1,2026-01-22T15:00:00,2026-09-02T15:00:00,completed
RUN00002752,USR004098,MINDGUARD,2026-04-09T15:00:00,new_data,RULE_MG_V0.1,2025-12-25T15:00:00,2026-04-09T15:00:00,completed
RUN00002753,USR004099,MINDGUARD,2026-09-14T12:00:00,new_data,RULE_MG_V0.1,2025-12-02T12:00:00,2026-09-14T12:00:00,completed
RUN00002754,USR004100,MINDGUARD,2026-08-07T20:00:00,new_data,RULE_MG_V0.1,2025-10-24T20:00:00,2026-08-07T20:00:00,completed
RUN00002755,USR004106,MINDGUARD,2026-08-15T23:00:00,new_data,RULE_MG_V0.1,2026-02-10T23:00:00,2026-08-15T23:00:00,completed
RUN00002756,USR004111,MINDGUARD,2026-04-30T14:00:00,new_data,RULE_MG_V0.1,2025-10-17T14:00:00,2026-04-30T14:00:00,completed
RUN00002757,USR004112,MINDGUARD,2026-08-04T03:00:00,new_data,RULE_MG_V0.1,2025-12-10T03:00:00,2026-08-04T03:00:00,completed
RUN00002758,USR004113,MINDGUARD,2026-06-10T11:00:00,new_data,RULE_MG_V0.1,2025-10-20T11:00:00,2026-06-10T11:00:00,completed
RUN00002759,USR004114,MINDGUARD,2026-04-07T07:00:00,new_data,RULE_MG_V0.1,2025-11-25T07:00:00,2026-04-07T07:00:00,completed
RUN00002760,USR004115,MINDGUARD,2026-07-22T08:00:00,new_data,RULE_MG_V0.1,2026-01-22T08:00:00,2026-07-22T08:00:00,completed
RUN00002761,USR004116,MINDGUARD,2026-05-26T11:00:00,new_data,RULE_MG_V0.1,2025-11-15T11:00:00,2026-05-26T11:00:00,completed
RUN00002762,USR004117,HEALTH_RESERVE,2026-09-14T12:00:00,new_data,RULE_HR_V0.1,2026-01-25T09:00:00,2026-09-14T12:00:00,completed
RUN00002763,USR004122,MINDGUARD,2026-07-15T12:00:00,new_data,RULE_MG_V0.1,2026-01-12T12:00:00,2026-07-15T12:00:00,completed
RUN00002764,USR004123,MINDGUARD,2026-09-14T12:00:00,new_data,RULE_MG_V0.1,2026-02-03T09:00:00,2026-09-14T12:00:00,completed
RUN00002765,USR004125,MINDGUARD,2026-09-01T05:00:00,new_data,RULE_MG_V0.1,2025-11-09T05:00:00,2026-09-01T05:00:00,completed
RUN00002766,USR004126,MINDGUARD,2026-06-18T16:00:00,new_data,RULE_MG_V0.1,2025-11-06T16:00:00,2026-06-18T16:00:00,completed
RUN00002767,USR004128,MINDGUARD,2026-09-14T12:00:00,new_data,RULE_MG_V0.1,2026-01-15T12:00:00,2026-09-14T12:00:00,completed
RUN00002768,USR004129,HEALTH_RESERVE,2026-03-02T02:00:00,new_data,RULE_HR_V0.1,2025-11-19T02:00:00,2026-03-02T02:00:00,completed
RUN00002769,USR004130,MINDGUARD,2026-09-14T12:00:00,new_data,RULE_MG_V0.1,2026-01-01T05:00:00,2026-09-14T12:00:00,completed
RUN00002770,USR004131,MINDGUARD,2026-04-11T21:00:00,new_data,RULE_MG_V0.1,2026-01-03T21:00:00,2026-04-11T21:00:00,completed
RUN00002771,USR004131,HEALTH_RESERVE,2026-09-05T00:00:00,new_data,RULE_HR_V0.1,2026-01-01T00:00:00,2026-09-05T00:00:00,completed
RUN00002772,USR004132,HEALTH_RESERVE,2026-09-14T12:00:00,new_data,RULE_HR_V0.1,2026-01-27T05:00:00,2026-09-14T12:00:00,completed
RUN00002773,USR004134,MINDGUARD,2026-07-18T00:00:00,new_data,RULE_MG_V0.1,2025-12-01T00:00:00,2026-07-18T00:00:00,completed
RUN00002774,USR004137,MINDGUARD,2026-05-01T10:00:00,new_data,RULE_MG_V0.1,2025-10-05T10:00:00,2026-05-01T10:00:00,completed
RUN00002775,USR004142,MINDGUARD,2026-03-23T05:00:00,new_data,RULE_MG_V0.1,2025-10-27T05:00:00,2026-03-23T05:00:00,completed
RUN00002776,USR004143,MINDGUARD,2026-05-12T17:00:00,new_data,RULE_MG_V0.1,2025-10-27T17:00:00,2026-05-12T17:00:00,completed
RUN00002777,USR004144,HEALTH_RESERVE,2026-09-03T16:00:00,new_data,RULE_HR_V0.1,2026-01-04T16:00:00,2026-09-03T16:00:00,completed
RUN00002778,USR004145,HEALTH_RESERVE,2026-07-28T04:00:00,new_data,RULE_HR_V0.1,2026-01-08T04:00:00,2026-07-28T04:00:00,completed
RUN00002779,USR004146,MINDGUARD,2026-07-11T11:00:00,new_data,RULE_MG_V0.1,2026-02-10T11:00:00,2026-07-11T11:00:00,completed
RUN00002780,USR004149,HEALTH_RESERVE,2026-06-20T20:00:00,new_data,RULE_HR_V0.1,2026-02-04T20:00:00,2026-06-20T20:00:00,completed
RUN00002781,USR004150,MINDGUARD,2026-04-12T01:00:00,new_data,RULE_MG_V0.1,2025-12-27T01:00:00,2026-04-12T01:00:00,completed
RUN00002782,USR004151,MINDGUARD,2026-07-21T23:00:00,new_data,RULE_MG_V0.1,2025-10-10T23:00:00,2026-07-21T23:00:00,completed
RUN00002783,USR004153,HEALTH_RESERVE,2026-08-20T21:00:00,new_data,RULE_HR_V0.1,2025-10-27T21:00:00,2026-08-20T21:00:00,completed
RUN00002784,USR004154,MINDGUARD,2026-06-10T13:00:00,new_data,RULE_MG_V0.1,2025-12-26T13:00:00,2026-06-10T13:00:00,completed
RUN00002785,USR004158,MINDGUARD,2026-03-30T02:00:00,new_data,RULE_MG_V0.1,2025-10-06T02:00:00,2026-03-30T02:00:00,completed
RUN00002786,USR004160,MINDGUARD,2026-07-13T05:00:00,new_data,RULE_MG_V0.1,2025-12-25T05:00:00,2026-07-13T05:00:00,completed
RUN00002787,USR004162,HEALTH_RESERVE,2026-06-26T05:00:00,new_data,RULE_HR_V0.1,2025-12-29T05:00:00,2026-06-26T05:00:00,completed
RUN00002788,USR004164,HEALTH_RESERVE,2026-06-27T17:00:00,new_data,RULE_HR_V0.1,2025-12-14T17:00:00,2026-06-27T17:00:00,completed
RUN00002789,USR004165,MINDGUARD,2026-04-07T22:00:00,new_data,RULE_MG_V0.1,2026-01-01T22:00:00,2026-04-07T22:00:00,completed
RUN00002790,USR004166,MINDGUARD,2026-08-11T08:00:00,new_data,RULE_MG_V0.1,2025-11-24T08:00:00,2026-08-11T08:00:00,completed
RUN00002791,USR004166,HEALTH_RESERVE,2026-04-13T10:00:00,new_data,RULE_HR_V0.1,2025-11-11T10:00:00,2026-04-13T10:00:00,completed
RUN00002792,USR004171,HEALTH_RESERVE,2026-02-27T18:00:00,new_data,RULE_HR_V0.1,2025-10-25T18:00:00,2026-02-27T18:00:00,completed
RUN00002793,USR004172,HEALTH_RESERVE,2026-08-03T19:00:00,new_data,RULE_HR_V0.1,2025-12-23T19:00:00,2026-08-03T19:00:00,completed
RUN00002794,USR004173,MINDGUARD,2026-03-16T07:00:00,new_data,RULE_MG_V0.1,2025-10-16T07:00:00,2026-03-16T07:00:00,completed
RUN00002795,USR004173,HEALTH_RESERVE,2026-07-23T09:00:00,new_data,RULE_HR_V0.1,2025-10-12T09:00:00,2026-07-23T09:00:00,completed
RUN00002796,USR004175,HEALTH_RESERVE,2026-09-14T12:00:00,new_data,RULE_HR_V0.1,2026-01-18T12:00:00,2026-09-14T12:00:00,completed
RUN00002797,USR004176,MINDGUARD,2026-06-15T21:00:00,new_data,RULE_MG_V0.1,2026-01-19T21:00:00,2026-06-15T21:00:00,completed
RUN00002798,USR004178,MINDGUARD,2026-07-26T02:00:00,new_data,RULE_MG_V0.1,2026-01-20T02:00:00,2026-07-26T02:00:00,completed
RUN00002799,USR004178,HEALTH_RESERVE,2026-09-14T12:00:00,new_data,RULE_HR_V0.1,2026-01-18T04:00:00,2026-09-14T12:00:00,completed
RUN00002800,USR004179,MINDGUARD,2026-05-10T20:00:00,new_data,RULE_MG_V0.1,2025-12-16T20:00:00,2026-05-10T20:00:00,completed
RUN00002801,USR004180,MINDGUARD,2026-05-15T18:00:00,new_data,RULE_MG_V0.1,2025-10-10T18:00:00,2026-05-15T18:00:00,completed
RUN00002802,USR004181,HEALTH_RESERVE,2026-06-01T07:00:00,new_data,RULE_HR_V0.1,2025-09-30T07:00:00,2026-06-01T07:00:00,completed
RUN00002803,USR004182,MINDGUARD,2026-01-19T19:00:00,new_data,RULE_MG_V0.1,2025-10-13T19:00:00,2026-01-19T19:00:00,completed
RUN00002804,USR004183,MINDGUARD,2026-05-05T19:00:00,new_data,RULE_MG_V0.1,2026-01-13T19:00:00,2026-05-05T19:00:00,completed
RUN00002805,USR004183,HEALTH_RESERVE,2026-05-07T00:00:00,new_data,RULE_HR_V0.1,2026-01-07T00:00:00,2026-05-07T00:00:00,completed
RUN00002806,USR004184,MINDGUARD,2026-08-20T05:00:00,new_data,RULE_MG_V0.1,2025-11-28T05:00:00,2026-08-20T05:00:00,completed
RUN00002807,USR004187,HEALTH_RESERVE,2026-04-26T03:00:00,new_data,RULE_HR_V0.1,2025-09-26T03:00:00,2026-04-26T03:00:00,completed
RUN00002808,USR004189,MINDGUARD,2026-02-28T05:00:00,new_data,RULE_MG_V0.1,2025-10-09T05:00:00,2026-02-28T05:00:00,completed
RUN00002809,USR004189,HEALTH_RESERVE,2026-05-20T03:00:00,new_data,RULE_HR_V0.1,2025-10-21T03:00:00,2026-05-20T03:00:00,completed
RUN00002810,USR004190,MINDGUARD,2026-05-23T17:00:00,new_data,RULE_MG_V0.1,2025-10-29T17:00:00,2026-05-23T17:00:00,completed
RUN00002811,USR004191,MINDGUARD,2026-07-12T14:00:00,new_data,RULE_MG_V0.1,2025-12-19T14:00:00,2026-07-12T14:00:00,completed
RUN00002812,USR004192,MINDGUARD,2026-06-01T11:00:00,new_data,RULE_MG_V0.1,2025-11-29T11:00:00,2026-06-01T11:00:00,completed
RUN00002813,USR004195,MINDGUARD,2026-09-06T21:00:00,new_data,RULE_MG_V0.1,2025-11-23T21:00:00,2026-09-06T21:00:00,completed
RUN00002814,USR004197,HEALTH_RESERVE,2026-05-05T07:00:00,new_data,RULE_HR_V0.1,2025-10-22T07:00:00,2026-05-05T07:00:00,completed
RUN00002815,USR004198,HEALTH_RESERVE,2026-07-29T07:00:00,new_data,RULE_HR_V0.1,2025-11-14T07:00:00,2026-07-29T07:00:00,completed
RUN00002816,USR004199,MINDGUARD,2026-09-14T12:00:00,new_data,RULE_MG_V0.1,2026-02-12T03:00:00,2026-09-14T12:00:00,completed
RUN00002817,USR004200,MINDGUARD,2026-03-02T17:00:00,new_data,RULE_MG_V0.1,2025-09-20T17:00:00,2026-03-02T17:00:00,completed
RUN00002818,USR004202,HEALTH_RESERVE,2026-05-29T17:00:00,new_data,RULE_HR_V0.1,2025-10-05T17:00:00,2026-05-29T17:00:00,completed
RUN00002819,USR004205,MINDGUARD,2026-09-14T12:00:00,new_data,RULE_MG_V0.1,2025-12-09T05:00:00,2026-09-14T12:00:00,completed
RUN00002820,USR004205,HEALTH_RESERVE,2026-07-03T04:00:00,new_data,RULE_HR_V0.1,2025-12-08T04:00:00,2026-07-03T04:00:00,completed
RUN00002821,USR004207,MINDGUARD,2026-03-28T03:00:00,new_data,RULE_MG_V0.1,2025-10-09T03:00:00,2026-03-28T03:00:00,completed
RUN00002822,USR004208,MINDGUARD,2026-05-04T22:00:00,new_data,RULE_MG_V0.1,2026-01-11T22:00:00,2026-05-04T22:00:00,completed
RUN00002823,USR004209,MINDGUARD,2026-08-08T03:00:00,new_data,RULE_MG_V0.1,2026-02-17T03:00:00,2026-08-08T03:00:00,completed
RUN00002824,USR004211,MINDGUARD,2026-09-14T12:00:00,new_data,RULE_MG_V0.1,2026-02-02T17:00:00,2026-09-14T12:00:00,completed
RUN00002825,USR004212,MINDGUARD,2026-03-04T15:00:00,new_data,RULE_MG_V0.1,2025-11-14T15:00:00,2026-03-04T15:00:00,completed
RUN00002826,USR004213,MINDGUARD,2026-07-27T09:00:00,new_data,RULE_MG_V0.1,2025-12-05T09:00:00,2026-07-27T09:00:00,completed
RUN00002827,USR004214,MINDGUARD,2026-09-14T12:00:00,new_data,RULE_MG_V0.1,2025-12-07T12:00:00,2026-09-14T12:00:00,completed
RUN00002828,USR004218,HEALTH_RESERVE,2026-07-23T00:00:00,new_data,RULE_HR_V0.1,2025-09-28T00:00:00,2026-07-23T00:00:00,completed
RUN00002829,USR004222,MINDGUARD,2026-08-25T19:00:00,new_data,RULE_MG_V0.1,2025-12-20T19:00:00,2026-08-25T19:00:00,completed
RUN00002830,USR004224,MINDGUARD,2026-04-10T13:00:00,new_data,RULE_MG_V0.1,2025-10-18T13:00:00,2026-04-10T13:00:00,completed
RUN00002831,USR004225,MINDGUARD,2026-05-02T11:00:00,new_data,RULE_MG_V0.1,2025-12-15T11:00:00,2026-05-02T11:00:00,completed
RUN00002832,USR004227,HEALTH_RESERVE,2026-01-03T02:00:00,new_data,RULE_HR_V0.1,2025-10-04T02:00:00,2026-01-03T02:00:00,completed
RUN00002833,USR004232,HEALTH_RESERVE,2026-08-07T18:00:00,new_data,RULE_HR_V0.1,2025-10-28T18:00:00,2026-08-07T18:00:00,completed
RUN00002834,USR004233,MINDGUARD,2026-03-31T04:00:00,new_data,RULE_MG_V0.1,2025-09-19T04:00:00,2026-03-31T04:00:00,completed
RUN00002835,USR004234,MINDGUARD,2026-01-25T22:00:00,new_data,RULE_MG_V0.1,2025-10-21T22:00:00,2026-01-25T22:00:00,completed
RUN00002836,USR004234,HEALTH_RESERVE,2026-06-15T18:00:00,new_data,RULE_HR_V0.1,2025-10-16T18:00:00,2026-06-15T18:00:00,completed
RUN00002837,USR004237,MINDGUARD,2026-09-03T14:00:00,new_data,RULE_MG_V0.1,2025-11-10T14:00:00,2026-09-03T14:00:00,completed
RUN00002838,USR004238,MINDGUARD,2026-09-05T05:00:00,new_data,RULE_MG_V0.1,2026-01-16T05:00:00,2026-09-05T05:00:00,completed
RUN00002839,USR004239,HEALTH_RESERVE,2026-06-12T22:00:00,new_data,RULE_HR_V0.1,2026-01-08T22:00:00,2026-06-12T22:00:00,completed
RUN00002840,USR004240,HEALTH_RESERVE,2026-05-05T05:00:00,new_data,RULE_HR_V0.1,2025-10-16T05:00:00,2026-05-05T05:00:00,completed
RUN00002841,USR004243,MINDGUARD,2026-04-10T16:00:00,new_data,RULE_MG_V0.1,2025-11-21T16:00:00,2026-04-10T16:00:00,completed
RUN00002842,USR004243,HEALTH_RESERVE,2026-05-02T12:00:00,new_data,RULE_HR_V0.1,2025-11-27T12:00:00,2026-05-02T12:00:00,completed
RUN00002843,USR004244,MINDGUARD,2026-08-14T01:00:00,new_data,RULE_MG_V0.1,2025-12-13T01:00:00,2026-08-14T01:00:00,completed
RUN00002844,USR004245,MINDGUARD,2026-09-12T22:00:00,new_data,RULE_MG_V0.1,2026-01-13T22:00:00,2026-09-12T22:00:00,completed
RUN00002845,USR004248,MINDGUARD,2026-06-18T17:00:00,new_data,RULE_MG_V0.1,2026-01-31T17:00:00,2026-06-18T17:00:00,completed
RUN00002846,USR004250,MINDGUARD,2026-02-03T04:00:00,new_data,RULE_MG_V0.1,2025-10-22T04:00:00,2026-02-03T04:00:00,completed
RUN00002847,USR004254,MINDGUARD,2026-08-24T12:00:00,new_data,RULE_MG_V0.1,2025-12-15T12:00:00,2026-08-24T12:00:00,completed
RUN00002848,USR004255,MINDGUARD,2026-06-01T08:00:00,new_data,RULE_MG_V0.1,2025-12-20T08:00:00,2026-06-01T08:00:00,completed
RUN00002849,USR004258,MINDGUARD,2026-03-30T06:00:00,new_data,RULE_MG_V0.1,2025-10-15T06:00:00,2026-03-30T06:00:00,completed
RUN00002850,USR004259,MINDGUARD,2026-03-19T05:00:00,new_data,RULE_MG_V0.1,2025-10-24T05:00:00,2026-03-19T05:00:00,completed
RUN00002851,USR004262,HEALTH_RESERVE,2026-04-07T04:00:00,new_data,RULE_HR_V0.1,2025-10-12T04:00:00,2026-04-07T04:00:00,completed
RUN00002852,USR004263,HEALTH_RESERVE,2026-09-14T12:00:00,new_data,RULE_HR_V0.1,2025-12-28T07:00:00,2026-09-14T12:00:00,completed
RUN00002853,USR004264,MINDGUARD,2026-09-14T12:00:00,new_data,RULE_MG_V0.1,2025-12-12T20:00:00,2026-09-14T12:00:00,completed
RUN00002854,USR004264,HEALTH_RESERVE,2026-05-31T21:00:00,new_data,RULE_HR_V0.1,2025-12-03T21:00:00,2026-05-31T21:00:00,completed
RUN00002855,USR004265,MINDGUARD,2026-03-31T06:00:00,new_data,RULE_MG_V0.1,2025-10-04T06:00:00,2026-03-31T06:00:00,completed
RUN00002856,USR004267,MINDGUARD,2026-05-15T00:00:00,new_data,RULE_MG_V0.1,2025-10-01T00:00:00,2026-05-15T00:00:00,completed
RUN00002857,USR004268,MINDGUARD,2026-05-30T08:00:00,new_data,RULE_MG_V0.1,2026-01-08T08:00:00,2026-05-30T08:00:00,completed
RUN00002858,USR004268,HEALTH_RESERVE,2026-09-14T12:00:00,new_data,RULE_HR_V0.1,2026-01-22T07:00:00,2026-09-14T12:00:00,completed
RUN00002859,USR004269,MINDGUARD,2026-06-25T20:00:00,new_data,RULE_MG_V0.1,2026-02-05T20:00:00,2026-06-25T20:00:00,completed
RUN00002860,USR004270,MINDGUARD,2026-02-09T04:00:00,new_data,RULE_MG_V0.1,2025-10-17T04:00:00,2026-02-09T04:00:00,completed
RUN00002861,USR004270,HEALTH_RESERVE,2026-01-25T05:00:00,new_data,RULE_HR_V0.1,2025-10-09T05:00:00,2026-01-25T05:00:00,completed
RUN00002862,USR004272,MINDGUARD,2026-05-11T09:00:00,new_data,RULE_MG_V0.1,2025-10-31T09:00:00,2026-05-11T09:00:00,completed
RUN00002863,USR004275,MINDGUARD,2026-07-23T01:00:00,new_data,RULE_MG_V0.1,2025-12-19T01:00:00,2026-07-23T01:00:00,completed
RUN00002864,USR004277,MINDGUARD,2026-06-24T02:00:00,new_data,RULE_MG_V0.1,2026-01-04T02:00:00,2026-06-24T02:00:00,completed
RUN00002865,USR004278,MINDGUARD,2026-09-14T12:00:00,new_data,RULE_MG_V0.1,2026-02-17T14:00:00,2026-09-14T12:00:00,completed
RUN00002866,USR004279,MINDGUARD,2026-08-08T07:00:00,new_data,RULE_MG_V0.1,2025-11-17T07:00:00,2026-08-08T07:00:00,completed
RUN00002867,USR004279,HEALTH_RESERVE,2026-04-16T07:00:00,new_data,RULE_HR_V0.1,2025-11-18T07:00:00,2026-04-16T07:00:00,completed
RUN00002868,USR004280,MINDGUARD,2026-06-11T04:00:00,new_data,RULE_MG_V0.1,2026-02-09T04:00:00,2026-06-11T04:00:00,completed
RUN00002869,USR004281,MINDGUARD,2026-02-23T04:00:00,new_data,RULE_MG_V0.1,2025-09-22T04:00:00,2026-02-23T04:00:00,completed
RUN00002870,USR004281,HEALTH_RESERVE,2026-04-07T22:00:00,new_data,RULE_HR_V0.1,2025-09-20T22:00:00,2026-04-07T22:00:00,completed
RUN00002871,USR004283,MINDGUARD,2026-05-30T14:00:00,new_data,RULE_MG_V0.1,2026-01-21T14:00:00,2026-05-30T14:00:00,completed
RUN00002872,USR004285,MINDGUARD,2026-06-11T22:00:00,new_data,RULE_MG_V0.1,2025-12-18T22:00:00,2026-06-11T22:00:00,completed
RUN00002873,USR004286,MINDGUARD,2026-04-29T16:00:00,new_data,RULE_MG_V0.1,2026-01-06T16:00:00,2026-04-29T16:00:00,completed
RUN00002874,USR004288,HEALTH_RESERVE,2026-09-14T12:00:00,new_data,RULE_HR_V0.1,2026-02-03T14:00:00,2026-09-14T12:00:00,completed
RUN00002875,USR004290,MINDGUARD,2026-09-14T12:00:00,new_data,RULE_MG_V0.1,2025-12-25T07:00:00,2026-09-14T12:00:00,completed
RUN00002876,USR004291,MINDGUARD,2026-07-29T14:00:00,new_data,RULE_MG_V0.1,2026-01-01T14:00:00,2026-07-29T14:00:00,completed
RUN00002877,USR004293,MINDGUARD,2026-01-31T10:00:00,new_data,RULE_MG_V0.1,2025-10-15T10:00:00,2026-01-31T10:00:00,completed
RUN00002878,USR004296,MINDGUARD,2026-02-28T14:00:00,new_data,RULE_MG_V0.1,2025-10-27T14:00:00,2026-02-28T14:00:00,completed
RUN00002879,USR004297,MINDGUARD,2026-05-01T08:00:00,new_data,RULE_MG_V0.1,2025-10-31T08:00:00,2026-05-01T08:00:00,completed
RUN00002880,USR004299,MINDGUARD,2026-08-08T15:00:00,new_data,RULE_MG_V0.1,2026-02-02T15:00:00,2026-08-08T15:00:00,completed
RUN00002881,USR004300,MINDGUARD,2026-04-13T08:00:00,new_data,RULE_MG_V0.1,2025-12-07T08:00:00,2026-04-13T08:00:00,completed
RUN00002882,USR004302,MINDGUARD,2026-06-11T05:00:00,new_data,RULE_MG_V0.1,2025-10-06T05:00:00,2026-06-11T05:00:00,completed
RUN00002883,USR004303,MINDGUARD,2026-05-29T15:00:00,new_data,RULE_MG_V0.1,2026-02-17T15:00:00,2026-05-29T15:00:00,completed
RUN00002884,USR004304,MINDGUARD,2026-09-13T00:00:00,new_data,RULE_MG_V0.1,2025-12-01T00:00:00,2026-09-13T00:00:00,completed
RUN00002885,USR004304,HEALTH_RESERVE,2026-08-06T02:00:00,new_data,RULE_HR_V0.1,2025-12-02T02:00:00,2026-08-06T02:00:00,completed
RUN00002886,USR004305,MINDGUARD,2026-09-12T15:00:00,new_data,RULE_MG_V0.1,2025-12-12T15:00:00,2026-09-12T15:00:00,completed
RUN00002887,USR004305,HEALTH_RESERVE,2026-07-14T13:00:00,new_data,RULE_HR_V0.1,2025-12-12T13:00:00,2026-07-14T13:00:00,completed
RUN00002888,USR004307,HEALTH_RESERVE,2026-09-03T20:00:00,new_data,RULE_HR_V0.1,2026-02-22T20:00:00,2026-09-03T20:00:00,completed
RUN00002889,USR004308,MINDGUARD,2026-04-01T16:00:00,new_data,RULE_MG_V0.1,2025-11-08T16:00:00,2026-04-01T16:00:00,completed
RUN00002890,USR004308,HEALTH_RESERVE,2026-05-10T12:00:00,new_data,RULE_HR_V0.1,2025-11-12T12:00:00,2026-05-10T12:00:00,completed
RUN00002891,USR004309,MINDGUARD,2026-05-27T23:00:00,new_data,RULE_MG_V0.1,2025-10-25T23:00:00,2026-05-27T23:00:00,completed
RUN00002892,USR004310,MINDGUARD,2026-08-21T02:00:00,new_data,RULE_MG_V0.1,2025-10-30T02:00:00,2026-08-21T02:00:00,completed
RUN00002893,USR004313,MINDGUARD,2026-02-15T14:00:00,new_data,RULE_MG_V0.1,2025-11-11T14:00:00,2026-02-15T14:00:00,completed
RUN00002894,USR004314,HEALTH_RESERVE,2026-05-04T10:00:00,new_data,RULE_HR_V0.1,2025-11-22T10:00:00,2026-05-04T10:00:00,completed
RUN00002895,USR004315,MINDGUARD,2026-05-01T16:00:00,new_data,RULE_MG_V0.1,2025-11-14T16:00:00,2026-05-01T16:00:00,completed
RUN00002896,USR004318,MINDGUARD,2026-01-29T00:00:00,new_data,RULE_MG_V0.1,2025-10-17T00:00:00,2026-01-29T00:00:00,completed
RUN00002897,USR004319,HEALTH_RESERVE,2026-09-14T12:00:00,new_data,RULE_HR_V0.1,2025-12-21T06:00:00,2026-09-14T12:00:00,completed
RUN00002898,USR004320,MINDGUARD,2026-05-02T09:00:00,new_data,RULE_MG_V0.1,2025-12-02T09:00:00,2026-05-02T09:00:00,completed
RUN00002899,USR004323,MINDGUARD,2026-03-12T07:00:00,new_data,RULE_MG_V0.1,2025-11-27T07:00:00,2026-03-12T07:00:00,completed
RUN00002900,USR004325,HEALTH_RESERVE,2026-05-26T14:00:00,new_data,RULE_HR_V0.1,2026-01-26T14:00:00,2026-05-26T14:00:00,completed
RUN00002901,USR004327,HEALTH_RESERVE,2026-07-15T18:00:00,new_data,RULE_HR_V0.1,2025-11-29T18:00:00,2026-07-15T18:00:00,completed
RUN00002902,USR004328,HEALTH_RESERVE,2026-06-30T14:00:00,new_data,RULE_HR_V0.1,2026-01-25T14:00:00,2026-06-30T14:00:00,completed
RUN00002903,USR004329,MINDGUARD,2026-09-14T12:00:00,new_data,RULE_MG_V0.1,2025-12-22T12:00:00,2026-09-14T12:00:00,completed
RUN00002904,USR004329,HEALTH_RESERVE,2026-07-31T11:00:00,new_data,RULE_HR_V0.1,2025-12-23T11:00:00,2026-07-31T11:00:00,completed
RUN00002905,USR004331,MINDGUARD,2026-09-05T14:00:00,new_data,RULE_MG_V0.1,2025-12-14T14:00:00,2026-09-05T14:00:00,completed
RUN00002906,USR004332,MINDGUARD,2026-06-04T14:00:00,new_data,RULE_MG_V0.1,2025-11-25T14:00:00,2026-06-04T14:00:00,completed
RUN00002907,USR004332,HEALTH_RESERVE,2026-08-10T22:00:00,new_data,RULE_HR_V0.1,2025-11-22T22:00:00,2026-08-10T22:00:00,completed
RUN00002908,USR004336,MINDGUARD,2026-08-16T20:00:00,new_data,RULE_MG_V0.1,2025-11-10T20:00:00,2026-08-16T20:00:00,completed
RUN00002909,USR004338,MINDGUARD,2026-06-24T16:00:00,new_data,RULE_MG_V0.1,2025-10-25T16:00:00,2026-06-24T16:00:00,completed
RUN00002910,USR004341,MINDGUARD,2026-09-07T15:00:00,new_data,RULE_MG_V0.1,2025-12-13T15:00:00,2026-09-07T15:00:00,completed
RUN00002911,USR004342,MINDGUARD,2026-09-14T08:00:00,new_data,RULE_MG_V0.1,2025-12-22T08:00:00,2026-09-14T08:00:00,completed
RUN00002912,USR004344,MINDGUARD,2026-02-13T16:00:00,new_data,RULE_MG_V0.1,2025-11-02T16:00:00,2026-02-13T16:00:00,completed
RUN00002913,USR004345,MINDGUARD,2026-08-01T09:00:00,new_data,RULE_MG_V0.1,2025-11-06T09:00:00,2026-08-01T09:00:00,completed
RUN00002914,USR004347,MINDGUARD,2026-09-14T12:00:00,new_data,RULE_MG_V0.1,2026-01-26T04:00:00,2026-09-14T12:00:00,completed
RUN00002915,USR004348,MINDGUARD,2026-09-01T18:00:00,new_data,RULE_MG_V0.1,2026-01-05T18:00:00,2026-09-01T18:00:00,completed
RUN00002916,USR004349,HEALTH_RESERVE,2026-07-10T06:00:00,new_data,RULE_HR_V0.1,2026-01-25T06:00:00,2026-07-10T06:00:00,completed
RUN00002917,USR004350,MINDGUARD,2026-09-14T12:00:00,new_data,RULE_MG_V0.1,2025-12-06T00:00:00,2026-09-14T12:00:00,completed
RUN00002918,USR004351,HEALTH_RESERVE,2026-02-13T22:00:00,new_data,RULE_HR_V0.1,2025-10-16T22:00:00,2026-02-13T22:00:00,completed
RUN00002919,USR004353,HEALTH_RESERVE,2026-09-14T12:00:00,new_data,RULE_HR_V0.1,2025-12-19T16:00:00,2026-09-14T12:00:00,completed
RUN00002920,USR004354,MINDGUARD,2026-05-09T04:00:00,new_data,RULE_MG_V0.1,2025-12-28T04:00:00,2026-05-09T04:00:00,completed
RUN00002921,USR004355,MINDGUARD,2026-04-07T17:00:00,new_data,RULE_MG_V0.1,2025-10-11T17:00:00,2026-04-07T17:00:00,completed
RUN00002922,USR004356,MINDGUARD,2026-04-27T01:00:00,new_data,RULE_MG_V0.1,2025-11-12T01:00:00,2026-04-27T01:00:00,completed
RUN00002923,USR004358,MINDGUARD,2026-06-02T23:00:00,new_data,RULE_MG_V0.1,2026-01-28T23:00:00,2026-06-02T23:00:00,completed
RUN00002924,USR004358,HEALTH_RESERVE,2026-09-14T12:00:00,new_data,RULE_HR_V0.1,2026-02-09T23:00:00,2026-09-14T12:00:00,completed
RUN00002925,USR004359,MINDGUARD,2026-02-23T02:00:00,new_data,RULE_MG_V0.1,2025-10-27T02:00:00,2026-02-23T02:00:00,completed
RUN00002926,USR004359,HEALTH_RESERVE,2026-01-30T18:00:00,new_data,RULE_HR_V0.1,2025-10-26T18:00:00,2026-01-30T18:00:00,completed
RUN00002927,USR004360,MINDGUARD,2026-07-08T08:00:00,new_data,RULE_MG_V0.1,2026-02-11T08:00:00,2026-07-08T08:00:00,completed
RUN00002928,USR004361,MINDGUARD,2026-07-16T12:00:00,new_data,RULE_MG_V0.1,2026-01-28T12:00:00,2026-07-16T12:00:00,completed
RUN00002929,USR004363,MINDGUARD,2026-07-01T03:00:00,new_data,RULE_MG_V0.1,2026-01-18T03:00:00,2026-07-01T03:00:00,completed
RUN00002930,USR004366,MINDGUARD,2026-09-14T12:00:00,new_data,RULE_MG_V0.1,2025-11-22T08:00:00,2026-09-14T12:00:00,completed
RUN00002931,USR004368,MINDGUARD,2026-09-02T23:00:00,new_data,RULE_MG_V0.1,2025-11-07T23:00:00,2026-09-02T23:00:00,completed
RUN00002932,USR004369,MINDGUARD,2026-03-02T05:00:00,new_data,RULE_MG_V0.1,2025-10-05T05:00:00,2026-03-02T05:00:00,completed
RUN00002933,USR004371,MINDGUARD,2026-07-16T19:00:00,new_data,RULE_MG_V0.1,2025-10-01T19:00:00,2026-07-16T19:00:00,completed
RUN00002934,USR004372,HEALTH_RESERVE,2026-04-23T20:00:00,new_data,RULE_HR_V0.1,2025-10-12T20:00:00,2026-04-23T20:00:00,completed
RUN00002935,USR004373,MINDGUARD,2026-04-11T06:00:00,new_data,RULE_MG_V0.1,2025-10-03T06:00:00,2026-04-11T06:00:00,completed
RUN00002936,USR004374,HEALTH_RESERVE,2026-03-09T06:00:00,new_data,RULE_HR_V0.1,2025-12-08T06:00:00,2026-03-09T06:00:00,completed
RUN00002937,USR004376,MINDGUARD,2026-06-07T04:00:00,new_data,RULE_MG_V0.1,2026-01-02T04:00:00,2026-06-07T04:00:00,completed
RUN00002938,USR004376,HEALTH_RESERVE,2026-06-21T11:00:00,new_data,RULE_HR_V0.1,2025-12-27T11:00:00,2026-06-21T11:00:00,completed
RUN00002939,USR004377,HEALTH_RESERVE,2026-04-30T00:00:00,new_data,RULE_HR_V0.1,2025-09-21T00:00:00,2026-04-30T00:00:00,completed
RUN00002940,USR004378,MINDGUARD,2026-06-27T02:00:00,new_data,RULE_MG_V0.1,2025-10-05T02:00:00,2026-06-27T02:00:00,completed
RUN00002941,USR004379,MINDGUARD,2026-02-07T18:00:00,new_data,RULE_MG_V0.1,2025-09-30T18:00:00,2026-02-07T18:00:00,completed
RUN00002942,USR004380,MINDGUARD,2026-09-05T17:00:00,new_data,RULE_MG_V0.1,2026-01-30T17:00:00,2026-09-05T17:00:00,completed
RUN00002943,USR004380,HEALTH_RESERVE,2026-09-06T21:00:00,new_data,RULE_HR_V0.1,2026-01-30T21:00:00,2026-09-06T21:00:00,completed
RUN00002944,USR004383,MINDGUARD,2026-05-26T14:00:00,new_data,RULE_MG_V0.1,2025-10-26T14:00:00,2026-05-26T14:00:00,completed
RUN00002945,USR004384,MINDGUARD,2026-01-01T23:00:00,new_data,RULE_MG_V0.1,2025-09-30T23:00:00,2026-01-01T23:00:00,completed
RUN00002946,USR004385,MINDGUARD,2026-08-18T20:00:00,new_data,RULE_MG_V0.1,2026-02-07T20:00:00,2026-08-18T20:00:00,completed
RUN00002947,USR004386,MINDGUARD,2026-01-02T14:00:00,new_data,RULE_MG_V0.1,2025-09-21T14:00:00,2026-01-02T14:00:00,completed
RUN00002948,USR004389,MINDGUARD,2026-09-14T12:00:00,new_data,RULE_MG_V0.1,2026-01-24T13:00:00,2026-09-14T12:00:00,completed
RUN00002949,USR004392,MINDGUARD,2026-09-14T12:00:00,new_data,RULE_MG_V0.1,2026-02-10T22:00:00,2026-09-14T12:00:00,completed
RUN00002950,USR004393,MINDGUARD,2026-03-21T11:00:00,new_data,RULE_MG_V0.1,2025-10-31T11:00:00,2026-03-21T11:00:00,completed
RUN00002951,USR004397,MINDGUARD,2026-07-20T20:00:00,new_data,RULE_MG_V0.1,2025-12-07T20:00:00,2026-07-20T20:00:00,completed
RUN00002952,USR004397,HEALTH_RESERVE,2026-09-14T12:00:00,new_data,RULE_HR_V0.1,2025-12-08T17:00:00,2026-09-14T12:00:00,completed
RUN00002953,USR004398,MINDGUARD,2026-09-14T12:00:00,new_data,RULE_MG_V0.1,2025-11-23T18:00:00,2026-09-14T12:00:00,completed
RUN00002954,USR004401,MINDGUARD,2026-03-29T11:00:00,new_data,RULE_MG_V0.1,2025-10-18T11:00:00,2026-03-29T11:00:00,completed
RUN00002955,USR004403,MINDGUARD,2026-03-01T20:00:00,new_data,RULE_MG_V0.1,2025-10-26T20:00:00,2026-03-01T20:00:00,completed
RUN00002956,USR004403,HEALTH_RESERVE,2026-08-01T00:00:00,new_data,RULE_HR_V0.1,2025-11-06T00:00:00,2026-08-01T00:00:00,completed
RUN00002957,USR004404,HEALTH_RESERVE,2026-06-28T18:00:00,new_data,RULE_HR_V0.1,2025-11-04T18:00:00,2026-06-28T18:00:00,completed
RUN00002958,USR004405,HEALTH_RESERVE,2026-04-02T02:00:00,new_data,RULE_HR_V0.1,2025-10-30T02:00:00,2026-04-02T02:00:00,completed
RUN00002959,USR004406,MINDGUARD,2026-07-03T18:00:00,new_data,RULE_MG_V0.1,2026-01-01T18:00:00,2026-07-03T18:00:00,completed
RUN00002960,USR004406,HEALTH_RESERVE,2026-09-14T12:00:00,new_data,RULE_HR_V0.1,2026-01-09T17:00:00,2026-09-14T12:00:00,completed
RUN00002961,USR004408,MINDGUARD,2026-05-12T08:00:00,new_data,RULE_MG_V0.1,2025-11-26T08:00:00,2026-05-12T08:00:00,completed
RUN00002962,USR004409,MINDGUARD,2026-09-14T12:00:00,new_data,RULE_MG_V0.1,2025-11-24T14:00:00,2026-09-14T12:00:00,completed
RUN00002963,USR004410,HEALTH_RESERVE,2026-08-21T14:00:00,new_data,RULE_HR_V0.1,2025-12-30T14:00:00,2026-08-21T14:00:00,completed
RUN00002964,USR004411,MINDGUARD,2026-09-14T12:00:00,new_data,RULE_MG_V0.1,2026-02-13T07:00:00,2026-09-14T12:00:00,completed
RUN00002965,USR004413,HEALTH_RESERVE,2026-04-25T20:00:00,new_data,RULE_HR_V0.1,2025-10-17T20:00:00,2026-04-25T20:00:00,completed
RUN00002966,USR004414,MINDGUARD,2026-03-26T19:00:00,new_data,RULE_MG_V0.1,2025-10-08T19:00:00,2026-03-26T19:00:00,completed
RUN00002967,USR004415,MINDGUARD,2026-07-26T05:00:00,new_data,RULE_MG_V0.1,2026-01-24T05:00:00,2026-07-26T05:00:00,completed
RUN00002968,USR004418,MINDGUARD,2026-05-12T05:00:00,new_data,RULE_MG_V0.1,2026-02-03T05:00:00,2026-05-12T05:00:00,completed
RUN00002969,USR004419,MINDGUARD,2026-05-24T08:00:00,new_data,RULE_MG_V0.1,2025-12-03T08:00:00,2026-05-24T08:00:00,completed
RUN00002970,USR004421,MINDGUARD,2026-05-19T09:00:00,new_data,RULE_MG_V0.1,2026-01-28T09:00:00,2026-05-19T09:00:00,completed
RUN00002971,USR004422,MINDGUARD,2026-02-23T00:00:00,new_data,RULE_MG_V0.1,2025-10-02T00:00:00,2026-02-23T00:00:00,completed
RUN00002972,USR004424,HEALTH_RESERVE,2026-03-26T22:00:00,new_data,RULE_HR_V0.1,2025-09-27T22:00:00,2026-03-26T22:00:00,completed
RUN00002973,USR004427,MINDGUARD,2026-05-27T04:00:00,new_data,RULE_MG_V0.1,2026-02-16T04:00:00,2026-05-27T04:00:00,completed
RUN00002974,USR004428,MINDGUARD,2026-06-04T06:00:00,new_data,RULE_MG_V0.1,2025-10-02T06:00:00,2026-06-04T06:00:00,completed
RUN00002975,USR004430,MINDGUARD,2026-07-16T19:00:00,new_data,RULE_MG_V0.1,2026-01-16T19:00:00,2026-07-16T19:00:00,completed
RUN00002976,USR004430,HEALTH_RESERVE,2026-07-05T13:00:00,new_data,RULE_HR_V0.1,2026-01-14T13:00:00,2026-07-05T13:00:00,completed
RUN00002977,USR004431,HEALTH_RESERVE,2026-05-06T02:00:00,new_data,RULE_HR_V0.1,2026-01-25T02:00:00,2026-05-06T02:00:00,completed
RUN00002978,USR004432,MINDGUARD,2026-05-07T20:00:00,new_data,RULE_MG_V0.1,2025-12-13T20:00:00,2026-05-07T20:00:00,completed
RUN00002979,USR004433,MINDGUARD,2026-02-17T16:00:00,new_data,RULE_MG_V0.1,2025-11-19T16:00:00,2026-02-17T16:00:00,completed
RUN00002980,USR004434,MINDGUARD,2026-04-19T17:00:00,new_data,RULE_MG_V0.1,2025-12-05T17:00:00,2026-04-19T17:00:00,completed
RUN00002981,USR004435,MINDGUARD,2026-06-09T16:00:00,new_data,RULE_MG_V0.1,2026-01-29T16:00:00,2026-06-09T16:00:00,completed
RUN00002982,USR004436,MINDGUARD,2026-04-09T06:00:00,new_data,RULE_MG_V0.1,2025-11-01T06:00:00,2026-04-09T06:00:00,completed
RUN00002983,USR004437,HEALTH_RESERVE,2026-07-11T14:00:00,new_data,RULE_HR_V0.1,2026-01-10T14:00:00,2026-07-11T14:00:00,completed
RUN00002984,USR004438,MINDGUARD,2026-07-15T08:00:00,new_data,RULE_MG_V0.1,2025-10-31T08:00:00,2026-07-15T08:00:00,completed
RUN00002985,USR004441,MINDGUARD,2026-04-23T11:00:00,new_data,RULE_MG_V0.1,2025-10-06T11:00:00,2026-04-23T11:00:00,completed
RUN00002986,USR004442,HEALTH_RESERVE,2026-09-14T12:00:00,new_data,RULE_HR_V0.1,2025-12-12T05:00:00,2026-09-14T12:00:00,completed
RUN00002987,USR004443,MINDGUARD,2026-05-07T14:00:00,new_data,RULE_MG_V0.1,2025-11-18T14:00:00,2026-05-07T14:00:00,completed
RUN00002988,USR004448,MINDGUARD,2026-05-18T09:00:00,new_data,RULE_MG_V0.1,2025-11-14T09:00:00,2026-05-18T09:00:00,completed
RUN00002989,USR004450,MINDGUARD,2026-09-14T12:00:00,new_data,RULE_MG_V0.1,2025-12-31T07:00:00,2026-09-14T12:00:00,completed
RUN00002990,USR004451,MINDGUARD,2026-06-12T14:00:00,new_data,RULE_MG_V0.1,2026-01-17T14:00:00,2026-06-12T14:00:00,completed
RUN00002991,USR004452,HEALTH_RESERVE,2026-03-14T09:00:00,new_data,RULE_HR_V0.1,2025-11-30T09:00:00,2026-03-14T09:00:00,completed
RUN00002992,USR004455,MINDGUARD,2026-09-14T12:00:00,new_data,RULE_MG_V0.1,2025-12-12T09:00:00,2026-09-14T12:00:00,completed
RUN00002993,USR004456,MINDGUARD,2026-08-29T06:00:00,new_data,RULE_MG_V0.1,2025-11-13T06:00:00,2026-08-29T06:00:00,completed
RUN00002994,USR004456,HEALTH_RESERVE,2026-08-10T02:00:00,new_data,RULE_HR_V0.1,2025-11-08T02:00:00,2026-08-10T02:00:00,completed
RUN00002995,USR004458,MINDGUARD,2026-09-02T08:00:00,new_data,RULE_MG_V0.1,2025-11-14T08:00:00,2026-09-02T08:00:00,completed
RUN00002996,USR004460,MINDGUARD,2026-04-06T23:00:00,new_data,RULE_MG_V0.1,2025-10-15T23:00:00,2026-04-06T23:00:00,completed
RUN00002997,USR004461,MINDGUARD,2026-04-10T22:00:00,new_data,RULE_MG_V0.1,2025-10-09T22:00:00,2026-04-10T22:00:00,completed
RUN00002998,USR004462,MINDGUARD,2026-03-18T23:00:00,new_data,RULE_MG_V0.1,2025-10-10T23:00:00,2026-03-18T23:00:00,completed
RUN00002999,USR004464,MINDGUARD,2026-03-12T22:00:00,new_data,RULE_MG_V0.1,2025-12-03T22:00:00,2026-03-12T22:00:00,completed
RUN00003000,USR004466,MINDGUARD,2026-07-11T10:00:00,new_data,RULE_MG_V0.1,2025-10-27T10:00:00,2026-07-11T10:00:00,completed
RUN00003001,USR004467,HEALTH_RESERVE,2026-05-11T02:00:00,new_data,RULE_HR_V0.1,2026-01-19T02:00:00,2026-05-11T02:00:00,completed
RUN00003002,USR004468,HEALTH_RESERVE,2026-04-29T09:00:00,new_data,RULE_HR_V0.1,2026-01-22T09:00:00,2026-04-29T09:00:00,completed
RUN00003003,USR004470,MINDGUARD,2026-07-24T08:00:00,new_data,RULE_MG_V0.1,2026-02-14T08:00:00,2026-07-24T08:00:00,completed
RUN00003004,USR004471,MINDGUARD,2026-07-16T13:00:00,new_data,RULE_MG_V0.1,2026-02-12T13:00:00,2026-07-16T13:00:00,completed
RUN00003005,USR004472,MINDGUARD,2026-09-14T12:00:00,new_data,RULE_MG_V0.1,2026-01-28T04:00:00,2026-09-14T12:00:00,completed
RUN00003006,USR004473,MINDGUARD,2026-03-22T05:00:00,new_data,RULE_MG_V0.1,2025-12-11T05:00:00,2026-03-22T05:00:00,completed
RUN00003007,USR004475,MINDGUARD,2026-06-18T00:00:00,new_data,RULE_MG_V0.1,2025-10-06T00:00:00,2026-06-18T00:00:00,completed
RUN00003008,USR004477,MINDGUARD,2026-08-23T07:00:00,new_data,RULE_MG_V0.1,2025-11-02T07:00:00,2026-08-23T07:00:00,completed
RUN00003009,USR004478,HEALTH_RESERVE,2026-06-28T07:00:00,new_data,RULE_HR_V0.1,2026-01-17T07:00:00,2026-06-28T07:00:00,completed
RUN00003010,USR004479,HEALTH_RESERVE,2026-08-25T13:00:00,new_data,RULE_HR_V0.1,2025-11-16T13:00:00,2026-08-25T13:00:00,completed
RUN00003011,USR004480,MINDGUARD,2026-01-12T21:00:00,new_data,RULE_MG_V0.1,2025-09-22T21:00:00,2026-01-12T21:00:00,completed
RUN00003012,USR004481,MINDGUARD,2026-08-12T07:00:00,new_data,RULE_MG_V0.1,2026-01-05T07:00:00,2026-08-12T07:00:00,completed
RUN00003013,USR004482,MINDGUARD,2026-07-24T17:00:00,new_data,RULE_MG_V0.1,2025-10-28T17:00:00,2026-07-24T17:00:00,completed
RUN00003014,USR004483,MINDGUARD,2026-02-25T15:00:00,new_data,RULE_MG_V0.1,2025-11-09T15:00:00,2026-02-25T15:00:00,completed
RUN00003015,USR004484,MINDGUARD,2026-05-29T08:00:00,new_data,RULE_MG_V0.1,2025-12-30T08:00:00,2026-05-29T08:00:00,completed
RUN00003016,USR004485,MINDGUARD,2026-09-14T12:00:00,new_data,RULE_MG_V0.1,2026-02-09T22:00:00,2026-09-14T12:00:00,completed
RUN00003017,USR004487,MINDGUARD,2026-05-01T12:00:00,new_data,RULE_MG_V0.1,2025-12-10T12:00:00,2026-05-01T12:00:00,completed
RUN00003018,USR004489,MINDGUARD,2026-02-08T10:00:00,new_data,RULE_MG_V0.1,2025-10-24T10:00:00,2026-02-08T10:00:00,completed
RUN00003019,USR004491,HEALTH_RESERVE,2026-07-25T14:00:00,new_data,RULE_HR_V0.1,2025-12-08T14:00:00,2026-07-25T14:00:00,completed
RUN00003020,USR004492,HEALTH_RESERVE,2026-06-29T04:00:00,new_data,RULE_HR_V0.1,2026-02-04T04:00:00,2026-06-29T04:00:00,completed
RUN00003021,USR004493,HEALTH_RESERVE,2026-06-27T11:00:00,new_data,RULE_HR_V0.1,2025-10-04T11:00:00,2026-06-27T11:00:00,completed
RUN00003022,USR004495,MINDGUARD,2026-03-07T11:00:00,new_data,RULE_MG_V0.1,2025-09-25T11:00:00,2026-03-07T11:00:00,completed
RUN00003023,USR004496,MINDGUARD,2026-06-11T22:00:00,new_data,RULE_MG_V0.1,2026-02-18T22:00:00,2026-06-11T22:00:00,completed
RUN00003024,USR004499,MINDGUARD,2026-07-15T12:00:00,new_data,RULE_MG_V0.1,2026-01-08T12:00:00,2026-07-15T12:00:00,completed
RUN00003025,USR004500,MINDGUARD,2026-03-05T14:00:00,new_data,RULE_MG_V0.1,2025-11-24T14:00:00,2026-03-05T14:00:00,completed
RUN00003026,USR004503,MINDGUARD,2026-06-25T10:00:00,new_data,RULE_MG_V0.1,2026-02-06T10:00:00,2026-06-25T10:00:00,completed
RUN00003027,USR004506,MINDGUARD,2026-03-20T11:00:00,new_data,RULE_MG_V0.1,2025-10-24T11:00:00,2026-03-20T11:00:00,completed
RUN00003028,USR004508,MINDGUARD,2025-12-30T00:00:00,new_data,RULE_MG_V0.1,2025-09-26T00:00:00,2025-12-30T00:00:00,completed
RUN00003029,USR004509,MINDGUARD,2026-05-14T18:00:00,new_data,RULE_MG_V0.1,2025-10-17T18:00:00,2026-05-14T18:00:00,completed
RUN00003030,USR004511,HEALTH_RESERVE,2026-08-22T10:00:00,new_data,RULE_HR_V0.1,2026-01-28T10:00:00,2026-08-22T10:00:00,completed
RUN00003031,USR004514,MINDGUARD,2026-03-09T17:00:00,new_data,RULE_MG_V0.1,2025-10-28T17:00:00,2026-03-09T17:00:00,completed
RUN00003032,USR004515,MINDGUARD,2026-06-23T16:00:00,new_data,RULE_MG_V0.1,2025-12-03T16:00:00,2026-06-23T16:00:00,completed
RUN00003033,USR004516,MINDGUARD,2026-02-27T19:00:00,new_data,RULE_MG_V0.1,2025-11-14T19:00:00,2026-02-27T19:00:00,completed
RUN00003034,USR004520,MINDGUARD,2026-09-12T17:00:00,new_data,RULE_MG_V0.1,2026-01-18T17:00:00,2026-09-12T17:00:00,completed
RUN00003035,USR004523,HEALTH_RESERVE,2026-08-07T08:00:00,new_data,RULE_HR_V0.1,2025-12-06T08:00:00,2026-08-07T08:00:00,completed
RUN00003036,USR004524,MINDGUARD,2026-07-21T10:00:00,new_data,RULE_MG_V0.1,2025-09-24T10:00:00,2026-07-21T10:00:00,completed
RUN00003037,USR004526,MINDGUARD,2026-03-23T02:00:00,new_data,RULE_MG_V0.1,2025-10-09T02:00:00,2026-03-23T02:00:00,completed
RUN00003038,USR004528,MINDGUARD,2026-06-07T21:00:00,new_data,RULE_MG_V0.1,2025-12-14T21:00:00,2026-06-07T21:00:00,completed
RUN00003039,USR004528,HEALTH_RESERVE,2026-08-07T04:00:00,new_data,RULE_HR_V0.1,2025-12-05T04:00:00,2026-08-07T04:00:00,completed
RUN00003040,USR004530,MINDGUARD,2026-04-15T04:00:00,new_data,RULE_MG_V0.1,2025-11-07T04:00:00,2026-04-15T04:00:00,completed
RUN00003041,USR004531,HEALTH_RESERVE,2026-08-07T08:00:00,new_data,RULE_HR_V0.1,2025-10-29T08:00:00,2026-08-07T08:00:00,completed
RUN00003042,USR004536,HEALTH_RESERVE,2026-05-08T12:00:00,new_data,RULE_HR_V0.1,2025-11-21T12:00:00,2026-05-08T12:00:00,completed
RUN00003043,USR004537,MINDGUARD,2026-08-11T23:00:00,new_data,RULE_MG_V0.1,2025-12-29T23:00:00,2026-08-11T23:00:00,completed
RUN00003044,USR004538,HEALTH_RESERVE,2026-09-14T12:00:00,new_data,RULE_HR_V0.1,2026-01-21T12:00:00,2026-09-14T12:00:00,completed
RUN00003045,USR004540,MINDGUARD,2026-02-12T19:00:00,new_data,RULE_MG_V0.1,2025-10-30T19:00:00,2026-02-12T19:00:00,completed
RUN00003046,USR004541,MINDGUARD,2026-06-03T14:00:00,new_data,RULE_MG_V0.1,2026-02-20T14:00:00,2026-06-03T14:00:00,completed
RUN00003047,USR004542,MINDGUARD,2026-08-27T04:00:00,new_data,RULE_MG_V0.1,2025-12-25T04:00:00,2026-08-27T04:00:00,completed
RUN00003048,USR004542,HEALTH_RESERVE,2026-07-08T05:00:00,new_data,RULE_HR_V0.1,2025-12-26T05:00:00,2026-07-08T05:00:00,completed
RUN00003049,USR004543,MINDGUARD,2026-05-19T02:00:00,new_data,RULE_MG_V0.1,2026-02-10T02:00:00,2026-05-19T02:00:00,completed
RUN00003050,USR004544,HEALTH_RESERVE,2026-08-21T15:00:00,new_data,RULE_HR_V0.1,2026-01-10T15:00:00,2026-08-21T15:00:00,completed
RUN00003051,USR004545,MINDGUARD,2026-05-26T08:00:00,new_data,RULE_MG_V0.1,2025-10-14T08:00:00,2026-05-26T08:00:00,completed
RUN00003052,USR004546,HEALTH_RESERVE,2026-07-03T05:00:00,new_data,RULE_HR_V0.1,2025-10-17T05:00:00,2026-07-03T05:00:00,completed
RUN00003053,USR004548,MINDGUARD,2026-09-14T12:00:00,new_data,RULE_MG_V0.1,2026-01-22T09:00:00,2026-09-14T12:00:00,completed
RUN00003054,USR004549,MINDGUARD,2026-05-15T19:00:00,new_data,RULE_MG_V0.1,2025-12-13T19:00:00,2026-05-15T19:00:00,completed
RUN00003055,USR004555,MINDGUARD,2026-05-20T04:00:00,new_data,RULE_MG_V0.1,2025-12-17T04:00:00,2026-05-20T04:00:00,completed
RUN00003056,USR004555,HEALTH_RESERVE,2026-04-05T18:00:00,new_data,RULE_HR_V0.1,2025-12-10T18:00:00,2026-04-05T18:00:00,completed
RUN00003057,USR004556,HEALTH_RESERVE,2026-03-07T00:00:00,new_data,RULE_HR_V0.1,2025-09-28T00:00:00,2026-03-07T00:00:00,completed
RUN00003058,USR004557,HEALTH_RESERVE,2026-07-24T07:00:00,new_data,RULE_HR_V0.1,2026-01-16T07:00:00,2026-07-24T07:00:00,completed
RUN00003059,USR004562,MINDGUARD,2026-08-20T06:00:00,new_data,RULE_MG_V0.1,2026-01-05T06:00:00,2026-08-20T06:00:00,completed
RUN00003060,USR004563,MINDGUARD,2026-05-28T16:00:00,new_data,RULE_MG_V0.1,2025-11-11T16:00:00,2026-05-28T16:00:00,completed
RUN00003061,USR004564,MINDGUARD,2026-09-14T12:00:00,new_data,RULE_MG_V0.1,2026-01-23T13:00:00,2026-09-14T12:00:00,completed
RUN00003062,USR004566,MINDGUARD,2026-09-03T02:00:00,new_data,RULE_MG_V0.1,2026-02-07T02:00:00,2026-09-03T02:00:00,completed
RUN00003063,USR004567,HEALTH_RESERVE,2026-05-26T01:00:00,new_data,RULE_HR_V0.1,2025-11-26T01:00:00,2026-05-26T01:00:00,completed
RUN00003064,USR004568,MINDGUARD,2026-06-16T05:00:00,new_data,RULE_MG_V0.1,2026-01-29T05:00:00,2026-06-16T05:00:00,completed
RUN00003065,USR004569,MINDGUARD,2026-03-29T05:00:00,new_data,RULE_MG_V0.1,2025-12-27T05:00:00,2026-03-29T05:00:00,completed
RUN00003066,USR004570,HEALTH_RESERVE,2026-09-10T04:00:00,new_data,RULE_HR_V0.1,2026-02-09T04:00:00,2026-09-10T04:00:00,completed
RUN00003067,USR004572,MINDGUARD,2026-07-04T12:00:00,new_data,RULE_MG_V0.1,2026-01-19T12:00:00,2026-07-04T12:00:00,completed
RUN00003068,USR004575,MINDGUARD,2026-08-31T16:00:00,new_data,RULE_MG_V0.1,2025-12-06T16:00:00,2026-08-31T16:00:00,completed
RUN00003069,USR004576,HEALTH_RESERVE,2026-07-08T04:00:00,new_data,RULE_HR_V0.1,2025-10-19T04:00:00,2026-07-08T04:00:00,completed
RUN00003070,USR004577,MINDGUARD,2026-08-31T22:00:00,new_data,RULE_MG_V0.1,2025-12-07T22:00:00,2026-08-31T22:00:00,completed
RUN00003071,USR004577,HEALTH_RESERVE,2026-03-21T03:00:00,new_data,RULE_HR_V0.1,2025-12-03T03:00:00,2026-03-21T03:00:00,completed
RUN00003072,USR004579,MINDGUARD,2026-09-14T12:00:00,new_data,RULE_MG_V0.1,2025-12-11T12:00:00,2026-09-14T12:00:00,completed
RUN00003073,USR004580,HEALTH_RESERVE,2026-08-13T02:00:00,new_data,RULE_HR_V0.1,2025-10-23T02:00:00,2026-08-13T02:00:00,completed
RUN00003074,USR004581,MINDGUARD,2026-05-03T00:00:00,new_data,RULE_MG_V0.1,2025-12-19T00:00:00,2026-05-03T00:00:00,completed
RUN00003075,USR004582,MINDGUARD,2026-06-22T21:00:00,new_data,RULE_MG_V0.1,2026-02-07T21:00:00,2026-06-22T21:00:00,completed
RUN00003076,USR004584,MINDGUARD,2026-03-24T00:00:00,new_data,RULE_MG_V0.1,2025-10-14T00:00:00,2026-03-24T00:00:00,completed
RUN00003077,USR004587,MINDGUARD,2026-08-27T00:00:00,new_data,RULE_MG_V0.1,2025-11-05T00:00:00,2026-08-27T00:00:00,completed
RUN00003078,USR004589,MINDGUARD,2026-09-06T07:00:00,new_data,RULE_MG_V0.1,2025-12-07T07:00:00,2026-09-06T07:00:00,completed
RUN00003079,USR004590,HEALTH_RESERVE,2026-07-08T11:00:00,new_data,RULE_HR_V0.1,2025-09-24T11:00:00,2026-07-08T11:00:00,completed
RUN00003080,USR004591,MINDGUARD,2026-09-14T12:00:00,new_data,RULE_MG_V0.1,2025-12-16T14:00:00,2026-09-14T12:00:00,completed
RUN00003081,USR004592,MINDGUARD,2026-09-07T09:00:00,new_data,RULE_MG_V0.1,2025-12-13T09:00:00,2026-09-07T09:00:00,completed
RUN00003082,USR004592,HEALTH_RESERVE,2026-06-23T14:00:00,new_data,RULE_HR_V0.1,2025-12-15T14:00:00,2026-06-23T14:00:00,completed
RUN00003083,USR004594,HEALTH_RESERVE,2026-03-25T21:00:00,new_data,RULE_HR_V0.1,2025-11-28T21:00:00,2026-03-25T21:00:00,completed
RUN00003084,USR004596,HEALTH_RESERVE,2026-05-06T01:00:00,new_data,RULE_HR_V0.1,2026-01-16T01:00:00,2026-05-06T01:00:00,completed
RUN00003085,USR004597,HEALTH_RESERVE,2026-09-09T04:00:00,new_data,RULE_HR_V0.1,2025-11-22T04:00:00,2026-09-09T04:00:00,completed
RUN00003086,USR004600,MINDGUARD,2026-05-19T18:00:00,new_data,RULE_MG_V0.1,2025-11-22T18:00:00,2026-05-19T18:00:00,completed
RUN00003087,USR004600,HEALTH_RESERVE,2026-04-17T13:00:00,new_data,RULE_HR_V0.1,2025-11-25T13:00:00,2026-04-17T13:00:00,completed
RUN00003088,USR004603,MINDGUARD,2026-08-31T13:00:00,new_data,RULE_MG_V0.1,2026-01-14T13:00:00,2026-08-31T13:00:00,completed
RUN00003089,USR004606,MINDGUARD,2026-07-31T01:00:00,new_data,RULE_MG_V0.1,2025-11-12T01:00:00,2026-07-31T01:00:00,completed
RUN00003090,USR004607,HEALTH_RESERVE,2026-02-13T18:00:00,new_data,RULE_HR_V0.1,2025-11-12T18:00:00,2026-02-13T18:00:00,completed
RUN00003091,USR004608,MINDGUARD,2026-07-18T03:00:00,new_data,RULE_MG_V0.1,2025-10-13T03:00:00,2026-07-18T03:00:00,completed
RUN00003092,USR004610,HEALTH_RESERVE,2026-09-14T12:00:00,new_data,RULE_HR_V0.1,2025-11-22T23:00:00,2026-09-14T12:00:00,completed
RUN00003093,USR004611,MINDGUARD,2026-08-01T06:00:00,new_data,RULE_MG_V0.1,2025-10-05T06:00:00,2026-08-01T06:00:00,completed
RUN00003094,USR004612,MINDGUARD,2026-05-01T15:00:00,new_data,RULE_MG_V0.1,2025-10-30T15:00:00,2026-05-01T15:00:00,completed
RUN00003095,USR004615,MINDGUARD,2026-09-05T14:00:00,new_data,RULE_MG_V0.1,2025-12-13T14:00:00,2026-09-05T14:00:00,completed
RUN00003096,USR004616,MINDGUARD,2026-06-17T14:00:00,new_data,RULE_MG_V0.1,2025-10-10T14:00:00,2026-06-17T14:00:00,completed
RUN00003097,USR004616,HEALTH_RESERVE,2026-07-02T21:00:00,new_data,RULE_HR_V0.1,2025-10-15T21:00:00,2026-07-02T21:00:00,completed
RUN00003098,USR004617,MINDGUARD,2026-02-08T06:00:00,new_data,RULE_MG_V0.1,2025-10-16T06:00:00,2026-02-08T06:00:00,completed
RUN00003099,USR004618,HEALTH_RESERVE,2026-07-26T05:00:00,new_data,RULE_HR_V0.1,2026-01-31T05:00:00,2026-07-26T05:00:00,completed
RUN00003100,USR004620,MINDGUARD,2026-05-03T11:00:00,new_data,RULE_MG_V0.1,2025-12-19T11:00:00,2026-05-03T11:00:00,completed
RUN00003101,USR004622,MINDGUARD,2026-05-22T01:00:00,new_data,RULE_MG_V0.1,2025-12-29T01:00:00,2026-05-22T01:00:00,completed
RUN00003102,USR004623,HEALTH_RESERVE,2026-06-15T19:00:00,new_data,RULE_HR_V0.1,2026-02-16T19:00:00,2026-06-15T19:00:00,completed
RUN00003103,USR004624,MINDGUARD,2026-05-24T05:00:00,new_data,RULE_MG_V0.1,2025-10-21T05:00:00,2026-05-24T05:00:00,completed
RUN00003104,USR004625,MINDGUARD,2026-06-05T13:00:00,new_data,RULE_MG_V0.1,2026-01-12T13:00:00,2026-06-05T13:00:00,completed
RUN00003105,USR004627,MINDGUARD,2026-05-30T09:00:00,new_data,RULE_MG_V0.1,2025-10-14T09:00:00,2026-05-30T09:00:00,completed
RUN00003106,USR004630,MINDGUARD,2026-01-23T03:00:00,new_data,RULE_MG_V0.1,2025-10-04T03:00:00,2026-01-23T03:00:00,completed
RUN00003107,USR004630,HEALTH_RESERVE,2026-06-02T04:00:00,new_data,RULE_HR_V0.1,2025-10-05T04:00:00,2026-06-02T04:00:00,completed
RUN00003108,USR004631,MINDGUARD,2026-05-20T04:00:00,new_data,RULE_MG_V0.1,2026-01-19T04:00:00,2026-05-20T04:00:00,completed
RUN00003109,USR004635,MINDGUARD,2026-05-07T03:00:00,new_data,RULE_MG_V0.1,2026-01-14T03:00:00,2026-05-07T03:00:00,completed
RUN00003110,USR004635,HEALTH_RESERVE,2026-06-10T05:00:00,new_data,RULE_HR_V0.1,2026-01-10T05:00:00,2026-06-10T05:00:00,completed
RUN00003111,USR004636,MINDGUARD,2026-08-23T05:00:00,new_data,RULE_MG_V0.1,2026-02-12T05:00:00,2026-08-23T05:00:00,completed
RUN00003112,USR004637,MINDGUARD,2026-06-20T12:00:00,new_data,RULE_MG_V0.1,2025-11-23T12:00:00,2026-06-20T12:00:00,completed
RUN00003113,USR004639,MINDGUARD,2026-09-14T12:00:00,new_data,RULE_MG_V0.1,2025-11-30T09:00:00,2026-09-14T12:00:00,completed
RUN00003114,USR004640,HEALTH_RESERVE,2026-06-07T18:00:00,new_data,RULE_HR_V0.1,2026-01-31T18:00:00,2026-06-07T18:00:00,completed
RUN00003115,USR004641,HEALTH_RESERVE,2026-02-21T03:00:00,new_data,RULE_HR_V0.1,2025-09-20T03:00:00,2026-02-21T03:00:00,completed
RUN00003116,USR004642,HEALTH_RESERVE,2026-09-14T12:00:00,new_data,RULE_HR_V0.1,2025-12-13T20:00:00,2026-09-14T12:00:00,completed
RUN00003117,USR004643,HEALTH_RESERVE,2026-06-28T01:00:00,new_data,RULE_HR_V0.1,2025-09-26T01:00:00,2026-06-28T01:00:00,completed
RUN00003118,USR004644,MINDGUARD,2026-06-12T21:00:00,new_data,RULE_MG_V0.1,2026-01-20T21:00:00,2026-06-12T21:00:00,completed
RUN00003119,USR004645,HEALTH_RESERVE,2026-06-04T15:00:00,new_data,RULE_HR_V0.1,2025-11-14T15:00:00,2026-06-04T15:00:00,completed
RUN00003120,USR004646,MINDGUARD,2026-07-08T02:00:00,new_data,RULE_MG_V0.1,2025-11-25T02:00:00,2026-07-08T02:00:00,completed
RUN00003121,USR004647,MINDGUARD,2026-09-14T12:00:00,new_data,RULE_MG_V0.1,2026-01-11T05:00:00,2026-09-14T12:00:00,completed
RUN00003122,USR004648,MINDGUARD,2026-07-27T14:00:00,new_data,RULE_MG_V0.1,2026-02-12T14:00:00,2026-07-27T14:00:00,completed
RUN00003123,USR004650,MINDGUARD,2026-04-28T02:00:00,new_data,RULE_MG_V0.1,2026-01-18T02:00:00,2026-04-28T02:00:00,completed
RUN00003124,USR004650,HEALTH_RESERVE,2026-09-14T12:00:00,new_data,RULE_HR_V0.1,2026-01-26T10:00:00,2026-09-14T12:00:00,completed
RUN00003125,USR004652,MINDGUARD,2026-01-13T09:00:00,new_data,RULE_MG_V0.1,2025-10-12T09:00:00,2026-01-13T09:00:00,completed
RUN00003126,USR004656,MINDGUARD,2026-04-03T01:00:00,new_data,RULE_MG_V0.1,2025-10-25T01:00:00,2026-04-03T01:00:00,completed
RUN00003127,USR004656,HEALTH_RESERVE,2026-06-11T04:00:00,new_data,RULE_HR_V0.1,2025-10-17T04:00:00,2026-06-11T04:00:00,completed
RUN00003128,USR004657,MINDGUARD,2026-07-19T22:00:00,new_data,RULE_MG_V0.1,2026-01-03T22:00:00,2026-07-19T22:00:00,completed
RUN00003129,USR004658,MINDGUARD,2026-04-06T04:00:00,new_data,RULE_MG_V0.1,2025-10-21T04:00:00,2026-04-06T04:00:00,completed
RUN00003130,USR004659,MINDGUARD,2026-08-16T23:00:00,new_data,RULE_MG_V0.1,2025-11-07T23:00:00,2026-08-16T23:00:00,completed
RUN00003131,USR004660,MINDGUARD,2026-05-22T23:00:00,new_data,RULE_MG_V0.1,2025-12-13T23:00:00,2026-05-22T23:00:00,completed
RUN00003132,USR004661,MINDGUARD,2026-09-14T12:00:00,new_data,RULE_MG_V0.1,2026-02-19T21:00:00,2026-09-14T12:00:00,completed
RUN00003133,USR004663,MINDGUARD,2026-05-02T18:00:00,new_data,RULE_MG_V0.1,2026-01-28T18:00:00,2026-05-02T18:00:00,completed
RUN00003134,USR004664,HEALTH_RESERVE,2026-03-16T14:00:00,new_data,RULE_HR_V0.1,2025-09-30T14:00:00,2026-03-16T14:00:00,completed
RUN00003135,USR004665,MINDGUARD,2026-09-14T12:00:00,new_data,RULE_MG_V0.1,2026-01-12T09:00:00,2026-09-14T12:00:00,completed
RUN00003136,USR004666,MINDGUARD,2026-08-06T22:00:00,new_data,RULE_MG_V0.1,2025-10-26T22:00:00,2026-08-06T22:00:00,completed
RUN00003137,USR004667,MINDGUARD,2026-07-25T00:00:00,new_data,RULE_MG_V0.1,2025-11-06T00:00:00,2026-07-25T00:00:00,completed
RUN00003138,USR004668,MINDGUARD,2026-07-26T23:00:00,new_data,RULE_MG_V0.1,2025-11-28T23:00:00,2026-07-26T23:00:00,completed
RUN00003139,USR004669,HEALTH_RESERVE,2026-06-06T06:00:00,new_data,RULE_HR_V0.1,2025-10-26T06:00:00,2026-06-06T06:00:00,completed
RUN00003140,USR004670,HEALTH_RESERVE,2026-01-16T01:00:00,new_data,RULE_HR_V0.1,2025-10-04T01:00:00,2026-01-16T01:00:00,completed
RUN00003141,USR004671,MINDGUARD,2026-09-14T12:00:00,new_data,RULE_MG_V0.1,2026-01-08T09:00:00,2026-09-14T12:00:00,completed
RUN00003142,USR004674,MINDGUARD,2026-09-08T19:00:00,new_data,RULE_MG_V0.1,2026-01-23T19:00:00,2026-09-08T19:00:00,completed
RUN00003143,USR004676,MINDGUARD,2026-06-06T11:00:00,new_data,RULE_MG_V0.1,2025-10-13T11:00:00,2026-06-06T11:00:00,completed
RUN00003144,USR004678,MINDGUARD,2026-03-31T12:00:00,new_data,RULE_MG_V0.1,2025-12-03T12:00:00,2026-03-31T12:00:00,completed
RUN00003145,USR004679,MINDGUARD,2026-02-11T19:00:00,new_data,RULE_MG_V0.1,2025-10-05T19:00:00,2026-02-11T19:00:00,completed
RUN00003146,USR004680,HEALTH_RESERVE,2026-05-12T13:00:00,new_data,RULE_HR_V0.1,2026-01-14T13:00:00,2026-05-12T13:00:00,completed
RUN00003147,USR004681,HEALTH_RESERVE,2026-09-14T12:00:00,new_data,RULE_HR_V0.1,2025-12-07T15:00:00,2026-09-14T12:00:00,completed
RUN00003148,USR004682,HEALTH_RESERVE,2026-08-13T12:00:00,new_data,RULE_HR_V0.1,2025-12-08T12:00:00,2026-08-13T12:00:00,completed
RUN00003149,USR004683,HEALTH_RESERVE,2026-09-07T00:00:00,new_data,RULE_HR_V0.1,2025-12-18T00:00:00,2026-09-07T00:00:00,completed
RUN00003150,USR004687,MINDGUARD,2026-06-24T15:00:00,new_data,RULE_MG_V0.1,2026-02-08T15:00:00,2026-06-24T15:00:00,completed
RUN00003151,USR004689,MINDGUARD,2026-09-14T12:00:00,new_data,RULE_MG_V0.1,2026-01-27T02:00:00,2026-09-14T12:00:00,completed
RUN00003152,USR004690,HEALTH_RESERVE,2026-03-28T04:00:00,new_data,RULE_HR_V0.1,2025-12-14T04:00:00,2026-03-28T04:00:00,completed
RUN00003153,USR004692,MINDGUARD,2026-05-27T14:00:00,new_data,RULE_MG_V0.1,2026-01-26T14:00:00,2026-05-27T14:00:00,completed
RUN00003154,USR004693,MINDGUARD,2026-05-02T20:00:00,new_data,RULE_MG_V0.1,2025-09-29T20:00:00,2026-05-02T20:00:00,completed
RUN00003155,USR004694,MINDGUARD,2026-09-14T12:00:00,new_data,RULE_MG_V0.1,2025-12-25T06:00:00,2026-09-14T12:00:00,completed
RUN00003156,USR004695,MINDGUARD,2026-09-14T12:00:00,new_data,RULE_MG_V0.1,2026-01-10T17:00:00,2026-09-14T12:00:00,completed
RUN00003157,USR004695,HEALTH_RESERVE,2026-09-14T12:00:00,new_data,RULE_HR_V0.1,2026-01-15T18:00:00,2026-09-14T12:00:00,completed
RUN00003158,USR004696,MINDGUARD,2026-05-01T23:00:00,new_data,RULE_MG_V0.1,2025-10-08T23:00:00,2026-05-01T23:00:00,completed
RUN00003159,USR004698,MINDGUARD,2026-09-14T12:00:00,new_data,RULE_MG_V0.1,2026-02-04T21:00:00,2026-09-14T12:00:00,completed
RUN00003160,USR004699,HEALTH_RESERVE,2026-06-24T09:00:00,new_data,RULE_HR_V0.1,2025-12-06T09:00:00,2026-06-24T09:00:00,completed
RUN00003161,USR004701,MINDGUARD,2026-05-22T19:00:00,new_data,RULE_MG_V0.1,2025-10-15T19:00:00,2026-05-22T19:00:00,completed
RUN00003162,USR004703,MINDGUARD,2026-04-20T00:00:00,new_data,RULE_MG_V0.1,2025-12-31T00:00:00,2026-04-20T00:00:00,completed
RUN00003163,USR004703,HEALTH_RESERVE,2026-07-15T04:00:00,new_data,RULE_HR_V0.1,2026-01-04T04:00:00,2026-07-15T04:00:00,completed
RUN00003164,USR004705,MINDGUARD,2026-06-18T02:00:00,new_data,RULE_MG_V0.1,2026-02-13T02:00:00,2026-06-18T02:00:00,completed
RUN00003165,USR004708,MINDGUARD,2026-06-09T19:00:00,new_data,RULE_MG_V0.1,2025-09-19T19:00:00,2026-06-09T19:00:00,completed
RUN00003166,USR004709,HEALTH_RESERVE,2026-05-07T10:00:00,new_data,RULE_HR_V0.1,2025-12-27T10:00:00,2026-05-07T10:00:00,completed
RUN00003167,USR004711,MINDGUARD,2026-07-22T10:00:00,new_data,RULE_MG_V0.1,2026-02-11T10:00:00,2026-07-22T10:00:00,completed
RUN00003168,USR004713,HEALTH_RESERVE,2026-05-04T03:00:00,new_data,RULE_HR_V0.1,2025-11-19T03:00:00,2026-05-04T03:00:00,completed
RUN00003169,USR004717,MINDGUARD,2026-06-02T00:00:00,new_data,RULE_MG_V0.1,2025-12-30T00:00:00,2026-06-02T00:00:00,completed
RUN00003170,USR004719,MINDGUARD,2026-04-15T17:00:00,new_data,RULE_MG_V0.1,2025-12-09T17:00:00,2026-04-15T17:00:00,completed
RUN00003171,USR004720,MINDGUARD,2026-09-14T12:00:00,new_data,RULE_MG_V0.1,2025-12-22T00:00:00,2026-09-14T12:00:00,completed
RUN00003172,USR004720,HEALTH_RESERVE,2026-06-02T20:00:00,new_data,RULE_HR_V0.1,2025-12-14T20:00:00,2026-06-02T20:00:00,completed
RUN00003173,USR004721,MINDGUARD,2026-07-29T21:00:00,new_data,RULE_MG_V0.1,2026-01-26T21:00:00,2026-07-29T21:00:00,completed
RUN00003174,USR004722,HEALTH_RESERVE,2026-02-21T14:00:00,new_data,RULE_HR_V0.1,2025-11-12T14:00:00,2026-02-21T14:00:00,completed
RUN00003175,USR004724,HEALTH_RESERVE,2026-06-08T08:00:00,new_data,RULE_HR_V0.1,2026-01-24T08:00:00,2026-06-08T08:00:00,completed
RUN00003176,USR004726,MINDGUARD,2026-04-26T23:00:00,new_data,RULE_MG_V0.1,2025-10-24T23:00:00,2026-04-26T23:00:00,completed
RUN00003177,USR004727,HEALTH_RESERVE,2026-04-10T22:00:00,new_data,RULE_HR_V0.1,2025-10-21T22:00:00,2026-04-10T22:00:00,completed
RUN00003178,USR004730,MINDGUARD,2026-01-24T17:00:00,new_data,RULE_MG_V0.1,2025-10-02T17:00:00,2026-01-24T17:00:00,completed
RUN00003179,USR004732,MINDGUARD,2026-06-16T06:00:00,new_data,RULE_MG_V0.1,2025-12-05T06:00:00,2026-06-16T06:00:00,completed
RUN00003180,USR004733,HEALTH_RESERVE,2026-09-14T12:00:00,new_data,RULE_HR_V0.1,2026-01-22T04:00:00,2026-09-14T12:00:00,completed
RUN00003181,USR004737,MINDGUARD,2026-05-28T07:00:00,new_data,RULE_MG_V0.1,2025-09-29T07:00:00,2026-05-28T07:00:00,completed
RUN00003182,USR004738,MINDGUARD,2026-09-14T12:00:00,new_data,RULE_MG_V0.1,2025-12-04T10:00:00,2026-09-14T12:00:00,completed
RUN00003183,USR004739,MINDGUARD,2026-06-23T09:00:00,new_data,RULE_MG_V0.1,2025-12-30T09:00:00,2026-06-23T09:00:00,completed
RUN00003184,USR004741,MINDGUARD,2026-09-14T12:00:00,new_data,RULE_MG_V0.1,2025-12-17T04:00:00,2026-09-14T12:00:00,completed
RUN00003185,USR004743,MINDGUARD,2026-05-17T09:00:00,new_data,RULE_MG_V0.1,2025-12-13T09:00:00,2026-05-17T09:00:00,completed
RUN00003186,USR004744,MINDGUARD,2026-09-14T12:00:00,new_data,RULE_MG_V0.1,2025-12-20T22:00:00,2026-09-14T12:00:00,completed
RUN00003187,USR004744,HEALTH_RESERVE,2026-08-03T02:00:00,new_data,RULE_HR_V0.1,2025-12-22T02:00:00,2026-08-03T02:00:00,completed
RUN00003188,USR004746,MINDGUARD,2026-06-18T11:00:00,new_data,RULE_MG_V0.1,2025-11-07T11:00:00,2026-06-18T11:00:00,completed
RUN00003189,USR004748,MINDGUARD,2026-02-28T22:00:00,new_data,RULE_MG_V0.1,2025-11-29T22:00:00,2026-02-28T22:00:00,completed
RUN00003190,USR004749,HEALTH_RESERVE,2026-07-25T23:00:00,new_data,RULE_HR_V0.1,2026-01-12T23:00:00,2026-07-25T23:00:00,completed
RUN00003191,USR004751,MINDGUARD,2026-06-27T22:00:00,new_data,RULE_MG_V0.1,2025-12-19T22:00:00,2026-06-27T22:00:00,completed
RUN00003192,USR004752,HEALTH_RESERVE,2026-07-31T02:00:00,new_data,RULE_HR_V0.1,2025-11-30T02:00:00,2026-07-31T02:00:00,completed
RUN00003193,USR004756,HEALTH_RESERVE,2026-07-11T23:00:00,new_data,RULE_HR_V0.1,2025-09-27T23:00:00,2026-07-11T23:00:00,completed
RUN00003194,USR004757,MINDGUARD,2026-05-19T19:00:00,new_data,RULE_MG_V0.1,2026-01-20T19:00:00,2026-05-19T19:00:00,completed
RUN00003195,USR004759,HEALTH_RESERVE,2026-01-03T17:00:00,new_data,RULE_HR_V0.1,2025-09-16T17:00:00,2026-01-03T17:00:00,completed
RUN00003196,USR004760,MINDGUARD,2026-07-13T09:00:00,new_data,RULE_MG_V0.1,2025-10-09T09:00:00,2026-07-13T09:00:00,completed
RUN00003197,USR004761,HEALTH_RESERVE,2026-09-08T06:00:00,new_data,RULE_HR_V0.1,2026-02-10T06:00:00,2026-09-08T06:00:00,completed
RUN00003198,USR004762,HEALTH_RESERVE,2026-09-14T12:00:00,new_data,RULE_HR_V0.1,2026-01-13T11:00:00,2026-09-14T12:00:00,completed
RUN00003199,USR004763,MINDGUARD,2026-06-12T20:00:00,new_data,RULE_MG_V0.1,2025-10-12T20:00:00,2026-06-12T20:00:00,completed
RUN00003200,USR004763,HEALTH_RESERVE,2026-03-13T14:00:00,new_data,RULE_HR_V0.1,2025-10-14T14:00:00,2026-03-13T14:00:00,completed
RUN00003201,USR004764,HEALTH_RESERVE,2026-09-14T12:00:00,new_data,RULE_HR_V0.1,2026-01-15T04:00:00,2026-09-14T12:00:00,completed
RUN00003202,USR004765,MINDGUARD,2026-01-14T13:00:00,new_data,RULE_MG_V0.1,2025-10-15T13:00:00,2026-01-14T13:00:00,completed
RUN00003203,USR004766,HEALTH_RESERVE,2026-04-14T03:00:00,new_data,RULE_HR_V0.1,2025-10-11T03:00:00,2026-04-14T03:00:00,completed
RUN00003204,USR004768,HEALTH_RESERVE,2026-08-05T02:00:00,new_data,RULE_HR_V0.1,2025-11-09T02:00:00,2026-08-05T02:00:00,completed
RUN00003205,USR004769,MINDGUARD,2026-09-14T12:00:00,new_data,RULE_MG_V0.1,2026-01-18T23:00:00,2026-09-14T12:00:00,completed
RUN00003206,USR004772,MINDGUARD,2026-07-06T05:00:00,new_data,RULE_MG_V0.1,2026-02-02T05:00:00,2026-07-06T05:00:00,completed
RUN00003207,USR004773,MINDGUARD,2026-08-13T00:00:00,new_data,RULE_MG_V0.1,2026-02-07T00:00:00,2026-08-13T00:00:00,completed
RUN00003208,USR004774,MINDGUARD,2026-03-08T10:00:00,new_data,RULE_MG_V0.1,2025-11-17T10:00:00,2026-03-08T10:00:00,completed
RUN00003209,USR004774,HEALTH_RESERVE,2026-07-21T14:00:00,new_data,RULE_HR_V0.1,2025-11-22T14:00:00,2026-07-21T14:00:00,completed
RUN00003210,USR004775,MINDGUARD,2026-05-09T20:00:00,new_data,RULE_MG_V0.1,2025-10-19T20:00:00,2026-05-09T20:00:00,completed
RUN00003211,USR004776,MINDGUARD,2026-05-21T09:00:00,new_data,RULE_MG_V0.1,2025-12-08T09:00:00,2026-05-21T09:00:00,completed
RUN00003212,USR004778,MINDGUARD,2026-09-07T07:00:00,new_data,RULE_MG_V0.1,2026-02-11T07:00:00,2026-09-07T07:00:00,completed
RUN00003213,USR004779,MINDGUARD,2026-08-04T01:00:00,new_data,RULE_MG_V0.1,2025-12-07T01:00:00,2026-08-04T01:00:00,completed
RUN00003214,USR004780,HEALTH_RESERVE,2026-07-05T07:00:00,new_data,RULE_HR_V0.1,2025-12-03T07:00:00,2026-07-05T07:00:00,completed
RUN00003215,USR004783,MINDGUARD,2026-02-03T02:00:00,new_data,RULE_MG_V0.1,2025-10-08T02:00:00,2026-02-03T02:00:00,completed
RUN00003216,USR004784,HEALTH_RESERVE,2026-08-04T07:00:00,new_data,RULE_HR_V0.1,2025-11-13T07:00:00,2026-08-04T07:00:00,completed
RUN00003217,USR004786,MINDGUARD,2026-08-24T11:00:00,new_data,RULE_MG_V0.1,2026-01-18T11:00:00,2026-08-24T11:00:00,completed
RUN00003218,USR004787,MINDGUARD,2026-05-31T13:00:00,new_data,RULE_MG_V0.1,2025-11-13T13:00:00,2026-05-31T13:00:00,completed
RUN00003219,USR004788,MINDGUARD,2026-06-11T05:00:00,new_data,RULE_MG_V0.1,2025-11-27T05:00:00,2026-06-11T05:00:00,completed
RUN00003220,USR004789,MINDGUARD,2026-06-22T22:00:00,new_data,RULE_MG_V0.1,2025-12-28T22:00:00,2026-06-22T22:00:00,completed
RUN00003221,USR004789,HEALTH_RESERVE,2026-06-03T16:00:00,new_data,RULE_HR_V0.1,2025-12-25T16:00:00,2026-06-03T16:00:00,completed
RUN00003222,USR004790,MINDGUARD,2026-05-18T17:00:00,new_data,RULE_MG_V0.1,2025-12-08T17:00:00,2026-05-18T17:00:00,completed
RUN00003223,USR004790,HEALTH_RESERVE,2026-09-14T12:00:00,new_data,RULE_HR_V0.1,2025-12-07T13:00:00,2026-09-14T12:00:00,completed
RUN00003224,USR004791,MINDGUARD,2026-09-14T12:00:00,new_data,RULE_MG_V0.1,2026-01-31T05:00:00,2026-09-14T12:00:00,completed
RUN00003225,USR004794,MINDGUARD,2026-06-24T14:00:00,new_data,RULE_MG_V0.1,2025-11-11T14:00:00,2026-06-24T14:00:00,completed
RUN00003226,USR004795,MINDGUARD,2026-03-11T01:00:00,new_data,RULE_MG_V0.1,2025-10-16T01:00:00,2026-03-11T01:00:00,completed
RUN00003227,USR004795,HEALTH_RESERVE,2026-04-09T02:00:00,new_data,RULE_HR_V0.1,2025-10-08T02:00:00,2026-04-09T02:00:00,completed
RUN00003228,USR004798,MINDGUARD,2026-04-11T05:00:00,new_data,RULE_MG_V0.1,2025-10-04T05:00:00,2026-04-11T05:00:00,completed
RUN00003229,USR004799,MINDGUARD,2026-02-19T14:00:00,new_data,RULE_MG_V0.1,2025-11-03T14:00:00,2026-02-19T14:00:00,completed
RUN00003230,USR004800,HEALTH_RESERVE,2026-06-10T20:00:00,new_data,RULE_HR_V0.1,2025-09-20T20:00:00,2026-06-10T20:00:00,completed
RUN00003231,USR004801,MINDGUARD,2026-09-14T12:00:00,new_data,RULE_MG_V0.1,2026-01-30T22:00:00,2026-09-14T12:00:00,completed
RUN00003232,USR004802,MINDGUARD,2026-08-18T08:00:00,new_data,RULE_MG_V0.1,2025-11-03T08:00:00,2026-08-18T08:00:00,completed
RUN00003233,USR004803,MINDGUARD,2026-03-07T07:00:00,new_data,RULE_MG_V0.1,2025-10-18T07:00:00,2026-03-07T07:00:00,completed
RUN00003234,USR004804,MINDGUARD,2026-05-29T16:00:00,new_data,RULE_MG_V0.1,2025-12-23T16:00:00,2026-05-29T16:00:00,completed
RUN00003235,USR004805,MINDGUARD,2026-06-01T23:00:00,new_data,RULE_MG_V0.1,2025-10-16T23:00:00,2026-06-01T23:00:00,completed
RUN00003236,USR004806,MINDGUARD,2026-09-14T12:00:00,new_data,RULE_MG_V0.1,2026-01-17T17:00:00,2026-09-14T12:00:00,completed
RUN00003237,USR004806,HEALTH_RESERVE,2026-08-26T11:00:00,new_data,RULE_HR_V0.1,2026-01-14T11:00:00,2026-08-26T11:00:00,completed
RUN00003238,USR004807,MINDGUARD,2026-03-30T01:00:00,new_data,RULE_MG_V0.1,2025-12-30T01:00:00,2026-03-30T01:00:00,completed
RUN00003239,USR004808,MINDGUARD,2026-04-07T09:00:00,new_data,RULE_MG_V0.1,2025-12-21T09:00:00,2026-04-07T09:00:00,completed
RUN00003240,USR004809,HEALTH_RESERVE,2026-03-24T02:00:00,new_data,RULE_HR_V0.1,2025-10-05T02:00:00,2026-03-24T02:00:00,completed
RUN00003241,USR004811,MINDGUARD,2026-02-20T16:00:00,new_data,RULE_MG_V0.1,2025-11-18T16:00:00,2026-02-20T16:00:00,completed
RUN00003242,USR004811,HEALTH_RESERVE,2026-03-18T14:00:00,new_data,RULE_HR_V0.1,2025-11-08T14:00:00,2026-03-18T14:00:00,completed
RUN00003243,USR004812,MINDGUARD,2026-04-16T16:00:00,new_data,RULE_MG_V0.1,2025-11-23T16:00:00,2026-04-16T16:00:00,completed
RUN00003244,USR004812,HEALTH_RESERVE,2026-04-15T17:00:00,new_data,RULE_HR_V0.1,2025-11-27T17:00:00,2026-04-15T17:00:00,completed
RUN00003245,USR004813,MINDGUARD,2026-04-05T06:00:00,new_data,RULE_MG_V0.1,2025-09-25T06:00:00,2026-04-05T06:00:00,completed
RUN00003246,USR004816,MINDGUARD,2026-04-29T04:00:00,new_data,RULE_MG_V0.1,2025-11-14T04:00:00,2026-04-29T04:00:00,completed
RUN00003247,USR004817,HEALTH_RESERVE,2026-05-22T05:00:00,new_data,RULE_HR_V0.1,2025-12-14T05:00:00,2026-05-22T05:00:00,completed
RUN00003248,USR004820,MINDGUARD,2026-04-02T12:00:00,new_data,RULE_MG_V0.1,2025-11-14T12:00:00,2026-04-02T12:00:00,completed
RUN00003249,USR004821,MINDGUARD,2026-06-25T05:00:00,new_data,RULE_MG_V0.1,2025-11-13T05:00:00,2026-06-25T05:00:00,completed
RUN00003250,USR004823,MINDGUARD,2026-05-02T03:00:00,new_data,RULE_MG_V0.1,2025-11-23T03:00:00,2026-05-02T03:00:00,completed
RUN00003251,USR004824,MINDGUARD,2026-06-14T08:00:00,new_data,RULE_MG_V0.1,2025-10-06T08:00:00,2026-06-14T08:00:00,completed
RUN00003252,USR004825,MINDGUARD,2026-04-26T00:00:00,new_data,RULE_MG_V0.1,2025-10-09T00:00:00,2026-04-26T00:00:00,completed
RUN00003253,USR004830,MINDGUARD,2026-07-03T19:00:00,new_data,RULE_MG_V0.1,2025-12-03T19:00:00,2026-07-03T19:00:00,completed
RUN00003254,USR004832,MINDGUARD,2026-06-12T21:00:00,new_data,RULE_MG_V0.1,2026-01-06T21:00:00,2026-06-12T21:00:00,completed
RUN00003255,USR004833,MINDGUARD,2026-04-17T14:00:00,new_data,RULE_MG_V0.1,2025-12-09T14:00:00,2026-04-17T14:00:00,completed
RUN00003256,USR004835,MINDGUARD,2026-04-25T16:00:00,new_data,RULE_MG_V0.1,2025-10-01T16:00:00,2026-04-25T16:00:00,completed
RUN00003257,USR004836,MINDGUARD,2026-04-27T09:00:00,new_data,RULE_MG_V0.1,2025-10-28T09:00:00,2026-04-27T09:00:00,completed
RUN00003258,USR004837,MINDGUARD,2026-06-20T05:00:00,new_data,RULE_MG_V0.1,2026-02-07T05:00:00,2026-06-20T05:00:00,completed
RUN00003259,USR004840,MINDGUARD,2026-08-14T19:00:00,new_data,RULE_MG_V0.1,2026-02-04T19:00:00,2026-08-14T19:00:00,completed
RUN00003260,USR004841,MINDGUARD,2026-09-14T12:00:00,new_data,RULE_MG_V0.1,2026-01-24T09:00:00,2026-09-14T12:00:00,completed
RUN00003261,USR004842,HEALTH_RESERVE,2026-05-23T09:00:00,new_data,RULE_HR_V0.1,2026-02-02T09:00:00,2026-05-23T09:00:00,completed
RUN00003262,USR004846,MINDGUARD,2026-09-14T12:00:00,new_data,RULE_MG_V0.1,2026-02-07T11:00:00,2026-09-14T12:00:00,completed
RUN00003263,USR004848,MINDGUARD,2026-05-26T19:00:00,new_data,RULE_MG_V0.1,2026-01-09T19:00:00,2026-05-26T19:00:00,completed
RUN00003264,USR004849,MINDGUARD,2026-07-19T04:00:00,new_data,RULE_MG_V0.1,2026-01-22T04:00:00,2026-07-19T04:00:00,completed
RUN00003265,USR004852,HEALTH_RESERVE,2026-08-19T09:00:00,new_data,RULE_HR_V0.1,2026-01-12T09:00:00,2026-08-19T09:00:00,completed
RUN00003266,USR004854,MINDGUARD,2026-08-12T17:00:00,new_data,RULE_MG_V0.1,2025-11-27T17:00:00,2026-08-12T17:00:00,completed
RUN00003267,USR004855,MINDGUARD,2026-04-18T07:00:00,new_data,RULE_MG_V0.1,2025-09-27T07:00:00,2026-04-18T07:00:00,completed
RUN00003268,USR004860,MINDGUARD,2026-05-23T19:00:00,new_data,RULE_MG_V0.1,2026-01-03T19:00:00,2026-05-23T19:00:00,completed
RUN00003269,USR004862,MINDGUARD,2026-05-07T12:00:00,new_data,RULE_MG_V0.1,2025-12-11T12:00:00,2026-05-07T12:00:00,completed
RUN00003270,USR004863,HEALTH_RESERVE,2026-08-07T02:00:00,new_data,RULE_HR_V0.1,2025-12-20T02:00:00,2026-08-07T02:00:00,completed
RUN00003271,USR004869,MINDGUARD,2026-07-11T09:00:00,new_data,RULE_MG_V0.1,2026-02-09T09:00:00,2026-07-11T09:00:00,completed
RUN00003272,USR004870,MINDGUARD,2026-07-20T23:00:00,new_data,RULE_MG_V0.1,2026-02-01T23:00:00,2026-07-20T23:00:00,completed
RUN00003273,USR004871,MINDGUARD,2026-08-31T08:00:00,new_data,RULE_MG_V0.1,2025-11-17T08:00:00,2026-08-31T08:00:00,completed
RUN00003274,USR004872,MINDGUARD,2026-07-15T22:00:00,new_data,RULE_MG_V0.1,2026-02-14T22:00:00,2026-07-15T22:00:00,completed
RUN00003275,USR004873,MINDGUARD,2026-05-22T09:00:00,new_data,RULE_MG_V0.1,2025-11-22T09:00:00,2026-05-22T09:00:00,completed
RUN00003276,USR004875,MINDGUARD,2026-05-31T04:00:00,new_data,RULE_MG_V0.1,2025-11-15T04:00:00,2026-05-31T04:00:00,completed
RUN00003277,USR004875,HEALTH_RESERVE,2026-03-12T02:00:00,new_data,RULE_HR_V0.1,2025-11-12T02:00:00,2026-03-12T02:00:00,completed
RUN00003278,USR004876,MINDGUARD,2026-09-14T12:00:00,new_data,RULE_MG_V0.1,2025-12-28T06:00:00,2026-09-14T12:00:00,completed
RUN00003279,USR004877,MINDGUARD,2026-05-14T23:00:00,new_data,RULE_MG_V0.1,2025-11-14T23:00:00,2026-05-14T23:00:00,completed
RUN00003280,USR004878,MINDGUARD,2026-08-09T03:00:00,new_data,RULE_MG_V0.1,2025-11-25T03:00:00,2026-08-09T03:00:00,completed
RUN00003281,USR004879,MINDGUARD,2026-09-14T12:00:00,new_data,RULE_MG_V0.1,2026-01-04T16:00:00,2026-09-14T12:00:00,completed
RUN00003282,USR004880,MINDGUARD,2026-02-26T18:00:00,new_data,RULE_MG_V0.1,2025-10-09T18:00:00,2026-02-26T18:00:00,completed
RUN00003283,USR004881,MINDGUARD,2026-02-03T02:00:00,new_data,RULE_MG_V0.1,2025-10-13T02:00:00,2026-02-03T02:00:00,completed
RUN00003284,USR004882,HEALTH_RESERVE,2026-05-14T17:00:00,new_data,RULE_HR_V0.1,2025-11-11T17:00:00,2026-05-14T17:00:00,completed
RUN00003285,USR004883,MINDGUARD,2026-03-30T09:00:00,new_data,RULE_MG_V0.1,2025-10-29T09:00:00,2026-03-30T09:00:00,completed
RUN00003286,USR004884,HEALTH_RESERVE,2026-01-30T22:00:00,new_data,RULE_HR_V0.1,2025-10-09T22:00:00,2026-01-30T22:00:00,completed
RUN00003287,USR004885,MINDGUARD,2026-04-01T20:00:00,new_data,RULE_MG_V0.1,2025-12-20T20:00:00,2026-04-01T20:00:00,completed
RUN00003288,USR004886,MINDGUARD,2026-07-20T18:00:00,new_data,RULE_MG_V0.1,2025-12-04T18:00:00,2026-07-20T18:00:00,completed
RUN00003289,USR004887,HEALTH_RESERVE,2026-03-10T07:00:00,new_data,RULE_HR_V0.1,2025-11-14T07:00:00,2026-03-10T07:00:00,completed
RUN00003290,USR004888,MINDGUARD,2026-05-03T04:00:00,new_data,RULE_MG_V0.1,2025-11-07T04:00:00,2026-05-03T04:00:00,completed
RUN00003291,USR004889,MINDGUARD,2026-01-31T06:00:00,new_data,RULE_MG_V0.1,2025-10-04T06:00:00,2026-01-31T06:00:00,completed
RUN00003292,USR004890,MINDGUARD,2026-09-14T12:00:00,new_data,RULE_MG_V0.1,2026-01-03T23:00:00,2026-09-14T12:00:00,completed
RUN00003293,USR004893,MINDGUARD,2026-06-28T16:00:00,new_data,RULE_MG_V0.1,2025-10-05T16:00:00,2026-06-28T16:00:00,completed
RUN00003294,USR004894,MINDGUARD,2026-07-16T14:00:00,new_data,RULE_MG_V0.1,2025-11-16T14:00:00,2026-07-16T14:00:00,completed
RUN00003295,USR004899,MINDGUARD,2026-06-12T09:00:00,new_data,RULE_MG_V0.1,2026-01-11T09:00:00,2026-06-12T09:00:00,completed
RUN00003296,USR004900,HEALTH_RESERVE,2026-05-29T23:00:00,new_data,RULE_HR_V0.1,2026-01-08T23:00:00,2026-05-29T23:00:00,completed
RUN00003297,USR004901,MINDGUARD,2026-08-22T08:00:00,new_data,RULE_MG_V0.1,2026-01-12T08:00:00,2026-08-22T08:00:00,completed
RUN00003298,USR004902,MINDGUARD,2026-07-11T08:00:00,new_data,RULE_MG_V0.1,2026-02-04T08:00:00,2026-07-11T08:00:00,completed
RUN00003299,USR004903,MINDGUARD,2026-08-04T21:00:00,new_data,RULE_MG_V0.1,2025-10-19T21:00:00,2026-08-04T21:00:00,completed
RUN00003300,USR004904,MINDGUARD,2026-06-06T01:00:00,new_data,RULE_MG_V0.1,2025-12-18T01:00:00,2026-06-06T01:00:00,completed
RUN00003301,USR004904,HEALTH_RESERVE,2026-05-11T22:00:00,new_data,RULE_HR_V0.1,2025-12-15T22:00:00,2026-05-11T22:00:00,completed
RUN00003302,USR004905,MINDGUARD,2026-04-15T02:00:00,new_data,RULE_MG_V0.1,2025-10-03T02:00:00,2026-04-15T02:00:00,completed
RUN00003303,USR004907,MINDGUARD,2026-05-07T13:00:00,new_data,RULE_MG_V0.1,2025-12-24T13:00:00,2026-05-07T13:00:00,completed
RUN00003304,USR004908,MINDGUARD,2026-02-28T01:00:00,new_data,RULE_MG_V0.1,2025-11-03T01:00:00,2026-02-28T01:00:00,completed
RUN00003305,USR004908,HEALTH_RESERVE,2026-08-18T07:00:00,new_data,RULE_HR_V0.1,2025-11-05T07:00:00,2026-08-18T07:00:00,completed
RUN00003306,USR004910,MINDGUARD,2026-09-14T12:00:00,new_data,RULE_MG_V0.1,2026-02-02T06:00:00,2026-09-14T12:00:00,completed
RUN00003307,USR004910,HEALTH_RESERVE,2026-05-24T15:00:00,new_data,RULE_HR_V0.1,2026-02-06T15:00:00,2026-05-24T15:00:00,completed
RUN00003308,USR004911,MINDGUARD,2026-01-04T16:00:00,new_data,RULE_MG_V0.1,2025-10-01T16:00:00,2026-01-04T16:00:00,completed
RUN00003309,USR004913,MINDGUARD,2026-09-14T12:00:00,new_data,RULE_MG_V0.1,2026-02-14T21:00:00,2026-09-14T12:00:00,completed
RUN00003310,USR004914,MINDGUARD,2026-07-14T17:00:00,new_data,RULE_MG_V0.1,2026-01-18T17:00:00,2026-07-14T17:00:00,completed
RUN00003311,USR004915,MINDGUARD,2026-07-22T05:00:00,new_data,RULE_MG_V0.1,2025-12-03T05:00:00,2026-07-22T05:00:00,completed
RUN00003312,USR004917,MINDGUARD,2026-09-14T12:00:00,new_data,RULE_MG_V0.1,2026-02-04T15:00:00,2026-09-14T12:00:00,completed
RUN00003313,USR004919,MINDGUARD,2026-05-30T04:00:00,new_data,RULE_MG_V0.1,2026-01-14T04:00:00,2026-05-30T04:00:00,completed
RUN00003314,USR004920,MINDGUARD,2026-07-14T02:00:00,new_data,RULE_MG_V0.1,2025-09-28T02:00:00,2026-07-14T02:00:00,completed
RUN00003315,USR004921,MINDGUARD,2026-04-14T00:00:00,new_data,RULE_MG_V0.1,2025-10-04T00:00:00,2026-04-14T00:00:00,completed
RUN00003316,USR004923,HEALTH_RESERVE,2026-06-19T22:00:00,new_data,RULE_HR_V0.1,2025-12-04T22:00:00,2026-06-19T22:00:00,completed
RUN00003317,USR004924,MINDGUARD,2026-08-23T16:00:00,new_data,RULE_MG_V0.1,2025-12-03T16:00:00,2026-08-23T16:00:00,completed
RUN00003318,USR004925,MINDGUARD,2026-05-03T23:00:00,new_data,RULE_MG_V0.1,2025-11-03T23:00:00,2026-05-03T23:00:00,completed
RUN00003319,USR004926,MINDGUARD,2026-09-14T12:00:00,new_data,RULE_MG_V0.1,2026-01-11T22:00:00,2026-09-14T12:00:00,completed
RUN00003320,USR004927,MINDGUARD,2026-03-06T11:00:00,new_data,RULE_MG_V0.1,2025-09-28T11:00:00,2026-03-06T11:00:00,completed
RUN00003321,USR004931,HEALTH_RESERVE,2026-06-06T02:00:00,new_data,RULE_HR_V0.1,2025-10-31T02:00:00,2026-06-06T02:00:00,completed
RUN00003322,USR004934,MINDGUARD,2026-03-21T23:00:00,new_data,RULE_MG_V0.1,2025-11-30T23:00:00,2026-03-21T23:00:00,completed
RUN00003323,USR004935,HEALTH_RESERVE,2026-08-28T03:00:00,new_data,RULE_HR_V0.1,2025-11-02T03:00:00,2026-08-28T03:00:00,completed
RUN00003324,USR004936,MINDGUARD,2026-04-20T12:00:00,new_data,RULE_MG_V0.1,2025-11-28T12:00:00,2026-04-20T12:00:00,completed
RUN00003325,USR004939,HEALTH_RESERVE,2026-07-02T06:00:00,new_data,RULE_HR_V0.1,2025-09-29T06:00:00,2026-07-02T06:00:00,completed
RUN00003326,USR004941,HEALTH_RESERVE,2026-09-02T21:00:00,new_data,RULE_HR_V0.1,2026-02-05T21:00:00,2026-09-02T21:00:00,completed
RUN00003327,USR004942,MINDGUARD,2026-03-09T20:00:00,new_data,RULE_MG_V0.1,2025-11-21T20:00:00,2026-03-09T20:00:00,completed
RUN00003328,USR004942,HEALTH_RESERVE,2026-06-18T17:00:00,new_data,RULE_HR_V0.1,2025-11-23T17:00:00,2026-06-18T17:00:00,completed
RUN00003329,USR004944,HEALTH_RESERVE,2026-05-01T09:00:00,new_data,RULE_HR_V0.1,2025-09-25T09:00:00,2026-05-01T09:00:00,completed
RUN00003330,USR004948,MINDGUARD,2026-04-03T10:00:00,new_data,RULE_MG_V0.1,2025-10-09T10:00:00,2026-04-03T10:00:00,completed
RUN00003331,USR004951,MINDGUARD,2026-03-19T20:00:00,new_data,RULE_MG_V0.1,2025-09-22T20:00:00,2026-03-19T20:00:00,completed
RUN00003332,USR004952,MINDGUARD,2026-06-18T15:00:00,new_data,RULE_MG_V0.1,2025-12-22T15:00:00,2026-06-18T15:00:00,completed
RUN00003333,USR004952,HEALTH_RESERVE,2026-07-24T17:00:00,new_data,RULE_HR_V0.1,2025-12-18T17:00:00,2026-07-24T17:00:00,completed
RUN00003334,USR004953,MINDGUARD,2026-04-23T06:00:00,new_data,RULE_MG_V0.1,2025-11-25T06:00:00,2026-04-23T06:00:00,completed
RUN00003335,USR004954,MINDGUARD,2026-06-21T00:00:00,new_data,RULE_MG_V0.1,2026-02-01T00:00:00,2026-06-21T00:00:00,completed
RUN00003336,USR004957,MINDGUARD,2026-04-06T12:00:00,new_data,RULE_MG_V0.1,2025-12-21T12:00:00,2026-04-06T12:00:00,completed
RUN00003337,USR004958,MINDGUARD,2026-02-18T21:00:00,new_data,RULE_MG_V0.1,2025-11-12T21:00:00,2026-02-18T21:00:00,completed
RUN00003338,USR004960,MINDGUARD,2026-09-14T12:00:00,new_data,RULE_MG_V0.1,2026-01-16T00:00:00,2026-09-14T12:00:00,completed
RUN00003339,USR004961,MINDGUARD,2026-07-04T00:00:00,new_data,RULE_MG_V0.1,2025-11-19T00:00:00,2026-07-04T00:00:00,completed
RUN00003340,USR004963,HEALTH_RESERVE,2026-09-05T08:00:00,new_data,RULE_HR_V0.1,2025-12-24T08:00:00,2026-09-05T08:00:00,completed
RUN00003341,USR004965,HEALTH_RESERVE,2026-07-01T13:00:00,new_data,RULE_HR_V0.1,2025-10-20T13:00:00,2026-07-01T13:00:00,completed
RUN00003342,USR004966,HEALTH_RESERVE,2026-04-25T06:00:00,new_data,RULE_HR_V0.1,2026-01-13T06:00:00,2026-04-25T06:00:00,completed
RUN00003343,USR004970,HEALTH_RESERVE,2026-09-14T12:00:00,new_data,RULE_HR_V0.1,2026-02-09T05:00:00,2026-09-14T12:00:00,completed
RUN00003344,USR004971,HEALTH_RESERVE,2026-08-11T15:00:00,new_data,RULE_HR_V0.1,2026-02-19T15:00:00,2026-08-11T15:00:00,completed
RUN00003345,USR004973,MINDGUARD,2026-07-08T03:00:00,new_data,RULE_MG_V0.1,2025-11-18T03:00:00,2026-07-08T03:00:00,completed
RUN00003346,USR004973,HEALTH_RESERVE,2026-08-18T20:00:00,new_data,RULE_HR_V0.1,2025-11-10T20:00:00,2026-08-18T20:00:00,completed
RUN00003347,USR004974,MINDGUARD,2026-07-15T06:00:00,new_data,RULE_MG_V0.1,2026-01-11T06:00:00,2026-07-15T06:00:00,completed
RUN00003348,USR004975,MINDGUARD,2026-05-06T22:00:00,new_data,RULE_MG_V0.1,2025-12-12T22:00:00,2026-05-06T22:00:00,completed
RUN00003349,USR004977,HEALTH_RESERVE,2026-06-07T17:00:00,new_data,RULE_HR_V0.1,2026-01-23T17:00:00,2026-06-07T17:00:00,completed
RUN00003350,USR004978,MINDGUARD,2026-03-25T10:00:00,new_data,RULE_MG_V0.1,2025-12-10T10:00:00,2026-03-25T10:00:00,completed
RUN00003351,USR004978,HEALTH_RESERVE,2026-08-29T03:00:00,new_data,RULE_HR_V0.1,2025-12-12T03:00:00,2026-08-29T03:00:00,completed
RUN00003352,USR004979,HEALTH_RESERVE,2026-08-25T07:00:00,new_data,RULE_HR_V0.1,2026-02-19T07:00:00,2026-08-25T07:00:00,completed
RUN00003353,USR004981,MINDGUARD,2026-05-13T22:00:00,new_data,RULE_MG_V0.1,2025-11-13T22:00:00,2026-05-13T22:00:00,completed
RUN00003354,USR004982,MINDGUARD,2026-05-19T14:00:00,new_data,RULE_MG_V0.1,2025-10-17T14:00:00,2026-05-19T14:00:00,completed
RUN00003355,USR004984,MINDGUARD,2026-06-04T07:00:00,new_data,RULE_MG_V0.1,2025-11-12T07:00:00,2026-06-04T07:00:00,completed
RUN00003356,USR004986,MINDGUARD,2026-05-15T13:00:00,new_data,RULE_MG_V0.1,2025-09-26T13:00:00,2026-05-15T13:00:00,completed
RUN00003357,USR004986,HEALTH_RESERVE,2026-04-12T03:00:00,new_data,RULE_HR_V0.1,2025-10-05T03:00:00,2026-04-12T03:00:00,completed
RUN00003358,USR004987,MINDGUARD,2026-03-14T05:00:00,new_data,RULE_MG_V0.1,2025-10-22T05:00:00,2026-03-14T05:00:00,completed
RUN00003359,USR004989,MINDGUARD,2026-07-23T02:00:00,new_data,RULE_MG_V0.1,2026-01-09T02:00:00,2026-07-23T02:00:00,completed
RUN00003360,USR004989,HEALTH_RESERVE,2026-06-13T09:00:00,new_data,RULE_HR_V0.1,2026-01-16T09:00:00,2026-06-13T09:00:00,completed
RUN00003361,USR004991,MINDGUARD,2026-08-15T02:00:00,new_data,RULE_MG_V0.1,2026-01-19T02:00:00,2026-08-15T02:00:00,completed
RUN00003362,USR004994,HEALTH_RESERVE,2026-05-01T06:00:00,new_data,RULE_HR_V0.1,2025-09-28T06:00:00,2026-05-01T06:00:00,completed
RUN00003363,USR004995,MINDGUARD,2026-07-27T21:00:00,new_data,RULE_MG_V0.1,2025-12-01T21:00:00,2026-07-27T21:00:00,completed
RUN00003364,USR004999,MINDGUARD,2026-08-29T18:00:00,new_data,RULE_MG_V0.1,2026-02-08T18:00:00,2026-08-29T18:00:00,completed
RUN00003365,USR005002,MINDGUARD,2026-09-14T12:00:00,new_data,RULE_MG_V0.1,2026-02-06T05:00:00,2026-09-14T12:00:00,completed
RUN00003366,USR005002,HEALTH_RESERVE,2026-06-23T20:00:00,new_data,RULE_HR_V0.1,2026-02-02T20:00:00,2026-06-23T20:00:00,completed
RUN00003367,USR005003,MINDGUARD,2026-07-10T01:00:00,new_data,RULE_MG_V0.1,2025-10-28T01:00:00,2026-07-10T01:00:00,completed
RUN00003368,USR005004,MINDGUARD,2026-06-07T13:00:00,new_data,RULE_MG_V0.1,2026-02-03T13:00:00,2026-06-07T13:00:00,completed
RUN00003369,USR005005,HEALTH_RESERVE,2026-05-09T04:00:00,new_data,RULE_HR_V0.1,2025-11-24T04:00:00,2026-05-09T04:00:00,completed
RUN00003370,USR005006,MINDGUARD,2026-07-12T19:00:00,new_data,RULE_MG_V0.1,2025-12-06T19:00:00,2026-07-12T19:00:00,completed
RUN00003371,USR005006,HEALTH_RESERVE,2026-06-17T15:00:00,new_data,RULE_HR_V0.1,2025-12-02T15:00:00,2026-06-17T15:00:00,completed
RUN00003372,USR005007,MINDGUARD,2026-07-09T08:00:00,new_data,RULE_MG_V0.1,2026-02-17T08:00:00,2026-07-09T08:00:00,completed
RUN00003373,USR005008,HEALTH_RESERVE,2026-06-30T19:00:00,new_data,RULE_HR_V0.1,2026-01-03T19:00:00,2026-06-30T19:00:00,completed
RUN00003374,USR005010,MINDGUARD,2026-03-18T01:00:00,new_data,RULE_MG_V0.1,2025-11-28T01:00:00,2026-03-18T01:00:00,completed
RUN00003375,USR005011,MINDGUARD,2026-06-28T07:00:00,new_data,RULE_MG_V0.1,2026-01-29T07:00:00,2026-06-28T07:00:00,completed
RUN00003376,USR005012,MINDGUARD,2026-06-27T15:00:00,new_data,RULE_MG_V0.1,2026-01-05T15:00:00,2026-06-27T15:00:00,completed
RUN00003377,USR005018,MINDGUARD,2026-03-21T23:00:00,new_data,RULE_MG_V0.1,2025-10-12T23:00:00,2026-03-21T23:00:00,completed
RUN00003378,USR005022,MINDGUARD,2026-03-09T17:00:00,new_data,RULE_MG_V0.1,2025-11-12T17:00:00,2026-03-09T17:00:00,completed
RUN00003379,USR005023,MINDGUARD,2026-09-14T12:00:00,new_data,RULE_MG_V0.1,2025-12-08T23:00:00,2026-09-14T12:00:00,completed
RUN00003380,USR005024,MINDGUARD,2026-09-14T12:00:00,new_data,RULE_MG_V0.1,2026-02-09T11:00:00,2026-09-14T12:00:00,completed
RUN00003381,USR005030,MINDGUARD,2026-04-06T10:00:00,new_data,RULE_MG_V0.1,2025-12-18T10:00:00,2026-04-06T10:00:00,completed
RUN00003382,USR005031,MINDGUARD,2026-05-12T08:00:00,new_data,RULE_MG_V0.1,2026-01-16T08:00:00,2026-05-12T08:00:00,completed
RUN00003383,USR005032,HEALTH_RESERVE,2026-03-11T23:00:00,new_data,RULE_HR_V0.1,2025-10-21T23:00:00,2026-03-11T23:00:00,completed
RUN00003384,USR005033,MINDGUARD,2026-09-14T12:00:00,new_data,RULE_MG_V0.1,2026-01-03T12:00:00,2026-09-14T12:00:00,completed
RUN00003385,USR005034,MINDGUARD,2026-01-22T22:00:00,new_data,RULE_MG_V0.1,2025-10-07T22:00:00,2026-01-22T22:00:00,completed
RUN00003386,USR005034,HEALTH_RESERVE,2026-07-14T17:00:00,new_data,RULE_HR_V0.1,2025-10-11T17:00:00,2026-07-14T17:00:00,completed
RUN00003387,USR005035,MINDGUARD,2026-08-08T07:00:00,new_data,RULE_MG_V0.1,2026-02-02T07:00:00,2026-08-08T07:00:00,completed
RUN00003388,USR005037,MINDGUARD,2026-03-08T18:00:00,new_data,RULE_MG_V0.1,2025-09-18T18:00:00,2026-03-08T18:00:00,completed
RUN00003389,USR005039,MINDGUARD,2026-08-14T00:00:00,new_data,RULE_MG_V0.1,2026-01-05T00:00:00,2026-08-14T00:00:00,completed
RUN00003390,USR005040,MINDGUARD,2026-05-04T16:00:00,new_data,RULE_MG_V0.1,2025-10-13T16:00:00,2026-05-04T16:00:00,completed
RUN00003391,USR005041,MINDGUARD,2026-06-05T09:00:00,new_data,RULE_MG_V0.1,2025-11-10T09:00:00,2026-06-05T09:00:00,completed
RUN00003392,USR005043,MINDGUARD,2026-04-20T07:00:00,new_data,RULE_MG_V0.1,2025-10-14T07:00:00,2026-04-20T07:00:00,completed
RUN00003393,USR005043,HEALTH_RESERVE,2026-07-24T23:00:00,new_data,RULE_HR_V0.1,2025-10-24T23:00:00,2026-07-24T23:00:00,completed
RUN00003394,USR005046,HEALTH_RESERVE,2026-01-08T18:00:00,new_data,RULE_HR_V0.1,2025-10-10T18:00:00,2026-01-08T18:00:00,completed
RUN00003395,USR005047,MINDGUARD,2026-04-19T19:00:00,new_data,RULE_MG_V0.1,2026-01-06T19:00:00,2026-04-19T19:00:00,completed
RUN00003396,USR005047,HEALTH_RESERVE,2026-09-14T12:00:00,new_data,RULE_HR_V0.1,2026-01-01T16:00:00,2026-09-14T12:00:00,completed
RUN00003397,USR005048,MINDGUARD,2026-08-29T07:00:00,new_data,RULE_MG_V0.1,2025-12-16T07:00:00,2026-08-29T07:00:00,completed
RUN00003398,USR005050,MINDGUARD,2026-07-25T14:00:00,new_data,RULE_MG_V0.1,2025-11-18T14:00:00,2026-07-25T14:00:00,completed
RUN00003399,USR005050,HEALTH_RESERVE,2026-05-01T20:00:00,new_data,RULE_HR_V0.1,2025-11-14T20:00:00,2026-05-01T20:00:00,completed
RUN00003400,USR005051,MINDGUARD,2026-09-14T12:00:00,new_data,RULE_MG_V0.1,2026-01-14T20:00:00,2026-09-14T12:00:00,completed
RUN00003401,USR005051,HEALTH_RESERVE,2026-09-14T12:00:00,new_data,RULE_HR_V0.1,2026-01-14T22:00:00,2026-09-14T12:00:00,completed
RUN00003402,USR005052,MINDGUARD,2026-06-02T21:00:00,new_data,RULE_MG_V0.1,2025-10-20T21:00:00,2026-06-02T21:00:00,completed
RUN00003403,USR005052,HEALTH_RESERVE,2026-03-01T16:00:00,new_data,RULE_HR_V0.1,2025-10-31T16:00:00,2026-03-01T16:00:00,completed
RUN00003404,USR005055,MINDGUARD,2026-07-07T20:00:00,new_data,RULE_MG_V0.1,2025-12-14T20:00:00,2026-07-07T20:00:00,completed
RUN00003405,USR005057,MINDGUARD,2026-08-31T04:00:00,new_data,RULE_MG_V0.1,2025-12-10T04:00:00,2026-08-31T04:00:00,completed
RUN00003406,USR005058,MINDGUARD,2026-08-13T21:00:00,new_data,RULE_MG_V0.1,2025-12-13T21:00:00,2026-08-13T21:00:00,completed
RUN00003407,USR005060,MINDGUARD,2026-06-23T07:00:00,new_data,RULE_MG_V0.1,2025-10-08T07:00:00,2026-06-23T07:00:00,completed
RUN00003408,USR005061,MINDGUARD,2026-05-16T23:00:00,new_data,RULE_MG_V0.1,2025-12-28T23:00:00,2026-05-16T23:00:00,completed
RUN00003409,USR005063,MINDGUARD,2026-09-14T12:00:00,new_data,RULE_MG_V0.1,2025-12-13T18:00:00,2026-09-14T12:00:00,completed
RUN00003410,USR005064,HEALTH_RESERVE,2026-01-30T11:00:00,new_data,RULE_HR_V0.1,2025-10-30T11:00:00,2026-01-30T11:00:00,completed
RUN00003411,USR005065,MINDGUARD,2026-07-12T14:00:00,new_data,RULE_MG_V0.1,2025-12-10T14:00:00,2026-07-12T14:00:00,completed
RUN00003412,USR005065,HEALTH_RESERVE,2026-08-26T21:00:00,new_data,RULE_HR_V0.1,2025-11-27T21:00:00,2026-08-26T21:00:00,completed
RUN00003413,USR005067,MINDGUARD,2026-09-07T07:00:00,new_data,RULE_MG_V0.1,2025-12-06T07:00:00,2026-09-07T07:00:00,completed
RUN00003414,USR005067,HEALTH_RESERVE,2026-04-30T05:00:00,new_data,RULE_HR_V0.1,2025-12-02T05:00:00,2026-04-30T05:00:00,completed
RUN00003415,USR005068,HEALTH_RESERVE,2026-08-10T11:00:00,new_data,RULE_HR_V0.1,2025-11-04T11:00:00,2026-08-10T11:00:00,completed
RUN00003416,USR005069,MINDGUARD,2026-05-04T19:00:00,new_data,RULE_MG_V0.1,2025-10-29T19:00:00,2026-05-04T19:00:00,completed
RUN00003417,USR005071,MINDGUARD,2026-05-24T21:00:00,new_data,RULE_MG_V0.1,2025-12-01T21:00:00,2026-05-24T21:00:00,completed
RUN00003418,USR005074,HEALTH_RESERVE,2026-04-20T02:00:00,new_data,RULE_HR_V0.1,2026-01-12T02:00:00,2026-04-20T02:00:00,completed
RUN00003419,USR005077,MINDGUARD,2026-09-14T12:00:00,new_data,RULE_MG_V0.1,2026-02-06T16:00:00,2026-09-14T12:00:00,completed
RUN00003420,USR005078,HEALTH_RESERVE,2026-08-25T03:00:00,new_data,RULE_HR_V0.1,2025-12-31T03:00:00,2026-08-25T03:00:00,completed
RUN00003421,USR005079,MINDGUARD,2026-07-07T09:00:00,new_data,RULE_MG_V0.1,2026-01-22T09:00:00,2026-07-07T09:00:00,completed
RUN00003422,USR005081,HEALTH_RESERVE,2026-08-26T15:00:00,new_data,RULE_HR_V0.1,2025-12-03T15:00:00,2026-08-26T15:00:00,completed
RUN00003423,USR005082,MINDGUARD,2026-01-02T07:00:00,new_data,RULE_MG_V0.1,2025-09-22T07:00:00,2026-01-02T07:00:00,completed
RUN00003424,USR005082,HEALTH_RESERVE,2026-02-25T02:00:00,new_data,RULE_HR_V0.1,2025-09-24T02:00:00,2026-02-25T02:00:00,completed
RUN00003425,USR005086,MINDGUARD,2026-07-06T20:00:00,new_data,RULE_MG_V0.1,2025-10-19T20:00:00,2026-07-06T20:00:00,completed
RUN00003426,USR005087,MINDGUARD,2026-06-09T22:00:00,new_data,RULE_MG_V0.1,2025-11-10T22:00:00,2026-06-09T22:00:00,completed
RUN00003427,USR005088,MINDGUARD,2026-07-25T20:00:00,new_data,RULE_MG_V0.1,2025-12-09T20:00:00,2026-07-25T20:00:00,completed
RUN00003428,USR005090,HEALTH_RESERVE,2026-07-30T16:00:00,new_data,RULE_HR_V0.1,2026-02-06T16:00:00,2026-07-30T16:00:00,completed
RUN00003429,USR005093,HEALTH_RESERVE,2026-09-14T12:00:00,new_data,RULE_HR_V0.1,2025-12-12T21:00:00,2026-09-14T12:00:00,completed
RUN00003430,USR005096,MINDGUARD,2026-04-04T14:00:00,new_data,RULE_MG_V0.1,2025-09-19T14:00:00,2026-04-04T14:00:00,completed
RUN00003431,USR005098,MINDGUARD,2026-07-17T20:00:00,new_data,RULE_MG_V0.1,2025-11-26T20:00:00,2026-07-17T20:00:00,completed
RUN00003432,USR005101,MINDGUARD,2026-07-30T10:00:00,new_data,RULE_MG_V0.1,2026-02-25T10:00:00,2026-07-30T10:00:00,completed
RUN00003433,USR005102,HEALTH_RESERVE,2026-08-27T06:00:00,new_data,RULE_HR_V0.1,2026-01-12T06:00:00,2026-08-27T06:00:00,completed
RUN00003434,USR005103,MINDGUARD,2026-06-16T21:00:00,new_data,RULE_MG_V0.1,2025-09-18T21:00:00,2026-06-16T21:00:00,completed
RUN00003435,USR005105,HEALTH_RESERVE,2026-04-02T10:00:00,new_data,RULE_HR_V0.1,2025-11-20T10:00:00,2026-04-02T10:00:00,completed
RUN00003436,USR005106,MINDGUARD,2026-06-14T04:00:00,new_data,RULE_MG_V0.1,2025-11-29T04:00:00,2026-06-14T04:00:00,completed
RUN00003437,USR005107,MINDGUARD,2026-01-28T06:00:00,new_data,RULE_MG_V0.1,2025-10-03T06:00:00,2026-01-28T06:00:00,completed
RUN00003438,USR005107,HEALTH_RESERVE,2026-05-02T02:00:00,new_data,RULE_HR_V0.1,2025-10-05T02:00:00,2026-05-02T02:00:00,completed
RUN00003439,USR005109,HEALTH_RESERVE,2026-03-29T09:00:00,new_data,RULE_HR_V0.1,2025-09-16T09:00:00,2026-03-29T09:00:00,completed
RUN00003440,USR005113,MINDGUARD,2026-06-04T09:00:00,new_data,RULE_MG_V0.1,2026-02-10T09:00:00,2026-06-04T09:00:00,completed
RUN00003441,USR005115,MINDGUARD,2026-06-13T03:00:00,new_data,RULE_MG_V0.1,2025-10-12T03:00:00,2026-06-13T03:00:00,completed
RUN00003442,USR005119,MINDGUARD,2026-02-06T13:00:00,new_data,RULE_MG_V0.1,2025-09-30T13:00:00,2026-02-06T13:00:00,completed
RUN00003443,USR005119,HEALTH_RESERVE,2026-06-14T18:00:00,new_data,RULE_HR_V0.1,2025-10-02T18:00:00,2026-06-14T18:00:00,completed
RUN00003444,USR005120,HEALTH_RESERVE,2026-05-28T19:00:00,new_data,RULE_HR_V0.1,2026-02-06T19:00:00,2026-05-28T19:00:00,completed
RUN00003445,USR005121,MINDGUARD,2026-05-26T14:00:00,new_data,RULE_MG_V0.1,2026-02-14T14:00:00,2026-05-26T14:00:00,completed
RUN00003446,USR005122,HEALTH_RESERVE,2026-04-16T17:00:00,new_data,RULE_HR_V0.1,2025-12-15T17:00:00,2026-04-16T17:00:00,completed
RUN00003447,USR005123,HEALTH_RESERVE,2026-08-26T05:00:00,new_data,RULE_HR_V0.1,2025-11-19T05:00:00,2026-08-26T05:00:00,completed
RUN00003448,USR005125,HEALTH_RESERVE,2026-09-14T12:00:00,new_data,RULE_HR_V0.1,2026-01-10T06:00:00,2026-09-14T12:00:00,completed
RUN00003449,USR005126,MINDGUARD,2026-07-01T22:00:00,new_data,RULE_MG_V0.1,2025-12-16T22:00:00,2026-07-01T22:00:00,completed
RUN00003450,USR005129,MINDGUARD,2026-09-14T12:00:00,new_data,RULE_MG_V0.1,2026-01-04T20:00:00,2026-09-14T12:00:00,completed
RUN00003451,USR005132,MINDGUARD,2026-02-15T18:00:00,new_data,RULE_MG_V0.1,2025-09-28T18:00:00,2026-02-15T18:00:00,completed
RUN00003452,USR005134,MINDGUARD,2026-07-02T22:00:00,new_data,RULE_MG_V0.1,2025-12-29T22:00:00,2026-07-02T22:00:00,completed
RUN00003453,USR005134,HEALTH_RESERVE,2026-06-12T20:00:00,new_data,RULE_HR_V0.1,2026-01-01T20:00:00,2026-06-12T20:00:00,completed
RUN00003454,USR005135,MINDGUARD,2026-07-05T12:00:00,new_data,RULE_MG_V0.1,2026-02-05T12:00:00,2026-07-05T12:00:00,completed
RUN00003455,USR005136,MINDGUARD,2026-03-14T12:00:00,new_data,RULE_MG_V0.1,2025-11-30T12:00:00,2026-03-14T12:00:00,completed
RUN00003456,USR005136,HEALTH_RESERVE,2026-04-27T08:00:00,new_data,RULE_HR_V0.1,2025-12-09T08:00:00,2026-04-27T08:00:00,completed
RUN00003457,USR005137,HEALTH_RESERVE,2026-09-14T12:00:00,new_data,RULE_HR_V0.1,2026-01-25T00:00:00,2026-09-14T12:00:00,completed
RUN00003458,USR005143,MINDGUARD,2026-03-26T07:00:00,new_data,RULE_MG_V0.1,2025-10-27T07:00:00,2026-03-26T07:00:00,completed
RUN00003459,USR005144,MINDGUARD,2026-04-29T00:00:00,new_data,RULE_MG_V0.1,2026-01-20T00:00:00,2026-04-29T00:00:00,completed
RUN00003460,USR005145,MINDGUARD,2026-04-23T02:00:00,new_data,RULE_MG_V0.1,2026-01-03T02:00:00,2026-04-23T02:00:00,completed
RUN00003461,USR005146,HEALTH_RESERVE,2026-07-19T01:00:00,new_data,RULE_HR_V0.1,2026-02-06T01:00:00,2026-07-19T01:00:00,completed
RUN00003462,USR005147,HEALTH_RESERVE,2026-07-03T04:00:00,new_data,RULE_HR_V0.1,2025-10-07T04:00:00,2026-07-03T04:00:00,completed
RUN00003463,USR005153,MINDGUARD,2026-06-22T06:00:00,new_data,RULE_MG_V0.1,2025-10-14T06:00:00,2026-06-22T06:00:00,completed
RUN00003464,USR005156,MINDGUARD,2026-06-27T02:00:00,new_data,RULE_MG_V0.1,2025-11-03T02:00:00,2026-06-27T02:00:00,completed
RUN00003465,USR005158,HEALTH_RESERVE,2026-06-10T14:00:00,new_data,RULE_HR_V0.1,2025-10-26T14:00:00,2026-06-10T14:00:00,completed
RUN00003466,USR005160,HEALTH_RESERVE,2026-02-25T14:00:00,new_data,RULE_HR_V0.1,2025-09-27T14:00:00,2026-02-25T14:00:00,completed
RUN00003467,USR005161,HEALTH_RESERVE,2026-04-02T14:00:00,new_data,RULE_HR_V0.1,2025-11-08T14:00:00,2026-04-02T14:00:00,completed
RUN00003468,USR005162,MINDGUARD,2026-05-29T11:00:00,new_data,RULE_MG_V0.1,2025-11-24T11:00:00,2026-05-29T11:00:00,completed
RUN00003469,USR005164,MINDGUARD,2026-08-13T20:00:00,new_data,RULE_MG_V0.1,2026-01-26T20:00:00,2026-08-13T20:00:00,completed
RUN00003470,USR005165,HEALTH_RESERVE,2026-08-23T23:00:00,new_data,RULE_HR_V0.1,2025-11-14T23:00:00,2026-08-23T23:00:00,completed
RUN00003471,USR005166,MINDGUARD,2026-04-10T00:00:00,new_data,RULE_MG_V0.1,2025-11-10T00:00:00,2026-04-10T00:00:00,completed
RUN00003472,USR005169,HEALTH_RESERVE,2026-03-14T02:00:00,new_data,RULE_HR_V0.1,2025-10-20T02:00:00,2026-03-14T02:00:00,completed
RUN00003473,USR005170,MINDGUARD,2026-07-23T03:00:00,new_data,RULE_MG_V0.1,2026-02-02T03:00:00,2026-07-23T03:00:00,completed
RUN00003474,USR005171,MINDGUARD,2026-04-19T12:00:00,new_data,RULE_MG_V0.1,2025-12-18T12:00:00,2026-04-19T12:00:00,completed
RUN00003475,USR005173,MINDGUARD,2026-01-21T06:00:00,new_data,RULE_MG_V0.1,2025-10-20T06:00:00,2026-01-21T06:00:00,completed
RUN00003476,USR005174,HEALTH_RESERVE,2026-03-25T03:00:00,new_data,RULE_HR_V0.1,2025-09-28T03:00:00,2026-03-25T03:00:00,completed
RUN00003477,USR005175,MINDGUARD,2026-07-05T17:00:00,new_data,RULE_MG_V0.1,2025-11-24T17:00:00,2026-07-05T17:00:00,completed
RUN00003478,USR005176,MINDGUARD,2026-09-06T16:00:00,new_data,RULE_MG_V0.1,2025-12-04T16:00:00,2026-09-06T16:00:00,completed
RUN00003479,USR005179,HEALTH_RESERVE,2026-08-05T21:00:00,new_data,RULE_HR_V0.1,2026-02-15T21:00:00,2026-08-05T21:00:00,completed
RUN00003480,USR005181,MINDGUARD,2026-07-17T08:00:00,new_data,RULE_MG_V0.1,2025-10-17T08:00:00,2026-07-17T08:00:00,completed
RUN00003481,USR005182,HEALTH_RESERVE,2026-07-11T22:00:00,new_data,RULE_HR_V0.1,2026-02-09T22:00:00,2026-07-11T22:00:00,completed
RUN00003482,USR005183,MINDGUARD,2026-02-16T00:00:00,new_data,RULE_MG_V0.1,2025-09-29T00:00:00,2026-02-16T00:00:00,completed
RUN00003483,USR005183,HEALTH_RESERVE,2026-01-27T05:00:00,new_data,RULE_HR_V0.1,2025-09-28T05:00:00,2026-01-27T05:00:00,completed
RUN00003484,USR005184,MINDGUARD,2026-09-11T01:00:00,new_data,RULE_MG_V0.1,2026-01-27T01:00:00,2026-09-11T01:00:00,completed
RUN00003485,USR005185,MINDGUARD,2026-05-22T06:00:00,new_data,RULE_MG_V0.1,2025-10-09T06:00:00,2026-05-22T06:00:00,completed
RUN00003486,USR005185,HEALTH_RESERVE,2026-07-08T02:00:00,new_data,RULE_HR_V0.1,2025-10-14T02:00:00,2026-07-08T02:00:00,completed
RUN00003487,USR005186,MINDGUARD,2026-06-20T12:00:00,new_data,RULE_MG_V0.1,2026-01-27T12:00:00,2026-06-20T12:00:00,completed
RUN00003488,USR005188,HEALTH_RESERVE,2026-04-02T10:00:00,new_data,RULE_HR_V0.1,2025-12-15T10:00:00,2026-04-02T10:00:00,completed
RUN00003489,USR005192,HEALTH_RESERVE,2026-06-18T00:00:00,new_data,RULE_HR_V0.1,2025-11-16T00:00:00,2026-06-18T00:00:00,completed
RUN00003490,USR005193,MINDGUARD,2026-06-23T06:00:00,new_data,RULE_MG_V0.1,2025-11-23T06:00:00,2026-06-23T06:00:00,completed
RUN00003491,USR005195,MINDGUARD,2026-09-14T12:00:00,new_data,RULE_MG_V0.1,2026-02-07T18:00:00,2026-09-14T12:00:00,completed
RUN00003492,USR005198,MINDGUARD,2025-12-24T23:00:00,new_data,RULE_MG_V0.1,2025-09-25T23:00:00,2025-12-24T23:00:00,completed
RUN00003493,USR005200,MINDGUARD,2026-04-02T16:00:00,new_data,RULE_MG_V0.1,2025-12-20T16:00:00,2026-04-02T16:00:00,completed
RUN00003494,USR005201,MINDGUARD,2026-06-07T10:00:00,new_data,RULE_MG_V0.1,2025-10-10T10:00:00,2026-06-07T10:00:00,completed
RUN00003495,USR005202,MINDGUARD,2026-09-14T12:00:00,new_data,RULE_MG_V0.1,2026-01-01T09:00:00,2026-09-14T12:00:00,completed
RUN00003496,USR005203,MINDGUARD,2026-09-14T12:00:00,new_data,RULE_MG_V0.1,2026-02-13T02:00:00,2026-09-14T12:00:00,completed
RUN00003497,USR005206,HEALTH_RESERVE,2026-09-05T08:00:00,new_data,RULE_HR_V0.1,2025-12-26T08:00:00,2026-09-05T08:00:00,completed
RUN00003498,USR005208,HEALTH_RESERVE,2026-07-22T10:00:00,new_data,RULE_HR_V0.1,2026-02-03T10:00:00,2026-07-22T10:00:00,completed
RUN00003499,USR005209,MINDGUARD,2026-06-29T00:00:00,new_data,RULE_MG_V0.1,2025-12-15T00:00:00,2026-06-29T00:00:00,completed
RUN00003500,USR005210,MINDGUARD,2026-06-12T03:00:00,new_data,RULE_MG_V0.1,2026-02-14T03:00:00,2026-06-12T03:00:00,completed
RUN00003501,USR005210,HEALTH_RESERVE,2026-07-13T07:00:00,new_data,RULE_HR_V0.1,2026-02-12T07:00:00,2026-07-13T07:00:00,completed
RUN00003502,USR005211,MINDGUARD,2026-07-08T01:00:00,new_data,RULE_MG_V0.1,2025-10-06T01:00:00,2026-07-08T01:00:00,completed
RUN00003503,USR005212,MINDGUARD,2026-07-18T10:00:00,new_data,RULE_MG_V0.1,2025-12-07T10:00:00,2026-07-18T10:00:00,completed
RUN00003504,USR005214,MINDGUARD,2026-04-26T22:00:00,new_data,RULE_MG_V0.1,2025-11-19T22:00:00,2026-04-26T22:00:00,completed
RUN00003505,USR005217,MINDGUARD,2026-05-02T00:00:00,new_data,RULE_MG_V0.1,2026-01-10T00:00:00,2026-05-02T00:00:00,completed
RUN00003506,USR005219,MINDGUARD,2026-07-03T00:00:00,new_data,RULE_MG_V0.1,2026-01-07T00:00:00,2026-07-03T00:00:00,completed
RUN00003507,USR005220,MINDGUARD,2026-09-14T12:00:00,new_data,RULE_MG_V0.1,2026-01-24T13:00:00,2026-09-14T12:00:00,completed
RUN00003508,USR005225,MINDGUARD,2026-06-06T14:00:00,new_data,RULE_MG_V0.1,2025-12-07T14:00:00,2026-06-06T14:00:00,completed
RUN00003509,USR005226,MINDGUARD,2026-09-14T12:00:00,new_data,RULE_MG_V0.1,2026-02-06T19:00:00,2026-09-14T12:00:00,completed
RUN00003510,USR005227,MINDGUARD,2026-04-21T07:00:00,new_data,RULE_MG_V0.1,2025-09-22T07:00:00,2026-04-21T07:00:00,completed
RUN00003511,USR005232,MINDGUARD,2026-05-26T18:00:00,new_data,RULE_MG_V0.1,2026-01-13T18:00:00,2026-05-26T18:00:00,completed
RUN00003512,USR005235,MINDGUARD,2026-01-05T19:00:00,new_data,RULE_MG_V0.1,2025-09-26T19:00:00,2026-01-05T19:00:00,completed
RUN00003513,USR005236,MINDGUARD,2026-09-05T03:00:00,new_data,RULE_MG_V0.1,2025-11-17T03:00:00,2026-09-05T03:00:00,completed
RUN00003514,USR005237,MINDGUARD,2026-08-19T08:00:00,new_data,RULE_MG_V0.1,2025-10-24T08:00:00,2026-08-19T08:00:00,completed
RUN00003515,USR005238,MINDGUARD,2026-06-30T15:00:00,new_data,RULE_MG_V0.1,2025-11-01T15:00:00,2026-06-30T15:00:00,completed
RUN00003516,USR005238,HEALTH_RESERVE,2026-07-24T00:00:00,new_data,RULE_HR_V0.1,2025-10-25T00:00:00,2026-07-24T00:00:00,completed
RUN00003517,USR005240,HEALTH_RESERVE,2026-09-07T10:00:00,new_data,RULE_HR_V0.1,2026-01-27T10:00:00,2026-09-07T10:00:00,completed
RUN00003518,USR005242,MINDGUARD,2026-03-05T09:00:00,new_data,RULE_MG_V0.1,2025-10-18T09:00:00,2026-03-05T09:00:00,completed
RUN00003519,USR005245,HEALTH_RESERVE,2026-05-10T17:00:00,new_data,RULE_HR_V0.1,2026-01-07T17:00:00,2026-05-10T17:00:00,completed
RUN00003520,USR005246,MINDGUARD,2026-08-03T05:00:00,new_data,RULE_MG_V0.1,2025-10-24T05:00:00,2026-08-03T05:00:00,completed
RUN00003521,USR005247,MINDGUARD,2026-09-07T00:00:00,new_data,RULE_MG_V0.1,2026-01-24T00:00:00,2026-09-07T00:00:00,completed
RUN00003522,USR005247,HEALTH_RESERVE,2026-09-14T12:00:00,new_data,RULE_HR_V0.1,2026-01-20T21:00:00,2026-09-14T12:00:00,completed
RUN00003523,USR005249,MINDGUARD,2026-05-20T17:00:00,new_data,RULE_MG_V0.1,2026-01-14T17:00:00,2026-05-20T17:00:00,completed
RUN00003524,USR005249,HEALTH_RESERVE,2026-09-14T12:00:00,new_data,RULE_HR_V0.1,2026-01-19T02:00:00,2026-09-14T12:00:00,completed
RUN00003525,USR005250,MINDGUARD,2026-06-17T06:00:00,new_data,RULE_MG_V0.1,2025-11-19T06:00:00,2026-06-17T06:00:00,completed
RUN00003526,USR005252,MINDGUARD,2026-07-09T17:00:00,new_data,RULE_MG_V0.1,2025-10-10T17:00:00,2026-07-09T17:00:00,completed
RUN00003527,USR005255,MINDGUARD,2026-06-06T15:00:00,new_data,RULE_MG_V0.1,2025-10-19T15:00:00,2026-06-06T15:00:00,completed
RUN00003528,USR005256,MINDGUARD,2026-09-14T12:00:00,new_data,RULE_MG_V0.1,2026-02-04T07:00:00,2026-09-14T12:00:00,completed
RUN00003529,USR005257,MINDGUARD,2026-03-25T09:00:00,new_data,RULE_MG_V0.1,2025-12-24T09:00:00,2026-03-25T09:00:00,completed
RUN00003530,USR005259,HEALTH_RESERVE,2026-05-01T13:00:00,new_data,RULE_HR_V0.1,2026-01-10T13:00:00,2026-05-01T13:00:00,completed
RUN00003531,USR005260,HEALTH_RESERVE,2026-04-15T20:00:00,new_data,RULE_HR_V0.1,2025-11-20T20:00:00,2026-04-15T20:00:00,completed
RUN00003532,USR005263,MINDGUARD,2026-03-11T02:00:00,new_data,RULE_MG_V0.1,2025-10-11T02:00:00,2026-03-11T02:00:00,completed
RUN00003533,USR005263,HEALTH_RESERVE,2026-01-10T06:00:00,new_data,RULE_HR_V0.1,2025-10-10T06:00:00,2026-01-10T06:00:00,completed
RUN00003534,USR005264,HEALTH_RESERVE,2026-06-22T17:00:00,new_data,RULE_HR_V0.1,2025-10-20T17:00:00,2026-06-22T17:00:00,completed
RUN00003535,USR005265,MINDGUARD,2026-05-02T19:00:00,new_data,RULE_MG_V0.1,2025-12-18T19:00:00,2026-05-02T19:00:00,completed
RUN00003536,USR005267,MINDGUARD,2026-09-09T20:00:00,new_data,RULE_MG_V0.1,2025-12-01T20:00:00,2026-09-09T20:00:00,completed
RUN00003537,USR005269,MINDGUARD,2026-06-13T12:00:00,new_data,RULE_MG_V0.1,2026-02-10T12:00:00,2026-06-13T12:00:00,completed
RUN00003538,USR005270,MINDGUARD,2026-03-20T13:00:00,new_data,RULE_MG_V0.1,2025-12-06T13:00:00,2026-03-20T13:00:00,completed
RUN00003539,USR005273,MINDGUARD,2026-02-21T12:00:00,new_data,RULE_MG_V0.1,2025-10-15T12:00:00,2026-02-21T12:00:00,completed
RUN00003540,USR005274,MINDGUARD,2026-08-27T13:00:00,new_data,RULE_MG_V0.1,2026-01-14T13:00:00,2026-08-27T13:00:00,completed
RUN00003541,USR005276,HEALTH_RESERVE,2026-04-28T17:00:00,new_data,RULE_HR_V0.1,2025-11-08T17:00:00,2026-04-28T17:00:00,completed
RUN00003542,USR005277,HEALTH_RESERVE,2026-07-22T05:00:00,new_data,RULE_HR_V0.1,2025-10-31T05:00:00,2026-07-22T05:00:00,completed
RUN00003543,USR005279,MINDGUARD,2026-06-25T10:00:00,new_data,RULE_MG_V0.1,2025-11-22T10:00:00,2026-06-25T10:00:00,completed
RUN00003544,USR005280,HEALTH_RESERVE,2026-05-26T00:00:00,new_data,RULE_HR_V0.1,2026-01-30T00:00:00,2026-05-26T00:00:00,completed
RUN00003545,USR005283,MINDGUARD,2026-09-14T12:00:00,new_data,RULE_MG_V0.1,2025-12-16T10:00:00,2026-09-14T12:00:00,completed
RUN00003546,USR005285,MINDGUARD,2026-03-28T19:00:00,new_data,RULE_MG_V0.1,2025-12-13T19:00:00,2026-03-28T19:00:00,completed
RUN00003547,USR005287,MINDGUARD,2026-09-02T21:00:00,new_data,RULE_MG_V0.1,2026-01-20T21:00:00,2026-09-02T21:00:00,completed
RUN00003548,USR005288,MINDGUARD,2026-04-11T22:00:00,new_data,RULE_MG_V0.1,2025-10-26T22:00:00,2026-04-11T22:00:00,completed
RUN00003549,USR005289,HEALTH_RESERVE,2026-08-04T02:00:00,new_data,RULE_HR_V0.1,2025-10-09T02:00:00,2026-08-04T02:00:00,completed
RUN00003550,USR005291,MINDGUARD,2026-07-26T03:00:00,new_data,RULE_MG_V0.1,2026-01-02T03:00:00,2026-07-26T03:00:00,completed
RUN00003551,USR005292,HEALTH_RESERVE,2026-03-24T07:00:00,new_data,RULE_HR_V0.1,2025-11-22T07:00:00,2026-03-24T07:00:00,completed
RUN00003552,USR005293,MINDGUARD,2026-06-30T05:00:00,new_data,RULE_MG_V0.1,2025-11-02T05:00:00,2026-06-30T05:00:00,completed
RUN00003553,USR005295,MINDGUARD,2026-07-10T09:00:00,new_data,RULE_MG_V0.1,2026-01-29T09:00:00,2026-07-10T09:00:00,completed
RUN00003554,USR005296,MINDGUARD,2026-06-20T07:00:00,new_data,RULE_MG_V0.1,2025-12-04T07:00:00,2026-06-20T07:00:00,completed
RUN00003555,USR005298,HEALTH_RESERVE,2026-04-04T06:00:00,new_data,RULE_HR_V0.1,2025-09-27T06:00:00,2026-04-04T06:00:00,completed
RUN00003556,USR005301,HEALTH_RESERVE,2026-09-14T12:00:00,new_data,RULE_HR_V0.1,2026-01-28T01:00:00,2026-09-14T12:00:00,completed
RUN00003557,USR005302,MINDGUARD,2026-01-21T12:00:00,new_data,RULE_MG_V0.1,2025-10-23T12:00:00,2026-01-21T12:00:00,completed
RUN00003558,USR005303,HEALTH_RESERVE,2026-07-02T16:00:00,new_data,RULE_HR_V0.1,2025-12-27T16:00:00,2026-07-02T16:00:00,completed
RUN00003559,USR005305,MINDGUARD,2026-08-09T10:00:00,new_data,RULE_MG_V0.1,2026-01-25T10:00:00,2026-08-09T10:00:00,completed
RUN00003560,USR005307,HEALTH_RESERVE,2026-04-29T07:00:00,new_data,RULE_HR_V0.1,2025-10-09T07:00:00,2026-04-29T07:00:00,completed
RUN00003561,USR005309,MINDGUARD,2026-03-07T23:00:00,new_data,RULE_MG_V0.1,2025-10-22T23:00:00,2026-03-07T23:00:00,completed
RUN00003562,USR005310,MINDGUARD,2026-06-21T00:00:00,new_data,RULE_MG_V0.1,2025-12-23T00:00:00,2026-06-21T00:00:00,completed
RUN00003563,USR005310,HEALTH_RESERVE,2026-04-05T18:00:00,new_data,RULE_HR_V0.1,2025-12-13T18:00:00,2026-04-05T18:00:00,completed
RUN00003564,USR005311,MINDGUARD,2026-07-20T08:00:00,new_data,RULE_MG_V0.1,2025-12-15T08:00:00,2026-07-20T08:00:00,completed
RUN00003565,USR005313,MINDGUARD,2026-02-23T02:00:00,new_data,RULE_MG_V0.1,2025-10-07T02:00:00,2026-02-23T02:00:00,completed
RUN00003566,USR005315,MINDGUARD,2026-04-15T12:00:00,new_data,RULE_MG_V0.1,2025-12-01T12:00:00,2026-04-15T12:00:00,completed
RUN00003567,USR005317,MINDGUARD,2026-08-08T20:00:00,new_data,RULE_MG_V0.1,2025-11-20T20:00:00,2026-08-08T20:00:00,completed
RUN00003568,USR005318,MINDGUARD,2026-06-27T09:00:00,new_data,RULE_MG_V0.1,2026-01-21T09:00:00,2026-06-27T09:00:00,completed
RUN00003569,USR005318,HEALTH_RESERVE,2026-07-23T09:00:00,new_data,RULE_HR_V0.1,2026-01-18T09:00:00,2026-07-23T09:00:00,completed
RUN00003570,USR005321,MINDGUARD,2026-09-14T12:00:00,new_data,RULE_MG_V0.1,2026-01-27T18:00:00,2026-09-14T12:00:00,completed
RUN00003571,USR005322,MINDGUARD,2026-08-28T04:00:00,new_data,RULE_MG_V0.1,2026-01-27T04:00:00,2026-08-28T04:00:00,completed
RUN00003572,USR005323,MINDGUARD,2026-07-20T14:00:00,new_data,RULE_MG_V0.1,2026-02-08T14:00:00,2026-07-20T14:00:00,completed
RUN00003573,USR005324,MINDGUARD,2026-06-07T05:00:00,new_data,RULE_MG_V0.1,2026-01-27T05:00:00,2026-06-07T05:00:00,completed
RUN00003574,USR005324,HEALTH_RESERVE,2026-07-01T06:00:00,new_data,RULE_HR_V0.1,2026-01-15T06:00:00,2026-07-01T06:00:00,completed
RUN00003575,USR005325,HEALTH_RESERVE,2026-04-21T10:00:00,new_data,RULE_HR_V0.1,2025-11-03T10:00:00,2026-04-21T10:00:00,completed
RUN00003576,USR005326,MINDGUARD,2026-09-13T17:00:00,new_data,RULE_MG_V0.1,2025-11-18T17:00:00,2026-09-13T17:00:00,completed
RUN00003577,USR005327,MINDGUARD,2026-02-04T16:00:00,new_data,RULE_MG_V0.1,2025-10-02T16:00:00,2026-02-04T16:00:00,completed
RUN00003578,USR005328,MINDGUARD,2026-06-04T03:00:00,new_data,RULE_MG_V0.1,2026-01-27T03:00:00,2026-06-04T03:00:00,completed
RUN00003579,USR005331,MINDGUARD,2026-04-20T16:00:00,new_data,RULE_MG_V0.1,2025-10-22T16:00:00,2026-04-20T16:00:00,completed
RUN00003580,USR005333,MINDGUARD,2026-09-14T12:00:00,new_data,RULE_MG_V0.1,2026-01-14T21:00:00,2026-09-14T12:00:00,completed
RUN00003581,USR005336,HEALTH_RESERVE,2026-05-23T08:00:00,new_data,RULE_HR_V0.1,2026-01-03T08:00:00,2026-05-23T08:00:00,completed
RUN00003582,USR005337,HEALTH_RESERVE,2026-06-25T20:00:00,new_data,RULE_HR_V0.1,2026-02-11T20:00:00,2026-06-25T20:00:00,completed
RUN00003583,USR005338,HEALTH_RESERVE,2026-07-30T03:00:00,new_data,RULE_HR_V0.1,2025-11-06T03:00:00,2026-07-30T03:00:00,completed
RUN00003584,USR005341,HEALTH_RESERVE,2026-07-06T08:00:00,new_data,RULE_HR_V0.1,2026-02-01T08:00:00,2026-07-06T08:00:00,completed
RUN00003585,USR005342,MINDGUARD,2026-05-25T11:00:00,new_data,RULE_MG_V0.1,2026-01-18T11:00:00,2026-05-25T11:00:00,completed
RUN00003586,USR005343,MINDGUARD,2026-06-23T19:00:00,new_data,RULE_MG_V0.1,2025-11-23T19:00:00,2026-06-23T19:00:00,completed
RUN00003587,USR005344,HEALTH_RESERVE,2026-06-02T01:00:00,new_data,RULE_HR_V0.1,2025-09-26T01:00:00,2026-06-02T01:00:00,completed
RUN00003588,USR005345,HEALTH_RESERVE,2026-02-25T02:00:00,new_data,RULE_HR_V0.1,2025-11-17T02:00:00,2026-02-25T02:00:00,completed
RUN00003589,USR005346,MINDGUARD,2026-06-29T23:00:00,new_data,RULE_MG_V0.1,2025-10-22T23:00:00,2026-06-29T23:00:00,completed
RUN00003590,USR005348,HEALTH_RESERVE,2026-04-26T02:00:00,new_data,RULE_HR_V0.1,2026-01-12T02:00:00,2026-04-26T02:00:00,completed
RUN00003591,USR005349,MINDGUARD,2026-07-06T02:00:00,new_data,RULE_MG_V0.1,2025-10-25T02:00:00,2026-07-06T02:00:00,completed
RUN00003592,USR005350,MINDGUARD,2026-09-02T02:00:00,new_data,RULE_MG_V0.1,2025-12-26T02:00:00,2026-09-02T02:00:00,completed
RUN00003593,USR005355,HEALTH_RESERVE,2026-02-17T04:00:00,new_data,RULE_HR_V0.1,2025-11-18T04:00:00,2026-02-17T04:00:00,completed
RUN00003594,USR005356,MINDGUARD,2026-09-14T12:00:00,new_data,RULE_MG_V0.1,2026-02-13T02:00:00,2026-09-14T12:00:00,completed
RUN00003595,USR005361,MINDGUARD,2026-09-11T15:00:00,new_data,RULE_MG_V0.1,2025-11-16T15:00:00,2026-09-11T15:00:00,completed
RUN00003596,USR005362,HEALTH_RESERVE,2026-04-23T19:00:00,new_data,RULE_HR_V0.1,2025-10-05T19:00:00,2026-04-23T19:00:00,completed
RUN00003597,USR005364,MINDGUARD,2026-04-01T15:00:00,new_data,RULE_MG_V0.1,2025-09-27T15:00:00,2026-04-01T15:00:00,completed
RUN00003598,USR005366,HEALTH_RESERVE,2026-04-28T16:00:00,new_data,RULE_HR_V0.1,2025-11-11T16:00:00,2026-04-28T16:00:00,completed
RUN00003599,USR005367,MINDGUARD,2026-07-07T06:00:00,new_data,RULE_MG_V0.1,2026-01-16T06:00:00,2026-07-07T06:00:00,completed
RUN00003600,USR005368,MINDGUARD,2026-07-01T02:00:00,new_data,RULE_MG_V0.1,2025-10-16T02:00:00,2026-07-01T02:00:00,completed
RUN00003601,USR005369,HEALTH_RESERVE,2026-08-09T18:00:00,new_data,RULE_HR_V0.1,2026-01-19T18:00:00,2026-08-09T18:00:00,completed
RUN00003602,USR005370,HEALTH_RESERVE,2026-05-19T22:00:00,new_data,RULE_HR_V0.1,2025-12-12T22:00:00,2026-05-19T22:00:00,completed
RUN00003603,USR005371,MINDGUARD,2026-07-04T19:00:00,new_data,RULE_MG_V0.1,2025-10-20T19:00:00,2026-07-04T19:00:00,completed
RUN00003604,USR005373,MINDGUARD,2026-04-07T05:00:00,new_data,RULE_MG_V0.1,2025-10-15T05:00:00,2026-04-07T05:00:00,completed
RUN00003605,USR005374,MINDGUARD,2026-02-04T17:00:00,new_data,RULE_MG_V0.1,2025-10-24T17:00:00,2026-02-04T17:00:00,completed
RUN00003606,USR005375,MINDGUARD,2026-05-12T05:00:00,new_data,RULE_MG_V0.1,2026-01-28T05:00:00,2026-05-12T05:00:00,completed
RUN00003607,USR005378,MINDGUARD,2026-04-18T09:00:00,new_data,RULE_MG_V0.1,2025-11-14T09:00:00,2026-04-18T09:00:00,completed
RUN00003608,USR005381,MINDGUARD,2026-04-05T12:00:00,new_data,RULE_MG_V0.1,2025-09-28T12:00:00,2026-04-05T12:00:00,completed
RUN00003609,USR005383,MINDGUARD,2026-07-19T12:00:00,new_data,RULE_MG_V0.1,2025-11-22T12:00:00,2026-07-19T12:00:00,completed
RUN00003610,USR005383,HEALTH_RESERVE,2026-08-17T13:00:00,new_data,RULE_HR_V0.1,2025-11-24T13:00:00,2026-08-17T13:00:00,completed
RUN00003611,USR005384,HEALTH_RESERVE,2026-07-04T22:00:00,new_data,RULE_HR_V0.1,2025-12-26T22:00:00,2026-07-04T22:00:00,completed
RUN00003612,USR005385,HEALTH_RESERVE,2026-04-21T11:00:00,new_data,RULE_HR_V0.1,2025-12-13T11:00:00,2026-04-21T11:00:00,completed
RUN00003613,USR005388,HEALTH_RESERVE,2026-07-04T06:00:00,new_data,RULE_HR_V0.1,2025-10-05T06:00:00,2026-07-04T06:00:00,completed
RUN00003614,USR005389,MINDGUARD,2026-09-14T12:00:00,new_data,RULE_MG_V0.1,2026-02-06T13:00:00,2026-09-14T12:00:00,completed
RUN00003615,USR005390,HEALTH_RESERVE,2026-03-25T18:00:00,new_data,RULE_HR_V0.1,2025-10-05T18:00:00,2026-03-25T18:00:00,completed
RUN00003616,USR005391,MINDGUARD,2026-04-02T16:00:00,new_data,RULE_MG_V0.1,2025-11-03T16:00:00,2026-04-02T16:00:00,completed
RUN00003617,USR005392,HEALTH_RESERVE,2026-08-13T04:00:00,new_data,RULE_HR_V0.1,2025-11-20T04:00:00,2026-08-13T04:00:00,completed
RUN00003618,USR005393,MINDGUARD,2026-08-06T22:00:00,new_data,RULE_MG_V0.1,2026-01-06T22:00:00,2026-08-06T22:00:00,completed
RUN00003619,USR005397,MINDGUARD,2026-02-16T12:00:00,new_data,RULE_MG_V0.1,2025-11-14T12:00:00,2026-02-16T12:00:00,completed
RUN00003620,USR005399,HEALTH_RESERVE,2026-06-03T21:00:00,new_data,RULE_HR_V0.1,2025-12-07T21:00:00,2026-06-03T21:00:00,completed
RUN00003621,USR005400,HEALTH_RESERVE,2026-03-27T12:00:00,new_data,RULE_HR_V0.1,2025-10-13T12:00:00,2026-03-27T12:00:00,completed
RUN00003622,USR005401,MINDGUARD,2026-06-11T00:00:00,new_data,RULE_MG_V0.1,2026-01-09T00:00:00,2026-06-11T00:00:00,completed
RUN00003623,USR005403,MINDGUARD,2026-05-27T18:00:00,new_data,RULE_MG_V0.1,2025-12-23T18:00:00,2026-05-27T18:00:00,completed
RUN00003624,USR005403,HEALTH_RESERVE,2026-04-15T23:00:00,new_data,RULE_HR_V0.1,2025-12-19T23:00:00,2026-04-15T23:00:00,completed
RUN00003625,USR005404,MINDGUARD,2026-09-13T12:00:00,new_data,RULE_MG_V0.1,2026-02-03T12:00:00,2026-09-13T12:00:00,completed
RUN00003626,USR005405,MINDGUARD,2026-09-10T11:00:00,new_data,RULE_MG_V0.1,2026-02-17T11:00:00,2026-09-10T11:00:00,completed
RUN00003627,USR005406,HEALTH_RESERVE,2026-02-16T02:00:00,new_data,RULE_HR_V0.1,2025-09-26T02:00:00,2026-02-16T02:00:00,completed
RUN00003628,USR005410,HEALTH_RESERVE,2026-08-23T07:00:00,new_data,RULE_HR_V0.1,2026-01-02T07:00:00,2026-08-23T07:00:00,completed
RUN00003629,USR005412,MINDGUARD,2026-02-17T11:00:00,new_data,RULE_MG_V0.1,2025-11-18T11:00:00,2026-02-17T11:00:00,completed
RUN00003630,USR005415,MINDGUARD,2026-06-16T04:00:00,new_data,RULE_MG_V0.1,2025-10-10T04:00:00,2026-06-16T04:00:00,completed
RUN00003631,USR005416,MINDGUARD,2026-04-21T04:00:00,new_data,RULE_MG_V0.1,2025-12-05T04:00:00,2026-04-21T04:00:00,completed
RUN00003632,USR005422,HEALTH_RESERVE,2026-08-30T09:00:00,new_data,RULE_HR_V0.1,2025-11-17T09:00:00,2026-08-30T09:00:00,completed
RUN00003633,USR005424,HEALTH_RESERVE,2026-02-17T17:00:00,new_data,RULE_HR_V0.1,2025-10-26T17:00:00,2026-02-17T17:00:00,completed
RUN00003634,USR005425,HEALTH_RESERVE,2026-09-14T12:00:00,new_data,RULE_HR_V0.1,2025-12-31T20:00:00,2026-09-14T12:00:00,completed
RUN00003635,USR005428,MINDGUARD,2026-09-14T12:00:00,new_data,RULE_MG_V0.1,2026-02-14T14:00:00,2026-09-14T12:00:00,completed
RUN00003636,USR005429,MINDGUARD,2026-09-14T12:00:00,new_data,RULE_MG_V0.1,2026-02-10T23:00:00,2026-09-14T12:00:00,completed
RUN00003637,USR005431,MINDGUARD,2026-05-13T10:00:00,new_data,RULE_MG_V0.1,2025-12-04T10:00:00,2026-05-13T10:00:00,completed
RUN00003638,USR005433,MINDGUARD,2026-09-14T12:00:00,new_data,RULE_MG_V0.1,2025-11-30T13:00:00,2026-09-14T12:00:00,completed
RUN00003639,USR005436,HEALTH_RESERVE,2026-04-12T02:00:00,new_data,RULE_HR_V0.1,2025-10-15T02:00:00,2026-04-12T02:00:00,completed
RUN00003640,USR005438,MINDGUARD,2026-03-09T20:00:00,new_data,RULE_MG_V0.1,2025-11-04T20:00:00,2026-03-09T20:00:00,completed
RUN00003641,USR005439,MINDGUARD,2026-07-09T04:00:00,new_data,RULE_MG_V0.1,2025-10-31T04:00:00,2026-07-09T04:00:00,completed
RUN00003642,USR005440,MINDGUARD,2026-07-12T01:00:00,new_data,RULE_MG_V0.1,2026-01-03T01:00:00,2026-07-12T01:00:00,completed
RUN00003643,USR005442,MINDGUARD,2026-09-14T12:00:00,new_data,RULE_MG_V0.1,2025-12-31T23:00:00,2026-09-14T12:00:00,completed
RUN00003644,USR005443,MINDGUARD,2026-05-08T03:00:00,new_data,RULE_MG_V0.1,2026-01-21T03:00:00,2026-05-08T03:00:00,completed
RUN00003645,USR005447,MINDGUARD,2026-08-22T14:00:00,new_data,RULE_MG_V0.1,2025-12-27T14:00:00,2026-08-22T14:00:00,completed
RUN00003646,USR005450,MINDGUARD,2026-07-15T22:00:00,new_data,RULE_MG_V0.1,2025-12-26T22:00:00,2026-07-15T22:00:00,completed
RUN00003647,USR005453,MINDGUARD,2026-07-27T10:00:00,new_data,RULE_MG_V0.1,2025-11-19T10:00:00,2026-07-27T10:00:00,completed
RUN00003648,USR005454,MINDGUARD,2026-09-14T12:00:00,new_data,RULE_MG_V0.1,2025-12-23T21:00:00,2026-09-14T12:00:00,completed
RUN00003649,USR005455,HEALTH_RESERVE,2026-05-25T03:00:00,new_data,RULE_HR_V0.1,2026-02-12T03:00:00,2026-05-25T03:00:00,completed
RUN00003650,USR005456,MINDGUARD,2026-07-13T18:00:00,new_data,RULE_MG_V0.1,2026-02-04T18:00:00,2026-07-13T18:00:00,completed
RUN00003651,USR005457,HEALTH_RESERVE,2026-07-01T19:00:00,new_data,RULE_HR_V0.1,2025-12-22T19:00:00,2026-07-01T19:00:00,completed
RUN00003652,USR005458,MINDGUARD,2026-09-14T12:00:00,new_data,RULE_MG_V0.1,2026-01-26T17:00:00,2026-09-14T12:00:00,completed
RUN00003653,USR005459,HEALTH_RESERVE,2026-09-06T23:00:00,new_data,RULE_HR_V0.1,2025-12-13T23:00:00,2026-09-06T23:00:00,completed
RUN00003654,USR005460,MINDGUARD,2026-07-26T23:00:00,new_data,RULE_MG_V0.1,2026-01-10T23:00:00,2026-07-26T23:00:00,completed
RUN00003655,USR005461,MINDGUARD,2026-05-22T13:00:00,new_data,RULE_MG_V0.1,2025-12-19T13:00:00,2026-05-22T13:00:00,completed
RUN00003656,USR005462,MINDGUARD,2026-09-14T12:00:00,new_data,RULE_MG_V0.1,2026-01-15T13:00:00,2026-09-14T12:00:00,completed
RUN00003657,USR005463,MINDGUARD,2026-07-13T10:00:00,new_data,RULE_MG_V0.1,2025-11-21T10:00:00,2026-07-13T10:00:00,completed
RUN00003658,USR005464,HEALTH_RESERVE,2026-09-07T12:00:00,new_data,RULE_HR_V0.1,2026-02-17T12:00:00,2026-09-07T12:00:00,completed
RUN00003659,USR005465,MINDGUARD,2026-07-21T07:00:00,new_data,RULE_MG_V0.1,2025-10-04T07:00:00,2026-07-21T07:00:00,completed
RUN00003660,USR005466,MINDGUARD,2026-05-04T14:00:00,new_data,RULE_MG_V0.1,2025-12-29T14:00:00,2026-05-04T14:00:00,completed
RUN00003661,USR005469,HEALTH_RESERVE,2026-06-27T04:00:00,new_data,RULE_HR_V0.1,2025-10-12T04:00:00,2026-06-27T04:00:00,completed
RUN00003662,USR005472,MINDGUARD,2026-07-10T16:00:00,new_data,RULE_MG_V0.1,2026-01-23T16:00:00,2026-07-10T16:00:00,completed
RUN00003663,USR005473,MINDGUARD,2026-05-04T00:00:00,new_data,RULE_MG_V0.1,2026-01-26T00:00:00,2026-05-04T00:00:00,completed
RUN00003664,USR005475,MINDGUARD,2026-04-29T10:00:00,new_data,RULE_MG_V0.1,2025-11-13T10:00:00,2026-04-29T10:00:00,completed
RUN00003665,USR005476,MINDGUARD,2026-04-20T12:00:00,new_data,RULE_MG_V0.1,2026-01-04T12:00:00,2026-04-20T12:00:00,completed
RUN00003666,USR005477,MINDGUARD,2026-03-29T03:00:00,new_data,RULE_MG_V0.1,2025-11-14T03:00:00,2026-03-29T03:00:00,completed
RUN00003667,USR005478,HEALTH_RESERVE,2026-08-08T20:00:00,new_data,RULE_HR_V0.1,2026-01-11T20:00:00,2026-08-08T20:00:00,completed
RUN00003668,USR005480,MINDGUARD,2026-09-14T12:00:00,new_data,RULE_MG_V0.1,2026-01-28T22:00:00,2026-09-14T12:00:00,completed
RUN00003669,USR005483,MINDGUARD,2026-04-16T21:00:00,new_data,RULE_MG_V0.1,2025-11-05T21:00:00,2026-04-16T21:00:00,completed
RUN00003670,USR005484,MINDGUARD,2026-01-11T02:00:00,new_data,RULE_MG_V0.1,2025-10-04T02:00:00,2026-01-11T02:00:00,completed
RUN00003671,USR005485,HEALTH_RESERVE,2026-07-02T05:00:00,new_data,RULE_HR_V0.1,2026-01-07T05:00:00,2026-07-02T05:00:00,completed
RUN00003672,USR005487,MINDGUARD,2026-06-28T10:00:00,new_data,RULE_MG_V0.1,2025-10-15T10:00:00,2026-06-28T10:00:00,completed
RUN00003673,USR005488,MINDGUARD,2026-09-14T12:00:00,new_data,RULE_MG_V0.1,2026-02-02T06:00:00,2026-09-14T12:00:00,completed
RUN00003674,USR005488,HEALTH_RESERVE,2026-09-14T12:00:00,new_data,RULE_HR_V0.1,2026-02-11T06:00:00,2026-09-14T12:00:00,completed
RUN00003675,USR005489,HEALTH_RESERVE,2026-04-24T21:00:00,new_data,RULE_HR_V0.1,2025-11-30T21:00:00,2026-04-24T21:00:00,completed
RUN00003676,USR005493,HEALTH_RESERVE,2026-02-17T10:00:00,new_data,RULE_HR_V0.1,2025-10-21T10:00:00,2026-02-17T10:00:00,completed
RUN00003677,USR005494,MINDGUARD,2026-03-03T13:00:00,new_data,RULE_MG_V0.1,2025-10-03T13:00:00,2026-03-03T13:00:00,completed
RUN00003678,USR005494,HEALTH_RESERVE,2026-03-12T06:00:00,new_data,RULE_HR_V0.1,2025-10-07T06:00:00,2026-03-12T06:00:00,completed
RUN00003679,USR005495,MINDGUARD,2026-05-12T17:00:00,new_data,RULE_MG_V0.1,2025-11-02T17:00:00,2026-05-12T17:00:00,completed
RUN00003680,USR005496,HEALTH_RESERVE,2026-03-02T10:00:00,new_data,RULE_HR_V0.1,2025-10-12T10:00:00,2026-03-02T10:00:00,completed
RUN00003681,USR005498,MINDGUARD,2026-09-14T12:00:00,new_data,RULE_MG_V0.1,2026-01-20T03:00:00,2026-09-14T12:00:00,completed
RUN00003682,USR005499,HEALTH_RESERVE,2026-09-14T12:00:00,new_data,RULE_HR_V0.1,2026-02-07T23:00:00,2026-09-14T12:00:00,completed
RUN00003683,USR005500,MINDGUARD,2026-09-14T12:00:00,new_data,RULE_MG_V0.1,2025-12-24T23:00:00,2026-09-14T12:00:00,completed
RUN00003684,USR005502,MINDGUARD,2026-06-15T19:00:00,new_data,RULE_MG_V0.1,2026-01-13T19:00:00,2026-06-15T19:00:00,completed
RUN00003685,USR005503,MINDGUARD,2026-08-08T12:00:00,new_data,RULE_MG_V0.1,2025-12-22T12:00:00,2026-08-08T12:00:00,completed
RUN00003686,USR005504,HEALTH_RESERVE,2026-03-26T16:00:00,new_data,RULE_HR_V0.1,2025-09-22T16:00:00,2026-03-26T16:00:00,completed
RUN00003687,USR005505,MINDGUARD,2026-01-14T06:00:00,new_data,RULE_MG_V0.1,2025-10-09T06:00:00,2026-01-14T06:00:00,completed
RUN00003688,USR005506,MINDGUARD,2026-07-05T15:00:00,new_data,RULE_MG_V0.1,2025-09-21T15:00:00,2026-07-05T15:00:00,completed
RUN00003689,USR005507,MINDGUARD,2026-09-03T16:00:00,new_data,RULE_MG_V0.1,2025-11-30T16:00:00,2026-09-03T16:00:00,completed
RUN00003690,USR005507,HEALTH_RESERVE,2026-07-21T18:00:00,new_data,RULE_HR_V0.1,2025-12-06T18:00:00,2026-07-21T18:00:00,completed
RUN00003691,USR005508,MINDGUARD,2026-09-14T12:00:00,new_data,RULE_MG_V0.1,2026-01-13T14:00:00,2026-09-14T12:00:00,completed
RUN00003692,USR005508,HEALTH_RESERVE,2026-06-30T14:00:00,new_data,RULE_HR_V0.1,2026-01-22T14:00:00,2026-06-30T14:00:00,completed
RUN00003693,USR005510,MINDGUARD,2026-06-10T10:00:00,new_data,RULE_MG_V0.1,2025-12-30T10:00:00,2026-06-10T10:00:00,completed
RUN00003694,USR005510,HEALTH_RESERVE,2026-08-05T05:00:00,new_data,RULE_HR_V0.1,2026-01-09T05:00:00,2026-08-05T05:00:00,completed
RUN00003695,USR005511,MINDGUARD,2026-06-14T16:00:00,new_data,RULE_MG_V0.1,2025-11-29T16:00:00,2026-06-14T16:00:00,completed
RUN00003696,USR005513,MINDGUARD,2026-07-25T00:00:00,new_data,RULE_MG_V0.1,2025-10-13T00:00:00,2026-07-25T00:00:00,completed
RUN00003697,USR005514,MINDGUARD,2026-07-21T00:00:00,new_data,RULE_MG_V0.1,2025-11-19T00:00:00,2026-07-21T00:00:00,completed
RUN00003698,USR005514,HEALTH_RESERVE,2026-05-20T05:00:00,new_data,RULE_HR_V0.1,2025-11-23T05:00:00,2026-05-20T05:00:00,completed
RUN00003699,USR005515,HEALTH_RESERVE,2026-08-01T19:00:00,new_data,RULE_HR_V0.1,2025-12-07T19:00:00,2026-08-01T19:00:00,completed
RUN00003700,USR005516,MINDGUARD,2026-05-04T00:00:00,new_data,RULE_MG_V0.1,2025-12-21T00:00:00,2026-05-04T00:00:00,completed
RUN00003701,USR005518,MINDGUARD,2026-09-05T04:00:00,new_data,RULE_MG_V0.1,2026-02-16T04:00:00,2026-09-05T04:00:00,completed
RUN00003702,USR005522,MINDGUARD,2026-09-14T12:00:00,new_data,RULE_MG_V0.1,2025-12-11T04:00:00,2026-09-14T12:00:00,completed
RUN00003703,USR005523,MINDGUARD,2026-05-30T15:00:00,new_data,RULE_MG_V0.1,2026-01-23T15:00:00,2026-05-30T15:00:00,completed
RUN00003704,USR005523,HEALTH_RESERVE,2026-07-24T10:00:00,new_data,RULE_HR_V0.1,2026-01-28T10:00:00,2026-07-24T10:00:00,completed
RUN00003705,USR005527,MINDGUARD,2026-06-07T22:00:00,new_data,RULE_MG_V0.1,2025-11-25T22:00:00,2026-06-07T22:00:00,completed
RUN00003706,USR005531,MINDGUARD,2026-09-03T11:00:00,new_data,RULE_MG_V0.1,2026-02-12T11:00:00,2026-09-03T11:00:00,completed
RUN00003707,USR005536,MINDGUARD,2026-09-14T12:00:00,new_data,RULE_MG_V0.1,2025-12-25T06:00:00,2026-09-14T12:00:00,completed
RUN00003708,USR005537,MINDGUARD,2026-09-03T05:00:00,new_data,RULE_MG_V0.1,2025-12-31T05:00:00,2026-09-03T05:00:00,completed
RUN00003709,USR005538,MINDGUARD,2026-09-14T12:00:00,new_data,RULE_MG_V0.1,2026-01-16T01:00:00,2026-09-14T12:00:00,completed
RUN00003710,USR005539,MINDGUARD,2026-06-02T13:00:00,new_data,RULE_MG_V0.1,2025-12-10T13:00:00,2026-06-02T13:00:00,completed
RUN00003711,USR005540,MINDGUARD,2026-06-30T14:00:00,new_data,RULE_MG_V0.1,2026-01-07T14:00:00,2026-06-30T14:00:00,completed
RUN00003712,USR005541,HEALTH_RESERVE,2026-09-07T00:00:00,new_data,RULE_HR_V0.1,2025-12-24T00:00:00,2026-09-07T00:00:00,completed
RUN00003713,USR005544,HEALTH_RESERVE,2026-04-02T16:00:00,new_data,RULE_HR_V0.1,2025-12-08T16:00:00,2026-04-02T16:00:00,completed
RUN00003714,USR005546,MINDGUARD,2026-09-14T12:00:00,new_data,RULE_MG_V0.1,2026-01-26T07:00:00,2026-09-14T12:00:00,completed
RUN00003715,USR005547,MINDGUARD,2026-04-07T10:00:00,new_data,RULE_MG_V0.1,2025-12-09T10:00:00,2026-04-07T10:00:00,completed
RUN00003716,USR005550,MINDGUARD,2026-03-01T14:00:00,new_data,RULE_MG_V0.1,2025-12-01T14:00:00,2026-03-01T14:00:00,completed
RUN00003717,USR005550,HEALTH_RESERVE,2026-02-27T17:00:00,new_data,RULE_HR_V0.1,2025-11-25T17:00:00,2026-02-27T17:00:00,completed
RUN00003718,USR005551,MINDGUARD,2026-06-06T19:00:00,new_data,RULE_MG_V0.1,2025-09-18T19:00:00,2026-06-06T19:00:00,completed
RUN00003719,USR005553,MINDGUARD,2026-09-14T12:00:00,new_data,RULE_MG_V0.1,2025-12-29T09:00:00,2026-09-14T12:00:00,completed
RUN00003720,USR005554,HEALTH_RESERVE,2026-07-06T02:00:00,new_data,RULE_HR_V0.1,2026-01-01T02:00:00,2026-07-06T02:00:00,completed
RUN00003721,USR005556,MINDGUARD,2026-09-14T12:00:00,new_data,RULE_MG_V0.1,2026-02-02T12:00:00,2026-09-14T12:00:00,completed
RUN00003722,USR005556,HEALTH_RESERVE,2026-09-08T15:00:00,new_data,RULE_HR_V0.1,2026-02-01T15:00:00,2026-09-08T15:00:00,completed
RUN00003723,USR005558,MINDGUARD,2026-09-14T12:00:00,new_data,RULE_MG_V0.1,2026-01-21T16:00:00,2026-09-14T12:00:00,completed
RUN00003724,USR005559,MINDGUARD,2026-08-24T23:00:00,new_data,RULE_MG_V0.1,2025-11-02T23:00:00,2026-08-24T23:00:00,completed
RUN00003725,USR005560,MINDGUARD,2026-07-26T12:00:00,new_data,RULE_MG_V0.1,2025-11-09T12:00:00,2026-07-26T12:00:00,completed
RUN00003726,USR005560,HEALTH_RESERVE,2026-06-15T13:00:00,new_data,RULE_HR_V0.1,2025-11-13T13:00:00,2026-06-15T13:00:00,completed
RUN00003727,USR005561,MINDGUARD,2026-06-16T21:00:00,new_data,RULE_MG_V0.1,2025-12-08T21:00:00,2026-06-16T21:00:00,completed
RUN00003728,USR005562,MINDGUARD,2026-07-27T14:00:00,new_data,RULE_MG_V0.1,2025-10-26T14:00:00,2026-07-27T14:00:00,completed
RUN00003729,USR005563,MINDGUARD,2026-09-01T20:00:00,new_data,RULE_MG_V0.1,2026-01-22T20:00:00,2026-09-01T20:00:00,completed
RUN00003730,USR005563,HEALTH_RESERVE,2026-09-14T12:00:00,new_data,RULE_HR_V0.1,2026-01-26T03:00:00,2026-09-14T12:00:00,completed
RUN00003731,USR005566,MINDGUARD,2026-06-03T02:00:00,new_data,RULE_MG_V0.1,2026-01-26T02:00:00,2026-06-03T02:00:00,completed
RUN00003732,USR005569,MINDGUARD,2026-04-16T13:00:00,new_data,RULE_MG_V0.1,2025-11-07T13:00:00,2026-04-16T13:00:00,completed
RUN00003733,USR005570,MINDGUARD,2026-06-02T12:00:00,new_data,RULE_MG_V0.1,2026-01-20T12:00:00,2026-06-02T12:00:00,completed
RUN00003734,USR005571,MINDGUARD,2026-05-12T05:00:00,new_data,RULE_MG_V0.1,2026-02-06T05:00:00,2026-05-12T05:00:00,completed
RUN00003735,USR005573,MINDGUARD,2026-05-16T06:00:00,new_data,RULE_MG_V0.1,2025-10-24T06:00:00,2026-05-16T06:00:00,completed
RUN00003736,USR005574,MINDGUARD,2026-03-23T12:00:00,new_data,RULE_MG_V0.1,2025-11-06T12:00:00,2026-03-23T12:00:00,completed
RUN00003737,USR005576,HEALTH_RESERVE,2026-09-14T12:00:00,new_data,RULE_HR_V0.1,2026-02-18T20:00:00,2026-09-14T12:00:00,completed
RUN00003738,USR005577,MINDGUARD,2026-07-16T03:00:00,new_data,RULE_MG_V0.1,2026-01-27T03:00:00,2026-07-16T03:00:00,completed
RUN00003739,USR005578,MINDGUARD,2026-07-14T01:00:00,new_data,RULE_MG_V0.1,2025-12-23T01:00:00,2026-07-14T01:00:00,completed
RUN00003740,USR005579,HEALTH_RESERVE,2026-05-10T21:00:00,new_data,RULE_HR_V0.1,2026-01-17T21:00:00,2026-05-10T21:00:00,completed
RUN00003741,USR005580,MINDGUARD,2026-04-26T15:00:00,new_data,RULE_MG_V0.1,2025-10-29T15:00:00,2026-04-26T15:00:00,completed
RUN00003742,USR005582,MINDGUARD,2026-07-27T06:00:00,new_data,RULE_MG_V0.1,2025-12-31T06:00:00,2026-07-27T06:00:00,completed
RUN00003743,USR005585,MINDGUARD,2026-09-14T12:00:00,new_data,RULE_MG_V0.1,2026-01-07T22:00:00,2026-09-14T12:00:00,completed
RUN00003744,USR005585,HEALTH_RESERVE,2026-08-14T00:00:00,new_data,RULE_HR_V0.1,2026-01-12T00:00:00,2026-08-14T00:00:00,completed
RUN00003745,USR005587,HEALTH_RESERVE,2026-05-18T12:00:00,new_data,RULE_HR_V0.1,2026-01-10T12:00:00,2026-05-18T12:00:00,completed
RUN00003746,USR005590,MINDGUARD,2026-06-30T07:00:00,new_data,RULE_MG_V0.1,2025-10-27T07:00:00,2026-06-30T07:00:00,completed
RUN00003747,USR005593,HEALTH_RESERVE,2026-07-05T20:00:00,new_data,RULE_HR_V0.1,2026-02-21T20:00:00,2026-07-05T20:00:00,completed
RUN00003748,USR005594,MINDGUARD,2026-03-03T00:00:00,new_data,RULE_MG_V0.1,2025-10-07T00:00:00,2026-03-03T00:00:00,completed
RUN00003749,USR005595,MINDGUARD,2026-02-15T13:00:00,new_data,RULE_MG_V0.1,2025-11-02T13:00:00,2026-02-15T13:00:00,completed
RUN00003750,USR005597,HEALTH_RESERVE,2026-05-03T13:00:00,new_data,RULE_HR_V0.1,2025-12-05T13:00:00,2026-05-03T13:00:00,completed
RUN00003751,USR005599,MINDGUARD,2026-08-10T07:00:00,new_data,RULE_MG_V0.1,2026-01-30T07:00:00,2026-08-10T07:00:00,completed
RUN00003752,USR005603,MINDGUARD,2026-09-12T22:00:00,new_data,RULE_MG_V0.1,2026-01-14T22:00:00,2026-09-12T22:00:00,completed
RUN00003753,USR005605,MINDGUARD,2026-04-16T11:00:00,new_data,RULE_MG_V0.1,2025-11-14T11:00:00,2026-04-16T11:00:00,completed
RUN00003754,USR005606,MINDGUARD,2026-07-20T04:00:00,new_data,RULE_MG_V0.1,2025-10-04T04:00:00,2026-07-20T04:00:00,completed
RUN00003755,USR005606,HEALTH_RESERVE,2026-03-15T02:00:00,new_data,RULE_HR_V0.1,2025-10-03T02:00:00,2026-03-15T02:00:00,completed
RUN00003756,USR005607,MINDGUARD,2026-09-14T12:00:00,new_data,RULE_MG_V0.1,2026-02-05T23:00:00,2026-09-14T12:00:00,completed
RUN00003757,USR005607,HEALTH_RESERVE,2026-06-10T02:00:00,new_data,RULE_HR_V0.1,2026-02-09T02:00:00,2026-06-10T02:00:00,completed
RUN00003758,USR005612,MINDGUARD,2026-08-11T10:00:00,new_data,RULE_MG_V0.1,2025-10-19T10:00:00,2026-08-11T10:00:00,completed
RUN00003759,USR005613,MINDGUARD,2026-09-07T04:00:00,new_data,RULE_MG_V0.1,2025-11-27T04:00:00,2026-09-07T04:00:00,completed
RUN00003760,USR005614,HEALTH_RESERVE,2026-09-14T11:00:00,new_data,RULE_HR_V0.1,2026-01-03T11:00:00,2026-09-14T11:00:00,completed
RUN00003761,USR005615,HEALTH_RESERVE,2026-08-13T08:00:00,new_data,RULE_HR_V0.1,2025-11-10T08:00:00,2026-08-13T08:00:00,completed
RUN00003762,USR005616,MINDGUARD,2026-07-02T10:00:00,new_data,RULE_MG_V0.1,2026-02-03T10:00:00,2026-07-02T10:00:00,completed
RUN00003763,USR005619,MINDGUARD,2026-09-14T12:00:00,new_data,RULE_MG_V0.1,2026-02-18T22:00:00,2026-09-14T12:00:00,completed
RUN00003764,USR005620,MINDGUARD,2026-09-03T19:00:00,new_data,RULE_MG_V0.1,2025-11-26T19:00:00,2026-09-03T19:00:00,completed
RUN00003765,USR005622,MINDGUARD,2026-05-16T12:00:00,new_data,RULE_MG_V0.1,2025-10-20T12:00:00,2026-05-16T12:00:00,completed
RUN00003766,USR005626,MINDGUARD,2026-03-01T02:00:00,new_data,RULE_MG_V0.1,2025-10-29T02:00:00,2026-03-01T02:00:00,completed
RUN00003767,USR005626,HEALTH_RESERVE,2026-07-23T04:00:00,new_data,RULE_HR_V0.1,2025-10-21T04:00:00,2026-07-23T04:00:00,completed
RUN00003768,USR005627,MINDGUARD,2026-09-14T12:00:00,new_data,RULE_MG_V0.1,2026-01-22T15:00:00,2026-09-14T12:00:00,completed
RUN00003769,USR005627,HEALTH_RESERVE,2026-06-08T00:00:00,new_data,RULE_HR_V0.1,2026-01-26T00:00:00,2026-06-08T00:00:00,completed
RUN00003770,USR005629,HEALTH_RESERVE,2026-04-16T07:00:00,new_data,RULE_HR_V0.1,2025-12-04T07:00:00,2026-04-16T07:00:00,completed
RUN00003771,USR005630,HEALTH_RESERVE,2026-07-14T09:00:00,new_data,RULE_HR_V0.1,2026-01-02T09:00:00,2026-07-14T09:00:00,completed
RUN00003772,USR005631,HEALTH_RESERVE,2026-01-22T21:00:00,new_data,RULE_HR_V0.1,2025-10-23T21:00:00,2026-01-22T21:00:00,completed
RUN00003773,USR005633,MINDGUARD,2026-06-06T17:00:00,new_data,RULE_MG_V0.1,2025-12-04T17:00:00,2026-06-06T17:00:00,completed
RUN00003774,USR005634,MINDGUARD,2026-05-21T07:00:00,new_data,RULE_MG_V0.1,2025-11-14T07:00:00,2026-05-21T07:00:00,completed
RUN00003775,USR005636,MINDGUARD,2026-09-14T12:00:00,new_data,RULE_MG_V0.1,2026-02-12T14:00:00,2026-09-14T12:00:00,completed
RUN00003776,USR005637,MINDGUARD,2026-09-10T19:00:00,new_data,RULE_MG_V0.1,2026-01-21T19:00:00,2026-09-10T19:00:00,completed
RUN00003777,USR005638,MINDGUARD,2026-04-08T19:00:00,new_data,RULE_MG_V0.1,2025-12-15T19:00:00,2026-04-08T19:00:00,completed
RUN00003778,USR005639,MINDGUARD,2026-09-07T02:00:00,new_data,RULE_MG_V0.1,2026-01-23T02:00:00,2026-09-07T02:00:00,completed
RUN00003779,USR005640,MINDGUARD,2026-04-11T23:00:00,new_data,RULE_MG_V0.1,2025-12-18T23:00:00,2026-04-11T23:00:00,completed
RUN00003780,USR005641,MINDGUARD,2026-06-02T21:00:00,new_data,RULE_MG_V0.1,2025-10-21T21:00:00,2026-06-02T21:00:00,completed
RUN00003781,USR005643,MINDGUARD,2026-06-29T10:00:00,new_data,RULE_MG_V0.1,2025-10-03T10:00:00,2026-06-29T10:00:00,completed
RUN00003782,USR005644,HEALTH_RESERVE,2026-05-02T04:00:00,new_data,RULE_HR_V0.1,2025-11-13T04:00:00,2026-05-02T04:00:00,completed
RUN00003783,USR005651,HEALTH_RESERVE,2026-05-24T01:00:00,new_data,RULE_HR_V0.1,2026-02-14T01:00:00,2026-05-24T01:00:00,completed
RUN00003784,USR005653,MINDGUARD,2026-08-19T12:00:00,new_data,RULE_MG_V0.1,2025-11-23T12:00:00,2026-08-19T12:00:00,completed
RUN00003785,USR005654,HEALTH_RESERVE,2026-03-24T18:00:00,new_data,RULE_HR_V0.1,2025-10-22T18:00:00,2026-03-24T18:00:00,completed
RUN00003786,USR005655,MINDGUARD,2026-07-27T15:00:00,new_data,RULE_MG_V0.1,2025-11-29T15:00:00,2026-07-27T15:00:00,completed
RUN00003787,USR005656,MINDGUARD,2026-09-14T12:00:00,new_data,RULE_MG_V0.1,2025-12-12T18:00:00,2026-09-14T12:00:00,completed
RUN00003788,USR005657,MINDGUARD,2026-06-19T01:00:00,new_data,RULE_MG_V0.1,2025-11-15T01:00:00,2026-06-19T01:00:00,completed
RUN00003789,USR005658,HEALTH_RESERVE,2026-07-30T20:00:00,new_data,RULE_HR_V0.1,2025-10-05T20:00:00,2026-07-30T20:00:00,completed
RUN00003790,USR005659,MINDGUARD,2026-05-21T00:00:00,new_data,RULE_MG_V0.1,2026-01-25T00:00:00,2026-05-21T00:00:00,completed
RUN00003791,USR005661,MINDGUARD,2026-07-20T02:00:00,new_data,RULE_MG_V0.1,2025-11-28T02:00:00,2026-07-20T02:00:00,completed
RUN00003792,USR005662,HEALTH_RESERVE,2026-04-15T07:00:00,new_data,RULE_HR_V0.1,2025-11-24T07:00:00,2026-04-15T07:00:00,completed
RUN00003793,USR005663,MINDGUARD,2026-02-16T20:00:00,new_data,RULE_MG_V0.1,2025-11-08T20:00:00,2026-02-16T20:00:00,completed
RUN00003794,USR005664,MINDGUARD,2026-06-24T02:00:00,new_data,RULE_MG_V0.1,2025-11-05T02:00:00,2026-06-24T02:00:00,completed
RUN00003795,USR005665,MINDGUARD,2026-08-14T10:00:00,new_data,RULE_MG_V0.1,2025-10-20T10:00:00,2026-08-14T10:00:00,completed
RUN00003796,USR005666,MINDGUARD,2026-05-20T00:00:00,new_data,RULE_MG_V0.1,2025-10-08T00:00:00,2026-05-20T00:00:00,completed
RUN00003797,USR005667,HEALTH_RESERVE,2026-09-14T12:00:00,new_data,RULE_HR_V0.1,2025-12-18T20:00:00,2026-09-14T12:00:00,completed
RUN00003798,USR005668,MINDGUARD,2026-02-26T04:00:00,new_data,RULE_MG_V0.1,2025-09-24T04:00:00,2026-02-26T04:00:00,completed
RUN00003799,USR005670,MINDGUARD,2026-04-20T10:00:00,new_data,RULE_MG_V0.1,2025-10-09T10:00:00,2026-04-20T10:00:00,completed
RUN00003800,USR005672,MINDGUARD,2026-06-26T15:00:00,new_data,RULE_MG_V0.1,2026-02-03T15:00:00,2026-06-26T15:00:00,completed
RUN00003801,USR005675,MINDGUARD,2026-04-03T05:00:00,new_data,RULE_MG_V0.1,2025-10-21T05:00:00,2026-04-03T05:00:00,completed
RUN00003802,USR005675,HEALTH_RESERVE,2026-06-07T06:00:00,new_data,RULE_HR_V0.1,2025-10-21T06:00:00,2026-06-07T06:00:00,completed
RUN00003803,USR005676,MINDGUARD,2026-04-25T13:00:00,new_data,RULE_MG_V0.1,2026-01-02T13:00:00,2026-04-25T13:00:00,completed
RUN00003804,USR005677,MINDGUARD,2026-06-06T13:00:00,new_data,RULE_MG_V0.1,2025-11-18T13:00:00,2026-06-06T13:00:00,completed
RUN00003805,USR005678,HEALTH_RESERVE,2026-06-02T10:00:00,new_data,RULE_HR_V0.1,2025-11-15T10:00:00,2026-06-02T10:00:00,completed
RUN00003806,USR005679,HEALTH_RESERVE,2026-09-14T12:00:00,new_data,RULE_HR_V0.1,2025-12-08T11:00:00,2026-09-14T12:00:00,completed
RUN00003807,USR005681,HEALTH_RESERVE,2026-04-14T21:00:00,new_data,RULE_HR_V0.1,2025-12-23T21:00:00,2026-04-14T21:00:00,completed
RUN00003808,USR005683,HEALTH_RESERVE,2026-04-09T10:00:00,new_data,RULE_HR_V0.1,2026-01-08T10:00:00,2026-04-09T10:00:00,completed
RUN00003809,USR005684,MINDGUARD,2026-03-17T22:00:00,new_data,RULE_MG_V0.1,2025-09-24T22:00:00,2026-03-17T22:00:00,completed
RUN00003810,USR005686,HEALTH_RESERVE,2026-05-20T14:00:00,new_data,RULE_HR_V0.1,2025-12-21T14:00:00,2026-05-20T14:00:00,completed
RUN00003811,USR005691,MINDGUARD,2026-08-03T08:00:00,new_data,RULE_MG_V0.1,2025-11-30T08:00:00,2026-08-03T08:00:00,completed
RUN00003812,USR005691,HEALTH_RESERVE,2026-03-14T03:00:00,new_data,RULE_HR_V0.1,2025-12-11T03:00:00,2026-03-14T03:00:00,completed
RUN00003813,USR005693,MINDGUARD,2026-09-14T12:00:00,new_data,RULE_MG_V0.1,2026-01-31T20:00:00,2026-09-14T12:00:00,completed
RUN00003814,USR005696,HEALTH_RESERVE,2026-08-07T08:00:00,new_data,RULE_HR_V0.1,2025-12-11T08:00:00,2026-08-07T08:00:00,completed
RUN00003815,USR005697,HEALTH_RESERVE,2026-01-29T22:00:00,new_data,RULE_HR_V0.1,2025-09-27T22:00:00,2026-01-29T22:00:00,completed
RUN00003816,USR005698,MINDGUARD,2026-09-14T12:00:00,new_data,RULE_MG_V0.1,2025-12-22T11:00:00,2026-09-14T12:00:00,completed
RUN00003817,USR005700,MINDGUARD,2026-07-11T19:00:00,new_data,RULE_MG_V0.1,2025-10-29T19:00:00,2026-07-11T19:00:00,completed
RUN00003818,USR005700,HEALTH_RESERVE,2026-02-03T20:00:00,new_data,RULE_HR_V0.1,2025-10-18T20:00:00,2026-02-03T20:00:00,completed
RUN00003819,USR005702,MINDGUARD,2026-06-20T03:00:00,new_data,RULE_MG_V0.1,2025-11-04T03:00:00,2026-06-20T03:00:00,completed
RUN00003820,USR005703,MINDGUARD,2026-06-19T22:00:00,new_data,RULE_MG_V0.1,2026-02-16T22:00:00,2026-06-19T22:00:00,completed
RUN00003821,USR005703,HEALTH_RESERVE,2026-09-14T12:00:00,new_data,RULE_HR_V0.1,2026-02-13T20:00:00,2026-09-14T12:00:00,completed
RUN00003822,USR005704,MINDGUARD,2026-09-01T04:00:00,new_data,RULE_MG_V0.1,2025-11-17T04:00:00,2026-09-01T04:00:00,completed
RUN00003823,USR005705,HEALTH_RESERVE,2026-07-28T04:00:00,new_data,RULE_HR_V0.1,2025-10-08T04:00:00,2026-07-28T04:00:00,completed
RUN00003824,USR005707,HEALTH_RESERVE,2026-06-09T18:00:00,new_data,RULE_HR_V0.1,2026-02-13T18:00:00,2026-06-09T18:00:00,completed
RUN00003825,USR005708,MINDGUARD,2026-07-25T16:00:00,new_data,RULE_MG_V0.1,2025-12-12T16:00:00,2026-07-25T16:00:00,completed
RUN00003826,USR005709,MINDGUARD,2026-04-22T16:00:00,new_data,RULE_MG_V0.1,2025-09-28T16:00:00,2026-04-22T16:00:00,completed
RUN00003827,USR005710,MINDGUARD,2026-07-24T17:00:00,new_data,RULE_MG_V0.1,2026-01-21T17:00:00,2026-07-24T17:00:00,completed
RUN00003828,USR005712,MINDGUARD,2026-07-12T00:00:00,new_data,RULE_MG_V0.1,2025-10-22T00:00:00,2026-07-12T00:00:00,completed
RUN00003829,USR005713,HEALTH_RESERVE,2026-04-01T23:00:00,new_data,RULE_HR_V0.1,2025-10-09T23:00:00,2026-04-01T23:00:00,completed
RUN00003830,USR005714,HEALTH_RESERVE,2026-07-28T16:00:00,new_data,RULE_HR_V0.1,2025-10-15T16:00:00,2026-07-28T16:00:00,completed
RUN00003831,USR005717,HEALTH_RESERVE,2026-08-07T18:00:00,new_data,RULE_HR_V0.1,2025-12-28T18:00:00,2026-08-07T18:00:00,completed
RUN00003832,USR005718,MINDGUARD,2026-03-04T15:00:00,new_data,RULE_MG_V0.1,2025-09-26T15:00:00,2026-03-04T15:00:00,completed
RUN00003833,USR005720,MINDGUARD,2026-07-14T15:00:00,new_data,RULE_MG_V0.1,2026-01-13T15:00:00,2026-07-14T15:00:00,completed
RUN00003834,USR005721,MINDGUARD,2026-09-04T00:00:00,new_data,RULE_MG_V0.1,2025-12-01T00:00:00,2026-09-04T00:00:00,completed
RUN00003835,USR005721,HEALTH_RESERVE,2026-09-14T12:00:00,new_data,RULE_HR_V0.1,2025-12-06T17:00:00,2026-09-14T12:00:00,completed
RUN00003836,USR005722,HEALTH_RESERVE,2026-06-04T10:00:00,new_data,RULE_HR_V0.1,2026-02-20T10:00:00,2026-06-04T10:00:00,completed
RUN00003837,USR005723,HEALTH_RESERVE,2026-05-11T23:00:00,new_data,RULE_HR_V0.1,2025-09-29T23:00:00,2026-05-11T23:00:00,completed
RUN00003838,USR005724,MINDGUARD,2026-05-17T02:00:00,new_data,RULE_MG_V0.1,2025-10-20T02:00:00,2026-05-17T02:00:00,completed
RUN00003839,USR005727,MINDGUARD,2026-09-14T12:00:00,new_data,RULE_MG_V0.1,2026-01-29T22:00:00,2026-09-14T12:00:00,completed
RUN00003840,USR005728,MINDGUARD,2026-07-29T10:00:00,new_data,RULE_MG_V0.1,2026-02-09T10:00:00,2026-07-29T10:00:00,completed
RUN00003841,USR005729,HEALTH_RESERVE,2026-05-17T17:00:00,new_data,RULE_HR_V0.1,2026-02-04T17:00:00,2026-05-17T17:00:00,completed
RUN00003842,USR005731,MINDGUARD,2026-06-28T01:00:00,new_data,RULE_MG_V0.1,2025-10-11T01:00:00,2026-06-28T01:00:00,completed
RUN00003843,USR005733,HEALTH_RESERVE,2026-05-06T16:00:00,new_data,RULE_HR_V0.1,2025-10-21T16:00:00,2026-05-06T16:00:00,completed
RUN00003844,USR005736,HEALTH_RESERVE,2026-08-29T00:00:00,new_data,RULE_HR_V0.1,2025-12-13T00:00:00,2026-08-29T00:00:00,completed
RUN00003845,USR005737,MINDGUARD,2026-07-11T18:00:00,new_data,RULE_MG_V0.1,2026-01-12T18:00:00,2026-07-11T18:00:00,completed
RUN00003846,USR005737,HEALTH_RESERVE,2026-08-13T22:00:00,new_data,RULE_HR_V0.1,2026-01-12T22:00:00,2026-08-13T22:00:00,completed
RUN00003847,USR005739,MINDGUARD,2026-09-14T12:00:00,new_data,RULE_MG_V0.1,2026-01-27T10:00:00,2026-09-14T12:00:00,completed
RUN00003848,USR005743,MINDGUARD,2026-09-11T03:00:00,new_data,RULE_MG_V0.1,2025-12-26T03:00:00,2026-09-11T03:00:00,completed
RUN00003849,USR005744,MINDGUARD,2026-03-23T08:00:00,new_data,RULE_MG_V0.1,2025-11-13T08:00:00,2026-03-23T08:00:00,completed
RUN00003850,USR005744,HEALTH_RESERVE,2026-02-12T09:00:00,new_data,RULE_HR_V0.1,2025-11-07T09:00:00,2026-02-12T09:00:00,completed
RUN00003851,USR005745,HEALTH_RESERVE,2026-06-01T09:00:00,new_data,RULE_HR_V0.1,2025-12-24T09:00:00,2026-06-01T09:00:00,completed
RUN00003852,USR005746,HEALTH_RESERVE,2026-09-05T16:00:00,new_data,RULE_HR_V0.1,2026-02-08T16:00:00,2026-09-05T16:00:00,completed
RUN00003853,USR005747,MINDGUARD,2026-06-08T01:00:00,new_data,RULE_MG_V0.1,2025-10-15T01:00:00,2026-06-08T01:00:00,completed
RUN00003854,USR005748,HEALTH_RESERVE,2026-05-18T05:00:00,new_data,RULE_HR_V0.1,2025-12-03T05:00:00,2026-05-18T05:00:00,completed
RUN00003855,USR005749,MINDGUARD,2026-05-04T16:00:00,new_data,RULE_MG_V0.1,2026-01-27T16:00:00,2026-05-04T16:00:00,completed
RUN00003856,USR005750,HEALTH_RESERVE,2026-05-22T22:00:00,new_data,RULE_HR_V0.1,2025-12-28T22:00:00,2026-05-22T22:00:00,completed
RUN00003857,USR005752,MINDGUARD,2026-02-11T15:00:00,new_data,RULE_MG_V0.1,2025-11-07T15:00:00,2026-02-11T15:00:00,completed
RUN00003858,USR005755,MINDGUARD,2026-06-14T00:00:00,new_data,RULE_MG_V0.1,2025-11-27T00:00:00,2026-06-14T00:00:00,completed
RUN00003859,USR005757,MINDGUARD,2026-08-13T21:00:00,new_data,RULE_MG_V0.1,2026-02-13T21:00:00,2026-08-13T21:00:00,completed
RUN00003860,USR005758,MINDGUARD,2026-09-14T12:00:00,new_data,RULE_MG_V0.1,2026-01-17T19:00:00,2026-09-14T12:00:00,completed
RUN00003861,USR005759,MINDGUARD,2026-04-26T23:00:00,new_data,RULE_MG_V0.1,2025-11-11T23:00:00,2026-04-26T23:00:00,completed
RUN00003862,USR005761,MINDGUARD,2026-05-10T00:00:00,new_data,RULE_MG_V0.1,2026-01-25T00:00:00,2026-05-10T00:00:00,completed
RUN00003863,USR005761,HEALTH_RESERVE,2026-06-27T03:00:00,new_data,RULE_HR_V0.1,2026-01-28T03:00:00,2026-06-27T03:00:00,completed
RUN00003864,USR005762,MINDGUARD,2026-02-22T10:00:00,new_data,RULE_MG_V0.1,2025-09-29T10:00:00,2026-02-22T10:00:00,completed
RUN00003865,USR005763,MINDGUARD,2026-07-03T23:00:00,new_data,RULE_MG_V0.1,2026-01-24T23:00:00,2026-07-03T23:00:00,completed
RUN00003866,USR005764,MINDGUARD,2026-09-02T04:00:00,new_data,RULE_MG_V0.1,2025-12-29T04:00:00,2026-09-02T04:00:00,completed
RUN00003867,USR005765,MINDGUARD,2026-09-14T12:00:00,new_data,RULE_MG_V0.1,2026-01-15T02:00:00,2026-09-14T12:00:00,completed
RUN00003868,USR005765,HEALTH_RESERVE,2026-05-28T02:00:00,new_data,RULE_HR_V0.1,2026-01-21T02:00:00,2026-05-28T02:00:00,completed
RUN00003869,USR005766,MINDGUARD,2026-03-30T03:00:00,new_data,RULE_MG_V0.1,2025-11-22T03:00:00,2026-03-30T03:00:00,completed
RUN00003870,USR005766,HEALTH_RESERVE,2026-02-10T08:00:00,new_data,RULE_HR_V0.1,2025-11-11T08:00:00,2026-02-10T08:00:00,completed
RUN00003871,USR005767,MINDGUARD,2026-09-14T12:00:00,new_data,RULE_MG_V0.1,2026-02-06T03:00:00,2026-09-14T12:00:00,completed
RUN00003872,USR005768,MINDGUARD,2026-08-21T15:00:00,new_data,RULE_MG_V0.1,2025-12-02T15:00:00,2026-08-21T15:00:00,completed
RUN00003873,USR005769,HEALTH_RESERVE,2026-08-19T00:00:00,new_data,RULE_HR_V0.1,2026-01-15T00:00:00,2026-08-19T00:00:00,completed
RUN00003874,USR005770,HEALTH_RESERVE,2026-07-07T03:00:00,new_data,RULE_HR_V0.1,2025-11-01T03:00:00,2026-07-07T03:00:00,completed
RUN00003875,USR005771,HEALTH_RESERVE,2026-03-23T02:00:00,new_data,RULE_HR_V0.1,2025-12-07T02:00:00,2026-03-23T02:00:00,completed
RUN00003876,USR005772,HEALTH_RESERVE,2026-03-28T00:00:00,new_data,RULE_HR_V0.1,2025-10-24T00:00:00,2026-03-28T00:00:00,completed
RUN00003877,USR005773,MINDGUARD,2026-06-13T03:00:00,new_data,RULE_MG_V0.1,2026-01-08T03:00:00,2026-06-13T03:00:00,completed
RUN00003878,USR005774,MINDGUARD,2026-07-24T00:00:00,new_data,RULE_MG_V0.1,2025-12-09T00:00:00,2026-07-24T00:00:00,completed
RUN00003879,USR005775,MINDGUARD,2026-08-12T00:00:00,new_data,RULE_MG_V0.1,2025-10-29T00:00:00,2026-08-12T00:00:00,completed
RUN00003880,USR005776,MINDGUARD,2026-09-14T12:00:00,new_data,RULE_MG_V0.1,2026-01-23T19:00:00,2026-09-14T12:00:00,completed
RUN00003881,USR005777,MINDGUARD,2026-05-29T17:00:00,new_data,RULE_MG_V0.1,2026-02-04T17:00:00,2026-05-29T17:00:00,completed
RUN00003882,USR005778,MINDGUARD,2026-02-01T14:00:00,new_data,RULE_MG_V0.1,2025-10-31T14:00:00,2026-02-01T14:00:00,completed
RUN00003883,USR005779,MINDGUARD,2026-09-12T12:00:00,new_data,RULE_MG_V0.1,2025-12-15T12:00:00,2026-09-12T12:00:00,completed
RUN00003884,USR005779,HEALTH_RESERVE,2026-05-14T20:00:00,new_data,RULE_HR_V0.1,2025-12-09T20:00:00,2026-05-14T20:00:00,completed
RUN00003885,USR005780,MINDGUARD,2026-01-09T18:00:00,new_data,RULE_MG_V0.1,2025-10-07T18:00:00,2026-01-09T18:00:00,completed
RUN00003886,USR005781,MINDGUARD,2026-06-17T20:00:00,new_data,RULE_MG_V0.1,2025-09-26T20:00:00,2026-06-17T20:00:00,completed
RUN00003887,USR005781,HEALTH_RESERVE,2026-04-19T05:00:00,new_data,RULE_HR_V0.1,2025-09-23T05:00:00,2026-04-19T05:00:00,completed
RUN00003888,USR005782,MINDGUARD,2026-07-25T19:00:00,new_data,RULE_MG_V0.1,2025-11-22T19:00:00,2026-07-25T19:00:00,completed
RUN00003889,USR005786,MINDGUARD,2026-07-19T08:00:00,new_data,RULE_MG_V0.1,2025-12-14T08:00:00,2026-07-19T08:00:00,completed
RUN00003890,USR005787,MINDGUARD,2026-07-04T22:00:00,new_data,RULE_MG_V0.1,2025-12-23T22:00:00,2026-07-04T22:00:00,completed
RUN00003891,USR005790,MINDGUARD,2026-09-13T20:00:00,new_data,RULE_MG_V0.1,2025-12-28T20:00:00,2026-09-13T20:00:00,completed
RUN00003892,USR005793,HEALTH_RESERVE,2026-05-05T09:00:00,new_data,RULE_HR_V0.1,2025-11-08T09:00:00,2026-05-05T09:00:00,completed
RUN00003893,USR005796,MINDGUARD,2026-09-14T12:00:00,new_data,RULE_MG_V0.1,2026-02-10T06:00:00,2026-09-14T12:00:00,completed
RUN00003894,USR005799,HEALTH_RESERVE,2026-06-29T04:00:00,new_data,RULE_HR_V0.1,2025-12-20T04:00:00,2026-06-29T04:00:00,completed
RUN00003895,USR005800,MINDGUARD,2026-08-15T20:00:00,new_data,RULE_MG_V0.1,2025-10-30T20:00:00,2026-08-15T20:00:00,completed
RUN00003896,USR005801,MINDGUARD,2026-06-27T21:00:00,new_data,RULE_MG_V0.1,2025-09-20T21:00:00,2026-06-27T21:00:00,completed
RUN00003897,USR005802,HEALTH_RESERVE,2026-06-21T04:00:00,new_data,RULE_HR_V0.1,2025-11-26T04:00:00,2026-06-21T04:00:00,completed
RUN00003898,USR005803,MINDGUARD,2026-01-04T19:00:00,new_data,RULE_MG_V0.1,2025-09-27T19:00:00,2026-01-04T19:00:00,completed
RUN00003899,USR005804,HEALTH_RESERVE,2026-09-04T09:00:00,new_data,RULE_HR_V0.1,2025-11-22T09:00:00,2026-09-04T09:00:00,completed
RUN00003900,USR005805,MINDGUARD,2026-07-06T13:00:00,new_data,RULE_MG_V0.1,2025-10-20T13:00:00,2026-07-06T13:00:00,completed
RUN00003901,USR005807,MINDGUARD,2026-09-14T12:00:00,new_data,RULE_MG_V0.1,2026-02-20T19:00:00,2026-09-14T12:00:00,completed
RUN00003902,USR005808,MINDGUARD,2026-06-21T01:00:00,new_data,RULE_MG_V0.1,2025-11-05T01:00:00,2026-06-21T01:00:00,completed
RUN00003903,USR005811,HEALTH_RESERVE,2026-05-01T20:00:00,new_data,RULE_HR_V0.1,2025-11-14T20:00:00,2026-05-01T20:00:00,completed
RUN00003904,USR005812,MINDGUARD,2026-07-23T10:00:00,new_data,RULE_MG_V0.1,2026-01-13T10:00:00,2026-07-23T10:00:00,completed
RUN00003905,USR005814,MINDGUARD,2026-07-14T03:00:00,new_data,RULE_MG_V0.1,2025-11-11T03:00:00,2026-07-14T03:00:00,completed
RUN00003906,USR005815,MINDGUARD,2026-07-26T23:00:00,new_data,RULE_MG_V0.1,2025-09-29T23:00:00,2026-07-26T23:00:00,completed
RUN00003907,USR005815,HEALTH_RESERVE,2026-02-01T22:00:00,new_data,RULE_HR_V0.1,2025-09-23T22:00:00,2026-02-01T22:00:00,completed
RUN00003908,USR005816,MINDGUARD,2026-05-27T00:00:00,new_data,RULE_MG_V0.1,2025-11-16T00:00:00,2026-05-27T00:00:00,completed
RUN00003909,USR005816,HEALTH_RESERVE,2026-06-16T19:00:00,new_data,RULE_HR_V0.1,2025-11-08T19:00:00,2026-06-16T19:00:00,completed
RUN00003910,USR005817,HEALTH_RESERVE,2026-05-29T17:00:00,new_data,RULE_HR_V0.1,2025-12-26T17:00:00,2026-05-29T17:00:00,completed
RUN00003911,USR005820,HEALTH_RESERVE,2026-06-30T14:00:00,new_data,RULE_HR_V0.1,2025-11-26T14:00:00,2026-06-30T14:00:00,completed
RUN00003912,USR005822,MINDGUARD,2026-09-14T12:00:00,new_data,RULE_MG_V0.1,2026-01-16T16:00:00,2026-09-14T12:00:00,completed
RUN00003913,USR005825,MINDGUARD,2026-01-31T02:00:00,new_data,RULE_MG_V0.1,2025-11-02T02:00:00,2026-01-31T02:00:00,completed
RUN00003914,USR005826,MINDGUARD,2026-09-14T12:00:00,new_data,RULE_MG_V0.1,2026-01-03T12:00:00,2026-09-14T12:00:00,completed
RUN00003915,USR005829,MINDGUARD,2026-05-09T14:00:00,new_data,RULE_MG_V0.1,2025-10-05T14:00:00,2026-05-09T14:00:00,completed
RUN00003916,USR005830,MINDGUARD,2026-08-28T04:00:00,new_data,RULE_MG_V0.1,2025-11-22T04:00:00,2026-08-28T04:00:00,completed
RUN00003917,USR005831,MINDGUARD,2026-08-20T14:00:00,new_data,RULE_MG_V0.1,2026-01-17T14:00:00,2026-08-20T14:00:00,completed
RUN00003918,USR005833,MINDGUARD,2026-04-11T22:00:00,new_data,RULE_MG_V0.1,2025-10-28T22:00:00,2026-04-11T22:00:00,completed
RUN00003919,USR005835,HEALTH_RESERVE,2026-02-26T02:00:00,new_data,RULE_HR_V0.1,2025-10-16T02:00:00,2026-02-26T02:00:00,completed
RUN00003920,USR005838,MINDGUARD,2026-05-12T00:00:00,new_data,RULE_MG_V0.1,2026-01-24T00:00:00,2026-05-12T00:00:00,completed
RUN00003921,USR005839,MINDGUARD,2026-09-14T12:00:00,new_data,RULE_MG_V0.1,2026-02-08T01:00:00,2026-09-14T12:00:00,completed
RUN00003922,USR005840,MINDGUARD,2026-09-14T12:00:00,new_data,RULE_MG_V0.1,2026-01-20T01:00:00,2026-09-14T12:00:00,completed
RUN00003923,USR005841,MINDGUARD,2026-03-25T12:00:00,new_data,RULE_MG_V0.1,2025-12-20T12:00:00,2026-03-25T12:00:00,completed
RUN00003924,USR005842,MINDGUARD,2026-02-08T05:00:00,new_data,RULE_MG_V0.1,2025-10-05T05:00:00,2026-02-08T05:00:00,completed
RUN00003925,USR005843,HEALTH_RESERVE,2026-02-27T13:00:00,new_data,RULE_HR_V0.1,2025-11-21T13:00:00,2026-02-27T13:00:00,completed
RUN00003926,USR005844,MINDGUARD,2026-06-15T17:00:00,new_data,RULE_MG_V0.1,2026-02-02T17:00:00,2026-06-15T17:00:00,completed
RUN00003927,USR005845,HEALTH_RESERVE,2026-05-21T11:00:00,new_data,RULE_HR_V0.1,2025-10-17T11:00:00,2026-05-21T11:00:00,completed
RUN00003928,USR005846,MINDGUARD,2026-03-26T11:00:00,new_data,RULE_MG_V0.1,2025-10-19T11:00:00,2026-03-26T11:00:00,completed
RUN00003929,USR005847,MINDGUARD,2026-09-14T12:00:00,new_data,RULE_MG_V0.1,2026-01-28T02:00:00,2026-09-14T12:00:00,completed
RUN00003930,USR005850,MINDGUARD,2026-05-26T00:00:00,new_data,RULE_MG_V0.1,2025-10-19T00:00:00,2026-05-26T00:00:00,completed
RUN00003931,USR005852,MINDGUARD,2026-06-04T20:00:00,new_data,RULE_MG_V0.1,2025-10-22T20:00:00,2026-06-04T20:00:00,completed
RUN00003932,USR005854,MINDGUARD,2026-05-23T22:00:00,new_data,RULE_MG_V0.1,2026-02-02T22:00:00,2026-05-23T22:00:00,completed
RUN00003933,USR005856,HEALTH_RESERVE,2026-07-14T10:00:00,new_data,RULE_HR_V0.1,2026-02-07T10:00:00,2026-07-14T10:00:00,completed
RUN00003934,USR005864,MINDGUARD,2026-04-14T02:00:00,new_data,RULE_MG_V0.1,2026-01-01T02:00:00,2026-04-14T02:00:00,completed
RUN00003935,USR005865,MINDGUARD,2026-02-01T00:00:00,new_data,RULE_MG_V0.1,2025-10-10T00:00:00,2026-02-01T00:00:00,completed
RUN00003936,USR005865,HEALTH_RESERVE,2026-06-15T06:00:00,new_data,RULE_HR_V0.1,2025-10-14T06:00:00,2026-06-15T06:00:00,completed
RUN00003937,USR005867,MINDGUARD,2026-07-20T08:00:00,new_data,RULE_MG_V0.1,2025-12-22T08:00:00,2026-07-20T08:00:00,completed
RUN00003938,USR005868,HEALTH_RESERVE,2026-07-07T19:00:00,new_data,RULE_HR_V0.1,2025-09-21T19:00:00,2026-07-07T19:00:00,completed
RUN00003939,USR005869,MINDGUARD,2026-05-02T22:00:00,new_data,RULE_MG_V0.1,2025-11-07T22:00:00,2026-05-02T22:00:00,completed
RUN00003940,USR005870,MINDGUARD,2026-04-25T22:00:00,new_data,RULE_MG_V0.1,2025-10-24T22:00:00,2026-04-25T22:00:00,completed
RUN00003941,USR005871,MINDGUARD,2026-06-19T19:00:00,new_data,RULE_MG_V0.1,2025-09-15T19:00:00,2026-06-19T19:00:00,completed
RUN00003942,USR005872,MINDGUARD,2026-05-22T02:00:00,new_data,RULE_MG_V0.1,2025-10-01T02:00:00,2026-05-22T02:00:00,completed
RUN00003943,USR005875,MINDGUARD,2026-05-12T06:00:00,new_data,RULE_MG_V0.1,2025-11-01T06:00:00,2026-05-12T06:00:00,completed
RUN00003944,USR005876,HEALTH_RESERVE,2026-06-12T03:00:00,new_data,RULE_HR_V0.1,2025-10-27T03:00:00,2026-06-12T03:00:00,completed
RUN00003945,USR005877,MINDGUARD,2026-02-23T00:00:00,new_data,RULE_MG_V0.1,2025-10-05T00:00:00,2026-02-23T00:00:00,completed
RUN00003946,USR005878,HEALTH_RESERVE,2026-07-16T01:00:00,new_data,RULE_HR_V0.1,2026-01-26T01:00:00,2026-07-16T01:00:00,completed
RUN00003947,USR005881,MINDGUARD,2026-03-07T01:00:00,new_data,RULE_MG_V0.1,2025-10-24T01:00:00,2026-03-07T01:00:00,completed
RUN00003948,USR005882,MINDGUARD,2026-08-01T06:00:00,new_data,RULE_MG_V0.1,2025-12-23T06:00:00,2026-08-01T06:00:00,completed
RUN00003949,USR005884,MINDGUARD,2026-07-07T02:00:00,new_data,RULE_MG_V0.1,2026-01-02T02:00:00,2026-07-07T02:00:00,completed
RUN00003950,USR005887,MINDGUARD,2026-05-30T12:00:00,new_data,RULE_MG_V0.1,2026-02-10T12:00:00,2026-05-30T12:00:00,completed
RUN00003951,USR005892,HEALTH_RESERVE,2026-06-12T02:00:00,new_data,RULE_HR_V0.1,2025-10-05T02:00:00,2026-06-12T02:00:00,completed
RUN00003952,USR005894,HEALTH_RESERVE,2026-09-05T23:00:00,new_data,RULE_HR_V0.1,2026-01-07T23:00:00,2026-09-05T23:00:00,completed
RUN00003953,USR005895,MINDGUARD,2026-03-15T06:00:00,new_data,RULE_MG_V0.1,2025-11-11T06:00:00,2026-03-15T06:00:00,completed
RUN00003954,USR005896,MINDGUARD,2026-06-19T03:00:00,new_data,RULE_MG_V0.1,2025-12-30T03:00:00,2026-06-19T03:00:00,completed
RUN00003955,USR005896,HEALTH_RESERVE,2026-06-05T03:00:00,new_data,RULE_HR_V0.1,2026-01-10T03:00:00,2026-06-05T03:00:00,completed
RUN00003956,USR005897,HEALTH_RESERVE,2026-06-10T04:00:00,new_data,RULE_HR_V0.1,2025-10-05T04:00:00,2026-06-10T04:00:00,completed
RUN00003957,USR005898,MINDGUARD,2026-05-28T07:00:00,new_data,RULE_MG_V0.1,2026-01-25T07:00:00,2026-05-28T07:00:00,completed
RUN00003958,USR005899,MINDGUARD,2026-05-28T03:00:00,new_data,RULE_MG_V0.1,2025-11-30T03:00:00,2026-05-28T03:00:00,completed
RUN00003959,USR005900,MINDGUARD,2026-02-16T14:00:00,new_data,RULE_MG_V0.1,2025-10-17T14:00:00,2026-02-16T14:00:00,completed
RUN00003960,USR005901,MINDGUARD,2026-08-12T23:00:00,new_data,RULE_MG_V0.1,2026-01-09T23:00:00,2026-08-12T23:00:00,completed
RUN00003961,USR005902,MINDGUARD,2026-09-01T22:00:00,new_data,RULE_MG_V0.1,2026-01-31T22:00:00,2026-09-01T22:00:00,completed
RUN00003962,USR005903,MINDGUARD,2026-03-10T02:00:00,new_data,RULE_MG_V0.1,2025-10-10T02:00:00,2026-03-10T02:00:00,completed
RUN00003963,USR005907,MINDGUARD,2026-07-26T06:00:00,new_data,RULE_MG_V0.1,2026-01-17T06:00:00,2026-07-26T06:00:00,completed
RUN00003964,USR005908,MINDGUARD,2026-09-14T12:00:00,new_data,RULE_MG_V0.1,2026-02-15T22:00:00,2026-09-14T12:00:00,completed
RUN00003965,USR005910,HEALTH_RESERVE,2026-08-03T09:00:00,new_data,RULE_HR_V0.1,2026-02-11T09:00:00,2026-08-03T09:00:00,completed
RUN00003966,USR005911,HEALTH_RESERVE,2026-04-25T09:00:00,new_data,RULE_HR_V0.1,2025-11-16T09:00:00,2026-04-25T09:00:00,completed
RUN00003967,USR005915,HEALTH_RESERVE,2026-06-15T07:00:00,new_data,RULE_HR_V0.1,2026-02-01T07:00:00,2026-06-15T07:00:00,completed
RUN00003968,USR005920,HEALTH_RESERVE,2026-05-31T14:00:00,new_data,RULE_HR_V0.1,2025-10-16T14:00:00,2026-05-31T14:00:00,completed
RUN00003969,USR005922,MINDGUARD,2026-09-14T12:00:00,new_data,RULE_MG_V0.1,2025-12-31T07:00:00,2026-09-14T12:00:00,completed
RUN00003970,USR005923,MINDGUARD,2026-06-18T19:00:00,new_data,RULE_MG_V0.1,2025-12-20T19:00:00,2026-06-18T19:00:00,completed
RUN00003971,USR005924,MINDGUARD,2026-09-14T12:00:00,new_data,RULE_MG_V0.1,2025-12-12T18:00:00,2026-09-14T12:00:00,completed
RUN00003972,USR005925,MINDGUARD,2026-02-02T22:00:00,new_data,RULE_MG_V0.1,2025-10-10T22:00:00,2026-02-02T22:00:00,completed
RUN00003973,USR005926,HEALTH_RESERVE,2026-09-14T12:00:00,new_data,RULE_HR_V0.1,2025-12-15T16:00:00,2026-09-14T12:00:00,completed
RUN00003974,USR005927,MINDGUARD,2026-08-22T20:00:00,new_data,RULE_MG_V0.1,2025-11-13T20:00:00,2026-08-22T20:00:00,completed
RUN00003975,USR005927,HEALTH_RESERVE,2026-07-27T21:00:00,new_data,RULE_HR_V0.1,2025-11-20T21:00:00,2026-07-27T21:00:00,completed
RUN00003976,USR005930,MINDGUARD,2026-06-13T04:00:00,new_data,RULE_MG_V0.1,2025-11-19T04:00:00,2026-06-13T04:00:00,completed
RUN00003977,USR005932,MINDGUARD,2026-09-14T12:00:00,new_data,RULE_MG_V0.1,2025-12-17T18:00:00,2026-09-14T12:00:00,completed
RUN00003978,USR005933,MINDGUARD,2026-08-30T02:00:00,new_data,RULE_MG_V0.1,2026-02-06T02:00:00,2026-08-30T02:00:00,completed
RUN00003979,USR005934,HEALTH_RESERVE,2026-02-19T17:00:00,new_data,RULE_HR_V0.1,2025-10-15T17:00:00,2026-02-19T17:00:00,completed
RUN00003980,USR005935,MINDGUARD,2026-08-03T17:00:00,new_data,RULE_MG_V0.1,2025-10-11T17:00:00,2026-08-03T17:00:00,completed
RUN00003981,USR005936,MINDGUARD,2026-03-29T03:00:00,new_data,RULE_MG_V0.1,2025-10-25T03:00:00,2026-03-29T03:00:00,completed
RUN00003982,USR005938,MINDGUARD,2026-05-12T22:00:00,new_data,RULE_MG_V0.1,2026-01-27T22:00:00,2026-05-12T22:00:00,completed
RUN00003983,USR005940,MINDGUARD,2026-06-25T19:00:00,new_data,RULE_MG_V0.1,2025-11-04T19:00:00,2026-06-25T19:00:00,completed
RUN00003984,USR005941,MINDGUARD,2026-03-19T05:00:00,new_data,RULE_MG_V0.1,2025-12-16T05:00:00,2026-03-19T05:00:00,completed
RUN00003985,USR005942,MINDGUARD,2026-05-13T03:00:00,new_data,RULE_MG_V0.1,2026-01-04T03:00:00,2026-05-13T03:00:00,completed
RUN00003986,USR005943,HEALTH_RESERVE,2026-07-01T21:00:00,new_data,RULE_HR_V0.1,2026-01-05T21:00:00,2026-07-01T21:00:00,completed
RUN00003987,USR005945,HEALTH_RESERVE,2026-07-24T14:00:00,new_data,RULE_HR_V0.1,2025-11-14T14:00:00,2026-07-24T14:00:00,completed
RUN00003988,USR005947,MINDGUARD,2026-08-31T06:00:00,new_data,RULE_MG_V0.1,2026-01-05T06:00:00,2026-08-31T06:00:00,completed
RUN00003989,USR005948,MINDGUARD,2026-07-19T05:00:00,new_data,RULE_MG_V0.1,2025-10-10T05:00:00,2026-07-19T05:00:00,completed
RUN00003990,USR005948,HEALTH_RESERVE,2026-05-22T05:00:00,new_data,RULE_HR_V0.1,2025-10-01T05:00:00,2026-05-22T05:00:00,completed
RUN00003991,USR005950,HEALTH_RESERVE,2026-03-30T00:00:00,new_data,RULE_HR_V0.1,2025-10-23T00:00:00,2026-03-30T00:00:00,completed
RUN00003992,USR005951,MINDGUARD,2026-06-01T11:00:00,new_data,RULE_MG_V0.1,2025-10-17T11:00:00,2026-06-01T11:00:00,completed
RUN00003993,USR005952,MINDGUARD,2026-09-14T12:00:00,new_data,RULE_MG_V0.1,2026-02-02T23:00:00,2026-09-14T12:00:00,completed
RUN00003994,USR005953,HEALTH_RESERVE,2026-06-22T10:00:00,new_data,RULE_HR_V0.1,2025-11-06T10:00:00,2026-06-22T10:00:00,completed
RUN00003995,USR005955,MINDGUARD,2026-06-18T18:00:00,new_data,RULE_MG_V0.1,2025-11-12T18:00:00,2026-06-18T18:00:00,completed
RUN00003996,USR005956,MINDGUARD,2026-06-27T00:00:00,new_data,RULE_MG_V0.1,2025-10-26T00:00:00,2026-06-27T00:00:00,completed
RUN00003997,USR005957,HEALTH_RESERVE,2026-08-21T10:00:00,new_data,RULE_HR_V0.1,2025-11-27T10:00:00,2026-08-21T10:00:00,completed
RUN00003998,USR005958,MINDGUARD,2026-05-09T08:00:00,new_data,RULE_MG_V0.1,2026-01-19T08:00:00,2026-05-09T08:00:00,completed
RUN00003999,USR005959,MINDGUARD,2026-09-14T12:00:00,new_data,RULE_MG_V0.1,2026-02-12T00:00:00,2026-09-14T12:00:00,completed
RUN00004000,USR005961,MINDGUARD,2026-05-09T07:00:00,new_data,RULE_MG_V0.1,2025-12-14T07:00:00,2026-05-09T07:00:00,completed
RUN00004001,USR005962,MINDGUARD,2026-04-26T23:00:00,new_data,RULE_MG_V0.1,2025-12-27T23:00:00,2026-04-26T23:00:00,completed
RUN00004002,USR005963,MINDGUARD,2026-03-22T12:00:00,new_data,RULE_MG_V0.1,2025-10-16T12:00:00,2026-03-22T12:00:00,completed
RUN00004003,USR005964,MINDGUARD,2026-05-30T22:00:00,new_data,RULE_MG_V0.1,2026-01-15T22:00:00,2026-05-30T22:00:00,completed
RUN00004004,USR005966,MINDGUARD,2026-03-02T17:00:00,new_data,RULE_MG_V0.1,2025-10-24T17:00:00,2026-03-02T17:00:00,completed
RUN00004005,USR005967,MINDGUARD,2026-08-09T18:00:00,new_data,RULE_MG_V0.1,2026-01-14T18:00:00,2026-08-09T18:00:00,completed
RUN00004006,USR005968,MINDGUARD,2026-09-14T12:00:00,new_data,RULE_MG_V0.1,2026-02-24T15:00:00,2026-09-14T12:00:00,completed
RUN00004007,USR005969,HEALTH_RESERVE,2026-06-28T23:00:00,new_data,RULE_HR_V0.1,2025-12-05T23:00:00,2026-06-28T23:00:00,completed
RUN00004008,USR005971,MINDGUARD,2026-07-03T13:00:00,new_data,RULE_MG_V0.1,2026-01-28T13:00:00,2026-07-03T13:00:00,completed
RUN00004009,USR005972,MINDGUARD,2026-07-20T21:00:00,new_data,RULE_MG_V0.1,2025-10-21T21:00:00,2026-07-20T21:00:00,completed
RUN00004010,USR005974,MINDGUARD,2026-04-16T20:00:00,new_data,RULE_MG_V0.1,2025-11-17T20:00:00,2026-04-16T20:00:00,completed
RUN00004011,USR005974,HEALTH_RESERVE,2026-06-26T18:00:00,new_data,RULE_HR_V0.1,2025-11-12T18:00:00,2026-06-26T18:00:00,completed
RUN00004012,USR005975,HEALTH_RESERVE,2026-06-27T16:00:00,new_data,RULE_HR_V0.1,2026-01-13T16:00:00,2026-06-27T16:00:00,completed
RUN00004013,USR005976,MINDGUARD,2026-06-04T15:00:00,new_data,RULE_MG_V0.1,2026-01-15T15:00:00,2026-06-04T15:00:00,completed
RUN00004014,USR005978,MINDGUARD,2026-03-21T15:00:00,new_data,RULE_MG_V0.1,2025-11-08T15:00:00,2026-03-21T15:00:00,completed
RUN00004015,USR005979,MINDGUARD,2026-03-07T06:00:00,new_data,RULE_MG_V0.1,2025-10-30T06:00:00,2026-03-07T06:00:00,completed
RUN00004016,USR005979,HEALTH_RESERVE,2026-08-27T08:00:00,new_data,RULE_HR_V0.1,2025-11-03T08:00:00,2026-08-27T08:00:00,completed
RUN00004017,USR005981,MINDGUARD,2026-02-15T07:00:00,new_data,RULE_MG_V0.1,2025-11-15T07:00:00,2026-02-15T07:00:00,completed
RUN00004018,USR005984,MINDGUARD,2026-08-24T12:00:00,new_data,RULE_MG_V0.1,2025-12-03T12:00:00,2026-08-24T12:00:00,completed
RUN00004019,USR005987,MINDGUARD,2026-05-09T12:00:00,new_data,RULE_MG_V0.1,2026-01-19T12:00:00,2026-05-09T12:00:00,completed
RUN00004020,USR005987,HEALTH_RESERVE,2026-08-26T16:00:00,new_data,RULE_HR_V0.1,2026-01-22T16:00:00,2026-08-26T16:00:00,completed
RUN00004021,USR005989,MINDGUARD,2026-03-05T22:00:00,new_data,RULE_MG_V0.1,2025-10-21T22:00:00,2026-03-05T22:00:00,completed
RUN00004022,USR005993,HEALTH_RESERVE,2026-06-08T04:00:00,new_data,RULE_HR_V0.1,2025-10-29T04:00:00,2026-06-08T04:00:00,completed
RUN00004023,USR005994,MINDGUARD,2026-09-14T12:00:00,new_data,RULE_MG_V0.1,2026-02-07T03:00:00,2026-09-14T12:00:00,completed
RUN00004024,USR005996,HEALTH_RESERVE,2026-07-22T07:00:00,new_data,RULE_HR_V0.1,2026-01-14T07:00:00,2026-07-22T07:00:00,completed
RUN00004025,USR005997,MINDGUARD,2026-07-20T23:00:00,new_data,RULE_MG_V0.1,2025-11-15T23:00:00,2026-07-20T23:00:00,completed
RUN00004026,USR005998,HEALTH_RESERVE,2026-09-14T12:00:00,new_data,RULE_HR_V0.1,2026-01-04T00:00:00,2026-09-14T12:00:00,completed
RUN00004027,USR005999,MINDGUARD,2026-06-29T03:00:00,new_data,RULE_MG_V0.1,2025-10-08T03:00:00,2026-06-29T03:00:00,completed
RUN00004028,USR005999,HEALTH_RESERVE,2026-02-06T02:00:00,new_data,RULE_HR_V0.1,2025-10-19T02:00:00,2026-02-06T02:00:00,completed
RUN00004029,USR006000,MINDGUARD,2026-04-27T20:00:00,new_data,RULE_MG_V0.1,2025-10-11T20:00:00,2026-04-27T20:00:00,completed
RUN00004030,USR006002,MINDGUARD,2026-09-14T12:00:00,new_data,RULE_MG_V0.1,2026-01-27T00:00:00,2026-09-14T12:00:00,completed
RUN00004031,USR006003,MINDGUARD,2026-09-14T12:00:00,new_data,RULE_MG_V0.1,2026-01-09T05:00:00,2026-09-14T12:00:00,completed
RUN00004032,USR006005,MINDGUARD,2026-07-13T12:00:00,new_data,RULE_MG_V0.1,2025-12-16T12:00:00,2026-07-13T12:00:00,completed
RUN00004033,USR006006,HEALTH_RESERVE,2026-05-05T09:00:00,new_data,RULE_HR_V0.1,2026-01-24T09:00:00,2026-05-05T09:00:00,completed
RUN00004034,USR006007,MINDGUARD,2026-05-16T03:00:00,new_data,RULE_MG_V0.1,2025-11-30T03:00:00,2026-05-16T03:00:00,completed
RUN00004035,USR006011,HEALTH_RESERVE,2026-08-31T15:00:00,new_data,RULE_HR_V0.1,2026-01-17T15:00:00,2026-08-31T15:00:00,completed
RUN00004036,USR006013,MINDGUARD,2026-05-12T20:00:00,new_data,RULE_MG_V0.1,2025-10-28T20:00:00,2026-05-12T20:00:00,completed
RUN00004037,USR006013,HEALTH_RESERVE,2026-03-23T10:00:00,new_data,RULE_HR_V0.1,2025-10-24T10:00:00,2026-03-23T10:00:00,completed
RUN00004038,USR006015,MINDGUARD,2026-06-25T18:00:00,new_data,RULE_MG_V0.1,2026-02-16T18:00:00,2026-06-25T18:00:00,completed
RUN00004039,USR006015,HEALTH_RESERVE,2026-09-14T12:00:00,new_data,RULE_HR_V0.1,2026-02-16T15:00:00,2026-09-14T12:00:00,completed
RUN00004040,USR006016,MINDGUARD,2026-09-06T00:00:00,new_data,RULE_MG_V0.1,2025-11-23T00:00:00,2026-09-06T00:00:00,completed
RUN00004041,USR006017,MINDGUARD,2026-07-10T01:00:00,new_data,RULE_MG_V0.1,2025-09-19T01:00:00,2026-07-10T01:00:00,completed
RUN00004042,USR006018,HEALTH_RESERVE,2026-07-16T00:00:00,new_data,RULE_HR_V0.1,2025-09-24T00:00:00,2026-07-16T00:00:00,completed
RUN00004043,USR006019,MINDGUARD,2026-08-10T17:00:00,new_data,RULE_MG_V0.1,2026-02-08T17:00:00,2026-08-10T17:00:00,completed
RUN00004044,USR006019,HEALTH_RESERVE,2026-07-21T22:00:00,new_data,RULE_HR_V0.1,2026-02-09T22:00:00,2026-07-21T22:00:00,completed
RUN00004045,USR006020,MINDGUARD,2026-08-31T04:00:00,new_data,RULE_MG_V0.1,2026-02-12T04:00:00,2026-08-31T04:00:00,completed
RUN00004046,USR006021,MINDGUARD,2026-08-02T23:00:00,new_data,RULE_MG_V0.1,2025-10-26T23:00:00,2026-08-02T23:00:00,completed
RUN00004047,USR006025,HEALTH_RESERVE,2026-08-14T12:00:00,new_data,RULE_HR_V0.1,2026-01-17T12:00:00,2026-08-14T12:00:00,completed
RUN00004048,USR006027,MINDGUARD,2026-09-14T12:00:00,new_data,RULE_MG_V0.1,2025-12-28T03:00:00,2026-09-14T12:00:00,completed
RUN00004049,USR006028,MINDGUARD,2026-08-02T07:00:00,new_data,RULE_MG_V0.1,2025-11-13T07:00:00,2026-08-02T07:00:00,completed
RUN00004050,USR006031,HEALTH_RESERVE,2026-04-24T09:00:00,new_data,RULE_HR_V0.1,2025-11-29T09:00:00,2026-04-24T09:00:00,completed
RUN00004051,USR006032,HEALTH_RESERVE,2026-05-30T17:00:00,new_data,RULE_HR_V0.1,2026-01-29T17:00:00,2026-05-30T17:00:00,completed
RUN00004052,USR006034,MINDGUARD,2026-05-03T14:00:00,new_data,RULE_MG_V0.1,2026-01-29T14:00:00,2026-05-03T14:00:00,completed
RUN00004053,USR006036,MINDGUARD,2026-06-21T04:00:00,new_data,RULE_MG_V0.1,2025-10-31T04:00:00,2026-06-21T04:00:00,completed
RUN00004054,USR006039,MINDGUARD,2026-02-01T19:00:00,new_data,RULE_MG_V0.1,2025-10-21T19:00:00,2026-02-01T19:00:00,completed
RUN00004055,USR006043,MINDGUARD,2026-06-15T12:00:00,new_data,RULE_MG_V0.1,2026-02-22T12:00:00,2026-06-15T12:00:00,completed
RUN00004056,USR006045,MINDGUARD,2026-07-13T18:00:00,new_data,RULE_MG_V0.1,2026-01-20T18:00:00,2026-07-13T18:00:00,completed
RUN00004057,USR006046,MINDGUARD,2026-04-24T05:00:00,new_data,RULE_MG_V0.1,2025-12-08T05:00:00,2026-04-24T05:00:00,completed
RUN00004058,USR006047,MINDGUARD,2026-09-04T18:00:00,new_data,RULE_MG_V0.1,2025-11-16T18:00:00,2026-09-04T18:00:00,completed
RUN00004059,USR006048,HEALTH_RESERVE,2026-05-22T08:00:00,new_data,RULE_HR_V0.1,2025-12-03T08:00:00,2026-05-22T08:00:00,completed
RUN00004060,USR006049,MINDGUARD,2026-06-13T13:00:00,new_data,RULE_MG_V0.1,2025-12-28T13:00:00,2026-06-13T13:00:00,completed
RUN00004061,USR006050,MINDGUARD,2026-04-11T13:00:00,new_data,RULE_MG_V0.1,2025-12-30T13:00:00,2026-04-11T13:00:00,completed
RUN00004062,USR006051,MINDGUARD,2026-06-21T17:00:00,new_data,RULE_MG_V0.1,2025-10-22T17:00:00,2026-06-21T17:00:00,completed
RUN00004063,USR006052,MINDGUARD,2026-08-18T03:00:00,new_data,RULE_MG_V0.1,2025-11-26T03:00:00,2026-08-18T03:00:00,completed
RUN00004064,USR006054,MINDGUARD,2026-04-20T17:00:00,new_data,RULE_MG_V0.1,2025-10-13T17:00:00,2026-04-20T17:00:00,completed
RUN00004065,USR006055,MINDGUARD,2026-06-01T07:00:00,new_data,RULE_MG_V0.1,2025-10-19T07:00:00,2026-06-01T07:00:00,completed
RUN00004066,USR006056,MINDGUARD,2026-03-20T18:00:00,new_data,RULE_MG_V0.1,2025-11-16T18:00:00,2026-03-20T18:00:00,completed
RUN00004067,USR006057,MINDGUARD,2026-05-28T14:00:00,new_data,RULE_MG_V0.1,2025-12-07T14:00:00,2026-05-28T14:00:00,completed
RUN00004068,USR006057,HEALTH_RESERVE,2026-02-26T11:00:00,new_data,RULE_HR_V0.1,2025-11-25T11:00:00,2026-02-26T11:00:00,completed
RUN00004069,USR006058,MINDGUARD,2026-04-09T22:00:00,new_data,RULE_MG_V0.1,2025-11-30T22:00:00,2026-04-09T22:00:00,completed
RUN00004070,USR006059,HEALTH_RESERVE,2026-07-31T12:00:00,new_data,RULE_HR_V0.1,2025-11-03T12:00:00,2026-07-31T12:00:00,completed
RUN00004071,USR006060,HEALTH_RESERVE,2026-09-14T12:00:00,new_data,RULE_HR_V0.1,2026-01-20T08:00:00,2026-09-14T12:00:00,completed
RUN00004072,USR006061,MINDGUARD,2026-07-15T10:00:00,new_data,RULE_MG_V0.1,2025-11-12T10:00:00,2026-07-15T10:00:00,completed
RUN00004073,USR006065,HEALTH_RESERVE,2026-09-14T12:00:00,new_data,RULE_HR_V0.1,2025-12-26T08:00:00,2026-09-14T12:00:00,completed
RUN00004074,USR006068,MINDGUARD,2026-06-13T22:00:00,new_data,RULE_MG_V0.1,2025-11-18T22:00:00,2026-06-13T22:00:00,completed
RUN00004075,USR006069,MINDGUARD,2026-08-18T02:00:00,new_data,RULE_MG_V0.1,2026-01-01T02:00:00,2026-08-18T02:00:00,completed
RUN00004076,USR006071,MINDGUARD,2026-06-20T12:00:00,new_data,RULE_MG_V0.1,2026-02-21T12:00:00,2026-06-20T12:00:00,completed
RUN00004077,USR006072,MINDGUARD,2026-04-24T01:00:00,new_data,RULE_MG_V0.1,2025-10-31T01:00:00,2026-04-24T01:00:00,completed
RUN00004078,USR006073,HEALTH_RESERVE,2026-02-02T16:00:00,new_data,RULE_HR_V0.1,2025-10-16T16:00:00,2026-02-02T16:00:00,completed
RUN00004079,USR006074,MINDGUARD,2026-03-12T19:00:00,new_data,RULE_MG_V0.1,2025-12-03T19:00:00,2026-03-12T19:00:00,completed
RUN00004080,USR006075,HEALTH_RESERVE,2026-04-25T02:00:00,new_data,RULE_HR_V0.1,2025-11-06T02:00:00,2026-04-25T02:00:00,completed
RUN00004081,USR006076,MINDGUARD,2026-05-31T03:00:00,new_data,RULE_MG_V0.1,2026-01-02T03:00:00,2026-05-31T03:00:00,completed
RUN00004082,USR006079,MINDGUARD,2026-09-14T12:00:00,new_data,RULE_MG_V0.1,2026-01-05T08:00:00,2026-09-14T12:00:00,completed
RUN00004083,USR006080,MINDGUARD,2026-07-28T10:00:00,new_data,RULE_MG_V0.1,2026-01-03T10:00:00,2026-07-28T10:00:00,completed
RUN00004084,USR006083,MINDGUARD,2026-09-03T17:00:00,new_data,RULE_MG_V0.1,2025-11-09T17:00:00,2026-09-03T17:00:00,completed
RUN00004085,USR006083,HEALTH_RESERVE,2026-08-12T15:00:00,new_data,RULE_HR_V0.1,2025-11-17T15:00:00,2026-08-12T15:00:00,completed
RUN00004086,USR006085,MINDGUARD,2026-03-24T18:00:00,new_data,RULE_MG_V0.1,2025-09-25T18:00:00,2026-03-24T18:00:00,completed
RUN00004087,USR006086,MINDGUARD,2026-03-30T18:00:00,new_data,RULE_MG_V0.1,2025-09-25T18:00:00,2026-03-30T18:00:00,completed
RUN00004088,USR006088,MINDGUARD,2026-05-14T08:00:00,new_data,RULE_MG_V0.1,2026-02-05T08:00:00,2026-05-14T08:00:00,completed
RUN00004089,USR006090,MINDGUARD,2026-09-14T12:00:00,new_data,RULE_MG_V0.1,2026-02-19T23:00:00,2026-09-14T12:00:00,completed
RUN00004090,USR006091,MINDGUARD,2026-02-09T17:00:00,new_data,RULE_MG_V0.1,2025-10-10T17:00:00,2026-02-09T17:00:00,completed
RUN00004091,USR006092,HEALTH_RESERVE,2026-08-19T02:00:00,new_data,RULE_HR_V0.1,2025-12-18T02:00:00,2026-08-19T02:00:00,completed
RUN00004092,USR006097,MINDGUARD,2026-08-16T13:00:00,new_data,RULE_MG_V0.1,2025-11-21T13:00:00,2026-08-16T13:00:00,completed
RUN00004093,USR006100,MINDGUARD,2026-06-12T11:00:00,new_data,RULE_MG_V0.1,2026-02-03T11:00:00,2026-06-12T11:00:00,completed
RUN00004094,USR006101,MINDGUARD,2026-06-22T12:00:00,new_data,RULE_MG_V0.1,2025-10-19T12:00:00,2026-06-22T12:00:00,completed
RUN00004095,USR006104,MINDGUARD,2026-06-06T12:00:00,new_data,RULE_MG_V0.1,2026-02-02T12:00:00,2026-06-06T12:00:00,completed
RUN00004096,USR006109,MINDGUARD,2026-08-10T01:00:00,new_data,RULE_MG_V0.1,2025-10-14T01:00:00,2026-08-10T01:00:00,completed
RUN00004097,USR006111,HEALTH_RESERVE,2026-05-15T07:00:00,new_data,RULE_HR_V0.1,2026-02-08T07:00:00,2026-05-15T07:00:00,completed
RUN00004098,USR006112,MINDGUARD,2026-02-05T10:00:00,new_data,RULE_MG_V0.1,2025-10-04T10:00:00,2026-02-05T10:00:00,completed
RUN00004099,USR006113,MINDGUARD,2026-01-29T02:00:00,new_data,RULE_MG_V0.1,2025-10-03T02:00:00,2026-01-29T02:00:00,completed
RUN00004100,USR006115,HEALTH_RESERVE,2026-09-04T13:00:00,new_data,RULE_HR_V0.1,2026-01-28T13:00:00,2026-09-04T13:00:00,completed
RUN00004101,USR006117,MINDGUARD,2026-06-14T23:00:00,new_data,RULE_MG_V0.1,2025-12-08T23:00:00,2026-06-14T23:00:00,completed
RUN00004102,USR006118,MINDGUARD,2026-06-21T14:00:00,new_data,RULE_MG_V0.1,2025-11-13T14:00:00,2026-06-21T14:00:00,completed
RUN00004103,USR006122,MINDGUARD,2026-09-14T12:00:00,new_data,RULE_MG_V0.1,2026-01-06T18:00:00,2026-09-14T12:00:00,completed
RUN00004104,USR006123,MINDGUARD,2026-04-17T14:00:00,new_data,RULE_MG_V0.1,2025-11-20T14:00:00,2026-04-17T14:00:00,completed
RUN00004105,USR006124,HEALTH_RESERVE,2026-07-15T11:00:00,new_data,RULE_HR_V0.1,2025-10-13T11:00:00,2026-07-15T11:00:00,completed
RUN00004106,USR006126,MINDGUARD,2026-04-14T02:00:00,new_data,RULE_MG_V0.1,2025-12-19T02:00:00,2026-04-14T02:00:00,completed
RUN00004107,USR006127,MINDGUARD,2026-09-14T12:00:00,new_data,RULE_MG_V0.1,2026-01-28T23:00:00,2026-09-14T12:00:00,completed
RUN00004108,USR006127,HEALTH_RESERVE,2026-06-20T04:00:00,new_data,RULE_HR_V0.1,2026-01-24T04:00:00,2026-06-20T04:00:00,completed
RUN00004109,USR006129,MINDGUARD,2026-07-24T22:00:00,new_data,RULE_MG_V0.1,2025-11-07T22:00:00,2026-07-24T22:00:00,completed
RUN00004110,USR006130,MINDGUARD,2026-09-14T12:00:00,new_data,RULE_MG_V0.1,2026-02-23T20:00:00,2026-09-14T12:00:00,completed
RUN00004111,USR006131,MINDGUARD,2026-05-19T23:00:00,new_data,RULE_MG_V0.1,2025-10-02T23:00:00,2026-05-19T23:00:00,completed
RUN00004112,USR006134,MINDGUARD,2026-08-03T22:00:00,new_data,RULE_MG_V0.1,2025-10-25T22:00:00,2026-08-03T22:00:00,completed
RUN00004113,USR006135,HEALTH_RESERVE,2026-04-22T13:00:00,new_data,RULE_HR_V0.1,2025-11-23T13:00:00,2026-04-22T13:00:00,completed
RUN00004114,USR006137,MINDGUARD,2026-08-30T03:00:00,new_data,RULE_MG_V0.1,2025-11-21T03:00:00,2026-08-30T03:00:00,completed
RUN00004115,USR006138,MINDGUARD,2026-07-31T18:00:00,new_data,RULE_MG_V0.1,2025-11-14T18:00:00,2026-07-31T18:00:00,completed
RUN00004116,USR006139,MINDGUARD,2026-04-09T05:00:00,new_data,RULE_MG_V0.1,2025-12-04T05:00:00,2026-04-09T05:00:00,completed
RUN00004117,USR006139,HEALTH_RESERVE,2026-04-04T04:00:00,new_data,RULE_HR_V0.1,2025-11-27T04:00:00,2026-04-04T04:00:00,completed
RUN00004118,USR006141,MINDGUARD,2026-09-14T12:00:00,new_data,RULE_MG_V0.1,2025-12-30T06:00:00,2026-09-14T12:00:00,completed
RUN00004119,USR006142,MINDGUARD,2026-06-09T02:00:00,new_data,RULE_MG_V0.1,2025-11-12T02:00:00,2026-06-09T02:00:00,completed
RUN00004120,USR006143,HEALTH_RESERVE,2026-03-08T07:00:00,new_data,RULE_HR_V0.1,2025-11-26T07:00:00,2026-03-08T07:00:00,completed
RUN00004121,USR006145,MINDGUARD,2026-09-14T12:00:00,new_data,RULE_MG_V0.1,2025-11-22T12:00:00,2026-09-14T12:00:00,completed
RUN00004122,USR006146,MINDGUARD,2026-05-17T01:00:00,new_data,RULE_MG_V0.1,2025-11-19T01:00:00,2026-05-17T01:00:00,completed
RUN00004123,USR006148,HEALTH_RESERVE,2026-02-18T13:00:00,new_data,RULE_HR_V0.1,2025-11-10T13:00:00,2026-02-18T13:00:00,completed
RUN00004124,USR006150,HEALTH_RESERVE,2026-06-08T17:00:00,new_data,RULE_HR_V0.1,2025-11-16T17:00:00,2026-06-08T17:00:00,completed
RUN00004125,USR006151,HEALTH_RESERVE,2026-06-17T10:00:00,new_data,RULE_HR_V0.1,2025-11-28T10:00:00,2026-06-17T10:00:00,completed
RUN00004126,USR006154,MINDGUARD,2026-05-07T09:00:00,new_data,RULE_MG_V0.1,2025-11-18T09:00:00,2026-05-07T09:00:00,completed
RUN00004127,USR006155,MINDGUARD,2026-05-01T15:00:00,new_data,RULE_MG_V0.1,2025-12-28T15:00:00,2026-05-01T15:00:00,completed
RUN00004128,USR006156,HEALTH_RESERVE,2026-09-14T12:00:00,new_data,RULE_HR_V0.1,2025-12-02T22:00:00,2026-09-14T12:00:00,completed
RUN00004129,USR006157,HEALTH_RESERVE,2026-09-14T12:00:00,new_data,RULE_HR_V0.1,2026-02-19T01:00:00,2026-09-14T12:00:00,completed
RUN00004130,USR006158,MINDGUARD,2026-07-11T22:00:00,new_data,RULE_MG_V0.1,2026-02-10T22:00:00,2026-07-11T22:00:00,completed
RUN00004131,USR006159,MINDGUARD,2026-03-27T04:00:00,new_data,RULE_MG_V0.1,2025-12-04T04:00:00,2026-03-27T04:00:00,completed
RUN00004132,USR006160,HEALTH_RESERVE,2026-02-20T16:00:00,new_data,RULE_HR_V0.1,2025-09-20T16:00:00,2026-02-20T16:00:00,completed
RUN00004133,USR006161,MINDGUARD,2026-08-18T08:00:00,new_data,RULE_MG_V0.1,2025-12-01T08:00:00,2026-08-18T08:00:00,completed
RUN00004134,USR006162,MINDGUARD,2026-06-19T00:00:00,new_data,RULE_MG_V0.1,2025-10-23T00:00:00,2026-06-19T00:00:00,completed
RUN00004135,USR006163,HEALTH_RESERVE,2026-06-15T06:00:00,new_data,RULE_HR_V0.1,2025-12-04T06:00:00,2026-06-15T06:00:00,completed
RUN00004136,USR006164,MINDGUARD,2026-06-18T02:00:00,new_data,RULE_MG_V0.1,2025-11-25T02:00:00,2026-06-18T02:00:00,completed
RUN00004137,USR006165,MINDGUARD,2026-07-06T08:00:00,new_data,RULE_MG_V0.1,2026-01-22T08:00:00,2026-07-06T08:00:00,completed
RUN00004138,USR006167,HEALTH_RESERVE,2026-08-11T07:00:00,new_data,RULE_HR_V0.1,2026-01-23T07:00:00,2026-08-11T07:00:00,completed
RUN00004139,USR006168,MINDGUARD,2026-07-29T12:00:00,new_data,RULE_MG_V0.1,2025-11-21T12:00:00,2026-07-29T12:00:00,completed
RUN00004140,USR006170,MINDGUARD,2026-02-09T22:00:00,new_data,RULE_MG_V0.1,2025-10-19T22:00:00,2026-02-09T22:00:00,completed
RUN00004141,USR006171,HEALTH_RESERVE,2026-04-23T04:00:00,new_data,RULE_HR_V0.1,2025-10-12T04:00:00,2026-04-23T04:00:00,completed
RUN00004142,USR006173,MINDGUARD,2026-06-19T16:00:00,new_data,RULE_MG_V0.1,2026-01-27T16:00:00,2026-06-19T16:00:00,completed
RUN00004143,USR006177,MINDGUARD,2026-08-13T20:00:00,new_data,RULE_MG_V0.1,2026-01-28T20:00:00,2026-08-13T20:00:00,completed
RUN00004144,USR006178,HEALTH_RESERVE,2026-02-12T21:00:00,new_data,RULE_HR_V0.1,2025-10-13T21:00:00,2026-02-12T21:00:00,completed
RUN00004145,USR006180,MINDGUARD,2026-09-11T12:00:00,new_data,RULE_MG_V0.1,2025-12-07T12:00:00,2026-09-11T12:00:00,completed
RUN00004146,USR006181,MINDGUARD,2026-08-19T06:00:00,new_data,RULE_MG_V0.1,2025-11-07T06:00:00,2026-08-19T06:00:00,completed
RUN00004147,USR006183,MINDGUARD,2026-03-10T10:00:00,new_data,RULE_MG_V0.1,2025-12-05T10:00:00,2026-03-10T10:00:00,completed
RUN00004148,USR006184,HEALTH_RESERVE,2026-09-14T12:00:00,new_data,RULE_HR_V0.1,2026-01-27T04:00:00,2026-09-14T12:00:00,completed
RUN00004149,USR006185,HEALTH_RESERVE,2026-03-07T23:00:00,new_data,RULE_HR_V0.1,2025-11-08T23:00:00,2026-03-07T23:00:00,completed
RUN00004150,USR006186,HEALTH_RESERVE,2026-09-14T12:00:00,new_data,RULE_HR_V0.1,2025-12-17T17:00:00,2026-09-14T12:00:00,completed
RUN00004151,USR006187,MINDGUARD,2026-04-29T03:00:00,new_data,RULE_MG_V0.1,2025-11-24T03:00:00,2026-04-29T03:00:00,completed
RUN00004152,USR006187,HEALTH_RESERVE,2026-06-01T05:00:00,new_data,RULE_HR_V0.1,2025-11-24T05:00:00,2026-06-01T05:00:00,completed
RUN00004153,USR006189,MINDGUARD,2026-07-03T01:00:00,new_data,RULE_MG_V0.1,2025-10-09T01:00:00,2026-07-03T01:00:00,completed
RUN00004154,USR006189,HEALTH_RESERVE,2026-04-21T22:00:00,new_data,RULE_HR_V0.1,2025-10-03T22:00:00,2026-04-21T22:00:00,completed
RUN00004155,USR006190,MINDGUARD,2026-06-19T22:00:00,new_data,RULE_MG_V0.1,2025-11-07T22:00:00,2026-06-19T22:00:00,completed
RUN00004156,USR006192,MINDGUARD,2026-07-11T16:00:00,new_data,RULE_MG_V0.1,2025-11-04T16:00:00,2026-07-11T16:00:00,completed
RUN00004157,USR006193,HEALTH_RESERVE,2026-09-14T12:00:00,new_data,RULE_HR_V0.1,2026-01-17T21:00:00,2026-09-14T12:00:00,completed
RUN00004158,USR006195,HEALTH_RESERVE,2026-09-14T12:00:00,new_data,RULE_HR_V0.1,2026-01-11T19:00:00,2026-09-14T12:00:00,completed
RUN00004159,USR006196,HEALTH_RESERVE,2026-09-14T12:00:00,new_data,RULE_HR_V0.1,2026-02-12T00:00:00,2026-09-14T12:00:00,completed
RUN00004160,USR006197,HEALTH_RESERVE,2026-04-26T12:00:00,new_data,RULE_HR_V0.1,2026-01-23T12:00:00,2026-04-26T12:00:00,completed
RUN00004161,USR006198,MINDGUARD,2026-05-07T14:00:00,new_data,RULE_MG_V0.1,2025-11-01T14:00:00,2026-05-07T14:00:00,completed
RUN00004162,USR006200,MINDGUARD,2026-04-26T15:00:00,new_data,RULE_MG_V0.1,2025-12-13T15:00:00,2026-04-26T15:00:00,completed
RUN00004163,USR006201,MINDGUARD,2026-05-23T22:00:00,new_data,RULE_MG_V0.1,2025-12-07T22:00:00,2026-05-23T22:00:00,completed
RUN00004164,USR006202,MINDGUARD,2026-06-06T16:00:00,new_data,RULE_MG_V0.1,2026-02-13T16:00:00,2026-06-06T16:00:00,completed
RUN00004165,USR006203,HEALTH_RESERVE,2026-08-22T11:00:00,new_data,RULE_HR_V0.1,2025-11-09T11:00:00,2026-08-22T11:00:00,completed
RUN00004166,USR006204,MINDGUARD,2026-05-21T04:00:00,new_data,RULE_MG_V0.1,2025-11-10T04:00:00,2026-05-21T04:00:00,completed
RUN00004167,USR006205,MINDGUARD,2026-06-24T02:00:00,new_data,RULE_MG_V0.1,2025-12-06T02:00:00,2026-06-24T02:00:00,completed
RUN00004168,USR006206,MINDGUARD,2026-04-25T05:00:00,new_data,RULE_MG_V0.1,2025-12-25T05:00:00,2026-04-25T05:00:00,completed
RUN00004169,USR006208,MINDGUARD,2026-03-18T00:00:00,new_data,RULE_MG_V0.1,2025-10-21T00:00:00,2026-03-18T00:00:00,completed
RUN00004170,USR006209,HEALTH_RESERVE,2026-06-16T06:00:00,new_data,RULE_HR_V0.1,2026-02-15T06:00:00,2026-06-16T06:00:00,completed
RUN00004171,USR006211,HEALTH_RESERVE,2026-09-14T12:00:00,new_data,RULE_HR_V0.1,2026-02-06T03:00:00,2026-09-14T12:00:00,completed
RUN00004172,USR006213,MINDGUARD,2026-09-14T12:00:00,new_data,RULE_MG_V0.1,2025-12-25T15:00:00,2026-09-14T12:00:00,completed
RUN00004173,USR006213,HEALTH_RESERVE,2026-07-21T17:00:00,new_data,RULE_HR_V0.1,2025-12-23T17:00:00,2026-07-21T17:00:00,completed
RUN00004174,USR006214,MINDGUARD,2026-09-14T12:00:00,new_data,RULE_MG_V0.1,2026-02-16T14:00:00,2026-09-14T12:00:00,completed
RUN00004175,USR006215,HEALTH_RESERVE,2026-07-02T18:00:00,new_data,RULE_HR_V0.1,2025-11-16T18:00:00,2026-07-02T18:00:00,completed
RUN00004176,USR006217,HEALTH_RESERVE,2026-02-26T13:00:00,new_data,RULE_HR_V0.1,2025-09-29T13:00:00,2026-02-26T13:00:00,completed
RUN00004177,USR006218,MINDGUARD,2026-03-30T04:00:00,new_data,RULE_MG_V0.1,2025-11-05T04:00:00,2026-03-30T04:00:00,completed
RUN00004178,USR006220,HEALTH_RESERVE,2026-08-21T13:00:00,new_data,RULE_HR_V0.1,2026-01-12T13:00:00,2026-08-21T13:00:00,completed
RUN00004179,USR006221,MINDGUARD,2026-06-03T10:00:00,new_data,RULE_MG_V0.1,2025-10-13T10:00:00,2026-06-03T10:00:00,completed
RUN00004180,USR006222,MINDGUARD,2026-02-13T23:00:00,new_data,RULE_MG_V0.1,2025-10-08T23:00:00,2026-02-13T23:00:00,completed
RUN00004181,USR006223,MINDGUARD,2026-06-25T03:00:00,new_data,RULE_MG_V0.1,2025-12-07T03:00:00,2026-06-25T03:00:00,completed
RUN00004182,USR006224,MINDGUARD,2026-05-19T06:00:00,new_data,RULE_MG_V0.1,2025-12-12T06:00:00,2026-05-19T06:00:00,completed
RUN00004183,USR006225,HEALTH_RESERVE,2026-01-23T02:00:00,new_data,RULE_HR_V0.1,2025-10-15T02:00:00,2026-01-23T02:00:00,completed
RUN00004184,USR006226,MINDGUARD,2026-04-19T05:00:00,new_data,RULE_MG_V0.1,2025-10-22T05:00:00,2026-04-19T05:00:00,completed
RUN00004185,USR006228,MINDGUARD,2026-09-14T12:00:00,new_data,RULE_MG_V0.1,2026-01-13T04:00:00,2026-09-14T12:00:00,completed
RUN00004186,USR006230,MINDGUARD,2026-08-31T10:00:00,new_data,RULE_MG_V0.1,2026-01-30T10:00:00,2026-08-31T10:00:00,completed
RUN00004187,USR006231,MINDGUARD,2026-04-19T13:00:00,new_data,RULE_MG_V0.1,2025-10-06T13:00:00,2026-04-19T13:00:00,completed
RUN00004188,USR006233,MINDGUARD,2026-05-17T19:00:00,new_data,RULE_MG_V0.1,2025-11-13T19:00:00,2026-05-17T19:00:00,completed
RUN00004189,USR006234,MINDGUARD,2026-03-11T03:00:00,new_data,RULE_MG_V0.1,2025-10-18T03:00:00,2026-03-11T03:00:00,completed
RUN00004190,USR006235,HEALTH_RESERVE,2026-06-09T06:00:00,new_data,RULE_HR_V0.1,2026-02-02T06:00:00,2026-06-09T06:00:00,completed
RUN00004191,USR006236,MINDGUARD,2026-08-09T20:00:00,new_data,RULE_MG_V0.1,2025-11-14T20:00:00,2026-08-09T20:00:00,completed
RUN00004192,USR006236,HEALTH_RESERVE,2026-04-21T05:00:00,new_data,RULE_HR_V0.1,2025-11-11T05:00:00,2026-04-21T05:00:00,completed
RUN00004193,USR006237,MINDGUARD,2026-09-14T12:00:00,new_data,RULE_MG_V0.1,2026-02-02T17:00:00,2026-09-14T12:00:00,completed
RUN00004194,USR006238,MINDGUARD,2026-04-22T10:00:00,new_data,RULE_MG_V0.1,2025-10-04T10:00:00,2026-04-22T10:00:00,completed
RUN00004195,USR006238,HEALTH_RESERVE,2026-05-25T08:00:00,new_data,RULE_HR_V0.1,2025-10-07T08:00:00,2026-05-25T08:00:00,completed
RUN00004196,USR006240,MINDGUARD,2026-07-03T13:00:00,new_data,RULE_MG_V0.1,2025-12-04T13:00:00,2026-07-03T13:00:00,completed
RUN00004197,USR006241,HEALTH_RESERVE,2026-04-01T18:00:00,new_data,RULE_HR_V0.1,2025-11-12T18:00:00,2026-04-01T18:00:00,completed
RUN00004198,USR006242,HEALTH_RESERVE,2026-02-17T22:00:00,new_data,RULE_HR_V0.1,2025-11-16T22:00:00,2026-02-17T22:00:00,completed
RUN00004199,USR006245,MINDGUARD,2026-09-14T12:00:00,new_data,RULE_MG_V0.1,2026-01-11T19:00:00,2026-09-14T12:00:00,completed
RUN00004200,USR006247,HEALTH_RESERVE,2026-09-05T22:00:00,new_data,RULE_HR_V0.1,2025-12-14T22:00:00,2026-09-05T22:00:00,completed
RUN00004201,USR006248,HEALTH_RESERVE,2026-07-24T09:00:00,new_data,RULE_HR_V0.1,2026-01-04T09:00:00,2026-07-24T09:00:00,completed
RUN00004202,USR006250,MINDGUARD,2026-02-27T14:00:00,new_data,RULE_MG_V0.1,2025-10-03T14:00:00,2026-02-27T14:00:00,completed
RUN00004203,USR006251,MINDGUARD,2026-02-24T15:00:00,new_data,RULE_MG_V0.1,2025-11-01T15:00:00,2026-02-24T15:00:00,completed
RUN00004204,USR006251,HEALTH_RESERVE,2026-05-27T23:00:00,new_data,RULE_HR_V0.1,2025-11-03T23:00:00,2026-05-27T23:00:00,completed
RUN00004205,USR006253,MINDGUARD,2026-09-14T12:00:00,new_data,RULE_MG_V0.1,2026-01-30T22:00:00,2026-09-14T12:00:00,completed
RUN00004206,USR006254,HEALTH_RESERVE,2026-09-14T12:00:00,new_data,RULE_HR_V0.1,2025-12-20T15:00:00,2026-09-14T12:00:00,completed
RUN00004207,USR006255,MINDGUARD,2026-09-14T12:00:00,new_data,RULE_MG_V0.1,2026-02-15T21:00:00,2026-09-14T12:00:00,completed
RUN00004208,USR006258,HEALTH_RESERVE,2026-08-08T03:00:00,new_data,RULE_HR_V0.1,2026-01-11T03:00:00,2026-08-08T03:00:00,completed
RUN00004209,USR006259,HEALTH_RESERVE,2026-03-16T06:00:00,new_data,RULE_HR_V0.1,2025-09-29T06:00:00,2026-03-16T06:00:00,completed
RUN00004210,USR006262,MINDGUARD,2026-09-14T12:00:00,new_data,RULE_MG_V0.1,2026-02-09T12:00:00,2026-09-14T12:00:00,completed
RUN00004211,USR006263,HEALTH_RESERVE,2026-09-14T12:00:00,new_data,RULE_HR_V0.1,2026-01-19T00:00:00,2026-09-14T12:00:00,completed
RUN00004212,USR006265,MINDGUARD,2026-08-27T09:00:00,new_data,RULE_MG_V0.1,2025-11-05T09:00:00,2026-08-27T09:00:00,completed
RUN00004213,USR006266,MINDGUARD,2026-03-14T12:00:00,new_data,RULE_MG_V0.1,2025-11-06T12:00:00,2026-03-14T12:00:00,completed
RUN00004214,USR006266,HEALTH_RESERVE,2026-08-23T09:00:00,new_data,RULE_HR_V0.1,2025-11-04T09:00:00,2026-08-23T09:00:00,completed
RUN00004215,USR006268,MINDGUARD,2026-01-08T18:00:00,new_data,RULE_MG_V0.1,2025-10-09T18:00:00,2026-01-08T18:00:00,completed
RUN00004216,USR006270,MINDGUARD,2026-07-31T14:00:00,new_data,RULE_MG_V0.1,2025-11-16T14:00:00,2026-07-31T14:00:00,completed
RUN00004217,USR006271,MINDGUARD,2026-03-10T01:00:00,new_data,RULE_MG_V0.1,2025-12-03T01:00:00,2026-03-10T01:00:00,completed
RUN00004218,USR006271,HEALTH_RESERVE,2026-08-17T08:00:00,new_data,RULE_HR_V0.1,2025-12-12T08:00:00,2026-08-17T08:00:00,completed
RUN00004219,USR006274,HEALTH_RESERVE,2026-03-07T09:00:00,new_data,RULE_HR_V0.1,2025-11-28T09:00:00,2026-03-07T09:00:00,completed
RUN00004220,USR006275,MINDGUARD,2026-03-27T12:00:00,new_data,RULE_MG_V0.1,2025-12-13T12:00:00,2026-03-27T12:00:00,completed
RUN00004221,USR006276,MINDGUARD,2026-08-20T00:00:00,new_data,RULE_MG_V0.1,2026-01-05T00:00:00,2026-08-20T00:00:00,completed
RUN00004222,USR006277,HEALTH_RESERVE,2026-06-27T17:00:00,new_data,RULE_HR_V0.1,2026-02-04T17:00:00,2026-06-27T17:00:00,completed
RUN00004223,USR006278,HEALTH_RESERVE,2026-05-07T15:00:00,new_data,RULE_HR_V0.1,2026-02-05T15:00:00,2026-05-07T15:00:00,completed
RUN00004224,USR006281,MINDGUARD,2026-09-14T12:00:00,new_data,RULE_MG_V0.1,2026-02-11T07:00:00,2026-09-14T12:00:00,completed
RUN00004225,USR006282,MINDGUARD,2026-08-14T15:00:00,new_data,RULE_MG_V0.1,2026-01-02T15:00:00,2026-08-14T15:00:00,completed
RUN00004226,USR006282,HEALTH_RESERVE,2026-05-01T18:00:00,new_data,RULE_HR_V0.1,2026-01-03T18:00:00,2026-05-01T18:00:00,completed
RUN00004227,USR006283,MINDGUARD,2026-02-09T07:00:00,new_data,RULE_MG_V0.1,2025-09-21T07:00:00,2026-02-09T07:00:00,completed
RUN00004228,USR006284,HEALTH_RESERVE,2026-02-05T05:00:00,new_data,RULE_HR_V0.1,2025-10-02T05:00:00,2026-02-05T05:00:00,completed
RUN00004229,USR006285,HEALTH_RESERVE,2026-06-04T11:00:00,new_data,RULE_HR_V0.1,2025-10-05T11:00:00,2026-06-04T11:00:00,completed
RUN00004230,USR006286,HEALTH_RESERVE,2026-05-15T13:00:00,new_data,RULE_HR_V0.1,2025-10-19T13:00:00,2026-05-15T13:00:00,completed
RUN00004231,USR006287,MINDGUARD,2026-02-22T21:00:00,new_data,RULE_MG_V0.1,2025-10-11T21:00:00,2026-02-22T21:00:00,completed
RUN00004232,USR006287,HEALTH_RESERVE,2026-07-20T16:00:00,new_data,RULE_HR_V0.1,2025-10-03T16:00:00,2026-07-20T16:00:00,completed
RUN00004233,USR006289,HEALTH_RESERVE,2026-09-06T04:00:00,new_data,RULE_HR_V0.1,2025-12-22T04:00:00,2026-09-06T04:00:00,completed
RUN00004234,USR006290,MINDGUARD,2026-05-24T17:00:00,new_data,RULE_MG_V0.1,2025-11-19T17:00:00,2026-05-24T17:00:00,completed
RUN00004235,USR006291,MINDGUARD,2026-02-28T13:00:00,new_data,RULE_MG_V0.1,2025-11-27T13:00:00,2026-02-28T13:00:00,completed
RUN00004236,USR006292,MINDGUARD,2026-08-11T20:00:00,new_data,RULE_MG_V0.1,2025-12-13T20:00:00,2026-08-11T20:00:00,completed
RUN00004237,USR006293,HEALTH_RESERVE,2026-07-11T06:00:00,new_data,RULE_HR_V0.1,2026-02-01T06:00:00,2026-07-11T06:00:00,completed
RUN00004238,USR006295,HEALTH_RESERVE,2026-09-14T12:00:00,new_data,RULE_HR_V0.1,2026-01-03T14:00:00,2026-09-14T12:00:00,completed
RUN00004239,USR006296,MINDGUARD,2026-08-03T13:00:00,new_data,RULE_MG_V0.1,2025-10-14T13:00:00,2026-08-03T13:00:00,completed
RUN00004240,USR006298,MINDGUARD,2026-09-07T12:00:00,new_data,RULE_MG_V0.1,2025-11-18T12:00:00,2026-09-07T12:00:00,completed
RUN00004241,USR006299,MINDGUARD,2026-03-29T04:00:00,new_data,RULE_MG_V0.1,2025-11-20T04:00:00,2026-03-29T04:00:00,completed
RUN00004242,USR006300,MINDGUARD,2026-04-21T13:00:00,new_data,RULE_MG_V0.1,2025-10-15T13:00:00,2026-04-21T13:00:00,completed
RUN00004243,USR006300,HEALTH_RESERVE,2026-07-12T18:00:00,new_data,RULE_HR_V0.1,2025-10-04T18:00:00,2026-07-12T18:00:00,completed
RUN00004244,USR006302,MINDGUARD,2026-06-07T16:00:00,new_data,RULE_MG_V0.1,2025-10-18T16:00:00,2026-06-07T16:00:00,completed
RUN00004245,USR006303,HEALTH_RESERVE,2026-03-04T19:00:00,new_data,RULE_HR_V0.1,2025-10-09T19:00:00,2026-03-04T19:00:00,completed
RUN00004246,USR006304,HEALTH_RESERVE,2026-06-30T15:00:00,new_data,RULE_HR_V0.1,2025-12-29T15:00:00,2026-06-30T15:00:00,completed
RUN00004247,USR006305,HEALTH_RESERVE,2026-07-29T21:00:00,new_data,RULE_HR_V0.1,2025-10-28T21:00:00,2026-07-29T21:00:00,completed
RUN00004248,USR006306,MINDGUARD,2026-05-27T23:00:00,new_data,RULE_MG_V0.1,2025-12-27T23:00:00,2026-05-27T23:00:00,completed
RUN00004249,USR006308,MINDGUARD,2026-04-25T20:00:00,new_data,RULE_MG_V0.1,2025-11-02T20:00:00,2026-04-25T20:00:00,completed
RUN00004250,USR006309,HEALTH_RESERVE,2026-06-15T22:00:00,new_data,RULE_HR_V0.1,2026-01-28T22:00:00,2026-06-15T22:00:00,completed
RUN00004251,USR006310,MINDGUARD,2026-09-14T12:00:00,new_data,RULE_MG_V0.1,2025-12-16T18:00:00,2026-09-14T12:00:00,completed
RUN00004252,USR006311,MINDGUARD,2026-09-01T23:00:00,new_data,RULE_MG_V0.1,2026-02-21T23:00:00,2026-09-01T23:00:00,completed
RUN00004253,USR006315,MINDGUARD,2026-04-05T18:00:00,new_data,RULE_MG_V0.1,2025-11-12T18:00:00,2026-04-05T18:00:00,completed
RUN00004254,USR006318,MINDGUARD,2026-04-29T01:00:00,new_data,RULE_MG_V0.1,2025-11-08T01:00:00,2026-04-29T01:00:00,completed
RUN00004255,USR006319,HEALTH_RESERVE,2026-04-29T04:00:00,new_data,RULE_HR_V0.1,2026-01-14T04:00:00,2026-04-29T04:00:00,completed
RUN00004256,USR006320,MINDGUARD,2026-05-11T08:00:00,new_data,RULE_MG_V0.1,2026-02-05T08:00:00,2026-05-11T08:00:00,completed
RUN00004257,USR006321,MINDGUARD,2026-04-02T11:00:00,new_data,RULE_MG_V0.1,2025-09-29T11:00:00,2026-04-02T11:00:00,completed
RUN00004258,USR006322,MINDGUARD,2026-07-21T04:00:00,new_data,RULE_MG_V0.1,2025-12-16T04:00:00,2026-07-21T04:00:00,completed
RUN00004259,USR006322,HEALTH_RESERVE,2026-05-20T11:00:00,new_data,RULE_HR_V0.1,2025-12-12T11:00:00,2026-05-20T11:00:00,completed
RUN00004260,USR006324,HEALTH_RESERVE,2026-06-10T15:00:00,new_data,RULE_HR_V0.1,2025-12-22T15:00:00,2026-06-10T15:00:00,completed
RUN00004261,USR006326,HEALTH_RESERVE,2026-04-16T22:00:00,new_data,RULE_HR_V0.1,2025-12-08T22:00:00,2026-04-16T22:00:00,completed
RUN00004262,USR006329,MINDGUARD,2026-07-06T17:00:00,new_data,RULE_MG_V0.1,2025-11-11T17:00:00,2026-07-06T17:00:00,completed
RUN00004263,USR006330,MINDGUARD,2026-03-05T09:00:00,new_data,RULE_MG_V0.1,2025-11-23T09:00:00,2026-03-05T09:00:00,completed
RUN00004264,USR006330,HEALTH_RESERVE,2026-09-14T12:00:00,new_data,RULE_HR_V0.1,2025-11-23T04:00:00,2026-09-14T12:00:00,completed
RUN00004265,USR006331,HEALTH_RESERVE,2026-09-14T12:00:00,new_data,RULE_HR_V0.1,2026-02-06T12:00:00,2026-09-14T12:00:00,completed
RUN00004266,USR006332,MINDGUARD,2026-05-04T10:00:00,new_data,RULE_MG_V0.1,2025-11-04T10:00:00,2026-05-04T10:00:00,completed
RUN00004267,USR006333,HEALTH_RESERVE,2026-04-09T07:00:00,new_data,RULE_HR_V0.1,2025-10-16T07:00:00,2026-04-09T07:00:00,completed
RUN00004268,USR006335,MINDGUARD,2026-06-04T03:00:00,new_data,RULE_MG_V0.1,2025-10-27T03:00:00,2026-06-04T03:00:00,completed
RUN00004269,USR006336,MINDGUARD,2026-05-05T07:00:00,new_data,RULE_MG_V0.1,2025-11-08T07:00:00,2026-05-05T07:00:00,completed
RUN00004270,USR006338,HEALTH_RESERVE,2026-06-20T03:00:00,new_data,RULE_HR_V0.1,2025-11-02T03:00:00,2026-06-20T03:00:00,completed
RUN00004271,USR006339,HEALTH_RESERVE,2026-03-26T15:00:00,new_data,RULE_HR_V0.1,2025-11-28T15:00:00,2026-03-26T15:00:00,completed
RUN00004272,USR006340,HEALTH_RESERVE,2026-04-30T16:00:00,new_data,RULE_HR_V0.1,2025-10-05T16:00:00,2026-04-30T16:00:00,completed
RUN00004273,USR006341,HEALTH_RESERVE,2026-02-03T01:00:00,new_data,RULE_HR_V0.1,2025-09-18T01:00:00,2026-02-03T01:00:00,completed
RUN00004274,USR006342,MINDGUARD,2026-07-11T15:00:00,new_data,RULE_MG_V0.1,2025-10-16T15:00:00,2026-07-11T15:00:00,completed
RUN00004275,USR006345,MINDGUARD,2026-05-07T12:00:00,new_data,RULE_MG_V0.1,2025-11-29T12:00:00,2026-05-07T12:00:00,completed
RUN00004276,USR006346,HEALTH_RESERVE,2026-03-06T21:00:00,new_data,RULE_HR_V0.1,2025-11-06T21:00:00,2026-03-06T21:00:00,completed
RUN00004277,USR006348,MINDGUARD,2026-09-14T12:00:00,new_data,RULE_MG_V0.1,2026-02-05T00:00:00,2026-09-14T12:00:00,completed
RUN00004278,USR006349,HEALTH_RESERVE,2026-05-22T01:00:00,new_data,RULE_HR_V0.1,2025-11-13T01:00:00,2026-05-22T01:00:00,completed
RUN00004279,USR006350,MINDGUARD,2026-05-22T11:00:00,new_data,RULE_MG_V0.1,2025-12-29T11:00:00,2026-05-22T11:00:00,completed
RUN00004280,USR006353,MINDGUARD,2026-09-14T12:00:00,new_data,RULE_MG_V0.1,2026-01-11T15:00:00,2026-09-14T12:00:00,completed
RUN00004281,USR006355,MINDGUARD,2026-06-28T17:00:00,new_data,RULE_MG_V0.1,2025-11-21T17:00:00,2026-06-28T17:00:00,completed
RUN00004282,USR006356,MINDGUARD,2026-08-17T00:00:00,new_data,RULE_MG_V0.1,2025-11-17T00:00:00,2026-08-17T00:00:00,completed
RUN00004283,USR006358,MINDGUARD,2026-02-14T10:00:00,new_data,RULE_MG_V0.1,2025-09-22T10:00:00,2026-02-14T10:00:00,completed
RUN00004284,USR006361,HEALTH_RESERVE,2026-07-29T18:00:00,new_data,RULE_HR_V0.1,2025-11-13T18:00:00,2026-07-29T18:00:00,completed
RUN00004285,USR006362,MINDGUARD,2026-05-21T10:00:00,new_data,RULE_MG_V0.1,2025-11-22T10:00:00,2026-05-21T10:00:00,completed
RUN00004286,USR006365,HEALTH_RESERVE,2026-06-26T13:00:00,new_data,RULE_HR_V0.1,2026-01-12T13:00:00,2026-06-26T13:00:00,completed
RUN00004287,USR006368,MINDGUARD,2026-05-04T20:00:00,new_data,RULE_MG_V0.1,2025-11-11T20:00:00,2026-05-04T20:00:00,completed
RUN00004288,USR006370,MINDGUARD,2026-02-10T04:00:00,new_data,RULE_MG_V0.1,2025-10-26T04:00:00,2026-02-10T04:00:00,completed
RUN00004289,USR006372,MINDGUARD,2026-08-30T05:00:00,new_data,RULE_MG_V0.1,2025-12-15T05:00:00,2026-08-30T05:00:00,completed
RUN00004290,USR006373,MINDGUARD,2026-06-09T23:00:00,new_data,RULE_MG_V0.1,2025-12-03T23:00:00,2026-06-09T23:00:00,completed
RUN00004291,USR006374,MINDGUARD,2026-02-20T09:00:00,new_data,RULE_MG_V0.1,2025-09-27T09:00:00,2026-02-20T09:00:00,completed
RUN00004292,USR006375,HEALTH_RESERVE,2026-06-14T12:00:00,new_data,RULE_HR_V0.1,2025-09-28T12:00:00,2026-06-14T12:00:00,completed
RUN00004293,USR006376,MINDGUARD,2026-09-05T08:00:00,new_data,RULE_MG_V0.1,2025-11-16T08:00:00,2026-09-05T08:00:00,completed
RUN00004294,USR006376,HEALTH_RESERVE,2026-03-05T10:00:00,new_data,RULE_HR_V0.1,2025-11-14T10:00:00,2026-03-05T10:00:00,completed
RUN00004295,USR006377,HEALTH_RESERVE,2026-07-08T12:00:00,new_data,RULE_HR_V0.1,2025-09-27T12:00:00,2026-07-08T12:00:00,completed
RUN00004296,USR006381,HEALTH_RESERVE,2026-08-17T09:00:00,new_data,RULE_HR_V0.1,2025-11-07T09:00:00,2026-08-17T09:00:00,completed
RUN00004297,USR006383,MINDGUARD,2026-09-14T12:00:00,new_data,RULE_MG_V0.1,2025-12-21T08:00:00,2026-09-14T12:00:00,completed
RUN00004298,USR006385,MINDGUARD,2026-07-03T22:00:00,new_data,RULE_MG_V0.1,2025-12-09T22:00:00,2026-07-03T22:00:00,completed
RUN00004299,USR006388,MINDGUARD,2026-08-01T04:00:00,new_data,RULE_MG_V0.1,2025-11-15T04:00:00,2026-08-01T04:00:00,completed
RUN00004300,USR006390,MINDGUARD,2026-04-13T00:00:00,new_data,RULE_MG_V0.1,2026-01-06T00:00:00,2026-04-13T00:00:00,completed
RUN00004301,USR006393,MINDGUARD,2026-03-10T09:00:00,new_data,RULE_MG_V0.1,2025-10-14T09:00:00,2026-03-10T09:00:00,completed
RUN00004302,USR006393,HEALTH_RESERVE,2026-01-15T22:00:00,new_data,RULE_HR_V0.1,2025-10-16T22:00:00,2026-01-15T22:00:00,completed
RUN00004303,USR006396,HEALTH_RESERVE,2026-07-29T11:00:00,new_data,RULE_HR_V0.1,2025-10-18T11:00:00,2026-07-29T11:00:00,completed
RUN00004304,USR006397,MINDGUARD,2026-05-29T21:00:00,new_data,RULE_MG_V0.1,2025-10-22T21:00:00,2026-05-29T21:00:00,completed
RUN00004305,USR006398,MINDGUARD,2026-02-21T21:00:00,new_data,RULE_MG_V0.1,2025-11-17T21:00:00,2026-02-21T21:00:00,completed
RUN00004306,USR006399,HEALTH_RESERVE,2026-05-29T22:00:00,new_data,RULE_HR_V0.1,2025-10-17T22:00:00,2026-05-29T22:00:00,completed
RUN00004307,USR006400,MINDGUARD,2026-02-03T07:00:00,new_data,RULE_MG_V0.1,2025-10-24T07:00:00,2026-02-03T07:00:00,completed
RUN00004308,USR006401,MINDGUARD,2026-06-03T10:00:00,new_data,RULE_MG_V0.1,2025-11-21T10:00:00,2026-06-03T10:00:00,completed
RUN00004309,USR006403,HEALTH_RESERVE,2026-09-14T12:00:00,new_data,RULE_HR_V0.1,2026-01-04T07:00:00,2026-09-14T12:00:00,completed
RUN00004310,USR006404,MINDGUARD,2026-06-16T04:00:00,new_data,RULE_MG_V0.1,2025-11-23T04:00:00,2026-06-16T04:00:00,completed
RUN00004311,USR006404,HEALTH_RESERVE,2026-06-05T04:00:00,new_data,RULE_HR_V0.1,2025-11-22T04:00:00,2026-06-05T04:00:00,completed
RUN00004312,USR006405,MINDGUARD,2026-07-25T00:00:00,new_data,RULE_MG_V0.1,2025-12-30T00:00:00,2026-07-25T00:00:00,completed
RUN00004313,USR006406,MINDGUARD,2026-06-08T21:00:00,new_data,RULE_MG_V0.1,2025-12-08T21:00:00,2026-06-08T21:00:00,completed
RUN00004314,USR006408,MINDGUARD,2026-05-18T22:00:00,new_data,RULE_MG_V0.1,2025-10-15T22:00:00,2026-05-18T22:00:00,completed
RUN00004315,USR006409,MINDGUARD,2026-02-17T11:00:00,new_data,RULE_MG_V0.1,2025-10-13T11:00:00,2026-02-17T11:00:00,completed
RUN00004316,USR006411,MINDGUARD,2026-06-23T16:00:00,new_data,RULE_MG_V0.1,2025-10-18T16:00:00,2026-06-23T16:00:00,completed
RUN00004317,USR006413,MINDGUARD,2026-09-14T12:00:00,new_data,RULE_MG_V0.1,2026-02-02T03:00:00,2026-09-14T12:00:00,completed
RUN00004318,USR006417,MINDGUARD,2026-05-28T13:00:00,new_data,RULE_MG_V0.1,2025-10-20T13:00:00,2026-05-28T13:00:00,completed
RUN00004319,USR006420,MINDGUARD,2026-09-14T12:00:00,new_data,RULE_MG_V0.1,2026-02-15T18:00:00,2026-09-14T12:00:00,completed
RUN00004320,USR006421,MINDGUARD,2026-04-22T06:00:00,new_data,RULE_MG_V0.1,2026-01-10T06:00:00,2026-04-22T06:00:00,completed
RUN00004321,USR006422,MINDGUARD,2026-04-13T12:00:00,new_data,RULE_MG_V0.1,2025-11-30T12:00:00,2026-04-13T12:00:00,completed
RUN00004322,USR006423,MINDGUARD,2026-07-17T10:00:00,new_data,RULE_MG_V0.1,2025-12-19T10:00:00,2026-07-17T10:00:00,completed
RUN00004323,USR006425,MINDGUARD,2026-06-08T02:00:00,new_data,RULE_MG_V0.1,2025-12-15T02:00:00,2026-06-08T02:00:00,completed
RUN00004324,USR006426,MINDGUARD,2026-08-15T22:00:00,new_data,RULE_MG_V0.1,2026-02-02T22:00:00,2026-08-15T22:00:00,completed
RUN00004325,USR006429,MINDGUARD,2026-09-14T12:00:00,new_data,RULE_MG_V0.1,2026-01-19T17:00:00,2026-09-14T12:00:00,completed
RUN00004326,USR006431,HEALTH_RESERVE,2026-09-14T12:00:00,new_data,RULE_HR_V0.1,2026-01-16T09:00:00,2026-09-14T12:00:00,completed
RUN00004327,USR006432,MINDGUARD,2026-03-12T06:00:00,new_data,RULE_MG_V0.1,2025-12-01T06:00:00,2026-03-12T06:00:00,completed
RUN00004328,USR006433,MINDGUARD,2026-02-12T23:00:00,new_data,RULE_MG_V0.1,2025-10-10T23:00:00,2026-02-12T23:00:00,completed
RUN00004329,USR006435,MINDGUARD,2026-09-14T12:00:00,new_data,RULE_MG_V0.1,2026-02-01T05:00:00,2026-09-14T12:00:00,completed
RUN00004330,USR006436,MINDGUARD,2026-09-14T12:00:00,new_data,RULE_MG_V0.1,2026-02-03T02:00:00,2026-09-14T12:00:00,completed
RUN00004331,USR006437,MINDGUARD,2026-09-06T12:00:00,new_data,RULE_MG_V0.1,2025-11-17T12:00:00,2026-09-06T12:00:00,completed
RUN00004332,USR006438,MINDGUARD,2026-05-27T00:00:00,new_data,RULE_MG_V0.1,2025-10-15T00:00:00,2026-05-27T00:00:00,completed
RUN00004333,USR006441,MINDGUARD,2026-07-16T11:00:00,new_data,RULE_MG_V0.1,2025-09-28T11:00:00,2026-07-16T11:00:00,completed
RUN00004334,USR006442,MINDGUARD,2026-02-16T00:00:00,new_data,RULE_MG_V0.1,2025-11-05T00:00:00,2026-02-16T00:00:00,completed
RUN00004335,USR006443,HEALTH_RESERVE,2026-03-22T02:00:00,new_data,RULE_HR_V0.1,2025-11-15T02:00:00,2026-03-22T02:00:00,completed
RUN00004336,USR006444,MINDGUARD,2026-05-22T21:00:00,new_data,RULE_MG_V0.1,2026-01-20T21:00:00,2026-05-22T21:00:00,completed
RUN00004337,USR006444,HEALTH_RESERVE,2026-06-26T21:00:00,new_data,RULE_HR_V0.1,2026-01-11T21:00:00,2026-06-26T21:00:00,completed
RUN00004338,USR006446,MINDGUARD,2026-09-09T14:00:00,new_data,RULE_MG_V0.1,2026-02-22T14:00:00,2026-09-09T14:00:00,completed
RUN00004339,USR006448,HEALTH_RESERVE,2026-08-04T23:00:00,new_data,RULE_HR_V0.1,2025-10-09T23:00:00,2026-08-04T23:00:00,completed
RUN00004340,USR006449,HEALTH_RESERVE,2026-07-22T20:00:00,new_data,RULE_HR_V0.1,2025-12-07T20:00:00,2026-07-22T20:00:00,completed
RUN00004341,USR006451,MINDGUARD,2026-04-17T20:00:00,new_data,RULE_MG_V0.1,2025-12-14T20:00:00,2026-04-17T20:00:00,completed
RUN00004342,USR006452,MINDGUARD,2026-09-14T12:00:00,new_data,RULE_MG_V0.1,2026-01-30T11:00:00,2026-09-14T12:00:00,completed
RUN00004343,USR006453,HEALTH_RESERVE,2026-04-30T05:00:00,new_data,RULE_HR_V0.1,2025-12-05T05:00:00,2026-04-30T05:00:00,completed
RUN00004344,USR006454,MINDGUARD,2026-09-14T12:00:00,new_data,RULE_MG_V0.1,2025-12-07T22:00:00,2026-09-14T12:00:00,completed
RUN00004345,USR006456,MINDGUARD,2026-07-24T19:00:00,new_data,RULE_MG_V0.1,2025-10-05T19:00:00,2026-07-24T19:00:00,completed
RUN00004346,USR006457,MINDGUARD,2026-05-13T14:00:00,new_data,RULE_MG_V0.1,2025-09-27T14:00:00,2026-05-13T14:00:00,completed
RUN00004347,USR006458,MINDGUARD,2026-07-10T13:00:00,new_data,RULE_MG_V0.1,2025-11-13T13:00:00,2026-07-10T13:00:00,completed
RUN00004348,USR006459,HEALTH_RESERVE,2026-09-14T12:00:00,new_data,RULE_HR_V0.1,2026-02-22T10:00:00,2026-09-14T12:00:00,completed
RUN00004349,USR006460,MINDGUARD,2026-04-07T07:00:00,new_data,RULE_MG_V0.1,2025-11-02T07:00:00,2026-04-07T07:00:00,completed
RUN00004350,USR006461,MINDGUARD,2026-07-16T23:00:00,new_data,RULE_MG_V0.1,2025-09-20T23:00:00,2026-07-16T23:00:00,completed
RUN00004351,USR006462,MINDGUARD,2026-09-14T12:00:00,new_data,RULE_MG_V0.1,2026-01-21T22:00:00,2026-09-14T12:00:00,completed
RUN00004352,USR006463,MINDGUARD,2026-04-16T00:00:00,new_data,RULE_MG_V0.1,2025-10-24T00:00:00,2026-04-16T00:00:00,completed
RUN00004353,USR006464,MINDGUARD,2026-04-03T18:00:00,new_data,RULE_MG_V0.1,2025-10-06T18:00:00,2026-04-03T18:00:00,completed
RUN00004354,USR006468,MINDGUARD,2026-09-14T12:00:00,new_data,RULE_MG_V0.1,2026-02-02T07:00:00,2026-09-14T12:00:00,completed
RUN00004355,USR006469,MINDGUARD,2026-02-04T11:00:00,new_data,RULE_MG_V0.1,2025-10-16T11:00:00,2026-02-04T11:00:00,completed
RUN00004356,USR006470,MINDGUARD,2026-09-08T23:00:00,new_data,RULE_MG_V0.1,2025-11-21T23:00:00,2026-09-08T23:00:00,completed
RUN00004357,USR006471,HEALTH_RESERVE,2026-06-04T01:00:00,new_data,RULE_HR_V0.1,2026-01-21T01:00:00,2026-06-04T01:00:00,completed
RUN00004358,USR006472,MINDGUARD,2026-05-16T12:00:00,new_data,RULE_MG_V0.1,2025-10-21T12:00:00,2026-05-16T12:00:00,completed
RUN00004359,USR006473,MINDGUARD,2026-02-19T22:00:00,new_data,RULE_MG_V0.1,2025-10-06T22:00:00,2026-02-19T22:00:00,completed
RUN00004360,USR006476,HEALTH_RESERVE,2026-07-18T04:00:00,new_data,RULE_HR_V0.1,2025-12-12T04:00:00,2026-07-18T04:00:00,completed
RUN00004361,USR006479,MINDGUARD,2026-07-12T07:00:00,new_data,RULE_MG_V0.1,2026-01-22T07:00:00,2026-07-12T07:00:00,completed
RUN00004362,USR006481,MINDGUARD,2026-05-04T19:00:00,new_data,RULE_MG_V0.1,2025-11-21T19:00:00,2026-05-04T19:00:00,completed
RUN00004363,USR006482,MINDGUARD,2026-05-24T22:00:00,new_data,RULE_MG_V0.1,2025-12-02T22:00:00,2026-05-24T22:00:00,completed
RUN00004364,USR006483,MINDGUARD,2026-09-14T12:00:00,new_data,RULE_MG_V0.1,2026-02-06T10:00:00,2026-09-14T12:00:00,completed
RUN00004365,USR006484,HEALTH_RESERVE,2026-06-19T16:00:00,new_data,RULE_HR_V0.1,2025-10-02T16:00:00,2026-06-19T16:00:00,completed
RUN00004366,USR006488,MINDGUARD,2026-03-23T18:00:00,new_data,RULE_MG_V0.1,2025-11-23T18:00:00,2026-03-23T18:00:00,completed
RUN00004367,USR006488,HEALTH_RESERVE,2026-05-09T15:00:00,new_data,RULE_HR_V0.1,2025-11-29T15:00:00,2026-05-09T15:00:00,completed
RUN00004368,USR006491,HEALTH_RESERVE,2026-09-14T12:00:00,new_data,RULE_HR_V0.1,2026-01-20T18:00:00,2026-09-14T12:00:00,completed
RUN00004369,USR006493,MINDGUARD,2026-02-13T17:00:00,new_data,RULE_MG_V0.1,2025-10-21T17:00:00,2026-02-13T17:00:00,completed
RUN00004370,USR006494,MINDGUARD,2026-06-05T12:00:00,new_data,RULE_MG_V0.1,2025-10-23T12:00:00,2026-06-05T12:00:00,completed
RUN00004371,USR006495,MINDGUARD,2026-04-05T01:00:00,new_data,RULE_MG_V0.1,2025-10-04T01:00:00,2026-04-05T01:00:00,completed
RUN00004372,USR006496,MINDGUARD,2026-05-12T01:00:00,new_data,RULE_MG_V0.1,2025-11-24T01:00:00,2026-05-12T01:00:00,completed
RUN00004373,USR006497,MINDGUARD,2026-04-25T23:00:00,new_data,RULE_MG_V0.1,2025-10-07T23:00:00,2026-04-25T23:00:00,completed
RUN00004374,USR006500,MINDGUARD,2026-04-03T22:00:00,new_data,RULE_MG_V0.1,2025-10-24T22:00:00,2026-04-03T22:00:00,completed
RUN00004375,USR006501,MINDGUARD,2026-05-16T11:00:00,new_data,RULE_MG_V0.1,2026-02-04T11:00:00,2026-05-16T11:00:00,completed
RUN00004376,USR006503,MINDGUARD,2026-06-11T08:00:00,new_data,RULE_MG_V0.1,2025-10-13T08:00:00,2026-06-11T08:00:00,completed
RUN00004377,USR006504,MINDGUARD,2026-02-04T08:00:00,new_data,RULE_MG_V0.1,2025-09-28T08:00:00,2026-02-04T08:00:00,completed
RUN00004378,USR006506,MINDGUARD,2026-02-12T21:00:00,new_data,RULE_MG_V0.1,2025-09-28T21:00:00,2026-02-12T21:00:00,completed
RUN00004379,USR006509,MINDGUARD,2026-09-01T05:00:00,new_data,RULE_MG_V0.1,2026-01-07T05:00:00,2026-09-01T05:00:00,completed
RUN00004380,USR006511,HEALTH_RESERVE,2026-05-16T03:00:00,new_data,RULE_HR_V0.1,2025-12-27T03:00:00,2026-05-16T03:00:00,completed
RUN00004381,USR006512,MINDGUARD,2026-04-30T07:00:00,new_data,RULE_MG_V0.1,2025-12-08T07:00:00,2026-04-30T07:00:00,completed
RUN00004382,USR006513,MINDGUARD,2026-08-07T15:00:00,new_data,RULE_MG_V0.1,2026-01-10T15:00:00,2026-08-07T15:00:00,completed
RUN00004383,USR006513,HEALTH_RESERVE,2026-09-14T12:00:00,new_data,RULE_HR_V0.1,2026-01-15T11:00:00,2026-09-14T12:00:00,completed
RUN00004384,USR006515,MINDGUARD,2026-08-09T16:00:00,new_data,RULE_MG_V0.1,2025-10-27T16:00:00,2026-08-09T16:00:00,completed
RUN00004385,USR006516,MINDGUARD,2026-07-04T08:00:00,new_data,RULE_MG_V0.1,2025-11-14T08:00:00,2026-07-04T08:00:00,completed
RUN00004386,USR006517,MINDGUARD,2026-08-20T14:00:00,new_data,RULE_MG_V0.1,2026-02-11T14:00:00,2026-08-20T14:00:00,completed
RUN00004387,USR006518,MINDGUARD,2026-05-04T04:00:00,new_data,RULE_MG_V0.1,2025-12-06T04:00:00,2026-05-04T04:00:00,completed
RUN00004388,USR006520,MINDGUARD,2026-08-04T21:00:00,new_data,RULE_MG_V0.1,2025-11-14T21:00:00,2026-08-04T21:00:00,completed
RUN00004389,USR006520,HEALTH_RESERVE,2026-04-28T21:00:00,new_data,RULE_HR_V0.1,2025-11-10T21:00:00,2026-04-28T21:00:00,completed
RUN00004390,USR006524,HEALTH_RESERVE,2026-06-16T17:00:00,new_data,RULE_HR_V0.1,2026-01-07T17:00:00,2026-06-16T17:00:00,completed
RUN00004391,USR006525,HEALTH_RESERVE,2026-08-19T16:00:00,new_data,RULE_HR_V0.1,2025-11-09T16:00:00,2026-08-19T16:00:00,completed
RUN00004392,USR006526,MINDGUARD,2026-03-27T12:00:00,new_data,RULE_MG_V0.1,2025-10-14T12:00:00,2026-03-27T12:00:00,completed
RUN00004393,USR006529,MINDGUARD,2026-09-14T12:00:00,new_data,RULE_MG_V0.1,2025-12-18T01:00:00,2026-09-14T12:00:00,completed
RUN00004394,USR006529,HEALTH_RESERVE,2026-04-10T02:00:00,new_data,RULE_HR_V0.1,2025-12-13T02:00:00,2026-04-10T02:00:00,completed
RUN00004395,USR006530,HEALTH_RESERVE,2026-09-08T14:00:00,new_data,RULE_HR_V0.1,2026-02-15T14:00:00,2026-09-08T14:00:00,completed
RUN00004396,USR006531,MINDGUARD,2026-06-23T02:00:00,new_data,RULE_MG_V0.1,2025-10-15T02:00:00,2026-06-23T02:00:00,completed
RUN00004397,USR006532,HEALTH_RESERVE,2026-04-06T06:00:00,new_data,RULE_HR_V0.1,2025-11-09T06:00:00,2026-04-06T06:00:00,completed
RUN00004398,USR006534,HEALTH_RESERVE,2026-09-14T12:00:00,new_data,RULE_HR_V0.1,2026-02-13T11:00:00,2026-09-14T12:00:00,completed
RUN00004399,USR006535,MINDGUARD,2026-01-17T10:00:00,new_data,RULE_MG_V0.1,2025-10-18T10:00:00,2026-01-17T10:00:00,completed
RUN00004400,USR006535,HEALTH_RESERVE,2026-01-30T08:00:00,new_data,RULE_HR_V0.1,2025-10-19T08:00:00,2026-01-30T08:00:00,completed
RUN00004401,USR006542,MINDGUARD,2026-06-21T16:00:00,new_data,RULE_MG_V0.1,2026-01-15T16:00:00,2026-06-21T16:00:00,completed
RUN00004402,USR006543,MINDGUARD,2026-06-02T12:00:00,new_data,RULE_MG_V0.1,2026-02-04T12:00:00,2026-06-02T12:00:00,completed
RUN00004403,USR006544,MINDGUARD,2026-01-01T21:00:00,new_data,RULE_MG_V0.1,2025-09-23T21:00:00,2026-01-01T21:00:00,completed
RUN00004404,USR006544,HEALTH_RESERVE,2026-01-08T17:00:00,new_data,RULE_HR_V0.1,2025-09-21T17:00:00,2026-01-08T17:00:00,completed
RUN00004405,USR006545,MINDGUARD,2026-06-25T00:00:00,new_data,RULE_MG_V0.1,2026-01-19T00:00:00,2026-06-25T00:00:00,completed
RUN00004406,USR006546,HEALTH_RESERVE,2026-09-14T12:00:00,new_data,RULE_HR_V0.1,2025-12-22T21:00:00,2026-09-14T12:00:00,completed
RUN00004407,USR006547,MINDGUARD,2026-06-02T15:00:00,new_data,RULE_MG_V0.1,2025-10-21T15:00:00,2026-06-02T15:00:00,completed
RUN00004408,USR006548,MINDGUARD,2026-07-31T18:00:00,new_data,RULE_MG_V0.1,2025-12-29T18:00:00,2026-07-31T18:00:00,completed
RUN00004409,USR006554,MINDGUARD,2026-08-25T17:00:00,new_data,RULE_MG_V0.1,2025-12-07T17:00:00,2026-08-25T17:00:00,completed
RUN00004410,USR006554,HEALTH_RESERVE,2026-05-15T19:00:00,new_data,RULE_HR_V0.1,2025-12-07T19:00:00,2026-05-15T19:00:00,completed
RUN00004411,USR006556,MINDGUARD,2026-06-18T15:00:00,new_data,RULE_MG_V0.1,2025-12-16T15:00:00,2026-06-18T15:00:00,completed
RUN00004412,USR006557,MINDGUARD,2026-08-01T00:00:00,new_data,RULE_MG_V0.1,2025-11-15T00:00:00,2026-08-01T00:00:00,completed
RUN00004413,USR006558,HEALTH_RESERVE,2026-07-12T18:00:00,new_data,RULE_HR_V0.1,2025-12-04T18:00:00,2026-07-12T18:00:00,completed
RUN00004414,USR006559,HEALTH_RESERVE,2026-03-02T18:00:00,new_data,RULE_HR_V0.1,2025-10-20T18:00:00,2026-03-02T18:00:00,completed
RUN00004415,USR006560,MINDGUARD,2026-04-11T06:00:00,new_data,RULE_MG_V0.1,2025-11-30T06:00:00,2026-04-11T06:00:00,completed
RUN00004416,USR006561,MINDGUARD,2026-02-12T04:00:00,new_data,RULE_MG_V0.1,2025-09-23T04:00:00,2026-02-12T04:00:00,completed
RUN00004417,USR006562,MINDGUARD,2026-04-06T20:00:00,new_data,RULE_MG_V0.1,2025-12-30T20:00:00,2026-04-06T20:00:00,completed
RUN00004418,USR006563,MINDGUARD,2026-07-09T19:00:00,new_data,RULE_MG_V0.1,2026-01-17T19:00:00,2026-07-09T19:00:00,completed
RUN00004419,USR006564,HEALTH_RESERVE,2026-07-08T07:00:00,new_data,RULE_HR_V0.1,2025-12-04T07:00:00,2026-07-08T07:00:00,completed
RUN00004420,USR006568,MINDGUARD,2026-08-06T07:00:00,new_data,RULE_MG_V0.1,2025-11-29T07:00:00,2026-08-06T07:00:00,completed
RUN00004421,USR006569,HEALTH_RESERVE,2026-09-14T12:00:00,new_data,RULE_HR_V0.1,2025-12-05T01:00:00,2026-09-14T12:00:00,completed
RUN00004422,USR006572,MINDGUARD,2026-05-20T15:00:00,new_data,RULE_MG_V0.1,2025-10-03T15:00:00,2026-05-20T15:00:00,completed
RUN00004423,USR006573,MINDGUARD,2026-05-10T19:00:00,new_data,RULE_MG_V0.1,2026-01-25T19:00:00,2026-05-10T19:00:00,completed
RUN00004424,USR006576,MINDGUARD,2026-09-12T04:00:00,new_data,RULE_MG_V0.1,2026-01-18T04:00:00,2026-09-12T04:00:00,completed
RUN00004425,USR006577,MINDGUARD,2026-06-02T02:00:00,new_data,RULE_MG_V0.1,2026-01-12T02:00:00,2026-06-02T02:00:00,completed
RUN00004426,USR006578,MINDGUARD,2026-09-14T12:00:00,new_data,RULE_MG_V0.1,2026-01-09T16:00:00,2026-09-14T12:00:00,completed
RUN00004427,USR006579,HEALTH_RESERVE,2026-05-22T05:00:00,new_data,RULE_HR_V0.1,2025-09-27T05:00:00,2026-05-22T05:00:00,completed
RUN00004428,USR006582,MINDGUARD,2026-05-13T18:00:00,new_data,RULE_MG_V0.1,2025-10-25T18:00:00,2026-05-13T18:00:00,completed
RUN00004429,USR006582,HEALTH_RESERVE,2026-06-15T14:00:00,new_data,RULE_HR_V0.1,2025-10-12T14:00:00,2026-06-15T14:00:00,completed
RUN00004430,USR006583,MINDGUARD,2026-04-19T13:00:00,new_data,RULE_MG_V0.1,2025-12-26T13:00:00,2026-04-19T13:00:00,completed
RUN00004431,USR006584,HEALTH_RESERVE,2026-02-03T05:00:00,new_data,RULE_HR_V0.1,2025-10-12T05:00:00,2026-02-03T05:00:00,completed
RUN00004432,USR006585,MINDGUARD,2026-03-25T03:00:00,new_data,RULE_MG_V0.1,2025-11-29T03:00:00,2026-03-25T03:00:00,completed
RUN00004433,USR006586,MINDGUARD,2026-09-14T00:00:00,new_data,RULE_MG_V0.1,2025-11-27T00:00:00,2026-09-14T00:00:00,completed
RUN00004434,USR006587,MINDGUARD,2026-03-24T21:00:00,new_data,RULE_MG_V0.1,2025-11-20T21:00:00,2026-03-24T21:00:00,completed
RUN00004435,USR006588,MINDGUARD,2026-04-14T22:00:00,new_data,RULE_MG_V0.1,2025-12-15T22:00:00,2026-04-14T22:00:00,completed
RUN00004436,USR006589,MINDGUARD,2026-02-15T22:00:00,new_data,RULE_MG_V0.1,2025-09-18T22:00:00,2026-02-15T22:00:00,completed
RUN00004437,USR006590,MINDGUARD,2026-07-04T00:00:00,new_data,RULE_MG_V0.1,2025-10-04T00:00:00,2026-07-04T00:00:00,completed
RUN00004438,USR006591,MINDGUARD,2026-05-25T14:00:00,new_data,RULE_MG_V0.1,2026-01-08T14:00:00,2026-05-25T14:00:00,completed
RUN00004439,USR006592,HEALTH_RESERVE,2026-05-17T23:00:00,new_data,RULE_HR_V0.1,2025-12-23T23:00:00,2026-05-17T23:00:00,completed
RUN00004440,USR006593,MINDGUARD,2026-09-01T09:00:00,new_data,RULE_MG_V0.1,2026-01-25T09:00:00,2026-09-01T09:00:00,completed
RUN00004441,USR006593,HEALTH_RESERVE,2026-09-14T12:00:00,new_data,RULE_HR_V0.1,2026-01-30T03:00:00,2026-09-14T12:00:00,completed
RUN00004442,USR006594,MINDGUARD,2026-04-24T11:00:00,new_data,RULE_MG_V0.1,2026-01-20T11:00:00,2026-04-24T11:00:00,completed
RUN00004443,USR006595,MINDGUARD,2026-05-13T03:00:00,new_data,RULE_MG_V0.1,2026-01-20T03:00:00,2026-05-13T03:00:00,completed
RUN00004444,USR006595,HEALTH_RESERVE,2026-06-09T10:00:00,new_data,RULE_HR_V0.1,2026-01-22T10:00:00,2026-06-09T10:00:00,completed
RUN00004445,USR006596,MINDGUARD,2026-03-23T13:00:00,new_data,RULE_MG_V0.1,2025-11-15T13:00:00,2026-03-23T13:00:00,completed
RUN00004446,USR006597,MINDGUARD,2026-01-27T14:00:00,new_data,RULE_MG_V0.1,2025-10-05T14:00:00,2026-01-27T14:00:00,completed
RUN00004447,USR006599,MINDGUARD,2026-04-14T14:00:00,new_data,RULE_MG_V0.1,2026-01-07T14:00:00,2026-04-14T14:00:00,completed
RUN00004448,USR006600,MINDGUARD,2026-05-27T10:00:00,new_data,RULE_MG_V0.1,2025-10-20T10:00:00,2026-05-27T10:00:00,completed
RUN00004449,USR006601,MINDGUARD,2026-06-16T20:00:00,new_data,RULE_MG_V0.1,2025-11-19T20:00:00,2026-06-16T20:00:00,completed
RUN00004450,USR006602,MINDGUARD,2026-04-06T18:00:00,new_data,RULE_MG_V0.1,2025-11-29T18:00:00,2026-04-06T18:00:00,completed
RUN00004451,USR006604,MINDGUARD,2026-06-03T15:00:00,new_data,RULE_MG_V0.1,2026-01-18T15:00:00,2026-06-03T15:00:00,completed
RUN00004452,USR006610,MINDGUARD,2026-05-22T06:00:00,new_data,RULE_MG_V0.1,2025-10-18T06:00:00,2026-05-22T06:00:00,completed
RUN00004453,USR006611,HEALTH_RESERVE,2026-07-04T11:00:00,new_data,RULE_HR_V0.1,2025-10-03T11:00:00,2026-07-04T11:00:00,completed
RUN00004454,USR006612,MINDGUARD,2026-06-20T01:00:00,new_data,RULE_MG_V0.1,2026-01-26T01:00:00,2026-06-20T01:00:00,completed
RUN00004455,USR006613,MINDGUARD,2026-05-29T20:00:00,new_data,RULE_MG_V0.1,2025-11-24T20:00:00,2026-05-29T20:00:00,completed
RUN00004456,USR006614,HEALTH_RESERVE,2026-07-14T17:00:00,new_data,RULE_HR_V0.1,2025-12-20T17:00:00,2026-07-14T17:00:00,completed
RUN00004457,USR006616,MINDGUARD,2026-03-09T09:00:00,new_data,RULE_MG_V0.1,2025-09-30T09:00:00,2026-03-09T09:00:00,completed
RUN00004458,USR006617,MINDGUARD,2026-06-30T14:00:00,new_data,RULE_MG_V0.1,2025-09-16T14:00:00,2026-06-30T14:00:00,completed
RUN00004459,USR006618,MINDGUARD,2026-09-14T12:00:00,new_data,RULE_MG_V0.1,2026-01-23T02:00:00,2026-09-14T12:00:00,completed
RUN00004460,USR006618,HEALTH_RESERVE,2026-09-14T12:00:00,new_data,RULE_HR_V0.1,2026-01-15T08:00:00,2026-09-14T12:00:00,completed
RUN00004461,USR006619,MINDGUARD,2026-07-24T22:00:00,new_data,RULE_MG_V0.1,2025-11-22T22:00:00,2026-07-24T22:00:00,completed
RUN00004462,USR006622,MINDGUARD,2026-02-14T04:00:00,new_data,RULE_MG_V0.1,2025-10-01T04:00:00,2026-02-14T04:00:00,completed
RUN00004463,USR006625,MINDGUARD,2026-09-14T12:00:00,new_data,RULE_MG_V0.1,2025-12-12T19:00:00,2026-09-14T12:00:00,completed
RUN00004464,USR006627,MINDGUARD,2026-04-15T22:00:00,new_data,RULE_MG_V0.1,2025-11-13T22:00:00,2026-04-15T22:00:00,completed
RUN00004465,USR006629,MINDGUARD,2026-09-14T12:00:00,new_data,RULE_MG_V0.1,2025-12-28T12:00:00,2026-09-14T12:00:00,completed
RUN00004466,USR006630,MINDGUARD,2026-05-21T22:00:00,new_data,RULE_MG_V0.1,2025-09-22T22:00:00,2026-05-21T22:00:00,completed
RUN00004467,USR006630,HEALTH_RESERVE,2026-05-20T01:00:00,new_data,RULE_HR_V0.1,2025-09-17T01:00:00,2026-05-20T01:00:00,completed
RUN00004468,USR006631,HEALTH_RESERVE,2026-03-24T21:00:00,new_data,RULE_HR_V0.1,2025-10-23T21:00:00,2026-03-24T21:00:00,completed
RUN00004469,USR006635,HEALTH_RESERVE,2026-07-03T15:00:00,new_data,RULE_HR_V0.1,2025-09-28T15:00:00,2026-07-03T15:00:00,completed
RUN00004470,USR006636,MINDGUARD,2026-03-01T07:00:00,new_data,RULE_MG_V0.1,2025-10-25T07:00:00,2026-03-01T07:00:00,completed
RUN00004471,USR006637,MINDGUARD,2026-09-14T12:00:00,new_data,RULE_MG_V0.1,2026-02-15T06:00:00,2026-09-14T12:00:00,completed
RUN00004472,USR006638,MINDGUARD,2026-06-04T10:00:00,new_data,RULE_MG_V0.1,2025-12-21T10:00:00,2026-06-04T10:00:00,completed
RUN00004473,USR006640,HEALTH_RESERVE,2026-04-24T03:00:00,new_data,RULE_HR_V0.1,2025-12-10T03:00:00,2026-04-24T03:00:00,completed
RUN00004474,USR006643,MINDGUARD,2026-04-12T22:00:00,new_data,RULE_MG_V0.1,2025-09-21T22:00:00,2026-04-12T22:00:00,completed
RUN00004475,USR006643,HEALTH_RESERVE,2025-12-30T06:00:00,new_data,RULE_HR_V0.1,2025-09-22T06:00:00,2025-12-30T06:00:00,completed
RUN00004476,USR006645,MINDGUARD,2026-03-13T09:00:00,new_data,RULE_MG_V0.1,2025-10-01T09:00:00,2026-03-13T09:00:00,completed
RUN00004477,USR006645,HEALTH_RESERVE,2026-03-18T13:00:00,new_data,RULE_HR_V0.1,2025-09-28T13:00:00,2026-03-18T13:00:00,completed
RUN00004478,USR006647,MINDGUARD,2026-05-02T08:00:00,new_data,RULE_MG_V0.1,2025-11-24T08:00:00,2026-05-02T08:00:00,completed
RUN00004479,USR006647,HEALTH_RESERVE,2026-05-19T13:00:00,new_data,RULE_HR_V0.1,2025-11-22T13:00:00,2026-05-19T13:00:00,completed
RUN00004480,USR006652,MINDGUARD,2026-05-25T14:00:00,new_data,RULE_MG_V0.1,2025-12-01T14:00:00,2026-05-25T14:00:00,completed
RUN00004481,USR006652,HEALTH_RESERVE,2026-04-16T13:00:00,new_data,RULE_HR_V0.1,2025-11-23T13:00:00,2026-04-16T13:00:00,completed
RUN00004482,USR006653,MINDGUARD,2026-05-03T08:00:00,new_data,RULE_MG_V0.1,2025-10-18T08:00:00,2026-05-03T08:00:00,completed
RUN00004483,USR006654,MINDGUARD,2026-07-21T07:00:00,new_data,RULE_MG_V0.1,2025-12-25T07:00:00,2026-07-21T07:00:00,completed
RUN00004484,USR006655,MINDGUARD,2026-09-14T12:00:00,new_data,RULE_MG_V0.1,2025-12-31T14:00:00,2026-09-14T12:00:00,completed
RUN00004485,USR006656,HEALTH_RESERVE,2026-05-03T05:00:00,new_data,RULE_HR_V0.1,2025-09-28T05:00:00,2026-05-03T05:00:00,completed
RUN00004486,USR006657,HEALTH_RESERVE,2026-06-14T19:00:00,new_data,RULE_HR_V0.1,2025-10-31T19:00:00,2026-06-14T19:00:00,completed
RUN00004487,USR006659,MINDGUARD,2026-08-28T11:00:00,new_data,RULE_MG_V0.1,2025-11-09T11:00:00,2026-08-28T11:00:00,completed
RUN00004488,USR006660,MINDGUARD,2026-06-01T05:00:00,new_data,RULE_MG_V0.1,2026-02-18T05:00:00,2026-06-01T05:00:00,completed
RUN00004489,USR006662,HEALTH_RESERVE,2026-05-23T18:00:00,new_data,RULE_HR_V0.1,2026-02-08T18:00:00,2026-05-23T18:00:00,completed
RUN00004490,USR006664,MINDGUARD,2026-06-11T15:00:00,new_data,RULE_MG_V0.1,2025-12-31T15:00:00,2026-06-11T15:00:00,completed
RUN00004491,USR006665,HEALTH_RESERVE,2026-08-23T17:00:00,new_data,RULE_HR_V0.1,2026-01-07T17:00:00,2026-08-23T17:00:00,completed
RUN00004492,USR006668,MINDGUARD,2026-07-29T10:00:00,new_data,RULE_MG_V0.1,2026-01-25T10:00:00,2026-07-29T10:00:00,completed
RUN00004493,USR006669,MINDGUARD,2026-08-09T04:00:00,new_data,RULE_MG_V0.1,2026-01-01T04:00:00,2026-08-09T04:00:00,completed
RUN00004494,USR006670,MINDGUARD,2026-05-22T19:00:00,new_data,RULE_MG_V0.1,2025-12-08T19:00:00,2026-05-22T19:00:00,completed
RUN00004495,USR006672,MINDGUARD,2026-07-22T23:00:00,new_data,RULE_MG_V0.1,2025-11-06T23:00:00,2026-07-22T23:00:00,completed
RUN00004496,USR006674,HEALTH_RESERVE,2026-09-14T12:00:00,new_data,RULE_HR_V0.1,2026-02-11T12:00:00,2026-09-14T12:00:00,completed
RUN00004497,USR006675,HEALTH_RESERVE,2026-08-12T14:00:00,new_data,RULE_HR_V0.1,2025-12-10T14:00:00,2026-08-12T14:00:00,completed
RUN00004498,USR006676,MINDGUARD,2026-07-27T03:00:00,new_data,RULE_MG_V0.1,2025-11-10T03:00:00,2026-07-27T03:00:00,completed
RUN00004499,USR006676,HEALTH_RESERVE,2026-06-29T05:00:00,new_data,RULE_HR_V0.1,2025-11-09T05:00:00,2026-06-29T05:00:00,completed
RUN00004500,USR006677,HEALTH_RESERVE,2026-05-04T04:00:00,new_data,RULE_HR_V0.1,2025-09-22T04:00:00,2026-05-04T04:00:00,completed
RUN00004501,USR006678,HEALTH_RESERVE,2026-05-15T11:00:00,new_data,RULE_HR_V0.1,2025-12-05T11:00:00,2026-05-15T11:00:00,completed
RUN00004502,USR006680,MINDGUARD,2026-02-11T23:00:00,new_data,RULE_MG_V0.1,2025-09-28T23:00:00,2026-02-11T23:00:00,completed
RUN00004503,USR006681,MINDGUARD,2026-07-04T03:00:00,new_data,RULE_MG_V0.1,2025-11-18T03:00:00,2026-07-04T03:00:00,completed
RUN00004504,USR006683,HEALTH_RESERVE,2026-07-23T03:00:00,new_data,RULE_HR_V0.1,2025-10-26T03:00:00,2026-07-23T03:00:00,completed
RUN00004505,USR006684,MINDGUARD,2026-05-05T01:00:00,new_data,RULE_MG_V0.1,2025-11-21T01:00:00,2026-05-05T01:00:00,completed
RUN00004506,USR006685,MINDGUARD,2026-04-27T22:00:00,new_data,RULE_MG_V0.1,2025-10-21T22:00:00,2026-04-27T22:00:00,completed
RUN00004507,USR006686,MINDGUARD,2026-04-29T15:00:00,new_data,RULE_MG_V0.1,2025-10-09T15:00:00,2026-04-29T15:00:00,completed
RUN00004508,USR006689,MINDGUARD,2026-06-02T14:00:00,new_data,RULE_MG_V0.1,2025-10-03T14:00:00,2026-06-02T14:00:00,completed
RUN00004509,USR006690,MINDGUARD,2026-07-27T11:00:00,new_data,RULE_MG_V0.1,2025-12-28T11:00:00,2026-07-27T11:00:00,completed
RUN00004510,USR006692,MINDGUARD,2026-04-26T12:00:00,new_data,RULE_MG_V0.1,2025-09-30T12:00:00,2026-04-26T12:00:00,completed
RUN00004511,USR006692,HEALTH_RESERVE,2026-07-26T14:00:00,new_data,RULE_HR_V0.1,2025-10-05T14:00:00,2026-07-26T14:00:00,completed
RUN00004512,USR006695,MINDGUARD,2026-06-09T07:00:00,new_data,RULE_MG_V0.1,2026-01-18T07:00:00,2026-06-09T07:00:00,completed
RUN00004513,USR006696,HEALTH_RESERVE,2026-09-14T12:00:00,new_data,RULE_HR_V0.1,2026-01-19T19:00:00,2026-09-14T12:00:00,completed
RUN00004514,USR006697,MINDGUARD,2026-04-11T05:00:00,new_data,RULE_MG_V0.1,2025-11-15T05:00:00,2026-04-11T05:00:00,completed
RUN00004515,USR006698,HEALTH_RESERVE,2026-04-01T22:00:00,new_data,RULE_HR_V0.1,2025-11-16T22:00:00,2026-04-01T22:00:00,completed
RUN00004516,USR006699,HEALTH_RESERVE,2026-07-09T00:00:00,new_data,RULE_HR_V0.1,2025-10-12T00:00:00,2026-07-09T00:00:00,completed
RUN00004517,USR006700,MINDGUARD,2026-09-14T12:00:00,new_data,RULE_MG_V0.1,2026-01-22T05:00:00,2026-09-14T12:00:00,completed
RUN00004518,USR006701,HEALTH_RESERVE,2026-07-11T14:00:00,new_data,RULE_HR_V0.1,2025-12-27T14:00:00,2026-07-11T14:00:00,completed
RUN00004519,USR006702,MINDGUARD,2026-06-02T13:00:00,new_data,RULE_MG_V0.1,2025-10-10T13:00:00,2026-06-02T13:00:00,completed
RUN00004520,USR006704,HEALTH_RESERVE,2026-05-14T17:00:00,new_data,RULE_HR_V0.1,2025-12-03T17:00:00,2026-05-14T17:00:00,completed
RUN00004521,USR006705,HEALTH_RESERVE,2026-05-21T13:00:00,new_data,RULE_HR_V0.1,2026-02-17T13:00:00,2026-05-21T13:00:00,completed
RUN00004522,USR006709,MINDGUARD,2026-05-16T13:00:00,new_data,RULE_MG_V0.1,2026-01-30T13:00:00,2026-05-16T13:00:00,completed
RUN00004523,USR006710,HEALTH_RESERVE,2026-06-06T20:00:00,new_data,RULE_HR_V0.1,2025-11-13T20:00:00,2026-06-06T20:00:00,completed
RUN00004524,USR006711,MINDGUARD,2026-08-23T12:00:00,new_data,RULE_MG_V0.1,2025-12-05T12:00:00,2026-08-23T12:00:00,completed
RUN00004525,USR006713,HEALTH_RESERVE,2026-05-03T20:00:00,new_data,RULE_HR_V0.1,2026-01-23T20:00:00,2026-05-03T20:00:00,completed
RUN00004526,USR006715,MINDGUARD,2026-09-14T12:00:00,new_data,RULE_MG_V0.1,2026-02-03T06:00:00,2026-09-14T12:00:00,completed
RUN00004527,USR006717,MINDGUARD,2026-06-25T05:00:00,new_data,RULE_MG_V0.1,2026-01-19T05:00:00,2026-06-25T05:00:00,completed
RUN00004528,USR006717,HEALTH_RESERVE,2026-09-14T12:00:00,new_data,RULE_HR_V0.1,2026-01-17T05:00:00,2026-09-14T12:00:00,completed
RUN00004529,USR006718,MINDGUARD,2026-09-14T12:00:00,new_data,RULE_MG_V0.1,2026-01-29T04:00:00,2026-09-14T12:00:00,completed
RUN00004530,USR006720,MINDGUARD,2026-09-14T12:00:00,new_data,RULE_MG_V0.1,2026-01-23T20:00:00,2026-09-14T12:00:00,completed
RUN00004531,USR006723,MINDGUARD,2026-05-07T17:00:00,new_data,RULE_MG_V0.1,2025-10-05T17:00:00,2026-05-07T17:00:00,completed
RUN00004532,USR006724,MINDGUARD,2026-06-08T16:00:00,new_data,RULE_MG_V0.1,2025-10-07T16:00:00,2026-06-08T16:00:00,completed
RUN00004533,USR006725,HEALTH_RESERVE,2026-06-01T10:00:00,new_data,RULE_HR_V0.1,2026-01-03T10:00:00,2026-06-01T10:00:00,completed
RUN00004534,USR006728,MINDGUARD,2026-09-14T12:00:00,new_data,RULE_MG_V0.1,2026-01-19T15:00:00,2026-09-14T12:00:00,completed
RUN00004535,USR006729,MINDGUARD,2026-05-16T15:00:00,new_data,RULE_MG_V0.1,2025-12-14T15:00:00,2026-05-16T15:00:00,completed
RUN00004536,USR006730,MINDGUARD,2026-03-20T22:00:00,new_data,RULE_MG_V0.1,2025-12-18T22:00:00,2026-03-20T22:00:00,completed
RUN00004537,USR006730,HEALTH_RESERVE,2026-06-13T00:00:00,new_data,RULE_HR_V0.1,2025-12-17T00:00:00,2026-06-13T00:00:00,completed
RUN00004538,USR006731,MINDGUARD,2026-03-21T04:00:00,new_data,RULE_MG_V0.1,2025-10-21T04:00:00,2026-03-21T04:00:00,completed
RUN00004539,USR006735,MINDGUARD,2026-07-12T11:00:00,new_data,RULE_MG_V0.1,2025-09-19T11:00:00,2026-07-12T11:00:00,completed
RUN00004540,USR006737,MINDGUARD,2026-05-30T10:00:00,new_data,RULE_MG_V0.1,2025-11-05T10:00:00,2026-05-30T10:00:00,completed
RUN00004541,USR006739,MINDGUARD,2026-01-28T06:00:00,new_data,RULE_MG_V0.1,2025-10-23T06:00:00,2026-01-28T06:00:00,completed
RUN00004542,USR006740,HEALTH_RESERVE,2026-03-26T14:00:00,new_data,RULE_HR_V0.1,2025-12-19T14:00:00,2026-03-26T14:00:00,completed
RUN00004543,USR006743,MINDGUARD,2026-06-04T23:00:00,new_data,RULE_MG_V0.1,2025-09-24T23:00:00,2026-06-04T23:00:00,completed
RUN00004544,USR006744,HEALTH_RESERVE,2026-03-19T08:00:00,new_data,RULE_HR_V0.1,2025-10-10T08:00:00,2026-03-19T08:00:00,completed
RUN00004545,USR006745,MINDGUARD,2026-05-30T15:00:00,new_data,RULE_MG_V0.1,2026-02-12T15:00:00,2026-05-30T15:00:00,completed
RUN00004546,USR006746,MINDGUARD,2026-06-29T14:00:00,new_data,RULE_MG_V0.1,2025-10-29T14:00:00,2026-06-29T14:00:00,completed
RUN00004547,USR006747,MINDGUARD,2026-05-20T03:00:00,new_data,RULE_MG_V0.1,2026-01-12T03:00:00,2026-05-20T03:00:00,completed
RUN00004548,USR006747,HEALTH_RESERVE,2026-09-14T12:00:00,new_data,RULE_HR_V0.1,2026-01-07T00:00:00,2026-09-14T12:00:00,completed
RUN00004549,USR006748,MINDGUARD,2026-09-14T12:00:00,new_data,RULE_MG_V0.1,2026-01-18T01:00:00,2026-09-14T12:00:00,completed
RUN00004550,USR006749,MINDGUARD,2026-05-17T02:00:00,new_data,RULE_MG_V0.1,2026-01-21T02:00:00,2026-05-17T02:00:00,completed
RUN00004551,USR006750,MINDGUARD,2026-07-15T22:00:00,new_data,RULE_MG_V0.1,2025-11-10T22:00:00,2026-07-15T22:00:00,completed
RUN00004552,USR006753,MINDGUARD,2026-09-14T12:00:00,new_data,RULE_MG_V0.1,2026-02-13T13:00:00,2026-09-14T12:00:00,completed
RUN00004553,USR006754,MINDGUARD,2026-05-21T15:00:00,new_data,RULE_MG_V0.1,2025-12-06T15:00:00,2026-05-21T15:00:00,completed
RUN00004554,USR006756,MINDGUARD,2026-09-14T12:00:00,new_data,RULE_MG_V0.1,2025-12-13T18:00:00,2026-09-14T12:00:00,completed
RUN00004555,USR006758,MINDGUARD,2026-03-26T00:00:00,new_data,RULE_MG_V0.1,2025-10-25T00:00:00,2026-03-26T00:00:00,completed
RUN00004556,USR006759,MINDGUARD,2026-03-27T09:00:00,new_data,RULE_MG_V0.1,2025-11-26T09:00:00,2026-03-27T09:00:00,completed
RUN00004557,USR006761,MINDGUARD,2026-04-13T19:00:00,new_data,RULE_MG_V0.1,2025-10-21T19:00:00,2026-04-13T19:00:00,completed
RUN00004558,USR006763,HEALTH_RESERVE,2026-08-11T23:00:00,new_data,RULE_HR_V0.1,2026-01-18T23:00:00,2026-08-11T23:00:00,completed
RUN00004559,USR006764,MINDGUARD,2026-09-14T12:00:00,new_data,RULE_MG_V0.1,2026-02-06T09:00:00,2026-09-14T12:00:00,completed
RUN00004560,USR006766,MINDGUARD,2026-07-08T23:00:00,new_data,RULE_MG_V0.1,2025-10-02T23:00:00,2026-07-08T23:00:00,completed
RUN00004561,USR006768,MINDGUARD,2026-09-14T12:00:00,new_data,RULE_MG_V0.1,2026-01-17T06:00:00,2026-09-14T12:00:00,completed
RUN00004562,USR006768,HEALTH_RESERVE,2026-07-05T05:00:00,new_data,RULE_HR_V0.1,2026-01-28T05:00:00,2026-07-05T05:00:00,completed
RUN00004563,USR006769,HEALTH_RESERVE,2026-08-07T03:00:00,new_data,RULE_HR_V0.1,2026-02-03T03:00:00,2026-08-07T03:00:00,completed
RUN00004564,USR006770,MINDGUARD,2026-04-21T18:00:00,new_data,RULE_MG_V0.1,2025-11-18T18:00:00,2026-04-21T18:00:00,completed
RUN00004565,USR006771,MINDGUARD,2026-03-15T10:00:00,new_data,RULE_MG_V0.1,2025-10-24T10:00:00,2026-03-15T10:00:00,completed
RUN00004566,USR006773,MINDGUARD,2026-05-02T22:00:00,new_data,RULE_MG_V0.1,2026-01-28T22:00:00,2026-05-02T22:00:00,completed
RUN00004567,USR006774,MINDGUARD,2026-05-08T07:00:00,new_data,RULE_MG_V0.1,2026-01-10T07:00:00,2026-05-08T07:00:00,completed
RUN00004568,USR006776,MINDGUARD,2026-08-24T03:00:00,new_data,RULE_MG_V0.1,2025-11-20T03:00:00,2026-08-24T03:00:00,completed
RUN00004569,USR006777,HEALTH_RESERVE,2026-04-16T23:00:00,new_data,RULE_HR_V0.1,2025-10-15T23:00:00,2026-04-16T23:00:00,completed
RUN00004570,USR006778,MINDGUARD,2026-09-14T12:00:00,new_data,RULE_MG_V0.1,2026-02-21T05:00:00,2026-09-14T12:00:00,completed
RUN00004571,USR006781,MINDGUARD,2026-08-22T14:00:00,new_data,RULE_MG_V0.1,2025-12-10T14:00:00,2026-08-22T14:00:00,completed
RUN00004572,USR006784,HEALTH_RESERVE,2026-06-25T03:00:00,new_data,RULE_HR_V0.1,2026-01-17T03:00:00,2026-06-25T03:00:00,completed
RUN00004573,USR006785,MINDGUARD,2026-04-14T08:00:00,new_data,RULE_MG_V0.1,2025-10-17T08:00:00,2026-04-14T08:00:00,completed
RUN00004574,USR006786,MINDGUARD,2026-04-02T04:00:00,new_data,RULE_MG_V0.1,2025-10-06T04:00:00,2026-04-02T04:00:00,completed
RUN00004575,USR006788,MINDGUARD,2025-12-24T06:00:00,new_data,RULE_MG_V0.1,2025-09-23T06:00:00,2025-12-24T06:00:00,completed
RUN00004576,USR006792,HEALTH_RESERVE,2026-06-13T09:00:00,new_data,RULE_HR_V0.1,2025-10-16T09:00:00,2026-06-13T09:00:00,completed
RUN00004577,USR006793,MINDGUARD,2026-08-09T04:00:00,new_data,RULE_MG_V0.1,2026-01-20T04:00:00,2026-08-09T04:00:00,completed
RUN00004578,USR006794,MINDGUARD,2026-03-26T00:00:00,new_data,RULE_MG_V0.1,2025-10-12T00:00:00,2026-03-26T00:00:00,completed
RUN00004579,USR006794,HEALTH_RESERVE,2026-06-17T10:00:00,new_data,RULE_HR_V0.1,2025-10-16T10:00:00,2026-06-17T10:00:00,completed
RUN00004580,USR006795,HEALTH_RESERVE,2026-06-10T18:00:00,new_data,RULE_HR_V0.1,2025-10-13T18:00:00,2026-06-10T18:00:00,completed
RUN00004581,USR006797,MINDGUARD,2026-05-03T06:00:00,new_data,RULE_MG_V0.1,2026-01-13T06:00:00,2026-05-03T06:00:00,completed
RUN00004582,USR006798,MINDGUARD,2026-03-16T16:00:00,new_data,RULE_MG_V0.1,2025-10-02T16:00:00,2026-03-16T16:00:00,completed
RUN00004583,USR006799,MINDGUARD,2026-07-05T17:00:00,new_data,RULE_MG_V0.1,2026-02-17T17:00:00,2026-07-05T17:00:00,completed
RUN00004584,USR006801,MINDGUARD,2026-09-14T12:00:00,new_data,RULE_MG_V0.1,2025-12-20T01:00:00,2026-09-14T12:00:00,completed
RUN00004585,USR006802,MINDGUARD,2026-05-24T15:00:00,new_data,RULE_MG_V0.1,2025-11-01T15:00:00,2026-05-24T15:00:00,completed
RUN00004586,USR006807,MINDGUARD,2026-08-11T20:00:00,new_data,RULE_MG_V0.1,2025-11-10T20:00:00,2026-08-11T20:00:00,completed
RUN00004587,USR006807,HEALTH_RESERVE,2026-03-06T20:00:00,new_data,RULE_HR_V0.1,2025-11-12T20:00:00,2026-03-06T20:00:00,completed
RUN00004588,USR006808,MINDGUARD,2026-04-10T20:00:00,new_data,RULE_MG_V0.1,2025-10-15T20:00:00,2026-04-10T20:00:00,completed
RUN00004589,USR006808,HEALTH_RESERVE,2026-07-09T00:00:00,new_data,RULE_HR_V0.1,2025-10-13T00:00:00,2026-07-09T00:00:00,completed
RUN00004590,USR006811,HEALTH_RESERVE,2026-04-13T13:00:00,new_data,RULE_HR_V0.1,2025-11-11T13:00:00,2026-04-13T13:00:00,completed
RUN00004591,USR006813,MINDGUARD,2026-08-04T15:00:00,new_data,RULE_MG_V0.1,2025-12-29T15:00:00,2026-08-04T15:00:00,completed
RUN00004592,USR006813,HEALTH_RESERVE,2026-03-30T08:00:00,new_data,RULE_HR_V0.1,2025-12-21T08:00:00,2026-03-30T08:00:00,completed
RUN00004593,USR006814,MINDGUARD,2026-05-16T07:00:00,new_data,RULE_MG_V0.1,2025-10-22T07:00:00,2026-05-16T07:00:00,completed
RUN00004594,USR006816,MINDGUARD,2026-03-21T10:00:00,new_data,RULE_MG_V0.1,2025-11-10T10:00:00,2026-03-21T10:00:00,completed
RUN00004595,USR006817,MINDGUARD,2026-02-14T21:00:00,new_data,RULE_MG_V0.1,2025-10-23T21:00:00,2026-02-14T21:00:00,completed
RUN00004596,USR006818,HEALTH_RESERVE,2026-07-01T00:00:00,new_data,RULE_HR_V0.1,2025-10-03T00:00:00,2026-07-01T00:00:00,completed
RUN00004597,USR006819,MINDGUARD,2025-12-28T11:00:00,new_data,RULE_MG_V0.1,2025-09-20T11:00:00,2025-12-28T11:00:00,completed
RUN00004598,USR006821,MINDGUARD,2026-06-29T09:00:00,new_data,RULE_MG_V0.1,2025-11-21T09:00:00,2026-06-29T09:00:00,completed
RUN00004599,USR006823,MINDGUARD,2026-08-07T18:00:00,new_data,RULE_MG_V0.1,2026-01-12T18:00:00,2026-08-07T18:00:00,completed
RUN00004600,USR006824,MINDGUARD,2026-07-23T12:00:00,new_data,RULE_MG_V0.1,2026-02-03T12:00:00,2026-07-23T12:00:00,completed
RUN00004601,USR006825,HEALTH_RESERVE,2026-02-11T16:00:00,new_data,RULE_HR_V0.1,2025-10-06T16:00:00,2026-02-11T16:00:00,completed
RUN00004602,USR006826,HEALTH_RESERVE,2026-09-09T15:00:00,new_data,RULE_HR_V0.1,2026-02-22T15:00:00,2026-09-09T15:00:00,completed
RUN00004603,USR006827,HEALTH_RESERVE,2026-09-14T12:00:00,new_data,RULE_HR_V0.1,2026-02-10T21:00:00,2026-09-14T12:00:00,completed
RUN00004604,USR006829,MINDGUARD,2026-04-10T23:00:00,new_data,RULE_MG_V0.1,2025-09-22T23:00:00,2026-04-10T23:00:00,completed
RUN00004605,USR006830,MINDGUARD,2026-04-01T07:00:00,new_data,RULE_MG_V0.1,2025-11-04T07:00:00,2026-04-01T07:00:00,completed
RUN00004606,USR006830,HEALTH_RESERVE,2026-08-22T14:00:00,new_data,RULE_HR_V0.1,2025-11-08T14:00:00,2026-08-22T14:00:00,completed
RUN00004607,USR006831,MINDGUARD,2026-08-05T04:00:00,new_data,RULE_MG_V0.1,2025-10-19T04:00:00,2026-08-05T04:00:00,completed
RUN00004608,USR006832,MINDGUARD,2026-07-26T20:00:00,new_data,RULE_MG_V0.1,2025-11-27T20:00:00,2026-07-26T20:00:00,completed
RUN00004609,USR006833,MINDGUARD,2026-08-11T16:00:00,new_data,RULE_MG_V0.1,2026-02-12T16:00:00,2026-08-11T16:00:00,completed
RUN00004610,USR006835,MINDGUARD,2026-08-09T23:00:00,new_data,RULE_MG_V0.1,2026-01-18T23:00:00,2026-08-09T23:00:00,completed
RUN00004611,USR006836,HEALTH_RESERVE,2026-05-01T18:00:00,new_data,RULE_HR_V0.1,2025-12-11T18:00:00,2026-05-01T18:00:00,completed
RUN00004612,USR006837,MINDGUARD,2026-05-01T07:00:00,new_data,RULE_MG_V0.1,2025-11-18T07:00:00,2026-05-01T07:00:00,completed
RUN00004613,USR006840,MINDGUARD,2026-06-16T10:00:00,new_data,RULE_MG_V0.1,2026-01-12T10:00:00,2026-06-16T10:00:00,completed
RUN00004614,USR006841,MINDGUARD,2026-07-17T04:00:00,new_data,RULE_MG_V0.1,2026-01-08T04:00:00,2026-07-17T04:00:00,completed
RUN00004615,USR006843,MINDGUARD,2026-05-26T04:00:00,new_data,RULE_MG_V0.1,2025-09-28T04:00:00,2026-05-26T04:00:00,completed
RUN00004616,USR006843,HEALTH_RESERVE,2026-07-03T02:00:00,new_data,RULE_HR_V0.1,2025-09-24T02:00:00,2026-07-03T02:00:00,completed
RUN00004617,USR006844,HEALTH_RESERVE,2026-04-02T19:00:00,new_data,RULE_HR_V0.1,2025-11-17T19:00:00,2026-04-02T19:00:00,completed
RUN00004618,USR006847,MINDGUARD,2026-08-25T07:00:00,new_data,RULE_MG_V0.1,2026-01-09T07:00:00,2026-08-25T07:00:00,completed
RUN00004619,USR006849,MINDGUARD,2026-08-04T02:00:00,new_data,RULE_MG_V0.1,2025-12-25T02:00:00,2026-08-04T02:00:00,completed
RUN00004620,USR006850,MINDGUARD,2026-01-06T10:00:00,new_data,RULE_MG_V0.1,2025-10-07T10:00:00,2026-01-06T10:00:00,completed
RUN00004621,USR006851,MINDGUARD,2026-03-21T03:00:00,new_data,RULE_MG_V0.1,2025-10-23T03:00:00,2026-03-21T03:00:00,completed
RUN00004622,USR006852,HEALTH_RESERVE,2026-08-14T18:00:00,new_data,RULE_HR_V0.1,2026-02-15T18:00:00,2026-08-14T18:00:00,completed
RUN00004623,USR006853,MINDGUARD,2026-08-29T23:00:00,new_data,RULE_MG_V0.1,2026-02-14T23:00:00,2026-08-29T23:00:00,completed
RUN00004624,USR006854,MINDGUARD,2026-03-13T00:00:00,new_data,RULE_MG_V0.1,2025-10-22T00:00:00,2026-03-13T00:00:00,completed
RUN00004625,USR006855,HEALTH_RESERVE,2026-09-14T12:00:00,new_data,RULE_HR_V0.1,2026-02-09T19:00:00,2026-09-14T12:00:00,completed
RUN00004626,USR006856,MINDGUARD,2026-03-22T13:00:00,new_data,RULE_MG_V0.1,2025-11-15T13:00:00,2026-03-22T13:00:00,completed
RUN00004627,USR006857,MINDGUARD,2026-06-11T02:00:00,new_data,RULE_MG_V0.1,2025-12-05T02:00:00,2026-06-11T02:00:00,completed
RUN00004628,USR006858,MINDGUARD,2026-02-20T10:00:00,new_data,RULE_MG_V0.1,2025-10-05T10:00:00,2026-02-20T10:00:00,completed
RUN00004629,USR006859,MINDGUARD,2026-07-29T14:00:00,new_data,RULE_MG_V0.1,2025-12-09T14:00:00,2026-07-29T14:00:00,completed
RUN00004630,USR006865,MINDGUARD,2026-08-11T06:00:00,new_data,RULE_MG_V0.1,2025-12-09T06:00:00,2026-08-11T06:00:00,completed
RUN00004631,USR006866,MINDGUARD,2026-09-14T12:00:00,new_data,RULE_MG_V0.1,2026-02-05T06:00:00,2026-09-14T12:00:00,completed
RUN00004632,USR006867,MINDGUARD,2026-06-15T08:00:00,new_data,RULE_MG_V0.1,2026-02-02T08:00:00,2026-06-15T08:00:00,completed
RUN00004633,USR006868,MINDGUARD,2026-09-14T12:00:00,new_data,RULE_MG_V0.1,2026-01-06T11:00:00,2026-09-14T12:00:00,completed
RUN00004634,USR006869,MINDGUARD,2026-05-05T08:00:00,new_data,RULE_MG_V0.1,2025-11-01T08:00:00,2026-05-05T08:00:00,completed
RUN00004635,USR006870,HEALTH_RESERVE,2026-05-13T17:00:00,new_data,RULE_HR_V0.1,2025-11-16T17:00:00,2026-05-13T17:00:00,completed
RUN00004636,USR006871,HEALTH_RESERVE,2026-07-19T22:00:00,new_data,RULE_HR_V0.1,2025-10-08T22:00:00,2026-07-19T22:00:00,completed
RUN00004637,USR006874,MINDGUARD,2026-08-04T15:00:00,new_data,RULE_MG_V0.1,2025-12-29T15:00:00,2026-08-04T15:00:00,completed
RUN00004638,USR006877,MINDGUARD,2026-04-27T20:00:00,new_data,RULE_MG_V0.1,2025-11-11T20:00:00,2026-04-27T20:00:00,completed
RUN00004639,USR006878,MINDGUARD,2026-05-19T05:00:00,new_data,RULE_MG_V0.1,2025-11-23T05:00:00,2026-05-19T05:00:00,completed
RUN00004640,USR006880,MINDGUARD,2026-04-22T03:00:00,new_data,RULE_MG_V0.1,2025-10-09T03:00:00,2026-04-22T03:00:00,completed
RUN00004641,USR006882,MINDGUARD,2026-03-15T20:00:00,new_data,RULE_MG_V0.1,2025-12-11T20:00:00,2026-03-15T20:00:00,completed
RUN00004642,USR006883,HEALTH_RESERVE,2026-09-14T12:00:00,new_data,RULE_HR_V0.1,2026-01-28T21:00:00,2026-09-14T12:00:00,completed
RUN00004643,USR006885,HEALTH_RESERVE,2026-08-25T03:00:00,new_data,RULE_HR_V0.1,2025-11-21T03:00:00,2026-08-25T03:00:00,completed
RUN00004644,USR006887,MINDGUARD,2026-09-14T12:00:00,new_data,RULE_MG_V0.1,2026-02-12T14:00:00,2026-09-14T12:00:00,completed
RUN00004645,USR006888,MINDGUARD,2026-09-14T12:00:00,new_data,RULE_MG_V0.1,2026-01-29T14:00:00,2026-09-14T12:00:00,completed
RUN00004646,USR006891,MINDGUARD,2026-03-27T04:00:00,new_data,RULE_MG_V0.1,2025-09-21T04:00:00,2026-03-27T04:00:00,completed
RUN00004647,USR006894,MINDGUARD,2026-06-17T10:00:00,new_data,RULE_MG_V0.1,2025-12-31T10:00:00,2026-06-17T10:00:00,completed
RUN00004648,USR006895,MINDGUARD,2026-09-14T12:00:00,new_data,RULE_MG_V0.1,2026-01-23T10:00:00,2026-09-14T12:00:00,completed
RUN00004649,USR006896,MINDGUARD,2026-06-26T10:00:00,new_data,RULE_MG_V0.1,2025-10-11T10:00:00,2026-06-26T10:00:00,completed
RUN00004650,USR006897,MINDGUARD,2026-06-12T15:00:00,new_data,RULE_MG_V0.1,2025-10-26T15:00:00,2026-06-12T15:00:00,completed
RUN00004651,USR006899,HEALTH_RESERVE,2026-08-21T08:00:00,new_data,RULE_HR_V0.1,2025-11-08T08:00:00,2026-08-21T08:00:00,completed
RUN00004652,USR006900,MINDGUARD,2026-05-13T04:00:00,new_data,RULE_MG_V0.1,2025-09-28T04:00:00,2026-05-13T04:00:00,completed
RUN00004653,USR006902,MINDGUARD,2026-08-14T19:00:00,new_data,RULE_MG_V0.1,2025-10-22T19:00:00,2026-08-14T19:00:00,completed
RUN00004654,USR006903,MINDGUARD,2026-07-25T00:00:00,new_data,RULE_MG_V0.1,2025-10-06T00:00:00,2026-07-25T00:00:00,completed
RUN00004655,USR006904,MINDGUARD,2026-08-31T03:00:00,new_data,RULE_MG_V0.1,2025-12-20T03:00:00,2026-08-31T03:00:00,completed
RUN00004656,USR006904,HEALTH_RESERVE,2026-03-23T20:00:00,new_data,RULE_HR_V0.1,2025-12-19T20:00:00,2026-03-23T20:00:00,completed
RUN00004657,USR006907,MINDGUARD,2026-09-14T12:00:00,new_data,RULE_MG_V0.1,2025-12-17T00:00:00,2026-09-14T12:00:00,completed
RUN00004658,USR006909,HEALTH_RESERVE,2026-05-19T14:00:00,new_data,RULE_HR_V0.1,2025-09-28T14:00:00,2026-05-19T14:00:00,completed
RUN00004659,USR006911,MINDGUARD,2026-04-02T16:00:00,new_data,RULE_MG_V0.1,2026-01-02T16:00:00,2026-04-02T16:00:00,completed
RUN00004660,USR006913,MINDGUARD,2026-04-15T19:00:00,new_data,RULE_MG_V0.1,2025-12-03T19:00:00,2026-04-15T19:00:00,completed
RUN00004661,USR006916,MINDGUARD,2026-03-11T08:00:00,new_data,RULE_MG_V0.1,2025-10-14T08:00:00,2026-03-11T08:00:00,completed
RUN00004662,USR006916,HEALTH_RESERVE,2026-01-24T02:00:00,new_data,RULE_HR_V0.1,2025-10-08T02:00:00,2026-01-24T02:00:00,completed
RUN00004663,USR006917,HEALTH_RESERVE,2026-08-06T13:00:00,new_data,RULE_HR_V0.1,2025-12-20T13:00:00,2026-08-06T13:00:00,completed
RUN00004664,USR006920,MINDGUARD,2026-07-16T01:00:00,new_data,RULE_MG_V0.1,2025-12-09T01:00:00,2026-07-16T01:00:00,completed
RUN00004665,USR006923,MINDGUARD,2026-02-22T11:00:00,new_data,RULE_MG_V0.1,2025-11-02T11:00:00,2026-02-22T11:00:00,completed
RUN00004666,USR006924,HEALTH_RESERVE,2026-05-21T16:00:00,new_data,RULE_HR_V0.1,2025-10-26T16:00:00,2026-05-21T16:00:00,completed
RUN00004667,USR006929,MINDGUARD,2026-09-14T12:00:00,new_data,RULE_MG_V0.1,2026-01-27T14:00:00,2026-09-14T12:00:00,completed
RUN00004668,USR006929,HEALTH_RESERVE,2026-09-14T12:00:00,new_data,RULE_HR_V0.1,2026-01-20T15:00:00,2026-09-14T12:00:00,completed
RUN00004669,USR006930,MINDGUARD,2026-05-20T10:00:00,new_data,RULE_MG_V0.1,2026-01-25T10:00:00,2026-05-20T10:00:00,completed
RUN00004670,USR006931,MINDGUARD,2026-01-29T18:00:00,new_data,RULE_MG_V0.1,2025-10-24T18:00:00,2026-01-29T18:00:00,completed
RUN00004671,USR006933,MINDGUARD,2026-08-20T03:00:00,new_data,RULE_MG_V0.1,2026-02-10T03:00:00,2026-08-20T03:00:00,completed
RUN00004672,USR006936,HEALTH_RESERVE,2026-08-14T00:00:00,new_data,RULE_HR_V0.1,2025-11-17T00:00:00,2026-08-14T00:00:00,completed
RUN00004673,USR006937,MINDGUARD,2026-06-19T20:00:00,new_data,RULE_MG_V0.1,2025-12-14T20:00:00,2026-06-19T20:00:00,completed
RUN00004674,USR006938,MINDGUARD,2026-04-13T14:00:00,new_data,RULE_MG_V0.1,2025-10-03T14:00:00,2026-04-13T14:00:00,completed
RUN00004675,USR006939,MINDGUARD,2026-09-14T12:00:00,new_data,RULE_MG_V0.1,2026-02-24T18:00:00,2026-09-14T12:00:00,completed
RUN00004676,USR006940,MINDGUARD,2026-03-11T00:00:00,new_data,RULE_MG_V0.1,2025-11-13T00:00:00,2026-03-11T00:00:00,completed
RUN00004677,USR006942,MINDGUARD,2026-06-15T15:00:00,new_data,RULE_MG_V0.1,2025-11-06T15:00:00,2026-06-15T15:00:00,completed
RUN00004678,USR006943,MINDGUARD,2026-05-27T16:00:00,new_data,RULE_MG_V0.1,2026-01-18T16:00:00,2026-05-27T16:00:00,completed
RUN00004679,USR006943,HEALTH_RESERVE,2026-05-24T14:00:00,new_data,RULE_HR_V0.1,2026-01-17T14:00:00,2026-05-24T14:00:00,completed
RUN00004680,USR006944,MINDGUARD,2026-09-14T12:00:00,new_data,RULE_MG_V0.1,2026-01-30T16:00:00,2026-09-14T12:00:00,completed
RUN00004681,USR006946,HEALTH_RESERVE,2026-07-13T19:00:00,new_data,RULE_HR_V0.1,2025-11-05T19:00:00,2026-07-13T19:00:00,completed
RUN00004682,USR006949,MINDGUARD,2026-06-14T13:00:00,new_data,RULE_MG_V0.1,2026-02-06T13:00:00,2026-06-14T13:00:00,completed
RUN00004683,USR006950,HEALTH_RESERVE,2026-09-14T12:00:00,new_data,RULE_HR_V0.1,2026-01-19T08:00:00,2026-09-14T12:00:00,completed
RUN00004684,USR006951,MINDGUARD,2026-06-23T05:00:00,new_data,RULE_MG_V0.1,2025-12-04T05:00:00,2026-06-23T05:00:00,completed
RUN00004685,USR006951,HEALTH_RESERVE,2026-05-29T04:00:00,new_data,RULE_HR_V0.1,2025-11-29T04:00:00,2026-05-29T04:00:00,completed
RUN00004686,USR006952,HEALTH_RESERVE,2026-06-05T13:00:00,new_data,RULE_HR_V0.1,2025-10-18T13:00:00,2026-06-05T13:00:00,completed
RUN00004687,USR006953,HEALTH_RESERVE,2026-09-06T20:00:00,new_data,RULE_HR_V0.1,2026-01-03T20:00:00,2026-09-06T20:00:00,completed
RUN00004688,USR006954,MINDGUARD,2026-09-14T12:00:00,new_data,RULE_MG_V0.1,2025-12-26T21:00:00,2026-09-14T12:00:00,completed
RUN00004689,USR006956,MINDGUARD,2026-02-10T21:00:00,new_data,RULE_MG_V0.1,2025-09-30T21:00:00,2026-02-10T21:00:00,completed
RUN00004690,USR006957,HEALTH_RESERVE,2026-02-01T16:00:00,new_data,RULE_HR_V0.1,2025-10-28T16:00:00,2026-02-01T16:00:00,completed
RUN00004691,USR006958,MINDGUARD,2026-01-17T00:00:00,new_data,RULE_MG_V0.1,2025-10-14T00:00:00,2026-01-17T00:00:00,completed
RUN00004692,USR006959,HEALTH_RESERVE,2026-07-22T11:00:00,new_data,RULE_HR_V0.1,2025-11-05T11:00:00,2026-07-22T11:00:00,completed
RUN00004693,USR006960,MINDGUARD,2026-08-25T05:00:00,new_data,RULE_MG_V0.1,2026-01-17T05:00:00,2026-08-25T05:00:00,completed
RUN00004694,USR006960,HEALTH_RESERVE,2026-07-11T00:00:00,new_data,RULE_HR_V0.1,2026-01-10T00:00:00,2026-07-11T00:00:00,completed
RUN00004695,USR006961,HEALTH_RESERVE,2026-04-06T02:00:00,new_data,RULE_HR_V0.1,2025-12-14T02:00:00,2026-04-06T02:00:00,completed
RUN00004696,USR006962,MINDGUARD,2026-06-09T16:00:00,new_data,RULE_MG_V0.1,2025-10-14T16:00:00,2026-06-09T16:00:00,completed
RUN00004697,USR006963,MINDGUARD,2026-08-16T15:00:00,new_data,RULE_MG_V0.1,2026-01-31T15:00:00,2026-08-16T15:00:00,completed
RUN00004698,USR006964,MINDGUARD,2026-05-07T07:00:00,new_data,RULE_MG_V0.1,2025-10-11T07:00:00,2026-05-07T07:00:00,completed
RUN00004699,USR006965,MINDGUARD,2026-06-03T20:00:00,new_data,RULE_MG_V0.1,2025-10-18T20:00:00,2026-06-03T20:00:00,completed
RUN00004700,USR006966,MINDGUARD,2026-07-22T08:00:00,new_data,RULE_MG_V0.1,2025-10-24T08:00:00,2026-07-22T08:00:00,completed
RUN00004701,USR006967,MINDGUARD,2026-02-12T10:00:00,new_data,RULE_MG_V0.1,2025-10-26T10:00:00,2026-02-12T10:00:00,completed
RUN00004702,USR006968,MINDGUARD,2026-09-14T12:00:00,new_data,RULE_MG_V0.1,2026-01-21T05:00:00,2026-09-14T12:00:00,completed
RUN00004703,USR006972,MINDGUARD,2026-03-12T09:00:00,new_data,RULE_MG_V0.1,2025-10-01T09:00:00,2026-03-12T09:00:00,completed
RUN00004704,USR006973,MINDGUARD,2026-04-28T03:00:00,new_data,RULE_MG_V0.1,2025-11-04T03:00:00,2026-04-28T03:00:00,completed
RUN00004705,USR006975,MINDGUARD,2026-07-02T08:00:00,new_data,RULE_MG_V0.1,2026-01-01T08:00:00,2026-07-02T08:00:00,completed
RUN00004706,USR006976,MINDGUARD,2026-08-17T11:00:00,new_data,RULE_MG_V0.1,2025-11-29T11:00:00,2026-08-17T11:00:00,completed
RUN00004707,USR006977,MINDGUARD,2026-05-01T08:00:00,new_data,RULE_MG_V0.1,2025-11-15T08:00:00,2026-05-01T08:00:00,completed
RUN00004708,USR006981,MINDGUARD,2026-07-23T19:00:00,new_data,RULE_MG_V0.1,2025-11-21T19:00:00,2026-07-23T19:00:00,completed
RUN00004709,USR006981,HEALTH_RESERVE,2026-06-29T20:00:00,new_data,RULE_HR_V0.1,2025-11-24T20:00:00,2026-06-29T20:00:00,completed
RUN00004710,USR006982,MINDGUARD,2026-03-14T11:00:00,new_data,RULE_MG_V0.1,2025-12-05T11:00:00,2026-03-14T11:00:00,completed
RUN00004711,USR006983,MINDGUARD,2026-06-02T20:00:00,new_data,RULE_MG_V0.1,2025-11-09T20:00:00,2026-06-02T20:00:00,completed
RUN00004712,USR006986,MINDGUARD,2026-04-28T12:00:00,new_data,RULE_MG_V0.1,2026-01-05T12:00:00,2026-04-28T12:00:00,completed
RUN00004713,USR006987,HEALTH_RESERVE,2026-08-16T20:00:00,new_data,RULE_HR_V0.1,2025-12-10T20:00:00,2026-08-16T20:00:00,completed
RUN00004714,USR006988,MINDGUARD,2026-02-08T01:00:00,new_data,RULE_MG_V0.1,2025-10-06T01:00:00,2026-02-08T01:00:00,completed
RUN00004715,USR006991,MINDGUARD,2026-06-28T00:00:00,new_data,RULE_MG_V0.1,2025-10-18T00:00:00,2026-06-28T00:00:00,completed
RUN00004716,USR006992,MINDGUARD,2026-07-21T10:00:00,new_data,RULE_MG_V0.1,2025-10-07T10:00:00,2026-07-21T10:00:00,completed
RUN00004717,USR006992,HEALTH_RESERVE,2026-04-24T01:00:00,new_data,RULE_HR_V0.1,2025-10-01T01:00:00,2026-04-24T01:00:00,completed
RUN00004718,USR006994,MINDGUARD,2026-07-01T14:00:00,new_data,RULE_MG_V0.1,2025-12-11T14:00:00,2026-07-01T14:00:00,completed
RUN00004719,USR006996,HEALTH_RESERVE,2026-05-09T09:00:00,new_data,RULE_HR_V0.1,2025-11-28T09:00:00,2026-05-09T09:00:00,completed
RUN00004720,USR006998,MINDGUARD,2026-04-20T08:00:00,new_data,RULE_MG_V0.1,2025-09-29T08:00:00,2026-04-20T08:00:00,completed
RUN00004721,USR006999,HEALTH_RESERVE,2026-03-05T19:00:00,new_data,RULE_HR_V0.1,2025-12-03T19:00:00,2026-03-05T19:00:00,completed
RUN00004722,USR007001,HEALTH_RESERVE,2026-05-29T12:00:00,new_data,RULE_HR_V0.1,2026-02-05T12:00:00,2026-05-29T12:00:00,completed
RUN00004723,USR007002,MINDGUARD,2026-05-12T11:00:00,new_data,RULE_MG_V0.1,2025-09-23T11:00:00,2026-05-12T11:00:00,completed
RUN00004724,USR007006,MINDGUARD,2026-04-26T04:00:00,new_data,RULE_MG_V0.1,2025-12-30T04:00:00,2026-04-26T04:00:00,completed
RUN00004725,USR007008,MINDGUARD,2025-12-21T03:00:00,new_data,RULE_MG_V0.1,2025-09-16T03:00:00,2025-12-21T03:00:00,completed
RUN00004726,USR007009,HEALTH_RESERVE,2026-06-25T14:00:00,new_data,RULE_HR_V0.1,2025-11-05T14:00:00,2026-06-25T14:00:00,completed
RUN00004727,USR007011,MINDGUARD,2026-07-12T20:00:00,new_data,RULE_MG_V0.1,2025-10-23T20:00:00,2026-07-12T20:00:00,completed
RUN00004728,USR007012,MINDGUARD,2026-06-16T00:00:00,new_data,RULE_MG_V0.1,2025-11-28T00:00:00,2026-06-16T00:00:00,completed
RUN00004729,USR007013,MINDGUARD,2026-01-15T08:00:00,new_data,RULE_MG_V0.1,2025-09-29T08:00:00,2026-01-15T08:00:00,completed
RUN00004730,USR007015,MINDGUARD,2026-06-09T04:00:00,new_data,RULE_MG_V0.1,2025-12-20T04:00:00,2026-06-09T04:00:00,completed
RUN00004731,USR007016,MINDGUARD,2026-05-18T17:00:00,new_data,RULE_MG_V0.1,2025-10-24T17:00:00,2026-05-18T17:00:00,completed
RUN00004732,USR007018,MINDGUARD,2026-09-10T19:00:00,new_data,RULE_MG_V0.1,2025-12-06T19:00:00,2026-09-10T19:00:00,completed
RUN00004733,USR007019,MINDGUARD,2026-04-11T06:00:00,new_data,RULE_MG_V0.1,2026-01-01T06:00:00,2026-04-11T06:00:00,completed
RUN00004734,USR007020,MINDGUARD,2026-03-18T06:00:00,new_data,RULE_MG_V0.1,2025-10-05T06:00:00,2026-03-18T06:00:00,completed
RUN00004735,USR007021,MINDGUARD,2026-09-14T12:00:00,new_data,RULE_MG_V0.1,2026-01-22T13:00:00,2026-09-14T12:00:00,completed
RUN00004736,USR007023,HEALTH_RESERVE,2026-07-08T23:00:00,new_data,RULE_HR_V0.1,2026-01-02T23:00:00,2026-07-08T23:00:00,completed
RUN00004737,USR007025,MINDGUARD,2026-04-29T22:00:00,new_data,RULE_MG_V0.1,2026-01-25T22:00:00,2026-04-29T22:00:00,completed
RUN00004738,USR007027,HEALTH_RESERVE,2026-06-14T07:00:00,new_data,RULE_HR_V0.1,2026-02-12T07:00:00,2026-06-14T07:00:00,completed
RUN00004739,USR007028,MINDGUARD,2026-09-06T08:00:00,new_data,RULE_MG_V0.1,2026-01-09T08:00:00,2026-09-06T08:00:00,completed
RUN00004740,USR007030,MINDGUARD,2026-04-14T10:00:00,new_data,RULE_MG_V0.1,2025-12-08T10:00:00,2026-04-14T10:00:00,completed
RUN00004741,USR007031,HEALTH_RESERVE,2026-05-01T06:00:00,new_data,RULE_HR_V0.1,2025-12-13T06:00:00,2026-05-01T06:00:00,completed
RUN00004742,USR007032,MINDGUARD,2026-09-14T12:00:00,new_data,RULE_MG_V0.1,2026-01-23T18:00:00,2026-09-14T12:00:00,completed
RUN00004743,USR007032,HEALTH_RESERVE,2026-07-24T12:00:00,new_data,RULE_HR_V0.1,2026-01-30T12:00:00,2026-07-24T12:00:00,completed
RUN00004744,USR007033,HEALTH_RESERVE,2026-07-22T08:00:00,new_data,RULE_HR_V0.1,2026-02-01T08:00:00,2026-07-22T08:00:00,completed
RUN00004745,USR007035,MINDGUARD,2026-09-11T11:00:00,new_data,RULE_MG_V0.1,2026-01-10T11:00:00,2026-09-11T11:00:00,completed
RUN00004746,USR007036,MINDGUARD,2026-04-23T18:00:00,new_data,RULE_MG_V0.1,2026-01-06T18:00:00,2026-04-23T18:00:00,completed
RUN00004747,USR007037,HEALTH_RESERVE,2026-09-14T12:00:00,new_data,RULE_HR_V0.1,2026-01-17T09:00:00,2026-09-14T12:00:00,completed
RUN00004748,USR007038,MINDGUARD,2026-06-08T22:00:00,new_data,RULE_MG_V0.1,2026-02-12T22:00:00,2026-06-08T22:00:00,completed
RUN00004749,USR007040,MINDGUARD,2026-01-15T21:00:00,new_data,RULE_MG_V0.1,2025-09-30T21:00:00,2026-01-15T21:00:00,completed
RUN00004750,USR007043,MINDGUARD,2026-09-05T20:00:00,new_data,RULE_MG_V0.1,2025-11-25T20:00:00,2026-09-05T20:00:00,completed
RUN00004751,USR007044,MINDGUARD,2026-02-16T23:00:00,new_data,RULE_MG_V0.1,2025-10-12T23:00:00,2026-02-16T23:00:00,completed
RUN00004752,USR007045,HEALTH_RESERVE,2026-07-02T22:00:00,new_data,RULE_HR_V0.1,2025-10-03T22:00:00,2026-07-02T22:00:00,completed
RUN00004753,USR007051,MINDGUARD,2026-07-02T14:00:00,new_data,RULE_MG_V0.1,2025-09-30T14:00:00,2026-07-02T14:00:00,completed
RUN00004754,USR007052,MINDGUARD,2026-07-29T00:00:00,new_data,RULE_MG_V0.1,2025-10-24T00:00:00,2026-07-29T00:00:00,completed
RUN00004755,USR007053,MINDGUARD,2026-06-03T07:00:00,new_data,RULE_MG_V0.1,2025-11-17T07:00:00,2026-06-03T07:00:00,completed
RUN00004756,USR007054,MINDGUARD,2026-06-19T10:00:00,new_data,RULE_MG_V0.1,2025-11-24T10:00:00,2026-06-19T10:00:00,completed
RUN00004757,USR007054,HEALTH_RESERVE,2026-03-26T11:00:00,new_data,RULE_HR_V0.1,2025-11-26T11:00:00,2026-03-26T11:00:00,completed
RUN00004758,USR007055,MINDGUARD,2026-03-04T19:00:00,new_data,RULE_MG_V0.1,2025-10-18T19:00:00,2026-03-04T19:00:00,completed
RUN00004759,USR007056,MINDGUARD,2026-07-12T02:00:00,new_data,RULE_MG_V0.1,2026-01-15T02:00:00,2026-07-12T02:00:00,completed
RUN00004760,USR007057,MINDGUARD,2026-04-25T18:00:00,new_data,RULE_MG_V0.1,2025-11-15T18:00:00,2026-04-25T18:00:00,completed
RUN00004761,USR007058,MINDGUARD,2026-05-20T17:00:00,new_data,RULE_MG_V0.1,2025-09-22T17:00:00,2026-05-20T17:00:00,completed
RUN00004762,USR007059,MINDGUARD,2026-09-14T12:00:00,new_data,RULE_MG_V0.1,2025-12-17T12:00:00,2026-09-14T12:00:00,completed
RUN00004763,USR007061,MINDGUARD,2026-02-23T20:00:00,new_data,RULE_MG_V0.1,2025-11-05T20:00:00,2026-02-23T20:00:00,completed
RUN00004764,USR007063,MINDGUARD,2026-09-14T12:00:00,new_data,RULE_MG_V0.1,2026-01-24T10:00:00,2026-09-14T12:00:00,completed
RUN00004765,USR007064,HEALTH_RESERVE,2026-07-15T06:00:00,new_data,RULE_HR_V0.1,2025-11-02T06:00:00,2026-07-15T06:00:00,completed
RUN00004766,USR007065,MINDGUARD,2026-05-09T01:00:00,new_data,RULE_MG_V0.1,2025-10-13T01:00:00,2026-05-09T01:00:00,completed
RUN00004767,USR007066,MINDGUARD,2026-04-12T12:00:00,new_data,RULE_MG_V0.1,2025-12-31T12:00:00,2026-04-12T12:00:00,completed
RUN00004768,USR007069,MINDGUARD,2026-05-11T12:00:00,new_data,RULE_MG_V0.1,2025-12-20T12:00:00,2026-05-11T12:00:00,completed
RUN00004769,USR007070,HEALTH_RESERVE,2026-06-30T00:00:00,new_data,RULE_HR_V0.1,2025-12-24T00:00:00,2026-06-30T00:00:00,completed
RUN00004770,USR007071,HEALTH_RESERVE,2026-07-11T07:00:00,new_data,RULE_HR_V0.1,2025-10-27T07:00:00,2026-07-11T07:00:00,completed
RUN00004771,USR007072,MINDGUARD,2026-04-07T15:00:00,new_data,RULE_MG_V0.1,2025-11-26T15:00:00,2026-04-07T15:00:00,completed
RUN00004772,USR007073,MINDGUARD,2026-07-10T10:00:00,new_data,RULE_MG_V0.1,2026-01-18T10:00:00,2026-07-10T10:00:00,completed
RUN00004773,USR007074,MINDGUARD,2026-07-11T09:00:00,new_data,RULE_MG_V0.1,2025-11-03T09:00:00,2026-07-11T09:00:00,completed
RUN00004774,USR007075,MINDGUARD,2026-03-05T06:00:00,new_data,RULE_MG_V0.1,2025-11-09T06:00:00,2026-03-05T06:00:00,completed
RUN00004775,USR007076,MINDGUARD,2026-06-19T08:00:00,new_data,RULE_MG_V0.1,2025-12-28T08:00:00,2026-06-19T08:00:00,completed
RUN00004776,USR007077,HEALTH_RESERVE,2026-07-29T20:00:00,new_data,RULE_HR_V0.1,2026-02-10T20:00:00,2026-07-29T20:00:00,completed
RUN00004777,USR007078,MINDGUARD,2026-08-20T16:00:00,new_data,RULE_MG_V0.1,2026-01-03T16:00:00,2026-08-20T16:00:00,completed
RUN00004778,USR007081,MINDGUARD,2026-04-03T18:00:00,new_data,RULE_MG_V0.1,2025-11-21T18:00:00,2026-04-03T18:00:00,completed
RUN00004779,USR007082,MINDGUARD,2026-07-06T18:00:00,new_data,RULE_MG_V0.1,2025-10-05T18:00:00,2026-07-06T18:00:00,completed
RUN00004780,USR007083,MINDGUARD,2026-06-26T08:00:00,new_data,RULE_MG_V0.1,2025-12-10T08:00:00,2026-06-26T08:00:00,completed
RUN00004781,USR007084,MINDGUARD,2026-09-07T19:00:00,new_data,RULE_MG_V0.1,2025-11-20T19:00:00,2026-09-07T19:00:00,completed
RUN00004782,USR007086,MINDGUARD,2026-05-26T22:00:00,new_data,RULE_MG_V0.1,2025-10-18T22:00:00,2026-05-26T22:00:00,completed
RUN00004783,USR007088,MINDGUARD,2026-05-07T10:00:00,new_data,RULE_MG_V0.1,2025-12-30T10:00:00,2026-05-07T10:00:00,completed
RUN00004784,USR007092,MINDGUARD,2026-08-18T10:00:00,new_data,RULE_MG_V0.1,2026-01-24T10:00:00,2026-08-18T10:00:00,completed
RUN00004785,USR007093,HEALTH_RESERVE,2026-05-26T19:00:00,new_data,RULE_HR_V0.1,2026-01-31T19:00:00,2026-05-26T19:00:00,completed
RUN00004786,USR007094,MINDGUARD,2026-07-17T03:00:00,new_data,RULE_MG_V0.1,2025-11-11T03:00:00,2026-07-17T03:00:00,completed
RUN00004787,USR007095,HEALTH_RESERVE,2026-04-01T20:00:00,new_data,RULE_HR_V0.1,2025-10-01T20:00:00,2026-04-01T20:00:00,completed
RUN00004788,USR007096,MINDGUARD,2026-05-17T09:00:00,new_data,RULE_MG_V0.1,2025-12-10T09:00:00,2026-05-17T09:00:00,completed
RUN00004789,USR007099,MINDGUARD,2026-08-04T13:00:00,new_data,RULE_MG_V0.1,2025-11-24T13:00:00,2026-08-04T13:00:00,completed
RUN00004790,USR007101,HEALTH_RESERVE,2026-05-06T04:00:00,new_data,RULE_HR_V0.1,2025-12-23T04:00:00,2026-05-06T04:00:00,completed
RUN00004791,USR007102,MINDGUARD,2026-07-16T19:00:00,new_data,RULE_MG_V0.1,2026-02-18T19:00:00,2026-07-16T19:00:00,completed
RUN00004792,USR007103,MINDGUARD,2026-07-13T09:00:00,new_data,RULE_MG_V0.1,2026-01-01T09:00:00,2026-07-13T09:00:00,completed
RUN00004793,USR007104,HEALTH_RESERVE,2026-04-16T05:00:00,new_data,RULE_HR_V0.1,2025-12-14T05:00:00,2026-04-16T05:00:00,completed
RUN00004794,USR007106,MINDGUARD,2026-09-14T12:00:00,new_data,RULE_MG_V0.1,2026-01-17T22:00:00,2026-09-14T12:00:00,completed
RUN00004795,USR007107,MINDGUARD,2026-08-02T19:00:00,new_data,RULE_MG_V0.1,2025-10-08T19:00:00,2026-08-02T19:00:00,completed
RUN00004796,USR007107,HEALTH_RESERVE,2026-06-10T18:00:00,new_data,RULE_HR_V0.1,2025-10-11T18:00:00,2026-06-10T18:00:00,completed
RUN00004797,USR007108,MINDGUARD,2026-03-18T22:00:00,new_data,RULE_MG_V0.1,2025-10-04T22:00:00,2026-03-18T22:00:00,completed
RUN00004798,USR007109,MINDGUARD,2026-03-19T10:00:00,new_data,RULE_MG_V0.1,2025-12-13T10:00:00,2026-03-19T10:00:00,completed
RUN00004799,USR007113,MINDGUARD,2026-03-14T14:00:00,new_data,RULE_MG_V0.1,2025-11-11T14:00:00,2026-03-14T14:00:00,completed
RUN00004800,USR007115,MINDGUARD,2026-08-18T17:00:00,new_data,RULE_MG_V0.1,2025-10-30T17:00:00,2026-08-18T17:00:00,completed
RUN00004801,USR007117,HEALTH_RESERVE,2026-06-16T07:00:00,new_data,RULE_HR_V0.1,2025-10-12T07:00:00,2026-06-16T07:00:00,completed
RUN00004802,USR007118,MINDGUARD,2026-09-14T12:00:00,new_data,RULE_MG_V0.1,2025-12-25T03:00:00,2026-09-14T12:00:00,completed
RUN00004803,USR007118,HEALTH_RESERVE,2026-06-23T20:00:00,new_data,RULE_HR_V0.1,2025-12-24T20:00:00,2026-06-23T20:00:00,completed
RUN00004804,USR007119,MINDGUARD,2026-07-12T05:00:00,new_data,RULE_MG_V0.1,2025-10-13T05:00:00,2026-07-12T05:00:00,completed
RUN00004805,USR007120,HEALTH_RESERVE,2026-04-24T08:00:00,new_data,RULE_HR_V0.1,2025-11-17T08:00:00,2026-04-24T08:00:00,completed
RUN00004806,USR007123,MINDGUARD,2026-09-14T12:00:00,new_data,RULE_MG_V0.1,2025-12-08T02:00:00,2026-09-14T12:00:00,completed
RUN00004807,USR007126,MINDGUARD,2026-09-14T12:00:00,new_data,RULE_MG_V0.1,2025-12-07T21:00:00,2026-09-14T12:00:00,completed
RUN00004808,USR007127,HEALTH_RESERVE,2026-07-01T22:00:00,new_data,RULE_HR_V0.1,2025-09-23T22:00:00,2026-07-01T22:00:00,completed
RUN00004809,USR007128,MINDGUARD,2026-03-01T20:00:00,new_data,RULE_MG_V0.1,2025-10-15T20:00:00,2026-03-01T20:00:00,completed
RUN00004810,USR007128,HEALTH_RESERVE,2026-06-16T02:00:00,new_data,RULE_HR_V0.1,2025-10-12T02:00:00,2026-06-16T02:00:00,completed
RUN00004811,USR007129,HEALTH_RESERVE,2026-08-09T01:00:00,new_data,RULE_HR_V0.1,2025-12-11T01:00:00,2026-08-09T01:00:00,completed
RUN00004812,USR007132,MINDGUARD,2026-05-27T07:00:00,new_data,RULE_MG_V0.1,2025-10-06T07:00:00,2026-05-27T07:00:00,completed
RUN00004813,USR007134,MINDGUARD,2026-05-28T13:00:00,new_data,RULE_MG_V0.1,2025-10-24T13:00:00,2026-05-28T13:00:00,completed
RUN00004814,USR007135,MINDGUARD,2026-09-11T20:00:00,new_data,RULE_MG_V0.1,2025-12-30T20:00:00,2026-09-11T20:00:00,completed
RUN00004815,USR007135,HEALTH_RESERVE,2026-09-14T12:00:00,new_data,RULE_HR_V0.1,2026-01-02T14:00:00,2026-09-14T12:00:00,completed
RUN00004816,USR007136,HEALTH_RESERVE,2026-09-06T11:00:00,new_data,RULE_HR_V0.1,2026-01-04T11:00:00,2026-09-06T11:00:00,completed
RUN00004817,USR007137,MINDGUARD,2026-07-02T06:00:00,new_data,RULE_MG_V0.1,2025-11-06T06:00:00,2026-07-02T06:00:00,completed
RUN00004818,USR007138,MINDGUARD,2026-07-10T15:00:00,new_data,RULE_MG_V0.1,2026-02-09T15:00:00,2026-07-10T15:00:00,completed
RUN00004819,USR007139,MINDGUARD,2026-05-10T00:00:00,new_data,RULE_MG_V0.1,2025-12-03T00:00:00,2026-05-10T00:00:00,completed
RUN00004820,USR007140,MINDGUARD,2026-04-01T01:00:00,new_data,RULE_MG_V0.1,2025-09-30T01:00:00,2026-04-01T01:00:00,completed
RUN00004821,USR007142,HEALTH_RESERVE,2026-05-11T12:00:00,new_data,RULE_HR_V0.1,2025-11-08T12:00:00,2026-05-11T12:00:00,completed
RUN00004822,USR007143,HEALTH_RESERVE,2026-03-01T20:00:00,new_data,RULE_HR_V0.1,2025-11-11T20:00:00,2026-03-01T20:00:00,completed
RUN00004823,USR007144,MINDGUARD,2026-06-15T05:00:00,new_data,RULE_MG_V0.1,2025-12-31T05:00:00,2026-06-15T05:00:00,completed
RUN00004824,USR007147,MINDGUARD,2026-06-01T22:00:00,new_data,RULE_MG_V0.1,2025-10-04T22:00:00,2026-06-01T22:00:00,completed
RUN00004825,USR007147,HEALTH_RESERVE,2026-04-25T03:00:00,new_data,RULE_HR_V0.1,2025-10-09T03:00:00,2026-04-25T03:00:00,completed
RUN00004826,USR007149,MINDGUARD,2026-04-04T01:00:00,new_data,RULE_MG_V0.1,2025-12-16T01:00:00,2026-04-04T01:00:00,completed
RUN00004827,USR007150,MINDGUARD,2026-05-24T14:00:00,new_data,RULE_MG_V0.1,2025-11-25T14:00:00,2026-05-24T14:00:00,completed
RUN00004828,USR007151,MINDGUARD,2026-08-16T01:00:00,new_data,RULE_MG_V0.1,2025-12-30T01:00:00,2026-08-16T01:00:00,completed
RUN00004829,USR007151,HEALTH_RESERVE,2026-09-14T12:00:00,new_data,RULE_HR_V0.1,2026-01-08T11:00:00,2026-09-14T12:00:00,completed
RUN00004830,USR007152,MINDGUARD,2026-09-14T12:00:00,new_data,RULE_MG_V0.1,2026-01-30T06:00:00,2026-09-14T12:00:00,completed
RUN00004831,USR007152,HEALTH_RESERVE,2026-09-14T12:00:00,new_data,RULE_HR_V0.1,2026-01-27T14:00:00,2026-09-14T12:00:00,completed
RUN00004832,USR007154,HEALTH_RESERVE,2026-09-14T12:00:00,new_data,RULE_HR_V0.1,2026-01-25T10:00:00,2026-09-14T12:00:00,completed
RUN00004833,USR007158,MINDGUARD,2026-06-07T23:00:00,new_data,RULE_MG_V0.1,2025-10-06T23:00:00,2026-06-07T23:00:00,completed
RUN00004834,USR007159,HEALTH_RESERVE,2026-08-03T21:00:00,new_data,RULE_HR_V0.1,2025-12-29T21:00:00,2026-08-03T21:00:00,completed
RUN00004835,USR007160,MINDGUARD,2026-09-14T12:00:00,new_data,RULE_MG_V0.1,2026-01-13T17:00:00,2026-09-14T12:00:00,completed
RUN00004836,USR007162,HEALTH_RESERVE,2026-04-07T20:00:00,new_data,RULE_HR_V0.1,2025-10-22T20:00:00,2026-04-07T20:00:00,completed
RUN00004837,USR007165,HEALTH_RESERVE,2026-04-01T23:00:00,new_data,RULE_HR_V0.1,2025-09-22T23:00:00,2026-04-01T23:00:00,completed
RUN00004838,USR007170,HEALTH_RESERVE,2026-07-31T10:00:00,new_data,RULE_HR_V0.1,2025-12-06T10:00:00,2026-07-31T10:00:00,completed
RUN00004839,USR007171,HEALTH_RESERVE,2026-03-06T09:00:00,new_data,RULE_HR_V0.1,2025-10-24T09:00:00,2026-03-06T09:00:00,completed
RUN00004840,USR007172,MINDGUARD,2026-08-15T14:00:00,new_data,RULE_MG_V0.1,2025-11-06T14:00:00,2026-08-15T14:00:00,completed
RUN00004841,USR007173,MINDGUARD,2026-06-08T23:00:00,new_data,RULE_MG_V0.1,2025-10-06T23:00:00,2026-06-08T23:00:00,completed
RUN00004842,USR007175,MINDGUARD,2026-04-04T18:00:00,new_data,RULE_MG_V0.1,2025-10-10T18:00:00,2026-04-04T18:00:00,completed
RUN00004843,USR007176,MINDGUARD,2026-03-31T00:00:00,new_data,RULE_MG_V0.1,2025-12-04T00:00:00,2026-03-31T00:00:00,completed
RUN00004844,USR007177,MINDGUARD,2026-05-08T10:00:00,new_data,RULE_MG_V0.1,2025-12-16T10:00:00,2026-05-08T10:00:00,completed
RUN00004845,USR007177,HEALTH_RESERVE,2026-04-25T02:00:00,new_data,RULE_HR_V0.1,2025-12-11T02:00:00,2026-04-25T02:00:00,completed
RUN00004846,USR007178,MINDGUARD,2026-05-31T07:00:00,new_data,RULE_MG_V0.1,2025-10-21T07:00:00,2026-05-31T07:00:00,completed
RUN00004847,USR007180,MINDGUARD,2026-04-20T04:00:00,new_data,RULE_MG_V0.1,2025-10-03T04:00:00,2026-04-20T04:00:00,completed
RUN00004848,USR007181,MINDGUARD,2026-04-17T18:00:00,new_data,RULE_MG_V0.1,2026-01-04T18:00:00,2026-04-17T18:00:00,completed
RUN00004849,USR007182,HEALTH_RESERVE,2026-05-07T19:00:00,new_data,RULE_HR_V0.1,2025-12-25T19:00:00,2026-05-07T19:00:00,completed
RUN00004850,USR007184,MINDGUARD,2026-06-25T02:00:00,new_data,RULE_MG_V0.1,2025-12-12T02:00:00,2026-06-25T02:00:00,completed
RUN00004851,USR007187,MINDGUARD,2026-07-01T05:00:00,new_data,RULE_MG_V0.1,2025-11-04T05:00:00,2026-07-01T05:00:00,completed
RUN00004852,USR007187,HEALTH_RESERVE,2026-05-08T07:00:00,new_data,RULE_HR_V0.1,2025-11-03T07:00:00,2026-05-08T07:00:00,completed
RUN00004853,USR007190,HEALTH_RESERVE,2026-06-06T04:00:00,new_data,RULE_HR_V0.1,2025-12-17T04:00:00,2026-06-06T04:00:00,completed
RUN00004854,USR007194,MINDGUARD,2026-07-18T22:00:00,new_data,RULE_MG_V0.1,2025-11-09T22:00:00,2026-07-18T22:00:00,completed
RUN00004855,USR007201,HEALTH_RESERVE,2026-05-08T23:00:00,new_data,RULE_HR_V0.1,2025-11-21T23:00:00,2026-05-08T23:00:00,completed
RUN00004856,USR007203,HEALTH_RESERVE,2026-03-15T16:00:00,new_data,RULE_HR_V0.1,2025-10-16T16:00:00,2026-03-15T16:00:00,completed
RUN00004857,USR007204,MINDGUARD,2026-09-14T12:00:00,new_data,RULE_MG_V0.1,2025-12-31T03:00:00,2026-09-14T12:00:00,completed
RUN00004858,USR007204,HEALTH_RESERVE,2026-06-24T19:00:00,new_data,RULE_HR_V0.1,2025-12-28T19:00:00,2026-06-24T19:00:00,completed
RUN00004859,USR007205,MINDGUARD,2026-09-14T12:00:00,new_data,RULE_MG_V0.1,2025-12-18T18:00:00,2026-09-14T12:00:00,completed
RUN00004860,USR007205,HEALTH_RESERVE,2026-04-27T17:00:00,new_data,RULE_HR_V0.1,2025-12-20T17:00:00,2026-04-27T17:00:00,completed
RUN00004861,USR007206,MINDGUARD,2026-04-20T22:00:00,new_data,RULE_MG_V0.1,2025-12-14T22:00:00,2026-04-20T22:00:00,completed
RUN00004862,USR007207,HEALTH_RESERVE,2026-01-03T19:00:00,new_data,RULE_HR_V0.1,2025-10-02T19:00:00,2026-01-03T19:00:00,completed
RUN00004863,USR007208,MINDGUARD,2026-03-31T23:00:00,new_data,RULE_MG_V0.1,2025-12-24T23:00:00,2026-03-31T23:00:00,completed
RUN00004864,USR007209,HEALTH_RESERVE,2026-01-23T22:00:00,new_data,RULE_HR_V0.1,2025-09-23T22:00:00,2026-01-23T22:00:00,completed
RUN00004865,USR007210,MINDGUARD,2026-03-08T11:00:00,new_data,RULE_MG_V0.1,2025-10-21T11:00:00,2026-03-08T11:00:00,completed
RUN00004866,USR007211,HEALTH_RESERVE,2026-09-14T12:00:00,new_data,RULE_HR_V0.1,2026-02-04T13:00:00,2026-09-14T12:00:00,completed
RUN00004867,USR007212,MINDGUARD,2026-09-04T22:00:00,new_data,RULE_MG_V0.1,2025-11-30T22:00:00,2026-09-04T22:00:00,completed
RUN00004868,USR007213,MINDGUARD,2026-09-14T12:00:00,new_data,RULE_MG_V0.1,2026-01-09T16:00:00,2026-09-14T12:00:00,completed
RUN00004869,USR007214,HEALTH_RESERVE,2026-05-22T05:00:00,new_data,RULE_HR_V0.1,2026-01-09T05:00:00,2026-05-22T05:00:00,completed
RUN00004870,USR007215,MINDGUARD,2026-03-09T08:00:00,new_data,RULE_MG_V0.1,2025-11-16T08:00:00,2026-03-09T08:00:00,completed
RUN00004871,USR007218,MINDGUARD,2026-07-24T18:00:00,new_data,RULE_MG_V0.1,2025-11-18T18:00:00,2026-07-24T18:00:00,completed
RUN00004872,USR007218,HEALTH_RESERVE,2026-05-30T16:00:00,new_data,RULE_HR_V0.1,2025-11-12T16:00:00,2026-05-30T16:00:00,completed
RUN00004873,USR007220,HEALTH_RESERVE,2026-09-14T12:00:00,new_data,RULE_HR_V0.1,2026-01-01T03:00:00,2026-09-14T12:00:00,completed
RUN00004874,USR007221,MINDGUARD,2026-07-22T12:00:00,new_data,RULE_MG_V0.1,2025-11-09T12:00:00,2026-07-22T12:00:00,completed
RUN00004875,USR007222,HEALTH_RESERVE,2026-09-14T12:00:00,new_data,RULE_HR_V0.1,2026-02-16T07:00:00,2026-09-14T12:00:00,completed
RUN00004876,USR007224,MINDGUARD,2026-06-27T03:00:00,new_data,RULE_MG_V0.1,2026-02-20T03:00:00,2026-06-27T03:00:00,completed
RUN00004877,USR007225,MINDGUARD,2026-03-18T13:00:00,new_data,RULE_MG_V0.1,2025-11-14T13:00:00,2026-03-18T13:00:00,completed
RUN00004878,USR007226,MINDGUARD,2026-03-08T10:00:00,new_data,RULE_MG_V0.1,2025-09-24T10:00:00,2026-03-08T10:00:00,completed
RUN00004879,USR007226,HEALTH_RESERVE,2026-03-28T23:00:00,new_data,RULE_HR_V0.1,2025-09-21T23:00:00,2026-03-28T23:00:00,completed
RUN00004880,USR007227,MINDGUARD,2026-07-27T07:00:00,new_data,RULE_MG_V0.1,2025-11-05T07:00:00,2026-07-27T07:00:00,completed
RUN00004881,USR007229,HEALTH_RESERVE,2026-02-08T22:00:00,new_data,RULE_HR_V0.1,2025-10-20T22:00:00,2026-02-08T22:00:00,completed
RUN00004882,USR007231,MINDGUARD,2026-06-12T05:00:00,new_data,RULE_MG_V0.1,2026-02-11T05:00:00,2026-06-12T05:00:00,completed
RUN00004883,USR007232,HEALTH_RESERVE,2026-09-14T12:00:00,new_data,RULE_HR_V0.1,2026-01-22T04:00:00,2026-09-14T12:00:00,completed
RUN00004884,USR007233,HEALTH_RESERVE,2026-06-20T01:00:00,new_data,RULE_HR_V0.1,2025-09-28T01:00:00,2026-06-20T01:00:00,completed
RUN00004885,USR007236,MINDGUARD,2026-07-03T04:00:00,new_data,RULE_MG_V0.1,2025-12-19T04:00:00,2026-07-03T04:00:00,completed
RUN00004886,USR007237,MINDGUARD,2026-04-29T15:00:00,new_data,RULE_MG_V0.1,2026-01-23T15:00:00,2026-04-29T15:00:00,completed
RUN00004887,USR007239,MINDGUARD,2026-04-23T06:00:00,new_data,RULE_MG_V0.1,2025-12-05T06:00:00,2026-04-23T06:00:00,completed
RUN00004888,USR007239,HEALTH_RESERVE,2026-04-29T14:00:00,new_data,RULE_HR_V0.1,2025-11-28T14:00:00,2026-04-29T14:00:00,completed
RUN00004889,USR007240,HEALTH_RESERVE,2026-07-02T08:00:00,new_data,RULE_HR_V0.1,2026-01-07T08:00:00,2026-07-02T08:00:00,completed
RUN00004890,USR007244,HEALTH_RESERVE,2026-05-28T12:00:00,new_data,RULE_HR_V0.1,2025-11-29T12:00:00,2026-05-28T12:00:00,completed
RUN00004891,USR007247,MINDGUARD,2026-09-14T12:00:00,new_data,RULE_MG_V0.1,2026-01-20T11:00:00,2026-09-14T12:00:00,completed
RUN00004892,USR007252,MINDGUARD,2026-09-14T12:00:00,new_data,RULE_MG_V0.1,2026-02-19T23:00:00,2026-09-14T12:00:00,completed
RUN00004893,USR007257,MINDGUARD,2026-02-21T21:00:00,new_data,RULE_MG_V0.1,2025-11-01T21:00:00,2026-02-21T21:00:00,completed
RUN00004894,USR007258,MINDGUARD,2026-09-14T12:00:00,new_data,RULE_MG_V0.1,2026-01-10T07:00:00,2026-09-14T12:00:00,completed
RUN00004895,USR007259,HEALTH_RESERVE,2026-04-03T22:00:00,new_data,RULE_HR_V0.1,2025-12-05T22:00:00,2026-04-03T22:00:00,completed
RUN00004896,USR007262,HEALTH_RESERVE,2026-04-11T11:00:00,new_data,RULE_HR_V0.1,2025-12-12T11:00:00,2026-04-11T11:00:00,completed
RUN00004897,USR007263,MINDGUARD,2026-04-09T02:00:00,new_data,RULE_MG_V0.1,2025-12-30T02:00:00,2026-04-09T02:00:00,completed
RUN00004898,USR007264,MINDGUARD,2026-09-14T12:00:00,new_data,RULE_MG_V0.1,2026-02-10T01:00:00,2026-09-14T12:00:00,completed
RUN00004899,USR007264,HEALTH_RESERVE,2026-06-19T23:00:00,new_data,RULE_HR_V0.1,2026-02-10T23:00:00,2026-06-19T23:00:00,completed
RUN00004900,USR007269,MINDGUARD,2026-06-14T01:00:00,new_data,RULE_MG_V0.1,2025-12-20T01:00:00,2026-06-14T01:00:00,completed
RUN00004901,USR007269,HEALTH_RESERVE,2026-08-19T03:00:00,new_data,RULE_HR_V0.1,2025-12-18T03:00:00,2026-08-19T03:00:00,completed
RUN00004902,USR007273,MINDGUARD,2026-09-14T12:00:00,new_data,RULE_MG_V0.1,2026-02-03T14:00:00,2026-09-14T12:00:00,completed
RUN00004903,USR007277,MINDGUARD,2026-03-16T18:00:00,new_data,RULE_MG_V0.1,2025-12-08T18:00:00,2026-03-16T18:00:00,completed
RUN00004904,USR007277,HEALTH_RESERVE,2026-07-02T09:00:00,new_data,RULE_HR_V0.1,2025-11-28T09:00:00,2026-07-02T09:00:00,completed
RUN00004905,USR007278,HEALTH_RESERVE,2026-03-31T00:00:00,new_data,RULE_HR_V0.1,2025-12-25T00:00:00,2026-03-31T00:00:00,completed
RUN00004906,USR007279,MINDGUARD,2026-07-20T16:00:00,new_data,RULE_MG_V0.1,2025-11-11T16:00:00,2026-07-20T16:00:00,completed
RUN00004907,USR007280,MINDGUARD,2026-09-14T12:00:00,new_data,RULE_MG_V0.1,2026-02-11T00:00:00,2026-09-14T12:00:00,completed
RUN00004908,USR007281,HEALTH_RESERVE,2026-09-14T12:00:00,new_data,RULE_HR_V0.1,2026-01-06T02:00:00,2026-09-14T12:00:00,completed
RUN00004909,USR007285,MINDGUARD,2026-04-29T10:00:00,new_data,RULE_MG_V0.1,2026-01-12T10:00:00,2026-04-29T10:00:00,completed
RUN00004910,USR007287,MINDGUARD,2026-07-29T04:00:00,new_data,RULE_MG_V0.1,2026-01-22T04:00:00,2026-07-29T04:00:00,completed
RUN00004911,USR007287,HEALTH_RESERVE,2026-07-14T05:00:00,new_data,RULE_HR_V0.1,2026-01-24T05:00:00,2026-07-14T05:00:00,completed
RUN00004912,USR007289,MINDGUARD,2026-07-12T14:00:00,new_data,RULE_MG_V0.1,2025-10-20T14:00:00,2026-07-12T14:00:00,completed
RUN00004913,USR007290,MINDGUARD,2026-09-08T12:00:00,new_data,RULE_MG_V0.1,2025-11-23T12:00:00,2026-09-08T12:00:00,completed
RUN00004914,USR007290,HEALTH_RESERVE,2026-09-14T02:00:00,new_data,RULE_HR_V0.1,2025-11-19T02:00:00,2026-09-14T02:00:00,completed
RUN00004915,USR007292,MINDGUARD,2026-07-11T06:00:00,new_data,RULE_MG_V0.1,2025-09-18T06:00:00,2026-07-11T06:00:00,completed
RUN00004916,USR007294,HEALTH_RESERVE,2026-08-04T18:00:00,new_data,RULE_HR_V0.1,2025-11-27T18:00:00,2026-08-04T18:00:00,completed
RUN00004917,USR007295,MINDGUARD,2026-09-14T12:00:00,new_data,RULE_MG_V0.1,2026-02-01T04:00:00,2026-09-14T12:00:00,completed
RUN00004918,USR007295,HEALTH_RESERVE,2026-09-14T12:00:00,new_data,RULE_HR_V0.1,2026-02-06T10:00:00,2026-09-14T12:00:00,completed
RUN00004919,USR007298,MINDGUARD,2026-04-23T12:00:00,new_data,RULE_MG_V0.1,2025-12-06T12:00:00,2026-04-23T12:00:00,completed
RUN00004920,USR007299,HEALTH_RESERVE,2026-07-28T07:00:00,new_data,RULE_HR_V0.1,2026-02-15T07:00:00,2026-07-28T07:00:00,completed
RUN00004921,USR007300,MINDGUARD,2026-09-11T11:00:00,new_data,RULE_MG_V0.1,2026-02-11T11:00:00,2026-09-11T11:00:00,completed
RUN00004922,USR007304,MINDGUARD,2026-01-14T23:00:00,new_data,RULE_MG_V0.1,2025-10-11T23:00:00,2026-01-14T23:00:00,completed
RUN00004923,USR007304,HEALTH_RESERVE,2026-06-07T20:00:00,new_data,RULE_HR_V0.1,2025-10-17T20:00:00,2026-06-07T20:00:00,completed
RUN00004924,USR007307,MINDGUARD,2026-09-14T12:00:00,new_data,RULE_MG_V0.1,2026-02-05T20:00:00,2026-09-14T12:00:00,completed
RUN00004925,USR007309,MINDGUARD,2026-06-19T07:00:00,new_data,RULE_MG_V0.1,2025-10-08T07:00:00,2026-06-19T07:00:00,completed
RUN00004926,USR007314,MINDGUARD,2026-09-07T10:00:00,new_data,RULE_MG_V0.1,2025-12-23T10:00:00,2026-09-07T10:00:00,completed
RUN00004927,USR007316,HEALTH_RESERVE,2026-06-06T04:00:00,new_data,RULE_HR_V0.1,2025-10-18T04:00:00,2026-06-06T04:00:00,completed
RUN00004928,USR007318,MINDGUARD,2026-06-13T03:00:00,new_data,RULE_MG_V0.1,2025-10-18T03:00:00,2026-06-13T03:00:00,completed
RUN00004929,USR007319,MINDGUARD,2026-08-17T08:00:00,new_data,RULE_MG_V0.1,2026-01-16T08:00:00,2026-08-17T08:00:00,completed
RUN00004930,USR007320,MINDGUARD,2026-09-14T12:00:00,new_data,RULE_MG_V0.1,2026-01-02T08:00:00,2026-09-14T12:00:00,completed
RUN00004931,USR007326,HEALTH_RESERVE,2026-03-12T23:00:00,new_data,RULE_HR_V0.1,2025-11-05T23:00:00,2026-03-12T23:00:00,completed
RUN00004932,USR007332,MINDGUARD,2026-06-03T14:00:00,new_data,RULE_MG_V0.1,2025-11-15T14:00:00,2026-06-03T14:00:00,completed
RUN00004933,USR007333,HEALTH_RESERVE,2026-05-03T22:00:00,new_data,RULE_HR_V0.1,2025-11-23T22:00:00,2026-05-03T22:00:00,completed
RUN00004934,USR007337,MINDGUARD,2026-03-03T19:00:00,new_data,RULE_MG_V0.1,2025-10-27T19:00:00,2026-03-03T19:00:00,completed
RUN00004935,USR007339,MINDGUARD,2026-06-02T00:00:00,new_data,RULE_MG_V0.1,2026-02-19T00:00:00,2026-06-02T00:00:00,completed
RUN00004936,USR007340,MINDGUARD,2026-09-14T12:00:00,new_data,RULE_MG_V0.1,2025-12-16T07:00:00,2026-09-14T12:00:00,completed
RUN00004937,USR007341,MINDGUARD,2026-03-20T18:00:00,new_data,RULE_MG_V0.1,2025-09-30T18:00:00,2026-03-20T18:00:00,completed
RUN00004938,USR007343,MINDGUARD,2026-02-23T17:00:00,new_data,RULE_MG_V0.1,2025-10-26T17:00:00,2026-02-23T17:00:00,completed
RUN00004939,USR007346,MINDGUARD,2026-01-29T08:00:00,new_data,RULE_MG_V0.1,2025-10-03T08:00:00,2026-01-29T08:00:00,completed
RUN00004940,USR007347,MINDGUARD,2026-04-26T22:00:00,new_data,RULE_MG_V0.1,2025-09-21T22:00:00,2026-04-26T22:00:00,completed
RUN00004941,USR007348,HEALTH_RESERVE,2026-02-06T00:00:00,new_data,RULE_HR_V0.1,2025-10-01T00:00:00,2026-02-06T00:00:00,completed
RUN00004942,USR007350,MINDGUARD,2026-01-31T11:00:00,new_data,RULE_MG_V0.1,2025-10-30T11:00:00,2026-01-31T11:00:00,completed
RUN00004943,USR007351,MINDGUARD,2026-07-06T23:00:00,new_data,RULE_MG_V0.1,2025-10-26T23:00:00,2026-07-06T23:00:00,completed
RUN00004944,USR007352,MINDGUARD,2026-09-12T04:00:00,new_data,RULE_MG_V0.1,2026-01-17T04:00:00,2026-09-12T04:00:00,completed
RUN00004945,USR007353,MINDGUARD,2026-08-03T18:00:00,new_data,RULE_MG_V0.1,2026-01-10T18:00:00,2026-08-03T18:00:00,completed
RUN00004946,USR007357,HEALTH_RESERVE,2026-08-25T04:00:00,new_data,RULE_HR_V0.1,2025-11-17T04:00:00,2026-08-25T04:00:00,completed
RUN00004947,USR007358,MINDGUARD,2026-07-05T09:00:00,new_data,RULE_MG_V0.1,2026-02-11T09:00:00,2026-07-05T09:00:00,completed
RUN00004948,USR007362,HEALTH_RESERVE,2026-01-18T06:00:00,new_data,RULE_HR_V0.1,2025-09-29T06:00:00,2026-01-18T06:00:00,completed
RUN00004949,USR007363,MINDGUARD,2026-09-14T12:00:00,new_data,RULE_MG_V0.1,2026-02-20T15:00:00,2026-09-14T12:00:00,completed
RUN00004950,USR007363,HEALTH_RESERVE,2026-09-14T12:00:00,new_data,RULE_HR_V0.1,2026-02-24T10:00:00,2026-09-14T12:00:00,completed
RUN00004951,USR007365,MINDGUARD,2026-06-23T11:00:00,new_data,RULE_MG_V0.1,2025-12-27T11:00:00,2026-06-23T11:00:00,completed
RUN00004952,USR007366,MINDGUARD,2026-06-27T23:00:00,new_data,RULE_MG_V0.1,2025-11-26T23:00:00,2026-06-27T23:00:00,completed
RUN00004953,USR007367,HEALTH_RESERVE,2026-06-12T15:00:00,new_data,RULE_HR_V0.1,2025-11-03T15:00:00,2026-06-12T15:00:00,completed
RUN00004954,USR007368,MINDGUARD,2026-08-20T04:00:00,new_data,RULE_MG_V0.1,2025-11-26T04:00:00,2026-08-20T04:00:00,completed
RUN00004955,USR007370,MINDGUARD,2026-05-13T04:00:00,new_data,RULE_MG_V0.1,2025-11-29T04:00:00,2026-05-13T04:00:00,completed
RUN00004956,USR007371,MINDGUARD,2026-02-11T16:00:00,new_data,RULE_MG_V0.1,2025-09-22T16:00:00,2026-02-11T16:00:00,completed
RUN00004957,USR007371,HEALTH_RESERVE,2026-05-10T19:00:00,new_data,RULE_HR_V0.1,2025-09-28T19:00:00,2026-05-10T19:00:00,completed
RUN00004958,USR007373,HEALTH_RESERVE,2026-08-11T05:00:00,new_data,RULE_HR_V0.1,2025-10-20T05:00:00,2026-08-11T05:00:00,completed
RUN00004959,USR007375,HEALTH_RESERVE,2026-07-17T18:00:00,new_data,RULE_HR_V0.1,2025-10-25T18:00:00,2026-07-17T18:00:00,completed
RUN00004960,USR007376,MINDGUARD,2026-09-14T12:00:00,new_data,RULE_MG_V0.1,2026-02-13T21:00:00,2026-09-14T12:00:00,completed
RUN00004961,USR007377,MINDGUARD,2026-07-04T04:00:00,new_data,RULE_MG_V0.1,2026-02-14T04:00:00,2026-07-04T04:00:00,completed
RUN00004962,USR007378,HEALTH_RESERVE,2026-07-11T21:00:00,new_data,RULE_HR_V0.1,2025-11-10T21:00:00,2026-07-11T21:00:00,completed
RUN00004963,USR007379,MINDGUARD,2026-06-22T05:00:00,new_data,RULE_MG_V0.1,2025-12-27T05:00:00,2026-06-22T05:00:00,completed
RUN00004964,USR007381,MINDGUARD,2026-09-14T12:00:00,new_data,RULE_MG_V0.1,2025-12-19T06:00:00,2026-09-14T12:00:00,completed
RUN00004965,USR007382,MINDGUARD,2026-04-28T11:00:00,new_data,RULE_MG_V0.1,2025-12-25T11:00:00,2026-04-28T11:00:00,completed
RUN00004966,USR007383,HEALTH_RESERVE,2026-04-18T08:00:00,new_data,RULE_HR_V0.1,2025-11-11T08:00:00,2026-04-18T08:00:00,completed
RUN00004967,USR007384,MINDGUARD,2026-04-29T08:00:00,new_data,RULE_MG_V0.1,2026-01-18T08:00:00,2026-04-29T08:00:00,completed
RUN00004968,USR007386,MINDGUARD,2026-02-22T03:00:00,new_data,RULE_MG_V0.1,2025-10-28T03:00:00,2026-02-22T03:00:00,completed
RUN00004969,USR007388,MINDGUARD,2026-04-20T17:00:00,new_data,RULE_MG_V0.1,2025-11-25T17:00:00,2026-04-20T17:00:00,completed
RUN00004970,USR007391,MINDGUARD,2026-09-14T12:00:00,new_data,RULE_MG_V0.1,2025-12-21T21:00:00,2026-09-14T12:00:00,completed
RUN00004971,USR007392,HEALTH_RESERVE,2026-09-14T12:00:00,new_data,RULE_HR_V0.1,2026-01-20T06:00:00,2026-09-14T12:00:00,completed
RUN00004972,USR007393,HEALTH_RESERVE,2026-09-07T19:00:00,new_data,RULE_HR_V0.1,2026-02-06T19:00:00,2026-09-07T19:00:00,completed
RUN00004973,USR007394,HEALTH_RESERVE,2026-05-12T15:00:00,new_data,RULE_HR_V0.1,2025-11-03T15:00:00,2026-05-12T15:00:00,completed
RUN00004974,USR007395,MINDGUARD,2026-07-30T00:00:00,new_data,RULE_MG_V0.1,2025-11-11T00:00:00,2026-07-30T00:00:00,completed
RUN00004975,USR007396,MINDGUARD,2026-09-14T12:00:00,new_data,RULE_MG_V0.1,2025-12-24T17:00:00,2026-09-14T12:00:00,completed
RUN00004976,USR007398,MINDGUARD,2026-05-26T14:00:00,new_data,RULE_MG_V0.1,2025-12-23T14:00:00,2026-05-26T14:00:00,completed
RUN00004977,USR007399,HEALTH_RESERVE,2026-03-03T20:00:00,new_data,RULE_HR_V0.1,2025-10-01T20:00:00,2026-03-03T20:00:00,completed
RUN00004978,USR007401,MINDGUARD,2026-09-14T12:00:00,new_data,RULE_MG_V0.1,2025-12-30T00:00:00,2026-09-14T12:00:00,completed
RUN00004979,USR007403,MINDGUARD,2026-06-26T17:00:00,new_data,RULE_MG_V0.1,2025-11-14T17:00:00,2026-06-26T17:00:00,completed
RUN00004980,USR007405,MINDGUARD,2026-08-31T18:00:00,new_data,RULE_MG_V0.1,2026-02-01T18:00:00,2026-08-31T18:00:00,completed
RUN00004981,USR007406,MINDGUARD,2026-05-04T05:00:00,new_data,RULE_MG_V0.1,2025-12-23T05:00:00,2026-05-04T05:00:00,completed
RUN00004982,USR007407,HEALTH_RESERVE,2026-06-28T18:00:00,new_data,RULE_HR_V0.1,2025-10-22T18:00:00,2026-06-28T18:00:00,completed
RUN00004983,USR007411,MINDGUARD,2026-05-27T08:00:00,new_data,RULE_MG_V0.1,2025-09-25T08:00:00,2026-05-27T08:00:00,completed
RUN00004984,USR007413,HEALTH_RESERVE,2026-04-26T07:00:00,new_data,RULE_HR_V0.1,2025-10-26T07:00:00,2026-04-26T07:00:00,completed
RUN00004985,USR007414,MINDGUARD,2026-06-07T06:00:00,new_data,RULE_MG_V0.1,2025-10-11T06:00:00,2026-06-07T06:00:00,completed
RUN00004986,USR007415,MINDGUARD,2026-05-08T03:00:00,new_data,RULE_MG_V0.1,2025-12-03T03:00:00,2026-05-08T03:00:00,completed
RUN00004987,USR007416,MINDGUARD,2026-08-26T09:00:00,new_data,RULE_MG_V0.1,2025-11-10T09:00:00,2026-08-26T09:00:00,completed
RUN00004988,USR007417,HEALTH_RESERVE,2026-05-12T05:00:00,new_data,RULE_HR_V0.1,2025-12-22T05:00:00,2026-05-12T05:00:00,completed
RUN00004989,USR007418,HEALTH_RESERVE,2026-04-25T04:00:00,new_data,RULE_HR_V0.1,2026-01-14T04:00:00,2026-04-25T04:00:00,completed
RUN00004990,USR007420,MINDGUARD,2026-06-20T07:00:00,new_data,RULE_MG_V0.1,2025-10-15T07:00:00,2026-06-20T07:00:00,completed
RUN00004991,USR007420,HEALTH_RESERVE,2026-06-26T07:00:00,new_data,RULE_HR_V0.1,2025-10-17T07:00:00,2026-06-26T07:00:00,completed
RUN00004992,USR007421,MINDGUARD,2026-07-04T15:00:00,new_data,RULE_MG_V0.1,2025-11-14T15:00:00,2026-07-04T15:00:00,completed
RUN00004993,USR007422,MINDGUARD,2026-03-05T16:00:00,new_data,RULE_MG_V0.1,2025-10-26T16:00:00,2026-03-05T16:00:00,completed
RUN00004994,USR007423,MINDGUARD,2026-02-26T15:00:00,new_data,RULE_MG_V0.1,2025-10-31T15:00:00,2026-02-26T15:00:00,completed
RUN00004995,USR007424,MINDGUARD,2026-03-08T09:00:00,new_data,RULE_MG_V0.1,2025-11-17T09:00:00,2026-03-08T09:00:00,completed
RUN00004996,USR007425,HEALTH_RESERVE,2026-04-23T14:00:00,new_data,RULE_HR_V0.1,2025-10-07T14:00:00,2026-04-23T14:00:00,completed
RUN00004997,USR007426,MINDGUARD,2026-09-14T12:00:00,new_data,RULE_MG_V0.1,2026-01-30T09:00:00,2026-09-14T12:00:00,completed
RUN00004998,USR007428,MINDGUARD,2026-09-08T02:00:00,new_data,RULE_MG_V0.1,2025-12-15T02:00:00,2026-09-08T02:00:00,completed
RUN00004999,USR007431,HEALTH_RESERVE,2026-09-14T12:00:00,new_data,RULE_HR_V0.1,2026-01-21T03:00:00,2026-09-14T12:00:00,completed
RUN00005000,USR007433,MINDGUARD,2026-07-02T16:00:00,new_data,RULE_MG_V0.1,2025-10-25T16:00:00,2026-07-02T16:00:00,completed
RUN00005001,USR007434,MINDGUARD,2026-07-02T03:00:00,new_data,RULE_MG_V0.1,2025-11-16T03:00:00,2026-07-02T03:00:00,completed
RUN00005002,USR007436,HEALTH_RESERVE,2026-06-12T14:00:00,new_data,RULE_HR_V0.1,2025-10-12T14:00:00,2026-06-12T14:00:00,completed
RUN00005003,USR007439,MINDGUARD,2026-09-14T12:00:00,new_data,RULE_MG_V0.1,2026-02-09T11:00:00,2026-09-14T12:00:00,completed
RUN00005004,USR007440,MINDGUARD,2026-01-05T18:00:00,new_data,RULE_MG_V0.1,2025-09-26T18:00:00,2026-01-05T18:00:00,completed
RUN00005005,USR007441,MINDGUARD,2026-03-21T20:00:00,new_data,RULE_MG_V0.1,2025-10-03T20:00:00,2026-03-21T20:00:00,completed
RUN00005006,USR007442,HEALTH_RESERVE,2026-09-09T01:00:00,new_data,RULE_HR_V0.1,2026-02-14T01:00:00,2026-09-09T01:00:00,completed
RUN00005007,USR007443,HEALTH_RESERVE,2026-09-14T12:00:00,new_data,RULE_HR_V0.1,2026-01-29T03:00:00,2026-09-14T12:00:00,completed
RUN00005008,USR007445,HEALTH_RESERVE,2026-04-17T10:00:00,new_data,RULE_HR_V0.1,2026-01-12T10:00:00,2026-04-17T10:00:00,completed
RUN00005009,USR007446,MINDGUARD,2026-04-06T16:00:00,new_data,RULE_MG_V0.1,2026-01-01T16:00:00,2026-04-06T16:00:00,completed
RUN00005010,USR007447,HEALTH_RESERVE,2026-09-14T12:00:00,new_data,RULE_HR_V0.1,2025-12-24T06:00:00,2026-09-14T12:00:00,completed
RUN00005011,USR007448,MINDGUARD,2026-06-02T13:00:00,new_data,RULE_MG_V0.1,2025-12-02T13:00:00,2026-06-02T13:00:00,completed
RUN00005012,USR007450,MINDGUARD,2026-04-14T11:00:00,new_data,RULE_MG_V0.1,2025-10-13T11:00:00,2026-04-14T11:00:00,completed
RUN00005013,USR007450,HEALTH_RESERVE,2026-04-07T11:00:00,new_data,RULE_HR_V0.1,2025-10-03T11:00:00,2026-04-07T11:00:00,completed
RUN00005014,USR007452,MINDGUARD,2026-08-03T14:00:00,new_data,RULE_MG_V0.1,2025-10-12T14:00:00,2026-08-03T14:00:00,completed
RUN00005015,USR007453,MINDGUARD,2026-06-15T08:00:00,new_data,RULE_MG_V0.1,2026-02-05T08:00:00,2026-06-15T08:00:00,completed
RUN00005016,USR007454,MINDGUARD,2026-05-27T11:00:00,new_data,RULE_MG_V0.1,2025-09-28T11:00:00,2026-05-27T11:00:00,completed
RUN00005017,USR007456,MINDGUARD,2026-01-01T19:00:00,new_data,RULE_MG_V0.1,2025-09-27T19:00:00,2026-01-01T19:00:00,completed
RUN00005018,USR007458,MINDGUARD,2026-08-11T21:00:00,new_data,RULE_MG_V0.1,2026-02-17T21:00:00,2026-08-11T21:00:00,completed
RUN00005019,USR007459,MINDGUARD,2026-05-21T17:00:00,new_data,RULE_MG_V0.1,2026-02-05T17:00:00,2026-05-21T17:00:00,completed
RUN00005020,USR007460,MINDGUARD,2026-03-30T21:00:00,new_data,RULE_MG_V0.1,2025-10-19T21:00:00,2026-03-30T21:00:00,completed
RUN00005021,USR007461,MINDGUARD,2026-06-24T05:00:00,new_data,RULE_MG_V0.1,2026-01-05T05:00:00,2026-06-24T05:00:00,completed
RUN00005022,USR007462,MINDGUARD,2026-08-03T19:00:00,new_data,RULE_MG_V0.1,2025-12-09T19:00:00,2026-08-03T19:00:00,completed
RUN00005023,USR007463,MINDGUARD,2026-06-26T23:00:00,new_data,RULE_MG_V0.1,2025-10-12T23:00:00,2026-06-26T23:00:00,completed
RUN00005024,USR007464,MINDGUARD,2026-07-12T00:00:00,new_data,RULE_MG_V0.1,2025-11-01T00:00:00,2026-07-12T00:00:00,completed
RUN00005025,USR007466,MINDGUARD,2026-09-02T14:00:00,new_data,RULE_MG_V0.1,2025-12-26T14:00:00,2026-09-02T14:00:00,completed
RUN00005026,USR007467,MINDGUARD,2026-06-10T07:00:00,new_data,RULE_MG_V0.1,2025-12-08T07:00:00,2026-06-10T07:00:00,completed
RUN00005027,USR007468,HEALTH_RESERVE,2026-04-06T23:00:00,new_data,RULE_HR_V0.1,2025-10-15T23:00:00,2026-04-06T23:00:00,completed
RUN00005028,USR007469,HEALTH_RESERVE,2026-09-14T12:00:00,new_data,RULE_HR_V0.1,2026-01-14T09:00:00,2026-09-14T12:00:00,completed
RUN00005029,USR007471,HEALTH_RESERVE,2026-04-05T15:00:00,new_data,RULE_HR_V0.1,2025-12-06T15:00:00,2026-04-05T15:00:00,completed
RUN00005030,USR007475,MINDGUARD,2026-09-14T12:00:00,new_data,RULE_MG_V0.1,2026-01-31T00:00:00,2026-09-14T12:00:00,completed
RUN00005031,USR007476,MINDGUARD,2026-07-15T08:00:00,new_data,RULE_MG_V0.1,2025-12-14T08:00:00,2026-07-15T08:00:00,completed
RUN00005032,USR007477,MINDGUARD,2026-06-27T19:00:00,new_data,RULE_MG_V0.1,2025-12-20T19:00:00,2026-06-27T19:00:00,completed
RUN00005033,USR007479,HEALTH_RESERVE,2026-04-15T11:00:00,new_data,RULE_HR_V0.1,2025-11-15T11:00:00,2026-04-15T11:00:00,completed
RUN00005034,USR007480,MINDGUARD,2026-06-02T07:00:00,new_data,RULE_MG_V0.1,2025-10-01T07:00:00,2026-06-02T07:00:00,completed
RUN00005035,USR007480,HEALTH_RESERVE,2026-06-01T23:00:00,new_data,RULE_HR_V0.1,2025-10-04T23:00:00,2026-06-01T23:00:00,completed
RUN00005036,USR007481,MINDGUARD,2026-08-20T02:00:00,new_data,RULE_MG_V0.1,2026-02-18T02:00:00,2026-08-20T02:00:00,completed
RUN00005037,USR007483,MINDGUARD,2026-02-13T02:00:00,new_data,RULE_MG_V0.1,2025-11-10T02:00:00,2026-02-13T02:00:00,completed
RUN00005038,USR007484,HEALTH_RESERVE,2026-09-14T12:00:00,new_data,RULE_HR_V0.1,2026-01-10T03:00:00,2026-09-14T12:00:00,completed
RUN00005039,USR007485,MINDGUARD,2026-09-14T12:00:00,new_data,RULE_MG_V0.1,2026-01-04T22:00:00,2026-09-14T12:00:00,completed
RUN00005040,USR007490,MINDGUARD,2026-09-14T12:00:00,new_data,RULE_MG_V0.1,2026-02-07T11:00:00,2026-09-14T12:00:00,completed
RUN00005041,USR007491,MINDGUARD,2026-05-27T14:00:00,new_data,RULE_MG_V0.1,2025-12-21T14:00:00,2026-05-27T14:00:00,completed
RUN00005042,USR007492,HEALTH_RESERVE,2026-05-21T11:00:00,new_data,RULE_HR_V0.1,2025-12-02T11:00:00,2026-05-21T11:00:00,completed
RUN00005043,USR007493,MINDGUARD,2026-09-14T12:00:00,new_data,RULE_MG_V0.1,2026-01-26T13:00:00,2026-09-14T12:00:00,completed
RUN00005044,USR007494,MINDGUARD,2026-07-01T17:00:00,new_data,RULE_MG_V0.1,2026-02-04T17:00:00,2026-07-01T17:00:00,completed
RUN00005045,USR007495,MINDGUARD,2026-06-10T05:00:00,new_data,RULE_MG_V0.1,2025-10-11T05:00:00,2026-06-10T05:00:00,completed
RUN00005046,USR007497,HEALTH_RESERVE,2026-05-03T13:00:00,new_data,RULE_HR_V0.1,2025-10-22T13:00:00,2026-05-03T13:00:00,completed
RUN00005047,USR007498,MINDGUARD,2026-03-29T09:00:00,new_data,RULE_MG_V0.1,2025-10-17T09:00:00,2026-03-29T09:00:00,completed
RUN00005048,USR007499,MINDGUARD,2026-07-22T19:00:00,new_data,RULE_MG_V0.1,2026-01-03T19:00:00,2026-07-22T19:00:00,completed
RUN00005049,USR007500,MINDGUARD,2026-02-17T01:00:00,new_data,RULE_MG_V0.1,2025-09-29T01:00:00,2026-02-17T01:00:00,completed
RUN00005050,USR007501,MINDGUARD,2026-05-14T16:00:00,new_data,RULE_MG_V0.1,2025-11-07T16:00:00,2026-05-14T16:00:00,completed
RUN00005051,USR007503,MINDGUARD,2026-03-29T20:00:00,new_data,RULE_MG_V0.1,2025-10-25T20:00:00,2026-03-29T20:00:00,completed
RUN00005052,USR007504,MINDGUARD,2026-03-14T11:00:00,new_data,RULE_MG_V0.1,2025-12-14T11:00:00,2026-03-14T11:00:00,completed
RUN00005053,USR007506,HEALTH_RESERVE,2026-07-15T20:00:00,new_data,RULE_HR_V0.1,2025-11-03T20:00:00,2026-07-15T20:00:00,completed
RUN00005054,USR007507,MINDGUARD,2026-05-08T08:00:00,new_data,RULE_MG_V0.1,2026-02-03T08:00:00,2026-05-08T08:00:00,completed
RUN00005055,USR007508,HEALTH_RESERVE,2026-04-30T20:00:00,new_data,RULE_HR_V0.1,2025-12-06T20:00:00,2026-04-30T20:00:00,completed
RUN00005056,USR007509,HEALTH_RESERVE,2026-03-20T08:00:00,new_data,RULE_HR_V0.1,2025-12-18T08:00:00,2026-03-20T08:00:00,completed
RUN00005057,USR007510,MINDGUARD,2026-07-25T17:00:00,new_data,RULE_MG_V0.1,2026-02-02T17:00:00,2026-07-25T17:00:00,completed
RUN00005058,USR007511,HEALTH_RESERVE,2026-06-25T02:00:00,new_data,RULE_HR_V0.1,2025-11-29T02:00:00,2026-06-25T02:00:00,completed
RUN00005059,USR007513,MINDGUARD,2026-05-02T08:00:00,new_data,RULE_MG_V0.1,2026-01-15T08:00:00,2026-05-02T08:00:00,completed
RUN00005060,USR007513,HEALTH_RESERVE,2026-04-27T11:00:00,new_data,RULE_HR_V0.1,2026-01-15T11:00:00,2026-04-27T11:00:00,completed
RUN00005061,USR007514,MINDGUARD,2026-06-29T07:00:00,new_data,RULE_MG_V0.1,2025-12-25T07:00:00,2026-06-29T07:00:00,completed
RUN00005062,USR007515,HEALTH_RESERVE,2026-09-14T12:00:00,new_data,RULE_HR_V0.1,2026-01-21T00:00:00,2026-09-14T12:00:00,completed
RUN00005063,USR007516,HEALTH_RESERVE,2026-09-14T12:00:00,new_data,RULE_HR_V0.1,2026-02-12T19:00:00,2026-09-14T12:00:00,completed
RUN00005064,USR007517,HEALTH_RESERVE,2026-09-14T12:00:00,new_data,RULE_HR_V0.1,2026-01-31T14:00:00,2026-09-14T12:00:00,completed
RUN00005065,USR007521,MINDGUARD,2026-09-14T12:00:00,new_data,RULE_MG_V0.1,2026-01-31T23:00:00,2026-09-14T12:00:00,completed
RUN00005066,USR007521,HEALTH_RESERVE,2026-09-14T12:00:00,new_data,RULE_HR_V0.1,2026-02-02T23:00:00,2026-09-14T12:00:00,completed
RUN00005067,USR007522,MINDGUARD,2026-06-13T01:00:00,new_data,RULE_MG_V0.1,2025-12-05T01:00:00,2026-06-13T01:00:00,completed
RUN00005068,USR007524,MINDGUARD,2026-07-07T13:00:00,new_data,RULE_MG_V0.1,2025-10-01T13:00:00,2026-07-07T13:00:00,completed
RUN00005069,USR007527,MINDGUARD,2026-04-24T10:00:00,new_data,RULE_MG_V0.1,2025-09-21T10:00:00,2026-04-24T10:00:00,completed
RUN00005070,USR007531,MINDGUARD,2026-06-28T05:00:00,new_data,RULE_MG_V0.1,2025-11-24T05:00:00,2026-06-28T05:00:00,completed
RUN00005071,USR007532,MINDGUARD,2026-07-03T07:00:00,new_data,RULE_MG_V0.1,2026-01-31T07:00:00,2026-07-03T07:00:00,completed
RUN00005072,USR007533,HEALTH_RESERVE,2026-09-14T12:00:00,new_data,RULE_HR_V0.1,2026-01-01T01:00:00,2026-09-14T12:00:00,completed
RUN00005073,USR007534,HEALTH_RESERVE,2026-02-05T15:00:00,new_data,RULE_HR_V0.1,2025-11-01T15:00:00,2026-02-05T15:00:00,completed
RUN00005074,USR007535,MINDGUARD,2026-09-14T12:00:00,new_data,RULE_MG_V0.1,2025-12-16T18:00:00,2026-09-14T12:00:00,completed
RUN00005075,USR007537,MINDGUARD,2026-08-11T04:00:00,new_data,RULE_MG_V0.1,2025-10-21T04:00:00,2026-08-11T04:00:00,completed
RUN00005076,USR007541,MINDGUARD,2026-05-14T00:00:00,new_data,RULE_MG_V0.1,2025-12-20T00:00:00,2026-05-14T00:00:00,completed
RUN00005077,USR007542,MINDGUARD,2026-07-05T07:00:00,new_data,RULE_MG_V0.1,2025-11-02T07:00:00,2026-07-05T07:00:00,completed
RUN00005078,USR007543,MINDGUARD,2026-05-10T09:00:00,new_data,RULE_MG_V0.1,2025-12-05T09:00:00,2026-05-10T09:00:00,completed
RUN00005079,USR007544,MINDGUARD,2026-04-19T19:00:00,new_data,RULE_MG_V0.1,2025-09-26T19:00:00,2026-04-19T19:00:00,completed
RUN00005080,USR007546,HEALTH_RESERVE,2026-05-21T18:00:00,new_data,RULE_HR_V0.1,2025-12-15T18:00:00,2026-05-21T18:00:00,completed
RUN00005081,USR007547,MINDGUARD,2026-08-01T12:00:00,new_data,RULE_MG_V0.1,2025-12-05T12:00:00,2026-08-01T12:00:00,completed
RUN00005082,USR007548,MINDGUARD,2026-09-14T12:00:00,new_data,RULE_MG_V0.1,2026-01-01T15:00:00,2026-09-14T12:00:00,completed
RUN00005083,USR007549,MINDGUARD,2026-06-18T02:00:00,new_data,RULE_MG_V0.1,2025-12-31T02:00:00,2026-06-18T02:00:00,completed
RUN00005084,USR007550,MINDGUARD,2026-06-18T19:00:00,new_data,RULE_MG_V0.1,2025-12-29T19:00:00,2026-06-18T19:00:00,completed
RUN00005085,USR007552,HEALTH_RESERVE,2026-06-28T08:00:00,new_data,RULE_HR_V0.1,2025-12-14T08:00:00,2026-06-28T08:00:00,completed
RUN00005086,USR007553,HEALTH_RESERVE,2026-07-25T20:00:00,new_data,RULE_HR_V0.1,2026-01-06T20:00:00,2026-07-25T20:00:00,completed
RUN00005087,USR007554,MINDGUARD,2026-03-06T03:00:00,new_data,RULE_MG_V0.1,2025-11-30T03:00:00,2026-03-06T03:00:00,completed
RUN00005088,USR007555,MINDGUARD,2026-09-14T12:00:00,new_data,RULE_MG_V0.1,2026-01-16T14:00:00,2026-09-14T12:00:00,completed
RUN00005089,USR007556,MINDGUARD,2026-01-26T13:00:00,new_data,RULE_MG_V0.1,2025-10-28T13:00:00,2026-01-26T13:00:00,completed
RUN00005090,USR007558,HEALTH_RESERVE,2026-03-26T11:00:00,new_data,RULE_HR_V0.1,2025-12-17T11:00:00,2026-03-26T11:00:00,completed
RUN00005091,USR007560,MINDGUARD,2026-09-14T12:00:00,new_data,RULE_MG_V0.1,2026-02-02T01:00:00,2026-09-14T12:00:00,completed
RUN00005092,USR007561,MINDGUARD,2026-05-31T03:00:00,new_data,RULE_MG_V0.1,2025-11-02T03:00:00,2026-05-31T03:00:00,completed
RUN00005093,USR007561,HEALTH_RESERVE,2026-04-01T05:00:00,new_data,RULE_HR_V0.1,2025-11-10T05:00:00,2026-04-01T05:00:00,completed
RUN00005094,USR007562,MINDGUARD,2026-07-01T05:00:00,new_data,RULE_MG_V0.1,2026-01-12T05:00:00,2026-07-01T05:00:00,completed
RUN00005095,USR007563,HEALTH_RESERVE,2026-08-09T07:00:00,new_data,RULE_HR_V0.1,2026-02-15T07:00:00,2026-08-09T07:00:00,completed
RUN00005096,USR007564,MINDGUARD,2026-05-30T23:00:00,new_data,RULE_MG_V0.1,2025-11-03T23:00:00,2026-05-30T23:00:00,completed
RUN00005097,USR007567,HEALTH_RESERVE,2026-04-26T06:00:00,new_data,RULE_HR_V0.1,2025-09-26T06:00:00,2026-04-26T06:00:00,completed
RUN00005098,USR007568,MINDGUARD,2026-07-07T07:00:00,new_data,RULE_MG_V0.1,2025-12-30T07:00:00,2026-07-07T07:00:00,completed
RUN00005099,USR007569,MINDGUARD,2026-05-14T08:00:00,new_data,RULE_MG_V0.1,2026-01-14T08:00:00,2026-05-14T08:00:00,completed
RUN00005100,USR007570,HEALTH_RESERVE,2026-09-01T09:00:00,new_data,RULE_HR_V0.1,2025-12-18T09:00:00,2026-09-01T09:00:00,completed
RUN00005101,USR007572,MINDGUARD,2026-03-14T17:00:00,new_data,RULE_MG_V0.1,2025-12-05T17:00:00,2026-03-14T17:00:00,completed
RUN00005102,USR007574,MINDGUARD,2026-07-10T08:00:00,new_data,RULE_MG_V0.1,2026-01-03T08:00:00,2026-07-10T08:00:00,completed
RUN00005103,USR007574,HEALTH_RESERVE,2026-09-14T12:00:00,new_data,RULE_HR_V0.1,2026-01-05T01:00:00,2026-09-14T12:00:00,completed
RUN00005104,USR007576,MINDGUARD,2026-04-09T08:00:00,new_data,RULE_MG_V0.1,2025-10-08T08:00:00,2026-04-09T08:00:00,completed
RUN00005105,USR007579,MINDGUARD,2026-06-21T09:00:00,new_data,RULE_MG_V0.1,2026-01-10T09:00:00,2026-06-21T09:00:00,completed
RUN00005106,USR007582,MINDGUARD,2026-08-10T04:00:00,new_data,RULE_MG_V0.1,2025-10-28T04:00:00,2026-08-10T04:00:00,completed
RUN00005107,USR007584,MINDGUARD,2026-03-06T01:00:00,new_data,RULE_MG_V0.1,2025-10-10T01:00:00,2026-03-06T01:00:00,completed
RUN00005108,USR007586,HEALTH_RESERVE,2026-08-02T21:00:00,new_data,RULE_HR_V0.1,2025-11-21T21:00:00,2026-08-02T21:00:00,completed
RUN00005109,USR007587,MINDGUARD,2026-05-23T19:00:00,new_data,RULE_MG_V0.1,2025-10-18T19:00:00,2026-05-23T19:00:00,completed
RUN00005110,USR007587,HEALTH_RESERVE,2026-07-23T13:00:00,new_data,RULE_HR_V0.1,2025-10-09T13:00:00,2026-07-23T13:00:00,completed
RUN00005111,USR007592,MINDGUARD,2026-07-07T22:00:00,new_data,RULE_MG_V0.1,2025-09-25T22:00:00,2026-07-07T22:00:00,completed
RUN00005112,USR007593,HEALTH_RESERVE,2026-06-05T19:00:00,new_data,RULE_HR_V0.1,2025-11-25T19:00:00,2026-06-05T19:00:00,completed
RUN00005113,USR007596,MINDGUARD,2026-06-22T15:00:00,new_data,RULE_MG_V0.1,2026-01-30T15:00:00,2026-06-22T15:00:00,completed
RUN00005114,USR007597,MINDGUARD,2026-06-26T20:00:00,new_data,RULE_MG_V0.1,2025-11-18T20:00:00,2026-06-26T20:00:00,completed
RUN00005115,USR007598,HEALTH_RESERVE,2026-05-01T11:00:00,new_data,RULE_HR_V0.1,2025-11-07T11:00:00,2026-05-01T11:00:00,completed
RUN00005116,USR007599,MINDGUARD,2026-09-14T12:00:00,new_data,RULE_MG_V0.1,2026-01-30T08:00:00,2026-09-14T12:00:00,completed
RUN00005117,USR007599,HEALTH_RESERVE,2026-09-14T12:00:00,new_data,RULE_HR_V0.1,2026-01-21T10:00:00,2026-09-14T12:00:00,completed
RUN00005118,USR007600,MINDGUARD,2026-06-17T13:00:00,new_data,RULE_MG_V0.1,2025-12-13T13:00:00,2026-06-17T13:00:00,completed
RUN00005119,USR007600,HEALTH_RESERVE,2026-06-05T10:00:00,new_data,RULE_HR_V0.1,2025-12-19T10:00:00,2026-06-05T10:00:00,completed
RUN00005120,USR007602,MINDGUARD,2026-07-19T23:00:00,new_data,RULE_MG_V0.1,2026-01-13T23:00:00,2026-07-19T23:00:00,completed
RUN00005121,USR007603,HEALTH_RESERVE,2026-07-29T07:00:00,new_data,RULE_HR_V0.1,2026-01-17T07:00:00,2026-07-29T07:00:00,completed
RUN00005122,USR007604,MINDGUARD,2026-02-14T01:00:00,new_data,RULE_MG_V0.1,2025-10-24T01:00:00,2026-02-14T01:00:00,completed
RUN00005123,USR007606,MINDGUARD,2026-09-14T12:00:00,new_data,RULE_MG_V0.1,2026-02-11T13:00:00,2026-09-14T12:00:00,completed
RUN00005124,USR007607,MINDGUARD,2026-09-14T12:00:00,new_data,RULE_MG_V0.1,2025-12-13T16:00:00,2026-09-14T12:00:00,completed
RUN00005125,USR007609,MINDGUARD,2026-06-08T22:00:00,new_data,RULE_MG_V0.1,2025-12-17T22:00:00,2026-06-08T22:00:00,completed
RUN00005126,USR007610,MINDGUARD,2026-04-14T03:00:00,new_data,RULE_MG_V0.1,2025-10-04T03:00:00,2026-04-14T03:00:00,completed
RUN00005127,USR007611,HEALTH_RESERVE,2026-02-17T05:00:00,new_data,RULE_HR_V0.1,2025-10-28T05:00:00,2026-02-17T05:00:00,completed
RUN00005128,USR007612,MINDGUARD,2026-08-21T00:00:00,new_data,RULE_MG_V0.1,2025-11-23T00:00:00,2026-08-21T00:00:00,completed
RUN00005129,USR007613,MINDGUARD,2026-09-14T12:00:00,new_data,RULE_MG_V0.1,2025-12-06T01:00:00,2026-09-14T12:00:00,completed
RUN00005130,USR007615,MINDGUARD,2026-07-02T01:00:00,new_data,RULE_MG_V0.1,2026-01-12T01:00:00,2026-07-02T01:00:00,completed
RUN00005131,USR007617,MINDGUARD,2026-03-10T01:00:00,new_data,RULE_MG_V0.1,2025-09-28T01:00:00,2026-03-10T01:00:00,completed
RUN00005132,USR007619,MINDGUARD,2026-01-27T15:00:00,new_data,RULE_MG_V0.1,2025-10-05T15:00:00,2026-01-27T15:00:00,completed
RUN00005133,USR007620,MINDGUARD,2026-08-20T03:00:00,new_data,RULE_MG_V0.1,2025-11-30T03:00:00,2026-08-20T03:00:00,completed
RUN00005134,USR007622,MINDGUARD,2026-09-14T12:00:00,new_data,RULE_MG_V0.1,2026-01-26T23:00:00,2026-09-14T12:00:00,completed
RUN00005135,USR007623,MINDGUARD,2026-08-26T04:00:00,new_data,RULE_MG_V0.1,2026-01-03T04:00:00,2026-08-26T04:00:00,completed
RUN00005136,USR007624,MINDGUARD,2026-04-08T09:00:00,new_data,RULE_MG_V0.1,2025-09-30T09:00:00,2026-04-08T09:00:00,completed
RUN00005137,USR007625,HEALTH_RESERVE,2026-08-23T10:00:00,new_data,RULE_HR_V0.1,2025-11-16T10:00:00,2026-08-23T10:00:00,completed
RUN00005138,USR007627,MINDGUARD,2026-08-21T08:00:00,new_data,RULE_MG_V0.1,2026-01-19T08:00:00,2026-08-21T08:00:00,completed
RUN00005139,USR007633,MINDGUARD,2026-08-28T21:00:00,new_data,RULE_MG_V0.1,2025-11-29T21:00:00,2026-08-28T21:00:00,completed
RUN00005140,USR007634,MINDGUARD,2026-05-31T20:00:00,new_data,RULE_MG_V0.1,2025-11-09T20:00:00,2026-05-31T20:00:00,completed
RUN00005141,USR007635,MINDGUARD,2026-02-09T04:00:00,new_data,RULE_MG_V0.1,2025-11-05T04:00:00,2026-02-09T04:00:00,completed
RUN00005142,USR007636,MINDGUARD,2026-07-11T05:00:00,new_data,RULE_MG_V0.1,2026-01-07T05:00:00,2026-07-11T05:00:00,completed
RUN00005143,USR007638,HEALTH_RESERVE,2026-05-22T20:00:00,new_data,RULE_HR_V0.1,2025-11-22T20:00:00,2026-05-22T20:00:00,completed
RUN00005144,USR007640,MINDGUARD,2026-07-31T17:00:00,new_data,RULE_MG_V0.1,2025-11-25T17:00:00,2026-07-31T17:00:00,completed
RUN00005145,USR007641,MINDGUARD,2026-07-06T11:00:00,new_data,RULE_MG_V0.1,2025-10-01T11:00:00,2026-07-06T11:00:00,completed
RUN00005146,USR007642,MINDGUARD,2026-06-13T12:00:00,new_data,RULE_MG_V0.1,2026-01-11T12:00:00,2026-06-13T12:00:00,completed
RUN00005147,USR007645,MINDGUARD,2026-05-01T16:00:00,new_data,RULE_MG_V0.1,2026-01-09T16:00:00,2026-05-01T16:00:00,completed
RUN00005148,USR007645,HEALTH_RESERVE,2026-08-04T12:00:00,new_data,RULE_HR_V0.1,2026-01-12T12:00:00,2026-08-04T12:00:00,completed
RUN00005149,USR007650,MINDGUARD,2026-05-04T02:00:00,new_data,RULE_MG_V0.1,2025-10-28T02:00:00,2026-05-04T02:00:00,completed
RUN00005150,USR007651,MINDGUARD,2026-06-24T22:00:00,new_data,RULE_MG_V0.1,2026-01-14T22:00:00,2026-06-24T22:00:00,completed
RUN00005151,USR007653,MINDGUARD,2026-06-09T22:00:00,new_data,RULE_MG_V0.1,2026-01-16T22:00:00,2026-06-09T22:00:00,completed
RUN00005152,USR007654,MINDGUARD,2026-05-22T20:00:00,new_data,RULE_MG_V0.1,2025-10-26T20:00:00,2026-05-22T20:00:00,completed
RUN00005153,USR007655,MINDGUARD,2026-09-14T12:00:00,new_data,RULE_MG_V0.1,2025-12-28T05:00:00,2026-09-14T12:00:00,completed
RUN00005154,USR007656,HEALTH_RESERVE,2026-04-03T11:00:00,new_data,RULE_HR_V0.1,2025-10-20T11:00:00,2026-04-03T11:00:00,completed
RUN00005155,USR007658,MINDGUARD,2026-07-26T02:00:00,new_data,RULE_MG_V0.1,2025-10-25T02:00:00,2026-07-26T02:00:00,completed
RUN00005156,USR007659,MINDGUARD,2026-06-02T04:00:00,new_data,RULE_MG_V0.1,2025-12-11T04:00:00,2026-06-02T04:00:00,completed
RUN00005157,USR007660,HEALTH_RESERVE,2026-09-14T12:00:00,new_data,RULE_HR_V0.1,2026-02-05T05:00:00,2026-09-14T12:00:00,completed
RUN00005158,USR007662,MINDGUARD,2026-01-29T16:00:00,new_data,RULE_MG_V0.1,2025-10-30T16:00:00,2026-01-29T16:00:00,completed
RUN00005159,USR007663,MINDGUARD,2026-07-14T11:00:00,new_data,RULE_MG_V0.1,2026-02-08T11:00:00,2026-07-14T11:00:00,completed
RUN00005160,USR007664,HEALTH_RESERVE,2026-09-14T12:00:00,new_data,RULE_HR_V0.1,2026-02-08T21:00:00,2026-09-14T12:00:00,completed
RUN00005161,USR007665,MINDGUARD,2026-09-14T12:00:00,new_data,RULE_MG_V0.1,2026-02-16T20:00:00,2026-09-14T12:00:00,completed
RUN00005162,USR007666,HEALTH_RESERVE,2026-08-16T05:00:00,new_data,RULE_HR_V0.1,2025-11-16T05:00:00,2026-08-16T05:00:00,completed
RUN00005163,USR007667,MINDGUARD,2026-07-05T12:00:00,new_data,RULE_MG_V0.1,2025-09-27T12:00:00,2026-07-05T12:00:00,completed
RUN00005164,USR007668,MINDGUARD,2026-04-07T13:00:00,new_data,RULE_MG_V0.1,2025-11-15T13:00:00,2026-04-07T13:00:00,completed
RUN00005165,USR007669,MINDGUARD,2026-04-28T15:00:00,new_data,RULE_MG_V0.1,2025-11-21T15:00:00,2026-04-28T15:00:00,completed
RUN00005166,USR007670,MINDGUARD,2026-09-10T08:00:00,new_data,RULE_MG_V0.1,2026-01-27T08:00:00,2026-09-10T08:00:00,completed
RUN00005167,USR007670,HEALTH_RESERVE,2026-06-30T09:00:00,new_data,RULE_HR_V0.1,2026-01-24T09:00:00,2026-06-30T09:00:00,completed
RUN00005168,USR007673,HEALTH_RESERVE,2026-06-25T07:00:00,new_data,RULE_HR_V0.1,2025-11-09T07:00:00,2026-06-25T07:00:00,completed
RUN00005169,USR007677,HEALTH_RESERVE,2026-07-09T04:00:00,new_data,RULE_HR_V0.1,2025-09-29T04:00:00,2026-07-09T04:00:00,completed
RUN00005170,USR007679,MINDGUARD,2026-06-29T12:00:00,new_data,RULE_MG_V0.1,2026-01-11T12:00:00,2026-06-29T12:00:00,completed
RUN00005171,USR007681,HEALTH_RESERVE,2026-01-27T01:00:00,new_data,RULE_HR_V0.1,2025-09-28T01:00:00,2026-01-27T01:00:00,completed
RUN00005172,USR007684,HEALTH_RESERVE,2026-09-05T15:00:00,new_data,RULE_HR_V0.1,2026-01-06T15:00:00,2026-09-05T15:00:00,completed
RUN00005173,USR007685,HEALTH_RESERVE,2026-08-18T02:00:00,new_data,RULE_HR_V0.1,2026-02-12T02:00:00,2026-08-18T02:00:00,completed
RUN00005174,USR007686,MINDGUARD,2026-04-11T18:00:00,new_data,RULE_MG_V0.1,2025-11-27T18:00:00,2026-04-11T18:00:00,completed
RUN00005175,USR007687,HEALTH_RESERVE,2026-02-18T19:00:00,new_data,RULE_HR_V0.1,2025-10-06T19:00:00,2026-02-18T19:00:00,completed
RUN00005176,USR007688,MINDGUARD,2026-07-10T17:00:00,new_data,RULE_MG_V0.1,2026-01-11T17:00:00,2026-07-10T17:00:00,completed
RUN00005177,USR007690,MINDGUARD,2026-04-02T23:00:00,new_data,RULE_MG_V0.1,2025-11-12T23:00:00,2026-04-02T23:00:00,completed
RUN00005178,USR007691,MINDGUARD,2026-08-30T13:00:00,new_data,RULE_MG_V0.1,2025-11-12T13:00:00,2026-08-30T13:00:00,completed
RUN00005179,USR007693,HEALTH_RESERVE,2026-09-14T12:00:00,new_data,RULE_HR_V0.1,2025-12-24T13:00:00,2026-09-14T12:00:00,completed
RUN00005180,USR007694,MINDGUARD,2026-06-03T14:00:00,new_data,RULE_MG_V0.1,2026-01-14T14:00:00,2026-06-03T14:00:00,completed
RUN00005181,USR007695,MINDGUARD,2026-07-15T08:00:00,new_data,RULE_MG_V0.1,2026-01-31T08:00:00,2026-07-15T08:00:00,completed
RUN00005182,USR007697,HEALTH_RESERVE,2026-04-04T09:00:00,new_data,RULE_HR_V0.1,2025-10-31T09:00:00,2026-04-04T09:00:00,completed
RUN00005183,USR007698,MINDGUARD,2026-09-09T19:00:00,new_data,RULE_MG_V0.1,2026-01-21T19:00:00,2026-09-09T19:00:00,completed
RUN00005184,USR007701,MINDGUARD,2026-08-21T12:00:00,new_data,RULE_MG_V0.1,2026-02-02T12:00:00,2026-08-21T12:00:00,completed
RUN00005185,USR007703,MINDGUARD,2026-04-08T00:00:00,new_data,RULE_MG_V0.1,2025-11-23T00:00:00,2026-04-08T00:00:00,completed
RUN00005186,USR007704,MINDGUARD,2026-02-08T05:00:00,new_data,RULE_MG_V0.1,2025-10-04T05:00:00,2026-02-08T05:00:00,completed
RUN00005187,USR007704,HEALTH_RESERVE,2026-01-26T04:00:00,new_data,RULE_HR_V0.1,2025-10-05T04:00:00,2026-01-26T04:00:00,completed
RUN00005188,USR007705,MINDGUARD,2026-07-16T21:00:00,new_data,RULE_MG_V0.1,2025-10-16T21:00:00,2026-07-16T21:00:00,completed
RUN00005189,USR007705,HEALTH_RESERVE,2026-08-07T21:00:00,new_data,RULE_HR_V0.1,2025-10-21T21:00:00,2026-08-07T21:00:00,completed
RUN00005190,USR007707,HEALTH_RESERVE,2026-04-19T02:00:00,new_data,RULE_HR_V0.1,2025-11-21T02:00:00,2026-04-19T02:00:00,completed
RUN00005191,USR007709,MINDGUARD,2026-05-14T21:00:00,new_data,RULE_MG_V0.1,2025-10-07T21:00:00,2026-05-14T21:00:00,completed
RUN00005192,USR007709,HEALTH_RESERVE,2026-06-06T22:00:00,new_data,RULE_HR_V0.1,2025-09-27T22:00:00,2026-06-06T22:00:00,completed
RUN00005193,USR007711,MINDGUARD,2026-05-09T11:00:00,new_data,RULE_MG_V0.1,2025-11-09T11:00:00,2026-05-09T11:00:00,completed
RUN00005194,USR007712,MINDGUARD,2026-03-27T00:00:00,new_data,RULE_MG_V0.1,2025-10-10T00:00:00,2026-03-27T00:00:00,completed
RUN00005195,USR007713,MINDGUARD,2026-05-08T22:00:00,new_data,RULE_MG_V0.1,2025-12-26T22:00:00,2026-05-08T22:00:00,completed
RUN00005196,USR007714,HEALTH_RESERVE,2026-09-14T12:00:00,new_data,RULE_HR_V0.1,2026-01-02T00:00:00,2026-09-14T12:00:00,completed
RUN00005197,USR007715,MINDGUARD,2026-06-02T23:00:00,new_data,RULE_MG_V0.1,2025-10-21T23:00:00,2026-06-02T23:00:00,completed
RUN00005198,USR007716,MINDGUARD,2026-02-18T13:00:00,new_data,RULE_MG_V0.1,2025-10-08T13:00:00,2026-02-18T13:00:00,completed
RUN00005199,USR007716,HEALTH_RESERVE,2026-07-28T18:00:00,new_data,RULE_HR_V0.1,2025-10-12T18:00:00,2026-07-28T18:00:00,completed
RUN00005200,USR007718,MINDGUARD,2026-06-14T02:00:00,new_data,RULE_MG_V0.1,2026-02-16T02:00:00,2026-06-14T02:00:00,completed
RUN00005201,USR007720,MINDGUARD,2026-03-05T23:00:00,new_data,RULE_MG_V0.1,2025-09-25T23:00:00,2026-03-05T23:00:00,completed
RUN00005202,USR007721,MINDGUARD,2026-04-14T23:00:00,new_data,RULE_MG_V0.1,2025-11-30T23:00:00,2026-04-14T23:00:00,completed
RUN00005203,USR007721,HEALTH_RESERVE,2026-03-08T22:00:00,new_data,RULE_HR_V0.1,2025-11-28T22:00:00,2026-03-08T22:00:00,completed
RUN00005204,USR007723,MINDGUARD,2026-07-23T15:00:00,new_data,RULE_MG_V0.1,2026-01-25T15:00:00,2026-07-23T15:00:00,completed
RUN00005205,USR007727,HEALTH_RESERVE,2026-02-09T08:00:00,new_data,RULE_HR_V0.1,2025-09-30T08:00:00,2026-02-09T08:00:00,completed
RUN00005206,USR007728,MINDGUARD,2026-07-20T20:00:00,new_data,RULE_MG_V0.1,2026-01-23T20:00:00,2026-07-20T20:00:00,completed
RUN00005207,USR007730,HEALTH_RESERVE,2026-09-14T12:00:00,new_data,RULE_HR_V0.1,2026-01-26T08:00:00,2026-09-14T12:00:00,completed
RUN00005208,USR007734,MINDGUARD,2026-09-14T12:00:00,new_data,RULE_MG_V0.1,2025-12-31T08:00:00,2026-09-14T12:00:00,completed
RUN00005209,USR007735,HEALTH_RESERVE,2026-06-22T05:00:00,new_data,RULE_HR_V0.1,2025-12-17T05:00:00,2026-06-22T05:00:00,completed
RUN00005210,USR007737,HEALTH_RESERVE,2026-06-05T19:00:00,new_data,RULE_HR_V0.1,2026-02-18T19:00:00,2026-06-05T19:00:00,completed
RUN00005211,USR007738,MINDGUARD,2026-05-28T05:00:00,new_data,RULE_MG_V0.1,2025-12-26T05:00:00,2026-05-28T05:00:00,completed
RUN00005212,USR007743,HEALTH_RESERVE,2026-09-04T14:00:00,new_data,RULE_HR_V0.1,2026-01-03T14:00:00,2026-09-04T14:00:00,completed
RUN00005213,USR007745,MINDGUARD,2026-09-09T06:00:00,new_data,RULE_MG_V0.1,2025-12-15T06:00:00,2026-09-09T06:00:00,completed
RUN00005214,USR007746,MINDGUARD,2026-09-14T12:00:00,new_data,RULE_MG_V0.1,2026-01-21T08:00:00,2026-09-14T12:00:00,completed
RUN00005215,USR007748,MINDGUARD,2026-03-22T04:00:00,new_data,RULE_MG_V0.1,2025-11-21T04:00:00,2026-03-22T04:00:00,completed
RUN00005216,USR007750,MINDGUARD,2026-09-14T12:00:00,new_data,RULE_MG_V0.1,2026-01-26T06:00:00,2026-09-14T12:00:00,completed
RUN00005217,USR007751,MINDGUARD,2026-06-28T12:00:00,new_data,RULE_MG_V0.1,2025-10-19T12:00:00,2026-06-28T12:00:00,completed
RUN00005218,USR007752,MINDGUARD,2026-09-10T10:00:00,new_data,RULE_MG_V0.1,2026-01-02T10:00:00,2026-09-10T10:00:00,completed
RUN00005219,USR007753,MINDGUARD,2026-08-16T12:00:00,new_data,RULE_MG_V0.1,2026-01-12T12:00:00,2026-08-16T12:00:00,completed
RUN00005220,USR007754,HEALTH_RESERVE,2026-07-28T10:00:00,new_data,RULE_HR_V0.1,2025-12-23T10:00:00,2026-07-28T10:00:00,completed
RUN00005221,USR007756,MINDGUARD,2026-06-20T12:00:00,new_data,RULE_MG_V0.1,2025-11-06T12:00:00,2026-06-20T12:00:00,completed
RUN00005222,USR007758,MINDGUARD,2025-12-30T06:00:00,new_data,RULE_MG_V0.1,2025-10-01T06:00:00,2025-12-30T06:00:00,completed
RUN00005223,USR007759,MINDGUARD,2026-05-05T20:00:00,new_data,RULE_MG_V0.1,2025-09-27T20:00:00,2026-05-05T20:00:00,completed
RUN00005224,USR007760,MINDGUARD,2026-09-14T12:00:00,new_data,RULE_MG_V0.1,2026-01-25T20:00:00,2026-09-14T12:00:00,completed
RUN00005225,USR007761,MINDGUARD,2026-05-23T22:00:00,new_data,RULE_MG_V0.1,2026-01-06T22:00:00,2026-05-23T22:00:00,completed
RUN00005226,USR007761,HEALTH_RESERVE,2026-07-06T19:00:00,new_data,RULE_HR_V0.1,2026-01-08T19:00:00,2026-07-06T19:00:00,completed
RUN00005227,USR007762,HEALTH_RESERVE,2026-06-27T01:00:00,new_data,RULE_HR_V0.1,2025-12-08T01:00:00,2026-06-27T01:00:00,completed
RUN00005228,USR007763,HEALTH_RESERVE,2026-07-01T19:00:00,new_data,RULE_HR_V0.1,2025-12-05T19:00:00,2026-07-01T19:00:00,completed
RUN00005229,USR007764,MINDGUARD,2026-04-02T01:00:00,new_data,RULE_MG_V0.1,2025-12-12T01:00:00,2026-04-02T01:00:00,completed
RUN00005230,USR007765,MINDGUARD,2026-04-09T19:00:00,new_data,RULE_MG_V0.1,2025-12-29T19:00:00,2026-04-09T19:00:00,completed
RUN00005231,USR007766,HEALTH_RESERVE,2026-06-30T16:00:00,new_data,RULE_HR_V0.1,2026-02-01T16:00:00,2026-06-30T16:00:00,completed
RUN00005232,USR007768,MINDGUARD,2026-04-12T16:00:00,new_data,RULE_MG_V0.1,2025-10-18T16:00:00,2026-04-12T16:00:00,completed
RUN00005233,USR007771,MINDGUARD,2026-05-10T03:00:00,new_data,RULE_MG_V0.1,2025-12-09T03:00:00,2026-05-10T03:00:00,completed
RUN00005234,USR007773,HEALTH_RESERVE,2026-02-28T12:00:00,new_data,RULE_HR_V0.1,2025-10-13T12:00:00,2026-02-28T12:00:00,completed
RUN00005235,USR007774,MINDGUARD,2026-06-04T03:00:00,new_data,RULE_MG_V0.1,2025-12-17T03:00:00,2026-06-04T03:00:00,completed
RUN00005236,USR007776,MINDGUARD,2026-09-12T18:00:00,new_data,RULE_MG_V0.1,2026-01-22T18:00:00,2026-09-12T18:00:00,completed
RUN00005237,USR007777,MINDGUARD,2026-03-25T01:00:00,new_data,RULE_MG_V0.1,2025-10-08T01:00:00,2026-03-25T01:00:00,completed
RUN00005238,USR007779,MINDGUARD,2026-05-29T23:00:00,new_data,RULE_MG_V0.1,2025-10-31T23:00:00,2026-05-29T23:00:00,completed
RUN00005239,USR007780,MINDGUARD,2026-02-16T06:00:00,new_data,RULE_MG_V0.1,2025-10-21T06:00:00,2026-02-16T06:00:00,completed
RUN00005240,USR007784,MINDGUARD,2026-07-18T20:00:00,new_data,RULE_MG_V0.1,2026-01-24T20:00:00,2026-07-18T20:00:00,completed
RUN00005241,USR007785,MINDGUARD,2026-06-02T13:00:00,new_data,RULE_MG_V0.1,2025-12-13T13:00:00,2026-06-02T13:00:00,completed
RUN00005242,USR007787,MINDGUARD,2026-07-07T15:00:00,new_data,RULE_MG_V0.1,2026-02-06T15:00:00,2026-07-07T15:00:00,completed
RUN00005243,USR007788,HEALTH_RESERVE,2026-05-29T10:00:00,new_data,RULE_HR_V0.1,2026-01-05T10:00:00,2026-05-29T10:00:00,completed
RUN00005244,USR007791,MINDGUARD,2026-06-25T22:00:00,new_data,RULE_MG_V0.1,2025-12-26T22:00:00,2026-06-25T22:00:00,completed
RUN00005245,USR007792,HEALTH_RESERVE,2026-04-08T08:00:00,new_data,RULE_HR_V0.1,2025-10-08T08:00:00,2026-04-08T08:00:00,completed
RUN00005246,USR007794,HEALTH_RESERVE,2026-03-24T11:00:00,new_data,RULE_HR_V0.1,2025-10-23T11:00:00,2026-03-24T11:00:00,completed
RUN00005247,USR007795,HEALTH_RESERVE,2026-08-13T18:00:00,new_data,RULE_HR_V0.1,2026-01-14T18:00:00,2026-08-13T18:00:00,completed
RUN00005248,USR007796,MINDGUARD,2026-04-04T21:00:00,new_data,RULE_MG_V0.1,2025-09-19T21:00:00,2026-04-04T21:00:00,completed
RUN00005249,USR007797,MINDGUARD,2026-05-07T23:00:00,new_data,RULE_MG_V0.1,2026-02-01T23:00:00,2026-05-07T23:00:00,completed
RUN00005250,USR007799,HEALTH_RESERVE,2026-09-11T19:00:00,new_data,RULE_HR_V0.1,2025-12-14T19:00:00,2026-09-11T19:00:00,completed
RUN00005251,USR007800,MINDGUARD,2026-07-21T06:00:00,new_data,RULE_MG_V0.1,2025-10-30T06:00:00,2026-07-21T06:00:00,completed
RUN00005252,USR007803,MINDGUARD,2026-02-25T11:00:00,new_data,RULE_MG_V0.1,2025-10-17T11:00:00,2026-02-25T11:00:00,completed
RUN00005253,USR007804,MINDGUARD,2026-09-14T12:00:00,new_data,RULE_MG_V0.1,2026-02-04T01:00:00,2026-09-14T12:00:00,completed
RUN00005254,USR007807,HEALTH_RESERVE,2026-08-02T02:00:00,new_data,RULE_HR_V0.1,2025-12-15T02:00:00,2026-08-02T02:00:00,completed
RUN00005255,USR007808,MINDGUARD,2026-04-20T14:00:00,new_data,RULE_MG_V0.1,2025-12-14T14:00:00,2026-04-20T14:00:00,completed
RUN00005256,USR007809,HEALTH_RESERVE,2026-09-08T13:00:00,new_data,RULE_HR_V0.1,2026-01-28T13:00:00,2026-09-08T13:00:00,completed
RUN00005257,USR007813,MINDGUARD,2026-02-07T03:00:00,new_data,RULE_MG_V0.1,2025-09-21T03:00:00,2026-02-07T03:00:00,completed
RUN00005258,USR007815,HEALTH_RESERVE,2026-07-01T12:00:00,new_data,RULE_HR_V0.1,2026-01-14T12:00:00,2026-07-01T12:00:00,completed
RUN00005259,USR007817,HEALTH_RESERVE,2026-08-30T00:00:00,new_data,RULE_HR_V0.1,2026-01-26T00:00:00,2026-08-30T00:00:00,completed
RUN00005260,USR007818,MINDGUARD,2026-09-14T12:00:00,new_data,RULE_MG_V0.1,2026-02-11T06:00:00,2026-09-14T12:00:00,completed
RUN00005261,USR007819,MINDGUARD,2026-07-14T18:00:00,new_data,RULE_MG_V0.1,2025-10-04T18:00:00,2026-07-14T18:00:00,completed
RUN00005262,USR007820,MINDGUARD,2026-08-12T09:00:00,new_data,RULE_MG_V0.1,2025-11-15T09:00:00,2026-08-12T09:00:00,completed
RUN00005263,USR007821,HEALTH_RESERVE,2026-06-01T20:00:00,new_data,RULE_HR_V0.1,2025-10-02T20:00:00,2026-06-01T20:00:00,completed
RUN00005264,USR007822,MINDGUARD,2026-09-14T12:00:00,new_data,RULE_MG_V0.1,2026-01-01T02:00:00,2026-09-14T12:00:00,completed
RUN00005265,USR007824,MINDGUARD,2026-04-26T04:00:00,new_data,RULE_MG_V0.1,2025-09-25T04:00:00,2026-04-26T04:00:00,completed
RUN00005266,USR007827,MINDGUARD,2026-09-14T12:00:00,new_data,RULE_MG_V0.1,2025-12-29T05:00:00,2026-09-14T12:00:00,completed
RUN00005267,USR007828,HEALTH_RESERVE,2026-03-27T13:00:00,new_data,RULE_HR_V0.1,2025-12-15T13:00:00,2026-03-27T13:00:00,completed
RUN00005268,USR007831,MINDGUARD,2026-09-14T12:00:00,new_data,RULE_MG_V0.1,2026-01-25T06:00:00,2026-09-14T12:00:00,completed
RUN00005269,USR007832,MINDGUARD,2026-07-07T04:00:00,new_data,RULE_MG_V0.1,2026-01-06T04:00:00,2026-07-07T04:00:00,completed
RUN00005270,USR007833,MINDGUARD,2026-08-25T11:00:00,new_data,RULE_MG_V0.1,2026-02-08T11:00:00,2026-08-25T11:00:00,completed
RUN00005271,USR007834,MINDGUARD,2026-01-13T20:00:00,new_data,RULE_MG_V0.1,2025-09-23T20:00:00,2026-01-13T20:00:00,completed
RUN00005272,USR007835,HEALTH_RESERVE,2026-07-31T07:00:00,new_data,RULE_HR_V0.1,2026-02-07T07:00:00,2026-07-31T07:00:00,completed
RUN00005273,USR007836,HEALTH_RESERVE,2026-04-02T19:00:00,new_data,RULE_HR_V0.1,2025-12-11T19:00:00,2026-04-02T19:00:00,completed
RUN00005274,USR007837,HEALTH_RESERVE,2026-06-22T09:00:00,new_data,RULE_HR_V0.1,2025-10-21T09:00:00,2026-06-22T09:00:00,completed
RUN00005275,USR007840,MINDGUARD,2026-09-14T12:00:00,new_data,RULE_MG_V0.1,2026-01-08T11:00:00,2026-09-14T12:00:00,completed
RUN00005276,USR007841,HEALTH_RESERVE,2026-07-29T00:00:00,new_data,RULE_HR_V0.1,2025-12-16T00:00:00,2026-07-29T00:00:00,completed
RUN00005277,USR007843,HEALTH_RESERVE,2026-02-05T04:00:00,new_data,RULE_HR_V0.1,2025-10-17T04:00:00,2026-02-05T04:00:00,completed
RUN00005278,USR007845,MINDGUARD,2026-09-14T12:00:00,new_data,RULE_MG_V0.1,2025-12-17T01:00:00,2026-09-14T12:00:00,completed
RUN00005279,USR007853,MINDGUARD,2026-04-24T06:00:00,new_data,RULE_MG_V0.1,2026-01-18T06:00:00,2026-04-24T06:00:00,completed
RUN00005280,USR007853,HEALTH_RESERVE,2026-08-03T02:00:00,new_data,RULE_HR_V0.1,2026-01-19T02:00:00,2026-08-03T02:00:00,completed
RUN00005281,USR007854,MINDGUARD,2026-08-09T21:00:00,new_data,RULE_MG_V0.1,2026-01-22T21:00:00,2026-08-09T21:00:00,completed
RUN00005282,USR007855,MINDGUARD,2026-03-13T03:00:00,new_data,RULE_MG_V0.1,2025-09-28T03:00:00,2026-03-13T03:00:00,completed
RUN00005283,USR007857,MINDGUARD,2026-07-25T14:00:00,new_data,RULE_MG_V0.1,2026-01-27T14:00:00,2026-07-25T14:00:00,completed
RUN00005284,USR007859,HEALTH_RESERVE,2026-06-29T02:00:00,new_data,RULE_HR_V0.1,2025-12-31T02:00:00,2026-06-29T02:00:00,completed
RUN00005285,USR007861,MINDGUARD,2026-04-28T02:00:00,new_data,RULE_MG_V0.1,2025-12-15T02:00:00,2026-04-28T02:00:00,completed
RUN00005286,USR007863,MINDGUARD,2026-03-30T01:00:00,new_data,RULE_MG_V0.1,2025-11-04T01:00:00,2026-03-30T01:00:00,completed
RUN00005287,USR007865,MINDGUARD,2026-07-08T03:00:00,new_data,RULE_MG_V0.1,2026-01-24T03:00:00,2026-07-08T03:00:00,completed
RUN00005288,USR007866,MINDGUARD,2026-02-11T15:00:00,new_data,RULE_MG_V0.1,2025-10-03T15:00:00,2026-02-11T15:00:00,completed
RUN00005289,USR007867,HEALTH_RESERVE,2026-06-28T06:00:00,new_data,RULE_HR_V0.1,2025-09-26T06:00:00,2026-06-28T06:00:00,completed
RUN00005290,USR007868,MINDGUARD,2026-09-14T12:00:00,new_data,RULE_MG_V0.1,2026-02-19T04:00:00,2026-09-14T12:00:00,completed
RUN00005291,USR007871,HEALTH_RESERVE,2026-03-16T00:00:00,new_data,RULE_HR_V0.1,2025-10-26T00:00:00,2026-03-16T00:00:00,completed
RUN00005292,USR007872,MINDGUARD,2026-06-17T17:00:00,new_data,RULE_MG_V0.1,2025-10-12T17:00:00,2026-06-17T17:00:00,completed
RUN00005293,USR007872,HEALTH_RESERVE,2026-02-11T13:00:00,new_data,RULE_HR_V0.1,2025-10-10T13:00:00,2026-02-11T13:00:00,completed
RUN00005294,USR007873,MINDGUARD,2026-09-14T12:00:00,new_data,RULE_MG_V0.1,2026-02-02T03:00:00,2026-09-14T12:00:00,completed
RUN00005295,USR007874,MINDGUARD,2026-04-29T03:00:00,new_data,RULE_MG_V0.1,2025-11-03T03:00:00,2026-04-29T03:00:00,completed
RUN00005296,USR007875,MINDGUARD,2026-07-09T07:00:00,new_data,RULE_MG_V0.1,2026-01-29T07:00:00,2026-07-09T07:00:00,completed
RUN00005297,USR007877,MINDGUARD,2026-06-22T07:00:00,new_data,RULE_MG_V0.1,2025-11-07T07:00:00,2026-06-22T07:00:00,completed
RUN00005298,USR007878,HEALTH_RESERVE,2026-06-07T07:00:00,new_data,RULE_HR_V0.1,2025-10-19T07:00:00,2026-06-07T07:00:00,completed
RUN00005299,USR007880,HEALTH_RESERVE,2026-08-28T17:00:00,new_data,RULE_HR_V0.1,2026-02-22T17:00:00,2026-08-28T17:00:00,completed
RUN00005300,USR007883,MINDGUARD,2026-07-29T04:00:00,new_data,RULE_MG_V0.1,2026-01-04T04:00:00,2026-07-29T04:00:00,completed
RUN00005301,USR007884,MINDGUARD,2026-07-01T21:00:00,new_data,RULE_MG_V0.1,2025-10-13T21:00:00,2026-07-01T21:00:00,completed
RUN00005302,USR007885,MINDGUARD,2026-07-20T19:00:00,new_data,RULE_MG_V0.1,2025-12-08T19:00:00,2026-07-20T19:00:00,completed
RUN00005303,USR007886,MINDGUARD,2026-03-07T21:00:00,new_data,RULE_MG_V0.1,2025-11-12T21:00:00,2026-03-07T21:00:00,completed
RUN00005304,USR007889,MINDGUARD,2026-09-10T20:00:00,new_data,RULE_MG_V0.1,2026-02-14T20:00:00,2026-09-10T20:00:00,completed
RUN00005305,USR007890,MINDGUARD,2026-07-12T09:00:00,new_data,RULE_MG_V0.1,2025-12-16T09:00:00,2026-07-12T09:00:00,completed
RUN00005306,USR007891,MINDGUARD,2026-09-14T12:00:00,new_data,RULE_MG_V0.1,2026-01-31T15:00:00,2026-09-14T12:00:00,completed
RUN00005307,USR007891,HEALTH_RESERVE,2026-07-24T14:00:00,new_data,RULE_HR_V0.1,2026-01-30T14:00:00,2026-07-24T14:00:00,completed
RUN00005308,USR007892,HEALTH_RESERVE,2026-09-14T12:00:00,new_data,RULE_HR_V0.1,2026-01-21T22:00:00,2026-09-14T12:00:00,completed
RUN00005309,USR007894,MINDGUARD,2026-06-18T12:00:00,new_data,RULE_MG_V0.1,2025-11-02T12:00:00,2026-06-18T12:00:00,completed
RUN00005310,USR007895,MINDGUARD,2026-06-21T02:00:00,new_data,RULE_MG_V0.1,2025-11-09T02:00:00,2026-06-21T02:00:00,completed
RUN00005311,USR007895,HEALTH_RESERVE,2026-04-13T00:00:00,new_data,RULE_HR_V0.1,2025-11-18T00:00:00,2026-04-13T00:00:00,completed
RUN00005312,USR007897,MINDGUARD,2026-07-02T23:00:00,new_data,RULE_MG_V0.1,2026-01-27T23:00:00,2026-07-02T23:00:00,completed
RUN00005313,USR007898,MINDGUARD,2026-05-19T08:00:00,new_data,RULE_MG_V0.1,2025-10-11T08:00:00,2026-05-19T08:00:00,completed
RUN00005314,USR007899,MINDGUARD,2026-06-21T15:00:00,new_data,RULE_MG_V0.1,2026-02-04T15:00:00,2026-06-21T15:00:00,completed
RUN00005315,USR007901,MINDGUARD,2026-06-10T14:00:00,new_data,RULE_MG_V0.1,2026-01-21T14:00:00,2026-06-10T14:00:00,completed
RUN00005316,USR007904,MINDGUARD,2026-09-03T23:00:00,new_data,RULE_MG_V0.1,2026-02-12T23:00:00,2026-09-03T23:00:00,completed
RUN00005317,USR007905,HEALTH_RESERVE,2026-06-21T20:00:00,new_data,RULE_HR_V0.1,2025-09-24T20:00:00,2026-06-21T20:00:00,completed
RUN00005318,USR007906,MINDGUARD,2026-05-11T04:00:00,new_data,RULE_MG_V0.1,2025-11-08T04:00:00,2026-05-11T04:00:00,completed
RUN00005319,USR007907,MINDGUARD,2026-03-13T16:00:00,new_data,RULE_MG_V0.1,2025-12-01T16:00:00,2026-03-13T16:00:00,completed
RUN00005320,USR007910,MINDGUARD,2026-03-05T22:00:00,new_data,RULE_MG_V0.1,2025-10-13T22:00:00,2026-03-05T22:00:00,completed
RUN00005321,USR007911,MINDGUARD,2026-05-25T21:00:00,new_data,RULE_MG_V0.1,2025-10-12T21:00:00,2026-05-25T21:00:00,completed
RUN00005322,USR007913,HEALTH_RESERVE,2026-05-15T05:00:00,new_data,RULE_HR_V0.1,2025-12-12T05:00:00,2026-05-15T05:00:00,completed
RUN00005323,USR007915,MINDGUARD,2026-03-31T03:00:00,new_data,RULE_MG_V0.1,2025-10-12T03:00:00,2026-03-31T03:00:00,completed
RUN00005324,USR007916,MINDGUARD,2026-03-20T19:00:00,new_data,RULE_MG_V0.1,2025-10-23T19:00:00,2026-03-20T19:00:00,completed
RUN00005325,USR007917,MINDGUARD,2026-09-14T12:00:00,new_data,RULE_MG_V0.1,2025-12-12T17:00:00,2026-09-14T12:00:00,completed
RUN00005326,USR007917,HEALTH_RESERVE,2026-07-14T17:00:00,new_data,RULE_HR_V0.1,2025-12-11T17:00:00,2026-07-14T17:00:00,completed
RUN00005327,USR007918,MINDGUARD,2026-06-27T06:00:00,new_data,RULE_MG_V0.1,2025-10-22T06:00:00,2026-06-27T06:00:00,completed
RUN00005328,USR007919,MINDGUARD,2026-06-21T20:00:00,new_data,RULE_MG_V0.1,2025-10-09T20:00:00,2026-06-21T20:00:00,completed
RUN00005329,USR007920,HEALTH_RESERVE,2026-06-20T08:00:00,new_data,RULE_HR_V0.1,2025-10-09T08:00:00,2026-06-20T08:00:00,completed
RUN00005330,USR007921,MINDGUARD,2026-01-25T23:00:00,new_data,RULE_MG_V0.1,2025-10-25T23:00:00,2026-01-25T23:00:00,completed
RUN00005331,USR007922,MINDGUARD,2026-06-09T16:00:00,new_data,RULE_MG_V0.1,2026-01-13T16:00:00,2026-06-09T16:00:00,completed
RUN00005332,USR007923,MINDGUARD,2026-09-14T12:00:00,new_data,RULE_MG_V0.1,2025-12-08T15:00:00,2026-09-14T12:00:00,completed
RUN00005333,USR007927,MINDGUARD,2026-04-20T19:00:00,new_data,RULE_MG_V0.1,2025-12-10T19:00:00,2026-04-20T19:00:00,completed
RUN00005334,USR007928,MINDGUARD,2026-04-08T00:00:00,new_data,RULE_MG_V0.1,2025-11-17T00:00:00,2026-04-08T00:00:00,completed
RUN00005335,USR007930,MINDGUARD,2026-09-14T12:00:00,new_data,RULE_MG_V0.1,2026-01-27T20:00:00,2026-09-14T12:00:00,completed
RUN00005336,USR007931,HEALTH_RESERVE,2026-05-11T09:00:00,new_data,RULE_HR_V0.1,2025-09-28T09:00:00,2026-05-11T09:00:00,completed
RUN00005337,USR007932,HEALTH_RESERVE,2026-09-14T12:00:00,new_data,RULE_HR_V0.1,2026-02-22T22:00:00,2026-09-14T12:00:00,completed
RUN00005338,USR007933,MINDGUARD,2026-09-14T12:00:00,new_data,RULE_MG_V0.1,2026-01-27T09:00:00,2026-09-14T12:00:00,completed
RUN00005339,USR007934,MINDGUARD,2026-02-24T06:00:00,new_data,RULE_MG_V0.1,2025-10-14T06:00:00,2026-02-24T06:00:00,completed
RUN00005340,USR007935,MINDGUARD,2026-06-04T12:00:00,new_data,RULE_MG_V0.1,2025-11-24T12:00:00,2026-06-04T12:00:00,completed
RUN00005341,USR007936,MINDGUARD,2026-06-30T01:00:00,new_data,RULE_MG_V0.1,2025-12-31T01:00:00,2026-06-30T01:00:00,completed
RUN00005342,USR007937,MINDGUARD,2026-03-13T15:00:00,new_data,RULE_MG_V0.1,2025-11-01T15:00:00,2026-03-13T15:00:00,completed
RUN00005343,USR007938,MINDGUARD,2026-03-17T06:00:00,new_data,RULE_MG_V0.1,2025-10-04T06:00:00,2026-03-17T06:00:00,completed
RUN00005344,USR007939,HEALTH_RESERVE,2026-04-07T13:00:00,new_data,RULE_HR_V0.1,2026-01-05T13:00:00,2026-04-07T13:00:00,completed
RUN00005345,USR007940,MINDGUARD,2026-08-11T13:00:00,new_data,RULE_MG_V0.1,2025-11-11T13:00:00,2026-08-11T13:00:00,completed
RUN00005346,USR007942,MINDGUARD,2026-05-22T05:00:00,new_data,RULE_MG_V0.1,2026-02-08T05:00:00,2026-05-22T05:00:00,completed
RUN00005347,USR007943,HEALTH_RESERVE,2026-07-07T05:00:00,new_data,RULE_HR_V0.1,2025-09-26T05:00:00,2026-07-07T05:00:00,completed
RUN00005348,USR007946,MINDGUARD,2026-09-14T12:00:00,new_data,RULE_MG_V0.1,2026-02-13T18:00:00,2026-09-14T12:00:00,completed
RUN00005349,USR007947,MINDGUARD,2026-09-14T12:00:00,new_data,RULE_MG_V0.1,2026-02-08T09:00:00,2026-09-14T12:00:00,completed
RUN00005350,USR007952,HEALTH_RESERVE,2026-04-05T22:00:00,new_data,RULE_HR_V0.1,2025-09-25T22:00:00,2026-04-05T22:00:00,completed
RUN00005351,USR007954,MINDGUARD,2026-04-11T08:00:00,new_data,RULE_MG_V0.1,2025-11-16T08:00:00,2026-04-11T08:00:00,completed
RUN00005352,USR007959,HEALTH_RESERVE,2026-09-06T17:00:00,new_data,RULE_HR_V0.1,2025-12-22T17:00:00,2026-09-06T17:00:00,completed
RUN00005353,USR007960,MINDGUARD,2026-04-16T01:00:00,new_data,RULE_MG_V0.1,2026-01-04T01:00:00,2026-04-16T01:00:00,completed
RUN00005354,USR007961,MINDGUARD,2026-04-15T23:00:00,new_data,RULE_MG_V0.1,2025-11-24T23:00:00,2026-04-15T23:00:00,completed
RUN00005355,USR007963,MINDGUARD,2026-05-05T22:00:00,new_data,RULE_MG_V0.1,2026-01-13T22:00:00,2026-05-05T22:00:00,completed
RUN00005356,USR007964,MINDGUARD,2026-09-13T12:00:00,new_data,RULE_MG_V0.1,2026-02-14T12:00:00,2026-09-13T12:00:00,completed
RUN00005357,USR007965,MINDGUARD,2026-06-27T04:00:00,new_data,RULE_MG_V0.1,2026-01-31T04:00:00,2026-06-27T04:00:00,completed
RUN00005358,USR007966,MINDGUARD,2026-04-06T05:00:00,new_data,RULE_MG_V0.1,2025-12-07T05:00:00,2026-04-06T05:00:00,completed
RUN00005359,USR007967,HEALTH_RESERVE,2026-04-20T22:00:00,new_data,RULE_HR_V0.1,2026-01-20T22:00:00,2026-04-20T22:00:00,completed
RUN00005360,USR007968,HEALTH_RESERVE,2026-05-14T14:00:00,new_data,RULE_HR_V0.1,2026-01-22T14:00:00,2026-05-14T14:00:00,completed
RUN00005361,USR007970,MINDGUARD,2026-09-04T08:00:00,new_data,RULE_MG_V0.1,2025-11-14T08:00:00,2026-09-04T08:00:00,completed
RUN00005362,USR007971,HEALTH_RESERVE,2026-02-21T03:00:00,new_data,RULE_HR_V0.1,2025-10-11T03:00:00,2026-02-21T03:00:00,completed
RUN00005363,USR007972,MINDGUARD,2026-08-17T10:00:00,new_data,RULE_MG_V0.1,2025-12-04T10:00:00,2026-08-17T10:00:00,completed
RUN00005364,USR007973,HEALTH_RESERVE,2026-09-05T06:00:00,new_data,RULE_HR_V0.1,2025-12-29T06:00:00,2026-09-05T06:00:00,completed
RUN00005365,USR007974,MINDGUARD,2026-08-18T04:00:00,new_data,RULE_MG_V0.1,2026-02-17T04:00:00,2026-08-18T04:00:00,completed
RUN00005366,USR007975,MINDGUARD,2026-04-20T04:00:00,new_data,RULE_MG_V0.1,2025-10-28T04:00:00,2026-04-20T04:00:00,completed
RUN00005367,USR007976,MINDGUARD,2026-09-14T12:00:00,new_data,RULE_MG_V0.1,2026-01-29T20:00:00,2026-09-14T12:00:00,completed
RUN00005368,USR007978,MINDGUARD,2026-04-30T06:00:00,new_data,RULE_MG_V0.1,2025-10-19T06:00:00,2026-04-30T06:00:00,completed
RUN00005369,USR007980,MINDGUARD,2026-04-20T19:00:00,new_data,RULE_MG_V0.1,2025-11-05T19:00:00,2026-04-20T19:00:00,completed
RUN00005370,USR007981,MINDGUARD,2026-08-17T06:00:00,new_data,RULE_MG_V0.1,2025-11-26T06:00:00,2026-08-17T06:00:00,completed
RUN00005371,USR007982,MINDGUARD,2026-02-19T07:00:00,new_data,RULE_MG_V0.1,2025-11-06T07:00:00,2026-02-19T07:00:00,completed
RUN00005372,USR007983,MINDGUARD,2026-07-01T14:00:00,new_data,RULE_MG_V0.1,2025-10-04T14:00:00,2026-07-01T14:00:00,completed
RUN00005373,USR007983,HEALTH_RESERVE,2026-04-23T17:00:00,new_data,RULE_HR_V0.1,2025-10-02T17:00:00,2026-04-23T17:00:00,completed
RUN00005374,USR007989,MINDGUARD,2026-05-29T13:00:00,new_data,RULE_MG_V0.1,2025-10-09T13:00:00,2026-05-29T13:00:00,completed
RUN00005375,USR007990,HEALTH_RESERVE,2026-07-23T15:00:00,new_data,RULE_HR_V0.1,2025-11-27T15:00:00,2026-07-23T15:00:00,completed
RUN00005376,USR007991,MINDGUARD,2026-09-14T12:00:00,new_data,RULE_MG_V0.1,2026-01-31T18:00:00,2026-09-14T12:00:00,completed
RUN00005377,USR007993,MINDGUARD,2026-03-28T00:00:00,new_data,RULE_MG_V0.1,2025-11-16T00:00:00,2026-03-28T00:00:00,completed
RUN00005378,USR007994,HEALTH_RESERVE,2026-04-19T07:00:00,new_data,RULE_HR_V0.1,2025-12-24T07:00:00,2026-04-19T07:00:00,completed
RUN00005379,USR007997,HEALTH_RESERVE,2026-09-14T12:00:00,new_data,RULE_HR_V0.1,2026-01-07T16:00:00,2026-09-14T12:00:00,completed
RUN00005380,USR007998,MINDGUARD,2026-08-13T03:00:00,new_data,RULE_MG_V0.1,2026-01-26T03:00:00,2026-08-13T03:00:00,completed
RUN00005381,USR007999,MINDGUARD,2026-06-28T05:00:00,new_data,RULE_MG_V0.1,2025-10-18T05:00:00,2026-06-28T05:00:00,completed
RUN00005382,USR008000,MINDGUARD,2026-06-24T02:00:00,new_data,RULE_MG_V0.1,2025-11-30T02:00:00,2026-06-24T02:00:00,completed
RUN00005383,USR008001,MINDGUARD,2026-05-27T12:00:00,new_data,RULE_MG_V0.1,2026-02-05T12:00:00,2026-05-27T12:00:00,completed
RUN00005384,USR008002,MINDGUARD,2026-05-08T21:00:00,new_data,RULE_MG_V0.1,2025-12-20T21:00:00,2026-05-08T21:00:00,completed
RUN00005385,USR008009,MINDGUARD,2026-04-12T20:00:00,new_data,RULE_MG_V0.1,2025-12-17T20:00:00,2026-04-12T20:00:00,completed
RUN00005386,USR008014,MINDGUARD,2026-09-05T14:00:00,new_data,RULE_MG_V0.1,2025-12-10T14:00:00,2026-09-05T14:00:00,completed
RUN00005387,USR008014,HEALTH_RESERVE,2026-06-19T21:00:00,new_data,RULE_HR_V0.1,2025-12-13T21:00:00,2026-06-19T21:00:00,completed
RUN00005388,USR008016,MINDGUARD,2026-02-24T12:00:00,new_data,RULE_MG_V0.1,2025-10-08T12:00:00,2026-02-24T12:00:00,completed
RUN00005389,USR008016,HEALTH_RESERVE,2026-05-08T10:00:00,new_data,RULE_HR_V0.1,2025-10-09T10:00:00,2026-05-08T10:00:00,completed
RUN00005390,USR008018,HEALTH_RESERVE,2026-08-14T04:00:00,new_data,RULE_HR_V0.1,2026-01-12T04:00:00,2026-08-14T04:00:00,completed
RUN00005391,USR008020,HEALTH_RESERVE,2026-06-09T07:00:00,new_data,RULE_HR_V0.1,2025-11-01T07:00:00,2026-06-09T07:00:00,completed
RUN00005392,USR008021,MINDGUARD,2026-05-03T01:00:00,new_data,RULE_MG_V0.1,2025-12-29T01:00:00,2026-05-03T01:00:00,completed
RUN00005393,USR008028,MINDGUARD,2026-09-14T12:00:00,new_data,RULE_MG_V0.1,2025-12-28T18:00:00,2026-09-14T12:00:00,completed
RUN00005394,USR008028,HEALTH_RESERVE,2026-07-14T01:00:00,new_data,RULE_HR_V0.1,2025-12-20T01:00:00,2026-07-14T01:00:00,completed
RUN00005395,USR008030,HEALTH_RESERVE,2026-04-04T04:00:00,new_data,RULE_HR_V0.1,2025-11-28T04:00:00,2026-04-04T04:00:00,completed
RUN00005396,USR008032,HEALTH_RESERVE,2026-03-03T11:00:00,new_data,RULE_HR_V0.1,2025-10-05T11:00:00,2026-03-03T11:00:00,completed
RUN00005397,USR008034,MINDGUARD,2026-09-14T12:00:00,new_data,RULE_MG_V0.1,2026-01-06T22:00:00,2026-09-14T12:00:00,completed
RUN00005398,USR008035,MINDGUARD,2026-03-03T06:00:00,new_data,RULE_MG_V0.1,2025-10-03T06:00:00,2026-03-03T06:00:00,completed
RUN00005399,USR008035,HEALTH_RESERVE,2026-07-11T02:00:00,new_data,RULE_HR_V0.1,2025-09-23T02:00:00,2026-07-11T02:00:00,completed
RUN00005400,USR008039,HEALTH_RESERVE,2026-09-14T12:00:00,new_data,RULE_HR_V0.1,2026-02-01T22:00:00,2026-09-14T12:00:00,completed
RUN00005401,USR008040,MINDGUARD,2026-07-13T14:00:00,new_data,RULE_MG_V0.1,2026-01-19T14:00:00,2026-07-13T14:00:00,completed
RUN00005402,USR008040,HEALTH_RESERVE,2026-08-25T23:00:00,new_data,RULE_HR_V0.1,2026-01-30T23:00:00,2026-08-25T23:00:00,completed
RUN00005403,USR008041,MINDGUARD,2026-07-21T03:00:00,new_data,RULE_MG_V0.1,2025-10-27T03:00:00,2026-07-21T03:00:00,completed
RUN00005404,USR008042,MINDGUARD,2026-09-14T12:00:00,new_data,RULE_MG_V0.1,2026-02-03T09:00:00,2026-09-14T12:00:00,completed
RUN00005405,USR008043,HEALTH_RESERVE,2026-06-08T17:00:00,new_data,RULE_HR_V0.1,2025-10-17T17:00:00,2026-06-08T17:00:00,completed
RUN00005406,USR008044,MINDGUARD,2026-02-16T12:00:00,new_data,RULE_MG_V0.1,2025-11-10T12:00:00,2026-02-16T12:00:00,completed
RUN00005407,USR008045,MINDGUARD,2026-09-09T03:00:00,new_data,RULE_MG_V0.1,2025-12-25T03:00:00,2026-09-09T03:00:00,completed
RUN00005408,USR008047,MINDGUARD,2026-06-22T06:00:00,new_data,RULE_MG_V0.1,2025-10-11T06:00:00,2026-06-22T06:00:00,completed
RUN00005409,USR008048,HEALTH_RESERVE,2026-02-07T05:00:00,new_data,RULE_HR_V0.1,2025-11-01T05:00:00,2026-02-07T05:00:00,completed
RUN00005410,USR008053,MINDGUARD,2026-09-14T12:00:00,new_data,RULE_MG_V0.1,2026-01-16T06:00:00,2026-09-14T12:00:00,completed
RUN00005411,USR008053,HEALTH_RESERVE,2026-08-04T23:00:00,new_data,RULE_HR_V0.1,2026-01-23T23:00:00,2026-08-04T23:00:00,completed
RUN00005412,USR008054,MINDGUARD,2026-03-16T06:00:00,new_data,RULE_MG_V0.1,2025-10-31T06:00:00,2026-03-16T06:00:00,completed
RUN00005413,USR008055,MINDGUARD,2026-05-06T11:00:00,new_data,RULE_MG_V0.1,2025-11-13T11:00:00,2026-05-06T11:00:00,completed
RUN00005414,USR008055,HEALTH_RESERVE,2026-07-20T17:00:00,new_data,RULE_HR_V0.1,2025-11-01T17:00:00,2026-07-20T17:00:00,completed
RUN00005415,USR008058,MINDGUARD,2026-09-14T12:00:00,new_data,RULE_MG_V0.1,2026-02-12T13:00:00,2026-09-14T12:00:00,completed
RUN00005416,USR008059,MINDGUARD,2026-08-20T17:00:00,new_data,RULE_MG_V0.1,2026-01-30T17:00:00,2026-08-20T17:00:00,completed
RUN00005417,USR008060,MINDGUARD,2026-07-01T09:00:00,new_data,RULE_MG_V0.1,2026-01-06T09:00:00,2026-07-01T09:00:00,completed
RUN00005418,USR008061,MINDGUARD,2026-02-12T18:00:00,new_data,RULE_MG_V0.1,2025-09-24T18:00:00,2026-02-12T18:00:00,completed
RUN00005419,USR008063,HEALTH_RESERVE,2026-06-21T18:00:00,new_data,RULE_HR_V0.1,2026-01-07T18:00:00,2026-06-21T18:00:00,completed
RUN00005420,USR008064,MINDGUARD,2026-05-23T20:00:00,new_data,RULE_MG_V0.1,2026-02-06T20:00:00,2026-05-23T20:00:00,completed
RUN00005421,USR008066,MINDGUARD,2026-04-15T08:00:00,new_data,RULE_MG_V0.1,2025-09-28T08:00:00,2026-04-15T08:00:00,completed
RUN00005422,USR008068,MINDGUARD,2026-07-19T16:00:00,new_data,RULE_MG_V0.1,2025-12-20T16:00:00,2026-07-19T16:00:00,completed
RUN00005423,USR008069,MINDGUARD,2026-08-20T06:00:00,new_data,RULE_MG_V0.1,2025-12-09T06:00:00,2026-08-20T06:00:00,completed
RUN00005424,USR008074,MINDGUARD,2026-05-17T18:00:00,new_data,RULE_MG_V0.1,2026-02-07T18:00:00,2026-05-17T18:00:00,completed
RUN00005425,USR008075,MINDGUARD,2026-07-16T08:00:00,new_data,RULE_MG_V0.1,2025-10-06T08:00:00,2026-07-16T08:00:00,completed
RUN00005426,USR008078,MINDGUARD,2026-03-08T01:00:00,new_data,RULE_MG_V0.1,2025-11-28T01:00:00,2026-03-08T01:00:00,completed
RUN00005427,USR008079,MINDGUARD,2026-08-26T19:00:00,new_data,RULE_MG_V0.1,2026-01-22T19:00:00,2026-08-26T19:00:00,completed
RUN00005428,USR008080,MINDGUARD,2026-05-15T11:00:00,new_data,RULE_MG_V0.1,2025-11-24T11:00:00,2026-05-15T11:00:00,completed
RUN00005429,USR008081,HEALTH_RESERVE,2026-08-31T09:00:00,new_data,RULE_HR_V0.1,2025-11-11T09:00:00,2026-08-31T09:00:00,completed
RUN00005430,USR008083,MINDGUARD,2026-08-29T00:00:00,new_data,RULE_MG_V0.1,2026-01-19T00:00:00,2026-08-29T00:00:00,completed
RUN00005431,USR008084,HEALTH_RESERVE,2026-05-14T18:00:00,new_data,RULE_HR_V0.1,2025-11-30T18:00:00,2026-05-14T18:00:00,completed
RUN00005432,USR008085,MINDGUARD,2026-06-26T00:00:00,new_data,RULE_MG_V0.1,2026-01-03T00:00:00,2026-06-26T00:00:00,completed
RUN00005433,USR008086,MINDGUARD,2026-06-23T09:00:00,new_data,RULE_MG_V0.1,2025-11-11T09:00:00,2026-06-23T09:00:00,completed
RUN00005434,USR008088,MINDGUARD,2026-04-17T04:00:00,new_data,RULE_MG_V0.1,2025-11-23T04:00:00,2026-04-17T04:00:00,completed
RUN00005435,USR008089,MINDGUARD,2026-08-17T18:00:00,new_data,RULE_MG_V0.1,2026-02-04T18:00:00,2026-08-17T18:00:00,completed
RUN00005436,USR008090,HEALTH_RESERVE,2026-02-10T09:00:00,new_data,RULE_HR_V0.1,2025-10-31T09:00:00,2026-02-10T09:00:00,completed
RUN00005437,USR008091,MINDGUARD,2026-03-14T16:00:00,new_data,RULE_MG_V0.1,2025-10-01T16:00:00,2026-03-14T16:00:00,completed
RUN00005438,USR008093,MINDGUARD,2026-09-14T12:00:00,new_data,RULE_MG_V0.1,2025-12-29T06:00:00,2026-09-14T12:00:00,completed
RUN00005439,USR008093,HEALTH_RESERVE,2026-06-18T16:00:00,new_data,RULE_HR_V0.1,2026-01-06T16:00:00,2026-06-18T16:00:00,completed
RUN00005440,USR008094,MINDGUARD,2026-04-22T09:00:00,new_data,RULE_MG_V0.1,2025-09-27T09:00:00,2026-04-22T09:00:00,completed
RUN00005441,USR008095,HEALTH_RESERVE,2026-03-26T22:00:00,new_data,RULE_HR_V0.1,2025-11-05T22:00:00,2026-03-26T22:00:00,completed
RUN00005442,USR008096,MINDGUARD,2026-08-10T11:00:00,new_data,RULE_MG_V0.1,2025-12-16T11:00:00,2026-08-10T11:00:00,completed
RUN00005443,USR008097,HEALTH_RESERVE,2026-03-06T19:00:00,new_data,RULE_HR_V0.1,2025-09-25T19:00:00,2026-03-06T19:00:00,completed
RUN00005444,USR008098,HEALTH_RESERVE,2026-09-14T12:00:00,new_data,RULE_HR_V0.1,2025-12-12T09:00:00,2026-09-14T12:00:00,completed
RUN00005445,USR008099,MINDGUARD,2026-04-09T11:00:00,new_data,RULE_MG_V0.1,2025-12-19T11:00:00,2026-04-09T11:00:00,completed
RUN00005446,USR008100,HEALTH_RESERVE,2026-07-17T17:00:00,new_data,RULE_HR_V0.1,2025-11-14T17:00:00,2026-07-17T17:00:00,completed
RUN00005447,USR008101,HEALTH_RESERVE,2026-03-31T21:00:00,new_data,RULE_HR_V0.1,2025-11-01T21:00:00,2026-03-31T21:00:00,completed
RUN00005448,USR008102,MINDGUARD,2026-09-14T12:00:00,new_data,RULE_MG_V0.1,2026-01-25T12:00:00,2026-09-14T12:00:00,completed
RUN00005449,USR008107,MINDGUARD,2026-05-26T00:00:00,new_data,RULE_MG_V0.1,2025-11-29T00:00:00,2026-05-26T00:00:00,completed
RUN00005450,USR008108,HEALTH_RESERVE,2026-06-07T21:00:00,new_data,RULE_HR_V0.1,2025-12-23T21:00:00,2026-06-07T21:00:00,completed
RUN00005451,USR008112,HEALTH_RESERVE,2026-02-28T15:00:00,new_data,RULE_HR_V0.1,2025-10-30T15:00:00,2026-02-28T15:00:00,completed
RUN00005452,USR008113,MINDGUARD,2026-07-12T14:00:00,new_data,RULE_MG_V0.1,2025-09-18T14:00:00,2026-07-12T14:00:00,completed
RUN00005453,USR008114,MINDGUARD,2026-09-14T12:00:00,new_data,RULE_MG_V0.1,2026-02-06T06:00:00,2026-09-14T12:00:00,completed
RUN00005454,USR008114,HEALTH_RESERVE,2026-09-14T12:00:00,new_data,RULE_HR_V0.1,2026-02-16T11:00:00,2026-09-14T12:00:00,completed
RUN00005455,USR008115,MINDGUARD,2026-06-07T20:00:00,new_data,RULE_MG_V0.1,2026-01-22T20:00:00,2026-06-07T20:00:00,completed
RUN00005456,USR008118,MINDGUARD,2026-05-19T04:00:00,new_data,RULE_MG_V0.1,2026-01-08T04:00:00,2026-05-19T04:00:00,completed
RUN00005457,USR008120,MINDGUARD,2026-06-27T13:00:00,new_data,RULE_MG_V0.1,2025-11-03T13:00:00,2026-06-27T13:00:00,completed
RUN00005458,USR008121,MINDGUARD,2026-09-14T12:00:00,new_data,RULE_MG_V0.1,2026-02-03T05:00:00,2026-09-14T12:00:00,completed
RUN00005459,USR008122,HEALTH_RESERVE,2026-09-14T12:00:00,new_data,RULE_HR_V0.1,2026-01-14T15:00:00,2026-09-14T12:00:00,completed
RUN00005460,USR008123,MINDGUARD,2026-04-01T23:00:00,new_data,RULE_MG_V0.1,2025-10-22T23:00:00,2026-04-01T23:00:00,completed
RUN00005461,USR008124,MINDGUARD,2026-09-14T12:00:00,new_data,RULE_MG_V0.1,2026-01-28T17:00:00,2026-09-14T12:00:00,completed
RUN00005462,USR008126,MINDGUARD,2026-07-14T18:00:00,new_data,RULE_MG_V0.1,2026-02-05T18:00:00,2026-07-14T18:00:00,completed
RUN00005463,USR008127,MINDGUARD,2026-09-07T11:00:00,new_data,RULE_MG_V0.1,2025-12-11T11:00:00,2026-09-07T11:00:00,completed
RUN00005464,USR008128,MINDGUARD,2026-04-08T10:00:00,new_data,RULE_MG_V0.1,2025-11-18T10:00:00,2026-04-08T10:00:00,completed
RUN00005465,USR008129,MINDGUARD,2026-07-07T19:00:00,new_data,RULE_MG_V0.1,2025-12-02T19:00:00,2026-07-07T19:00:00,completed
RUN00005466,USR008130,MINDGUARD,2026-06-30T16:00:00,new_data,RULE_MG_V0.1,2025-12-09T16:00:00,2026-06-30T16:00:00,completed
RUN00005467,USR008130,HEALTH_RESERVE,2026-09-05T20:00:00,new_data,RULE_HR_V0.1,2025-12-09T20:00:00,2026-09-05T20:00:00,completed
RUN00005468,USR008133,MINDGUARD,2026-04-07T13:00:00,new_data,RULE_MG_V0.1,2025-12-26T13:00:00,2026-04-07T13:00:00,completed
RUN00005469,USR008134,HEALTH_RESERVE,2026-09-10T08:00:00,new_data,RULE_HR_V0.1,2026-02-10T08:00:00,2026-09-10T08:00:00,completed
RUN00005470,USR008135,MINDGUARD,2026-05-27T13:00:00,new_data,RULE_MG_V0.1,2025-11-11T13:00:00,2026-05-27T13:00:00,completed
RUN00005471,USR008136,HEALTH_RESERVE,2026-07-14T18:00:00,new_data,RULE_HR_V0.1,2025-10-19T18:00:00,2026-07-14T18:00:00,completed
RUN00005472,USR008138,MINDGUARD,2026-02-10T17:00:00,new_data,RULE_MG_V0.1,2025-10-09T17:00:00,2026-02-10T17:00:00,completed
RUN00005473,USR008139,MINDGUARD,2026-04-11T15:00:00,new_data,RULE_MG_V0.1,2025-10-24T15:00:00,2026-04-11T15:00:00,completed
RUN00005474,USR008142,HEALTH_RESERVE,2026-07-11T21:00:00,new_data,RULE_HR_V0.1,2025-10-13T21:00:00,2026-07-11T21:00:00,completed
RUN00005475,USR008143,MINDGUARD,2026-05-09T17:00:00,new_data,RULE_MG_V0.1,2025-12-19T17:00:00,2026-05-09T17:00:00,completed
RUN00005476,USR008145,MINDGUARD,2026-08-15T17:00:00,new_data,RULE_MG_V0.1,2026-01-16T17:00:00,2026-08-15T17:00:00,completed
RUN00005477,USR008151,HEALTH_RESERVE,2026-02-21T23:00:00,new_data,RULE_HR_V0.1,2025-11-14T23:00:00,2026-02-21T23:00:00,completed
RUN00005478,USR008152,MINDGUARD,2026-04-22T04:00:00,new_data,RULE_MG_V0.1,2026-01-06T04:00:00,2026-04-22T04:00:00,completed
RUN00005479,USR008153,MINDGUARD,2026-02-14T18:00:00,new_data,RULE_MG_V0.1,2025-11-15T18:00:00,2026-02-14T18:00:00,completed
RUN00005480,USR008154,MINDGUARD,2026-06-19T02:00:00,new_data,RULE_MG_V0.1,2025-11-16T02:00:00,2026-06-19T02:00:00,completed
RUN00005481,USR008156,MINDGUARD,2026-05-26T19:00:00,new_data,RULE_MG_V0.1,2026-01-11T19:00:00,2026-05-26T19:00:00,completed
RUN00005482,USR008158,MINDGUARD,2026-05-10T21:00:00,new_data,RULE_MG_V0.1,2025-11-12T21:00:00,2026-05-10T21:00:00,completed
RUN00005483,USR008161,HEALTH_RESERVE,2026-07-27T06:00:00,new_data,RULE_HR_V0.1,2025-09-30T06:00:00,2026-07-27T06:00:00,completed
RUN00005484,USR008163,MINDGUARD,2026-05-27T21:00:00,new_data,RULE_MG_V0.1,2025-12-23T21:00:00,2026-05-27T21:00:00,completed
RUN00005485,USR008163,HEALTH_RESERVE,2026-09-14T12:00:00,new_data,RULE_HR_V0.1,2025-12-25T22:00:00,2026-09-14T12:00:00,completed
RUN00005486,USR008166,MINDGUARD,2026-09-14T12:00:00,new_data,RULE_MG_V0.1,2025-12-27T14:00:00,2026-09-14T12:00:00,completed
RUN00005487,USR008167,MINDGUARD,2026-09-14T12:00:00,new_data,RULE_MG_V0.1,2026-01-11T11:00:00,2026-09-14T12:00:00,completed
RUN00005488,USR008168,HEALTH_RESERVE,2026-08-21T23:00:00,new_data,RULE_HR_V0.1,2025-11-09T23:00:00,2026-08-21T23:00:00,completed
RUN00005489,USR008169,MINDGUARD,2026-09-14T12:00:00,new_data,RULE_MG_V0.1,2026-02-13T15:00:00,2026-09-14T12:00:00,completed
RUN00005490,USR008170,MINDGUARD,2026-06-18T05:00:00,new_data,RULE_MG_V0.1,2025-09-27T05:00:00,2026-06-18T05:00:00,completed
RUN00005491,USR008172,HEALTH_RESERVE,2026-02-13T10:00:00,new_data,RULE_HR_V0.1,2025-11-05T10:00:00,2026-02-13T10:00:00,completed
RUN00005492,USR008173,MINDGUARD,2026-09-14T12:00:00,new_data,RULE_MG_V0.1,2025-12-27T06:00:00,2026-09-14T12:00:00,completed
RUN00005493,USR008174,MINDGUARD,2026-05-10T23:00:00,new_data,RULE_MG_V0.1,2025-11-29T23:00:00,2026-05-10T23:00:00,completed
RUN00005494,USR008175,MINDGUARD,2026-03-16T22:00:00,new_data,RULE_MG_V0.1,2025-10-27T22:00:00,2026-03-16T22:00:00,completed
RUN00005495,USR008176,HEALTH_RESERVE,2026-01-06T07:00:00,new_data,RULE_HR_V0.1,2025-10-07T07:00:00,2026-01-06T07:00:00,completed
RUN00005496,USR008180,HEALTH_RESERVE,2026-06-30T22:00:00,new_data,RULE_HR_V0.1,2026-01-06T22:00:00,2026-06-30T22:00:00,completed
RUN00005497,USR008181,MINDGUARD,2026-04-15T05:00:00,new_data,RULE_MG_V0.1,2025-12-25T05:00:00,2026-04-15T05:00:00,completed
RUN00005498,USR008182,MINDGUARD,2026-04-24T05:00:00,new_data,RULE_MG_V0.1,2025-10-05T05:00:00,2026-04-24T05:00:00,completed
RUN00005499,USR008184,MINDGUARD,2026-03-05T23:00:00,new_data,RULE_MG_V0.1,2025-11-30T23:00:00,2026-03-05T23:00:00,completed
RUN00005500,USR008185,MINDGUARD,2026-07-06T14:00:00,new_data,RULE_MG_V0.1,2025-12-24T14:00:00,2026-07-06T14:00:00,completed
RUN00005501,USR008185,HEALTH_RESERVE,2026-09-14T12:00:00,new_data,RULE_HR_V0.1,2025-12-14T13:00:00,2026-09-14T12:00:00,completed
RUN00005502,USR008186,HEALTH_RESERVE,2026-09-14T12:00:00,new_data,RULE_HR_V0.1,2026-02-10T01:00:00,2026-09-14T12:00:00,completed
RUN00005503,USR008187,MINDGUARD,2026-06-07T00:00:00,new_data,RULE_MG_V0.1,2025-10-25T00:00:00,2026-06-07T00:00:00,completed
RUN00005504,USR008190,MINDGUARD,2026-05-15T04:00:00,new_data,RULE_MG_V0.1,2026-02-07T04:00:00,2026-05-15T04:00:00,completed
RUN00005505,USR008192,HEALTH_RESERVE,2026-09-14T12:00:00,new_data,RULE_HR_V0.1,2026-01-15T14:00:00,2026-09-14T12:00:00,completed
RUN00005506,USR008193,MINDGUARD,2026-09-14T12:00:00,new_data,RULE_MG_V0.1,2026-01-21T01:00:00,2026-09-14T12:00:00,completed
RUN00005507,USR008194,HEALTH_RESERVE,2026-08-07T00:00:00,new_data,RULE_HR_V0.1,2026-01-17T00:00:00,2026-08-07T00:00:00,completed
RUN00005508,USR008195,MINDGUARD,2026-04-23T08:00:00,new_data,RULE_MG_V0.1,2025-10-18T08:00:00,2026-04-23T08:00:00,completed
RUN00005509,USR008195,HEALTH_RESERVE,2026-02-21T10:00:00,new_data,RULE_HR_V0.1,2025-10-22T10:00:00,2026-02-21T10:00:00,completed
RUN00005510,USR008196,HEALTH_RESERVE,2026-06-21T12:00:00,new_data,RULE_HR_V0.1,2026-01-06T12:00:00,2026-06-21T12:00:00,completed
RUN00005511,USR008198,MINDGUARD,2026-09-14T12:00:00,new_data,RULE_MG_V0.1,2025-11-20T21:00:00,2026-09-14T12:00:00,completed
RUN00005512,USR008201,MINDGUARD,2026-05-30T13:00:00,new_data,RULE_MG_V0.1,2025-10-20T13:00:00,2026-05-30T13:00:00,completed
RUN00005513,USR008204,HEALTH_RESERVE,2026-07-19T22:00:00,new_data,RULE_HR_V0.1,2025-10-30T22:00:00,2026-07-19T22:00:00,completed
RUN00005514,USR008205,MINDGUARD,2026-09-14T12:00:00,new_data,RULE_MG_V0.1,2026-01-28T10:00:00,2026-09-14T12:00:00,completed
RUN00005515,USR008207,HEALTH_RESERVE,2026-09-02T09:00:00,new_data,RULE_HR_V0.1,2025-12-06T09:00:00,2026-09-02T09:00:00,completed
RUN00005516,USR008208,MINDGUARD,2026-03-12T21:00:00,new_data,RULE_MG_V0.1,2025-10-27T21:00:00,2026-03-12T21:00:00,completed
RUN00005517,USR008209,MINDGUARD,2026-07-02T19:00:00,new_data,RULE_MG_V0.1,2025-12-26T19:00:00,2026-07-02T19:00:00,completed
RUN00005518,USR008211,HEALTH_RESERVE,2026-08-21T11:00:00,new_data,RULE_HR_V0.1,2026-01-04T11:00:00,2026-08-21T11:00:00,completed
RUN00005519,USR008212,HEALTH_RESERVE,2026-01-24T16:00:00,new_data,RULE_HR_V0.1,2025-10-20T16:00:00,2026-01-24T16:00:00,completed
RUN00005520,USR008216,MINDGUARD,2026-09-14T12:00:00,new_data,RULE_MG_V0.1,2025-12-15T05:00:00,2026-09-14T12:00:00,completed
RUN00005521,USR008217,MINDGUARD,2026-07-08T13:00:00,new_data,RULE_MG_V0.1,2025-09-30T13:00:00,2026-07-08T13:00:00,completed
RUN00005522,USR008218,MINDGUARD,2026-08-16T03:00:00,new_data,RULE_MG_V0.1,2026-02-09T03:00:00,2026-08-16T03:00:00,completed
RUN00005523,USR008219,MINDGUARD,2026-08-29T05:00:00,new_data,RULE_MG_V0.1,2025-12-23T05:00:00,2026-08-29T05:00:00,completed
RUN00005524,USR008221,HEALTH_RESERVE,2026-08-09T17:00:00,new_data,RULE_HR_V0.1,2025-11-11T17:00:00,2026-08-09T17:00:00,completed
RUN00005525,USR008223,HEALTH_RESERVE,2026-05-12T10:00:00,new_data,RULE_HR_V0.1,2026-02-05T10:00:00,2026-05-12T10:00:00,completed
RUN00005526,USR008224,MINDGUARD,2026-06-18T05:00:00,new_data,RULE_MG_V0.1,2025-11-15T05:00:00,2026-06-18T05:00:00,completed
RUN00005527,USR008224,HEALTH_RESERVE,2026-08-30T13:00:00,new_data,RULE_HR_V0.1,2025-11-21T13:00:00,2026-08-30T13:00:00,completed
RUN00005528,USR008226,HEALTH_RESERVE,2026-03-09T14:00:00,new_data,RULE_HR_V0.1,2025-10-14T14:00:00,2026-03-09T14:00:00,completed
RUN00005529,USR008227,MINDGUARD,2026-06-27T07:00:00,new_data,RULE_MG_V0.1,2025-10-04T07:00:00,2026-06-27T07:00:00,completed
RUN00005530,USR008229,MINDGUARD,2026-08-12T21:00:00,new_data,RULE_MG_V0.1,2025-12-28T21:00:00,2026-08-12T21:00:00,completed
RUN00005531,USR008231,HEALTH_RESERVE,2026-04-19T13:00:00,new_data,RULE_HR_V0.1,2025-12-29T13:00:00,2026-04-19T13:00:00,completed
RUN00005532,USR008233,MINDGUARD,2026-09-03T10:00:00,new_data,RULE_MG_V0.1,2025-12-12T10:00:00,2026-09-03T10:00:00,completed
RUN00005533,USR008233,HEALTH_RESERVE,2026-09-14T12:00:00,new_data,RULE_HR_V0.1,2025-12-10T15:00:00,2026-09-14T12:00:00,completed
RUN00005534,USR008235,MINDGUARD,2026-03-25T07:00:00,new_data,RULE_MG_V0.1,2025-10-14T07:00:00,2026-03-25T07:00:00,completed
RUN00005535,USR008237,MINDGUARD,2026-03-09T02:00:00,new_data,RULE_MG_V0.1,2025-11-25T02:00:00,2026-03-09T02:00:00,completed
RUN00005536,USR008239,MINDGUARD,2026-04-06T12:00:00,new_data,RULE_MG_V0.1,2025-10-12T12:00:00,2026-04-06T12:00:00,completed
RUN00005537,USR008239,HEALTH_RESERVE,2026-01-29T16:00:00,new_data,RULE_HR_V0.1,2025-10-04T16:00:00,2026-01-29T16:00:00,completed
RUN00005538,USR008242,MINDGUARD,2026-03-28T20:00:00,new_data,RULE_MG_V0.1,2025-11-01T20:00:00,2026-03-28T20:00:00,completed
RUN00005539,USR008244,MINDGUARD,2026-08-17T03:00:00,new_data,RULE_MG_V0.1,2025-12-23T03:00:00,2026-08-17T03:00:00,completed
RUN00005540,USR008245,MINDGUARD,2026-09-14T12:00:00,new_data,RULE_MG_V0.1,2026-02-13T12:00:00,2026-09-14T12:00:00,completed
RUN00005541,USR008250,MINDGUARD,2026-08-08T13:00:00,new_data,RULE_MG_V0.1,2025-11-27T13:00:00,2026-08-08T13:00:00,completed
RUN00005542,USR008253,MINDGUARD,2026-03-02T04:00:00,new_data,RULE_MG_V0.1,2025-10-17T04:00:00,2026-03-02T04:00:00,completed
RUN00005543,USR008257,MINDGUARD,2026-09-13T18:00:00,new_data,RULE_MG_V0.1,2026-01-17T18:00:00,2026-09-13T18:00:00,completed
RUN00005544,USR008258,HEALTH_RESERVE,2026-07-24T21:00:00,new_data,RULE_HR_V0.1,2025-11-13T21:00:00,2026-07-24T21:00:00,completed
RUN00005545,USR008260,MINDGUARD,2026-04-05T06:00:00,new_data,RULE_MG_V0.1,2025-12-27T06:00:00,2026-04-05T06:00:00,completed
RUN00005546,USR008260,HEALTH_RESERVE,2026-04-02T06:00:00,new_data,RULE_HR_V0.1,2025-12-27T06:00:00,2026-04-02T06:00:00,completed
RUN00005547,USR008263,MINDGUARD,2026-08-12T07:00:00,new_data,RULE_MG_V0.1,2025-10-29T07:00:00,2026-08-12T07:00:00,completed
RUN00005548,USR008264,MINDGUARD,2026-05-06T10:00:00,new_data,RULE_MG_V0.1,2026-01-31T10:00:00,2026-05-06T10:00:00,completed
RUN00005549,USR008264,HEALTH_RESERVE,2026-09-11T02:00:00,new_data,RULE_HR_V0.1,2026-01-20T02:00:00,2026-09-11T02:00:00,completed
RUN00005550,USR008266,MINDGUARD,2026-05-09T07:00:00,new_data,RULE_MG_V0.1,2025-12-01T07:00:00,2026-05-09T07:00:00,completed
RUN00005551,USR008269,HEALTH_RESERVE,2026-07-08T13:00:00,new_data,RULE_HR_V0.1,2025-12-31T13:00:00,2026-07-08T13:00:00,completed
RUN00005552,USR008270,HEALTH_RESERVE,2026-05-20T16:00:00,new_data,RULE_HR_V0.1,2025-10-06T16:00:00,2026-05-20T16:00:00,completed
RUN00005553,USR008272,MINDGUARD,2026-03-03T20:00:00,new_data,RULE_MG_V0.1,2025-10-21T20:00:00,2026-03-03T20:00:00,completed
RUN00005554,USR008273,MINDGUARD,2026-05-31T16:00:00,new_data,RULE_MG_V0.1,2025-11-05T16:00:00,2026-05-31T16:00:00,completed
RUN00005555,USR008276,HEALTH_RESERVE,2026-05-19T01:00:00,new_data,RULE_HR_V0.1,2025-11-05T01:00:00,2026-05-19T01:00:00,completed
RUN00005556,USR008279,MINDGUARD,2026-04-28T17:00:00,new_data,RULE_MG_V0.1,2025-12-20T17:00:00,2026-04-28T17:00:00,completed
RUN00005557,USR008280,HEALTH_RESERVE,2026-07-10T04:00:00,new_data,RULE_HR_V0.1,2025-11-26T04:00:00,2026-07-10T04:00:00,completed
RUN00005558,USR008282,MINDGUARD,2026-06-06T03:00:00,new_data,RULE_MG_V0.1,2025-10-12T03:00:00,2026-06-06T03:00:00,completed
RUN00005559,USR008283,MINDGUARD,2026-04-06T15:00:00,new_data,RULE_MG_V0.1,2025-09-17T15:00:00,2026-04-06T15:00:00,completed
RUN00005560,USR008285,MINDGUARD,2026-07-07T17:00:00,new_data,RULE_MG_V0.1,2025-12-18T17:00:00,2026-07-07T17:00:00,completed
RUN00005561,USR008287,MINDGUARD,2026-06-11T15:00:00,new_data,RULE_MG_V0.1,2025-10-10T15:00:00,2026-06-11T15:00:00,completed
RUN00005562,USR008288,MINDGUARD,2026-05-27T04:00:00,new_data,RULE_MG_V0.1,2025-12-11T04:00:00,2026-05-27T04:00:00,completed
RUN00005563,USR008289,MINDGUARD,2026-07-30T00:00:00,new_data,RULE_MG_V0.1,2025-10-18T00:00:00,2026-07-30T00:00:00,completed
RUN00005564,USR008290,HEALTH_RESERVE,2026-09-14T12:00:00,new_data,RULE_HR_V0.1,2026-01-15T15:00:00,2026-09-14T12:00:00,completed
RUN00005565,USR008293,HEALTH_RESERVE,2026-08-08T15:00:00,new_data,RULE_HR_V0.1,2025-11-01T15:00:00,2026-08-08T15:00:00,completed
RUN00005566,USR008295,HEALTH_RESERVE,2026-03-29T22:00:00,new_data,RULE_HR_V0.1,2025-12-24T22:00:00,2026-03-29T22:00:00,completed
RUN00005567,USR008297,MINDGUARD,2026-06-05T02:00:00,new_data,RULE_MG_V0.1,2025-12-13T02:00:00,2026-06-05T02:00:00,completed
RUN00005568,USR008300,MINDGUARD,2026-08-20T11:00:00,new_data,RULE_MG_V0.1,2026-02-21T11:00:00,2026-08-20T11:00:00,completed
RUN00005569,USR008304,MINDGUARD,2026-07-08T03:00:00,new_data,RULE_MG_V0.1,2025-11-03T03:00:00,2026-07-08T03:00:00,completed
RUN00005570,USR008304,HEALTH_RESERVE,2026-06-17T05:00:00,new_data,RULE_HR_V0.1,2025-11-02T05:00:00,2026-06-17T05:00:00,completed
RUN00005571,USR008305,HEALTH_RESERVE,2026-08-18T08:00:00,new_data,RULE_HR_V0.1,2025-11-19T08:00:00,2026-08-18T08:00:00,completed
RUN00005572,USR008306,MINDGUARD,2026-03-03T09:00:00,new_data,RULE_MG_V0.1,2025-11-12T09:00:00,2026-03-03T09:00:00,completed
RUN00005573,USR008307,MINDGUARD,2026-08-14T04:00:00,new_data,RULE_MG_V0.1,2025-10-21T04:00:00,2026-08-14T04:00:00,completed
RUN00005574,USR008308,MINDGUARD,2026-07-04T15:00:00,new_data,RULE_MG_V0.1,2025-12-03T15:00:00,2026-07-04T15:00:00,completed
RUN00005575,USR008310,MINDGUARD,2026-08-20T04:00:00,new_data,RULE_MG_V0.1,2025-11-27T04:00:00,2026-08-20T04:00:00,completed
RUN00005576,USR008314,MINDGUARD,2026-09-14T12:00:00,new_data,RULE_MG_V0.1,2026-02-06T03:00:00,2026-09-14T12:00:00,completed
RUN00005577,USR008315,MINDGUARD,2026-02-27T14:00:00,new_data,RULE_MG_V0.1,2025-10-21T14:00:00,2026-02-27T14:00:00,completed
RUN00005578,USR008319,MINDGUARD,2026-09-01T01:00:00,new_data,RULE_MG_V0.1,2026-01-14T01:00:00,2026-09-01T01:00:00,completed
RUN00005579,USR008320,HEALTH_RESERVE,2026-07-22T19:00:00,new_data,RULE_HR_V0.1,2025-11-07T19:00:00,2026-07-22T19:00:00,completed
RUN00005580,USR008323,MINDGUARD,2026-07-17T21:00:00,new_data,RULE_MG_V0.1,2026-01-21T21:00:00,2026-07-17T21:00:00,completed
RUN00005581,USR008324,MINDGUARD,2026-09-14T12:00:00,new_data,RULE_MG_V0.1,2025-11-21T18:00:00,2026-09-14T12:00:00,completed
RUN00005582,USR008324,HEALTH_RESERVE,2026-08-16T16:00:00,new_data,RULE_HR_V0.1,2025-11-16T16:00:00,2026-08-16T16:00:00,completed
RUN00005583,USR008325,MINDGUARD,2026-06-19T18:00:00,new_data,RULE_MG_V0.1,2025-09-22T18:00:00,2026-06-19T18:00:00,completed
RUN00005584,USR008326,MINDGUARD,2026-06-08T15:00:00,new_data,RULE_MG_V0.1,2026-02-10T15:00:00,2026-06-08T15:00:00,completed
RUN00005585,USR008327,MINDGUARD,2026-07-30T01:00:00,new_data,RULE_MG_V0.1,2025-12-04T01:00:00,2026-07-30T01:00:00,completed
RUN00005586,USR008328,HEALTH_RESERVE,2026-08-26T14:00:00,new_data,RULE_HR_V0.1,2026-01-22T14:00:00,2026-08-26T14:00:00,completed
RUN00005587,USR008329,HEALTH_RESERVE,2026-07-14T05:00:00,new_data,RULE_HR_V0.1,2025-12-15T05:00:00,2026-07-14T05:00:00,completed
RUN00005588,USR008331,HEALTH_RESERVE,2026-09-14T12:00:00,new_data,RULE_HR_V0.1,2026-01-05T00:00:00,2026-09-14T12:00:00,completed
RUN00005589,USR008334,HEALTH_RESERVE,2026-07-31T07:00:00,new_data,RULE_HR_V0.1,2026-01-31T07:00:00,2026-07-31T07:00:00,completed
RUN00005590,USR008335,MINDGUARD,2026-06-15T01:00:00,new_data,RULE_MG_V0.1,2025-11-22T01:00:00,2026-06-15T01:00:00,completed
RUN00005591,USR008336,MINDGUARD,2026-05-17T03:00:00,new_data,RULE_MG_V0.1,2025-12-16T03:00:00,2026-05-17T03:00:00,completed
RUN00005592,USR008336,HEALTH_RESERVE,2026-07-07T04:00:00,new_data,RULE_HR_V0.1,2025-12-06T04:00:00,2026-07-07T04:00:00,completed
RUN00005593,USR008337,HEALTH_RESERVE,2026-08-09T03:00:00,new_data,RULE_HR_V0.1,2025-11-10T03:00:00,2026-08-09T03:00:00,completed
RUN00005594,USR008338,MINDGUARD,2026-09-03T10:00:00,new_data,RULE_MG_V0.1,2025-12-22T10:00:00,2026-09-03T10:00:00,completed
RUN00005595,USR008339,MINDGUARD,2026-06-06T09:00:00,new_data,RULE_MG_V0.1,2025-11-21T09:00:00,2026-06-06T09:00:00,completed
RUN00005596,USR008340,MINDGUARD,2026-09-14T12:00:00,new_data,RULE_MG_V0.1,2026-02-02T19:00:00,2026-09-14T12:00:00,completed
RUN00005597,USR008341,MINDGUARD,2026-06-20T22:00:00,new_data,RULE_MG_V0.1,2025-09-25T22:00:00,2026-06-20T22:00:00,completed
RUN00005598,USR008343,MINDGUARD,2026-04-27T12:00:00,new_data,RULE_MG_V0.1,2025-11-28T12:00:00,2026-04-27T12:00:00,completed
RUN00005599,USR008345,MINDGUARD,2026-07-18T16:00:00,new_data,RULE_MG_V0.1,2025-09-29T16:00:00,2026-07-18T16:00:00,completed
RUN00005600,USR008346,MINDGUARD,2026-05-25T22:00:00,new_data,RULE_MG_V0.1,2025-11-24T22:00:00,2026-05-25T22:00:00,completed
RUN00005601,USR008348,MINDGUARD,2026-05-22T19:00:00,new_data,RULE_MG_V0.1,2025-12-14T19:00:00,2026-05-22T19:00:00,completed
RUN00005602,USR008349,MINDGUARD,2026-03-22T01:00:00,new_data,RULE_MG_V0.1,2025-09-22T01:00:00,2026-03-22T01:00:00,completed
RUN00005603,USR008350,MINDGUARD,2026-06-26T22:00:00,new_data,RULE_MG_V0.1,2026-01-08T22:00:00,2026-06-26T22:00:00,completed
RUN00005604,USR008351,MINDGUARD,2026-05-13T01:00:00,new_data,RULE_MG_V0.1,2026-01-08T01:00:00,2026-05-13T01:00:00,completed
RUN00005605,USR008352,MINDGUARD,2026-03-27T03:00:00,new_data,RULE_MG_V0.1,2025-12-20T03:00:00,2026-03-27T03:00:00,completed
RUN00005606,USR008352,HEALTH_RESERVE,2026-08-29T03:00:00,new_data,RULE_HR_V0.1,2025-12-14T03:00:00,2026-08-29T03:00:00,completed
RUN00005607,USR008355,MINDGUARD,2026-08-02T05:00:00,new_data,RULE_MG_V0.1,2025-10-10T05:00:00,2026-08-02T05:00:00,completed
RUN00005608,USR008356,HEALTH_RESERVE,2026-09-14T12:00:00,new_data,RULE_HR_V0.1,2025-12-23T04:00:00,2026-09-14T12:00:00,completed
RUN00005609,USR008357,HEALTH_RESERVE,2026-09-09T17:00:00,new_data,RULE_HR_V0.1,2026-01-02T17:00:00,2026-09-09T17:00:00,completed
RUN00005610,USR008358,MINDGUARD,2026-05-11T01:00:00,new_data,RULE_MG_V0.1,2025-11-26T01:00:00,2026-05-11T01:00:00,completed
RUN00005611,USR008359,MINDGUARD,2026-09-14T12:00:00,new_data,RULE_MG_V0.1,2025-12-13T14:00:00,2026-09-14T12:00:00,completed
RUN00005612,USR008360,MINDGUARD,2026-07-25T08:00:00,new_data,RULE_MG_V0.1,2025-12-13T08:00:00,2026-07-25T08:00:00,completed
RUN00005613,USR008362,MINDGUARD,2026-05-12T08:00:00,new_data,RULE_MG_V0.1,2025-12-15T08:00:00,2026-05-12T08:00:00,completed
RUN00005614,USR008363,MINDGUARD,2026-07-17T17:00:00,new_data,RULE_MG_V0.1,2025-12-12T17:00:00,2026-07-17T17:00:00,completed
RUN00005615,USR008364,MINDGUARD,2026-03-28T00:00:00,new_data,RULE_MG_V0.1,2025-12-11T00:00:00,2026-03-28T00:00:00,completed
RUN00005616,USR008368,MINDGUARD,2026-05-24T06:00:00,new_data,RULE_MG_V0.1,2025-11-19T06:00:00,2026-05-24T06:00:00,completed
RUN00005617,USR008369,MINDGUARD,2026-04-24T11:00:00,new_data,RULE_MG_V0.1,2026-01-20T11:00:00,2026-04-24T11:00:00,completed
RUN00005618,USR008370,MINDGUARD,2026-06-16T06:00:00,new_data,RULE_MG_V0.1,2025-12-29T06:00:00,2026-06-16T06:00:00,completed
RUN00005619,USR008371,MINDGUARD,2026-06-16T07:00:00,new_data,RULE_MG_V0.1,2025-11-13T07:00:00,2026-06-16T07:00:00,completed
RUN00005620,USR008373,HEALTH_RESERVE,2026-09-14T12:00:00,new_data,RULE_HR_V0.1,2026-02-19T10:00:00,2026-09-14T12:00:00,completed
RUN00005621,USR008374,HEALTH_RESERVE,2026-04-08T05:00:00,new_data,RULE_HR_V0.1,2025-12-31T05:00:00,2026-04-08T05:00:00,completed
RUN00005622,USR008376,MINDGUARD,2026-09-14T12:00:00,new_data,RULE_MG_V0.1,2026-01-18T16:00:00,2026-09-14T12:00:00,completed
RUN00005623,USR008377,HEALTH_RESERVE,2026-06-30T23:00:00,new_data,RULE_HR_V0.1,2025-09-20T23:00:00,2026-06-30T23:00:00,completed
RUN00005624,USR008378,HEALTH_RESERVE,2026-01-31T14:00:00,new_data,RULE_HR_V0.1,2025-10-10T14:00:00,2026-01-31T14:00:00,completed
RUN00005625,USR008379,MINDGUARD,2026-07-16T21:00:00,new_data,RULE_MG_V0.1,2025-10-16T21:00:00,2026-07-16T21:00:00,completed
RUN00005626,USR008380,MINDGUARD,2026-05-17T18:00:00,new_data,RULE_MG_V0.1,2025-12-04T18:00:00,2026-05-17T18:00:00,completed
RUN00005627,USR008382,HEALTH_RESERVE,2026-06-01T09:00:00,new_data,RULE_HR_V0.1,2025-11-30T09:00:00,2026-06-01T09:00:00,completed
RUN00005628,USR008383,MINDGUARD,2026-07-18T23:00:00,new_data,RULE_MG_V0.1,2025-10-25T23:00:00,2026-07-18T23:00:00,completed
RUN00005629,USR008384,MINDGUARD,2026-05-28T10:00:00,new_data,RULE_MG_V0.1,2026-02-10T10:00:00,2026-05-28T10:00:00,completed
RUN00005630,USR008387,MINDGUARD,2026-02-05T12:00:00,new_data,RULE_MG_V0.1,2025-10-22T12:00:00,2026-02-05T12:00:00,completed
RUN00005631,USR008389,HEALTH_RESERVE,2026-07-27T03:00:00,new_data,RULE_HR_V0.1,2025-12-08T03:00:00,2026-07-27T03:00:00,completed
RUN00005632,USR008390,MINDGUARD,2026-06-07T15:00:00,new_data,RULE_MG_V0.1,2025-12-20T15:00:00,2026-06-07T15:00:00,completed
RUN00005633,USR008391,MINDGUARD,2026-02-24T06:00:00,new_data,RULE_MG_V0.1,2025-10-31T06:00:00,2026-02-24T06:00:00,completed
RUN00005634,USR008392,HEALTH_RESERVE,2026-05-31T14:00:00,new_data,RULE_HR_V0.1,2026-01-02T14:00:00,2026-05-31T14:00:00,completed
RUN00005635,USR008393,MINDGUARD,2026-02-13T13:00:00,new_data,RULE_MG_V0.1,2025-10-04T13:00:00,2026-02-13T13:00:00,completed
RUN00005636,USR008394,MINDGUARD,2026-09-04T14:00:00,new_data,RULE_MG_V0.1,2026-01-28T14:00:00,2026-09-04T14:00:00,completed
RUN00005637,USR008395,MINDGUARD,2026-06-11T13:00:00,new_data,RULE_MG_V0.1,2025-11-07T13:00:00,2026-06-11T13:00:00,completed
RUN00005638,USR008395,HEALTH_RESERVE,2026-04-05T15:00:00,new_data,RULE_HR_V0.1,2025-11-03T15:00:00,2026-04-05T15:00:00,completed
RUN00005639,USR008396,MINDGUARD,2026-06-07T12:00:00,new_data,RULE_MG_V0.1,2025-11-30T12:00:00,2026-06-07T12:00:00,completed
RUN00005640,USR008399,MINDGUARD,2026-05-01T12:00:00,new_data,RULE_MG_V0.1,2025-10-19T12:00:00,2026-05-01T12:00:00,completed
RUN00005641,USR008400,HEALTH_RESERVE,2026-08-17T19:00:00,new_data,RULE_HR_V0.1,2026-01-13T19:00:00,2026-08-17T19:00:00,completed
RUN00005642,USR008402,MINDGUARD,2026-09-14T12:00:00,new_data,RULE_MG_V0.1,2025-12-12T16:00:00,2026-09-14T12:00:00,completed
RUN00005643,USR008403,HEALTH_RESERVE,2026-07-10T11:00:00,new_data,RULE_HR_V0.1,2025-10-16T11:00:00,2026-07-10T11:00:00,completed
RUN00005644,USR008404,HEALTH_RESERVE,2026-02-09T08:00:00,new_data,RULE_HR_V0.1,2025-10-18T08:00:00,2026-02-09T08:00:00,completed
RUN00005645,USR008405,HEALTH_RESERVE,2026-04-22T04:00:00,new_data,RULE_HR_V0.1,2025-10-06T04:00:00,2026-04-22T04:00:00,completed
RUN00005646,USR008406,MINDGUARD,2026-05-07T01:00:00,new_data,RULE_MG_V0.1,2025-12-22T01:00:00,2026-05-07T01:00:00,completed
RUN00005647,USR008407,MINDGUARD,2026-05-07T14:00:00,new_data,RULE_MG_V0.1,2025-12-06T14:00:00,2026-05-07T14:00:00,completed
RUN00005648,USR008408,MINDGUARD,2026-07-12T07:00:00,new_data,RULE_MG_V0.1,2026-01-25T07:00:00,2026-07-12T07:00:00,completed
RUN00005649,USR008409,HEALTH_RESERVE,2026-06-22T08:00:00,new_data,RULE_HR_V0.1,2026-02-02T08:00:00,2026-06-22T08:00:00,completed
RUN00005650,USR008413,HEALTH_RESERVE,2026-05-06T17:00:00,new_data,RULE_HR_V0.1,2025-11-11T17:00:00,2026-05-06T17:00:00,completed
RUN00005651,USR008414,MINDGUARD,2026-08-19T05:00:00,new_data,RULE_MG_V0.1,2025-10-28T05:00:00,2026-08-19T05:00:00,completed
RUN00005652,USR008414,HEALTH_RESERVE,2026-03-11T05:00:00,new_data,RULE_HR_V0.1,2025-11-03T05:00:00,2026-03-11T05:00:00,completed
RUN00005653,USR008416,MINDGUARD,2026-09-14T12:00:00,new_data,RULE_MG_V0.1,2026-02-07T11:00:00,2026-09-14T12:00:00,completed
RUN00005654,USR008419,MINDGUARD,2026-08-03T11:00:00,new_data,RULE_MG_V0.1,2025-11-17T11:00:00,2026-08-03T11:00:00,completed
RUN00005655,USR008421,MINDGUARD,2026-07-06T09:00:00,new_data,RULE_MG_V0.1,2026-01-15T09:00:00,2026-07-06T09:00:00,completed
RUN00005656,USR008422,MINDGUARD,2026-09-14T12:00:00,new_data,RULE_MG_V0.1,2025-12-01T01:00:00,2026-09-14T12:00:00,completed
RUN00005657,USR008424,MINDGUARD,2026-09-14T12:00:00,new_data,RULE_MG_V0.1,2026-02-08T11:00:00,2026-09-14T12:00:00,completed
RUN00005658,USR008426,MINDGUARD,2026-04-19T00:00:00,new_data,RULE_MG_V0.1,2025-09-25T00:00:00,2026-04-19T00:00:00,completed
RUN00005659,USR008430,HEALTH_RESERVE,2026-03-14T18:00:00,new_data,RULE_HR_V0.1,2025-10-16T18:00:00,2026-03-14T18:00:00,completed
RUN00005660,USR008436,MINDGUARD,2026-06-22T14:00:00,new_data,RULE_MG_V0.1,2025-12-25T14:00:00,2026-06-22T14:00:00,completed
RUN00005661,USR008442,MINDGUARD,2026-02-24T17:00:00,new_data,RULE_MG_V0.1,2025-10-06T17:00:00,2026-02-24T17:00:00,completed
RUN00005662,USR008443,MINDGUARD,2026-08-05T08:00:00,new_data,RULE_MG_V0.1,2025-10-26T08:00:00,2026-08-05T08:00:00,completed
RUN00005663,USR008445,MINDGUARD,2026-05-24T14:00:00,new_data,RULE_MG_V0.1,2026-02-08T14:00:00,2026-05-24T14:00:00,completed
RUN00005664,USR008446,MINDGUARD,2026-07-04T03:00:00,new_data,RULE_MG_V0.1,2025-11-16T03:00:00,2026-07-04T03:00:00,completed
RUN00005665,USR008448,HEALTH_RESERVE,2026-07-19T10:00:00,new_data,RULE_HR_V0.1,2025-11-07T10:00:00,2026-07-19T10:00:00,completed
RUN00005666,USR008450,MINDGUARD,2026-08-25T02:00:00,new_data,RULE_MG_V0.1,2026-02-08T02:00:00,2026-08-25T02:00:00,completed
RUN00005667,USR008451,HEALTH_RESERVE,2026-06-18T10:00:00,new_data,RULE_HR_V0.1,2025-09-19T10:00:00,2026-06-18T10:00:00,completed
RUN00005668,USR008452,MINDGUARD,2026-06-09T12:00:00,new_data,RULE_MG_V0.1,2025-12-14T12:00:00,2026-06-09T12:00:00,completed
RUN00005669,USR008452,HEALTH_RESERVE,2026-06-21T10:00:00,new_data,RULE_HR_V0.1,2025-12-25T10:00:00,2026-06-21T10:00:00,completed
RUN00005670,USR008455,MINDGUARD,2026-08-26T12:00:00,new_data,RULE_MG_V0.1,2025-11-13T12:00:00,2026-08-26T12:00:00,completed
RUN00005671,USR008455,HEALTH_RESERVE,2026-04-15T13:00:00,new_data,RULE_HR_V0.1,2025-11-13T13:00:00,2026-04-15T13:00:00,completed
RUN00005672,USR008456,MINDGUARD,2026-09-14T12:00:00,new_data,RULE_MG_V0.1,2026-02-12T11:00:00,2026-09-14T12:00:00,completed
RUN00005673,USR008459,HEALTH_RESERVE,2026-08-10T17:00:00,new_data,RULE_HR_V0.1,2025-11-03T17:00:00,2026-08-10T17:00:00,completed
RUN00005674,USR008460,MINDGUARD,2026-03-13T14:00:00,new_data,RULE_MG_V0.1,2025-10-10T14:00:00,2026-03-13T14:00:00,completed
RUN00005675,USR008461,HEALTH_RESERVE,2026-08-14T16:00:00,new_data,RULE_HR_V0.1,2025-12-04T16:00:00,2026-08-14T16:00:00,completed
RUN00005676,USR008462,MINDGUARD,2026-09-14T12:00:00,new_data,RULE_MG_V0.1,2026-02-03T18:00:00,2026-09-14T12:00:00,completed
RUN00005677,USR008463,MINDGUARD,2026-04-06T06:00:00,new_data,RULE_MG_V0.1,2025-12-28T06:00:00,2026-04-06T06:00:00,completed
RUN00005678,USR008465,MINDGUARD,2026-07-25T04:00:00,new_data,RULE_MG_V0.1,2026-01-04T04:00:00,2026-07-25T04:00:00,completed
RUN00005679,USR008465,HEALTH_RESERVE,2026-07-16T01:00:00,new_data,RULE_HR_V0.1,2026-01-03T01:00:00,2026-07-16T01:00:00,completed
RUN00005680,USR008467,MINDGUARD,2026-05-14T07:00:00,new_data,RULE_MG_V0.1,2025-11-18T07:00:00,2026-05-14T07:00:00,completed
RUN00005681,USR008471,MINDGUARD,2026-02-23T10:00:00,new_data,RULE_MG_V0.1,2025-10-13T10:00:00,2026-02-23T10:00:00,completed
RUN00005682,USR008475,MINDGUARD,2026-01-16T12:00:00,new_data,RULE_MG_V0.1,2025-09-17T12:00:00,2026-01-16T12:00:00,completed
RUN00005683,USR008478,MINDGUARD,2026-09-14T12:00:00,new_data,RULE_MG_V0.1,2025-12-19T04:00:00,2026-09-14T12:00:00,completed
RUN00005684,USR008480,MINDGUARD,2026-06-04T06:00:00,new_data,RULE_MG_V0.1,2026-01-04T06:00:00,2026-06-04T06:00:00,completed
RUN00005685,USR008483,HEALTH_RESERVE,2026-05-20T09:00:00,new_data,RULE_HR_V0.1,2025-11-22T09:00:00,2026-05-20T09:00:00,completed
RUN00005686,USR008485,MINDGUARD,2026-05-16T16:00:00,new_data,RULE_MG_V0.1,2025-12-21T16:00:00,2026-05-16T16:00:00,completed
RUN00005687,USR008486,HEALTH_RESERVE,2026-04-05T23:00:00,new_data,RULE_HR_V0.1,2025-11-26T23:00:00,2026-04-05T23:00:00,completed
RUN00005688,USR008487,MINDGUARD,2026-09-14T12:00:00,new_data,RULE_MG_V0.1,2025-12-25T11:00:00,2026-09-14T12:00:00,completed
RUN00005689,USR008488,MINDGUARD,2026-06-16T20:00:00,new_data,RULE_MG_V0.1,2025-12-01T20:00:00,2026-06-16T20:00:00,completed
RUN00005690,USR008489,MINDGUARD,2026-09-14T12:00:00,new_data,RULE_MG_V0.1,2026-01-04T18:00:00,2026-09-14T12:00:00,completed
RUN00005691,USR008491,MINDGUARD,2026-05-13T17:00:00,new_data,RULE_MG_V0.1,2026-01-18T17:00:00,2026-05-13T17:00:00,completed
RUN00005692,USR008494,MINDGUARD,2026-01-12T05:00:00,new_data,RULE_MG_V0.1,2025-10-08T05:00:00,2026-01-12T05:00:00,completed
RUN00005693,USR008495,MINDGUARD,2026-07-10T04:00:00,new_data,RULE_MG_V0.1,2025-11-21T04:00:00,2026-07-10T04:00:00,completed
RUN00005694,USR008496,MINDGUARD,2026-03-15T21:00:00,new_data,RULE_MG_V0.1,2025-10-08T21:00:00,2026-03-15T21:00:00,completed
RUN00005695,USR008497,MINDGUARD,2026-08-26T07:00:00,new_data,RULE_MG_V0.1,2026-01-19T07:00:00,2026-08-26T07:00:00,completed
RUN00005696,USR008498,HEALTH_RESERVE,2026-09-14T12:00:00,new_data,RULE_HR_V0.1,2025-12-16T19:00:00,2026-09-14T12:00:00,completed
RUN00005697,USR008499,MINDGUARD,2026-06-24T09:00:00,new_data,RULE_MG_V0.1,2025-12-01T09:00:00,2026-06-24T09:00:00,completed
RUN00005698,USR008500,MINDGUARD,2026-06-14T16:00:00,new_data,RULE_MG_V0.1,2026-02-01T16:00:00,2026-06-14T16:00:00,completed
RUN00005699,USR008502,MINDGUARD,2026-03-24T19:00:00,new_data,RULE_MG_V0.1,2025-11-24T19:00:00,2026-03-24T19:00:00,completed
RUN00005700,USR008503,MINDGUARD,2026-09-12T22:00:00,new_data,RULE_MG_V0.1,2026-01-16T22:00:00,2026-09-12T22:00:00,completed
RUN00005701,USR008504,HEALTH_RESERVE,2026-05-04T18:00:00,new_data,RULE_HR_V0.1,2025-10-20T18:00:00,2026-05-04T18:00:00,completed
RUN00005702,USR008507,MINDGUARD,2026-09-14T12:00:00,new_data,RULE_MG_V0.1,2026-01-27T16:00:00,2026-09-14T12:00:00,completed
RUN00005703,USR008508,MINDGUARD,2026-07-15T13:00:00,new_data,RULE_MG_V0.1,2025-12-09T13:00:00,2026-07-15T13:00:00,completed
RUN00005704,USR008512,MINDGUARD,2026-03-21T15:00:00,new_data,RULE_MG_V0.1,2025-09-19T15:00:00,2026-03-21T15:00:00,completed
RUN00005705,USR008513,HEALTH_RESERVE,2026-06-17T20:00:00,new_data,RULE_HR_V0.1,2025-12-10T20:00:00,2026-06-17T20:00:00,completed
RUN00005706,USR008514,MINDGUARD,2026-07-23T09:00:00,new_data,RULE_MG_V0.1,2026-01-25T09:00:00,2026-07-23T09:00:00,completed
RUN00005707,USR008517,MINDGUARD,2026-04-04T05:00:00,new_data,RULE_MG_V0.1,2025-10-17T05:00:00,2026-04-04T05:00:00,completed
RUN00005708,USR008519,HEALTH_RESERVE,2026-07-11T13:00:00,new_data,RULE_HR_V0.1,2025-11-25T13:00:00,2026-07-11T13:00:00,completed
RUN00005709,USR008520,HEALTH_RESERVE,2026-04-22T13:00:00,new_data,RULE_HR_V0.1,2025-09-20T13:00:00,2026-04-22T13:00:00,completed
RUN00005710,USR008522,MINDGUARD,2026-06-25T19:00:00,new_data,RULE_MG_V0.1,2025-11-07T19:00:00,2026-06-25T19:00:00,completed
RUN00005711,USR008523,HEALTH_RESERVE,2026-04-03T16:00:00,new_data,RULE_HR_V0.1,2025-12-23T16:00:00,2026-04-03T16:00:00,completed
RUN00005712,USR008527,MINDGUARD,2026-05-04T06:00:00,new_data,RULE_MG_V0.1,2025-10-30T06:00:00,2026-05-04T06:00:00,completed
RUN00005713,USR008528,HEALTH_RESERVE,2026-04-11T03:00:00,new_data,RULE_HR_V0.1,2025-10-20T03:00:00,2026-04-11T03:00:00,completed
RUN00005714,USR008530,MINDGUARD,2025-12-28T01:00:00,new_data,RULE_MG_V0.1,2025-09-25T01:00:00,2025-12-28T01:00:00,completed
RUN00005715,USR008530,HEALTH_RESERVE,2026-07-04T18:00:00,new_data,RULE_HR_V0.1,2025-09-26T18:00:00,2026-07-04T18:00:00,completed
RUN00005716,USR008531,MINDGUARD,2026-04-26T02:00:00,new_data,RULE_MG_V0.1,2025-11-10T02:00:00,2026-04-26T02:00:00,completed
RUN00005717,USR008533,MINDGUARD,2026-05-21T20:00:00,new_data,RULE_MG_V0.1,2025-11-21T20:00:00,2026-05-21T20:00:00,completed
RUN00005718,USR008534,HEALTH_RESERVE,2026-08-18T22:00:00,new_data,RULE_HR_V0.1,2026-01-30T22:00:00,2026-08-18T22:00:00,completed
RUN00005719,USR008535,MINDGUARD,2026-06-14T13:00:00,new_data,RULE_MG_V0.1,2025-11-11T13:00:00,2026-06-14T13:00:00,completed
RUN00005720,USR008536,HEALTH_RESERVE,2026-09-02T23:00:00,new_data,RULE_HR_V0.1,2026-02-03T23:00:00,2026-09-02T23:00:00,completed
RUN00005721,USR008539,MINDGUARD,2026-05-30T22:00:00,new_data,RULE_MG_V0.1,2025-12-11T22:00:00,2026-05-30T22:00:00,completed
RUN00005722,USR008540,MINDGUARD,2026-05-17T13:00:00,new_data,RULE_MG_V0.1,2025-09-17T13:00:00,2026-05-17T13:00:00,completed
RUN00005723,USR008541,HEALTH_RESERVE,2026-02-20T06:00:00,new_data,RULE_HR_V0.1,2025-10-05T06:00:00,2026-02-20T06:00:00,completed
RUN00005724,USR008544,MINDGUARD,2026-02-25T02:00:00,new_data,RULE_MG_V0.1,2025-11-05T02:00:00,2026-02-25T02:00:00,completed
RUN00005725,USR008545,MINDGUARD,2026-04-15T03:00:00,new_data,RULE_MG_V0.1,2025-10-20T03:00:00,2026-04-15T03:00:00,completed
RUN00005726,USR008546,MINDGUARD,2026-07-08T16:00:00,new_data,RULE_MG_V0.1,2025-10-19T16:00:00,2026-07-08T16:00:00,completed
RUN00005727,USR008547,MINDGUARD,2026-05-10T18:00:00,new_data,RULE_MG_V0.1,2025-12-29T18:00:00,2026-05-10T18:00:00,completed
RUN00005728,USR008549,MINDGUARD,2026-08-25T18:00:00,new_data,RULE_MG_V0.1,2025-12-01T18:00:00,2026-08-25T18:00:00,completed
RUN00005729,USR008551,MINDGUARD,2026-03-31T02:00:00,new_data,RULE_MG_V0.1,2025-10-23T02:00:00,2026-03-31T02:00:00,completed
RUN00005730,USR008554,MINDGUARD,2026-06-01T12:00:00,new_data,RULE_MG_V0.1,2025-11-20T12:00:00,2026-06-01T12:00:00,completed
RUN00005731,USR008557,MINDGUARD,2026-03-13T06:00:00,new_data,RULE_MG_V0.1,2025-09-29T06:00:00,2026-03-13T06:00:00,completed
RUN00005732,USR008559,MINDGUARD,2026-09-14T12:00:00,new_data,RULE_MG_V0.1,2026-02-07T08:00:00,2026-09-14T12:00:00,completed
RUN00005733,USR008561,HEALTH_RESERVE,2026-09-14T12:00:00,new_data,RULE_HR_V0.1,2026-01-17T11:00:00,2026-09-14T12:00:00,completed
RUN00005734,USR008562,MINDGUARD,2026-01-15T07:00:00,new_data,RULE_MG_V0.1,2025-09-17T07:00:00,2026-01-15T07:00:00,completed
RUN00005735,USR008563,MINDGUARD,2026-05-31T07:00:00,new_data,RULE_MG_V0.1,2025-12-09T07:00:00,2026-05-31T07:00:00,completed
RUN00005736,USR008564,MINDGUARD,2026-07-17T03:00:00,new_data,RULE_MG_V0.1,2025-10-18T03:00:00,2026-07-17T03:00:00,completed
RUN00005737,USR008565,HEALTH_RESERVE,2026-07-18T14:00:00,new_data,RULE_HR_V0.1,2025-10-15T14:00:00,2026-07-18T14:00:00,completed
RUN00005738,USR008567,MINDGUARD,2026-09-14T12:00:00,new_data,RULE_MG_V0.1,2025-12-08T07:00:00,2026-09-14T12:00:00,completed
RUN00005739,USR008569,MINDGUARD,2026-03-23T18:00:00,new_data,RULE_MG_V0.1,2025-09-30T18:00:00,2026-03-23T18:00:00,completed
RUN00005740,USR008571,MINDGUARD,2026-02-11T05:00:00,new_data,RULE_MG_V0.1,2025-09-17T05:00:00,2026-02-11T05:00:00,completed
RUN00005741,USR008574,HEALTH_RESERVE,2026-08-26T20:00:00,new_data,RULE_HR_V0.1,2026-01-23T20:00:00,2026-08-26T20:00:00,completed
RUN00005742,USR008578,MINDGUARD,2026-05-06T23:00:00,new_data,RULE_MG_V0.1,2025-10-06T23:00:00,2026-05-06T23:00:00,completed
RUN00005743,USR008579,MINDGUARD,2026-01-02T21:00:00,new_data,RULE_MG_V0.1,2025-09-17T21:00:00,2026-01-02T21:00:00,completed
RUN00005744,USR008585,MINDGUARD,2026-07-05T13:00:00,new_data,RULE_MG_V0.1,2025-10-04T13:00:00,2026-07-05T13:00:00,completed
RUN00005745,USR008587,MINDGUARD,2026-08-21T01:00:00,new_data,RULE_MG_V0.1,2026-02-12T01:00:00,2026-08-21T01:00:00,completed
RUN00005746,USR008588,HEALTH_RESERVE,2026-06-04T16:00:00,new_data,RULE_HR_V0.1,2026-01-14T16:00:00,2026-06-04T16:00:00,completed
RUN00005747,USR008589,MINDGUARD,2026-08-05T15:00:00,new_data,RULE_MG_V0.1,2026-01-03T15:00:00,2026-08-05T15:00:00,completed
RUN00005748,USR008590,MINDGUARD,2026-06-07T08:00:00,new_data,RULE_MG_V0.1,2025-11-17T08:00:00,2026-06-07T08:00:00,completed
RUN00005749,USR008594,MINDGUARD,2026-04-06T21:00:00,new_data,RULE_MG_V0.1,2025-11-14T21:00:00,2026-04-06T21:00:00,completed
RUN00005750,USR008598,MINDGUARD,2026-08-29T09:00:00,new_data,RULE_MG_V0.1,2025-11-14T09:00:00,2026-08-29T09:00:00,completed
RUN00005751,USR008600,HEALTH_RESERVE,2026-04-27T07:00:00,new_data,RULE_HR_V0.1,2026-01-05T07:00:00,2026-04-27T07:00:00,completed
RUN00005752,USR008601,HEALTH_RESERVE,2026-06-25T14:00:00,new_data,RULE_HR_V0.1,2026-01-07T14:00:00,2026-06-25T14:00:00,completed
RUN00005753,USR008606,MINDGUARD,2026-08-13T10:00:00,new_data,RULE_MG_V0.1,2026-01-06T10:00:00,2026-08-13T10:00:00,completed
RUN00005754,USR008608,MINDGUARD,2026-09-14T12:00:00,new_data,RULE_MG_V0.1,2026-02-15T13:00:00,2026-09-14T12:00:00,completed
RUN00005755,USR008608,HEALTH_RESERVE,2026-06-26T11:00:00,new_data,RULE_HR_V0.1,2026-02-20T11:00:00,2026-06-26T11:00:00,completed
RUN00005756,USR008609,MINDGUARD,2026-07-01T04:00:00,new_data,RULE_MG_V0.1,2026-02-10T04:00:00,2026-07-01T04:00:00,completed
RUN00005757,USR008609,HEALTH_RESERVE,2026-09-14T12:00:00,new_data,RULE_HR_V0.1,2026-02-06T21:00:00,2026-09-14T12:00:00,completed
RUN00005758,USR008610,MINDGUARD,2026-09-14T12:00:00,new_data,RULE_MG_V0.1,2026-01-01T19:00:00,2026-09-14T12:00:00,completed
RUN00005759,USR008611,MINDGUARD,2026-09-14T12:00:00,new_data,RULE_MG_V0.1,2026-02-10T16:00:00,2026-09-14T12:00:00,completed
RUN00005760,USR008612,MINDGUARD,2026-06-06T03:00:00,new_data,RULE_MG_V0.1,2025-09-20T03:00:00,2026-06-06T03:00:00,completed
RUN00005761,USR008613,MINDGUARD,2026-07-24T04:00:00,new_data,RULE_MG_V0.1,2025-11-02T04:00:00,2026-07-24T04:00:00,completed
RUN00005762,USR008614,MINDGUARD,2026-03-14T20:00:00,new_data,RULE_MG_V0.1,2025-11-14T20:00:00,2026-03-14T20:00:00,completed
RUN00005763,USR008615,HEALTH_RESERVE,2026-07-06T04:00:00,new_data,RULE_HR_V0.1,2025-11-19T04:00:00,2026-07-06T04:00:00,completed
RUN00005764,USR008622,HEALTH_RESERVE,2026-08-19T03:00:00,new_data,RULE_HR_V0.1,2026-02-04T03:00:00,2026-08-19T03:00:00,completed
RUN00005765,USR008623,MINDGUARD,2026-09-14T12:00:00,new_data,RULE_MG_V0.1,2026-01-04T02:00:00,2026-09-14T12:00:00,completed
RUN00005766,USR008629,MINDGUARD,2026-06-18T21:00:00,new_data,RULE_MG_V0.1,2025-10-25T21:00:00,2026-06-18T21:00:00,completed
RUN00005767,USR008630,HEALTH_RESERVE,2026-08-07T09:00:00,new_data,RULE_HR_V0.1,2025-11-26T09:00:00,2026-08-07T09:00:00,completed
RUN00005768,USR008631,HEALTH_RESERVE,2026-02-28T15:00:00,new_data,RULE_HR_V0.1,2025-10-01T15:00:00,2026-02-28T15:00:00,completed
RUN00005769,USR008632,MINDGUARD,2026-05-05T19:00:00,new_data,RULE_MG_V0.1,2025-10-13T19:00:00,2026-05-05T19:00:00,completed
RUN00005770,USR008633,MINDGUARD,2026-03-27T22:00:00,new_data,RULE_MG_V0.1,2025-11-27T22:00:00,2026-03-27T22:00:00,completed
RUN00005771,USR008636,HEALTH_RESERVE,2026-04-10T15:00:00,new_data,RULE_HR_V0.1,2026-01-03T15:00:00,2026-04-10T15:00:00,completed
RUN00005772,USR008638,HEALTH_RESERVE,2026-06-24T07:00:00,new_data,RULE_HR_V0.1,2026-01-30T07:00:00,2026-06-24T07:00:00,completed
RUN00005773,USR008639,MINDGUARD,2026-08-21T21:00:00,new_data,RULE_MG_V0.1,2026-02-04T21:00:00,2026-08-21T21:00:00,completed
RUN00005774,USR008641,MINDGUARD,2026-07-24T11:00:00,new_data,RULE_MG_V0.1,2025-12-08T11:00:00,2026-07-24T11:00:00,completed
RUN00005775,USR008643,HEALTH_RESERVE,2026-08-08T07:00:00,new_data,RULE_HR_V0.1,2026-01-27T07:00:00,2026-08-08T07:00:00,completed
RUN00005776,USR008645,MINDGUARD,2026-07-12T02:00:00,new_data,RULE_MG_V0.1,2025-11-22T02:00:00,2026-07-12T02:00:00,completed
RUN00005777,USR008646,MINDGUARD,2026-03-24T19:00:00,new_data,RULE_MG_V0.1,2025-10-06T19:00:00,2026-03-24T19:00:00,completed
RUN00005778,USR008647,HEALTH_RESERVE,2026-08-06T18:00:00,new_data,RULE_HR_V0.1,2025-10-20T18:00:00,2026-08-06T18:00:00,completed
RUN00005779,USR008650,HEALTH_RESERVE,2026-05-13T07:00:00,new_data,RULE_HR_V0.1,2025-11-17T07:00:00,2026-05-13T07:00:00,completed
RUN00005780,USR008651,MINDGUARD,2026-09-07T12:00:00,new_data,RULE_MG_V0.1,2026-02-21T12:00:00,2026-09-07T12:00:00,completed
RUN00005781,USR008652,MINDGUARD,2026-04-02T14:00:00,new_data,RULE_MG_V0.1,2025-12-07T14:00:00,2026-04-02T14:00:00,completed
RUN00005782,USR008653,MINDGUARD,2026-03-30T03:00:00,new_data,RULE_MG_V0.1,2025-12-12T03:00:00,2026-03-30T03:00:00,completed
RUN00005783,USR008654,HEALTH_RESERVE,2026-09-14T12:00:00,new_data,RULE_HR_V0.1,2026-01-25T12:00:00,2026-09-14T12:00:00,completed
RUN00005784,USR008655,MINDGUARD,2026-07-09T03:00:00,new_data,RULE_MG_V0.1,2025-12-15T03:00:00,2026-07-09T03:00:00,completed
RUN00005785,USR008657,MINDGUARD,2026-09-14T12:00:00,new_data,RULE_MG_V0.1,2026-02-05T20:00:00,2026-09-14T12:00:00,completed
RUN00005786,USR008657,HEALTH_RESERVE,2026-09-09T16:00:00,new_data,RULE_HR_V0.1,2026-02-07T16:00:00,2026-09-09T16:00:00,completed
RUN00005787,USR008658,MINDGUARD,2026-09-14T12:00:00,new_data,RULE_MG_V0.1,2025-12-28T00:00:00,2026-09-14T12:00:00,completed
RUN00005788,USR008659,MINDGUARD,2026-05-20T04:00:00,new_data,RULE_MG_V0.1,2025-11-11T04:00:00,2026-05-20T04:00:00,completed
RUN00005789,USR008660,HEALTH_RESERVE,2026-09-14T12:00:00,new_data,RULE_HR_V0.1,2026-01-15T08:00:00,2026-09-14T12:00:00,completed
RUN00005790,USR008661,MINDGUARD,2026-07-06T10:00:00,new_data,RULE_MG_V0.1,2025-11-27T10:00:00,2026-07-06T10:00:00,completed
RUN00005791,USR008662,MINDGUARD,2026-09-14T12:00:00,new_data,RULE_MG_V0.1,2026-01-13T07:00:00,2026-09-14T12:00:00,completed
RUN00005792,USR008663,MINDGUARD,2026-07-03T23:00:00,new_data,RULE_MG_V0.1,2025-11-05T23:00:00,2026-07-03T23:00:00,completed
RUN00005793,USR008663,HEALTH_RESERVE,2026-04-01T19:00:00,new_data,RULE_HR_V0.1,2025-10-25T19:00:00,2026-04-01T19:00:00,completed
RUN00005794,USR008664,MINDGUARD,2026-05-24T00:00:00,new_data,RULE_MG_V0.1,2025-11-10T00:00:00,2026-05-24T00:00:00,completed
RUN00005795,USR008664,HEALTH_RESERVE,2026-09-03T02:00:00,new_data,RULE_HR_V0.1,2025-11-07T02:00:00,2026-09-03T02:00:00,completed
RUN00005796,USR008669,HEALTH_RESERVE,2026-08-03T13:00:00,new_data,RULE_HR_V0.1,2025-11-12T13:00:00,2026-08-03T13:00:00,completed
RUN00005797,USR008670,MINDGUARD,2026-06-14T21:00:00,new_data,RULE_MG_V0.1,2025-11-12T21:00:00,2026-06-14T21:00:00,completed
RUN00005798,USR008670,HEALTH_RESERVE,2026-04-03T01:00:00,new_data,RULE_HR_V0.1,2025-11-12T01:00:00,2026-04-03T01:00:00,completed
RUN00005799,USR008672,MINDGUARD,2026-06-01T13:00:00,new_data,RULE_MG_V0.1,2026-01-18T13:00:00,2026-06-01T13:00:00,completed
RUN00005800,USR008676,MINDGUARD,2026-03-04T16:00:00,new_data,RULE_MG_V0.1,2025-09-23T16:00:00,2026-03-04T16:00:00,completed
RUN00005801,USR008678,MINDGUARD,2026-06-22T11:00:00,new_data,RULE_MG_V0.1,2025-12-25T11:00:00,2026-06-22T11:00:00,completed
RUN00005802,USR008678,HEALTH_RESERVE,2026-07-21T17:00:00,new_data,RULE_HR_V0.1,2025-12-31T17:00:00,2026-07-21T17:00:00,completed
RUN00005803,USR008679,MINDGUARD,2026-05-20T09:00:00,new_data,RULE_MG_V0.1,2026-01-18T09:00:00,2026-05-20T09:00:00,completed
RUN00005804,USR008682,MINDGUARD,2026-05-01T23:00:00,new_data,RULE_MG_V0.1,2026-01-28T23:00:00,2026-05-01T23:00:00,completed
RUN00005805,USR008683,HEALTH_RESERVE,2026-01-03T11:00:00,new_data,RULE_HR_V0.1,2025-09-24T11:00:00,2026-01-03T11:00:00,completed
RUN00005806,USR008684,HEALTH_RESERVE,2026-07-05T10:00:00,new_data,RULE_HR_V0.1,2025-11-01T10:00:00,2026-07-05T10:00:00,completed
RUN00005807,USR008690,MINDGUARD,2026-07-23T03:00:00,new_data,RULE_MG_V0.1,2025-11-29T03:00:00,2026-07-23T03:00:00,completed
RUN00005808,USR008691,MINDGUARD,2026-02-01T06:00:00,new_data,RULE_MG_V0.1,2025-10-01T06:00:00,2026-02-01T06:00:00,completed
RUN00005809,USR008692,MINDGUARD,2026-07-23T08:00:00,new_data,RULE_MG_V0.1,2025-10-11T08:00:00,2026-07-23T08:00:00,completed
RUN00005810,USR008692,HEALTH_RESERVE,2026-05-13T23:00:00,new_data,RULE_HR_V0.1,2025-10-01T23:00:00,2026-05-13T23:00:00,completed
RUN00005811,USR008693,MINDGUARD,2026-06-22T08:00:00,new_data,RULE_MG_V0.1,2025-12-28T08:00:00,2026-06-22T08:00:00,completed
RUN00005812,USR008696,MINDGUARD,2026-05-31T10:00:00,new_data,RULE_MG_V0.1,2026-01-17T10:00:00,2026-05-31T10:00:00,completed
RUN00005813,USR008698,MINDGUARD,2026-04-27T02:00:00,new_data,RULE_MG_V0.1,2025-12-18T02:00:00,2026-04-27T02:00:00,completed
RUN00005814,USR008700,HEALTH_RESERVE,2026-05-23T00:00:00,new_data,RULE_HR_V0.1,2025-10-16T00:00:00,2026-05-23T00:00:00,completed
RUN00005815,USR008704,MINDGUARD,2026-06-01T00:00:00,new_data,RULE_MG_V0.1,2025-10-22T00:00:00,2026-06-01T00:00:00,completed
RUN00005816,USR008704,HEALTH_RESERVE,2026-03-05T05:00:00,new_data,RULE_HR_V0.1,2025-10-14T05:00:00,2026-03-05T05:00:00,completed
RUN00005817,USR008706,HEALTH_RESERVE,2026-07-20T02:00:00,new_data,RULE_HR_V0.1,2025-11-16T02:00:00,2026-07-20T02:00:00,completed
RUN00005818,USR008708,MINDGUARD,2026-05-04T09:00:00,new_data,RULE_MG_V0.1,2026-01-16T09:00:00,2026-05-04T09:00:00,completed
RUN00005819,USR008709,MINDGUARD,2026-09-14T12:00:00,new_data,RULE_MG_V0.1,2026-02-10T09:00:00,2026-09-14T12:00:00,completed
RUN00005820,USR008711,MINDGUARD,2026-07-25T17:00:00,new_data,RULE_MG_V0.1,2026-01-02T17:00:00,2026-07-25T17:00:00,completed
RUN00005821,USR008711,HEALTH_RESERVE,2026-04-30T17:00:00,new_data,RULE_HR_V0.1,2025-12-29T17:00:00,2026-04-30T17:00:00,completed
RUN00005822,USR008715,MINDGUARD,2026-05-30T15:00:00,new_data,RULE_MG_V0.1,2026-02-04T15:00:00,2026-05-30T15:00:00,completed
RUN00005823,USR008715,HEALTH_RESERVE,2026-05-25T05:00:00,new_data,RULE_HR_V0.1,2026-02-07T05:00:00,2026-05-25T05:00:00,completed
RUN00005824,USR008718,MINDGUARD,2026-05-03T04:00:00,new_data,RULE_MG_V0.1,2025-10-25T04:00:00,2026-05-03T04:00:00,completed
RUN00005825,USR008718,HEALTH_RESERVE,2026-05-23T03:00:00,new_data,RULE_HR_V0.1,2025-10-24T03:00:00,2026-05-23T03:00:00,completed
RUN00005826,USR008719,MINDGUARD,2026-06-12T19:00:00,new_data,RULE_MG_V0.1,2025-11-13T19:00:00,2026-06-12T19:00:00,completed
RUN00005827,USR008720,MINDGUARD,2026-03-31T14:00:00,new_data,RULE_MG_V0.1,2025-12-29T14:00:00,2026-03-31T14:00:00,completed
RUN00005828,USR008721,MINDGUARD,2026-06-02T22:00:00,new_data,RULE_MG_V0.1,2025-11-03T22:00:00,2026-06-02T22:00:00,completed
RUN00005829,USR008723,MINDGUARD,2026-04-12T14:00:00,new_data,RULE_MG_V0.1,2025-10-11T14:00:00,2026-04-12T14:00:00,completed
RUN00005830,USR008726,MINDGUARD,2026-05-24T18:00:00,new_data,RULE_MG_V0.1,2025-12-27T18:00:00,2026-05-24T18:00:00,completed
RUN00005831,USR008727,MINDGUARD,2026-05-27T12:00:00,new_data,RULE_MG_V0.1,2025-12-05T12:00:00,2026-05-27T12:00:00,completed
RUN00005832,USR008728,MINDGUARD,2026-06-28T21:00:00,new_data,RULE_MG_V0.1,2026-02-08T21:00:00,2026-06-28T21:00:00,completed
RUN00005833,USR008729,MINDGUARD,2026-06-27T02:00:00,new_data,RULE_MG_V0.1,2025-11-02T02:00:00,2026-06-27T02:00:00,completed
RUN00005834,USR008730,MINDGUARD,2026-09-14T12:00:00,new_data,RULE_MG_V0.1,2026-02-04T02:00:00,2026-09-14T12:00:00,completed
RUN00005835,USR008731,HEALTH_RESERVE,2026-04-19T09:00:00,new_data,RULE_HR_V0.1,2026-01-19T09:00:00,2026-04-19T09:00:00,completed
RUN00005836,USR008733,MINDGUARD,2026-04-01T04:00:00,new_data,RULE_MG_V0.1,2025-11-09T04:00:00,2026-04-01T04:00:00,completed
RUN00005837,USR008733,HEALTH_RESERVE,2026-08-19T01:00:00,new_data,RULE_HR_V0.1,2025-11-08T01:00:00,2026-08-19T01:00:00,completed
RUN00005838,USR008735,HEALTH_RESERVE,2026-08-03T01:00:00,new_data,RULE_HR_V0.1,2025-11-07T01:00:00,2026-08-03T01:00:00,completed
RUN00005839,USR008736,MINDGUARD,2026-09-14T12:00:00,new_data,RULE_MG_V0.1,2025-12-13T16:00:00,2026-09-14T12:00:00,completed
RUN00005840,USR008737,MINDGUARD,2026-07-29T06:00:00,new_data,RULE_MG_V0.1,2025-11-08T06:00:00,2026-07-29T06:00:00,completed
RUN00005841,USR008739,MINDGUARD,2026-09-01T19:00:00,new_data,RULE_MG_V0.1,2026-02-15T19:00:00,2026-09-01T19:00:00,completed
RUN00005842,USR008742,MINDGUARD,2026-08-03T20:00:00,new_data,RULE_MG_V0.1,2026-01-06T20:00:00,2026-08-03T20:00:00,completed
RUN00005843,USR008743,MINDGUARD,2026-09-02T07:00:00,new_data,RULE_MG_V0.1,2025-12-07T07:00:00,2026-09-02T07:00:00,completed
RUN00005844,USR008745,MINDGUARD,2026-05-03T15:00:00,new_data,RULE_MG_V0.1,2025-11-22T15:00:00,2026-05-03T15:00:00,completed
RUN00005845,USR008748,HEALTH_RESERVE,2026-02-26T20:00:00,new_data,RULE_HR_V0.1,2025-11-15T20:00:00,2026-02-26T20:00:00,completed
RUN00005846,USR008749,MINDGUARD,2026-06-04T01:00:00,new_data,RULE_MG_V0.1,2025-11-01T01:00:00,2026-06-04T01:00:00,completed
RUN00005847,USR008751,MINDGUARD,2026-02-22T14:00:00,new_data,RULE_MG_V0.1,2025-09-17T14:00:00,2026-02-22T14:00:00,completed
RUN00005848,USR008756,MINDGUARD,2026-04-11T04:00:00,new_data,RULE_MG_V0.1,2025-11-07T04:00:00,2026-04-11T04:00:00,completed
RUN00005849,USR008758,MINDGUARD,2026-09-14T12:00:00,new_data,RULE_MG_V0.1,2026-02-22T12:00:00,2026-09-14T12:00:00,completed
RUN00005850,USR008759,MINDGUARD,2026-06-22T06:00:00,new_data,RULE_MG_V0.1,2026-02-07T06:00:00,2026-06-22T06:00:00,completed
RUN00005851,USR008759,HEALTH_RESERVE,2026-08-20T13:00:00,new_data,RULE_HR_V0.1,2026-01-26T13:00:00,2026-08-20T13:00:00,completed
RUN00005852,USR008760,MINDGUARD,2026-07-19T22:00:00,new_data,RULE_MG_V0.1,2025-12-31T22:00:00,2026-07-19T22:00:00,completed
RUN00005853,USR008761,MINDGUARD,2026-01-22T05:00:00,new_data,RULE_MG_V0.1,2025-10-18T05:00:00,2026-01-22T05:00:00,completed
RUN00005854,USR008763,HEALTH_RESERVE,2026-07-01T21:00:00,new_data,RULE_HR_V0.1,2025-09-23T21:00:00,2026-07-01T21:00:00,completed
RUN00005855,USR008764,HEALTH_RESERVE,2026-04-21T11:00:00,new_data,RULE_HR_V0.1,2025-09-21T11:00:00,2026-04-21T11:00:00,completed
RUN00005856,USR008765,MINDGUARD,2026-05-17T22:00:00,new_data,RULE_MG_V0.1,2026-02-09T22:00:00,2026-05-17T22:00:00,completed
RUN00005857,USR008766,MINDGUARD,2026-09-14T12:00:00,new_data,RULE_MG_V0.1,2026-01-08T01:00:00,2026-09-14T12:00:00,completed
RUN00005858,USR008768,HEALTH_RESERVE,2026-04-15T00:00:00,new_data,RULE_HR_V0.1,2025-12-06T00:00:00,2026-04-15T00:00:00,completed
RUN00005859,USR008772,HEALTH_RESERVE,2026-02-13T01:00:00,new_data,RULE_HR_V0.1,2025-10-10T01:00:00,2026-02-13T01:00:00,completed
RUN00005860,USR008776,MINDGUARD,2026-04-22T00:00:00,new_data,RULE_MG_V0.1,2025-10-17T00:00:00,2026-04-22T00:00:00,completed
RUN00005861,USR008777,MINDGUARD,2026-02-22T03:00:00,new_data,RULE_MG_V0.1,2025-10-10T03:00:00,2026-02-22T03:00:00,completed
RUN00005862,USR008780,MINDGUARD,2026-04-30T07:00:00,new_data,RULE_MG_V0.1,2025-11-23T07:00:00,2026-04-30T07:00:00,completed
RUN00005863,USR008781,MINDGUARD,2026-04-17T06:00:00,new_data,RULE_MG_V0.1,2025-10-16T06:00:00,2026-04-17T06:00:00,completed
RUN00005864,USR008784,MINDGUARD,2026-05-01T05:00:00,new_data,RULE_MG_V0.1,2025-10-26T05:00:00,2026-05-01T05:00:00,completed
RUN00005865,USR008786,MINDGUARD,2026-06-11T09:00:00,new_data,RULE_MG_V0.1,2026-02-04T09:00:00,2026-06-11T09:00:00,completed
RUN00005866,USR008786,HEALTH_RESERVE,2026-09-14T12:00:00,new_data,RULE_HR_V0.1,2026-01-29T11:00:00,2026-09-14T12:00:00,completed
RUN00005867,USR008787,MINDGUARD,2026-09-07T17:00:00,new_data,RULE_MG_V0.1,2025-11-13T17:00:00,2026-09-07T17:00:00,completed
RUN00005868,USR008789,MINDGUARD,2026-07-19T12:00:00,new_data,RULE_MG_V0.1,2026-01-15T12:00:00,2026-07-19T12:00:00,completed
RUN00005869,USR008790,HEALTH_RESERVE,2026-05-18T00:00:00,new_data,RULE_HR_V0.1,2025-12-07T00:00:00,2026-05-18T00:00:00,completed
RUN00005870,USR008791,HEALTH_RESERVE,2026-05-14T13:00:00,new_data,RULE_HR_V0.1,2025-12-07T13:00:00,2026-05-14T13:00:00,completed
RUN00005871,USR008792,HEALTH_RESERVE,2026-08-08T10:00:00,new_data,RULE_HR_V0.1,2025-12-18T10:00:00,2026-08-08T10:00:00,completed
RUN00005872,USR008793,MINDGUARD,2026-06-12T18:00:00,new_data,RULE_MG_V0.1,2025-09-29T18:00:00,2026-06-12T18:00:00,completed
RUN00005873,USR008796,HEALTH_RESERVE,2026-06-02T00:00:00,new_data,RULE_HR_V0.1,2026-01-01T00:00:00,2026-06-02T00:00:00,completed
RUN00005874,USR008797,HEALTH_RESERVE,2026-06-26T09:00:00,new_data,RULE_HR_V0.1,2025-11-17T09:00:00,2026-06-26T09:00:00,completed
RUN00005875,USR008798,MINDGUARD,2026-02-23T21:00:00,new_data,RULE_MG_V0.1,2025-09-20T21:00:00,2026-02-23T21:00:00,completed
RUN00005876,USR008800,MINDGUARD,2026-09-14T12:00:00,new_data,RULE_MG_V0.1,2025-12-11T17:00:00,2026-09-14T12:00:00,completed
RUN00005877,USR008801,MINDGUARD,2026-05-31T04:00:00,new_data,RULE_MG_V0.1,2026-02-01T04:00:00,2026-05-31T04:00:00,completed
RUN00005878,USR008807,HEALTH_RESERVE,2026-05-11T09:00:00,new_data,RULE_HR_V0.1,2026-01-17T09:00:00,2026-05-11T09:00:00,completed
RUN00005879,USR008811,HEALTH_RESERVE,2026-05-17T13:00:00,new_data,RULE_HR_V0.1,2025-10-02T13:00:00,2026-05-17T13:00:00,completed
RUN00005880,USR008812,MINDGUARD,2026-06-01T21:00:00,new_data,RULE_MG_V0.1,2026-02-15T21:00:00,2026-06-01T21:00:00,completed
RUN00005881,USR008813,HEALTH_RESERVE,2026-08-09T17:00:00,new_data,RULE_HR_V0.1,2025-11-01T17:00:00,2026-08-09T17:00:00,completed
RUN00005882,USR008814,MINDGUARD,2026-03-07T00:00:00,new_data,RULE_MG_V0.1,2025-11-19T00:00:00,2026-03-07T00:00:00,completed
RUN00005883,USR008815,MINDGUARD,2026-07-01T18:00:00,new_data,RULE_MG_V0.1,2025-09-30T18:00:00,2026-07-01T18:00:00,completed
RUN00005884,USR008819,HEALTH_RESERVE,2026-04-25T18:00:00,new_data,RULE_HR_V0.1,2025-10-09T18:00:00,2026-04-25T18:00:00,completed
RUN00005885,USR008823,MINDGUARD,2026-06-03T11:00:00,new_data,RULE_MG_V0.1,2025-10-17T11:00:00,2026-06-03T11:00:00,completed
RUN00005886,USR008824,MINDGUARD,2026-03-20T13:00:00,new_data,RULE_MG_V0.1,2025-10-19T13:00:00,2026-03-20T13:00:00,completed
RUN00005887,USR008825,MINDGUARD,2026-04-15T22:00:00,new_data,RULE_MG_V0.1,2026-01-02T22:00:00,2026-04-15T22:00:00,completed
RUN00005888,USR008827,MINDGUARD,2026-06-13T03:00:00,new_data,RULE_MG_V0.1,2025-12-24T03:00:00,2026-06-13T03:00:00,completed
RUN00005889,USR008827,HEALTH_RESERVE,2026-04-27T12:00:00,new_data,RULE_HR_V0.1,2025-12-21T12:00:00,2026-04-27T12:00:00,completed
RUN00005890,USR008828,HEALTH_RESERVE,2026-01-22T14:00:00,new_data,RULE_HR_V0.1,2025-10-13T14:00:00,2026-01-22T14:00:00,completed
RUN00005891,USR008829,MINDGUARD,2026-05-11T08:00:00,new_data,RULE_MG_V0.1,2026-01-30T08:00:00,2026-05-11T08:00:00,completed
RUN00005892,USR008830,MINDGUARD,2026-09-14T12:00:00,new_data,RULE_MG_V0.1,2026-01-29T15:00:00,2026-09-14T12:00:00,completed
RUN00005893,USR008831,MINDGUARD,2026-05-31T03:00:00,new_data,RULE_MG_V0.1,2025-10-09T03:00:00,2026-05-31T03:00:00,completed
RUN00005894,USR008832,HEALTH_RESERVE,2026-05-05T15:00:00,new_data,RULE_HR_V0.1,2026-01-19T15:00:00,2026-05-05T15:00:00,completed
RUN00005895,USR008835,MINDGUARD,2026-03-06T12:00:00,new_data,RULE_MG_V0.1,2025-11-12T12:00:00,2026-03-06T12:00:00,completed
RUN00005896,USR008836,HEALTH_RESERVE,2026-06-05T12:00:00,new_data,RULE_HR_V0.1,2025-10-01T12:00:00,2026-06-05T12:00:00,completed
RUN00005897,USR008837,MINDGUARD,2026-05-21T08:00:00,new_data,RULE_MG_V0.1,2026-01-19T08:00:00,2026-05-21T08:00:00,completed
RUN00005898,USR008841,MINDGUARD,2026-01-23T02:00:00,new_data,RULE_MG_V0.1,2025-10-25T02:00:00,2026-01-23T02:00:00,completed
RUN00005899,USR008843,MINDGUARD,2026-09-14T12:00:00,new_data,RULE_MG_V0.1,2026-01-27T08:00:00,2026-09-14T12:00:00,completed
RUN00005900,USR008845,HEALTH_RESERVE,2026-09-11T09:00:00,new_data,RULE_HR_V0.1,2026-01-19T09:00:00,2026-09-11T09:00:00,completed
RUN00005901,USR008849,MINDGUARD,2026-09-14T12:00:00,new_data,RULE_MG_V0.1,2026-02-02T08:00:00,2026-09-14T12:00:00,completed
RUN00005902,USR008850,MINDGUARD,2026-08-03T00:00:00,new_data,RULE_MG_V0.1,2025-10-10T00:00:00,2026-08-03T00:00:00,completed
RUN00005903,USR008851,MINDGUARD,2026-05-19T13:00:00,new_data,RULE_MG_V0.1,2026-01-06T13:00:00,2026-05-19T13:00:00,completed
RUN00005904,USR008852,MINDGUARD,2026-09-14T12:00:00,new_data,RULE_MG_V0.1,2026-02-06T21:00:00,2026-09-14T12:00:00,completed
RUN00005905,USR008855,HEALTH_RESERVE,2026-04-12T22:00:00,new_data,RULE_HR_V0.1,2025-11-22T22:00:00,2026-04-12T22:00:00,completed
RUN00005906,USR008856,HEALTH_RESERVE,2026-05-20T10:00:00,new_data,RULE_HR_V0.1,2025-11-08T10:00:00,2026-05-20T10:00:00,completed
RUN00005907,USR008857,HEALTH_RESERVE,2026-01-01T05:00:00,new_data,RULE_HR_V0.1,2025-09-26T05:00:00,2026-01-01T05:00:00,completed
RUN00005908,USR008858,MINDGUARD,2026-08-19T05:00:00,new_data,RULE_MG_V0.1,2025-12-22T05:00:00,2026-08-19T05:00:00,completed
RUN00005909,USR008860,MINDGUARD,2026-09-14T12:00:00,new_data,RULE_MG_V0.1,2025-12-17T13:00:00,2026-09-14T12:00:00,completed
RUN00005910,USR008864,MINDGUARD,2026-09-14T12:00:00,new_data,RULE_MG_V0.1,2026-02-16T19:00:00,2026-09-14T12:00:00,completed
RUN00005911,USR008865,MINDGUARD,2026-06-12T03:00:00,new_data,RULE_MG_V0.1,2025-12-16T03:00:00,2026-06-12T03:00:00,completed
RUN00005912,USR008866,HEALTH_RESERVE,2026-06-23T04:00:00,new_data,RULE_HR_V0.1,2025-10-28T04:00:00,2026-06-23T04:00:00,completed
RUN00005913,USR008868,MINDGUARD,2026-05-14T15:00:00,new_data,RULE_MG_V0.1,2025-12-14T15:00:00,2026-05-14T15:00:00,completed
RUN00005914,USR008870,MINDGUARD,2026-09-14T12:00:00,new_data,RULE_MG_V0.1,2026-01-16T15:00:00,2026-09-14T12:00:00,completed
RUN00005915,USR008870,HEALTH_RESERVE,2026-05-22T12:00:00,new_data,RULE_HR_V0.1,2026-01-04T12:00:00,2026-05-22T12:00:00,completed
RUN00005916,USR008871,MINDGUARD,2026-05-09T23:00:00,new_data,RULE_MG_V0.1,2025-10-30T23:00:00,2026-05-09T23:00:00,completed
RUN00005917,USR008873,MINDGUARD,2026-05-05T18:00:00,new_data,RULE_MG_V0.1,2025-10-11T18:00:00,2026-05-05T18:00:00,completed
RUN00005918,USR008874,HEALTH_RESERVE,2026-06-21T12:00:00,new_data,RULE_HR_V0.1,2025-12-24T12:00:00,2026-06-21T12:00:00,completed
RUN00005919,USR008876,HEALTH_RESERVE,2026-01-18T21:00:00,new_data,RULE_HR_V0.1,2025-09-29T21:00:00,2026-01-18T21:00:00,completed
RUN00005920,USR008880,MINDGUARD,2026-05-14T13:00:00,new_data,RULE_MG_V0.1,2026-01-28T13:00:00,2026-05-14T13:00:00,completed
RUN00005921,USR008881,MINDGUARD,2026-07-13T12:00:00,new_data,RULE_MG_V0.1,2025-11-22T12:00:00,2026-07-13T12:00:00,completed
RUN00005922,USR008882,MINDGUARD,2026-09-02T07:00:00,new_data,RULE_MG_V0.1,2025-12-19T07:00:00,2026-09-02T07:00:00,completed
RUN00005923,USR008884,MINDGUARD,2026-05-14T09:00:00,new_data,RULE_MG_V0.1,2025-10-22T09:00:00,2026-05-14T09:00:00,completed
RUN00005924,USR008887,MINDGUARD,2026-09-14T12:00:00,new_data,RULE_MG_V0.1,2026-01-23T15:00:00,2026-09-14T12:00:00,completed
RUN00005925,USR008890,MINDGUARD,2026-06-11T20:00:00,new_data,RULE_MG_V0.1,2026-01-25T20:00:00,2026-06-11T20:00:00,completed
RUN00005926,USR008893,MINDGUARD,2026-05-29T20:00:00,new_data,RULE_MG_V0.1,2025-12-14T20:00:00,2026-05-29T20:00:00,completed
RUN00005927,USR008893,HEALTH_RESERVE,2026-04-03T15:00:00,new_data,RULE_HR_V0.1,2025-12-16T15:00:00,2026-04-03T15:00:00,completed
RUN00005928,USR008897,MINDGUARD,2026-01-22T13:00:00,new_data,RULE_MG_V0.1,2025-10-21T13:00:00,2026-01-22T13:00:00,completed
RUN00005929,USR008899,HEALTH_RESERVE,2026-04-30T01:00:00,new_data,RULE_HR_V0.1,2025-10-30T01:00:00,2026-04-30T01:00:00,completed
RUN00005930,USR008900,MINDGUARD,2026-09-14T12:00:00,new_data,RULE_MG_V0.1,2026-02-06T19:00:00,2026-09-14T12:00:00,completed
RUN00005931,USR008901,MINDGUARD,2026-02-01T06:00:00,new_data,RULE_MG_V0.1,2025-10-02T06:00:00,2026-02-01T06:00:00,completed
RUN00005932,USR008903,MINDGUARD,2026-05-16T13:00:00,new_data,RULE_MG_V0.1,2025-12-20T13:00:00,2026-05-16T13:00:00,completed
RUN00005933,USR008903,HEALTH_RESERVE,2026-08-29T16:00:00,new_data,RULE_HR_V0.1,2025-12-23T16:00:00,2026-08-29T16:00:00,completed
RUN00005934,USR008908,MINDGUARD,2026-06-30T04:00:00,new_data,RULE_MG_V0.1,2025-11-04T04:00:00,2026-06-30T04:00:00,completed
RUN00005935,USR008913,HEALTH_RESERVE,2026-03-08T08:00:00,new_data,RULE_HR_V0.1,2025-10-17T08:00:00,2026-03-08T08:00:00,completed
RUN00005936,USR008914,HEALTH_RESERVE,2026-09-10T20:00:00,new_data,RULE_HR_V0.1,2025-11-17T20:00:00,2026-09-10T20:00:00,completed
RUN00005937,USR008915,HEALTH_RESERVE,2026-07-12T10:00:00,new_data,RULE_HR_V0.1,2025-12-28T10:00:00,2026-07-12T10:00:00,completed
RUN00005938,USR008917,HEALTH_RESERVE,2026-06-22T11:00:00,new_data,RULE_HR_V0.1,2025-10-05T11:00:00,2026-06-22T11:00:00,completed
RUN00005939,USR008920,MINDGUARD,2026-05-23T05:00:00,new_data,RULE_MG_V0.1,2025-10-07T05:00:00,2026-05-23T05:00:00,completed
RUN00005940,USR008921,MINDGUARD,2026-07-01T23:00:00,new_data,RULE_MG_V0.1,2026-01-07T23:00:00,2026-07-01T23:00:00,completed
RUN00005941,USR008922,MINDGUARD,2026-05-06T19:00:00,new_data,RULE_MG_V0.1,2025-10-14T19:00:00,2026-05-06T19:00:00,completed
RUN00005942,USR008923,MINDGUARD,2026-09-14T12:00:00,new_data,RULE_MG_V0.1,2025-12-30T06:00:00,2026-09-14T12:00:00,completed
RUN00005943,USR008924,MINDGUARD,2026-04-02T12:00:00,new_data,RULE_MG_V0.1,2025-11-12T12:00:00,2026-04-02T12:00:00,completed
RUN00005944,USR008925,MINDGUARD,2026-03-31T08:00:00,new_data,RULE_MG_V0.1,2025-10-15T08:00:00,2026-03-31T08:00:00,completed
RUN00005945,USR008926,MINDGUARD,2026-04-17T07:00:00,new_data,RULE_MG_V0.1,2025-10-04T07:00:00,2026-04-17T07:00:00,completed
RUN00005946,USR008929,MINDGUARD,2026-09-14T12:00:00,new_data,RULE_MG_V0.1,2026-01-02T03:00:00,2026-09-14T12:00:00,completed
RUN00005947,USR008930,MINDGUARD,2026-08-07T10:00:00,new_data,RULE_MG_V0.1,2025-10-23T10:00:00,2026-08-07T10:00:00,completed
RUN00005948,USR008931,MINDGUARD,2026-05-29T10:00:00,new_data,RULE_MG_V0.1,2026-02-17T10:00:00,2026-05-29T10:00:00,completed
RUN00005949,USR008934,MINDGUARD,2026-09-14T12:00:00,new_data,RULE_MG_V0.1,2026-02-09T05:00:00,2026-09-14T12:00:00,completed
RUN00005950,USR008935,MINDGUARD,2026-07-01T00:00:00,new_data,RULE_MG_V0.1,2025-11-03T00:00:00,2026-07-01T00:00:00,completed
RUN00005951,USR008936,MINDGUARD,2026-02-23T04:00:00,new_data,RULE_MG_V0.1,2025-10-25T04:00:00,2026-02-23T04:00:00,completed
RUN00005952,USR008937,MINDGUARD,2026-06-11T15:00:00,new_data,RULE_MG_V0.1,2025-09-30T15:00:00,2026-06-11T15:00:00,completed
RUN00005953,USR008939,MINDGUARD,2026-08-30T02:00:00,new_data,RULE_MG_V0.1,2026-01-03T02:00:00,2026-08-30T02:00:00,completed
RUN00005954,USR008941,MINDGUARD,2026-03-20T12:00:00,new_data,RULE_MG_V0.1,2025-09-26T12:00:00,2026-03-20T12:00:00,completed
RUN00005955,USR008952,HEALTH_RESERVE,2026-07-25T11:00:00,new_data,RULE_HR_V0.1,2025-11-18T11:00:00,2026-07-25T11:00:00,completed
RUN00005956,USR008953,MINDGUARD,2026-09-14T12:00:00,new_data,RULE_MG_V0.1,2026-01-29T13:00:00,2026-09-14T12:00:00,completed
RUN00005957,USR008955,HEALTH_RESERVE,2026-07-20T13:00:00,new_data,RULE_HR_V0.1,2025-10-24T13:00:00,2026-07-20T13:00:00,completed
RUN00005958,USR008957,MINDGUARD,2026-01-17T06:00:00,new_data,RULE_MG_V0.1,2025-09-21T06:00:00,2026-01-17T06:00:00,completed
RUN00005959,USR008959,HEALTH_RESERVE,2026-03-16T19:00:00,new_data,RULE_HR_V0.1,2025-10-24T19:00:00,2026-03-16T19:00:00,completed
RUN00005960,USR008960,MINDGUARD,2026-08-15T01:00:00,new_data,RULE_MG_V0.1,2025-12-04T01:00:00,2026-08-15T01:00:00,completed
RUN00005961,USR008961,MINDGUARD,2026-04-13T18:00:00,new_data,RULE_MG_V0.1,2025-10-04T18:00:00,2026-04-13T18:00:00,completed
RUN00005962,USR008963,MINDGUARD,2026-09-14T12:00:00,new_data,RULE_MG_V0.1,2025-12-19T07:00:00,2026-09-14T12:00:00,completed
RUN00005963,USR008964,MINDGUARD,2026-05-24T17:00:00,new_data,RULE_MG_V0.1,2026-01-24T17:00:00,2026-05-24T17:00:00,completed
RUN00005964,USR008965,MINDGUARD,2026-05-04T10:00:00,new_data,RULE_MG_V0.1,2025-11-13T10:00:00,2026-05-04T10:00:00,completed
RUN00005965,USR008967,MINDGUARD,2026-06-24T17:00:00,new_data,RULE_MG_V0.1,2025-11-14T17:00:00,2026-06-24T17:00:00,completed
RUN00005966,USR008968,MINDGUARD,2026-06-25T19:00:00,new_data,RULE_MG_V0.1,2025-11-01T19:00:00,2026-06-25T19:00:00,completed
RUN00005967,USR008968,HEALTH_RESERVE,2026-01-31T17:00:00,new_data,RULE_HR_V0.1,2025-10-25T17:00:00,2026-01-31T17:00:00,completed
RUN00005968,USR008969,MINDGUARD,2026-07-23T19:00:00,new_data,RULE_MG_V0.1,2026-02-20T19:00:00,2026-07-23T19:00:00,completed
RUN00005969,USR008970,MINDGUARD,2026-09-14T12:00:00,new_data,RULE_MG_V0.1,2025-12-05T11:00:00,2026-09-14T12:00:00,completed
RUN00005970,USR008972,HEALTH_RESERVE,2026-03-25T05:00:00,new_data,RULE_HR_V0.1,2025-10-07T05:00:00,2026-03-25T05:00:00,completed
RUN00005971,USR008975,HEALTH_RESERVE,2026-03-07T00:00:00,new_data,RULE_HR_V0.1,2025-10-26T00:00:00,2026-03-07T00:00:00,completed
RUN00005972,USR008976,HEALTH_RESERVE,2026-09-14T12:00:00,new_data,RULE_HR_V0.1,2026-02-15T16:00:00,2026-09-14T12:00:00,completed
RUN00005973,USR008977,MINDGUARD,2026-07-29T17:00:00,new_data,RULE_MG_V0.1,2025-12-28T17:00:00,2026-07-29T17:00:00,completed
RUN00005974,USR008978,HEALTH_RESERVE,2026-05-14T08:00:00,new_data,RULE_HR_V0.1,2025-09-22T08:00:00,2026-05-14T08:00:00,completed
RUN00005975,USR008979,MINDGUARD,2026-09-13T14:00:00,new_data,RULE_MG_V0.1,2026-01-02T14:00:00,2026-09-13T14:00:00,completed
RUN00005976,USR008980,HEALTH_RESERVE,2026-08-13T17:00:00,new_data,RULE_HR_V0.1,2026-01-22T17:00:00,2026-08-13T17:00:00,completed
RUN00005977,USR008981,MINDGUARD,2026-07-04T08:00:00,new_data,RULE_MG_V0.1,2025-10-29T08:00:00,2026-07-04T08:00:00,completed
RUN00005978,USR008982,MINDGUARD,2026-09-14T12:00:00,new_data,RULE_MG_V0.1,2026-02-03T13:00:00,2026-09-14T12:00:00,completed
RUN00005979,USR008983,MINDGUARD,2026-06-30T16:00:00,new_data,RULE_MG_V0.1,2026-02-04T16:00:00,2026-06-30T16:00:00,completed
RUN00005980,USR008985,HEALTH_RESERVE,2026-06-09T04:00:00,new_data,RULE_HR_V0.1,2025-10-20T04:00:00,2026-06-09T04:00:00,completed
RUN00005981,USR008987,HEALTH_RESERVE,2026-08-14T02:00:00,new_data,RULE_HR_V0.1,2026-01-05T02:00:00,2026-08-14T02:00:00,completed
RUN00005982,USR008988,HEALTH_RESERVE,2026-05-21T03:00:00,new_data,RULE_HR_V0.1,2025-12-18T03:00:00,2026-05-21T03:00:00,completed
RUN00005983,USR008990,HEALTH_RESERVE,2026-06-13T01:00:00,new_data,RULE_HR_V0.1,2026-02-02T01:00:00,2026-06-13T01:00:00,completed
RUN00005984,USR008991,MINDGUARD,2026-03-14T07:00:00,new_data,RULE_MG_V0.1,2025-10-05T07:00:00,2026-03-14T07:00:00,completed
RUN00005985,USR008992,MINDGUARD,2026-09-14T12:00:00,new_data,RULE_MG_V0.1,2026-01-14T16:00:00,2026-09-14T12:00:00,completed
RUN00005986,USR008995,MINDGUARD,2026-09-14T12:00:00,new_data,RULE_MG_V0.1,2026-01-15T05:00:00,2026-09-14T12:00:00,completed
RUN00005987,USR008996,MINDGUARD,2026-08-29T22:00:00,new_data,RULE_MG_V0.1,2026-02-08T22:00:00,2026-08-29T22:00:00,completed
RUN00005988,USR008997,MINDGUARD,2026-04-20T16:00:00,new_data,RULE_MG_V0.1,2026-01-16T16:00:00,2026-04-20T16:00:00,completed
RUN00005989,USR008998,MINDGUARD,2026-06-20T15:00:00,new_data,RULE_MG_V0.1,2026-01-18T15:00:00,2026-06-20T15:00:00,completed
RUN00005990,USR008998,HEALTH_RESERVE,2026-07-27T18:00:00,new_data,RULE_HR_V0.1,2026-01-14T18:00:00,2026-07-27T18:00:00,completed
RUN00005991,USR009000,HEALTH_RESERVE,2026-09-14T12:00:00,new_data,RULE_HR_V0.1,2026-02-09T01:00:00,2026-09-14T12:00:00,completed
RUN00005992,USR009002,MINDGUARD,2026-04-17T20:00:00,new_data,RULE_MG_V0.1,2025-11-03T20:00:00,2026-04-17T20:00:00,completed
RUN00005993,USR009003,HEALTH_RESERVE,2026-08-10T09:00:00,new_data,RULE_HR_V0.1,2025-10-26T09:00:00,2026-08-10T09:00:00,completed
RUN00005994,USR009006,MINDGUARD,2026-04-11T11:00:00,new_data,RULE_MG_V0.1,2026-01-11T11:00:00,2026-04-11T11:00:00,completed
RUN00005995,USR009007,MINDGUARD,2026-09-14T12:00:00,new_data,RULE_MG_V0.1,2026-01-05T13:00:00,2026-09-14T12:00:00,completed
RUN00005996,USR009007,HEALTH_RESERVE,2026-09-14T12:00:00,new_data,RULE_HR_V0.1,2026-01-04T12:00:00,2026-09-14T12:00:00,completed
RUN00005997,USR009008,MINDGUARD,2026-07-10T20:00:00,new_data,RULE_MG_V0.1,2026-01-07T20:00:00,2026-07-10T20:00:00,completed
RUN00005998,USR009008,HEALTH_RESERVE,2026-09-14T12:00:00,new_data,RULE_HR_V0.1,2026-01-05T12:00:00,2026-09-14T12:00:00,completed
RUN00005999,USR009009,HEALTH_RESERVE,2026-03-30T22:00:00,new_data,RULE_HR_V0.1,2025-10-17T22:00:00,2026-03-30T22:00:00,completed
RUN00006000,USR009011,MINDGUARD,2026-07-31T18:00:00,new_data,RULE_MG_V0.1,2025-10-28T18:00:00,2026-07-31T18:00:00,completed
RUN00006001,USR009011,HEALTH_RESERVE,2026-02-06T17:00:00,new_data,RULE_HR_V0.1,2025-11-01T17:00:00,2026-02-06T17:00:00,completed
RUN00006002,USR009012,MINDGUARD,2026-09-14T12:00:00,new_data,RULE_MG_V0.1,2026-01-10T02:00:00,2026-09-14T12:00:00,completed
RUN00006003,USR009013,MINDGUARD,2026-09-14T12:00:00,new_data,RULE_MG_V0.1,2026-01-09T03:00:00,2026-09-14T12:00:00,completed
RUN00006004,USR009014,MINDGUARD,2026-08-08T00:00:00,new_data,RULE_MG_V0.1,2025-11-23T00:00:00,2026-08-08T00:00:00,completed
RUN00006005,USR009014,HEALTH_RESERVE,2026-06-12T22:00:00,new_data,RULE_HR_V0.1,2025-12-06T22:00:00,2026-06-12T22:00:00,completed
RUN00006006,USR009015,MINDGUARD,2026-06-24T22:00:00,new_data,RULE_MG_V0.1,2025-12-15T22:00:00,2026-06-24T22:00:00,completed
RUN00006007,USR009016,HEALTH_RESERVE,2026-07-13T12:00:00,new_data,RULE_HR_V0.1,2025-10-31T12:00:00,2026-07-13T12:00:00,completed
RUN00006008,USR009017,MINDGUARD,2026-08-07T00:00:00,new_data,RULE_MG_V0.1,2025-12-12T00:00:00,2026-08-07T00:00:00,completed
RUN00006009,USR009020,HEALTH_RESERVE,2026-08-22T13:00:00,new_data,RULE_HR_V0.1,2025-12-13T13:00:00,2026-08-22T13:00:00,completed
RUN00006010,USR009021,MINDGUARD,2026-06-17T17:00:00,new_data,RULE_MG_V0.1,2026-01-12T17:00:00,2026-06-17T17:00:00,completed
RUN00006011,USR009022,MINDGUARD,2026-03-17T18:00:00,new_data,RULE_MG_V0.1,2025-11-27T18:00:00,2026-03-17T18:00:00,completed
RUN00006012,USR009023,MINDGUARD,2026-09-14T12:00:00,new_data,RULE_MG_V0.1,2026-02-12T19:00:00,2026-09-14T12:00:00,completed
RUN00006013,USR009024,MINDGUARD,2026-09-14T12:00:00,new_data,RULE_MG_V0.1,2025-12-20T22:00:00,2026-09-14T12:00:00,completed
RUN00006014,USR009027,MINDGUARD,2026-07-03T21:00:00,new_data,RULE_MG_V0.1,2025-11-02T21:00:00,2026-07-03T21:00:00,completed
RUN00006015,USR009030,MINDGUARD,2026-09-14T12:00:00,new_data,RULE_MG_V0.1,2026-01-03T20:00:00,2026-09-14T12:00:00,completed
RUN00006016,USR009035,MINDGUARD,2026-07-08T13:00:00,new_data,RULE_MG_V0.1,2025-11-05T13:00:00,2026-07-08T13:00:00,completed
RUN00006017,USR009036,MINDGUARD,2026-06-07T11:00:00,new_data,RULE_MG_V0.1,2026-01-11T11:00:00,2026-06-07T11:00:00,completed
RUN00006018,USR009038,MINDGUARD,2026-08-12T13:00:00,new_data,RULE_MG_V0.1,2025-10-16T13:00:00,2026-08-12T13:00:00,completed
RUN00006019,USR009041,MINDGUARD,2026-09-14T12:00:00,new_data,RULE_MG_V0.1,2025-12-21T08:00:00,2026-09-14T12:00:00,completed
RUN00006020,USR009042,HEALTH_RESERVE,2026-05-28T11:00:00,new_data,RULE_HR_V0.1,2025-10-18T11:00:00,2026-05-28T11:00:00,completed
RUN00006021,USR009045,MINDGUARD,2026-09-14T12:00:00,new_data,RULE_MG_V0.1,2026-01-16T19:00:00,2026-09-14T12:00:00,completed
RUN00006022,USR009048,MINDGUARD,2026-07-28T19:00:00,new_data,RULE_MG_V0.1,2025-11-24T19:00:00,2026-07-28T19:00:00,completed
RUN00006023,USR009050,MINDGUARD,2026-04-17T19:00:00,new_data,RULE_MG_V0.1,2025-09-25T19:00:00,2026-04-17T19:00:00,completed
RUN00006024,USR009051,MINDGUARD,2026-09-14T12:00:00,new_data,RULE_MG_V0.1,2026-02-17T00:00:00,2026-09-14T12:00:00,completed
RUN00006025,USR009052,MINDGUARD,2026-07-27T12:00:00,new_data,RULE_MG_V0.1,2025-11-17T12:00:00,2026-07-27T12:00:00,completed
RUN00006026,USR009053,MINDGUARD,2026-02-22T23:00:00,new_data,RULE_MG_V0.1,2025-10-13T23:00:00,2026-02-22T23:00:00,completed
RUN00006027,USR009054,MINDGUARD,2026-09-14T12:00:00,new_data,RULE_MG_V0.1,2026-01-24T22:00:00,2026-09-14T12:00:00,completed
RUN00006028,USR009056,MINDGUARD,2026-08-14T16:00:00,new_data,RULE_MG_V0.1,2025-11-02T16:00:00,2026-08-14T16:00:00,completed
RUN00006029,USR009059,MINDGUARD,2026-09-14T12:00:00,new_data,RULE_MG_V0.1,2026-02-13T14:00:00,2026-09-14T12:00:00,completed
RUN00006030,USR009061,MINDGUARD,2026-09-14T12:00:00,new_data,RULE_MG_V0.1,2026-02-01T06:00:00,2026-09-14T12:00:00,completed
RUN00006031,USR009063,MINDGUARD,2026-05-23T19:00:00,new_data,RULE_MG_V0.1,2025-12-09T19:00:00,2026-05-23T19:00:00,completed
RUN00006032,USR009063,HEALTH_RESERVE,2026-08-01T18:00:00,new_data,RULE_HR_V0.1,2025-11-27T18:00:00,2026-08-01T18:00:00,completed
RUN00006033,USR009064,HEALTH_RESERVE,2026-03-06T08:00:00,new_data,RULE_HR_V0.1,2025-11-03T08:00:00,2026-03-06T08:00:00,completed
RUN00006034,USR009066,MINDGUARD,2026-03-22T16:00:00,new_data,RULE_MG_V0.1,2025-11-04T16:00:00,2026-03-22T16:00:00,completed
RUN00006035,USR009068,HEALTH_RESERVE,2026-06-01T18:00:00,new_data,RULE_HR_V0.1,2025-12-17T18:00:00,2026-06-01T18:00:00,completed
RUN00006036,USR009069,MINDGUARD,2026-05-12T23:00:00,new_data,RULE_MG_V0.1,2025-10-31T23:00:00,2026-05-12T23:00:00,completed
RUN00006037,USR009070,MINDGUARD,2026-05-18T20:00:00,new_data,RULE_MG_V0.1,2025-12-07T20:00:00,2026-05-18T20:00:00,completed
RUN00006038,USR009071,MINDGUARD,2026-05-04T01:00:00,new_data,RULE_MG_V0.1,2025-11-17T01:00:00,2026-05-04T01:00:00,completed
RUN00006039,USR009072,MINDGUARD,2026-03-13T10:00:00,new_data,RULE_MG_V0.1,2025-11-18T10:00:00,2026-03-13T10:00:00,completed
RUN00006040,USR009074,MINDGUARD,2026-01-23T19:00:00,new_data,RULE_MG_V0.1,2025-10-05T19:00:00,2026-01-23T19:00:00,completed
RUN00006041,USR009076,HEALTH_RESERVE,2026-09-14T12:00:00,new_data,RULE_HR_V0.1,2026-01-20T21:00:00,2026-09-14T12:00:00,completed
RUN00006042,USR009079,MINDGUARD,2026-05-30T00:00:00,new_data,RULE_MG_V0.1,2025-12-04T00:00:00,2026-05-30T00:00:00,completed
RUN00006043,USR009080,MINDGUARD,2026-03-23T13:00:00,new_data,RULE_MG_V0.1,2025-10-10T13:00:00,2026-03-23T13:00:00,completed
RUN00006044,USR009081,HEALTH_RESERVE,2026-09-14T12:00:00,new_data,RULE_HR_V0.1,2026-01-13T23:00:00,2026-09-14T12:00:00,completed
RUN00006045,USR009082,HEALTH_RESERVE,2026-05-02T01:00:00,new_data,RULE_HR_V0.1,2025-12-11T01:00:00,2026-05-02T01:00:00,completed
RUN00006046,USR009083,HEALTH_RESERVE,2026-08-07T03:00:00,new_data,RULE_HR_V0.1,2025-11-05T03:00:00,2026-08-07T03:00:00,completed
RUN00006047,USR009085,MINDGUARD,2026-03-06T22:00:00,new_data,RULE_MG_V0.1,2025-10-22T22:00:00,2026-03-06T22:00:00,completed
RUN00006048,USR009087,MINDGUARD,2026-08-03T19:00:00,new_data,RULE_MG_V0.1,2026-02-15T19:00:00,2026-08-03T19:00:00,completed
RUN00006049,USR009088,MINDGUARD,2026-09-14T12:00:00,new_data,RULE_MG_V0.1,2025-12-21T02:00:00,2026-09-14T12:00:00,completed
RUN00006050,USR009090,MINDGUARD,2026-05-07T21:00:00,new_data,RULE_MG_V0.1,2026-01-21T21:00:00,2026-05-07T21:00:00,completed
RUN00006051,USR009091,MINDGUARD,2026-05-04T11:00:00,new_data,RULE_MG_V0.1,2025-11-13T11:00:00,2026-05-04T11:00:00,completed
RUN00006052,USR009094,MINDGUARD,2026-05-11T23:00:00,new_data,RULE_MG_V0.1,2026-01-28T23:00:00,2026-05-11T23:00:00,completed
RUN00006053,USR009097,MINDGUARD,2026-05-07T00:00:00,new_data,RULE_MG_V0.1,2025-12-29T00:00:00,2026-05-07T00:00:00,completed
RUN00006054,USR009098,MINDGUARD,2026-08-12T13:00:00,new_data,RULE_MG_V0.1,2026-01-20T13:00:00,2026-08-12T13:00:00,completed
RUN00006055,USR009100,MINDGUARD,2026-07-18T04:00:00,new_data,RULE_MG_V0.1,2025-12-01T04:00:00,2026-07-18T04:00:00,completed
RUN00006056,USR009101,MINDGUARD,2026-08-11T14:00:00,new_data,RULE_MG_V0.1,2025-12-02T14:00:00,2026-08-11T14:00:00,completed
RUN00006057,USR009102,MINDGUARD,2026-09-14T12:00:00,new_data,RULE_MG_V0.1,2026-02-09T13:00:00,2026-09-14T12:00:00,completed
RUN00006058,USR009102,HEALTH_RESERVE,2026-06-25T11:00:00,new_data,RULE_HR_V0.1,2026-02-01T11:00:00,2026-06-25T11:00:00,completed
RUN00006059,USR009104,HEALTH_RESERVE,2026-07-22T22:00:00,new_data,RULE_HR_V0.1,2025-12-29T22:00:00,2026-07-22T22:00:00,completed
RUN00006060,USR009105,MINDGUARD,2026-04-11T20:00:00,new_data,RULE_MG_V0.1,2025-10-29T20:00:00,2026-04-11T20:00:00,completed
RUN00006061,USR009106,MINDGUARD,2026-08-08T15:00:00,new_data,RULE_MG_V0.1,2026-02-02T15:00:00,2026-08-08T15:00:00,completed
RUN00006062,USR009107,MINDGUARD,2026-08-05T02:00:00,new_data,RULE_MG_V0.1,2026-02-04T02:00:00,2026-08-05T02:00:00,completed
RUN00006063,USR009109,MINDGUARD,2026-06-22T17:00:00,new_data,RULE_MG_V0.1,2026-01-30T17:00:00,2026-06-22T17:00:00,completed
RUN00006064,USR009110,HEALTH_RESERVE,2026-04-27T22:00:00,new_data,RULE_HR_V0.1,2025-12-29T22:00:00,2026-04-27T22:00:00,completed
RUN00006065,USR009114,MINDGUARD,2026-09-14T12:00:00,new_data,RULE_MG_V0.1,2026-01-29T16:00:00,2026-09-14T12:00:00,completed
RUN00006066,USR009115,MINDGUARD,2026-09-14T12:00:00,new_data,RULE_MG_V0.1,2026-02-13T18:00:00,2026-09-14T12:00:00,completed
RUN00006067,USR009117,MINDGUARD,2026-05-11T04:00:00,new_data,RULE_MG_V0.1,2025-12-15T04:00:00,2026-05-11T04:00:00,completed
RUN00006068,USR009118,HEALTH_RESERVE,2026-07-16T22:00:00,new_data,RULE_HR_V0.1,2025-12-04T22:00:00,2026-07-16T22:00:00,completed
RUN00006069,USR009120,HEALTH_RESERVE,2026-05-25T14:00:00,new_data,RULE_HR_V0.1,2026-01-24T14:00:00,2026-05-25T14:00:00,completed
RUN00006070,USR009123,MINDGUARD,2026-01-19T23:00:00,new_data,RULE_MG_V0.1,2025-09-20T23:00:00,2026-01-19T23:00:00,completed
RUN00006071,USR009124,MINDGUARD,2026-06-02T12:00:00,new_data,RULE_MG_V0.1,2026-01-27T12:00:00,2026-06-02T12:00:00,completed
RUN00006072,USR009125,MINDGUARD,2026-05-29T23:00:00,new_data,RULE_MG_V0.1,2025-12-15T23:00:00,2026-05-29T23:00:00,completed
RUN00006073,USR009126,MINDGUARD,2026-04-28T19:00:00,new_data,RULE_MG_V0.1,2026-01-20T19:00:00,2026-04-28T19:00:00,completed
RUN00006074,USR009127,MINDGUARD,2026-07-29T06:00:00,new_data,RULE_MG_V0.1,2025-11-09T06:00:00,2026-07-29T06:00:00,completed
RUN00006075,USR009128,HEALTH_RESERVE,2026-08-28T18:00:00,new_data,RULE_HR_V0.1,2026-01-20T18:00:00,2026-08-28T18:00:00,completed
RUN00006076,USR009129,HEALTH_RESERVE,2026-04-19T20:00:00,new_data,RULE_HR_V0.1,2025-12-03T20:00:00,2026-04-19T20:00:00,completed
RUN00006077,USR009130,MINDGUARD,2026-09-14T12:00:00,new_data,RULE_MG_V0.1,2026-01-12T16:00:00,2026-09-14T12:00:00,completed
RUN00006078,USR009131,HEALTH_RESERVE,2026-06-01T17:00:00,new_data,RULE_HR_V0.1,2025-10-21T17:00:00,2026-06-01T17:00:00,completed
RUN00006079,USR009136,MINDGUARD,2026-07-17T17:00:00,new_data,RULE_MG_V0.1,2026-02-02T17:00:00,2026-07-17T17:00:00,completed
RUN00006080,USR009136,HEALTH_RESERVE,2026-05-06T14:00:00,new_data,RULE_HR_V0.1,2026-02-04T14:00:00,2026-05-06T14:00:00,completed
RUN00006081,USR009137,MINDGUARD,2026-07-15T11:00:00,new_data,RULE_MG_V0.1,2025-11-25T11:00:00,2026-07-15T11:00:00,completed
RUN00006082,USR009140,HEALTH_RESERVE,2026-08-15T13:00:00,new_data,RULE_HR_V0.1,2025-10-29T13:00:00,2026-08-15T13:00:00,completed
RUN00006083,USR009144,MINDGUARD,2026-05-10T14:00:00,new_data,RULE_MG_V0.1,2025-10-28T14:00:00,2026-05-10T14:00:00,completed
RUN00006084,USR009145,MINDGUARD,2026-07-14T15:00:00,new_data,RULE_MG_V0.1,2025-09-23T15:00:00,2026-07-14T15:00:00,completed
RUN00006085,USR009146,MINDGUARD,2026-03-29T03:00:00,new_data,RULE_MG_V0.1,2025-11-20T03:00:00,2026-03-29T03:00:00,completed
RUN00006086,USR009148,HEALTH_RESERVE,2026-04-22T15:00:00,new_data,RULE_HR_V0.1,2025-12-02T15:00:00,2026-04-22T15:00:00,completed
RUN00006087,USR009149,MINDGUARD,2026-06-21T03:00:00,new_data,RULE_MG_V0.1,2025-11-06T03:00:00,2026-06-21T03:00:00,completed
RUN00006088,USR009151,MINDGUARD,2026-05-01T13:00:00,new_data,RULE_MG_V0.1,2026-01-09T13:00:00,2026-05-01T13:00:00,completed
RUN00006089,USR009152,MINDGUARD,2026-06-20T08:00:00,new_data,RULE_MG_V0.1,2025-09-26T08:00:00,2026-06-20T08:00:00,completed
RUN00006090,USR009155,MINDGUARD,2026-04-03T09:00:00,new_data,RULE_MG_V0.1,2025-12-21T09:00:00,2026-04-03T09:00:00,completed
RUN00006091,USR009156,MINDGUARD,2026-05-06T16:00:00,new_data,RULE_MG_V0.1,2025-11-17T16:00:00,2026-05-06T16:00:00,completed
RUN00006092,USR009156,HEALTH_RESERVE,2026-06-11T20:00:00,new_data,RULE_HR_V0.1,2025-11-19T20:00:00,2026-06-11T20:00:00,completed
RUN00006093,USR009157,MINDGUARD,2026-02-06T14:00:00,new_data,RULE_MG_V0.1,2025-10-17T14:00:00,2026-02-06T14:00:00,completed
RUN00006094,USR009158,MINDGUARD,2026-07-16T11:00:00,new_data,RULE_MG_V0.1,2025-11-21T11:00:00,2026-07-16T11:00:00,completed
RUN00006095,USR009160,MINDGUARD,2026-02-27T01:00:00,new_data,RULE_MG_V0.1,2025-09-28T01:00:00,2026-02-27T01:00:00,completed
RUN00006096,USR009161,MINDGUARD,2026-09-14T12:00:00,new_data,RULE_MG_V0.1,2026-02-14T06:00:00,2026-09-14T12:00:00,completed
RUN00006097,USR009162,HEALTH_RESERVE,2026-09-04T08:00:00,new_data,RULE_HR_V0.1,2025-12-30T08:00:00,2026-09-04T08:00:00,completed
RUN00006098,USR009165,MINDGUARD,2026-07-27T06:00:00,new_data,RULE_MG_V0.1,2026-01-19T06:00:00,2026-07-27T06:00:00,completed
RUN00006099,USR009166,MINDGUARD,2026-04-08T06:00:00,new_data,RULE_MG_V0.1,2025-12-23T06:00:00,2026-04-08T06:00:00,completed
RUN00006100,USR009168,MINDGUARD,2026-08-30T05:00:00,new_data,RULE_MG_V0.1,2026-02-11T05:00:00,2026-08-30T05:00:00,completed
RUN00006101,USR009170,HEALTH_RESERVE,2026-08-24T07:00:00,new_data,RULE_HR_V0.1,2026-01-21T07:00:00,2026-08-24T07:00:00,completed
RUN00006102,USR009172,HEALTH_RESERVE,2026-02-25T08:00:00,new_data,RULE_HR_V0.1,2025-09-23T08:00:00,2026-02-25T08:00:00,completed
RUN00006103,USR009175,MINDGUARD,2026-08-12T11:00:00,new_data,RULE_MG_V0.1,2025-12-25T11:00:00,2026-08-12T11:00:00,completed
RUN00006104,USR009177,HEALTH_RESERVE,2026-04-18T04:00:00,new_data,RULE_HR_V0.1,2025-10-01T04:00:00,2026-04-18T04:00:00,completed
RUN00006105,USR009178,HEALTH_RESERVE,2026-08-09T16:00:00,new_data,RULE_HR_V0.1,2026-01-02T16:00:00,2026-08-09T16:00:00,completed
RUN00006106,USR009179,MINDGUARD,2026-03-18T17:00:00,new_data,RULE_MG_V0.1,2025-11-11T17:00:00,2026-03-18T17:00:00,completed
RUN00006107,USR009180,MINDGUARD,2026-04-08T05:00:00,new_data,RULE_MG_V0.1,2025-10-26T05:00:00,2026-04-08T05:00:00,completed
RUN00006108,USR009182,MINDGUARD,2026-05-20T11:00:00,new_data,RULE_MG_V0.1,2025-10-26T11:00:00,2026-05-20T11:00:00,completed
RUN00006109,USR009182,HEALTH_RESERVE,2026-03-29T09:00:00,new_data,RULE_HR_V0.1,2025-10-15T09:00:00,2026-03-29T09:00:00,completed
RUN00006110,USR009183,MINDGUARD,2026-03-02T09:00:00,new_data,RULE_MG_V0.1,2025-10-07T09:00:00,2026-03-02T09:00:00,completed
RUN00006111,USR009184,MINDGUARD,2026-04-04T06:00:00,new_data,RULE_MG_V0.1,2025-12-23T06:00:00,2026-04-04T06:00:00,completed
RUN00006112,USR009185,HEALTH_RESERVE,2026-04-24T04:00:00,new_data,RULE_HR_V0.1,2025-10-22T04:00:00,2026-04-24T04:00:00,completed
RUN00006113,USR009189,MINDGUARD,2026-05-30T14:00:00,new_data,RULE_MG_V0.1,2025-12-25T14:00:00,2026-05-30T14:00:00,completed
RUN00006114,USR009191,MINDGUARD,2026-04-21T20:00:00,new_data,RULE_MG_V0.1,2026-01-21T20:00:00,2026-04-21T20:00:00,completed
RUN00006115,USR009193,MINDGUARD,2026-06-25T06:00:00,new_data,RULE_MG_V0.1,2026-01-09T06:00:00,2026-06-25T06:00:00,completed
RUN00006116,USR009194,MINDGUARD,2026-04-10T17:00:00,new_data,RULE_MG_V0.1,2025-09-21T17:00:00,2026-04-10T17:00:00,completed
RUN00006117,USR009196,MINDGUARD,2026-05-27T09:00:00,new_data,RULE_MG_V0.1,2025-11-07T09:00:00,2026-05-27T09:00:00,completed
RUN00006118,USR009197,HEALTH_RESERVE,2026-09-14T12:00:00,new_data,RULE_HR_V0.1,2025-12-29T16:00:00,2026-09-14T12:00:00,completed
RUN00006119,USR009198,MINDGUARD,2026-02-13T09:00:00,new_data,RULE_MG_V0.1,2025-10-21T09:00:00,2026-02-13T09:00:00,completed
RUN00006120,USR009198,HEALTH_RESERVE,2026-03-26T17:00:00,new_data,RULE_HR_V0.1,2025-10-27T17:00:00,2026-03-26T17:00:00,completed
RUN00006121,USR009201,MINDGUARD,2026-09-05T18:00:00,new_data,RULE_MG_V0.1,2026-01-15T18:00:00,2026-09-05T18:00:00,completed
RUN00006122,USR009202,HEALTH_RESERVE,2026-07-04T05:00:00,new_data,RULE_HR_V0.1,2025-10-30T05:00:00,2026-07-04T05:00:00,completed
RUN00006123,USR009204,MINDGUARD,2026-06-27T08:00:00,new_data,RULE_MG_V0.1,2025-11-01T08:00:00,2026-06-27T08:00:00,completed
RUN00006124,USR009205,HEALTH_RESERVE,2026-09-14T12:00:00,new_data,RULE_HR_V0.1,2026-02-01T22:00:00,2026-09-14T12:00:00,completed
RUN00006125,USR009206,MINDGUARD,2026-09-14T12:00:00,new_data,RULE_MG_V0.1,2026-02-06T07:00:00,2026-09-14T12:00:00,completed
RUN00006126,USR009207,MINDGUARD,2026-03-31T08:00:00,new_data,RULE_MG_V0.1,2025-10-03T08:00:00,2026-03-31T08:00:00,completed
RUN00006127,USR009207,HEALTH_RESERVE,2026-01-17T08:00:00,new_data,RULE_HR_V0.1,2025-09-25T08:00:00,2026-01-17T08:00:00,completed
RUN00006128,USR009208,MINDGUARD,2026-09-14T12:00:00,new_data,RULE_MG_V0.1,2026-01-12T15:00:00,2026-09-14T12:00:00,completed
RUN00006129,USR009209,MINDGUARD,2026-05-06T09:00:00,new_data,RULE_MG_V0.1,2025-12-05T09:00:00,2026-05-06T09:00:00,completed
RUN00006130,USR009213,MINDGUARD,2026-08-12T18:00:00,new_data,RULE_MG_V0.1,2025-12-24T18:00:00,2026-08-12T18:00:00,completed
RUN00006131,USR009214,MINDGUARD,2026-07-16T21:00:00,new_data,RULE_MG_V0.1,2026-01-19T21:00:00,2026-07-16T21:00:00,completed
RUN00006132,USR009218,HEALTH_RESERVE,2026-06-12T06:00:00,new_data,RULE_HR_V0.1,2026-02-14T06:00:00,2026-06-12T06:00:00,completed
RUN00006133,USR009219,MINDGUARD,2026-07-16T17:00:00,new_data,RULE_MG_V0.1,2026-01-28T17:00:00,2026-07-16T17:00:00,completed
RUN00006134,USR009221,MINDGUARD,2026-06-19T04:00:00,new_data,RULE_MG_V0.1,2026-01-30T04:00:00,2026-06-19T04:00:00,completed
RUN00006135,USR009222,MINDGUARD,2026-07-31T21:00:00,new_data,RULE_MG_V0.1,2026-01-28T21:00:00,2026-07-31T21:00:00,completed
RUN00006136,USR009223,MINDGUARD,2026-03-02T11:00:00,new_data,RULE_MG_V0.1,2025-09-22T11:00:00,2026-03-02T11:00:00,completed
RUN00006137,USR009224,HEALTH_RESERVE,2026-09-14T12:00:00,new_data,RULE_HR_V0.1,2025-12-07T19:00:00,2026-09-14T12:00:00,completed
RUN00006138,USR009227,MINDGUARD,2026-03-13T13:00:00,new_data,RULE_MG_V0.1,2025-10-02T13:00:00,2026-03-13T13:00:00,completed
RUN00006139,USR009229,HEALTH_RESERVE,2026-03-21T14:00:00,new_data,RULE_HR_V0.1,2025-11-11T14:00:00,2026-03-21T14:00:00,completed
RUN00006140,USR009230,MINDGUARD,2026-02-26T06:00:00,new_data,RULE_MG_V0.1,2025-11-26T06:00:00,2026-02-26T06:00:00,completed
RUN00006141,USR009232,HEALTH_RESERVE,2026-07-18T10:00:00,new_data,RULE_HR_V0.1,2025-12-01T10:00:00,2026-07-18T10:00:00,completed
RUN00006142,USR009233,MINDGUARD,2026-09-06T20:00:00,new_data,RULE_MG_V0.1,2025-11-14T20:00:00,2026-09-06T20:00:00,completed
RUN00006143,USR009236,MINDGUARD,2026-04-05T14:00:00,new_data,RULE_MG_V0.1,2025-11-21T14:00:00,2026-04-05T14:00:00,completed
RUN00006144,USR009238,MINDGUARD,2026-07-15T23:00:00,new_data,RULE_MG_V0.1,2025-10-28T23:00:00,2026-07-15T23:00:00,completed
RUN00006145,USR009239,HEALTH_RESERVE,2026-05-04T16:00:00,new_data,RULE_HR_V0.1,2025-11-25T16:00:00,2026-05-04T16:00:00,completed
RUN00006146,USR009240,HEALTH_RESERVE,2026-08-14T03:00:00,new_data,RULE_HR_V0.1,2026-02-22T03:00:00,2026-08-14T03:00:00,completed
RUN00006147,USR009242,MINDGUARD,2026-02-14T18:00:00,new_data,RULE_MG_V0.1,2025-10-30T18:00:00,2026-02-14T18:00:00,completed
RUN00006148,USR009243,MINDGUARD,2026-09-14T12:00:00,new_data,RULE_MG_V0.1,2026-02-12T11:00:00,2026-09-14T12:00:00,completed
RUN00006149,USR009244,MINDGUARD,2026-07-27T10:00:00,new_data,RULE_MG_V0.1,2025-10-06T10:00:00,2026-07-27T10:00:00,completed
RUN00006150,USR009244,HEALTH_RESERVE,2026-01-17T16:00:00,new_data,RULE_HR_V0.1,2025-10-07T16:00:00,2026-01-17T16:00:00,completed
RUN00006151,USR009245,MINDGUARD,2026-05-14T10:00:00,new_data,RULE_MG_V0.1,2025-11-25T10:00:00,2026-05-14T10:00:00,completed
RUN00006152,USR009246,MINDGUARD,2026-04-08T06:00:00,new_data,RULE_MG_V0.1,2025-10-13T06:00:00,2026-04-08T06:00:00,completed
RUN00006153,USR009249,MINDGUARD,2026-08-01T19:00:00,new_data,RULE_MG_V0.1,2025-12-15T19:00:00,2026-08-01T19:00:00,completed
RUN00006154,USR009251,MINDGUARD,2026-02-28T06:00:00,new_data,RULE_MG_V0.1,2025-11-24T06:00:00,2026-02-28T06:00:00,completed
RUN00006155,USR009252,HEALTH_RESERVE,2026-09-14T12:00:00,new_data,RULE_HR_V0.1,2026-02-11T07:00:00,2026-09-14T12:00:00,completed
RUN00006156,USR009253,MINDGUARD,2026-09-14T12:00:00,new_data,RULE_MG_V0.1,2026-02-20T11:00:00,2026-09-14T12:00:00,completed
RUN00006157,USR009256,MINDGUARD,2026-09-14T01:00:00,new_data,RULE_MG_V0.1,2026-02-08T01:00:00,2026-09-14T01:00:00,completed
RUN00006158,USR009258,HEALTH_RESERVE,2026-08-01T19:00:00,new_data,RULE_HR_V0.1,2026-01-05T19:00:00,2026-08-01T19:00:00,completed
RUN00006159,USR009259,MINDGUARD,2026-03-03T15:00:00,new_data,RULE_MG_V0.1,2025-10-15T15:00:00,2026-03-03T15:00:00,completed
RUN00006160,USR009262,MINDGUARD,2026-06-15T21:00:00,new_data,RULE_MG_V0.1,2025-12-12T21:00:00,2026-06-15T21:00:00,completed
RUN00006161,USR009264,MINDGUARD,2026-07-15T03:00:00,new_data,RULE_MG_V0.1,2025-12-02T03:00:00,2026-07-15T03:00:00,completed
RUN00006162,USR009266,HEALTH_RESERVE,2026-08-25T15:00:00,new_data,RULE_HR_V0.1,2026-01-10T15:00:00,2026-08-25T15:00:00,completed
RUN00006163,USR009267,MINDGUARD,2026-03-21T08:00:00,new_data,RULE_MG_V0.1,2025-10-07T08:00:00,2026-03-21T08:00:00,completed
RUN00006164,USR009268,MINDGUARD,2026-06-25T17:00:00,new_data,RULE_MG_V0.1,2025-10-16T17:00:00,2026-06-25T17:00:00,completed
RUN00006165,USR009269,MINDGUARD,2026-07-09T09:00:00,new_data,RULE_MG_V0.1,2025-09-28T09:00:00,2026-07-09T09:00:00,completed
RUN00006166,USR009271,MINDGUARD,2026-09-14T12:00:00,new_data,RULE_MG_V0.1,2026-02-12T18:00:00,2026-09-14T12:00:00,completed
RUN00006167,USR009272,MINDGUARD,2026-04-11T07:00:00,new_data,RULE_MG_V0.1,2025-09-30T07:00:00,2026-04-11T07:00:00,completed
RUN00006168,USR009274,HEALTH_RESERVE,2026-07-25T17:00:00,new_data,RULE_HR_V0.1,2025-11-21T17:00:00,2026-07-25T17:00:00,completed
RUN00006169,USR009276,MINDGUARD,2026-09-14T12:00:00,new_data,RULE_MG_V0.1,2026-02-06T16:00:00,2026-09-14T12:00:00,completed
RUN00006170,USR009276,HEALTH_RESERVE,2026-09-14T12:00:00,new_data,RULE_HR_V0.1,2026-02-02T12:00:00,2026-09-14T12:00:00,completed
RUN00006171,USR009277,MINDGUARD,2026-07-16T23:00:00,new_data,RULE_MG_V0.1,2026-01-02T23:00:00,2026-07-16T23:00:00,completed
RUN00006172,USR009278,MINDGUARD,2026-09-11T09:00:00,new_data,RULE_MG_V0.1,2025-12-13T09:00:00,2026-09-11T09:00:00,completed
RUN00006173,USR009280,MINDGUARD,2026-07-11T21:00:00,new_data,RULE_MG_V0.1,2025-10-19T21:00:00,2026-07-11T21:00:00,completed
RUN00006174,USR009283,MINDGUARD,2026-08-23T11:00:00,new_data,RULE_MG_V0.1,2025-10-30T11:00:00,2026-08-23T11:00:00,completed
RUN00006175,USR009284,HEALTH_RESERVE,2026-06-01T00:00:00,new_data,RULE_HR_V0.1,2025-12-12T00:00:00,2026-06-01T00:00:00,completed
RUN00006176,USR009291,HEALTH_RESERVE,2026-08-26T08:00:00,new_data,RULE_HR_V0.1,2026-01-15T08:00:00,2026-08-26T08:00:00,completed
RUN00006177,USR009292,HEALTH_RESERVE,2026-09-14T12:00:00,new_data,RULE_HR_V0.1,2026-02-13T04:00:00,2026-09-14T12:00:00,completed
RUN00006178,USR009293,MINDGUARD,2026-03-27T16:00:00,new_data,RULE_MG_V0.1,2025-12-05T16:00:00,2026-03-27T16:00:00,completed
RUN00006179,USR009293,HEALTH_RESERVE,2026-08-17T12:00:00,new_data,RULE_HR_V0.1,2025-11-30T12:00:00,2026-08-17T12:00:00,completed
RUN00006180,USR009295,MINDGUARD,2026-07-07T14:00:00,new_data,RULE_MG_V0.1,2026-02-11T14:00:00,2026-07-07T14:00:00,completed
RUN00006181,USR009296,MINDGUARD,2026-02-16T02:00:00,new_data,RULE_MG_V0.1,2025-10-31T02:00:00,2026-02-16T02:00:00,completed
RUN00006182,USR009297,HEALTH_RESERVE,2026-04-17T02:00:00,new_data,RULE_HR_V0.1,2025-11-17T02:00:00,2026-04-17T02:00:00,completed
RUN00006183,USR009299,HEALTH_RESERVE,2026-06-29T18:00:00,new_data,RULE_HR_V0.1,2025-11-11T18:00:00,2026-06-29T18:00:00,completed
RUN00006184,USR009302,MINDGUARD,2026-07-24T17:00:00,new_data,RULE_MG_V0.1,2026-02-01T17:00:00,2026-07-24T17:00:00,completed
RUN00006185,USR009303,MINDGUARD,2026-04-20T11:00:00,new_data,RULE_MG_V0.1,2025-11-09T11:00:00,2026-04-20T11:00:00,completed
RUN00006186,USR009305,MINDGUARD,2026-04-16T08:00:00,new_data,RULE_MG_V0.1,2025-10-23T08:00:00,2026-04-16T08:00:00,completed
RUN00006187,USR009305,HEALTH_RESERVE,2026-02-01T10:00:00,new_data,RULE_HR_V0.1,2025-10-22T10:00:00,2026-02-01T10:00:00,completed
RUN00006188,USR009307,MINDGUARD,2026-07-10T23:00:00,new_data,RULE_MG_V0.1,2025-10-14T23:00:00,2026-07-10T23:00:00,completed
RUN00006189,USR009308,MINDGUARD,2026-05-21T15:00:00,new_data,RULE_MG_V0.1,2026-01-31T15:00:00,2026-05-21T15:00:00,completed
RUN00006190,USR009309,MINDGUARD,2026-05-08T21:00:00,new_data,RULE_MG_V0.1,2025-11-25T21:00:00,2026-05-08T21:00:00,completed
RUN00006191,USR009310,HEALTH_RESERVE,2026-04-30T05:00:00,new_data,RULE_HR_V0.1,2026-01-17T05:00:00,2026-04-30T05:00:00,completed
RUN00006192,USR009311,MINDGUARD,2026-08-26T14:00:00,new_data,RULE_MG_V0.1,2025-12-16T14:00:00,2026-08-26T14:00:00,completed
RUN00006193,USR009313,MINDGUARD,2026-06-12T14:00:00,new_data,RULE_MG_V0.1,2025-09-28T14:00:00,2026-06-12T14:00:00,completed
RUN00006194,USR009314,HEALTH_RESERVE,2026-09-14T12:00:00,new_data,RULE_HR_V0.1,2026-01-21T13:00:00,2026-09-14T12:00:00,completed
RUN00006195,USR009317,MINDGUARD,2026-06-13T12:00:00,new_data,RULE_MG_V0.1,2025-11-26T12:00:00,2026-06-13T12:00:00,completed
RUN00006196,USR009317,HEALTH_RESERVE,2026-05-12T15:00:00,new_data,RULE_HR_V0.1,2025-11-30T15:00:00,2026-05-12T15:00:00,completed
RUN00006197,USR009318,MINDGUARD,2026-04-07T08:00:00,new_data,RULE_MG_V0.1,2025-10-07T08:00:00,2026-04-07T08:00:00,completed
RUN00006198,USR009319,MINDGUARD,2026-07-24T07:00:00,new_data,RULE_MG_V0.1,2025-11-18T07:00:00,2026-07-24T07:00:00,completed
RUN00006199,USR009320,MINDGUARD,2026-06-09T16:00:00,new_data,RULE_MG_V0.1,2025-11-04T16:00:00,2026-06-09T16:00:00,completed
RUN00006200,USR009320,HEALTH_RESERVE,2026-03-08T14:00:00,new_data,RULE_HR_V0.1,2025-10-31T14:00:00,2026-03-08T14:00:00,completed
RUN00006201,USR009321,MINDGUARD,2026-04-21T21:00:00,new_data,RULE_MG_V0.1,2026-01-09T21:00:00,2026-04-21T21:00:00,completed
RUN00006202,USR009322,HEALTH_RESERVE,2026-07-25T04:00:00,new_data,RULE_HR_V0.1,2026-02-16T04:00:00,2026-07-25T04:00:00,completed
RUN00006203,USR009326,MINDGUARD,2026-04-15T21:00:00,new_data,RULE_MG_V0.1,2026-01-09T21:00:00,2026-04-15T21:00:00,completed
RUN00006204,USR009326,HEALTH_RESERVE,2026-04-30T08:00:00,new_data,RULE_HR_V0.1,2026-01-05T08:00:00,2026-04-30T08:00:00,completed
RUN00006205,USR009327,MINDGUARD,2026-06-26T19:00:00,new_data,RULE_MG_V0.1,2025-12-24T19:00:00,2026-06-26T19:00:00,completed
RUN00006206,USR009329,MINDGUARD,2026-04-12T18:00:00,new_data,RULE_MG_V0.1,2025-12-26T18:00:00,2026-04-12T18:00:00,completed
RUN00006207,USR009331,MINDGUARD,2026-09-07T12:00:00,new_data,RULE_MG_V0.1,2026-01-11T12:00:00,2026-09-07T12:00:00,completed
RUN00006208,USR009333,MINDGUARD,2026-05-28T14:00:00,new_data,RULE_MG_V0.1,2026-02-07T14:00:00,2026-05-28T14:00:00,completed
RUN00006209,USR009334,HEALTH_RESERVE,2026-03-12T05:00:00,new_data,RULE_HR_V0.1,2025-11-19T05:00:00,2026-03-12T05:00:00,completed
RUN00006210,USR009335,HEALTH_RESERVE,2026-07-28T23:00:00,new_data,RULE_HR_V0.1,2026-01-07T23:00:00,2026-07-28T23:00:00,completed
RUN00006211,USR009339,MINDGUARD,2026-09-14T12:00:00,new_data,RULE_MG_V0.1,2026-02-18T03:00:00,2026-09-14T12:00:00,completed
RUN00006212,USR009341,MINDGUARD,2026-09-01T12:00:00,new_data,RULE_MG_V0.1,2026-01-04T12:00:00,2026-09-01T12:00:00,completed
RUN00006213,USR009342,HEALTH_RESERVE,2026-08-15T03:00:00,new_data,RULE_HR_V0.1,2026-01-13T03:00:00,2026-08-15T03:00:00,completed
RUN00006214,USR009344,MINDGUARD,2026-06-26T05:00:00,new_data,RULE_MG_V0.1,2026-01-30T05:00:00,2026-06-26T05:00:00,completed
RUN00006215,USR009344,HEALTH_RESERVE,2026-09-14T12:00:00,new_data,RULE_HR_V0.1,2026-02-06T11:00:00,2026-09-14T12:00:00,completed
RUN00006216,USR009345,MINDGUARD,2026-02-26T09:00:00,new_data,RULE_MG_V0.1,2025-10-31T09:00:00,2026-02-26T09:00:00,completed
RUN00006217,USR009346,MINDGUARD,2026-07-14T11:00:00,new_data,RULE_MG_V0.1,2025-12-04T11:00:00,2026-07-14T11:00:00,completed
RUN00006218,USR009352,MINDGUARD,2026-02-05T02:00:00,new_data,RULE_MG_V0.1,2025-10-31T02:00:00,2026-02-05T02:00:00,completed
RUN00006219,USR009352,HEALTH_RESERVE,2026-05-31T00:00:00,new_data,RULE_HR_V0.1,2025-11-04T00:00:00,2026-05-31T00:00:00,completed
RUN00006220,USR009353,MINDGUARD,2026-05-19T19:00:00,new_data,RULE_MG_V0.1,2025-12-03T19:00:00,2026-05-19T19:00:00,completed
RUN00006221,USR009355,MINDGUARD,2026-09-14T12:00:00,new_data,RULE_MG_V0.1,2026-01-12T22:00:00,2026-09-14T12:00:00,completed
RUN00006222,USR009356,HEALTH_RESERVE,2026-09-14T12:00:00,new_data,RULE_HR_V0.1,2026-02-13T14:00:00,2026-09-14T12:00:00,completed
RUN00006223,USR009357,MINDGUARD,2026-02-20T13:00:00,new_data,RULE_MG_V0.1,2025-10-04T13:00:00,2026-02-20T13:00:00,completed
RUN00006224,USR009357,HEALTH_RESERVE,2026-03-17T16:00:00,new_data,RULE_HR_V0.1,2025-10-15T16:00:00,2026-03-17T16:00:00,completed
RUN00006225,USR009358,MINDGUARD,2026-06-12T23:00:00,new_data,RULE_MG_V0.1,2026-01-25T23:00:00,2026-06-12T23:00:00,completed
RUN00006226,USR009359,MINDGUARD,2026-06-11T18:00:00,new_data,RULE_MG_V0.1,2025-10-16T18:00:00,2026-06-11T18:00:00,completed
RUN00006227,USR009363,HEALTH_RESERVE,2026-08-30T12:00:00,new_data,RULE_HR_V0.1,2025-11-09T12:00:00,2026-08-30T12:00:00,completed
RUN00006228,USR009364,MINDGUARD,2026-06-21T17:00:00,new_data,RULE_MG_V0.1,2025-10-03T17:00:00,2026-06-21T17:00:00,completed
RUN00006229,USR009369,HEALTH_RESERVE,2026-09-14T12:00:00,new_data,RULE_HR_V0.1,2025-12-28T16:00:00,2026-09-14T12:00:00,completed
RUN00006230,USR009370,MINDGUARD,2026-06-26T22:00:00,new_data,RULE_MG_V0.1,2026-01-11T22:00:00,2026-06-26T22:00:00,completed
RUN00006231,USR009373,MINDGUARD,2026-05-29T18:00:00,new_data,RULE_MG_V0.1,2026-01-12T18:00:00,2026-05-29T18:00:00,completed
RUN00006232,USR009374,HEALTH_RESERVE,2026-05-16T12:00:00,new_data,RULE_HR_V0.1,2025-12-31T12:00:00,2026-05-16T12:00:00,completed
RUN00006233,USR009375,MINDGUARD,2026-08-16T06:00:00,new_data,RULE_MG_V0.1,2025-12-09T06:00:00,2026-08-16T06:00:00,completed
RUN00006234,USR009375,HEALTH_RESERVE,2026-07-30T04:00:00,new_data,RULE_HR_V0.1,2025-12-12T04:00:00,2026-07-30T04:00:00,completed
RUN00006235,USR009377,MINDGUARD,2026-03-18T07:00:00,new_data,RULE_MG_V0.1,2025-09-25T07:00:00,2026-03-18T07:00:00,completed
RUN00006236,USR009377,HEALTH_RESERVE,2026-02-22T08:00:00,new_data,RULE_HR_V0.1,2025-10-04T08:00:00,2026-02-22T08:00:00,completed
RUN00006237,USR009379,MINDGUARD,2026-01-20T01:00:00,new_data,RULE_MG_V0.1,2025-10-08T01:00:00,2026-01-20T01:00:00,completed
RUN00006238,USR009380,MINDGUARD,2026-07-04T19:00:00,new_data,RULE_MG_V0.1,2025-12-18T19:00:00,2026-07-04T19:00:00,completed
RUN00006239,USR009380,HEALTH_RESERVE,2026-04-27T12:00:00,new_data,RULE_HR_V0.1,2025-12-17T12:00:00,2026-04-27T12:00:00,completed
RUN00006240,USR009381,MINDGUARD,2026-05-12T16:00:00,new_data,RULE_MG_V0.1,2025-12-02T16:00:00,2026-05-12T16:00:00,completed
RUN00006241,USR009382,MINDGUARD,2026-07-25T09:00:00,new_data,RULE_MG_V0.1,2025-12-11T09:00:00,2026-07-25T09:00:00,completed
RUN00006242,USR009385,HEALTH_RESERVE,2026-06-10T09:00:00,new_data,RULE_HR_V0.1,2025-10-24T09:00:00,2026-06-10T09:00:00,completed
RUN00006243,USR009386,MINDGUARD,2026-05-21T00:00:00,new_data,RULE_MG_V0.1,2026-01-13T00:00:00,2026-05-21T00:00:00,completed
RUN00006244,USR009386,HEALTH_RESERVE,2026-08-08T15:00:00,new_data,RULE_HR_V0.1,2026-01-24T15:00:00,2026-08-08T15:00:00,completed
RUN00006245,USR009387,MINDGUARD,2026-02-25T22:00:00,new_data,RULE_MG_V0.1,2025-10-10T22:00:00,2026-02-25T22:00:00,completed
RUN00006246,USR009388,MINDGUARD,2026-09-14T12:00:00,new_data,RULE_MG_V0.1,2026-01-09T17:00:00,2026-09-14T12:00:00,completed
RUN00006247,USR009389,MINDGUARD,2026-09-14T12:00:00,new_data,RULE_MG_V0.1,2026-01-08T15:00:00,2026-09-14T12:00:00,completed
RUN00006248,USR009390,MINDGUARD,2026-07-13T07:00:00,new_data,RULE_MG_V0.1,2025-11-07T07:00:00,2026-07-13T07:00:00,completed
RUN00006249,USR009390,HEALTH_RESERVE,2026-03-29T23:00:00,new_data,RULE_HR_V0.1,2025-11-08T23:00:00,2026-03-29T23:00:00,completed
RUN00006250,USR009391,MINDGUARD,2026-07-02T21:00:00,new_data,RULE_MG_V0.1,2025-12-21T21:00:00,2026-07-02T21:00:00,completed
RUN00006251,USR009392,MINDGUARD,2026-02-04T19:00:00,new_data,RULE_MG_V0.1,2025-10-27T19:00:00,2026-02-04T19:00:00,completed
RUN00006252,USR009393,MINDGUARD,2026-05-29T04:00:00,new_data,RULE_MG_V0.1,2026-01-28T04:00:00,2026-05-29T04:00:00,completed
RUN00006253,USR009393,HEALTH_RESERVE,2026-06-14T04:00:00,new_data,RULE_HR_V0.1,2026-01-22T04:00:00,2026-06-14T04:00:00,completed
RUN00006254,USR009394,MINDGUARD,2026-09-14T12:00:00,new_data,RULE_MG_V0.1,2026-02-19T01:00:00,2026-09-14T12:00:00,completed
RUN00006255,USR009396,MINDGUARD,2026-06-18T04:00:00,new_data,RULE_MG_V0.1,2025-10-01T04:00:00,2026-06-18T04:00:00,completed
RUN00006256,USR009397,MINDGUARD,2026-08-17T22:00:00,new_data,RULE_MG_V0.1,2026-02-16T22:00:00,2026-08-17T22:00:00,completed
RUN00006257,USR009398,MINDGUARD,2026-03-20T00:00:00,new_data,RULE_MG_V0.1,2025-11-12T00:00:00,2026-03-20T00:00:00,completed
RUN00006258,USR009399,MINDGUARD,2026-04-19T10:00:00,new_data,RULE_MG_V0.1,2025-10-21T10:00:00,2026-04-19T10:00:00,completed
RUN00006259,USR009400,MINDGUARD,2026-05-09T00:00:00,new_data,RULE_MG_V0.1,2025-10-24T00:00:00,2026-05-09T00:00:00,completed
RUN00006260,USR009400,HEALTH_RESERVE,2026-07-04T13:00:00,new_data,RULE_HR_V0.1,2025-10-11T13:00:00,2026-07-04T13:00:00,completed
RUN00006261,USR009403,HEALTH_RESERVE,2026-03-21T19:00:00,new_data,RULE_HR_V0.1,2025-12-05T19:00:00,2026-03-21T19:00:00,completed
RUN00006262,USR009407,MINDGUARD,2026-08-28T05:00:00,new_data,RULE_MG_V0.1,2026-01-22T05:00:00,2026-08-28T05:00:00,completed
RUN00006263,USR009410,MINDGUARD,2026-07-18T14:00:00,new_data,RULE_MG_V0.1,2025-10-03T14:00:00,2026-07-18T14:00:00,completed
RUN00006264,USR009411,MINDGUARD,2026-09-14T12:00:00,new_data,RULE_MG_V0.1,2026-01-19T05:00:00,2026-09-14T12:00:00,completed
RUN00006265,USR009412,MINDGUARD,2026-06-21T17:00:00,new_data,RULE_MG_V0.1,2025-09-26T17:00:00,2026-06-21T17:00:00,completed
RUN00006266,USR009414,HEALTH_RESERVE,2026-06-03T02:00:00,new_data,RULE_HR_V0.1,2025-10-23T02:00:00,2026-06-03T02:00:00,completed
RUN00006267,USR009415,MINDGUARD,2026-05-30T07:00:00,new_data,RULE_MG_V0.1,2025-09-24T07:00:00,2026-05-30T07:00:00,completed
RUN00006268,USR009416,MINDGUARD,2026-08-29T18:00:00,new_data,RULE_MG_V0.1,2025-11-06T18:00:00,2026-08-29T18:00:00,completed
RUN00006269,USR009418,MINDGUARD,2026-07-10T03:00:00,new_data,RULE_MG_V0.1,2026-01-11T03:00:00,2026-07-10T03:00:00,completed
RUN00006270,USR009420,HEALTH_RESERVE,2026-09-14T12:00:00,new_data,RULE_HR_V0.1,2026-01-17T04:00:00,2026-09-14T12:00:00,completed
RUN00006271,USR009422,HEALTH_RESERVE,2026-05-07T22:00:00,new_data,RULE_HR_V0.1,2025-10-29T22:00:00,2026-05-07T22:00:00,completed
RUN00006272,USR009424,MINDGUARD,2026-08-25T00:00:00,new_data,RULE_MG_V0.1,2025-11-13T00:00:00,2026-08-25T00:00:00,completed
RUN00006273,USR009425,MINDGUARD,2026-07-03T00:00:00,new_data,RULE_MG_V0.1,2025-11-19T00:00:00,2026-07-03T00:00:00,completed
RUN00006274,USR009426,MINDGUARD,2026-09-10T01:00:00,new_data,RULE_MG_V0.1,2026-01-01T01:00:00,2026-09-10T01:00:00,completed
RUN00006275,USR009428,MINDGUARD,2026-05-02T10:00:00,new_data,RULE_MG_V0.1,2026-01-19T10:00:00,2026-05-02T10:00:00,completed
RUN00006276,USR009430,MINDGUARD,2026-07-10T13:00:00,new_data,RULE_MG_V0.1,2026-01-21T13:00:00,2026-07-10T13:00:00,completed
RUN00006277,USR009431,MINDGUARD,2026-04-22T11:00:00,new_data,RULE_MG_V0.1,2025-10-05T11:00:00,2026-04-22T11:00:00,completed
RUN00006278,USR009432,MINDGUARD,2026-04-09T06:00:00,new_data,RULE_MG_V0.1,2025-10-11T06:00:00,2026-04-09T06:00:00,completed
RUN00006279,USR009440,MINDGUARD,2026-08-10T10:00:00,new_data,RULE_MG_V0.1,2025-10-15T10:00:00,2026-08-10T10:00:00,completed
RUN00006280,USR009442,HEALTH_RESERVE,2026-08-04T12:00:00,new_data,RULE_HR_V0.1,2026-01-22T12:00:00,2026-08-04T12:00:00,completed
RUN00006281,USR009445,MINDGUARD,2026-08-18T16:00:00,new_data,RULE_MG_V0.1,2025-11-17T16:00:00,2026-08-18T16:00:00,completed
RUN00006282,USR009447,MINDGUARD,2026-08-29T05:00:00,new_data,RULE_MG_V0.1,2026-01-06T05:00:00,2026-08-29T05:00:00,completed
RUN00006283,USR009449,MINDGUARD,2026-08-02T16:00:00,new_data,RULE_MG_V0.1,2025-11-12T16:00:00,2026-08-02T16:00:00,completed
RUN00006284,USR009450,MINDGUARD,2026-07-04T16:00:00,new_data,RULE_MG_V0.1,2025-12-31T16:00:00,2026-07-04T16:00:00,completed
RUN00006285,USR009450,HEALTH_RESERVE,2026-05-22T17:00:00,new_data,RULE_HR_V0.1,2026-01-05T17:00:00,2026-05-22T17:00:00,completed
RUN00006286,USR009454,MINDGUARD,2026-09-09T22:00:00,new_data,RULE_MG_V0.1,2025-12-06T22:00:00,2026-09-09T22:00:00,completed
RUN00006287,USR009456,MINDGUARD,2026-07-01T05:00:00,new_data,RULE_MG_V0.1,2026-02-14T05:00:00,2026-07-01T05:00:00,completed
RUN00006288,USR009459,HEALTH_RESERVE,2026-05-04T15:00:00,new_data,RULE_HR_V0.1,2026-01-27T15:00:00,2026-05-04T15:00:00,completed
RUN00006289,USR009460,HEALTH_RESERVE,2026-05-16T20:00:00,new_data,RULE_HR_V0.1,2025-12-28T20:00:00,2026-05-16T20:00:00,completed
RUN00006290,USR009461,MINDGUARD,2026-09-14T12:00:00,new_data,RULE_MG_V0.1,2026-01-21T23:00:00,2026-09-14T12:00:00,completed
RUN00006291,USR009462,HEALTH_RESERVE,2026-07-01T16:00:00,new_data,RULE_HR_V0.1,2025-10-20T16:00:00,2026-07-01T16:00:00,completed
RUN00006292,USR009463,HEALTH_RESERVE,2026-06-13T21:00:00,new_data,RULE_HR_V0.1,2025-12-19T21:00:00,2026-06-13T21:00:00,completed
RUN00006293,USR009464,MINDGUARD,2026-08-20T06:00:00,new_data,RULE_MG_V0.1,2026-01-22T06:00:00,2026-08-20T06:00:00,completed
RUN00006294,USR009465,MINDGUARD,2026-07-28T15:00:00,new_data,RULE_MG_V0.1,2025-11-29T15:00:00,2026-07-28T15:00:00,completed
RUN00006295,USR009466,HEALTH_RESERVE,2026-06-21T17:00:00,new_data,RULE_HR_V0.1,2025-12-03T17:00:00,2026-06-21T17:00:00,completed
RUN00006296,USR009467,MINDGUARD,2026-01-25T10:00:00,new_data,RULE_MG_V0.1,2025-10-01T10:00:00,2026-01-25T10:00:00,completed
RUN00006297,USR009470,HEALTH_RESERVE,2026-09-14T12:00:00,new_data,RULE_HR_V0.1,2026-01-09T01:00:00,2026-09-14T12:00:00,completed
RUN00006298,USR009471,MINDGUARD,2026-05-19T00:00:00,new_data,RULE_MG_V0.1,2025-10-10T00:00:00,2026-05-19T00:00:00,completed
RUN00006299,USR009473,HEALTH_RESERVE,2026-08-17T05:00:00,new_data,RULE_HR_V0.1,2026-02-01T05:00:00,2026-08-17T05:00:00,completed
RUN00006300,USR009475,MINDGUARD,2026-05-17T21:00:00,new_data,RULE_MG_V0.1,2025-12-22T21:00:00,2026-05-17T21:00:00,completed
RUN00006301,USR009476,MINDGUARD,2026-05-20T23:00:00,new_data,RULE_MG_V0.1,2026-02-01T23:00:00,2026-05-20T23:00:00,completed
RUN00006302,USR009477,MINDGUARD,2026-03-24T13:00:00,new_data,RULE_MG_V0.1,2025-11-18T13:00:00,2026-03-24T13:00:00,completed
RUN00006303,USR009478,MINDGUARD,2026-05-20T04:00:00,new_data,RULE_MG_V0.1,2025-12-05T04:00:00,2026-05-20T04:00:00,completed
RUN00006304,USR009479,MINDGUARD,2026-07-14T18:00:00,new_data,RULE_MG_V0.1,2025-12-14T18:00:00,2026-07-14T18:00:00,completed
RUN00006305,USR009481,HEALTH_RESERVE,2026-04-20T00:00:00,new_data,RULE_HR_V0.1,2025-12-05T00:00:00,2026-04-20T00:00:00,completed
RUN00006306,USR009482,MINDGUARD,2026-06-28T07:00:00,new_data,RULE_MG_V0.1,2026-01-12T07:00:00,2026-06-28T07:00:00,completed
RUN00006307,USR009483,MINDGUARD,2026-08-02T00:00:00,new_data,RULE_MG_V0.1,2025-11-13T00:00:00,2026-08-02T00:00:00,completed
RUN00006308,USR009485,MINDGUARD,2026-05-25T20:00:00,new_data,RULE_MG_V0.1,2026-01-02T20:00:00,2026-05-25T20:00:00,completed
RUN00006309,USR009485,HEALTH_RESERVE,2026-04-22T04:00:00,new_data,RULE_HR_V0.1,2026-01-02T04:00:00,2026-04-22T04:00:00,completed
RUN00006310,USR009486,MINDGUARD,2026-03-04T06:00:00,new_data,RULE_MG_V0.1,2025-11-09T06:00:00,2026-03-04T06:00:00,completed
RUN00006311,USR009488,MINDGUARD,2026-07-18T07:00:00,new_data,RULE_MG_V0.1,2025-12-09T07:00:00,2026-07-18T07:00:00,completed
RUN00006312,USR009489,HEALTH_RESERVE,2026-04-06T17:00:00,new_data,RULE_HR_V0.1,2025-10-22T17:00:00,2026-04-06T17:00:00,completed
RUN00006313,USR009490,HEALTH_RESERVE,2026-06-02T11:00:00,new_data,RULE_HR_V0.1,2026-02-05T11:00:00,2026-06-02T11:00:00,completed
RUN00006314,USR009491,MINDGUARD,2026-03-30T03:00:00,new_data,RULE_MG_V0.1,2025-11-03T03:00:00,2026-03-30T03:00:00,completed
RUN00006315,USR009492,MINDGUARD,2026-08-02T10:00:00,new_data,RULE_MG_V0.1,2026-01-16T10:00:00,2026-08-02T10:00:00,completed
RUN00006316,USR009494,MINDGUARD,2026-01-17T09:00:00,new_data,RULE_MG_V0.1,2025-10-05T09:00:00,2026-01-17T09:00:00,completed
RUN00006317,USR009494,HEALTH_RESERVE,2026-01-18T09:00:00,new_data,RULE_HR_V0.1,2025-10-11T09:00:00,2026-01-18T09:00:00,completed
RUN00006318,USR009495,HEALTH_RESERVE,2026-07-31T11:00:00,new_data,RULE_HR_V0.1,2025-12-06T11:00:00,2026-07-31T11:00:00,completed
RUN00006319,USR009496,MINDGUARD,2026-05-14T10:00:00,new_data,RULE_MG_V0.1,2025-10-20T10:00:00,2026-05-14T10:00:00,completed
RUN00006320,USR009497,MINDGUARD,2026-03-17T02:00:00,new_data,RULE_MG_V0.1,2025-12-10T02:00:00,2026-03-17T02:00:00,completed
RUN00006321,USR009499,MINDGUARD,2026-06-01T01:00:00,new_data,RULE_MG_V0.1,2025-11-19T01:00:00,2026-06-01T01:00:00,completed
RUN00006322,USR009500,MINDGUARD,2026-08-04T23:00:00,new_data,RULE_MG_V0.1,2026-02-06T23:00:00,2026-08-04T23:00:00,completed
RUN00006323,USR009501,HEALTH_RESERVE,2026-05-20T18:00:00,new_data,RULE_HR_V0.1,2025-10-04T18:00:00,2026-05-20T18:00:00,completed
RUN00006324,USR009504,HEALTH_RESERVE,2026-06-09T11:00:00,new_data,RULE_HR_V0.1,2025-10-10T11:00:00,2026-06-09T11:00:00,completed
RUN00006325,USR009505,MINDGUARD,2026-04-24T02:00:00,new_data,RULE_MG_V0.1,2025-12-24T02:00:00,2026-04-24T02:00:00,completed
RUN00006326,USR009507,MINDGUARD,2026-09-02T09:00:00,new_data,RULE_MG_V0.1,2025-11-07T09:00:00,2026-09-02T09:00:00,completed
RUN00006327,USR009507,HEALTH_RESERVE,2026-05-20T19:00:00,new_data,RULE_HR_V0.1,2025-11-02T19:00:00,2026-05-20T19:00:00,completed
RUN00006328,USR009508,MINDGUARD,2026-07-16T23:00:00,new_data,RULE_MG_V0.1,2026-01-04T23:00:00,2026-07-16T23:00:00,completed
RUN00006329,USR009508,HEALTH_RESERVE,2026-08-29T03:00:00,new_data,RULE_HR_V0.1,2026-01-01T03:00:00,2026-08-29T03:00:00,completed
RUN00006330,USR009510,HEALTH_RESERVE,2026-05-23T14:00:00,new_data,RULE_HR_V0.1,2025-11-26T14:00:00,2026-05-23T14:00:00,completed
RUN00006331,USR009512,MINDGUARD,2026-08-19T20:00:00,new_data,RULE_MG_V0.1,2025-10-27T20:00:00,2026-08-19T20:00:00,completed
RUN00006332,USR009514,MINDGUARD,2026-03-03T20:00:00,new_data,RULE_MG_V0.1,2025-11-07T20:00:00,2026-03-03T20:00:00,completed
RUN00006333,USR009516,MINDGUARD,2026-08-14T14:00:00,new_data,RULE_MG_V0.1,2025-12-09T14:00:00,2026-08-14T14:00:00,completed
RUN00006334,USR009522,HEALTH_RESERVE,2026-09-14T12:00:00,new_data,RULE_HR_V0.1,2026-01-28T13:00:00,2026-09-14T12:00:00,completed
RUN00006335,USR009523,MINDGUARD,2026-01-28T11:00:00,new_data,RULE_MG_V0.1,2025-10-10T11:00:00,2026-01-28T11:00:00,completed
RUN00006336,USR009524,MINDGUARD,2026-03-11T14:00:00,new_data,RULE_MG_V0.1,2025-10-27T14:00:00,2026-03-11T14:00:00,completed
RUN00006337,USR009525,MINDGUARD,2026-08-24T10:00:00,new_data,RULE_MG_V0.1,2025-12-13T10:00:00,2026-08-24T10:00:00,completed
RUN00006338,USR009526,HEALTH_RESERVE,2026-08-10T02:00:00,new_data,RULE_HR_V0.1,2025-12-24T02:00:00,2026-08-10T02:00:00,completed
RUN00006339,USR009527,HEALTH_RESERVE,2026-09-14T12:00:00,new_data,RULE_HR_V0.1,2026-01-29T06:00:00,2026-09-14T12:00:00,completed
RUN00006340,USR009528,MINDGUARD,2026-03-29T04:00:00,new_data,RULE_MG_V0.1,2025-09-26T04:00:00,2026-03-29T04:00:00,completed
RUN00006341,USR009529,HEALTH_RESERVE,2026-09-14T12:00:00,new_data,RULE_HR_V0.1,2026-02-02T05:00:00,2026-09-14T12:00:00,completed
RUN00006342,USR009530,MINDGUARD,2026-07-12T04:00:00,new_data,RULE_MG_V0.1,2025-10-28T04:00:00,2026-07-12T04:00:00,completed
RUN00006343,USR009531,MINDGUARD,2026-07-06T02:00:00,new_data,RULE_MG_V0.1,2026-01-08T02:00:00,2026-07-06T02:00:00,completed
RUN00006344,USR009531,HEALTH_RESERVE,2026-05-20T19:00:00,new_data,RULE_HR_V0.1,2025-12-31T19:00:00,2026-05-20T19:00:00,completed
RUN00006345,USR009532,MINDGUARD,2026-08-12T20:00:00,new_data,RULE_MG_V0.1,2025-11-22T20:00:00,2026-08-12T20:00:00,completed
RUN00006346,USR009532,HEALTH_RESERVE,2026-05-03T13:00:00,new_data,RULE_HR_V0.1,2025-12-01T13:00:00,2026-05-03T13:00:00,completed
RUN00006347,USR009533,MINDGUARD,2026-02-09T23:00:00,new_data,RULE_MG_V0.1,2025-10-15T23:00:00,2026-02-09T23:00:00,completed
RUN00006348,USR009534,MINDGUARD,2026-04-08T21:00:00,new_data,RULE_MG_V0.1,2025-10-01T21:00:00,2026-04-08T21:00:00,completed
RUN00006349,USR009535,MINDGUARD,2026-08-10T08:00:00,new_data,RULE_MG_V0.1,2026-01-28T08:00:00,2026-08-10T08:00:00,completed
RUN00006350,USR009536,MINDGUARD,2026-04-06T04:00:00,new_data,RULE_MG_V0.1,2025-09-29T04:00:00,2026-04-06T04:00:00,completed
RUN00006351,USR009538,MINDGUARD,2026-04-18T02:00:00,new_data,RULE_MG_V0.1,2025-12-15T02:00:00,2026-04-18T02:00:00,completed
RUN00006352,USR009540,MINDGUARD,2026-02-25T18:00:00,new_data,RULE_MG_V0.1,2025-11-04T18:00:00,2026-02-25T18:00:00,completed
RUN00006353,USR009541,MINDGUARD,2026-07-09T07:00:00,new_data,RULE_MG_V0.1,2025-11-16T07:00:00,2026-07-09T07:00:00,completed
RUN00006354,USR009542,MINDGUARD,2026-06-25T16:00:00,new_data,RULE_MG_V0.1,2025-11-18T16:00:00,2026-06-25T16:00:00,completed
RUN00006355,USR009543,HEALTH_RESERVE,2026-06-30T05:00:00,new_data,RULE_HR_V0.1,2025-10-19T05:00:00,2026-06-30T05:00:00,completed
RUN00006356,USR009544,MINDGUARD,2026-01-03T08:00:00,new_data,RULE_MG_V0.1,2025-09-25T08:00:00,2026-01-03T08:00:00,completed
RUN00006357,USR009545,MINDGUARD,2026-05-12T22:00:00,new_data,RULE_MG_V0.1,2025-11-04T22:00:00,2026-05-12T22:00:00,completed
RUN00006358,USR009547,MINDGUARD,2026-09-14T12:00:00,new_data,RULE_MG_V0.1,2026-02-12T15:00:00,2026-09-14T12:00:00,completed
RUN00006359,USR009547,HEALTH_RESERVE,2026-06-04T16:00:00,new_data,RULE_HR_V0.1,2026-02-13T16:00:00,2026-06-04T16:00:00,completed
RUN00006360,USR009548,MINDGUARD,2026-07-05T17:00:00,new_data,RULE_MG_V0.1,2025-12-16T17:00:00,2026-07-05T17:00:00,completed
RUN00006361,USR009549,MINDGUARD,2026-06-15T21:00:00,new_data,RULE_MG_V0.1,2025-12-22T21:00:00,2026-06-15T21:00:00,completed
RUN00006362,USR009549,HEALTH_RESERVE,2026-05-28T03:00:00,new_data,RULE_HR_V0.1,2025-12-30T03:00:00,2026-05-28T03:00:00,completed
RUN00006363,USR009551,HEALTH_RESERVE,2026-06-23T08:00:00,new_data,RULE_HR_V0.1,2026-01-21T08:00:00,2026-06-23T08:00:00,completed
RUN00006364,USR009552,MINDGUARD,2026-01-24T05:00:00,new_data,RULE_MG_V0.1,2025-10-02T05:00:00,2026-01-24T05:00:00,completed
RUN00006365,USR009552,HEALTH_RESERVE,2026-03-18T18:00:00,new_data,RULE_HR_V0.1,2025-09-26T18:00:00,2026-03-18T18:00:00,completed
RUN00006366,USR009553,MINDGUARD,2026-08-04T07:00:00,new_data,RULE_MG_V0.1,2025-12-12T07:00:00,2026-08-04T07:00:00,completed
RUN00006367,USR009555,HEALTH_RESERVE,2026-09-10T13:00:00,new_data,RULE_HR_V0.1,2025-11-20T13:00:00,2026-09-10T13:00:00,completed
RUN00006368,USR009556,HEALTH_RESERVE,2026-07-31T16:00:00,new_data,RULE_HR_V0.1,2025-10-16T16:00:00,2026-07-31T16:00:00,completed
RUN00006369,USR009557,MINDGUARD,2026-06-22T19:00:00,new_data,RULE_MG_V0.1,2026-01-26T19:00:00,2026-06-22T19:00:00,completed
RUN00006370,USR009557,HEALTH_RESERVE,2026-09-14T12:00:00,new_data,RULE_HR_V0.1,2026-01-15T23:00:00,2026-09-14T12:00:00,completed
RUN00006371,USR009558,MINDGUARD,2026-02-24T10:00:00,new_data,RULE_MG_V0.1,2025-10-01T10:00:00,2026-02-24T10:00:00,completed
RUN00006372,USR009559,MINDGUARD,2026-05-04T06:00:00,new_data,RULE_MG_V0.1,2025-11-20T06:00:00,2026-05-04T06:00:00,completed
RUN00006373,USR009560,MINDGUARD,2026-04-15T04:00:00,new_data,RULE_MG_V0.1,2026-01-07T04:00:00,2026-04-15T04:00:00,completed
RUN00006374,USR009563,MINDGUARD,2026-05-23T20:00:00,new_data,RULE_MG_V0.1,2026-02-14T20:00:00,2026-05-23T20:00:00,completed
RUN00006375,USR009563,HEALTH_RESERVE,2026-09-14T12:00:00,new_data,RULE_HR_V0.1,2026-02-09T00:00:00,2026-09-14T12:00:00,completed
RUN00006376,USR009566,MINDGUARD,2026-05-22T13:00:00,new_data,RULE_MG_V0.1,2026-01-17T13:00:00,2026-05-22T13:00:00,completed
RUN00006377,USR009568,MINDGUARD,2026-08-15T08:00:00,new_data,RULE_MG_V0.1,2025-12-29T08:00:00,2026-08-15T08:00:00,completed
RUN00006378,USR009573,HEALTH_RESERVE,2026-09-14T12:00:00,new_data,RULE_HR_V0.1,2025-12-20T12:00:00,2026-09-14T12:00:00,completed
RUN00006379,USR009576,MINDGUARD,2026-03-09T14:00:00,new_data,RULE_MG_V0.1,2025-09-24T14:00:00,2026-03-09T14:00:00,completed
RUN00006380,USR009577,MINDGUARD,2026-07-12T17:00:00,new_data,RULE_MG_V0.1,2025-12-29T17:00:00,2026-07-12T17:00:00,completed
RUN00006381,USR009578,MINDGUARD,2026-07-26T21:00:00,new_data,RULE_MG_V0.1,2025-12-02T21:00:00,2026-07-26T21:00:00,completed
RUN00006382,USR009579,MINDGUARD,2026-09-12T06:00:00,new_data,RULE_MG_V0.1,2026-01-30T06:00:00,2026-09-12T06:00:00,completed
RUN00006383,USR009581,MINDGUARD,2026-05-17T16:00:00,new_data,RULE_MG_V0.1,2026-01-03T16:00:00,2026-05-17T16:00:00,completed
RUN00006384,USR009582,MINDGUARD,2026-03-15T13:00:00,new_data,RULE_MG_V0.1,2025-12-04T13:00:00,2026-03-15T13:00:00,completed
RUN00006385,USR009583,MINDGUARD,2026-09-14T12:00:00,new_data,RULE_MG_V0.1,2026-02-19T13:00:00,2026-09-14T12:00:00,completed
RUN00006386,USR009587,HEALTH_RESERVE,2026-08-30T00:00:00,new_data,RULE_HR_V0.1,2026-01-29T00:00:00,2026-08-30T00:00:00,completed
RUN00006387,USR009591,MINDGUARD,2026-08-30T03:00:00,new_data,RULE_MG_V0.1,2026-01-19T03:00:00,2026-08-30T03:00:00,completed
RUN00006388,USR009593,MINDGUARD,2026-05-20T13:00:00,new_data,RULE_MG_V0.1,2025-09-26T13:00:00,2026-05-20T13:00:00,completed
RUN00006389,USR009595,MINDGUARD,2026-08-19T06:00:00,new_data,RULE_MG_V0.1,2026-01-04T06:00:00,2026-08-19T06:00:00,completed
RUN00006390,USR009596,HEALTH_RESERVE,2026-05-27T01:00:00,new_data,RULE_HR_V0.1,2025-09-17T01:00:00,2026-05-27T01:00:00,completed
RUN00006391,USR009597,HEALTH_RESERVE,2026-05-20T19:00:00,new_data,RULE_HR_V0.1,2026-02-11T19:00:00,2026-05-20T19:00:00,completed
RUN00006392,USR009598,MINDGUARD,2026-03-24T17:00:00,new_data,RULE_MG_V0.1,2025-11-23T17:00:00,2026-03-24T17:00:00,completed
RUN00006393,USR009599,MINDGUARD,2026-03-06T19:00:00,new_data,RULE_MG_V0.1,2025-11-04T19:00:00,2026-03-06T19:00:00,completed
RUN00006394,USR009600,MINDGUARD,2026-05-30T01:00:00,new_data,RULE_MG_V0.1,2025-12-15T01:00:00,2026-05-30T01:00:00,completed
RUN00006395,USR009601,MINDGUARD,2026-09-14T12:00:00,new_data,RULE_MG_V0.1,2026-01-14T01:00:00,2026-09-14T12:00:00,completed
RUN00006396,USR009601,HEALTH_RESERVE,2026-09-14T12:00:00,new_data,RULE_HR_V0.1,2026-01-13T00:00:00,2026-09-14T12:00:00,completed
RUN00006397,USR009603,HEALTH_RESERVE,2026-09-14T12:00:00,new_data,RULE_HR_V0.1,2026-02-18T20:00:00,2026-09-14T12:00:00,completed
RUN00006398,USR009604,MINDGUARD,2026-05-12T22:00:00,new_data,RULE_MG_V0.1,2025-11-30T22:00:00,2026-05-12T22:00:00,completed
RUN00006399,USR009605,MINDGUARD,2026-06-20T10:00:00,new_data,RULE_MG_V0.1,2025-12-14T10:00:00,2026-06-20T10:00:00,completed
RUN00006400,USR009606,MINDGUARD,2026-03-21T13:00:00,new_data,RULE_MG_V0.1,2025-11-11T13:00:00,2026-03-21T13:00:00,completed
RUN00006401,USR009606,HEALTH_RESERVE,2026-05-11T06:00:00,new_data,RULE_HR_V0.1,2025-11-15T06:00:00,2026-05-11T06:00:00,completed
RUN00006402,USR009607,HEALTH_RESERVE,2026-05-18T20:00:00,new_data,RULE_HR_V0.1,2026-01-08T20:00:00,2026-05-18T20:00:00,completed
RUN00006403,USR009608,HEALTH_RESERVE,2026-03-16T02:00:00,new_data,RULE_HR_V0.1,2025-11-15T02:00:00,2026-03-16T02:00:00,completed
RUN00006404,USR009609,MINDGUARD,2026-03-05T17:00:00,new_data,RULE_MG_V0.1,2025-11-02T17:00:00,2026-03-05T17:00:00,completed
RUN00006405,USR009611,HEALTH_RESERVE,2026-05-24T23:00:00,new_data,RULE_HR_V0.1,2025-10-28T23:00:00,2026-05-24T23:00:00,completed
RUN00006406,USR009612,MINDGUARD,2026-05-23T13:00:00,new_data,RULE_MG_V0.1,2025-12-16T13:00:00,2026-05-23T13:00:00,completed
RUN00006407,USR009616,HEALTH_RESERVE,2026-07-15T22:00:00,new_data,RULE_HR_V0.1,2025-12-21T22:00:00,2026-07-15T22:00:00,completed
RUN00006408,USR009617,HEALTH_RESERVE,2026-09-14T12:00:00,new_data,RULE_HR_V0.1,2025-12-21T22:00:00,2026-09-14T12:00:00,completed
RUN00006409,USR009618,HEALTH_RESERVE,2026-07-17T01:00:00,new_data,RULE_HR_V0.1,2026-02-11T01:00:00,2026-07-17T01:00:00,completed
RUN00006410,USR009619,MINDGUARD,2026-03-18T03:00:00,new_data,RULE_MG_V0.1,2025-11-09T03:00:00,2026-03-18T03:00:00,completed
RUN00006411,USR009621,HEALTH_RESERVE,2026-05-22T09:00:00,new_data,RULE_HR_V0.1,2025-11-23T09:00:00,2026-05-22T09:00:00,completed
RUN00006412,USR009623,MINDGUARD,2026-09-12T22:00:00,new_data,RULE_MG_V0.1,2026-01-28T22:00:00,2026-09-12T22:00:00,completed
RUN00006413,USR009624,MINDGUARD,2026-04-15T07:00:00,new_data,RULE_MG_V0.1,2025-10-23T07:00:00,2026-04-15T07:00:00,completed
RUN00006414,USR009625,HEALTH_RESERVE,2026-03-01T00:00:00,new_data,RULE_HR_V0.1,2025-10-25T00:00:00,2026-03-01T00:00:00,completed
RUN00006415,USR009627,HEALTH_RESERVE,2026-03-04T21:00:00,new_data,RULE_HR_V0.1,2025-10-07T21:00:00,2026-03-04T21:00:00,completed
RUN00006416,USR009628,MINDGUARD,2026-04-22T12:00:00,new_data,RULE_MG_V0.1,2025-10-29T12:00:00,2026-04-22T12:00:00,completed
RUN00006417,USR009629,HEALTH_RESERVE,2026-01-26T22:00:00,new_data,RULE_HR_V0.1,2025-10-11T22:00:00,2026-01-26T22:00:00,completed
RUN00006418,USR009630,MINDGUARD,2026-04-21T05:00:00,new_data,RULE_MG_V0.1,2026-01-12T05:00:00,2026-04-21T05:00:00,completed
RUN00006419,USR009632,HEALTH_RESERVE,2026-07-05T21:00:00,new_data,RULE_HR_V0.1,2025-12-15T21:00:00,2026-07-05T21:00:00,completed
RUN00006420,USR009634,MINDGUARD,2026-05-30T01:00:00,new_data,RULE_MG_V0.1,2026-01-04T01:00:00,2026-05-30T01:00:00,completed
RUN00006421,USR009639,MINDGUARD,2026-04-24T08:00:00,new_data,RULE_MG_V0.1,2025-09-25T08:00:00,2026-04-24T08:00:00,completed
RUN00006422,USR009643,MINDGUARD,2026-02-19T11:00:00,new_data,RULE_MG_V0.1,2025-11-03T11:00:00,2026-02-19T11:00:00,completed
RUN00006423,USR009644,MINDGUARD,2026-08-31T23:00:00,new_data,RULE_MG_V0.1,2025-11-08T23:00:00,2026-08-31T23:00:00,completed
RUN00006424,USR009646,HEALTH_RESERVE,2026-06-01T06:00:00,new_data,RULE_HR_V0.1,2026-02-18T06:00:00,2026-06-01T06:00:00,completed
RUN00006425,USR009647,MINDGUARD,2026-05-02T18:00:00,new_data,RULE_MG_V0.1,2025-12-08T18:00:00,2026-05-02T18:00:00,completed
RUN00006426,USR009649,MINDGUARD,2026-05-29T04:00:00,new_data,RULE_MG_V0.1,2026-02-04T04:00:00,2026-05-29T04:00:00,completed
RUN00006427,USR009650,MINDGUARD,2026-08-27T20:00:00,new_data,RULE_MG_V0.1,2026-01-09T20:00:00,2026-08-27T20:00:00,completed
RUN00006428,USR009651,HEALTH_RESERVE,2026-07-15T01:00:00,new_data,RULE_HR_V0.1,2026-02-03T01:00:00,2026-07-15T01:00:00,completed
RUN00006429,USR009652,MINDGUARD,2026-05-23T11:00:00,new_data,RULE_MG_V0.1,2025-12-11T11:00:00,2026-05-23T11:00:00,completed
RUN00006430,USR009652,HEALTH_RESERVE,2026-09-12T07:00:00,new_data,RULE_HR_V0.1,2025-12-16T07:00:00,2026-09-12T07:00:00,completed
RUN00006431,USR009658,MINDGUARD,2026-06-19T04:00:00,new_data,RULE_MG_V0.1,2025-10-04T04:00:00,2026-06-19T04:00:00,completed
RUN00006432,USR009660,MINDGUARD,2026-08-25T10:00:00,new_data,RULE_MG_V0.1,2025-11-29T10:00:00,2026-08-25T10:00:00,completed
RUN00006433,USR009661,MINDGUARD,2026-05-30T19:00:00,new_data,RULE_MG_V0.1,2025-10-16T19:00:00,2026-05-30T19:00:00,completed
RUN00006434,USR009663,HEALTH_RESERVE,2026-09-14T12:00:00,new_data,RULE_HR_V0.1,2026-01-20T18:00:00,2026-09-14T12:00:00,completed
RUN00006435,USR009665,MINDGUARD,2026-06-08T21:00:00,new_data,RULE_MG_V0.1,2025-11-07T21:00:00,2026-06-08T21:00:00,completed
RUN00006436,USR009665,HEALTH_RESERVE,2026-06-25T00:00:00,new_data,RULE_HR_V0.1,2025-11-12T00:00:00,2026-06-25T00:00:00,completed
RUN00006437,USR009666,MINDGUARD,2026-09-14T12:00:00,new_data,RULE_MG_V0.1,2026-01-07T17:00:00,2026-09-14T12:00:00,completed
RUN00006438,USR009666,HEALTH_RESERVE,2026-04-21T06:00:00,new_data,RULE_HR_V0.1,2025-12-26T06:00:00,2026-04-21T06:00:00,completed
RUN00006439,USR009670,HEALTH_RESERVE,2026-06-09T08:00:00,new_data,RULE_HR_V0.1,2026-02-23T08:00:00,2026-06-09T08:00:00,completed
RUN00006440,USR009671,HEALTH_RESERVE,2026-08-14T14:00:00,new_data,RULE_HR_V0.1,2025-12-10T14:00:00,2026-08-14T14:00:00,completed
RUN00006441,USR009672,HEALTH_RESERVE,2026-05-19T19:00:00,new_data,RULE_HR_V0.1,2025-11-14T19:00:00,2026-05-19T19:00:00,completed
RUN00006442,USR009675,MINDGUARD,2026-08-10T01:00:00,new_data,RULE_MG_V0.1,2025-10-14T01:00:00,2026-08-10T01:00:00,completed
RUN00006443,USR009676,MINDGUARD,2026-09-14T12:00:00,new_data,RULE_MG_V0.1,2026-01-13T01:00:00,2026-09-14T12:00:00,completed
RUN00006444,USR009678,MINDGUARD,2026-07-29T08:00:00,new_data,RULE_MG_V0.1,2026-01-13T08:00:00,2026-07-29T08:00:00,completed
RUN00006445,USR009680,MINDGUARD,2026-08-14T04:00:00,new_data,RULE_MG_V0.1,2026-02-02T04:00:00,2026-08-14T04:00:00,completed
RUN00006446,USR009680,HEALTH_RESERVE,2026-08-09T22:00:00,new_data,RULE_HR_V0.1,2026-01-31T22:00:00,2026-08-09T22:00:00,completed
RUN00006447,USR009683,MINDGUARD,2026-06-12T16:00:00,new_data,RULE_MG_V0.1,2025-10-10T16:00:00,2026-06-12T16:00:00,completed
RUN00006448,USR009686,MINDGUARD,2026-06-25T11:00:00,new_data,RULE_MG_V0.1,2025-12-22T11:00:00,2026-06-25T11:00:00,completed
RUN00006449,USR009687,MINDGUARD,2026-02-01T20:00:00,new_data,RULE_MG_V0.1,2025-10-24T20:00:00,2026-02-01T20:00:00,completed
RUN00006450,USR009688,MINDGUARD,2026-05-16T23:00:00,new_data,RULE_MG_V0.1,2025-11-27T23:00:00,2026-05-16T23:00:00,completed
RUN00006451,USR009689,MINDGUARD,2026-09-01T00:00:00,new_data,RULE_MG_V0.1,2025-11-16T00:00:00,2026-09-01T00:00:00,completed
RUN00006452,USR009691,MINDGUARD,2026-08-25T06:00:00,new_data,RULE_MG_V0.1,2025-11-01T06:00:00,2026-08-25T06:00:00,completed
RUN00006453,USR009692,HEALTH_RESERVE,2026-06-30T08:00:00,new_data,RULE_HR_V0.1,2025-09-20T08:00:00,2026-06-30T08:00:00,completed
RUN00006454,USR009693,MINDGUARD,2026-01-27T16:00:00,new_data,RULE_MG_V0.1,2025-10-03T16:00:00,2026-01-27T16:00:00,completed
RUN00006455,USR009694,MINDGUARD,2026-07-29T17:00:00,new_data,RULE_MG_V0.1,2025-12-11T17:00:00,2026-07-29T17:00:00,completed
RUN00006456,USR009696,MINDGUARD,2026-03-22T18:00:00,new_data,RULE_MG_V0.1,2025-10-14T18:00:00,2026-03-22T18:00:00,completed
RUN00006457,USR009697,MINDGUARD,2026-04-10T07:00:00,new_data,RULE_MG_V0.1,2025-11-18T07:00:00,2026-04-10T07:00:00,completed
RUN00006458,USR009698,MINDGUARD,2026-05-17T12:00:00,new_data,RULE_MG_V0.1,2025-10-09T12:00:00,2026-05-17T12:00:00,completed
RUN00006459,USR009699,MINDGUARD,2026-09-14T12:00:00,new_data,RULE_MG_V0.1,2026-01-29T03:00:00,2026-09-14T12:00:00,completed
RUN00006460,USR009700,MINDGUARD,2026-04-16T22:00:00,new_data,RULE_MG_V0.1,2025-11-25T22:00:00,2026-04-16T22:00:00,completed
RUN00006461,USR009701,MINDGUARD,2026-09-14T12:00:00,new_data,RULE_MG_V0.1,2026-02-02T09:00:00,2026-09-14T12:00:00,completed
RUN00006462,USR009704,MINDGUARD,2026-09-14T12:00:00,new_data,RULE_MG_V0.1,2025-12-30T02:00:00,2026-09-14T12:00:00,completed
RUN00006463,USR009705,MINDGUARD,2026-03-05T13:00:00,new_data,RULE_MG_V0.1,2025-09-28T13:00:00,2026-03-05T13:00:00,completed
RUN00006464,USR009706,MINDGUARD,2026-07-19T09:00:00,new_data,RULE_MG_V0.1,2025-11-23T09:00:00,2026-07-19T09:00:00,completed
RUN00006465,USR009707,MINDGUARD,2026-09-14T03:00:00,new_data,RULE_MG_V0.1,2026-01-24T03:00:00,2026-09-14T03:00:00,completed
RUN00006466,USR009708,MINDGUARD,2026-09-14T12:00:00,new_data,RULE_MG_V0.1,2026-02-13T10:00:00,2026-09-14T12:00:00,completed
RUN00006467,USR009709,MINDGUARD,2026-07-28T19:00:00,new_data,RULE_MG_V0.1,2026-02-07T19:00:00,2026-07-28T19:00:00,completed
RUN00006468,USR009709,HEALTH_RESERVE,2026-09-14T12:00:00,new_data,RULE_HR_V0.1,2026-02-08T17:00:00,2026-09-14T12:00:00,completed
RUN00006469,USR009710,MINDGUARD,2026-06-14T03:00:00,new_data,RULE_MG_V0.1,2025-12-07T03:00:00,2026-06-14T03:00:00,completed
RUN00006470,USR009711,MINDGUARD,2026-08-31T13:00:00,new_data,RULE_MG_V0.1,2025-12-14T13:00:00,2026-08-31T13:00:00,completed
RUN00006471,USR009711,HEALTH_RESERVE,2026-09-14T12:00:00,new_data,RULE_HR_V0.1,2025-12-16T09:00:00,2026-09-14T12:00:00,completed
RUN00006472,USR009712,MINDGUARD,2026-03-10T01:00:00,new_data,RULE_MG_V0.1,2025-09-25T01:00:00,2026-03-10T01:00:00,completed
RUN00006473,USR009713,MINDGUARD,2026-09-01T21:00:00,new_data,RULE_MG_V0.1,2025-12-01T21:00:00,2026-09-01T21:00:00,completed
RUN00006474,USR009716,MINDGUARD,2026-06-04T13:00:00,new_data,RULE_MG_V0.1,2026-02-05T13:00:00,2026-06-04T13:00:00,completed
RUN00006475,USR009716,HEALTH_RESERVE,2026-09-14T12:00:00,new_data,RULE_HR_V0.1,2026-02-12T14:00:00,2026-09-14T12:00:00,completed
RUN00006476,USR009717,MINDGUARD,2026-05-29T21:00:00,new_data,RULE_MG_V0.1,2025-10-26T21:00:00,2026-05-29T21:00:00,completed
RUN00006477,USR009718,MINDGUARD,2026-08-04T11:00:00,new_data,RULE_MG_V0.1,2025-10-15T11:00:00,2026-08-04T11:00:00,completed
RUN00006478,USR009719,MINDGUARD,2026-06-07T19:00:00,new_data,RULE_MG_V0.1,2025-12-18T19:00:00,2026-06-07T19:00:00,completed
RUN00006479,USR009720,MINDGUARD,2026-09-02T12:00:00,new_data,RULE_MG_V0.1,2025-11-17T12:00:00,2026-09-02T12:00:00,completed
RUN00006480,USR009723,MINDGUARD,2026-09-14T12:00:00,new_data,RULE_MG_V0.1,2025-12-23T19:00:00,2026-09-14T12:00:00,completed
RUN00006481,USR009724,MINDGUARD,2026-05-15T03:00:00,new_data,RULE_MG_V0.1,2025-12-15T03:00:00,2026-05-15T03:00:00,completed
RUN00006482,USR009725,MINDGUARD,2026-02-04T23:00:00,new_data,RULE_MG_V0.1,2025-10-16T23:00:00,2026-02-04T23:00:00,completed
RUN00006483,USR009726,HEALTH_RESERVE,2026-05-09T05:00:00,new_data,RULE_HR_V0.1,2025-09-30T05:00:00,2026-05-09T05:00:00,completed
RUN00006484,USR009727,MINDGUARD,2026-09-14T12:00:00,new_data,RULE_MG_V0.1,2026-02-16T03:00:00,2026-09-14T12:00:00,completed
RUN00006485,USR009728,MINDGUARD,2026-04-21T19:00:00,new_data,RULE_MG_V0.1,2025-12-07T19:00:00,2026-04-21T19:00:00,completed
RUN00006486,USR009732,MINDGUARD,2026-07-25T15:00:00,new_data,RULE_MG_V0.1,2026-02-14T15:00:00,2026-07-25T15:00:00,completed
RUN00006487,USR009733,MINDGUARD,2026-06-20T02:00:00,new_data,RULE_MG_V0.1,2025-11-12T02:00:00,2026-06-20T02:00:00,completed
RUN00006488,USR009735,MINDGUARD,2026-03-25T13:00:00,new_data,RULE_MG_V0.1,2025-10-02T13:00:00,2026-03-25T13:00:00,completed
RUN00006489,USR009737,MINDGUARD,2026-05-22T20:00:00,new_data,RULE_MG_V0.1,2026-02-15T20:00:00,2026-05-22T20:00:00,completed
RUN00006490,USR009738,HEALTH_RESERVE,2026-05-25T00:00:00,new_data,RULE_HR_V0.1,2025-11-30T00:00:00,2026-05-25T00:00:00,completed
RUN00006491,USR009739,MINDGUARD,2026-09-14T03:00:00,new_data,RULE_MG_V0.1,2026-01-06T03:00:00,2026-09-14T03:00:00,completed
RUN00006492,USR009740,MINDGUARD,2026-09-14T12:00:00,new_data,RULE_MG_V0.1,2026-01-31T01:00:00,2026-09-14T12:00:00,completed
RUN00006493,USR009742,MINDGUARD,2026-09-14T12:00:00,new_data,RULE_MG_V0.1,2026-01-12T02:00:00,2026-09-14T12:00:00,completed
RUN00006494,USR009743,HEALTH_RESERVE,2026-09-14T12:00:00,new_data,RULE_HR_V0.1,2026-02-06T05:00:00,2026-09-14T12:00:00,completed
RUN00006495,USR009745,HEALTH_RESERVE,2026-05-24T23:00:00,new_data,RULE_HR_V0.1,2025-11-20T23:00:00,2026-05-24T23:00:00,completed
RUN00006496,USR009746,HEALTH_RESERVE,2026-06-10T17:00:00,new_data,RULE_HR_V0.1,2026-02-11T17:00:00,2026-06-10T17:00:00,completed
RUN00006497,USR009747,HEALTH_RESERVE,2026-08-15T14:00:00,new_data,RULE_HR_V0.1,2025-12-20T14:00:00,2026-08-15T14:00:00,completed
RUN00006498,USR009748,MINDGUARD,2026-06-16T14:00:00,new_data,RULE_MG_V0.1,2025-10-23T14:00:00,2026-06-16T14:00:00,completed
RUN00006499,USR009748,HEALTH_RESERVE,2026-03-09T07:00:00,new_data,RULE_HR_V0.1,2025-10-17T07:00:00,2026-03-09T07:00:00,completed
RUN00006500,USR009750,MINDGUARD,2026-07-22T14:00:00,new_data,RULE_MG_V0.1,2026-01-07T14:00:00,2026-07-22T14:00:00,completed
RUN00006501,USR009750,HEALTH_RESERVE,2026-06-26T09:00:00,new_data,RULE_HR_V0.1,2026-01-03T09:00:00,2026-06-26T09:00:00,completed
RUN00006502,USR009754,HEALTH_RESERVE,2026-01-10T05:00:00,new_data,RULE_HR_V0.1,2025-09-24T05:00:00,2026-01-10T05:00:00,completed
RUN00006503,USR009755,MINDGUARD,2026-06-11T03:00:00,new_data,RULE_MG_V0.1,2026-01-10T03:00:00,2026-06-11T03:00:00,completed
RUN00006504,USR009756,MINDGUARD,2026-04-23T06:00:00,new_data,RULE_MG_V0.1,2025-12-30T06:00:00,2026-04-23T06:00:00,completed
RUN00006505,USR009757,HEALTH_RESERVE,2026-07-04T03:00:00,new_data,RULE_HR_V0.1,2025-12-05T03:00:00,2026-07-04T03:00:00,completed
RUN00006506,USR009758,MINDGUARD,2026-05-04T18:00:00,new_data,RULE_MG_V0.1,2026-01-17T18:00:00,2026-05-04T18:00:00,completed
RUN00006507,USR009758,HEALTH_RESERVE,2026-07-22T10:00:00,new_data,RULE_HR_V0.1,2026-01-29T10:00:00,2026-07-22T10:00:00,completed
RUN00006508,USR009759,HEALTH_RESERVE,2026-06-01T09:00:00,new_data,RULE_HR_V0.1,2025-12-08T09:00:00,2026-06-01T09:00:00,completed
RUN00006509,USR009761,MINDGUARD,2026-05-05T16:00:00,new_data,RULE_MG_V0.1,2025-11-20T16:00:00,2026-05-05T16:00:00,completed
RUN00006510,USR009764,HEALTH_RESERVE,2026-03-12T06:00:00,new_data,RULE_HR_V0.1,2025-10-03T06:00:00,2026-03-12T06:00:00,completed
RUN00006511,USR009765,MINDGUARD,2026-06-01T01:00:00,new_data,RULE_MG_V0.1,2025-11-27T01:00:00,2026-06-01T01:00:00,completed
RUN00006512,USR009767,HEALTH_RESERVE,2026-09-14T12:00:00,new_data,RULE_HR_V0.1,2026-01-01T13:00:00,2026-09-14T12:00:00,completed
RUN00006513,USR009770,MINDGUARD,2026-09-04T12:00:00,new_data,RULE_MG_V0.1,2025-11-17T12:00:00,2026-09-04T12:00:00,completed
RUN00006514,USR009772,HEALTH_RESERVE,2026-06-26T15:00:00,new_data,RULE_HR_V0.1,2025-12-22T15:00:00,2026-06-26T15:00:00,completed
RUN00006515,USR009773,MINDGUARD,2026-07-15T01:00:00,new_data,RULE_MG_V0.1,2025-11-03T01:00:00,2026-07-15T01:00:00,completed
RUN00006516,USR009777,HEALTH_RESERVE,2026-09-12T09:00:00,new_data,RULE_HR_V0.1,2026-02-01T09:00:00,2026-09-12T09:00:00,completed
RUN00006517,USR009780,MINDGUARD,2026-06-25T16:00:00,new_data,RULE_MG_V0.1,2026-02-22T16:00:00,2026-06-25T16:00:00,completed
RUN00006518,USR009780,HEALTH_RESERVE,2026-09-14T12:00:00,new_data,RULE_HR_V0.1,2026-02-11T21:00:00,2026-09-14T12:00:00,completed
RUN00006519,USR009782,HEALTH_RESERVE,2026-08-23T02:00:00,new_data,RULE_HR_V0.1,2026-02-12T02:00:00,2026-08-23T02:00:00,completed
RUN00006520,USR009783,MINDGUARD,2026-03-30T15:00:00,new_data,RULE_MG_V0.1,2025-11-15T15:00:00,2026-03-30T15:00:00,completed
RUN00006521,USR009784,MINDGUARD,2026-09-02T23:00:00,new_data,RULE_MG_V0.1,2026-02-15T23:00:00,2026-09-02T23:00:00,completed
RUN00006522,USR009785,MINDGUARD,2026-05-25T00:00:00,new_data,RULE_MG_V0.1,2026-01-02T00:00:00,2026-05-25T00:00:00,completed
RUN00006523,USR009787,HEALTH_RESERVE,2026-06-30T15:00:00,new_data,RULE_HR_V0.1,2025-09-25T15:00:00,2026-06-30T15:00:00,completed
RUN00006524,USR009788,HEALTH_RESERVE,2026-08-01T00:00:00,new_data,RULE_HR_V0.1,2026-01-28T00:00:00,2026-08-01T00:00:00,completed
RUN00006525,USR009789,HEALTH_RESERVE,2026-06-09T16:00:00,new_data,RULE_HR_V0.1,2025-12-07T16:00:00,2026-06-09T16:00:00,completed
RUN00006526,USR009791,HEALTH_RESERVE,2026-03-22T23:00:00,new_data,RULE_HR_V0.1,2025-11-13T23:00:00,2026-03-22T23:00:00,completed
RUN00006527,USR009792,MINDGUARD,2026-09-14T12:00:00,new_data,RULE_MG_V0.1,2026-01-23T17:00:00,2026-09-14T12:00:00,completed
RUN00006528,USR009795,MINDGUARD,2026-08-24T11:00:00,new_data,RULE_MG_V0.1,2025-12-12T11:00:00,2026-08-24T11:00:00,completed
RUN00006529,USR009795,HEALTH_RESERVE,2026-08-12T12:00:00,new_data,RULE_HR_V0.1,2025-12-17T12:00:00,2026-08-12T12:00:00,completed
RUN00006530,USR009799,MINDGUARD,2026-02-11T08:00:00,new_data,RULE_MG_V0.1,2025-11-05T08:00:00,2026-02-11T08:00:00,completed
RUN00006531,USR009800,HEALTH_RESERVE,2026-06-22T01:00:00,new_data,RULE_HR_V0.1,2025-12-05T01:00:00,2026-06-22T01:00:00,completed
RUN00006532,USR009801,MINDGUARD,2026-04-05T02:00:00,new_data,RULE_MG_V0.1,2025-12-06T02:00:00,2026-04-05T02:00:00,completed
RUN00006533,USR009802,HEALTH_RESERVE,2026-05-30T13:00:00,new_data,RULE_HR_V0.1,2025-11-21T13:00:00,2026-05-30T13:00:00,completed
RUN00006534,USR009804,HEALTH_RESERVE,2026-03-28T01:00:00,new_data,RULE_HR_V0.1,2025-11-22T01:00:00,2026-03-28T01:00:00,completed
RUN00006535,USR009806,MINDGUARD,2026-09-14T12:00:00,new_data,RULE_MG_V0.1,2026-02-19T05:00:00,2026-09-14T12:00:00,completed
RUN00006536,USR009807,MINDGUARD,2026-08-07T19:00:00,new_data,RULE_MG_V0.1,2026-01-13T19:00:00,2026-08-07T19:00:00,completed
RUN00006537,USR009808,HEALTH_RESERVE,2026-09-14T12:00:00,new_data,RULE_HR_V0.1,2026-01-02T23:00:00,2026-09-14T12:00:00,completed
RUN00006538,USR009809,HEALTH_RESERVE,2026-08-17T08:00:00,new_data,RULE_HR_V0.1,2026-02-14T08:00:00,2026-08-17T08:00:00,completed
RUN00006539,USR009810,MINDGUARD,2026-08-11T08:00:00,new_data,RULE_MG_V0.1,2026-01-03T08:00:00,2026-08-11T08:00:00,completed
RUN00006540,USR009812,MINDGUARD,2026-02-27T21:00:00,new_data,RULE_MG_V0.1,2025-10-14T21:00:00,2026-02-27T21:00:00,completed
RUN00006541,USR009813,MINDGUARD,2026-09-10T21:00:00,new_data,RULE_MG_V0.1,2026-02-13T21:00:00,2026-09-10T21:00:00,completed
RUN00006542,USR009813,HEALTH_RESERVE,2026-09-14T12:00:00,new_data,RULE_HR_V0.1,2026-02-13T14:00:00,2026-09-14T12:00:00,completed
RUN00006543,USR009814,MINDGUARD,2026-08-20T05:00:00,new_data,RULE_MG_V0.1,2025-11-01T05:00:00,2026-08-20T05:00:00,completed
RUN00006544,USR009816,HEALTH_RESERVE,2026-05-10T12:00:00,new_data,RULE_HR_V0.1,2025-12-09T12:00:00,2026-05-10T12:00:00,completed
RUN00006545,USR009818,HEALTH_RESERVE,2026-09-14T12:00:00,new_data,RULE_HR_V0.1,2025-12-07T04:00:00,2026-09-14T12:00:00,completed
RUN00006546,USR009819,HEALTH_RESERVE,2026-09-14T12:00:00,new_data,RULE_HR_V0.1,2026-01-09T15:00:00,2026-09-14T12:00:00,completed
RUN00006547,USR009821,MINDGUARD,2026-07-10T04:00:00,new_data,RULE_MG_V0.1,2026-02-01T04:00:00,2026-07-10T04:00:00,completed
RUN00006548,USR009822,MINDGUARD,2026-09-14T12:00:00,new_data,RULE_MG_V0.1,2026-01-05T10:00:00,2026-09-14T12:00:00,completed
RUN00006549,USR009823,MINDGUARD,2026-07-01T03:00:00,new_data,RULE_MG_V0.1,2026-02-12T03:00:00,2026-07-01T03:00:00,completed
RUN00006550,USR009825,MINDGUARD,2026-09-08T22:00:00,new_data,RULE_MG_V0.1,2026-01-06T22:00:00,2026-09-08T22:00:00,completed
RUN00006551,USR009828,MINDGUARD,2026-06-06T15:00:00,new_data,RULE_MG_V0.1,2026-01-03T15:00:00,2026-06-06T15:00:00,completed
RUN00006552,USR009829,MINDGUARD,2026-05-13T12:00:00,new_data,RULE_MG_V0.1,2025-09-24T12:00:00,2026-05-13T12:00:00,completed
RUN00006553,USR009831,MINDGUARD,2026-05-17T09:00:00,new_data,RULE_MG_V0.1,2026-01-13T09:00:00,2026-05-17T09:00:00,completed
RUN00006554,USR009835,MINDGUARD,2026-01-26T19:00:00,new_data,RULE_MG_V0.1,2025-10-06T19:00:00,2026-01-26T19:00:00,completed
RUN00006555,USR009836,MINDGUARD,2026-08-08T09:00:00,new_data,RULE_MG_V0.1,2025-11-30T09:00:00,2026-08-08T09:00:00,completed
RUN00006556,USR009837,MINDGUARD,2026-08-05T17:00:00,new_data,RULE_MG_V0.1,2025-11-20T17:00:00,2026-08-05T17:00:00,completed
RUN00006557,USR009840,MINDGUARD,2026-09-01T01:00:00,new_data,RULE_MG_V0.1,2026-02-04T01:00:00,2026-09-01T01:00:00,completed
RUN00006558,USR009843,MINDGUARD,2026-07-24T00:00:00,new_data,RULE_MG_V0.1,2026-01-18T00:00:00,2026-07-24T00:00:00,completed
RUN00006559,USR009844,HEALTH_RESERVE,2026-04-24T15:00:00,new_data,RULE_HR_V0.1,2025-12-09T15:00:00,2026-04-24T15:00:00,completed
RUN00006560,USR009845,MINDGUARD,2026-04-28T07:00:00,new_data,RULE_MG_V0.1,2026-01-25T07:00:00,2026-04-28T07:00:00,completed
RUN00006561,USR009848,MINDGUARD,2026-08-09T07:00:00,new_data,RULE_MG_V0.1,2026-01-20T07:00:00,2026-08-09T07:00:00,completed
RUN00006562,USR009850,HEALTH_RESERVE,2026-04-06T08:00:00,new_data,RULE_HR_V0.1,2025-11-30T08:00:00,2026-04-06T08:00:00,completed
RUN00006563,USR009851,MINDGUARD,2026-07-11T17:00:00,new_data,RULE_MG_V0.1,2025-11-07T17:00:00,2026-07-11T17:00:00,completed
RUN00006564,USR009853,MINDGUARD,2026-07-08T20:00:00,new_data,RULE_MG_V0.1,2026-01-11T20:00:00,2026-07-08T20:00:00,completed
RUN00006565,USR009854,MINDGUARD,2026-09-14T12:00:00,new_data,RULE_MG_V0.1,2026-01-16T19:00:00,2026-09-14T12:00:00,completed
RUN00006566,USR009855,MINDGUARD,2026-06-01T01:00:00,new_data,RULE_MG_V0.1,2025-11-29T01:00:00,2026-06-01T01:00:00,completed
RUN00006567,USR009855,HEALTH_RESERVE,2026-07-03T21:00:00,new_data,RULE_HR_V0.1,2025-12-12T21:00:00,2026-07-03T21:00:00,completed
RUN00006568,USR009856,MINDGUARD,2026-09-14T12:00:00,new_data,RULE_MG_V0.1,2026-02-21T03:00:00,2026-09-14T12:00:00,completed
RUN00006569,USR009859,HEALTH_RESERVE,2026-09-14T12:00:00,new_data,RULE_HR_V0.1,2026-01-18T01:00:00,2026-09-14T12:00:00,completed
RUN00006570,USR009860,HEALTH_RESERVE,2026-09-04T22:00:00,new_data,RULE_HR_V0.1,2025-11-13T22:00:00,2026-09-04T22:00:00,completed
RUN00006571,USR009861,MINDGUARD,2026-04-05T06:00:00,new_data,RULE_MG_V0.1,2025-11-03T06:00:00,2026-04-05T06:00:00,completed
RUN00006572,USR009862,MINDGUARD,2026-03-17T09:00:00,new_data,RULE_MG_V0.1,2025-09-29T09:00:00,2026-03-17T09:00:00,completed
RUN00006573,USR009862,HEALTH_RESERVE,2026-01-04T06:00:00,new_data,RULE_HR_V0.1,2025-10-01T06:00:00,2026-01-04T06:00:00,completed
RUN00006574,USR009864,MINDGUARD,2026-04-27T04:00:00,new_data,RULE_MG_V0.1,2025-12-29T04:00:00,2026-04-27T04:00:00,completed
RUN00006575,USR009865,MINDGUARD,2026-05-18T15:00:00,new_data,RULE_MG_V0.1,2026-01-20T15:00:00,2026-05-18T15:00:00,completed
RUN00006576,USR009867,MINDGUARD,2026-09-14T12:00:00,new_data,RULE_MG_V0.1,2025-12-30T17:00:00,2026-09-14T12:00:00,completed
RUN00006577,USR009869,MINDGUARD,2026-03-29T14:00:00,new_data,RULE_MG_V0.1,2025-12-11T14:00:00,2026-03-29T14:00:00,completed
RUN00006578,USR009874,MINDGUARD,2026-06-06T04:00:00,new_data,RULE_MG_V0.1,2026-02-08T04:00:00,2026-06-06T04:00:00,completed
RUN00006579,USR009875,MINDGUARD,2026-08-28T19:00:00,new_data,RULE_MG_V0.1,2026-01-21T19:00:00,2026-08-28T19:00:00,completed
RUN00006580,USR009875,HEALTH_RESERVE,2026-07-20T23:00:00,new_data,RULE_HR_V0.1,2026-01-17T23:00:00,2026-07-20T23:00:00,completed
RUN00006581,USR009876,MINDGUARD,2026-09-14T12:00:00,new_data,RULE_MG_V0.1,2026-01-16T14:00:00,2026-09-14T12:00:00,completed
RUN00006582,USR009877,MINDGUARD,2026-08-06T09:00:00,new_data,RULE_MG_V0.1,2025-12-17T09:00:00,2026-08-06T09:00:00,completed
RUN00006583,USR009878,MINDGUARD,2026-09-14T12:00:00,new_data,RULE_MG_V0.1,2026-02-10T22:00:00,2026-09-14T12:00:00,completed
RUN00006584,USR009880,MINDGUARD,2026-08-02T01:00:00,new_data,RULE_MG_V0.1,2025-12-21T01:00:00,2026-08-02T01:00:00,completed
RUN00006585,USR009884,MINDGUARD,2026-07-10T08:00:00,new_data,RULE_MG_V0.1,2026-01-09T08:00:00,2026-07-10T08:00:00,completed
RUN00006586,USR009886,MINDGUARD,2026-03-28T16:00:00,new_data,RULE_MG_V0.1,2025-10-27T16:00:00,2026-03-28T16:00:00,completed
RUN00006587,USR009887,MINDGUARD,2026-05-24T06:00:00,new_data,RULE_MG_V0.1,2025-10-03T06:00:00,2026-05-24T06:00:00,completed
RUN00006588,USR009888,MINDGUARD,2026-05-09T04:00:00,new_data,RULE_MG_V0.1,2026-01-17T04:00:00,2026-05-09T04:00:00,completed
RUN00006589,USR009889,MINDGUARD,2026-05-17T22:00:00,new_data,RULE_MG_V0.1,2025-10-05T22:00:00,2026-05-17T22:00:00,completed
RUN00006590,USR009890,MINDGUARD,2026-08-24T09:00:00,new_data,RULE_MG_V0.1,2025-11-04T09:00:00,2026-08-24T09:00:00,completed
RUN00006591,USR009892,HEALTH_RESERVE,2026-07-09T20:00:00,new_data,RULE_HR_V0.1,2025-11-08T20:00:00,2026-07-09T20:00:00,completed
RUN00006592,USR009893,MINDGUARD,2026-04-12T10:00:00,new_data,RULE_MG_V0.1,2025-09-26T10:00:00,2026-04-12T10:00:00,completed
RUN00006593,USR009894,MINDGUARD,2026-05-27T02:00:00,new_data,RULE_MG_V0.1,2025-12-22T02:00:00,2026-05-27T02:00:00,completed
RUN00006594,USR009895,MINDGUARD,2026-08-30T11:00:00,new_data,RULE_MG_V0.1,2025-11-27T11:00:00,2026-08-30T11:00:00,completed
RUN00006595,USR009896,HEALTH_RESERVE,2026-07-01T22:00:00,new_data,RULE_HR_V0.1,2026-01-24T22:00:00,2026-07-01T22:00:00,completed
RUN00006596,USR009897,MINDGUARD,2026-07-14T04:00:00,new_data,RULE_MG_V0.1,2025-11-25T04:00:00,2026-07-14T04:00:00,completed
RUN00006597,USR009899,MINDGUARD,2026-01-12T05:00:00,new_data,RULE_MG_V0.1,2025-09-25T05:00:00,2026-01-12T05:00:00,completed
RUN00006598,USR009902,HEALTH_RESERVE,2026-01-15T00:00:00,new_data,RULE_HR_V0.1,2025-10-01T00:00:00,2026-01-15T00:00:00,completed
RUN00006599,USR009903,MINDGUARD,2026-04-05T08:00:00,new_data,RULE_MG_V0.1,2025-11-28T08:00:00,2026-04-05T08:00:00,completed
RUN00006600,USR009904,MINDGUARD,2026-09-03T23:00:00,new_data,RULE_MG_V0.1,2025-11-24T23:00:00,2026-09-03T23:00:00,completed
RUN00006601,USR009905,MINDGUARD,2026-05-11T21:00:00,new_data,RULE_MG_V0.1,2025-11-13T21:00:00,2026-05-11T21:00:00,completed
RUN00006602,USR009907,MINDGUARD,2026-08-17T23:00:00,new_data,RULE_MG_V0.1,2026-01-29T23:00:00,2026-08-17T23:00:00,completed
RUN00006603,USR009908,MINDGUARD,2026-06-20T07:00:00,new_data,RULE_MG_V0.1,2025-12-21T07:00:00,2026-06-20T07:00:00,completed
RUN00006604,USR009910,MINDGUARD,2026-03-30T21:00:00,new_data,RULE_MG_V0.1,2025-10-27T21:00:00,2026-03-30T21:00:00,completed
RUN00006605,USR009912,MINDGUARD,2026-03-06T13:00:00,new_data,RULE_MG_V0.1,2025-10-05T13:00:00,2026-03-06T13:00:00,completed
RUN00006606,USR009913,MINDGUARD,2026-09-05T11:00:00,new_data,RULE_MG_V0.1,2026-01-09T11:00:00,2026-09-05T11:00:00,completed
RUN00006607,USR009914,MINDGUARD,2026-06-07T23:00:00,new_data,RULE_MG_V0.1,2025-12-22T23:00:00,2026-06-07T23:00:00,completed
RUN00006608,USR009915,MINDGUARD,2026-07-11T19:00:00,new_data,RULE_MG_V0.1,2026-02-23T19:00:00,2026-07-11T19:00:00,completed
RUN00006609,USR009917,MINDGUARD,2026-06-29T07:00:00,new_data,RULE_MG_V0.1,2026-01-14T07:00:00,2026-06-29T07:00:00,completed
RUN00006610,USR009918,MINDGUARD,2026-03-26T11:00:00,new_data,RULE_MG_V0.1,2025-11-24T11:00:00,2026-03-26T11:00:00,completed
RUN00006611,USR009919,MINDGUARD,2026-07-17T06:00:00,new_data,RULE_MG_V0.1,2026-01-26T06:00:00,2026-07-17T06:00:00,completed
RUN00006612,USR009920,MINDGUARD,2026-07-17T14:00:00,new_data,RULE_MG_V0.1,2025-11-16T14:00:00,2026-07-17T14:00:00,completed
RUN00006613,USR009920,HEALTH_RESERVE,2026-08-27T22:00:00,new_data,RULE_HR_V0.1,2025-11-28T22:00:00,2026-08-27T22:00:00,completed
RUN00006614,USR009921,MINDGUARD,2026-05-23T14:00:00,new_data,RULE_MG_V0.1,2025-10-27T14:00:00,2026-05-23T14:00:00,completed
RUN00006615,USR009921,HEALTH_RESERVE,2026-05-01T23:00:00,new_data,RULE_HR_V0.1,2025-10-25T23:00:00,2026-05-01T23:00:00,completed
RUN00006616,USR009922,HEALTH_RESERVE,2026-07-14T06:00:00,new_data,RULE_HR_V0.1,2026-02-04T06:00:00,2026-07-14T06:00:00,completed
RUN00006617,USR009923,MINDGUARD,2026-02-09T18:00:00,new_data,RULE_MG_V0.1,2025-10-04T18:00:00,2026-02-09T18:00:00,completed
RUN00006618,USR009924,MINDGUARD,2026-09-14T12:00:00,new_data,RULE_MG_V0.1,2026-01-24T17:00:00,2026-09-14T12:00:00,completed
RUN00006619,USR009924,HEALTH_RESERVE,2026-09-08T10:00:00,new_data,RULE_HR_V0.1,2026-01-23T10:00:00,2026-09-08T10:00:00,completed
RUN00006620,USR009925,MINDGUARD,2026-01-19T22:00:00,new_data,RULE_MG_V0.1,2025-10-01T22:00:00,2026-01-19T22:00:00,completed
RUN00006621,USR009926,MINDGUARD,2026-05-27T10:00:00,new_data,RULE_MG_V0.1,2025-12-28T10:00:00,2026-05-27T10:00:00,completed
RUN00006622,USR009927,MINDGUARD,2026-04-02T10:00:00,new_data,RULE_MG_V0.1,2025-11-02T10:00:00,2026-04-02T10:00:00,completed
RUN00006623,USR009928,HEALTH_RESERVE,2026-09-14T12:00:00,new_data,RULE_HR_V0.1,2026-02-17T13:00:00,2026-09-14T12:00:00,completed
RUN00006624,USR009931,HEALTH_RESERVE,2026-06-23T21:00:00,new_data,RULE_HR_V0.1,2026-01-04T21:00:00,2026-06-23T21:00:00,completed
RUN00006625,USR009932,MINDGUARD,2026-05-07T17:00:00,new_data,RULE_MG_V0.1,2025-12-02T17:00:00,2026-05-07T17:00:00,completed
RUN00006626,USR009934,HEALTH_RESERVE,2026-09-14T12:00:00,new_data,RULE_HR_V0.1,2026-01-14T01:00:00,2026-09-14T12:00:00,completed
RUN00006627,USR009937,MINDGUARD,2026-09-14T12:00:00,new_data,RULE_MG_V0.1,2026-01-09T17:00:00,2026-09-14T12:00:00,completed
RUN00006628,USR009940,MINDGUARD,2026-04-22T00:00:00,new_data,RULE_MG_V0.1,2025-11-05T00:00:00,2026-04-22T00:00:00,completed
RUN00006629,USR009941,MINDGUARD,2026-05-08T19:00:00,new_data,RULE_MG_V0.1,2025-10-24T19:00:00,2026-05-08T19:00:00,completed
RUN00006630,USR009942,MINDGUARD,2026-08-26T11:00:00,new_data,RULE_MG_V0.1,2026-02-10T11:00:00,2026-08-26T11:00:00,completed
RUN00006631,USR009943,MINDGUARD,2026-03-25T23:00:00,new_data,RULE_MG_V0.1,2025-10-26T23:00:00,2026-03-25T23:00:00,completed
RUN00006632,USR009943,HEALTH_RESERVE,2026-06-19T01:00:00,new_data,RULE_HR_V0.1,2025-10-21T01:00:00,2026-06-19T01:00:00,completed
RUN00006633,USR009946,HEALTH_RESERVE,2026-09-14T12:00:00,new_data,RULE_HR_V0.1,2026-01-04T08:00:00,2026-09-14T12:00:00,completed
RUN00006634,USR009947,HEALTH_RESERVE,2026-05-26T05:00:00,new_data,RULE_HR_V0.1,2026-02-10T05:00:00,2026-05-26T05:00:00,completed
RUN00006635,USR009949,MINDGUARD,2026-07-29T13:00:00,new_data,RULE_MG_V0.1,2026-02-02T13:00:00,2026-07-29T13:00:00,completed
RUN00006636,USR009951,MINDGUARD,2026-08-15T21:00:00,new_data,RULE_MG_V0.1,2026-01-23T21:00:00,2026-08-15T21:00:00,completed
RUN00006637,USR009952,MINDGUARD,2026-05-19T07:00:00,new_data,RULE_MG_V0.1,2025-09-28T07:00:00,2026-05-19T07:00:00,completed
RUN00006638,USR009953,MINDGUARD,2026-02-07T18:00:00,new_data,RULE_MG_V0.1,2025-10-23T18:00:00,2026-02-07T18:00:00,completed
RUN00006639,USR009953,HEALTH_RESERVE,2026-02-06T12:00:00,new_data,RULE_HR_V0.1,2025-10-28T12:00:00,2026-02-06T12:00:00,completed
RUN00006640,USR009955,MINDGUARD,2026-05-31T13:00:00,new_data,RULE_MG_V0.1,2026-01-19T13:00:00,2026-05-31T13:00:00,completed
RUN00006641,USR009956,HEALTH_RESERVE,2026-06-24T18:00:00,new_data,RULE_HR_V0.1,2025-12-21T18:00:00,2026-06-24T18:00:00,completed
RUN00006642,USR009958,HEALTH_RESERVE,2026-09-09T09:00:00,new_data,RULE_HR_V0.1,2025-12-01T09:00:00,2026-09-09T09:00:00,completed
RUN00006643,USR009959,MINDGUARD,2026-02-03T21:00:00,new_data,RULE_MG_V0.1,2025-09-29T21:00:00,2026-02-03T21:00:00,completed
RUN00006644,USR009960,MINDGUARD,2026-09-14T12:00:00,new_data,RULE_MG_V0.1,2026-01-25T06:00:00,2026-09-14T12:00:00,completed
RUN00006645,USR009961,HEALTH_RESERVE,2026-07-27T03:00:00,new_data,RULE_HR_V0.1,2025-11-09T03:00:00,2026-07-27T03:00:00,completed
RUN00006646,USR009962,MINDGUARD,2026-08-28T02:00:00,new_data,RULE_MG_V0.1,2025-11-25T02:00:00,2026-08-28T02:00:00,completed
RUN00006647,USR009964,HEALTH_RESERVE,2026-05-26T18:00:00,new_data,RULE_HR_V0.1,2026-02-14T18:00:00,2026-05-26T18:00:00,completed
RUN00006648,USR009967,MINDGUARD,2026-04-18T07:00:00,new_data,RULE_MG_V0.1,2025-11-28T07:00:00,2026-04-18T07:00:00,completed
RUN00006649,USR009968,MINDGUARD,2026-05-29T16:00:00,new_data,RULE_MG_V0.1,2026-01-06T16:00:00,2026-05-29T16:00:00,completed
RUN00006650,USR009969,MINDGUARD,2026-08-18T19:00:00,new_data,RULE_MG_V0.1,2025-10-26T19:00:00,2026-08-18T19:00:00,completed
RUN00006651,USR009970,MINDGUARD,2026-05-19T15:00:00,new_data,RULE_MG_V0.1,2025-10-14T15:00:00,2026-05-19T15:00:00,completed
RUN00006652,USR009971,MINDGUARD,2026-04-25T19:00:00,new_data,RULE_MG_V0.1,2025-10-13T19:00:00,2026-04-25T19:00:00,completed
RUN00006653,USR009973,HEALTH_RESERVE,2026-07-15T21:00:00,new_data,RULE_HR_V0.1,2026-01-11T21:00:00,2026-07-15T21:00:00,completed
RUN00006654,USR009975,MINDGUARD,2026-05-20T07:00:00,new_data,RULE_MG_V0.1,2026-01-12T07:00:00,2026-05-20T07:00:00,completed
RUN00006655,USR009979,MINDGUARD,2026-07-11T03:00:00,new_data,RULE_MG_V0.1,2025-12-25T03:00:00,2026-07-11T03:00:00,completed
RUN00006656,USR009980,MINDGUARD,2026-09-14T12:00:00,new_data,RULE_MG_V0.1,2026-01-22T02:00:00,2026-09-14T12:00:00,completed
RUN00006657,USR009981,HEALTH_RESERVE,2026-08-26T02:00:00,new_data,RULE_HR_V0.1,2026-02-22T02:00:00,2026-08-26T02:00:00,completed
RUN00006658,USR009982,MINDGUARD,2026-01-13T05:00:00,new_data,RULE_MG_V0.1,2025-10-10T05:00:00,2026-01-13T05:00:00,completed
RUN00006659,USR009983,MINDGUARD,2026-06-05T07:00:00,new_data,RULE_MG_V0.1,2025-10-28T07:00:00,2026-06-05T07:00:00,completed
RUN00006660,USR009986,MINDGUARD,2026-05-31T18:00:00,new_data,RULE_MG_V0.1,2025-12-05T18:00:00,2026-05-31T18:00:00,completed
RUN00006661,USR009987,HEALTH_RESERVE,2026-02-10T21:00:00,new_data,RULE_HR_V0.1,2025-10-24T21:00:00,2026-02-10T21:00:00,completed
RUN00006662,USR009988,MINDGUARD,2026-09-14T12:00:00,new_data,RULE_MG_V0.1,2026-01-04T21:00:00,2026-09-14T12:00:00,completed
RUN00006663,USR009989,MINDGUARD,2026-02-23T05:00:00,new_data,RULE_MG_V0.1,2025-10-01T05:00:00,2026-02-23T05:00:00,completed
RUN00006664,USR009990,MINDGUARD,2026-09-14T12:00:00,new_data,RULE_MG_V0.1,2026-01-27T16:00:00,2026-09-14T12:00:00,completed
RUN00006665,USR009991,MINDGUARD,2026-02-26T11:00:00,new_data,RULE_MG_V0.1,2025-11-17T11:00:00,2026-02-26T11:00:00,completed
RUN00006666,USR009993,MINDGUARD,2026-07-12T06:00:00,new_data,RULE_MG_V0.1,2026-01-21T06:00:00,2026-07-12T06:00:00,completed
RUN00006667,USR009994,MINDGUARD,2026-09-14T12:00:00,new_data,RULE_MG_V0.1,2025-12-30T16:00:00,2026-09-14T12:00:00,completed
RUN00006668,USR009995,HEALTH_RESERVE,2026-09-14T12:00:00,new_data,RULE_HR_V0.1,2026-01-18T06:00:00,2026-09-14T12:00:00,completed
RUN00006669,USR009997,HEALTH_RESERVE,2026-04-13T18:00:00,new_data,RULE_HR_V0.1,2025-10-20T18:00:00,2026-04-13T18:00:00,completed
RUN00006670,USR009998,MINDGUARD,2026-02-15T07:00:00,new_data,RULE_MG_V0.1,2025-10-27T07:00:00,2026-02-15T07:00:00,completed
