enrollment_id,user_id,product_code,enrollment_status,enrolled_at,discontinued_at
ENR00000001,USR000001,MINDGUARD,active,2025-12-13T11:00:00,
ENR00000002,USR000002,MINDGUARD,active,2025-12-20T18:00:00,
ENR00000003,USR000003,MINDGUARD,active,2025-11-15T21:00:00,
ENR00000004,USR000004,MINDGUARD,active,2026-01-08T05:00:00,
ENR00000005,USR000005,MINDGUARD,active,2025-12-28T22:00:00,
ENR00000006,USR000005,HEALTH_RESERVE,active,2025-12-17T19:00:00,
ENR00000007,USR000006,MINDGUARD,active,2025-10-17T07:00:00,
ENR00000008,USR000006,HEALTH_RESERVE,active,2025-10-16T01:00:00,
ENR00000009,USR000007,MINDGUARD,active,2025-11-02T05:00:00,
ENR00000010,USR000008,MINDGUARD,active,2026-02-16T03:00:00,
ENR00000011,USR000009,MINDGUARD,active,2025-10-04T13:00:00,
ENR00000012,USR000010,HEALTH_RESERVE,active,2025-11-23T07:00:00,
ENR00000013,USR000011,MINDGUARD,active,2026-01-28T07:00:00,
ENR00000014,USR000012,MINDGUARD,active,2025-10-14T09:00:00,
ENR00000015,USR000012,HEALTH_RESERVE,active,2025-10-22T03:00:00,
ENR00000016,USR000013,MINDGUARD,active,2026-01-21T11:00:00,
ENR00000017,USR000013,HEALTH_RESERVE,active,2026-01-15T03:00:00,
ENR00000018,USR000014,HEALTH_RESERVE,active,2025-12-10T13:00:00,
ENR00000019,USR000015,MINDGUARD,active,2025-09-18T15:00:00,
ENR00000020,USR000016,HEALTH_RESERVE,active,2025-11-19T12:00:00,
ENR00000021,USR000017,MINDGUARD,active,2025-11-26T18:00:00,
ENR00000022,USR000017,HEALTH_RESERVE,active,2025-11-25T17:00:00,
ENR00000023,USR000018,MINDGUARD,active,2026-02-10T13:00:00,
ENR00000024,USR000019,MINDGUARD,active,2025-12-15T18:00:00,
ENR00000025,USR000020,HEALTH_RESERVE,active,2026-01-13T12:00:00,
ENR00000026,USR000021,MINDGUARD,active,2025-11-06T22:00:00,
ENR00000027,USR000022,MINDGUARD,active,2025-12-25T05:00:00,
ENR00000028,USR000022,HEALTH_RESERVE,active,2026-01-02T00:00:00,
ENR00000029,USR000023,MINDGUARD,active,2026-02-06T04:00:00,
ENR00000030,USR000024,MINDGUARD,active,2025-11-15T19:00:00,
ENR00000031,USR000025,MINDGUARD,active,2025-11-13T04:00:00,
ENR00000032,USR000026,MINDGUARD,active,2026-01-19T07:00:00,
ENR00000033,USR000027,HEALTH_RESERVE,active,2025-10-16T21:00:00,
ENR00000034,USR000028,MINDGUARD,active,2026-01-21T17:00:00,
ENR00000035,USR000028,HEALTH_RESERVE,active,2026-01-27T19:00:00,
ENR00000036,USR000029,MINDGUARD,active,2025-10-13T21:00:00,
ENR00000037,USR000030,MINDGUARD,active,2025-10-02T23:00:00,
ENR00000038,USR000031,MINDGUARD,active,2025-10-08T19:00:00,
ENR00000039,USR000031,HEALTH_RESERVE,active,2025-10-01T18:00:00,
ENR00000040,USR000032,MINDGUARD,active,2025-10-17T16:00:00,
ENR00000041,USR000033,MINDGUARD,active,2025-10-13T23:00:00,
ENR00000042,USR000033,HEALTH_RESERVE,active,2025-10-09T16:00:00,
ENR00000043,USR000034,MINDGUARD,active,2025-10-08T06:00:00,
ENR00000044,USR000035,MINDGUARD,active,2025-11-13T12:00:00,
ENR00000045,USR000036,MINDGUARD,active,2025-11-13T15:00:00,
ENR00000046,USR000036,HEALTH_RESERVE,active,2025-11-13T01:00:00,
ENR00000047,USR000037,MINDGUARD,active,2025-12-31T10:00:00,
ENR00000048,USR000038,MINDGUARD,active,2025-10-25T03:00:00,
ENR00000049,USR000039,MINDGUARD,active,2026-02-13T03:00:00,
ENR00000050,USR000039,HEALTH_RESERVE,active,2026-02-21T18:00:00,
ENR00000051,USR000040,HEALTH_RESERVE,active,2026-02-06T11:00:00,
ENR00000052,USR000041,MINDGUARD,active,2026-02-06T12:00:00,
ENR00000053,USR000042,MINDGUARD,active,2026-01-19T13:00:00,
ENR00000054,USR000042,HEALTH_RESERVE,active,2026-01-25T10:00:00,
ENR00000055,USR000043,MINDGUARD,active,2025-09-27T06:00:00,
ENR00000056,USR000044,MINDGUARD,active,2025-12-15T19:00:00,
ENR00000057,USR000044,HEALTH_RESERVE,active,2025-12-11T14:00:00,
ENR00000058,USR000045,MINDGUARD,active,2025-11-13T23:00:00,
ENR00000059,USR000045,HEALTH_RESERVE,active,2025-11-15T12:00:00,
ENR00000060,USR000046,MINDGUARD,active,2025-10-23T09:00:00,
ENR00000061,USR000047,MINDGUARD,active,2026-01-15T07:00:00,
ENR00000062,USR000048,HEALTH_RESERVE,active,2025-10-28T20:00:00,
ENR00000063,USR000049,MINDGUARD,active,2026-01-03T13:00:00,
ENR00000064,USR000049,HEALTH_RESERVE,active,2026-01-09T05:00:00,
ENR00000065,USR000050,MINDGUARD,active,2025-09-28T10:00:00,
ENR00000066,USR000051,MINDGUARD,active,2025-12-13T14:00:00,
ENR00000067,USR000052,MINDGUARD,active,2025-10-07T01:00:00,
ENR00000068,USR000053,HEALTH_RESERVE,active,2025-12-16T19:00:00,
ENR00000069,USR000054,MINDGUARD,active,2026-01-24T06:00:00,
ENR00000070,USR000055,MINDGUARD,active,2025-10-11T01:00:00,
ENR00000071,USR000055,HEALTH_RESERVE,active,2025-10-07T22:00:00,
ENR00000072,USR000056,MINDGUARD,active,2025-12-26T20:00:00,
ENR00000073,USR000057,MINDGUARD,active,2025-12-31T18:00:00,
ENR00000074,USR000058,HEALTH_RESERVE,active,2025-11-21T10:00:00,
ENR00000075,USR000059,MINDGUARD,active,2025-12-28T06:00:00,
ENR00000076,USR000060,MINDGUARD,active,2025-12-06T02:00:00,
ENR00000077,USR000061,MINDGUARD,active,2025-12-26T08:00:00,
ENR00000078,USR000061,HEALTH_RESERVE,active,2026-01-02T05:00:00,
ENR00000079,USR000062,MINDGUARD,active,2025-10-17T09:00:00,
ENR00000080,USR000062,HEALTH_RESERVE,active,2025-10-13T04:00:00,
ENR00000081,USR000063,HEALTH_RESERVE,active,2026-01-06T14:00:00,
ENR00000082,USR000064,MINDGUARD,active,2025-10-31T15:00:00,
ENR00000083,USR000065,MINDGUARD,active,2026-01-09T17:00:00,
ENR00000084,USR000065,HEALTH_RESERVE,active,2026-01-04T10:00:00,
ENR00000085,USR000066,MINDGUARD,active,2025-11-05T22:00:00,
ENR00000086,USR000067,HEALTH_RESERVE,active,2025-12-30T03:00:00,
ENR00000087,USR000068,MINDGUARD,active,2025-10-09T02:00:00,
ENR00000088,USR000069,MINDGUARD,active,2025-09-27T07:00:00,
ENR00000089,USR000070,MINDGUARD,active,2026-01-14T06:00:00,
ENR00000090,USR000071,MINDGUARD,active,2025-09-23T22:00:00,
ENR00000091,USR000072,MINDGUARD,active,2025-10-17T02:00:00,
ENR00000092,USR000072,HEALTH_RESERVE,active,2025-10-25T22:00:00,
ENR00000093,USR000073,MINDGUARD,active,2025-12-05T19:00:00,
ENR00000094,USR000073,HEALTH_RESERVE,active,2025-11-29T00:00:00,
ENR00000095,USR000074,MINDGUARD,active,2026-01-30T18:00:00,
ENR00000096,USR000075,MINDGUARD,active,2026-02-08T08:00:00,
ENR00000097,USR000076,MINDGUARD,active,2025-12-20T10:00:00,
ENR00000098,USR000076,HEALTH_RESERVE,active,2025-12-18T04:00:00,
ENR00000099,USR000077,HEALTH_RESERVE,active,2025-12-03T15:00:00,
ENR00000100,USR000078,MINDGUARD,active,2025-10-06T19:00:00,
ENR00000101,USR000079,MINDGUARD,active,2026-01-07T19:00:00,
ENR00000102,USR000080,MINDGUARD,active,2026-01-29T01:00:00,
ENR00000103,USR000081,HEALTH_RESERVE,active,2025-11-22T08:00:00,
ENR00000104,USR000082,MINDGUARD,active,2025-10-12T06:00:00,
ENR00000105,USR000083,MINDGUARD,active,2025-10-12T13:00:00,
ENR00000106,USR000084,HEALTH_RESERVE,active,2025-12-23T10:00:00,
ENR00000107,USR000085,HEALTH_RESERVE,active,2025-12-16T12:00:00,
ENR00000108,USR000086,MINDGUARD,active,2025-12-18T21:00:00,
ENR00000109,USR000087,MINDGUARD,active,2025-12-07T05:00:00,
ENR00000110,USR000088,MINDGUARD,active,2025-12-26T19:00:00,
ENR00000111,USR000088,HEALTH_RESERVE,active,2026-01-01T19:00:00,
ENR00000112,USR000089,MINDGUARD,active,2025-10-04T00:00:00,
ENR00000113,USR000089,HEALTH_RESERVE,active,2025-10-01T00:00:00,
ENR00000114,USR000090,MINDGUARD,active,2026-02-11T23:00:00,
ENR00000115,USR000091,MINDGUARD,active,2025-10-06T12:00:00,
ENR00000116,USR000092,MINDGUARD,active,2025-10-20T10:00:00,
ENR00000117,USR000093,MINDGUARD,active,2026-01-23T18:00:00,
ENR00000118,USR000093,HEALTH_RESERVE,active,2026-01-31T14:00:00,
ENR00000119,USR000094,MINDGUARD,active,2025-12-22T21:00:00,
ENR00000120,USR000095,MINDGUARD,active,2025-11-03T03:00:00,
ENR00000121,USR000095,HEALTH_RESERVE,active,2025-11-02T03:00:00,
ENR00000122,USR000096,MINDGUARD,active,2026-01-16T05:00:00,
ENR00000123,USR000097,MINDGUARD,active,2025-11-05T07:00:00,
ENR00000124,USR000098,MINDGUARD,active,2026-02-06T10:00:00,
ENR00000125,USR000099,MINDGUARD,active,2026-02-14T22:00:00,
ENR00000126,USR000099,HEALTH_RESERVE,active,2026-02-17T06:00:00,
ENR00000127,USR000100,MINDGUARD,active,2025-11-18T06:00:00,
ENR00000128,USR000101,MINDGUARD,active,2026-02-12T08:00:00,
ENR00000129,USR000102,MINDGUARD,active,2025-09-24T03:00:00,
ENR00000130,USR000103,MINDGUARD,active,2025-12-19T06:00:00,
ENR00000131,USR000104,MINDGUARD,active,2025-11-10T06:00:00,
ENR00000132,USR000105,HEALTH_RESERVE,active,2025-10-13T15:00:00,
ENR00000133,USR000106,HEALTH_RESERVE,active,2025-12-08T13:00:00,
ENR00000134,USR000107,MINDGUARD,active,2026-01-17T04:00:00,
ENR00000135,USR000108,HEALTH_RESERVE,active,2026-02-08T06:00:00,
ENR00000136,USR000109,MINDGUARD,active,2026-01-08T19:00:00,
ENR00000137,USR000109,HEALTH_RESERVE,active,2026-01-15T19:00:00,
ENR00000138,USR000110,MINDGUARD,active,2025-10-27T08:00:00,
ENR00000139,USR000111,HEALTH_RESERVE,active,2025-12-25T10:00:00,
ENR00000140,USR000112,HEALTH_RESERVE,active,2025-10-13T00:00:00,
ENR00000141,USR000113,MINDGUARD,active,2025-11-16T00:00:00,
ENR00000142,USR000114,MINDGUARD,active,2025-11-10T21:00:00,
ENR00000143,USR000115,HEALTH_RESERVE,active,2025-12-21T11:00:00,
ENR00000144,USR000116,MINDGUARD,active,2025-12-31T23:00:00,
ENR00000145,USR000117,MINDGUARD,active,2025-09-30T22:00:00,
ENR00000146,USR000118,HEALTH_RESERVE,active,2026-01-13T14:00:00,
ENR00000147,USR000119,HEALTH_RESERVE,active,2025-10-08T17:00:00,
ENR00000148,USR000120,HEALTH_RESERVE,active,2025-09-20T04:00:00,
ENR00000149,USR000121,MINDGUARD,active,2026-01-31T15:00:00,
ENR00000150,USR000122,MINDGUARD,active,2026-01-05T07:00:00,
ENR00000151,USR000122,HEALTH_RESERVE,active,2026-01-03T04:00:00,
ENR00000152,USR000123,MINDGUARD,active,2025-10-23T09:00:00,
ENR00000153,USR000123,HEALTH_RESERVE,active,2025-10-24T08:00:00,
ENR00000154,USR000124,MINDGUARD,active,2025-10-27T07:00:00,
ENR00000155,USR000125,MINDGUARD,active,2025-11-16T01:00:00,
ENR00000156,USR000126,MINDGUARD,active,2025-11-22T13:00:00,
ENR00000157,USR000127,HEALTH_RESERVE,active,2025-12-07T11:00:00,
ENR00000158,USR000128,MINDGUARD,active,2025-10-20T17:00:00,
ENR00000159,USR000129,MINDGUARD,active,2026-02-16T06:00:00,
ENR00000160,USR000130,MINDGUARD,active,2026-01-18T00:00:00,
ENR00000161,USR000131,MINDGUARD,active,2026-01-18T02:00:00,
ENR00000162,USR000132,MINDGUARD,active,2025-11-26T21:00:00,
ENR00000163,USR000132,HEALTH_RESERVE,active,2025-11-22T20:00:00,
ENR00000164,USR000133,MINDGUARD,active,2025-11-06T15:00:00,
ENR00000165,USR000133,HEALTH_RESERVE,active,2025-11-13T17:00:00,
ENR00000166,USR000134,MINDGUARD,active,2025-10-09T13:00:00,
ENR00000167,USR000134,HEALTH_RESERVE,active,2025-10-19T20:00:00,
ENR00000168,USR000135,MINDGUARD,active,2025-12-29T03:00:00,
ENR00000169,USR000135,HEALTH_RESERVE,active,2025-12-29T02:00:00,
ENR00000170,USR000136,MINDGUARD,active,2025-09-27T01:00:00,
ENR00000171,USR000137,MINDGUARD,active,2026-01-05T11:00:00,
ENR00000172,USR000138,MINDGUARD,active,2026-02-06T17:00:00,
ENR00000173,USR000138,HEALTH_RESERVE,active,2026-02-06T17:00:00,
ENR00000174,USR000139,MINDGUARD,active,2025-10-02T03:00:00,
ENR00000175,USR000139,HEALTH_RESERVE,active,2025-09-23T01:00:00,
ENR00000176,USR000140,MINDGUARD,active,2025-12-02T10:00:00,
ENR00000177,USR000141,MINDGUARD,active,2025-12-03T23:00:00,
ENR00000178,USR000142,HEALTH_RESERVE,active,2025-11-10T16:00:00,
ENR00000179,USR000143,MINDGUARD,active,2025-09-28T16:00:00,
ENR00000180,USR000144,MINDGUARD,active,2026-01-22T10:00:00,
ENR00000181,USR000145,MINDGUARD,discontinued,2025-10-27T09:00:00,2026-04-20T10:17:00
ENR00000182,USR000145,HEALTH_RESERVE,active,2025-11-03T07:00:00,
ENR00000183,USR000146,MINDGUARD,active,2025-10-15T13:00:00,
ENR00000184,USR000146,HEALTH_RESERVE,active,2025-10-22T06:00:00,
ENR00000185,USR000147,HEALTH_RESERVE,active,2025-12-23T14:00:00,
ENR00000186,USR000148,MINDGUARD,active,2026-01-24T03:00:00,
ENR00000187,USR000148,HEALTH_RESERVE,active,2026-01-25T00:00:00,
ENR00000188,USR000149,MINDGUARD,active,2025-11-23T00:00:00,
ENR00000189,USR000150,MINDGUARD,active,2025-10-08T16:00:00,
ENR00000190,USR000150,HEALTH_RESERVE,active,2025-10-20T16:00:00,
ENR00000191,USR000151,HEALTH_RESERVE,active,2026-01-13T04:00:00,
ENR00000192,USR000152,MINDGUARD,active,2025-10-05T20:00:00,
ENR00000193,USR000153,HEALTH_RESERVE,active,2025-12-02T20:00:00,
ENR00000194,USR000154,MINDGUARD,active,2025-10-07T09:00:00,
ENR00000195,USR000154,HEALTH_RESERVE,active,2025-10-06T12:00:00,
ENR00000196,USR000155,MINDGUARD,active,2026-01-02T18:00:00,
ENR00000197,USR000155,HEALTH_RESERVE,active,2026-01-11T19:00:00,
ENR00000198,USR000156,MINDGUARD,active,2025-11-10T23:00:00,
ENR00000199,USR000157,MINDGUARD,active,2025-11-23T20:00:00,
ENR00000200,USR000158,MINDGUARD,active,2025-10-21T20:00:00,
ENR00000201,USR000159,MINDGUARD,active,2025-10-19T19:00:00,
ENR00000202,USR000160,MINDGUARD,active,2025-10-04T00:00:00,
ENR00000203,USR000161,HEALTH_RESERVE,active,2025-09-25T19:00:00,
ENR00000204,USR000162,MINDGUARD,active,2026-01-30T19:00:00,
ENR00000205,USR000163,MINDGUARD,active,2026-01-22T17:00:00,
ENR00000206,USR000164,MINDGUARD,active,2025-11-24T11:00:00,
ENR00000207,USR000165,MINDGUARD,active,2026-01-23T02:00:00,
ENR00000208,USR000165,HEALTH_RESERVE,active,2026-02-01T07:00:00,
ENR00000209,USR000166,MINDGUARD,active,2025-10-03T13:00:00,
ENR00000210,USR000167,MINDGUARD,active,2026-01-29T01:00:00,
ENR00000211,USR000168,MINDGUARD,active,2026-01-17T03:00:00,
ENR00000212,USR000168,HEALTH_RESERVE,active,2026-01-24T21:00:00,
ENR00000213,USR000169,MINDGUARD,active,2025-12-09T12:00:00,
ENR00000214,USR000170,MINDGUARD,active,2025-10-14T03:00:00,
ENR00000215,USR000171,MINDGUARD,active,2025-11-23T13:00:00,
ENR00000216,USR000172,MINDGUARD,active,2026-02-19T02:00:00,
ENR00000217,USR000172,HEALTH_RESERVE,active,2026-02-07T22:00:00,
ENR00000218,USR000173,MINDGUARD,active,2025-11-20T03:00:00,
ENR00000219,USR000174,MINDGUARD,active,2025-12-03T21:00:00,
ENR00000220,USR000174,HEALTH_RESERVE,active,2025-11-30T00:00:00,
ENR00000221,USR000175,MINDGUARD,active,2025-10-14T21:00:00,
ENR00000222,USR000176,MINDGUARD,active,2026-01-01T17:00:00,
ENR00000223,USR000177,MINDGUARD,active,2025-09-25T15:00:00,
ENR00000224,USR000178,MINDGUARD,active,2025-10-27T11:00:00,
ENR00000225,USR000178,HEALTH_RESERVE,active,2025-10-30T08:00:00,
ENR00000226,USR000179,MINDGUARD,active,2025-10-17T17:00:00,
ENR00000227,USR000180,MINDGUARD,active,2025-11-09T17:00:00,
ENR00000228,USR000181,HEALTH_RESERVE,active,2026-01-29T20:00:00,
ENR00000229,USR000182,MINDGUARD,active,2026-01-02T02:00:00,
ENR00000230,USR000183,MINDGUARD,active,2025-12-04T18:00:00,
ENR00000231,USR000184,MINDGUARD,active,2025-11-08T18:00:00,
ENR00000232,USR000185,MINDGUARD,active,2025-10-18T01:00:00,
ENR00000233,USR000185,HEALTH_RESERVE,active,2025-10-14T03:00:00,
ENR00000234,USR000186,MINDGUARD,active,2025-12-09T07:00:00,
ENR00000235,USR000187,MINDGUARD,active,2025-10-25T21:00:00,
ENR00000236,USR000188,HEALTH_RESERVE,active,2025-12-22T11:00:00,
ENR00000237,USR000189,MINDGUARD,active,2025-11-25T20:00:00,
ENR00000238,USR000189,HEALTH_RESERVE,active,2025-11-29T18:00:00,
ENR00000239,USR000190,MINDGUARD,active,2026-01-19T11:00:00,
ENR00000240,USR000190,HEALTH_RESERVE,active,2026-01-25T03:00:00,
ENR00000241,USR000191,MINDGUARD,active,2026-01-05T16:00:00,
ENR00000242,USR000191,HEALTH_RESERVE,active,2026-01-13T19:00:00,
ENR00000243,USR000192,MINDGUARD,active,2025-12-09T13:00:00,
ENR00000244,USR000192,HEALTH_RESERVE,active,2025-12-09T13:00:00,
ENR00000245,USR000193,MINDGUARD,active,2025-09-27T03:00:00,
ENR00000246,USR000194,MINDGUARD,active,2025-12-14T18:00:00,
ENR00000247,USR000195,MINDGUARD,active,2025-10-18T03:00:00,
ENR00000248,USR000196,MINDGUARD,active,2025-10-29T02:00:00,
ENR00000249,USR000197,MINDGUARD,active,2025-10-03T12:00:00,
ENR00000250,USR000198,HEALTH_RESERVE,active,2026-01-18T22:00:00,
ENR00000251,USR000199,HEALTH_RESERVE,active,2025-10-03T13:00:00,
ENR00000252,USR000200,MINDGUARD,active,2025-10-28T22:00:00,
ENR00000253,USR000200,HEALTH_RESERVE,active,2025-10-24T06:00:00,
ENR00000254,USR000201,HEALTH_RESERVE,active,2026-02-08T08:00:00,
ENR00000255,USR000202,HEALTH_RESERVE,active,2025-11-20T03:00:00,
ENR00000256,USR000203,MINDGUARD,active,2025-12-28T20:00:00,
ENR00000257,USR000204,MINDGUARD,active,2026-01-31T14:00:00,
ENR00000258,USR000205,MINDGUARD,active,2025-11-12T04:00:00,
ENR00000259,USR000206,HEALTH_RESERVE,active,2025-10-03T05:00:00,
ENR00000260,USR000207,MINDGUARD,active,2025-11-01T22:00:00,
ENR00000261,USR000208,MINDGUARD,active,2025-10-03T07:00:00,
ENR00000262,USR000209,MINDGUARD,active,2025-12-22T18:00:00,
ENR00000263,USR000209,HEALTH_RESERVE,active,2025-12-25T23:00:00,
ENR00000264,USR000210,HEALTH_RESERVE,active,2025-10-08T17:00:00,
ENR00000265,USR000211,MINDGUARD,active,2025-09-29T15:00:00,
ENR00000266,USR000212,MINDGUARD,active,2025-12-06T01:00:00,
ENR00000267,USR000213,MINDGUARD,active,2025-11-21T03:00:00,
ENR00000268,USR000214,MINDGUARD,active,2025-11-26T03:00:00,
ENR00000269,USR000215,MINDGUARD,active,2025-12-11T23:00:00,
ENR00000270,USR000216,MINDGUARD,active,2026-02-01T19:00:00,
ENR00000271,USR000217,MINDGUARD,active,2025-12-23T08:00:00,
ENR00000272,USR000218,MINDGUARD,active,2026-01-22T06:00:00,
ENR00000273,USR000219,MINDGUARD,active,2025-10-12T22:00:00,
ENR00000274,USR000219,HEALTH_RESERVE,active,2025-10-11T01:00:00,
ENR00000275,USR000220,MINDGUARD,active,2026-02-06T11:00:00,
ENR00000276,USR000221,MINDGUARD,active,2025-10-16T08:00:00,
ENR00000277,USR000222,MINDGUARD,active,2025-11-13T01:00:00,
ENR00000278,USR000222,HEALTH_RESERVE,active,2025-11-15T05:00:00,
ENR00000279,USR000223,MINDGUARD,active,2025-10-29T06:00:00,
ENR00000280,USR000224,HEALTH_RESERVE,active,2025-09-29T07:00:00,
ENR00000281,USR000225,HEALTH_RESERVE,active,2026-01-18T17:00:00,
ENR00000282,USR000226,MINDGUARD,active,2026-02-25T13:00:00,
ENR00000283,USR000227,MINDGUARD,active,2026-01-09T12:00:00,
ENR00000284,USR000228,MINDGUARD,active,2025-11-26T21:00:00,
ENR00000285,USR000228,HEALTH_RESERVE,active,2025-12-05T22:00:00,
ENR00000286,USR000229,HEALTH_RESERVE,active,2025-11-08T11:00:00,
ENR00000287,USR000230,MINDGUARD,active,2025-10-10T00:00:00,
ENR00000288,USR000230,HEALTH_RESERVE,active,2025-09-30T04:00:00,
ENR00000289,USR000231,MINDGUARD,active,2026-01-05T02:00:00,
ENR00000290,USR000232,HEALTH_RESERVE,active,2025-10-08T21:00:00,
ENR00000291,USR000233,MINDGUARD,active,2025-11-22T15:00:00,
ENR00000292,USR000233,HEALTH_RESERVE,active,2025-11-23T14:00:00,
ENR00000293,USR000234,MINDGUARD,active,2026-02-12T13:00:00,
ENR00000294,USR000234,HEALTH_RESERVE,active,2026-02-02T06:00:00,
ENR00000295,USR000235,MINDGUARD,active,2025-12-10T22:00:00,
ENR00000296,USR000236,MINDGUARD,active,2026-01-26T13:00:00,
ENR00000297,USR000237,MINDGUARD,active,2025-11-29T05:00:00,
ENR00000298,USR000238,MINDGUARD,active,2025-11-08T12:00:00,
ENR00000299,USR000239,MINDGUARD,active,2026-02-07T03:00:00,
ENR00000300,USR000240,MINDGUARD,active,2026-02-08T17:00:00,
ENR00000301,USR000241,HEALTH_RESERVE,active,2025-12-21T18:00:00,
ENR00000302,USR000242,MINDGUARD,active,2025-10-18T15:00:00,
ENR00000303,USR000242,HEALTH_RESERVE,active,2025-10-11T17:00:00,
ENR00000304,USR000243,MINDGUARD,active,2025-10-14T17:00:00,
ENR00000305,USR000244,MINDGUARD,active,2026-02-12T09:00:00,
ENR00000306,USR000244,HEALTH_RESERVE,active,2026-02-04T09:00:00,
ENR00000307,USR000245,HEALTH_RESERVE,active,2025-11-16T00:00:00,
ENR00000308,USR000246,MINDGUARD,active,2026-01-05T14:00:00,
ENR00000309,USR000247,MINDGUARD,active,2026-01-21T00:00:00,
ENR00000310,USR000248,MINDGUARD,active,2025-11-06T18:00:00,
ENR00000311,USR000248,HEALTH_RESERVE,active,2025-11-03T13:00:00,
ENR00000312,USR000249,MINDGUARD,active,2025-11-14T11:00:00,
ENR00000313,USR000250,MINDGUARD,active,2025-12-03T14:00:00,
ENR00000314,USR000250,HEALTH_RESERVE,active,2025-11-29T18:00:00,
ENR00000315,USR000251,MINDGUARD,active,2025-11-28T17:00:00,
ENR00000316,USR000252,MINDGUARD,active,2025-12-07T21:00:00,
ENR00000317,USR000253,MINDGUARD,active,2026-01-18T20:00:00,
ENR00000318,USR000254,MINDGUARD,active,2025-10-19T17:00:00,
ENR00000319,USR000255,MINDGUARD,active,2025-12-10T17:00:00,
ENR00000320,USR000256,MINDGUARD,active,2025-09-23T21:00:00,
ENR00000321,USR000256,HEALTH_RESERVE,active,2025-09-17T23:00:00,
ENR00000322,USR000257,MINDGUARD,active,2026-01-20T01:00:00,
ENR00000323,USR000258,MINDGUARD,active,2025-10-26T07:00:00,
ENR00000324,USR000259,MINDGUARD,active,2025-11-18T05:00:00,
ENR00000325,USR000260,HEALTH_RESERVE,active,2026-01-30T07:00:00,
ENR00000326,USR000261,MINDGUARD,active,2026-02-13T04:00:00,
ENR00000327,USR000262,HEALTH_RESERVE,active,2025-09-18T14:00:00,
ENR00000328,USR000263,MINDGUARD,active,2025-10-11T04:00:00,
ENR00000329,USR000263,HEALTH_RESERVE,active,2025-10-02T05:00:00,
ENR00000330,USR000264,HEALTH_RESERVE,active,2025-12-12T09:00:00,
ENR00000331,USR000265,MINDGUARD,active,2025-11-16T12:00:00,
ENR00000332,USR000266,MINDGUARD,active,2026-02-11T02:00:00,
ENR00000333,USR000267,MINDGUARD,active,2026-01-13T06:00:00,
ENR00000334,USR000268,MINDGUARD,active,2025-12-31T02:00:00,
ENR00000335,USR000269,MINDGUARD,active,2025-12-30T23:00:00,
ENR00000336,USR000270,HEALTH_RESERVE,active,2025-11-06T15:00:00,
ENR00000337,USR000271,MINDGUARD,active,2026-02-22T20:00:00,
ENR00000338,USR000272,MINDGUARD,active,2025-10-21T14:00:00,
ENR00000339,USR000273,HEALTH_RESERVE,active,2025-10-26T13:00:00,
ENR00000340,USR000274,MINDGUARD,active,2025-11-25T17:00:00,
ENR00000341,USR000275,MINDGUARD,active,2025-12-26T13:00:00,
ENR00000342,USR000275,HEALTH_RESERVE,active,2026-01-05T15:00:00,
ENR00000343,USR000276,MINDGUARD,active,2025-12-12T04:00:00,
ENR00000344,USR000276,HEALTH_RESERVE,active,2025-12-11T08:00:00,
ENR00000345,USR000277,MINDGUARD,active,2025-10-15T16:00:00,
ENR00000346,USR000278,MINDGUARD,active,2025-10-21T17:00:00,
ENR00000347,USR000279,HEALTH_RESERVE,active,2025-12-19T01:00:00,
ENR00000348,USR000280,HEALTH_RESERVE,active,2025-12-05T09:00:00,
ENR00000349,USR000281,MINDGUARD,active,2025-10-01T16:00:00,
ENR00000350,USR000282,MINDGUARD,active,2025-12-22T00:00:00,
ENR00000351,USR000282,HEALTH_RESERVE,active,2025-12-20T23:00:00,
ENR00000352,USR000283,MINDGUARD,active,2026-01-07T19:00:00,
ENR00000353,USR000284,MINDGUARD,active,2025-11-18T17:00:00,
ENR00000354,USR000285,MINDGUARD,active,2026-02-16T10:00:00,
ENR00000355,USR000286,MINDGUARD,active,2026-01-16T05:00:00,
ENR00000356,USR000287,MINDGUARD,active,2026-02-17T19:00:00,
ENR00000357,USR000288,MINDGUARD,active,2025-12-01T16:00:00,
ENR00000358,USR000289,MINDGUARD,active,2025-10-07T08:00:00,
ENR00000359,USR000290,MINDGUARD,active,2025-12-06T05:00:00,
ENR00000360,USR000291,MINDGUARD,active,2025-11-25T20:00:00,
ENR00000361,USR000291,HEALTH_RESERVE,active,2025-11-30T22:00:00,
ENR00000362,USR000292,MINDGUARD,active,2026-02-23T18:00:00,
ENR00000363,USR000293,MINDGUARD,active,2025-12-08T14:00:00,
ENR00000364,USR000294,HEALTH_RESERVE,active,2025-12-26T01:00:00,
ENR00000365,USR000295,MINDGUARD,active,2025-12-22T20:00:00,
ENR00000366,USR000296,HEALTH_RESERVE,active,2026-02-02T22:00:00,
ENR00000367,USR000297,MINDGUARD,active,2025-10-04T16:00:00,
ENR00000368,USR000298,MINDGUARD,active,2025-09-27T06:00:00,
ENR00000369,USR000299,HEALTH_RESERVE,active,2025-11-30T18:00:00,
ENR00000370,USR000300,MINDGUARD,active,2025-12-12T19:00:00,
ENR00000371,USR000301,HEALTH_RESERVE,active,2026-01-21T15:00:00,
ENR00000372,USR000302,MINDGUARD,active,2025-11-05T05:00:00,
ENR00000373,USR000302,HEALTH_RESERVE,active,2025-11-07T07:00:00,
ENR00000374,USR000303,MINDGUARD,active,2025-11-16T07:00:00,
ENR00000375,USR000304,MINDGUARD,active,2025-10-11T01:00:00,
ENR00000376,USR000305,MINDGUARD,active,2026-01-10T00:00:00,
ENR00000377,USR000306,MINDGUARD,active,2025-12-09T13:00:00,
ENR00000378,USR000307,MINDGUARD,active,2025-10-24T10:00:00,
ENR00000379,USR000308,MINDGUARD,active,2025-12-08T00:00:00,
ENR00000380,USR000309,MINDGUARD,active,2026-02-10T11:00:00,
ENR00000381,USR000310,HEALTH_RESERVE,active,2026-01-09T12:00:00,
ENR00000382,USR000311,HEALTH_RESERVE,active,2025-12-20T09:00:00,
ENR00000383,USR000312,MINDGUARD,active,2026-02-07T03:00:00,
ENR00000384,USR000312,HEALTH_RESERVE,active,2026-02-04T13:00:00,
ENR00000385,USR000313,MINDGUARD,active,2025-09-27T10:00:00,
ENR00000386,USR000314,HEALTH_RESERVE,active,2026-01-23T02:00:00,
ENR00000387,USR000315,HEALTH_RESERVE,active,2025-12-27T17:00:00,
ENR00000388,USR000316,MINDGUARD,active,2026-02-06T06:00:00,
ENR00000389,USR000317,MINDGUARD,active,2026-02-10T10:00:00,
ENR00000390,USR000317,HEALTH_RESERVE,active,2026-02-13T12:00:00,
ENR00000391,USR000318,MINDGUARD,active,2025-11-15T00:00:00,
ENR00000392,USR000319,MINDGUARD,active,2025-12-17T04:00:00,
ENR00000393,USR000320,MINDGUARD,active,2025-12-31T21:00:00,
ENR00000394,USR000320,HEALTH_RESERVE,active,2026-01-11T00:00:00,
ENR00000395,USR000321,MINDGUARD,active,2026-01-06T10:00:00,
ENR00000396,USR000321,HEALTH_RESERVE,active,2026-01-05T06:00:00,
ENR00000397,USR000322,MINDGUARD,active,2025-12-18T14:00:00,
ENR00000398,USR000323,HEALTH_RESERVE,active,2025-10-19T18:00:00,
ENR00000399,USR000324,MINDGUARD,active,2025-11-15T15:00:00,
ENR00000400,USR000325,MINDGUARD,active,2025-12-16T20:00:00,
ENR00000401,USR000325,HEALTH_RESERVE,active,2025-12-12T20:00:00,
ENR00000402,USR000326,MINDGUARD,active,2026-01-13T01:00:00,
ENR00000403,USR000326,HEALTH_RESERVE,active,2026-01-02T01:00:00,
ENR00000404,USR000327,MINDGUARD,active,2025-12-29T17:00:00,
ENR00000405,USR000327,HEALTH_RESERVE,active,2026-01-05T18:00:00,
ENR00000406,USR000328,MINDGUARD,active,2026-02-14T11:00:00,
ENR00000407,USR000329,MINDGUARD,active,2025-10-29T18:00:00,
ENR00000408,USR000330,MINDGUARD,active,2025-10-28T10:00:00,
ENR00000409,USR000331,MINDGUARD,active,2025-10-14T23:00:00,
ENR00000410,USR000332,MINDGUARD,active,2026-01-02T06:00:00,
ENR00000411,USR000333,MINDGUARD,active,2025-12-30T00:00:00,
ENR00000412,USR000334,MINDGUARD,active,2025-09-16T13:00:00,
ENR00000413,USR000335,MINDGUARD,active,2025-10-04T11:00:00,
ENR00000414,USR000336,MINDGUARD,active,2025-11-22T20:00:00,
ENR00000415,USR000337,MINDGUARD,active,2026-01-12T12:00:00,
ENR00000416,USR000338,MINDGUARD,active,2025-10-28T01:00:00,
ENR00000417,USR000339,MINDGUARD,active,2026-01-01T09:00:00,
ENR00000418,USR000340,MINDGUARD,active,2026-02-15T03:00:00,
ENR00000419,USR000341,MINDGUARD,active,2025-11-13T09:00:00,
ENR00000420,USR000341,HEALTH_RESERVE,active,2025-11-09T11:00:00,
ENR00000421,USR000342,MINDGUARD,active,2025-10-10T22:00:00,
ENR00000422,USR000342,HEALTH_RESERVE,active,2025-10-19T04:00:00,
ENR00000423,USR000343,MINDGUARD,active,2025-12-26T06:00:00,
ENR00000424,USR000343,HEALTH_RESERVE,active,2025-12-27T13:00:00,
ENR00000425,USR000344,MINDGUARD,active,2025-12-05T19:00:00,
ENR00000426,USR000345,MINDGUARD,active,2026-02-08T17:00:00,
ENR00000427,USR000346,HEALTH_RESERVE,active,2025-10-12T00:00:00,
ENR00000428,USR000347,MINDGUARD,active,2025-10-17T06:00:00,
ENR00000429,USR000347,HEALTH_RESERVE,active,2025-10-15T09:00:00,
ENR00000430,USR000348,MINDGUARD,active,2025-10-02T13:00:00,
ENR00000431,USR000349,HEALTH_RESERVE,active,2025-12-19T15:00:00,
ENR00000432,USR000350,MINDGUARD,active,2025-12-12T06:00:00,
ENR00000433,USR000350,HEALTH_RESERVE,active,2025-12-02T06:00:00,
ENR00000434,USR000351,MINDGUARD,active,2025-12-23T23:00:00,
ENR00000435,USR000351,HEALTH_RESERVE,active,2025-12-23T22:00:00,
ENR00000436,USR000352,HEALTH_RESERVE,active,2026-01-27T04:00:00,
ENR00000437,USR000353,MINDGUARD,active,2025-11-26T05:00:00,
ENR00000438,USR000354,HEALTH_RESERVE,active,2025-09-30T08:00:00,
ENR00000439,USR000355,MINDGUARD,active,2026-02-07T00:00:00,
ENR00000440,USR000355,HEALTH_RESERVE,active,2026-01-29T23:00:00,
ENR00000441,USR000356,HEALTH_RESERVE,active,2025-09-26T00:00:00,
ENR00000442,USR000357,MINDGUARD,active,2026-01-28T01:00:00,
ENR00000443,USR000358,MINDGUARD,discontinued,2025-12-22T12:00:00,2026-06-05T13:05:00
ENR00000444,USR000358,HEALTH_RESERVE,active,2025-12-18T12:00:00,
ENR00000445,USR000359,MINDGUARD,active,2025-12-31T01:00:00,
ENR00000446,USR000360,MINDGUARD,active,2026-01-22T05:00:00,
ENR00000447,USR000361,HEALTH_RESERVE,active,2025-11-20T01:00:00,
ENR00000448,USR000362,MINDGUARD,active,2026-02-18T15:00:00,
ENR00000449,USR000363,HEALTH_RESERVE,active,2025-11-22T20:00:00,
ENR00000450,USR000364,MINDGUARD,active,2026-01-23T14:00:00,
ENR00000451,USR000365,MINDGUARD,active,2025-10-08T03:00:00,
ENR00000452,USR000366,MINDGUARD,active,2026-02-13T05:00:00,
ENR00000453,USR000367,MINDGUARD,active,2025-11-14T14:00:00,
ENR00000454,USR000368,HEALTH_RESERVE,active,2025-12-09T22:00:00,
ENR00000455,USR000369,MINDGUARD,active,2025-12-30T04:00:00,
ENR00000456,USR000370,MINDGUARD,active,2025-11-05T10:00:00,
ENR00000457,USR000371,MINDGUARD,active,2025-10-17T17:00:00,
ENR00000458,USR000371,HEALTH_RESERVE,active,2025-10-28T13:00:00,
ENR00000459,USR000372,MINDGUARD,active,2026-01-29T22:00:00,
ENR00000460,USR000373,MINDGUARD,active,2025-12-09T18:00:00,
ENR00000461,USR000374,MINDGUARD,active,2025-11-29T05:00:00,
ENR00000462,USR000375,MINDGUARD,active,2026-01-11T14:00:00,
ENR00000463,USR000375,HEALTH_RESERVE,active,2026-01-12T21:00:00,
ENR00000464,USR000376,MINDGUARD,active,2025-10-12T03:00:00,
ENR00000465,USR000377,MINDGUARD,active,2025-10-30T20:00:00,
ENR00000466,USR000378,MINDGUARD,active,2025-11-14T23:00:00,
ENR00000467,USR000379,HEALTH_RESERVE,active,2025-12-17T22:00:00,
ENR00000468,USR000380,MINDGUARD,active,2025-09-30T12:00:00,
ENR00000469,USR000381,MINDGUARD,active,2025-11-29T09:00:00,
ENR00000470,USR000382,MINDGUARD,active,2025-10-27T05:00:00,
ENR00000471,USR000382,HEALTH_RESERVE,active,2025-10-22T05:00:00,
ENR00000472,USR000383,MINDGUARD,active,2026-01-05T01:00:00,
ENR00000473,USR000384,MINDGUARD,active,2026-01-04T12:00:00,
ENR00000474,USR000385,MINDGUARD,active,2025-10-04T19:00:00,
ENR00000475,USR000386,HEALTH_RESERVE,active,2025-12-05T12:00:00,
ENR00000476,USR000387,MINDGUARD,active,2026-01-31T02:00:00,
ENR00000477,USR000388,MINDGUARD,active,2025-10-08T06:00:00,
ENR00000478,USR000389,MINDGUARD,active,2025-11-10T06:00:00,
ENR00000479,USR000390,MINDGUARD,active,2025-11-21T10:00:00,
ENR00000480,USR000391,MINDGUARD,active,2026-02-06T20:00:00,
ENR00000481,USR000392,MINDGUARD,active,2025-10-30T02:00:00,
ENR00000482,USR000393,HEALTH_RESERVE,active,2026-01-06T17:00:00,
ENR00000483,USR000394,MINDGUARD,active,2025-12-28T13:00:00,
ENR00000484,USR000394,HEALTH_RESERVE,active,2025-12-25T12:00:00,
ENR00000485,USR000395,MINDGUARD,active,2025-11-28T18:00:00,
ENR00000486,USR000396,MINDGUARD,active,2025-11-22T21:00:00,
ENR00000487,USR000397,HEALTH_RESERVE,active,2025-09-26T13:00:00,
ENR00000488,USR000398,MINDGUARD,discontinued,2025-12-28T21:00:00,2026-08-11T22:10:00
ENR00000489,USR000399,MINDGUARD,active,2025-12-17T19:00:00,
ENR00000490,USR000399,HEALTH_RESERVE,active,2025-12-19T22:00:00,
ENR00000491,USR000400,MINDGUARD,active,2025-10-02T08:00:00,
ENR00000492,USR000401,MINDGUARD,active,2025-12-29T10:00:00,
ENR00000493,USR000401,HEALTH_RESERVE,active,2026-01-01T10:00:00,
ENR00000494,USR000402,MINDGUARD,active,2025-10-10T01:00:00,
ENR00000495,USR000403,HEALTH_RESERVE,active,2025-12-19T16:00:00,
ENR00000496,USR000404,HEALTH_RESERVE,active,2025-11-04T03:00:00,
ENR00000497,USR000405,HEALTH_RESERVE,active,2025-11-19T04:00:00,
ENR00000498,USR000406,HEALTH_RESERVE,active,2026-02-14T12:00:00,
ENR00000499,USR000407,MINDGUARD,active,2025-10-24T03:00:00,
ENR00000500,USR000407,HEALTH_RESERVE,active,2025-10-25T18:00:00,
ENR00000501,USR000408,MINDGUARD,active,2025-12-05T16:00:00,
ENR00000502,USR000409,HEALTH_RESERVE,active,2026-01-04T09:00:00,
ENR00000503,USR000410,MINDGUARD,active,2025-09-22T21:00:00,
ENR00000504,USR000411,MINDGUARD,active,2025-09-26T12:00:00,
ENR00000505,USR000412,MINDGUARD,active,2025-11-20T16:00:00,
ENR00000506,USR000412,HEALTH_RESERVE,active,2025-11-19T15:00:00,
ENR00000507,USR000413,MINDGUARD,active,2025-12-02T00:00:00,
ENR00000508,USR000414,HEALTH_RESERVE,active,2025-11-13T23:00:00,
ENR00000509,USR000415,HEALTH_RESERVE,active,2026-01-27T16:00:00,
ENR00000510,USR000416,MINDGUARD,active,2025-11-03T02:00:00,
ENR00000511,USR000417,MINDGUARD,active,2026-01-16T08:00:00,
ENR00000512,USR000418,MINDGUARD,discontinued,2025-10-28T09:00:00,2026-04-16T09:19:00
ENR00000513,USR000418,HEALTH_RESERVE,active,2025-10-21T13:00:00,
ENR00000514,USR000419,MINDGUARD,active,2025-11-12T23:00:00,
ENR00000515,USR000420,MINDGUARD,discontinued,2025-10-15T06:00:00,2026-05-13T07:01:00
ENR00000516,USR000421,MINDGUARD,active,2025-11-26T07:00:00,
ENR00000517,USR000422,MINDGUARD,active,2026-01-13T14:00:00,
ENR00000518,USR000423,MINDGUARD,active,2025-12-29T15:00:00,
ENR00000519,USR000424,MINDGUARD,active,2026-01-02T03:00:00,
ENR00000520,USR000425,MINDGUARD,active,2025-11-03T10:00:00,
ENR00000521,USR000426,HEALTH_RESERVE,active,2026-02-03T23:00:00,
ENR00000522,USR000427,MINDGUARD,active,2026-01-21T11:00:00,
ENR00000523,USR000428,MINDGUARD,active,2025-12-21T11:00:00,
ENR00000524,USR000428,HEALTH_RESERVE,active,2025-12-27T15:00:00,
ENR00000525,USR000429,MINDGUARD,active,2026-01-20T23:00:00,
ENR00000526,USR000429,HEALTH_RESERVE,active,2026-01-23T01:00:00,
ENR00000527,USR000430,MINDGUARD,active,2026-02-11T12:00:00,
ENR00000528,USR000430,HEALTH_RESERVE,active,2026-02-14T04:00:00,
ENR00000529,USR000431,MINDGUARD,active,2025-12-30T04:00:00,
ENR00000530,USR000432,MINDGUARD,active,2026-01-18T22:00:00,
ENR00000531,USR000432,HEALTH_RESERVE,active,2026-01-25T06:00:00,
ENR00000532,USR000433,MINDGUARD,active,2025-12-18T15:00:00,
ENR00000533,USR000434,MINDGUARD,active,2026-02-01T15:00:00,
ENR00000534,USR000435,HEALTH_RESERVE,active,2025-10-24T09:00:00,
ENR00000535,USR000436,MINDGUARD,active,2026-02-19T09:00:00,
ENR00000536,USR000437,MINDGUARD,active,2025-10-03T15:00:00,
ENR00000537,USR000438,HEALTH_RESERVE,active,2025-10-28T12:00:00,
ENR00000538,USR000439,MINDGUARD,active,2025-12-27T21:00:00,
ENR00000539,USR000440,HEALTH_RESERVE,active,2025-10-28T19:00:00,
ENR00000540,USR000441,MINDGUARD,active,2025-12-03T01:00:00,
ENR00000541,USR000442,MINDGUARD,active,2025-10-20T18:00:00,
ENR00000542,USR000443,MINDGUARD,active,2025-12-09T14:00:00,
ENR00000543,USR000444,MINDGUARD,active,2025-09-20T18:00:00,
ENR00000544,USR000445,HEALTH_RESERVE,active,2025-09-24T19:00:00,
ENR00000545,USR000446,MINDGUARD,active,2026-02-06T15:00:00,
ENR00000546,USR000447,MINDGUARD,active,2025-10-08T01:00:00,
ENR00000547,USR000448,MINDGUARD,active,2025-11-01T13:00:00,
ENR00000548,USR000449,MINDGUARD,active,2025-12-02T03:00:00,
ENR00000549,USR000449,HEALTH_RESERVE,active,2025-11-24T17:00:00,
ENR00000550,USR000450,MINDGUARD,active,2025-11-11T22:00:00,
ENR00000551,USR000451,MINDGUARD,active,2025-10-11T19:00:00,
ENR00000552,USR000452,MINDGUARD,active,2025-11-25T06:00:00,
ENR00000553,USR000453,HEALTH_RESERVE,active,2025-12-31T21:00:00,
ENR00000554,USR000454,MINDGUARD,active,2026-02-11T08:00:00,
ENR00000555,USR000455,MINDGUARD,active,2026-01-08T02:00:00,
ENR00000556,USR000455,HEALTH_RESERVE,active,2026-01-09T19:00:00,
ENR00000557,USR000456,HEALTH_RESERVE,active,2026-02-03T20:00:00,
ENR00000558,USR000457,MINDGUARD,active,2025-10-11T00:00:00,
ENR00000559,USR000458,MINDGUARD,active,2025-10-27T13:00:00,
ENR00000560,USR000459,MINDGUARD,active,2025-12-18T02:00:00,
ENR00000561,USR000460,MINDGUARD,active,2025-10-24T04:00:00,
ENR00000562,USR000461,MINDGUARD,active,2025-12-08T05:00:00,
ENR00000563,USR000462,MINDGUARD,active,2025-12-15T21:00:00,
ENR00000564,USR000463,MINDGUARD,active,2026-01-23T22:00:00,
ENR00000565,USR000464,MINDGUARD,active,2026-02-04T21:00:00,
ENR00000566,USR000465,MINDGUARD,active,2025-12-22T17:00:00,
ENR00000567,USR000466,HEALTH_RESERVE,active,2026-01-24T14:00:00,
ENR00000568,USR000467,MINDGUARD,active,2025-11-17T07:00:00,
ENR00000569,USR000468,MINDGUARD,active,2026-01-04T21:00:00,
ENR00000570,USR000468,HEALTH_RESERVE,active,2025-12-29T15:00:00,
ENR00000571,USR000469,MINDGUARD,active,2025-10-31T05:00:00,
ENR00000572,USR000470,MINDGUARD,active,2025-12-25T08:00:00,
ENR00000573,USR000470,HEALTH_RESERVE,active,2025-12-25T19:00:00,
ENR00000574,USR000471,MINDGUARD,active,2025-12-14T02:00:00,
ENR00000575,USR000471,HEALTH_RESERVE,active,2025-12-11T19:00:00,
ENR00000576,USR000472,MINDGUARD,active,2026-01-05T03:00:00,
ENR00000577,USR000473,MINDGUARD,active,2025-12-13T13:00:00,
ENR00000578,USR000474,HEALTH_RESERVE,active,2025-12-09T01:00:00,
ENR00000579,USR000475,MINDGUARD,active,2026-01-07T10:00:00,
ENR00000580,USR000476,MINDGUARD,active,2025-11-02T22:00:00,
ENR00000581,USR000476,HEALTH_RESERVE,active,2025-11-04T15:00:00,
ENR00000582,USR000477,MINDGUARD,active,2026-01-18T02:00:00,
ENR00000583,USR000478,MINDGUARD,discontinued,2025-10-17T01:00:00,2026-07-26T01:06:00
ENR00000584,USR000479,MINDGUARD,active,2026-01-19T02:00:00,
ENR00000585,USR000480,MINDGUARD,active,2026-02-13T09:00:00,
ENR00000586,USR000481,MINDGUARD,active,2025-10-29T14:00:00,
ENR00000587,USR000482,MINDGUARD,active,2025-11-15T05:00:00,
ENR00000588,USR000483,MINDGUARD,active,2025-10-05T20:00:00,
ENR00000589,USR000484,MINDGUARD,active,2026-02-06T09:00:00,
ENR00000590,USR000485,MINDGUARD,active,2025-11-04T21:00:00,
ENR00000591,USR000486,MINDGUARD,active,2025-11-09T12:00:00,
ENR00000592,USR000487,MINDGUARD,active,2025-09-27T00:00:00,
ENR00000593,USR000488,MINDGUARD,active,2025-09-24T10:00:00,
ENR00000594,USR000489,MINDGUARD,active,2025-12-19T01:00:00,
ENR00000595,USR000490,HEALTH_RESERVE,active,2026-01-29T22:00:00,
ENR00000596,USR000491,MINDGUARD,active,2026-01-08T11:00:00,
ENR00000597,USR000492,MINDGUARD,active,2026-02-11T00:00:00,
ENR00000598,USR000493,MINDGUARD,active,2025-11-08T22:00:00,
ENR00000599,USR000494,MINDGUARD,active,2025-12-28T06:00:00,
ENR00000600,USR000494,HEALTH_RESERVE,active,2025-12-19T10:00:00,
ENR00000601,USR000495,HEALTH_RESERVE,active,2026-02-08T13:00:00,
ENR00000602,USR000496,MINDGUARD,active,2025-12-26T02:00:00,
ENR00000603,USR000497,MINDGUARD,active,2025-12-03T06:00:00,
ENR00000604,USR000498,MINDGUARD,active,2026-01-19T00:00:00,
ENR00000605,USR000499,HEALTH_RESERVE,active,2026-01-01T19:00:00,
ENR00000606,USR000500,MINDGUARD,active,2025-12-31T04:00:00,
ENR00000607,USR000501,MINDGUARD,active,2026-01-20T16:00:00,
ENR00000608,USR000501,HEALTH_RESERVE,active,2026-01-29T19:00:00,
ENR00000609,USR000502,HEALTH_RESERVE,active,2025-11-16T02:00:00,
ENR00000610,USR000503,MINDGUARD,active,2026-01-05T05:00:00,
ENR00000611,USR000503,HEALTH_RESERVE,active,2026-01-03T00:00:00,
ENR00000612,USR000504,MINDGUARD,active,2025-11-11T12:00:00,
ENR00000613,USR000504,HEALTH_RESERVE,active,2025-11-05T07:00:00,
ENR00000614,USR000505,MINDGUARD,active,2025-12-17T17:00:00,
ENR00000615,USR000506,MINDGUARD,active,2026-02-11T16:00:00,
ENR00000616,USR000507,MINDGUARD,active,2025-12-31T22:00:00,
ENR00000617,USR000508,MINDGUARD,active,2026-02-03T03:00:00,
ENR00000618,USR000508,HEALTH_RESERVE,active,2026-02-04T17:00:00,
ENR00000619,USR000509,MINDGUARD,active,2025-11-02T19:00:00,
ENR00000620,USR000510,MINDGUARD,active,2025-11-08T22:00:00,
ENR00000621,USR000511,MINDGUARD,active,2025-12-30T02:00:00,
ENR00000622,USR000512,MINDGUARD,active,2025-11-08T23:00:00,
ENR00000623,USR000512,HEALTH_RESERVE,active,2025-11-10T01:00:00,
ENR00000624,USR000513,MINDGUARD,active,2025-11-29T13:00:00,
ENR00000625,USR000514,MINDGUARD,active,2025-11-27T13:00:00,
ENR00000626,USR000515,MINDGUARD,active,2025-10-21T20:00:00,
ENR00000627,USR000516,MINDGUARD,active,2026-01-18T17:00:00,
ENR00000628,USR000517,MINDGUARD,active,2025-10-16T20:00:00,
ENR00000629,USR000517,HEALTH_RESERVE,active,2025-10-05T16:00:00,
ENR00000630,USR000518,MINDGUARD,active,2025-11-23T02:00:00,
ENR00000631,USR000519,MINDGUARD,active,2025-11-01T06:00:00,
ENR00000632,USR000520,MINDGUARD,active,2025-10-31T14:00:00,
ENR00000633,USR000521,MINDGUARD,active,2026-02-14T01:00:00,
ENR00000634,USR000522,MINDGUARD,active,2026-01-15T00:00:00,
ENR00000635,USR000523,MINDGUARD,active,2026-02-06T22:00:00,
ENR00000636,USR000523,HEALTH_RESERVE,active,2026-02-10T15:00:00,
ENR00000637,USR000524,MINDGUARD,active,2025-12-15T10:00:00,
ENR00000638,USR000525,MINDGUARD,active,2026-01-30T03:00:00,
ENR00000639,USR000526,MINDGUARD,active,2025-09-19T13:00:00,
ENR00000640,USR000526,HEALTH_RESERVE,active,2025-09-29T07:00:00,
ENR00000641,USR000527,MINDGUARD,active,2025-10-20T02:00:00,
ENR00000642,USR000528,MINDGUARD,active,2025-11-22T16:00:00,
ENR00000643,USR000529,HEALTH_RESERVE,active,2025-10-01T16:00:00,
ENR00000644,USR000530,MINDGUARD,active,2025-12-18T14:00:00,
ENR00000645,USR000531,MINDGUARD,active,2025-12-18T05:00:00,
ENR00000646,USR000532,MINDGUARD,active,2025-11-11T14:00:00,
ENR00000647,USR000533,MINDGUARD,active,2025-11-09T03:00:00,
ENR00000648,USR000534,HEALTH_RESERVE,active,2025-11-22T06:00:00,
ENR00000649,USR000535,HEALTH_RESERVE,active,2025-09-27T18:00:00,
ENR00000650,USR000536,MINDGUARD,active,2025-12-25T14:00:00,
ENR00000651,USR000536,HEALTH_RESERVE,active,2026-01-05T20:00:00,
ENR00000652,USR000537,MINDGUARD,active,2025-10-13T09:00:00,
ENR00000653,USR000537,HEALTH_RESERVE,active,2025-10-15T14:00:00,
ENR00000654,USR000538,MINDGUARD,active,2026-01-27T14:00:00,
ENR00000655,USR000539,MINDGUARD,active,2025-11-28T03:00:00,
ENR00000656,USR000539,HEALTH_RESERVE,active,2025-11-25T09:00:00,
ENR00000657,USR000540,HEALTH_RESERVE,active,2025-10-21T10:00:00,
ENR00000658,USR000541,MINDGUARD,active,2026-01-25T05:00:00,
ENR00000659,USR000541,HEALTH_RESERVE,active,2026-01-23T02:00:00,
ENR00000660,USR000542,MINDGUARD,active,2025-10-13T03:00:00,
ENR00000661,USR000543,MINDGUARD,active,2025-12-15T05:00:00,
ENR00000662,USR000544,MINDGUARD,active,2025-12-24T21:00:00,
ENR00000663,USR000545,HEALTH_RESERVE,active,2025-10-03T04:00:00,
ENR00000664,USR000546,HEALTH_RESERVE,active,2026-01-20T10:00:00,
ENR00000665,USR000547,MINDGUARD,active,2025-09-26T08:00:00,
ENR00000666,USR000547,HEALTH_RESERVE,active,2025-09-28T10:00:00,
ENR00000667,USR000548,HEALTH_RESERVE,active,2025-12-31T11:00:00,
ENR00000668,USR000549,MINDGUARD,active,2025-12-01T12:00:00,
ENR00000669,USR000550,HEALTH_RESERVE,active,2026-02-04T14:00:00,
ENR00000670,USR000551,MINDGUARD,active,2026-01-08T18:00:00,
ENR00000671,USR000552,MINDGUARD,active,2026-01-15T01:00:00,
ENR00000672,USR000553,MINDGUARD,active,2025-09-29T07:00:00,
ENR00000673,USR000554,MINDGUARD,active,2026-01-15T05:00:00,
ENR00000674,USR000555,MINDGUARD,active,2025-10-10T19:00:00,
ENR00000675,USR000556,MINDGUARD,active,2026-01-28T22:00:00,
ENR00000676,USR000557,MINDGUARD,active,2025-10-13T20:00:00,
ENR00000677,USR000558,MINDGUARD,active,2025-12-02T13:00:00,
ENR00000678,USR000559,MINDGUARD,active,2026-01-10T02:00:00,
ENR00000679,USR000560,MINDGUARD,active,2025-10-19T02:00:00,
ENR00000680,USR000561,MINDGUARD,active,2026-01-31T19:00:00,
ENR00000681,USR000561,HEALTH_RESERVE,active,2026-02-05T19:00:00,
ENR00000682,USR000562,MINDGUARD,active,2025-11-23T22:00:00,
ENR00000683,USR000563,MINDGUARD,active,2025-11-04T03:00:00,
ENR00000684,USR000563,HEALTH_RESERVE,active,2025-11-03T19:00:00,
ENR00000685,USR000564,MINDGUARD,active,2025-11-18T19:00:00,
ENR00000686,USR000564,HEALTH_RESERVE,active,2025-11-25T02:00:00,
ENR00000687,USR000565,MINDGUARD,active,2025-11-16T07:00:00,
ENR00000688,USR000566,MINDGUARD,active,2025-10-25T09:00:00,
ENR00000689,USR000566,HEALTH_RESERVE,active,2025-10-25T00:00:00,
ENR00000690,USR000567,MINDGUARD,active,2025-12-05T19:00:00,
ENR00000691,USR000567,HEALTH_RESERVE,active,2025-12-02T21:00:00,
ENR00000692,USR000568,MINDGUARD,active,2026-01-13T12:00:00,
ENR00000693,USR000569,MINDGUARD,active,2026-01-16T18:00:00,
ENR00000694,USR000570,MINDGUARD,active,2025-10-22T10:00:00,
ENR00000695,USR000571,MINDGUARD,active,2025-12-17T23:00:00,
ENR00000696,USR000572,HEALTH_RESERVE,active,2025-10-18T13:00:00,
ENR00000697,USR000573,MINDGUARD,active,2025-12-27T23:00:00,
ENR00000698,USR000574,MINDGUARD,active,2026-02-08T16:00:00,
ENR00000699,USR000575,MINDGUARD,active,2026-01-17T14:00:00,
ENR00000700,USR000576,MINDGUARD,active,2026-01-21T09:00:00,
ENR00000701,USR000577,MINDGUARD,active,2025-12-29T17:00:00,
ENR00000702,USR000578,MINDGUARD,active,2025-12-05T00:00:00,
ENR00000703,USR000579,MINDGUARD,active,2025-12-27T23:00:00,
ENR00000704,USR000580,HEALTH_RESERVE,active,2025-10-20T08:00:00,
ENR00000705,USR000581,MINDGUARD,active,2025-11-16T16:00:00,
ENR00000706,USR000581,HEALTH_RESERVE,active,2025-11-24T15:00:00,
ENR00000707,USR000582,MINDGUARD,active,2026-02-12T21:00:00,
ENR00000708,USR000582,HEALTH_RESERVE,active,2026-02-20T21:00:00,
ENR00000709,USR000583,MINDGUARD,active,2026-01-08T16:00:00,
ENR00000710,USR000584,MINDGUARD,active,2026-01-07T06:00:00,
ENR00000711,USR000585,MINDGUARD,active,2026-01-18T14:00:00,
ENR00000712,USR000586,HEALTH_RESERVE,active,2026-02-12T18:00:00,
ENR00000713,USR000587,HEALTH_RESERVE,active,2026-01-22T12:00:00,
ENR00000714,USR000588,MINDGUARD,active,2026-02-01T10:00:00,
ENR00000715,USR000589,MINDGUARD,active,2025-10-29T14:00:00,
ENR00000716,USR000589,HEALTH_RESERVE,active,2025-11-04T19:00:00,
ENR00000717,USR000590,MINDGUARD,active,2026-01-20T14:00:00,
ENR00000718,USR000591,MINDGUARD,active,2025-11-06T07:00:00,
ENR00000719,USR000591,HEALTH_RESERVE,active,2025-11-03T08:00:00,
ENR00000720,USR000592,MINDGUARD,active,2025-11-26T16:00:00,
ENR00000721,USR000593,MINDGUARD,active,2025-12-19T17:00:00,
ENR00000722,USR000594,HEALTH_RESERVE,active,2026-01-14T06:00:00,
ENR00000723,USR000595,MINDGUARD,active,2025-11-18T01:00:00,
ENR00000724,USR000596,HEALTH_RESERVE,active,2025-10-06T15:00:00,
ENR00000725,USR000597,MINDGUARD,active,2025-12-29T11:00:00,
ENR00000726,USR000598,MINDGUARD,active,2025-10-22T08:00:00,
ENR00000727,USR000599,HEALTH_RESERVE,active,2026-01-28T13:00:00,
ENR00000728,USR000600,MINDGUARD,active,2026-02-07T18:00:00,
ENR00000729,USR000601,MINDGUARD,active,2025-10-13T04:00:00,
ENR00000730,USR000602,MINDGUARD,active,2025-09-30T08:00:00,
ENR00000731,USR000603,MINDGUARD,active,2026-02-06T13:00:00,
ENR00000732,USR000604,MINDGUARD,active,2025-11-27T03:00:00,
ENR00000733,USR000605,MINDGUARD,active,2026-02-11T22:00:00,
ENR00000734,USR000605,HEALTH_RESERVE,active,2026-01-31T18:00:00,
ENR00000735,USR000606,HEALTH_RESERVE,active,2026-02-13T11:00:00,
ENR00000736,USR000607,MINDGUARD,active,2025-11-20T12:00:00,
ENR00000737,USR000608,MINDGUARD,active,2026-01-04T06:00:00,
ENR00000738,USR000609,HEALTH_RESERVE,active,2026-01-25T11:00:00,
ENR00000739,USR000610,MINDGUARD,active,2025-12-10T22:00:00,
ENR00000740,USR000610,HEALTH_RESERVE,active,2025-12-05T20:00:00,
ENR00000741,USR000611,MINDGUARD,active,2025-10-30T13:00:00,
ENR00000742,USR000612,MINDGUARD,active,2025-10-04T06:00:00,
ENR00000743,USR000613,HEALTH_RESERVE,active,2025-12-08T23:00:00,
ENR00000744,USR000614,MINDGUARD,active,2025-10-13T08:00:00,
ENR00000745,USR000615,MINDGUARD,active,2025-11-03T14:00:00,
ENR00000746,USR000616,MINDGUARD,active,2026-02-22T08:00:00,
ENR00000747,USR000617,MINDGUARD,active,2025-10-18T20:00:00,
ENR00000748,USR000618,HEALTH_RESERVE,active,2025-10-01T12:00:00,
ENR00000749,USR000619,MINDGUARD,active,2025-12-16T10:00:00,
ENR00000750,USR000620,MINDGUARD,active,2026-01-08T22:00:00,
ENR00000751,USR000620,HEALTH_RESERVE,active,2026-01-05T01:00:00,
ENR00000752,USR000621,MINDGUARD,active,2025-11-02T17:00:00,
ENR00000753,USR000622,MINDGUARD,active,2025-10-10T16:00:00,
ENR00000754,USR000623,HEALTH_RESERVE,active,2025-11-28T04:00:00,
ENR00000755,USR000624,MINDGUARD,active,2026-01-24T09:00:00,
ENR00000756,USR000624,HEALTH_RESERVE,active,2026-01-30T08:00:00,
ENR00000757,USR000625,MINDGUARD,active,2025-11-17T19:00:00,
ENR00000758,USR000625,HEALTH_RESERVE,active,2025-11-24T21:00:00,
ENR00000759,USR000626,HEALTH_RESERVE,active,2026-02-01T12:00:00,
ENR00000760,USR000627,MINDGUARD,active,2025-11-03T06:00:00,
ENR00000761,USR000628,MINDGUARD,active,2025-10-12T21:00:00,
ENR00000762,USR000629,MINDGUARD,active,2025-10-17T14:00:00,
ENR00000763,USR000630,MINDGUARD,active,2026-01-08T07:00:00,
ENR00000764,USR000630,HEALTH_RESERVE,active,2026-01-13T00:00:00,
ENR00000765,USR000631,MINDGUARD,active,2026-01-11T15:00:00,
ENR00000766,USR000632,MINDGUARD,active,2025-10-30T13:00:00,
ENR00000767,USR000633,MINDGUARD,active,2025-12-10T12:00:00,
ENR00000768,USR000634,MINDGUARD,active,2026-01-09T10:00:00,
ENR00000769,USR000635,MINDGUARD,active,2026-01-12T03:00:00,
ENR00000770,USR000636,MINDGUARD,active,2025-10-29T21:00:00,
ENR00000771,USR000637,MINDGUARD,active,2025-10-08T08:00:00,
ENR00000772,USR000638,HEALTH_RESERVE,active,2025-09-17T12:00:00,
ENR00000773,USR000639,HEALTH_RESERVE,active,2025-10-29T17:00:00,
ENR00000774,USR000640,HEALTH_RESERVE,active,2025-12-30T03:00:00,
ENR00000775,USR000641,MINDGUARD,active,2025-10-08T09:00:00,
ENR00000776,USR000641,HEALTH_RESERVE,active,2025-10-07T03:00:00,
ENR00000777,USR000642,HEALTH_RESERVE,active,2025-12-26T21:00:00,
ENR00000778,USR000643,MINDGUARD,active,2025-10-13T17:00:00,
ENR00000779,USR000644,MINDGUARD,active,2026-02-11T02:00:00,
ENR00000780,USR000645,MINDGUARD,active,2025-11-11T20:00:00,
ENR00000781,USR000646,MINDGUARD,active,2025-11-28T15:00:00,
ENR00000782,USR000647,MINDGUARD,active,2025-12-12T01:00:00,
ENR00000783,USR000648,MINDGUARD,active,2026-01-18T23:00:00,
ENR00000784,USR000649,MINDGUARD,active,2025-11-06T19:00:00,
ENR00000785,USR000650,MINDGUARD,active,2025-10-22T18:00:00,
ENR00000786,USR000650,HEALTH_RESERVE,active,2025-10-18T14:00:00,
ENR00000787,USR000651,MINDGUARD,active,2025-12-08T01:00:00,
ENR00000788,USR000651,HEALTH_RESERVE,active,2025-12-17T19:00:00,
ENR00000789,USR000652,MINDGUARD,active,2025-11-18T07:00:00,
ENR00000790,USR000652,HEALTH_RESERVE,active,2025-11-20T01:00:00,
ENR00000791,USR000653,MINDGUARD,active,2025-11-13T18:00:00,
ENR00000792,USR000653,HEALTH_RESERVE,active,2025-11-10T16:00:00,
ENR00000793,USR000654,MINDGUARD,active,2025-11-12T16:00:00,
ENR00000794,USR000655,HEALTH_RESERVE,active,2025-10-24T16:00:00,
ENR00000795,USR000656,MINDGUARD,discontinued,2025-10-20T15:00:00,2026-08-01T16:18:00
ENR00000796,USR000657,MINDGUARD,active,2025-11-08T01:00:00,
ENR00000797,USR000658,HEALTH_RESERVE,active,2025-10-21T10:00:00,
ENR00000798,USR000659,HEALTH_RESERVE,active,2025-10-04T18:00:00,
ENR00000799,USR000660,MINDGUARD,active,2026-02-15T08:00:00,
ENR00000800,USR000661,MINDGUARD,active,2025-11-02T21:00:00,
ENR00000801,USR000662,MINDGUARD,active,2026-01-10T09:00:00,
ENR00000802,USR000663,MINDGUARD,active,2025-11-08T01:00:00,
ENR00000803,USR000664,MINDGUARD,active,2026-01-15T08:00:00,
ENR00000804,USR000664,HEALTH_RESERVE,active,2026-01-21T04:00:00,
ENR00000805,USR000665,MINDGUARD,active,2025-11-17T17:00:00,
ENR00000806,USR000666,MINDGUARD,active,2026-02-02T20:00:00,
ENR00000807,USR000667,MINDGUARD,active,2026-01-14T22:00:00,
ENR00000808,USR000667,HEALTH_RESERVE,active,2026-01-13T21:00:00,
ENR00000809,USR000668,HEALTH_RESERVE,active,2025-11-13T00:00:00,
ENR00000810,USR000669,MINDGUARD,active,2025-12-08T05:00:00,
ENR00000811,USR000670,HEALTH_RESERVE,active,2025-10-23T05:00:00,
ENR00000812,USR000671,HEALTH_RESERVE,active,2025-10-19T14:00:00,
ENR00000813,USR000672,HEALTH_RESERVE,active,2025-10-23T02:00:00,
ENR00000814,USR000673,MINDGUARD,active,2025-12-29T19:00:00,
ENR00000815,USR000673,HEALTH_RESERVE,active,2025-12-30T21:00:00,
ENR00000816,USR000674,MINDGUARD,active,2026-01-10T05:00:00,
ENR00000817,USR000675,MINDGUARD,active,2025-11-30T06:00:00,
ENR00000818,USR000676,MINDGUARD,active,2026-01-13T19:00:00,
ENR00000819,USR000677,MINDGUARD,active,2026-01-10T14:00:00,
ENR00000820,USR000678,MINDGUARD,active,2026-02-09T23:00:00,
ENR00000821,USR000679,MINDGUARD,active,2025-12-24T23:00:00,
ENR00000822,USR000680,MINDGUARD,active,2025-11-27T22:00:00,
ENR00000823,USR000681,MINDGUARD,active,2026-01-25T22:00:00,
ENR00000824,USR000682,MINDGUARD,active,2025-11-05T16:00:00,
ENR00000825,USR000683,MINDGUARD,active,2026-02-11T07:00:00,
ENR00000826,USR000684,HEALTH_RESERVE,active,2026-01-03T18:00:00,
ENR00000827,USR000685,MINDGUARD,active,2025-11-14T05:00:00,
ENR00000828,USR000686,HEALTH_RESERVE,active,2026-01-21T12:00:00,
ENR00000829,USR000687,MINDGUARD,active,2026-02-02T06:00:00,
ENR00000830,USR000688,MINDGUARD,active,2025-12-21T06:00:00,
ENR00000831,USR000689,MINDGUARD,active,2026-01-02T03:00:00,
ENR00000832,USR000690,MINDGUARD,active,2025-12-01T07:00:00,
ENR00000833,USR000691,HEALTH_RESERVE,active,2025-12-09T22:00:00,
ENR00000834,USR000692,MINDGUARD,active,2026-01-18T12:00:00,
ENR00000835,USR000693,MINDGUARD,active,2025-12-12T23:00:00,
ENR00000836,USR000693,HEALTH_RESERVE,active,2025-12-08T09:00:00,
ENR00000837,USR000694,HEALTH_RESERVE,active,2025-10-11T01:00:00,
ENR00000838,USR000695,MINDGUARD,active,2026-02-01T10:00:00,
ENR00000839,USR000696,MINDGUARD,active,2026-01-19T03:00:00,
ENR00000840,USR000697,MINDGUARD,active,2025-11-19T01:00:00,
ENR00000841,USR000697,HEALTH_RESERVE,active,2025-11-12T11:00:00,
ENR00000842,USR000698,MINDGUARD,active,2025-11-15T21:00:00,
ENR00000843,USR000698,HEALTH_RESERVE,active,2025-11-22T06:00:00,
ENR00000844,USR000699,MINDGUARD,active,2026-02-09T04:00:00,
ENR00000845,USR000699,HEALTH_RESERVE,active,2026-02-18T07:00:00,
ENR00000846,USR000700,MINDGUARD,active,2025-09-22T21:00:00,
ENR00000847,USR000701,MINDGUARD,active,2025-11-03T01:00:00,
ENR00000848,USR000702,HEALTH_RESERVE,active,2025-10-29T17:00:00,
ENR00000849,USR000703,MINDGUARD,active,2025-10-24T14:00:00,
ENR00000850,USR000704,MINDGUARD,active,2025-12-21T09:00:00,
ENR00000851,USR000705,MINDGUARD,active,2025-11-09T09:00:00,
ENR00000852,USR000705,HEALTH_RESERVE,active,2025-11-06T15:00:00,
ENR00000853,USR000706,MINDGUARD,active,2026-01-08T01:00:00,
ENR00000854,USR000706,HEALTH_RESERVE,active,2026-01-01T06:00:00,
ENR00000855,USR000707,MINDGUARD,active,2026-01-27T07:00:00,
ENR00000856,USR000707,HEALTH_RESERVE,active,2026-01-26T23:00:00,
ENR00000857,USR000708,MINDGUARD,active,2025-11-18T04:00:00,
ENR00000858,USR000709,MINDGUARD,active,2025-11-06T01:00:00,
ENR00000859,USR000709,HEALTH_RESERVE,active,2025-10-26T23:00:00,
ENR00000860,USR000710,HEALTH_RESERVE,active,2025-10-02T00:00:00,
ENR00000861,USR000711,HEALTH_RESERVE,active,2025-11-16T17:00:00,
ENR00000862,USR000712,MINDGUARD,active,2025-11-01T05:00:00,
ENR00000863,USR000713,MINDGUARD,active,2025-10-09T10:00:00,
ENR00000864,USR000714,MINDGUARD,active,2025-12-26T20:00:00,
ENR00000865,USR000714,HEALTH_RESERVE,active,2025-12-26T21:00:00,
ENR00000866,USR000715,MINDGUARD,active,2026-02-05T06:00:00,
ENR00000867,USR000715,HEALTH_RESERVE,active,2026-02-02T10:00:00,
ENR00000868,USR000716,MINDGUARD,active,2025-10-25T08:00:00,
ENR00000869,USR000717,MINDGUARD,active,2026-01-30T21:00:00,
ENR00000870,USR000718,MINDGUARD,active,2025-12-24T03:00:00,
ENR00000871,USR000718,HEALTH_RESERVE,active,2025-12-27T09:00:00,
ENR00000872,USR000719,MINDGUARD,active,2026-02-03T08:00:00,
ENR00000873,USR000720,MINDGUARD,active,2025-12-24T17:00:00,
ENR00000874,USR000721,MINDGUARD,active,2025-12-02T23:00:00,
ENR00000875,USR000722,MINDGUARD,active,2025-12-26T13:00:00,
ENR00000876,USR000723,MINDGUARD,discontinued,2025-12-11T23:00:00,2026-07-23T23:25:00
ENR00000877,USR000723,HEALTH_RESERVE,active,2025-12-03T02:00:00,
ENR00000878,USR000724,MINDGUARD,active,2026-01-16T10:00:00,
ENR00000879,USR000725,MINDGUARD,active,2025-12-17T11:00:00,
ENR00000880,USR000726,HEALTH_RESERVE,active,2026-02-03T12:00:00,
ENR00000881,USR000727,HEALTH_RESERVE,active,2025-10-09T03:00:00,
ENR00000882,USR000728,HEALTH_RESERVE,active,2026-01-28T10:00:00,
ENR00000883,USR000729,MINDGUARD,active,2025-11-30T07:00:00,
ENR00000884,USR000729,HEALTH_RESERVE,active,2025-12-03T05:00:00,
ENR00000885,USR000730,MINDGUARD,active,2025-10-12T21:00:00,
ENR00000886,USR000731,HEALTH_RESERVE,active,2025-11-14T16:00:00,
ENR00000887,USR000732,HEALTH_RESERVE,active,2025-12-15T02:00:00,
ENR00000888,USR000733,MINDGUARD,active,2025-12-26T13:00:00,
ENR00000889,USR000734,MINDGUARD,active,2026-01-21T22:00:00,
ENR00000890,USR000735,MINDGUARD,discontinued,2025-10-16T09:00:00,2026-06-12T09:46:00
ENR00000891,USR000735,HEALTH_RESERVE,active,2025-10-13T07:00:00,
ENR00000892,USR000736,MINDGUARD,active,2026-01-28T12:00:00,
ENR00000893,USR000737,HEALTH_RESERVE,active,2026-02-09T22:00:00,
ENR00000894,USR000738,MINDGUARD,active,2025-10-02T18:00:00,
ENR00000895,USR000739,MINDGUARD,active,2025-10-13T09:00:00,
ENR00000896,USR000740,MINDGUARD,active,2026-01-09T22:00:00,
ENR00000897,USR000741,MINDGUARD,active,2026-01-17T22:00:00,
ENR00000898,USR000742,MINDGUARD,active,2025-09-24T16:00:00,
ENR00000899,USR000742,HEALTH_RESERVE,active,2025-10-05T07:00:00,
ENR00000900,USR000743,MINDGUARD,active,2025-11-24T13:00:00,
ENR00000901,USR000743,HEALTH_RESERVE,active,2025-11-15T03:00:00,
ENR00000902,USR000744,MINDGUARD,active,2025-09-24T11:00:00,
ENR00000903,USR000745,MINDGUARD,active,2025-10-04T14:00:00,
ENR00000904,USR000746,MINDGUARD,active,2025-12-29T14:00:00,
ENR00000905,USR000747,MINDGUARD,active,2025-11-25T09:00:00,
ENR00000906,USR000747,HEALTH_RESERVE,active,2025-11-25T09:00:00,
ENR00000907,USR000748,HEALTH_RESERVE,active,2025-11-03T16:00:00,
ENR00000908,USR000749,MINDGUARD,active,2025-09-19T06:00:00,
ENR00000909,USR000749,HEALTH_RESERVE,active,2025-09-26T14:00:00,
ENR00000910,USR000750,MINDGUARD,active,2025-12-24T08:00:00,
ENR00000911,USR000751,HEALTH_RESERVE,active,2026-01-30T05:00:00,
ENR00000912,USR000752,MINDGUARD,active,2025-09-30T22:00:00,
ENR00000913,USR000753,MINDGUARD,active,2025-12-16T07:00:00,
ENR00000914,USR000753,HEALTH_RESERVE,active,2025-12-15T14:00:00,
ENR00000915,USR000754,MINDGUARD,active,2026-02-02T09:00:00,
ENR00000916,USR000754,HEALTH_RESERVE,active,2026-02-11T08:00:00,
ENR00000917,USR000755,MINDGUARD,active,2025-11-04T08:00:00,
ENR00000918,USR000755,HEALTH_RESERVE,active,2025-11-11T06:00:00,
ENR00000919,USR000756,MINDGUARD,active,2026-01-28T15:00:00,
ENR00000920,USR000757,HEALTH_RESERVE,active,2025-11-05T01:00:00,
ENR00000921,USR000758,MINDGUARD,active,2025-10-27T07:00:00,
ENR00000922,USR000759,MINDGUARD,active,2025-11-22T09:00:00,
ENR00000923,USR000760,HEALTH_RESERVE,active,2025-11-26T02:00:00,
ENR00000924,USR000761,HEALTH_RESERVE,active,2026-02-07T01:00:00,
ENR00000925,USR000762,MINDGUARD,active,2026-02-04T11:00:00,
ENR00000926,USR000763,MINDGUARD,active,2026-01-15T16:00:00,
ENR00000927,USR000763,HEALTH_RESERVE,active,2026-01-06T21:00:00,
ENR00000928,USR000764,HEALTH_RESERVE,active,2026-01-17T14:00:00,
ENR00000929,USR000765,MINDGUARD,active,2025-09-20T04:00:00,
ENR00000930,USR000766,MINDGUARD,active,2025-12-14T06:00:00,
ENR00000931,USR000767,MINDGUARD,active,2025-11-21T10:00:00,
ENR00000932,USR000768,MINDGUARD,active,2025-11-30T17:00:00,
ENR00000933,USR000769,MINDGUARD,active,2026-02-09T04:00:00,
ENR00000934,USR000770,HEALTH_RESERVE,active,2025-10-06T08:00:00,
ENR00000935,USR000771,MINDGUARD,active,2025-10-26T02:00:00,
ENR00000936,USR000772,MINDGUARD,active,2025-10-25T14:00:00,
ENR00000937,USR000772,HEALTH_RESERVE,active,2025-10-26T20:00:00,
ENR00000938,USR000773,HEALTH_RESERVE,active,2025-10-02T00:00:00,
ENR00000939,USR000774,MINDGUARD,active,2026-02-11T04:00:00,
ENR00000940,USR000775,MINDGUARD,active,2025-11-05T15:00:00,
ENR00000941,USR000776,HEALTH_RESERVE,active,2026-02-05T06:00:00,
ENR00000942,USR000777,MINDGUARD,active,2026-01-20T05:00:00,
ENR00000943,USR000778,MINDGUARD,active,2026-02-06T21:00:00,
ENR00000944,USR000779,HEALTH_RESERVE,active,2025-10-21T10:00:00,
ENR00000945,USR000780,MINDGUARD,active,2025-11-15T00:00:00,
ENR00000946,USR000781,MINDGUARD,active,2025-11-28T20:00:00,
ENR00000947,USR000781,HEALTH_RESERVE,active,2025-11-25T00:00:00,
ENR00000948,USR000782,MINDGUARD,active,2026-02-19T17:00:00,
ENR00000949,USR000783,MINDGUARD,active,2025-11-30T18:00:00,
ENR00000950,USR000784,MINDGUARD,active,2026-01-27T08:00:00,
ENR00000951,USR000785,HEALTH_RESERVE,active,2026-01-03T03:00:00,
ENR00000952,USR000786,HEALTH_RESERVE,active,2026-02-12T02:00:00,
ENR00000953,USR000787,MINDGUARD,active,2026-02-08T04:00:00,
ENR00000954,USR000788,MINDGUARD,active,2025-10-26T01:00:00,
ENR00000955,USR000789,MINDGUARD,active,2025-11-04T03:00:00,
ENR00000956,USR000790,HEALTH_RESERVE,active,2025-11-02T18:00:00,
ENR00000957,USR000791,HEALTH_RESERVE,active,2025-09-21T08:00:00,
ENR00000958,USR000792,MINDGUARD,active,2026-01-23T21:00:00,
ENR00000959,USR000793,MINDGUARD,active,2025-12-05T16:00:00,
ENR00000960,USR000794,MINDGUARD,active,2025-10-12T21:00:00,
ENR00000961,USR000795,MINDGUARD,active,2025-11-11T10:00:00,
ENR00000962,USR000796,MINDGUARD,active,2025-12-16T03:00:00,
ENR00000963,USR000797,MINDGUARD,active,2025-10-12T13:00:00,
ENR00000964,USR000798,MINDGUARD,active,2025-10-27T20:00:00,
ENR00000965,USR000798,HEALTH_RESERVE,active,2025-10-29T01:00:00,
ENR00000966,USR000799,MINDGUARD,active,2026-01-07T16:00:00,
ENR00000967,USR000800,MINDGUARD,active,2026-02-10T08:00:00,
ENR00000968,USR000800,HEALTH_RESERVE,active,2026-02-13T03:00:00,
ENR00000969,USR000801,HEALTH_RESERVE,active,2025-10-12T17:00:00,
ENR00000970,USR000802,MINDGUARD,active,2025-11-04T00:00:00,
ENR00000971,USR000803,MINDGUARD,active,2025-10-30T08:00:00,
ENR00000972,USR000804,HEALTH_RESERVE,active,2025-11-03T21:00:00,
ENR00000973,USR000805,MINDGUARD,active,2025-10-28T10:00:00,
ENR00000974,USR000805,HEALTH_RESERVE,active,2025-10-29T12:00:00,
ENR00000975,USR000806,MINDGUARD,active,2025-12-31T20:00:00,
ENR00000976,USR000807,MINDGUARD,active,2025-12-30T20:00:00,
ENR00000977,USR000808,MINDGUARD,active,2025-10-17T01:00:00,
ENR00000978,USR000808,HEALTH_RESERVE,active,2025-10-21T04:00:00,
ENR00000979,USR000809,HEALTH_RESERVE,active,2026-01-28T02:00:00,
ENR00000980,USR000810,MINDGUARD,active,2026-02-10T09:00:00,
ENR00000981,USR000811,HEALTH_RESERVE,active,2025-12-18T15:00:00,
ENR00000982,USR000812,MINDGUARD,active,2025-11-28T21:00:00,
ENR00000983,USR000812,HEALTH_RESERVE,active,2025-11-23T16:00:00,
ENR00000984,USR000813,MINDGUARD,active,2026-01-06T15:00:00,
ENR00000985,USR000814,MINDGUARD,active,2025-11-11T08:00:00,
ENR00000986,USR000814,HEALTH_RESERVE,active,2025-11-05T08:00:00,
ENR00000987,USR000815,MINDGUARD,active,2025-12-31T12:00:00,
ENR00000988,USR000816,MINDGUARD,active,2025-10-06T04:00:00,
ENR00000989,USR000816,HEALTH_RESERVE,active,2025-10-08T00:00:00,
ENR00000990,USR000817,MINDGUARD,active,2025-12-25T08:00:00,
ENR00000991,USR000818,HEALTH_RESERVE,active,2026-01-22T05:00:00,
ENR00000992,USR000819,MINDGUARD,active,2025-10-11T13:00:00,
ENR00000993,USR000820,HEALTH_RESERVE,active,2025-12-09T01:00:00,
ENR00000994,USR000821,MINDGUARD,active,2025-10-10T12:00:00,
ENR00000995,USR000821,HEALTH_RESERVE,active,2025-10-01T05:00:00,
ENR00000996,USR000822,MINDGUARD,active,2025-12-06T14:00:00,
ENR00000997,USR000822,HEALTH_RESERVE,active,2025-12-03T18:00:00,
ENR00000998,USR000823,MINDGUARD,active,2025-12-08T00:00:00,
ENR00000999,USR000823,HEALTH_RESERVE,active,2025-12-06T01:00:00,
ENR00001000,USR000824,MINDGUARD,active,2026-01-20T02:00:00,
ENR00001001,USR000825,MINDGUARD,active,2025-12-20T18:00:00,
ENR00001002,USR000826,MINDGUARD,active,2026-02-02T14:00:00,
ENR00001003,USR000827,MINDGUARD,active,2026-01-24T03:00:00,
ENR00001004,USR000828,MINDGUARD,active,2026-01-15T04:00:00,
ENR00001005,USR000829,MINDGUARD,active,2025-11-27T20:00:00,
ENR00001006,USR000830,MINDGUARD,active,2026-01-19T15:00:00,
ENR00001007,USR000831,MINDGUARD,active,2025-12-20T18:00:00,
ENR00001008,USR000831,HEALTH_RESERVE,active,2025-12-09T14:00:00,
ENR00001009,USR000832,MINDGUARD,active,2026-02-10T11:00:00,
ENR00001010,USR000833,MINDGUARD,active,2026-01-31T03:00:00,
ENR00001011,USR000833,HEALTH_RESERVE,active,2026-01-17T21:00:00,
ENR00001012,USR000834,MINDGUARD,active,2026-02-15T07:00:00,
ENR00001013,USR000834,HEALTH_RESERVE,active,2026-02-07T07:00:00,
ENR00001014,USR000835,HEALTH_RESERVE,active,2026-01-07T09:00:00,
ENR00001015,USR000836,MINDGUARD,active,2026-02-01T09:00:00,
ENR00001016,USR000837,MINDGUARD,active,2025-11-22T12:00:00,
ENR00001017,USR000838,MINDGUARD,active,2025-11-01T19:00:00,
ENR00001018,USR000839,MINDGUARD,active,2025-11-17T18:00:00,
ENR00001019,USR000840,MINDGUARD,active,2025-10-14T22:00:00,
ENR00001020,USR000841,MINDGUARD,active,2025-11-16T09:00:00,
ENR00001021,USR000842,MINDGUARD,active,2026-01-14T11:00:00,
ENR00001022,USR000842,HEALTH_RESERVE,active,2026-01-10T15:00:00,
ENR00001023,USR000843,MINDGUARD,active,2025-11-01T07:00:00,
ENR00001024,USR000844,MINDGUARD,active,2026-01-02T16:00:00,
ENR00001025,USR000845,MINDGUARD,active,2025-11-19T12:00:00,
ENR00001026,USR000846,MINDGUARD,active,2025-10-04T23:00:00,
ENR00001027,USR000847,MINDGUARD,active,2026-02-08T19:00:00,
ENR00001028,USR000847,HEALTH_RESERVE,active,2026-02-06T17:00:00,
ENR00001029,USR000848,MINDGUARD,active,2025-12-01T14:00:00,
ENR00001030,USR000849,MINDGUARD,active,2025-10-13T22:00:00,
ENR00001031,USR000850,MINDGUARD,active,2025-10-04T06:00:00,
ENR00001032,USR000851,MINDGUARD,active,2026-01-12T01:00:00,
ENR00001033,USR000852,MINDGUARD,active,2025-10-05T04:00:00,
ENR00001034,USR000853,MINDGUARD,active,2025-09-24T01:00:00,
ENR00001035,USR000854,MINDGUARD,active,2026-01-07T00:00:00,
ENR00001036,USR000855,MINDGUARD,active,2025-11-28T12:00:00,
ENR00001037,USR000856,HEALTH_RESERVE,active,2025-11-26T06:00:00,
ENR00001038,USR000857,MINDGUARD,active,2025-10-12T12:00:00,
ENR00001039,USR000858,HEALTH_RESERVE,active,2026-02-10T13:00:00,
ENR00001040,USR000859,HEALTH_RESERVE,active,2025-09-27T04:00:00,
ENR00001041,USR000860,HEALTH_RESERVE,active,2026-01-14T02:00:00,
ENR00001042,USR000861,HEALTH_RESERVE,active,2026-01-31T08:00:00,
ENR00001043,USR000862,MINDGUARD,active,2025-10-11T16:00:00,
ENR00001044,USR000863,HEALTH_RESERVE,active,2026-01-19T07:00:00,
ENR00001045,USR000864,HEALTH_RESERVE,active,2026-01-03T03:00:00,
ENR00001046,USR000865,MINDGUARD,active,2025-11-29T04:00:00,
ENR00001047,USR000866,MINDGUARD,active,2025-11-20T01:00:00,
ENR00001048,USR000867,MINDGUARD,active,2026-02-22T13:00:00,
ENR00001049,USR000868,MINDGUARD,active,2026-02-16T00:00:00,
ENR00001050,USR000868,HEALTH_RESERVE,active,2026-02-07T22:00:00,
ENR00001051,USR000869,HEALTH_RESERVE,active,2026-01-08T01:00:00,
ENR00001052,USR000870,MINDGUARD,active,2025-09-28T14:00:00,
ENR00001053,USR000871,MINDGUARD,active,2025-11-23T05:00:00,
ENR00001054,USR000872,HEALTH_RESERVE,active,2026-01-23T00:00:00,
ENR00001055,USR000873,MINDGUARD,active,2025-09-23T13:00:00,
ENR00001056,USR000873,HEALTH_RESERVE,active,2025-10-01T12:00:00,
ENR00001057,USR000874,MINDGUARD,active,2026-01-28T13:00:00,
ENR00001058,USR000874,HEALTH_RESERVE,active,2026-01-26T03:00:00,
ENR00001059,USR000875,MINDGUARD,active,2025-11-22T08:00:00,
ENR00001060,USR000876,MINDGUARD,active,2026-02-10T18:00:00,
ENR00001061,USR000877,MINDGUARD,active,2026-01-06T00:00:00,
ENR00001062,USR000878,MINDGUARD,active,2026-01-14T17:00:00,
ENR00001063,USR000879,HEALTH_RESERVE,active,2025-12-17T12:00:00,
ENR00001064,USR000880,MINDGUARD,active,2025-11-28T23:00:00,
ENR00001065,USR000880,HEALTH_RESERVE,active,2025-11-29T19:00:00,
ENR00001066,USR000881,MINDGUARD,active,2025-12-12T09:00:00,
ENR00001067,USR000882,HEALTH_RESERVE,active,2025-12-03T08:00:00,
ENR00001068,USR000883,MINDGUARD,active,2026-02-08T23:00:00,
ENR00001069,USR000884,MINDGUARD,active,2025-10-30T19:00:00,
ENR00001070,USR000885,MINDGUARD,active,2026-01-08T04:00:00,
ENR00001071,USR000886,MINDGUARD,active,2026-02-14T09:00:00,
ENR00001072,USR000887,MINDGUARD,active,2026-02-17T16:00:00,
ENR00001073,USR000888,MINDGUARD,active,2026-01-17T16:00:00,
ENR00001074,USR000888,HEALTH_RESERVE,active,2026-01-22T16:00:00,
ENR00001075,USR000889,MINDGUARD,active,2025-12-16T19:00:00,
ENR00001076,USR000890,HEALTH_RESERVE,active,2025-12-08T08:00:00,
ENR00001077,USR000891,MINDGUARD,active,2025-11-19T14:00:00,
ENR00001078,USR000892,HEALTH_RESERVE,active,2026-01-25T21:00:00,
ENR00001079,USR000893,MINDGUARD,active,2025-10-18T20:00:00,
ENR00001080,USR000894,MINDGUARD,active,2026-02-15T18:00:00,
ENR00001081,USR000895,MINDGUARD,active,2025-12-09T07:00:00,
ENR00001082,USR000896,HEALTH_RESERVE,active,2025-11-28T02:00:00,
ENR00001083,USR000897,MINDGUARD,discontinued,2025-09-24T09:00:00,2026-05-23T09:30:00
ENR00001084,USR000898,MINDGUARD,active,2026-01-10T02:00:00,
ENR00001085,USR000899,MINDGUARD,active,2025-09-29T06:00:00,
ENR00001086,USR000899,HEALTH_RESERVE,active,2025-09-22T09:00:00,
ENR00001087,USR000900,MINDGUARD,active,2025-12-28T03:00:00,
ENR00001088,USR000901,MINDGUARD,active,2025-10-20T17:00:00,
ENR00001089,USR000901,HEALTH_RESERVE,active,2025-10-23T17:00:00,
ENR00001090,USR000902,MINDGUARD,active,2025-12-02T11:00:00,
ENR00001091,USR000902,HEALTH_RESERVE,active,2025-11-23T20:00:00,
ENR00001092,USR000903,MINDGUARD,active,2025-12-12T07:00:00,
ENR00001093,USR000904,MINDGUARD,active,2025-09-20T13:00:00,
ENR00001094,USR000904,HEALTH_RESERVE,active,2025-10-04T08:00:00,
ENR00001095,USR000905,MINDGUARD,active,2025-09-19T06:00:00,
ENR00001096,USR000906,MINDGUARD,active,2025-10-23T00:00:00,
ENR00001097,USR000907,MINDGUARD,active,2025-12-25T04:00:00,
ENR00001098,USR000908,MINDGUARD,active,2026-01-02T18:00:00,
ENR00001099,USR000909,MINDGUARD,active,2026-01-12T16:00:00,
ENR00001100,USR000909,HEALTH_RESERVE,active,2026-01-03T12:00:00,
ENR00001101,USR000910,MINDGUARD,active,2025-10-29T20:00:00,
ENR00001102,USR000911,MINDGUARD,active,2025-11-08T10:00:00,
ENR00001103,USR000912,HEALTH_RESERVE,active,2025-09-27T09:00:00,
ENR00001104,USR000913,HEALTH_RESERVE,active,2026-01-01T12:00:00,
ENR00001105,USR000914,MINDGUARD,active,2025-10-28T04:00:00,
ENR00001106,USR000915,HEALTH_RESERVE,active,2025-09-30T23:00:00,
ENR00001107,USR000916,HEALTH_RESERVE,active,2025-11-25T04:00:00,
ENR00001108,USR000917,MINDGUARD,active,2025-12-06T08:00:00,
ENR00001109,USR000918,HEALTH_RESERVE,active,2025-09-24T19:00:00,
ENR00001110,USR000919,MINDGUARD,active,2025-12-23T12:00:00,
ENR00001111,USR000919,HEALTH_RESERVE,active,2025-12-28T19:00:00,
ENR00001112,USR000920,HEALTH_RESERVE,active,2025-12-01T10:00:00,
ENR00001113,USR000921,MINDGUARD,active,2026-02-07T02:00:00,
ENR00001114,USR000922,MINDGUARD,active,2026-02-12T11:00:00,
ENR00001115,USR000923,MINDGUARD,active,2026-01-25T06:00:00,
ENR00001116,USR000923,HEALTH_RESERVE,active,2026-02-06T11:00:00,
ENR00001117,USR000924,HEALTH_RESERVE,active,2025-12-30T05:00:00,
ENR00001118,USR000925,MINDGUARD,active,2026-02-05T03:00:00,
ENR00001119,USR000925,HEALTH_RESERVE,active,2026-02-08T01:00:00,
ENR00001120,USR000926,MINDGUARD,active,2025-09-23T02:00:00,
ENR00001121,USR000926,HEALTH_RESERVE,active,2025-09-25T04:00:00,
ENR00001122,USR000927,HEALTH_RESERVE,active,2025-10-23T12:00:00,
ENR00001123,USR000928,MINDGUARD,active,2026-01-25T11:00:00,
ENR00001124,USR000929,HEALTH_RESERVE,active,2025-12-08T04:00:00,
ENR00001125,USR000930,MINDGUARD,active,2025-12-21T09:00:00,
ENR00001126,USR000930,HEALTH_RESERVE,active,2025-12-18T09:00:00,
ENR00001127,USR000931,MINDGUARD,active,2025-10-25T04:00:00,
ENR00001128,USR000932,HEALTH_RESERVE,active,2025-12-06T12:00:00,
ENR00001129,USR000933,HEALTH_RESERVE,active,2025-10-17T01:00:00,
ENR00001130,USR000934,MINDGUARD,active,2025-12-15T09:00:00,
ENR00001131,USR000934,HEALTH_RESERVE,active,2025-12-16T10:00:00,
ENR00001132,USR000935,MINDGUARD,active,2025-12-24T19:00:00,
ENR00001133,USR000935,HEALTH_RESERVE,active,2025-12-30T20:00:00,
ENR00001134,USR000936,MINDGUARD,active,2026-02-11T02:00:00,
ENR00001135,USR000936,HEALTH_RESERVE,active,2026-02-24T18:00:00,
ENR00001136,USR000937,MINDGUARD,active,2026-01-24T13:00:00,
ENR00001137,USR000938,MINDGUARD,active,2026-01-18T14:00:00,
ENR00001138,USR000938,HEALTH_RESERVE,active,2026-01-13T10:00:00,
ENR00001139,USR000939,MINDGUARD,active,2025-10-23T11:00:00,
ENR00001140,USR000940,MINDGUARD,active,2025-10-29T23:00:00,
ENR00001141,USR000940,HEALTH_RESERVE,active,2025-10-30T05:00:00,
ENR00001142,USR000941,HEALTH_RESERVE,active,2026-01-05T06:00:00,
ENR00001143,USR000942,HEALTH_RESERVE,active,2026-02-08T16:00:00,
ENR00001144,USR000943,MINDGUARD,active,2026-01-17T21:00:00,
ENR00001145,USR000944,MINDGUARD,active,2026-01-07T20:00:00,
ENR00001146,USR000945,MINDGUARD,active,2026-02-12T18:00:00,
ENR00001147,USR000946,HEALTH_RESERVE,active,2025-10-27T07:00:00,
ENR00001148,USR000947,MINDGUARD,active,2025-11-25T13:00:00,
ENR00001149,USR000947,HEALTH_RESERVE,active,2025-11-17T15:00:00,
ENR00001150,USR000948,HEALTH_RESERVE,active,2025-11-24T07:00:00,
ENR00001151,USR000949,MINDGUARD,active,2025-11-21T15:00:00,
ENR00001152,USR000950,MINDGUARD,active,2026-01-24T13:00:00,
ENR00001153,USR000951,MINDGUARD,active,2025-11-09T08:00:00,
ENR00001154,USR000952,MINDGUARD,active,2025-12-18T09:00:00,
ENR00001155,USR000953,MINDGUARD,active,2026-01-16T06:00:00,
ENR00001156,USR000954,HEALTH_RESERVE,active,2026-02-09T19:00:00,
ENR00001157,USR000955,MINDGUARD,active,2025-10-04T06:00:00,
ENR00001158,USR000956,MINDGUARD,active,2025-12-19T16:00:00,
ENR00001159,USR000956,HEALTH_RESERVE,active,2025-12-09T14:00:00,
ENR00001160,USR000957,MINDGUARD,active,2025-12-07T18:00:00,
ENR00001161,USR000958,HEALTH_RESERVE,active,2025-12-21T07:00:00,
ENR00001162,USR000959,HEALTH_RESERVE,active,2025-10-02T18:00:00,
ENR00001163,USR000960,HEALTH_RESERVE,active,2025-10-13T10:00:00,
ENR00001164,USR000961,MINDGUARD,active,2025-10-30T18:00:00,
ENR00001165,USR000962,HEALTH_RESERVE,active,2026-01-18T06:00:00,
ENR00001166,USR000963,MINDGUARD,active,2026-01-29T20:00:00,
ENR00001167,USR000963,HEALTH_RESERVE,active,2026-01-28T19:00:00,
ENR00001168,USR000964,MINDGUARD,active,2026-01-01T20:00:00,
ENR00001169,USR000965,HEALTH_RESERVE,active,2026-01-14T00:00:00,
ENR00001170,USR000966,MINDGUARD,active,2026-01-10T10:00:00,
ENR00001171,USR000967,MINDGUARD,active,2025-10-26T15:00:00,
ENR00001172,USR000968,HEALTH_RESERVE,active,2025-11-05T17:00:00,
ENR00001173,USR000969,MINDGUARD,active,2025-09-20T16:00:00,
ENR00001174,USR000969,HEALTH_RESERVE,active,2025-10-02T12:00:00,
ENR00001175,USR000970,MINDGUARD,active,2025-12-29T21:00:00,
ENR00001176,USR000970,HEALTH_RESERVE,active,2026-01-01T05:00:00,
ENR00001177,USR000971,HEALTH_RESERVE,active,2025-12-30T15:00:00,
ENR00001178,USR000972,MINDGUARD,active,2025-12-31T08:00:00,
ENR00001179,USR000973,MINDGUARD,active,2026-02-17T15:00:00,
ENR00001180,USR000973,HEALTH_RESERVE,active,2026-02-11T22:00:00,
ENR00001181,USR000974,MINDGUARD,active,2025-09-20T18:00:00,
ENR00001182,USR000974,HEALTH_RESERVE,active,2025-09-29T09:00:00,
ENR00001183,USR000975,HEALTH_RESERVE,active,2025-10-13T02:00:00,
ENR00001184,USR000976,MINDGUARD,active,2026-02-01T03:00:00,
ENR00001185,USR000976,HEALTH_RESERVE,active,2026-01-28T19:00:00,
ENR00001186,USR000977,MINDGUARD,active,2025-12-31T10:00:00,
ENR00001187,USR000977,HEALTH_RESERVE,active,2025-12-23T11:00:00,
ENR00001188,USR000978,MINDGUARD,active,2025-09-28T11:00:00,
ENR00001189,USR000979,MINDGUARD,active,2026-02-12T12:00:00,
ENR00001190,USR000980,MINDGUARD,active,2026-01-04T18:00:00,
ENR00001191,USR000980,HEALTH_RESERVE,active,2025-12-31T14:00:00,
ENR00001192,USR000981,MINDGUARD,active,2025-12-31T22:00:00,
ENR00001193,USR000982,MINDGUARD,active,2025-12-28T20:00:00,
ENR00001194,USR000983,MINDGUARD,active,2025-11-24T01:00:00,
ENR00001195,USR000984,MINDGUARD,active,2025-09-25T17:00:00,
ENR00001196,USR000985,HEALTH_RESERVE,active,2026-02-11T06:00:00,
ENR00001197,USR000986,MINDGUARD,active,2025-10-16T23:00:00,
ENR00001198,USR000986,HEALTH_RESERVE,active,2025-10-16T23:00:00,
ENR00001199,USR000987,MINDGUARD,active,2026-01-26T16:00:00,
ENR00001200,USR000988,HEALTH_RESERVE,active,2025-11-25T21:00:00,
ENR00001201,USR000989,MINDGUARD,active,2025-11-30T04:00:00,
ENR00001202,USR000989,HEALTH_RESERVE,active,2025-11-27T05:00:00,
ENR00001203,USR000990,HEALTH_RESERVE,active,2026-01-18T02:00:00,
ENR00001204,USR000991,MINDGUARD,active,2025-10-23T00:00:00,
ENR00001205,USR000991,HEALTH_RESERVE,active,2025-10-17T08:00:00,
ENR00001206,USR000992,MINDGUARD,active,2026-02-10T13:00:00,
ENR00001207,USR000993,MINDGUARD,active,2025-11-10T12:00:00,
ENR00001208,USR000994,MINDGUARD,active,2025-11-09T00:00:00,
ENR00001209,USR000994,HEALTH_RESERVE,active,2025-11-14T03:00:00,
ENR00001210,USR000995,MINDGUARD,active,2025-11-10T10:00:00,
ENR00001211,USR000995,HEALTH_RESERVE,active,2025-11-14T15:00:00,
ENR00001212,USR000996,MINDGUARD,active,2026-01-01T04:00:00,
ENR00001213,USR000996,HEALTH_RESERVE,active,2026-01-13T02:00:00,
ENR00001214,USR000997,HEALTH_RESERVE,active,2025-12-16T08:00:00,
ENR00001215,USR000998,MINDGUARD,active,2026-01-30T09:00:00,
ENR00001216,USR000999,MINDGUARD,active,2025-11-21T17:00:00,
ENR00001217,USR001000,HEALTH_RESERVE,active,2025-11-04T18:00:00,
ENR00001218,USR001001,MINDGUARD,active,2025-10-30T06:00:00,
ENR00001219,USR001002,HEALTH_RESERVE,active,2025-12-13T22:00:00,
ENR00001220,USR001003,MINDGUARD,active,2025-10-11T15:00:00,
ENR00001221,USR001004,MINDGUARD,active,2025-10-29T15:00:00,
ENR00001222,USR001005,MINDGUARD,active,2025-12-11T07:00:00,
ENR00001223,USR001005,HEALTH_RESERVE,active,2025-12-18T01:00:00,
ENR00001224,USR001006,MINDGUARD,active,2025-12-12T12:00:00,
ENR00001225,USR001007,HEALTH_RESERVE,active,2025-11-25T18:00:00,
ENR00001226,USR001008,MINDGUARD,active,2025-11-15T21:00:00,
ENR00001227,USR001008,HEALTH_RESERVE,active,2025-11-11T20:00:00,
ENR00001228,USR001009,MINDGUARD,active,2025-10-06T19:00:00,
ENR00001229,USR001010,MINDGUARD,active,2026-01-28T16:00:00,
ENR00001230,USR001011,MINDGUARD,active,2025-10-28T00:00:00,
ENR00001231,USR001012,HEALTH_RESERVE,active,2026-02-09T11:00:00,
ENR00001232,USR001013,MINDGUARD,active,2026-02-06T22:00:00,
ENR00001233,USR001014,HEALTH_RESERVE,active,2025-10-19T02:00:00,
ENR00001234,USR001015,MINDGUARD,active,2025-11-16T13:00:00,
ENR00001235,USR001016,MINDGUARD,active,2025-10-13T10:00:00,
ENR00001236,USR001016,HEALTH_RESERVE,active,2025-10-05T11:00:00,
ENR00001237,USR001017,MINDGUARD,active,2026-01-04T06:00:00,
ENR00001238,USR001018,HEALTH_RESERVE,active,2026-02-22T17:00:00,
ENR00001239,USR001019,MINDGUARD,active,2025-12-05T13:00:00,
ENR00001240,USR001019,HEALTH_RESERVE,active,2025-11-28T12:00:00,
ENR00001241,USR001020,MINDGUARD,active,2025-10-19T11:00:00,
ENR00001242,USR001020,HEALTH_RESERVE,active,2025-10-09T05:00:00,
ENR00001243,USR001021,MINDGUARD,active,2025-12-17T04:00:00,
ENR00001244,USR001022,HEALTH_RESERVE,active,2025-11-21T04:00:00,
ENR00001245,USR001023,MINDGUARD,active,2025-12-23T02:00:00,
ENR00001246,USR001023,HEALTH_RESERVE,active,2025-12-15T21:00:00,
ENR00001247,USR001024,MINDGUARD,active,2025-12-07T00:00:00,
ENR00001248,USR001025,HEALTH_RESERVE,active,2025-11-25T20:00:00,
ENR00001249,USR001026,MINDGUARD,active,2025-12-11T00:00:00,
ENR00001250,USR001027,MINDGUARD,active,2026-02-08T13:00:00,
ENR00001251,USR001027,HEALTH_RESERVE,active,2026-02-12T09:00:00,
ENR00001252,USR001028,MINDGUARD,active,2025-12-04T21:00:00,
ENR00001253,USR001029,MINDGUARD,active,2025-10-29T17:00:00,
ENR00001254,USR001030,HEALTH_RESERVE,active,2025-12-10T15:00:00,
ENR00001255,USR001031,MINDGUARD,active,2026-01-17T10:00:00,
ENR00001256,USR001031,HEALTH_RESERVE,active,2026-01-21T19:00:00,
ENR00001257,USR001032,HEALTH_RESERVE,active,2026-01-26T12:00:00,
ENR00001258,USR001033,MINDGUARD,active,2025-10-06T03:00:00,
ENR00001259,USR001034,MINDGUARD,active,2025-11-20T20:00:00,
ENR00001260,USR001035,MINDGUARD,discontinued,2026-02-05T21:00:00,2026-07-10T21:16:00
ENR00001261,USR001036,MINDGUARD,active,2026-02-01T04:00:00,
ENR00001262,USR001037,HEALTH_RESERVE,active,2026-02-11T10:00:00,
ENR00001263,USR001038,MINDGUARD,active,2025-11-02T18:00:00,
ENR00001264,USR001039,MINDGUARD,active,2026-01-04T00:00:00,
ENR00001265,USR001040,MINDGUARD,active,2026-01-05T12:00:00,
ENR00001266,USR001041,MINDGUARD,active,2026-02-06T04:00:00,
ENR00001267,USR001042,MINDGUARD,active,2025-12-02T20:00:00,
ENR00001268,USR001043,MINDGUARD,discontinued,2025-11-20T04:00:00,2026-05-16T04:52:00
ENR00001269,USR001044,MINDGUARD,active,2025-12-04T21:00:00,
ENR00001270,USR001045,MINDGUARD,active,2025-11-18T09:00:00,
ENR00001271,USR001046,MINDGUARD,active,2025-12-15T15:00:00,
ENR00001272,USR001046,HEALTH_RESERVE,active,2025-12-06T09:00:00,
ENR00001273,USR001047,MINDGUARD,active,2026-02-09T05:00:00,
ENR00001274,USR001048,MINDGUARD,active,2025-12-17T13:00:00,
ENR00001275,USR001048,HEALTH_RESERVE,active,2025-12-12T11:00:00,
ENR00001276,USR001049,MINDGUARD,active,2026-02-15T08:00:00,
ENR00001277,USR001050,MINDGUARD,active,2025-10-06T03:00:00,
ENR00001278,USR001050,HEALTH_RESERVE,active,2025-10-07T14:00:00,
ENR00001279,USR001051,MINDGUARD,active,2025-12-03T05:00:00,
ENR00001280,USR001052,HEALTH_RESERVE,active,2025-10-17T19:00:00,
ENR00001281,USR001053,MINDGUARD,active,2026-01-08T22:00:00,
ENR00001282,USR001053,HEALTH_RESERVE,active,2026-01-06T18:00:00,
ENR00001283,USR001054,HEALTH_RESERVE,active,2025-10-27T21:00:00,
ENR00001284,USR001055,MINDGUARD,active,2026-01-26T16:00:00,
ENR00001285,USR001056,MINDGUARD,active,2025-10-16T03:00:00,
ENR00001286,USR001057,MINDGUARD,active,2026-01-11T23:00:00,
ENR00001287,USR001058,MINDGUARD,active,2025-10-01T06:00:00,
ENR00001288,USR001059,MINDGUARD,active,2025-10-11T11:00:00,
ENR00001289,USR001060,MINDGUARD,active,2025-12-04T14:00:00,
ENR00001290,USR001061,MINDGUARD,active,2025-10-25T21:00:00,
ENR00001291,USR001062,MINDGUARD,active,2025-10-24T17:00:00,
ENR00001292,USR001063,HEALTH_RESERVE,active,2025-11-06T10:00:00,
ENR00001293,USR001064,MINDGUARD,active,2025-11-11T07:00:00,
ENR00001294,USR001064,HEALTH_RESERVE,active,2025-11-03T03:00:00,
ENR00001295,USR001065,HEALTH_RESERVE,active,2026-01-30T08:00:00,
ENR00001296,USR001066,HEALTH_RESERVE,active,2026-02-12T10:00:00,
ENR00001297,USR001067,MINDGUARD,active,2025-10-01T00:00:00,
ENR00001298,USR001068,MINDGUARD,active,2026-01-25T03:00:00,
ENR00001299,USR001069,HEALTH_RESERVE,active,2026-02-17T04:00:00,
ENR00001300,USR001070,MINDGUARD,active,2026-02-06T03:00:00,
ENR00001301,USR001071,MINDGUARD,active,2025-11-06T20:00:00,
ENR00001302,USR001072,MINDGUARD,active,2025-10-22T15:00:00,
ENR00001303,USR001073,MINDGUARD,active,2025-10-14T16:00:00,
ENR00001304,USR001073,HEALTH_RESERVE,active,2025-10-10T22:00:00,
ENR00001305,USR001074,HEALTH_RESERVE,active,2025-11-18T13:00:00,
ENR00001306,USR001075,MINDGUARD,active,2025-11-21T09:00:00,
ENR00001307,USR001076,MINDGUARD,active,2025-11-14T04:00:00,
ENR00001308,USR001077,MINDGUARD,active,2025-12-10T01:00:00,
ENR00001309,USR001078,MINDGUARD,active,2025-12-09T08:00:00,
ENR00001310,USR001079,MINDGUARD,active,2025-10-09T21:00:00,
ENR00001311,USR001079,HEALTH_RESERVE,active,2025-10-23T22:00:00,
ENR00001312,USR001080,HEALTH_RESERVE,active,2026-01-14T09:00:00,
ENR00001313,USR001081,MINDGUARD,active,2025-12-19T02:00:00,
ENR00001314,USR001082,MINDGUARD,active,2025-09-29T08:00:00,
ENR00001315,USR001083,MINDGUARD,active,2026-01-10T11:00:00,
ENR00001316,USR001084,MINDGUARD,active,2025-12-08T03:00:00,
ENR00001317,USR001085,MINDGUARD,active,2025-11-01T05:00:00,
ENR00001318,USR001085,HEALTH_RESERVE,active,2025-11-07T05:00:00,
ENR00001319,USR001086,MINDGUARD,active,2025-10-23T12:00:00,
ENR00001320,USR001087,MINDGUARD,active,2025-12-13T20:00:00,
ENR00001321,USR001088,MINDGUARD,active,2025-09-19T21:00:00,
ENR00001322,USR001089,MINDGUARD,active,2025-12-30T19:00:00,
ENR00001323,USR001090,MINDGUARD,active,2025-09-28T06:00:00,
ENR00001324,USR001091,HEALTH_RESERVE,active,2025-10-30T08:00:00,
ENR00001325,USR001092,MINDGUARD,active,2026-02-10T12:00:00,
ENR00001326,USR001093,HEALTH_RESERVE,active,2025-12-24T16:00:00,
ENR00001327,USR001094,MINDGUARD,active,2025-11-04T14:00:00,
ENR00001328,USR001095,MINDGUARD,active,2026-02-01T12:00:00,
ENR00001329,USR001095,HEALTH_RESERVE,active,2026-01-27T15:00:00,
ENR00001330,USR001096,MINDGUARD,active,2026-01-17T16:00:00,
ENR00001331,USR001097,HEALTH_RESERVE,active,2025-11-23T21:00:00,
ENR00001332,USR001098,HEALTH_RESERVE,active,2025-11-01T08:00:00,
ENR00001333,USR001099,MINDGUARD,active,2025-11-12T17:00:00,
ENR00001334,USR001099,HEALTH_RESERVE,active,2025-11-12T20:00:00,
ENR00001335,USR001100,MINDGUARD,active,2025-12-22T19:00:00,
ENR00001336,USR001101,MINDGUARD,active,2025-11-27T13:00:00,
ENR00001337,USR001102,MINDGUARD,active,2025-11-11T05:00:00,
ENR00001338,USR001103,MINDGUARD,active,2025-10-28T02:00:00,
ENR00001339,USR001104,MINDGUARD,active,2025-10-23T11:00:00,
ENR00001340,USR001105,MINDGUARD,active,2025-12-15T06:00:00,
ENR00001341,USR001106,HEALTH_RESERVE,active,2025-12-16T20:00:00,
ENR00001342,USR001107,HEALTH_RESERVE,active,2026-02-17T00:00:00,
ENR00001343,USR001108,MINDGUARD,active,2026-01-10T22:00:00,
ENR00001344,USR001109,MINDGUARD,active,2026-01-02T18:00:00,
ENR00001345,USR001110,MINDGUARD,active,2025-10-06T11:00:00,
ENR00001346,USR001110,HEALTH_RESERVE,active,2025-10-09T08:00:00,
ENR00001347,USR001111,MINDGUARD,active,2025-09-16T04:00:00,
ENR00001348,USR001112,HEALTH_RESERVE,active,2025-10-11T01:00:00,
ENR00001349,USR001113,MINDGUARD,active,2025-10-25T04:00:00,
ENR00001350,USR001114,MINDGUARD,active,2025-12-05T16:00:00,
ENR00001351,USR001115,MINDGUARD,active,2025-12-20T04:00:00,
ENR00001352,USR001116,MINDGUARD,active,2025-11-10T13:00:00,
ENR00001353,USR001116,HEALTH_RESERVE,active,2025-11-03T08:00:00,
ENR00001354,USR001117,MINDGUARD,active,2026-01-23T16:00:00,
ENR00001355,USR001118,MINDGUARD,active,2025-10-01T08:00:00,
ENR00001356,USR001119,MINDGUARD,active,2025-10-05T23:00:00,
ENR00001357,USR001120,MINDGUARD,active,2025-12-16T21:00:00,
ENR00001358,USR001121,MINDGUARD,active,2025-11-09T18:00:00,
ENR00001359,USR001122,HEALTH_RESERVE,active,2025-10-23T16:00:00,
ENR00001360,USR001123,HEALTH_RESERVE,active,2025-12-27T08:00:00,
ENR00001361,USR001124,MINDGUARD,active,2025-11-08T10:00:00,
ENR00001362,USR001124,HEALTH_RESERVE,active,2025-11-14T19:00:00,
ENR00001363,USR001125,MINDGUARD,active,2025-12-07T03:00:00,
ENR00001364,USR001126,MINDGUARD,active,2025-10-17T11:00:00,
ENR00001365,USR001127,MINDGUARD,active,2025-10-26T22:00:00,
ENR00001366,USR001128,MINDGUARD,active,2026-01-02T08:00:00,
ENR00001367,USR001129,MINDGUARD,active,2025-11-10T20:00:00,
ENR00001368,USR001130,MINDGUARD,active,2026-01-06T12:00:00,
ENR00001369,USR001131,HEALTH_RESERVE,active,2025-10-23T06:00:00,
ENR00001370,USR001132,MINDGUARD,active,2026-02-04T10:00:00,
ENR00001371,USR001133,HEALTH_RESERVE,active,2026-02-02T09:00:00,
ENR00001372,USR001134,HEALTH_RESERVE,active,2025-09-23T12:00:00,
ENR00001373,USR001135,MINDGUARD,active,2025-11-20T08:00:00,
ENR00001374,USR001136,MINDGUARD,active,2025-11-17T11:00:00,
ENR00001375,USR001137,HEALTH_RESERVE,active,2025-12-15T14:00:00,
ENR00001376,USR001138,MINDGUARD,active,2025-09-24T04:00:00,
ENR00001377,USR001138,HEALTH_RESERVE,active,2025-09-28T10:00:00,
ENR00001378,USR001139,MINDGUARD,active,2025-11-01T17:00:00,
ENR00001379,USR001140,MINDGUARD,active,2025-11-02T10:00:00,
ENR00001380,USR001141,MINDGUARD,active,2025-11-27T05:00:00,
ENR00001381,USR001142,MINDGUARD,active,2026-01-06T21:00:00,
ENR00001382,USR001143,MINDGUARD,active,2026-01-01T11:00:00,
ENR00001383,USR001144,MINDGUARD,active,2025-12-04T14:00:00,
ENR00001384,USR001144,HEALTH_RESERVE,active,2025-12-04T16:00:00,
ENR00001385,USR001145,MINDGUARD,active,2025-12-02T14:00:00,
ENR00001386,USR001146,MINDGUARD,active,2025-11-13T05:00:00,
ENR00001387,USR001147,MINDGUARD,active,2026-02-11T12:00:00,
ENR00001388,USR001148,MINDGUARD,active,2026-01-27T07:00:00,
ENR00001389,USR001149,MINDGUARD,active,2026-01-01T09:00:00,
ENR00001390,USR001150,MINDGUARD,active,2025-11-21T06:00:00,
ENR00001391,USR001151,MINDGUARD,active,2025-12-04T13:00:00,
ENR00001392,USR001151,HEALTH_RESERVE,active,2025-12-04T17:00:00,
ENR00001393,USR001152,MINDGUARD,active,2025-12-20T19:00:00,
ENR00001394,USR001153,MINDGUARD,active,2026-01-13T17:00:00,
ENR00001395,USR001154,HEALTH_RESERVE,active,2025-10-30T17:00:00,
ENR00001396,USR001155,MINDGUARD,active,2026-01-17T04:00:00,
ENR00001397,USR001156,HEALTH_RESERVE,active,2025-11-05T06:00:00,
ENR00001398,USR001157,MINDGUARD,active,2025-10-09T09:00:00,
ENR00001399,USR001158,MINDGUARD,active,2026-01-10T19:00:00,
ENR00001400,USR001159,HEALTH_RESERVE,active,2026-01-18T05:00:00,
ENR00001401,USR001160,MINDGUARD,active,2026-01-21T11:00:00,
ENR00001402,USR001161,MINDGUARD,active,2025-11-20T20:00:00,
ENR00001403,USR001162,MINDGUARD,active,2025-09-22T16:00:00,
ENR00001404,USR001163,MINDGUARD,active,2025-11-01T05:00:00,
ENR00001405,USR001164,MINDGUARD,active,2026-01-03T19:00:00,
ENR00001406,USR001165,MINDGUARD,active,2026-02-09T15:00:00,
ENR00001407,USR001166,MINDGUARD,active,2025-10-07T06:00:00,
ENR00001408,USR001167,MINDGUARD,active,2025-10-18T15:00:00,
ENR00001409,USR001168,MINDGUARD,active,2025-12-31T19:00:00,
ENR00001410,USR001168,HEALTH_RESERVE,active,2025-12-29T04:00:00,
ENR00001411,USR001169,MINDGUARD,active,2025-11-03T19:00:00,
ENR00001412,USR001169,HEALTH_RESERVE,active,2025-11-06T15:00:00,
ENR00001413,USR001170,MINDGUARD,active,2025-10-18T23:00:00,
ENR00001414,USR001171,HEALTH_RESERVE,active,2025-10-02T15:00:00,
ENR00001415,USR001172,HEALTH_RESERVE,active,2026-02-23T09:00:00,
ENR00001416,USR001173,MINDGUARD,active,2026-01-08T12:00:00,
ENR00001417,USR001174,MINDGUARD,active,2025-09-23T12:00:00,
ENR00001418,USR001175,HEALTH_RESERVE,active,2025-12-25T11:00:00,
ENR00001419,USR001176,MINDGUARD,active,2025-09-24T10:00:00,
ENR00001420,USR001177,MINDGUARD,active,2026-01-20T07:00:00,
ENR00001421,USR001178,HEALTH_RESERVE,active,2025-11-21T07:00:00,
ENR00001422,USR001179,MINDGUARD,active,2025-12-01T14:00:00,
ENR00001423,USR001179,HEALTH_RESERVE,active,2025-11-28T22:00:00,
ENR00001424,USR001180,MINDGUARD,active,2026-01-26T05:00:00,
ENR00001425,USR001181,MINDGUARD,active,2026-02-06T21:00:00,
ENR00001426,USR001182,HEALTH_RESERVE,active,2025-10-09T01:00:00,
ENR00001427,USR001183,MINDGUARD,active,2025-10-07T11:00:00,
ENR00001428,USR001184,MINDGUARD,active,2025-12-03T12:00:00,
ENR00001429,USR001185,HEALTH_RESERVE,active,2026-01-08T12:00:00,
ENR00001430,USR001186,MINDGUARD,active,2025-11-18T09:00:00,
ENR00001431,USR001187,HEALTH_RESERVE,active,2026-02-09T08:00:00,
ENR00001432,USR001188,MINDGUARD,active,2026-02-13T16:00:00,
ENR00001433,USR001188,HEALTH_RESERVE,active,2026-02-23T14:00:00,
ENR00001434,USR001189,MINDGUARD,active,2025-12-09T09:00:00,
ENR00001435,USR001190,MINDGUARD,active,2026-01-14T04:00:00,
ENR00001436,USR001191,MINDGUARD,active,2025-12-14T16:00:00,
ENR00001437,USR001191,HEALTH_RESERVE,active,2025-12-18T08:00:00,
ENR00001438,USR001192,MINDGUARD,active,2025-10-05T07:00:00,
ENR00001439,USR001193,HEALTH_RESERVE,active,2026-01-23T13:00:00,
ENR00001440,USR001194,HEALTH_RESERVE,active,2025-12-30T06:00:00,
ENR00001441,USR001195,MINDGUARD,active,2026-02-14T07:00:00,
ENR00001442,USR001196,MINDGUARD,active,2025-11-10T03:00:00,
ENR00001443,USR001197,MINDGUARD,active,2026-01-27T17:00:00,
ENR00001444,USR001198,MINDGUARD,active,2025-10-13T08:00:00,
ENR00001445,USR001199,MINDGUARD,active,2026-02-11T20:00:00,
ENR00001446,USR001200,MINDGUARD,active,2026-02-08T19:00:00,
ENR00001447,USR001200,HEALTH_RESERVE,active,2026-02-14T22:00:00,
ENR00001448,USR001201,MINDGUARD,active,2025-12-16T21:00:00,
ENR00001449,USR001201,HEALTH_RESERVE,active,2025-12-17T02:00:00,
ENR00001450,USR001202,MINDGUARD,active,2026-01-27T15:00:00,
ENR00001451,USR001203,MINDGUARD,active,2025-10-01T23:00:00,
ENR00001452,USR001203,HEALTH_RESERVE,active,2025-09-20T23:00:00,
ENR00001453,USR001204,MINDGUARD,active,2026-01-23T16:00:00,
ENR00001454,USR001205,HEALTH_RESERVE,active,2025-11-01T02:00:00,
ENR00001455,USR001206,MINDGUARD,active,2025-12-11T13:00:00,
ENR00001456,USR001207,HEALTH_RESERVE,active,2026-01-10T13:00:00,
ENR00001457,USR001208,HEALTH_RESERVE,active,2025-11-01T18:00:00,
ENR00001458,USR001209,MINDGUARD,active,2025-12-24T08:00:00,
ENR00001459,USR001210,MINDGUARD,active,2025-10-16T08:00:00,
ENR00001460,USR001211,HEALTH_RESERVE,active,2025-11-02T22:00:00,
ENR00001461,USR001212,MINDGUARD,active,2026-02-04T11:00:00,
ENR00001462,USR001212,HEALTH_RESERVE,active,2026-02-02T05:00:00,
ENR00001463,USR001213,MINDGUARD,active,2026-02-23T09:00:00,
ENR00001464,USR001214,MINDGUARD,active,2025-11-08T00:00:00,
ENR00001465,USR001214,HEALTH_RESERVE,active,2025-11-09T00:00:00,
ENR00001466,USR001215,MINDGUARD,active,2025-11-15T19:00:00,
ENR00001467,USR001216,HEALTH_RESERVE,active,2026-02-01T17:00:00,
ENR00001468,USR001217,MINDGUARD,active,2026-02-09T19:00:00,
ENR00001469,USR001218,MINDGUARD,active,2025-10-07T16:00:00,
ENR00001470,USR001219,MINDGUARD,active,2025-11-30T21:00:00,
ENR00001471,USR001219,HEALTH_RESERVE,active,2025-12-04T07:00:00,
ENR00001472,USR001220,MINDGUARD,active,2025-12-04T11:00:00,
ENR00001473,USR001221,MINDGUARD,active,2025-09-26T21:00:00,
ENR00001474,USR001222,MINDGUARD,active,2026-01-10T12:00:00,
ENR00001475,USR001223,MINDGUARD,active,2025-10-05T21:00:00,
ENR00001476,USR001224,MINDGUARD,active,2025-11-18T23:00:00,
ENR00001477,USR001224,HEALTH_RESERVE,active,2025-11-18T02:00:00,
ENR00001478,USR001225,MINDGUARD,active,2026-02-18T11:00:00,
ENR00001479,USR001225,HEALTH_RESERVE,active,2026-02-14T17:00:00,
ENR00001480,USR001226,HEALTH_RESERVE,active,2026-02-04T01:00:00,
ENR00001481,USR001227,MINDGUARD,active,2025-10-04T13:00:00,
ENR00001482,USR001228,MINDGUARD,active,2025-11-09T08:00:00,
ENR00001483,USR001229,MINDGUARD,active,2025-12-19T15:00:00,
ENR00001484,USR001229,HEALTH_RESERVE,active,2025-12-20T13:00:00,
ENR00001485,USR001230,MINDGUARD,active,2026-01-23T03:00:00,
ENR00001486,USR001230,HEALTH_RESERVE,active,2026-01-25T05:00:00,
ENR00001487,USR001231,HEALTH_RESERVE,active,2026-01-01T08:00:00,
ENR00001488,USR001232,HEALTH_RESERVE,active,2025-10-16T07:00:00,
ENR00001489,USR001233,HEALTH_RESERVE,active,2025-10-10T05:00:00,
ENR00001490,USR001234,HEALTH_RESERVE,active,2026-01-03T16:00:00,
ENR00001491,USR001235,MINDGUARD,active,2026-02-09T20:00:00,
ENR00001492,USR001236,MINDGUARD,active,2025-09-25T15:00:00,
ENR00001493,USR001236,HEALTH_RESERVE,active,2025-09-27T15:00:00,
ENR00001494,USR001237,MINDGUARD,active,2025-10-15T23:00:00,
ENR00001495,USR001237,HEALTH_RESERVE,active,2025-10-23T17:00:00,
ENR00001496,USR001238,MINDGUARD,active,2025-09-27T20:00:00,
ENR00001497,USR001238,HEALTH_RESERVE,active,2025-09-26T19:00:00,
ENR00001498,USR001239,MINDGUARD,active,2025-11-17T17:00:00,
ENR00001499,USR001240,MINDGUARD,active,2026-02-07T02:00:00,
ENR00001500,USR001241,MINDGUARD,active,2026-01-21T07:00:00,
ENR00001501,USR001242,MINDGUARD,active,2025-10-22T09:00:00,
ENR00001502,USR001242,HEALTH_RESERVE,active,2025-11-02T10:00:00,
ENR00001503,USR001243,MINDGUARD,active,2026-01-23T02:00:00,
ENR00001504,USR001243,HEALTH_RESERVE,active,2026-01-28T00:00:00,
ENR00001505,USR001244,MINDGUARD,active,2025-11-11T20:00:00,
ENR00001506,USR001245,MINDGUARD,active,2026-01-30T11:00:00,
ENR00001507,USR001246,MINDGUARD,active,2026-02-18T12:00:00,
ENR00001508,USR001247,MINDGUARD,active,2025-11-19T11:00:00,
ENR00001509,USR001248,MINDGUARD,active,2025-12-27T08:00:00,
ENR00001510,USR001249,MINDGUARD,active,2026-01-31T06:00:00,
ENR00001511,USR001250,MINDGUARD,active,2025-11-26T12:00:00,
ENR00001512,USR001251,MINDGUARD,active,2025-10-27T06:00:00,
ENR00001513,USR001252,MINDGUARD,active,2025-11-27T00:00:00,
ENR00001514,USR001253,MINDGUARD,active,2025-11-14T16:00:00,
ENR00001515,USR001254,HEALTH_RESERVE,active,2026-02-13T00:00:00,
ENR00001516,USR001255,MINDGUARD,active,2025-11-25T19:00:00,
ENR00001517,USR001256,MINDGUARD,active,2026-01-09T16:00:00,
ENR00001518,USR001256,HEALTH_RESERVE,active,2026-01-07T21:00:00,
ENR00001519,USR001257,MINDGUARD,active,2025-09-23T19:00:00,
ENR00001520,USR001257,HEALTH_RESERVE,active,2025-09-26T20:00:00,
ENR00001521,USR001258,MINDGUARD,active,2025-09-20T04:00:00,
ENR00001522,USR001259,HEALTH_RESERVE,active,2025-10-10T16:00:00,
ENR00001523,USR001260,MINDGUARD,active,2025-10-25T20:00:00,
ENR00001524,USR001261,MINDGUARD,active,2026-01-18T23:00:00,
ENR00001525,USR001262,HEALTH_RESERVE,active,2026-01-03T03:00:00,
ENR00001526,USR001263,MINDGUARD,active,2026-01-10T02:00:00,
ENR00001527,USR001264,MINDGUARD,active,2026-01-02T22:00:00,
ENR00001528,USR001264,HEALTH_RESERVE,active,2025-12-20T17:00:00,
ENR00001529,USR001265,HEALTH_RESERVE,active,2026-01-27T19:00:00,
ENR00001530,USR001266,HEALTH_RESERVE,active,2025-12-05T11:00:00,
ENR00001531,USR001267,MINDGUARD,active,2025-10-23T14:00:00,
ENR00001532,USR001268,MINDGUARD,active,2026-01-26T19:00:00,
ENR00001533,USR001268,HEALTH_RESERVE,active,2026-01-25T03:00:00,
ENR00001534,USR001269,HEALTH_RESERVE,active,2025-10-26T01:00:00,
ENR00001535,USR001270,MINDGUARD,active,2025-12-12T01:00:00,
ENR00001536,USR001271,MINDGUARD,active,2026-01-17T15:00:00,
ENR00001537,USR001272,HEALTH_RESERVE,active,2025-12-18T14:00:00,
ENR00001538,USR001273,MINDGUARD,active,2025-11-01T14:00:00,
ENR00001539,USR001274,HEALTH_RESERVE,active,2025-10-13T09:00:00,
ENR00001540,USR001275,MINDGUARD,active,2025-12-09T22:00:00,
ENR00001541,USR001275,HEALTH_RESERVE,active,2025-12-09T20:00:00,
ENR00001542,USR001276,HEALTH_RESERVE,active,2025-11-10T16:00:00,
ENR00001543,USR001277,MINDGUARD,active,2025-10-31T11:00:00,
ENR00001544,USR001277,HEALTH_RESERVE,active,2025-11-02T11:00:00,
ENR00001545,USR001278,MINDGUARD,active,2025-12-11T14:00:00,
ENR00001546,USR001278,HEALTH_RESERVE,active,2025-12-09T16:00:00,
ENR00001547,USR001279,MINDGUARD,active,2025-10-15T01:00:00,
ENR00001548,USR001280,MINDGUARD,active,2025-10-15T05:00:00,
ENR00001549,USR001280,HEALTH_RESERVE,active,2025-10-15T04:00:00,
ENR00001550,USR001281,MINDGUARD,active,2025-10-04T00:00:00,
ENR00001551,USR001282,MINDGUARD,discontinued,2025-11-15T18:00:00,2026-05-31T19:03:00
ENR00001552,USR001283,MINDGUARD,active,2025-10-19T12:00:00,
ENR00001553,USR001283,HEALTH_RESERVE,active,2025-10-15T19:00:00,
ENR00001554,USR001284,HEALTH_RESERVE,active,2026-02-03T01:00:00,
ENR00001555,USR001285,MINDGUARD,active,2025-09-19T18:00:00,
ENR00001556,USR001286,MINDGUARD,active,2025-12-04T19:00:00,
ENR00001557,USR001287,MINDGUARD,active,2025-10-12T10:00:00,
ENR00001558,USR001288,MINDGUARD,active,2025-10-11T15:00:00,
ENR00001559,USR001289,MINDGUARD,active,2026-01-27T16:00:00,
ENR00001560,USR001290,HEALTH_RESERVE,active,2025-10-29T02:00:00,
ENR00001561,USR001291,HEALTH_RESERVE,active,2025-11-06T09:00:00,
ENR00001562,USR001292,MINDGUARD,active,2025-12-15T04:00:00,
ENR00001563,USR001292,HEALTH_RESERVE,active,2025-12-25T02:00:00,
ENR00001564,USR001293,MINDGUARD,active,2025-10-25T20:00:00,
ENR00001565,USR001293,HEALTH_RESERVE,active,2025-10-25T11:00:00,
ENR00001566,USR001294,MINDGUARD,active,2025-12-04T19:00:00,
ENR00001567,USR001295,MINDGUARD,active,2025-10-26T13:00:00,
ENR00001568,USR001296,MINDGUARD,active,2025-12-21T17:00:00,
ENR00001569,USR001297,HEALTH_RESERVE,active,2026-02-10T07:00:00,
ENR00001570,USR001298,HEALTH_RESERVE,active,2025-12-25T01:00:00,
ENR00001571,USR001299,MINDGUARD,active,2025-10-01T01:00:00,
ENR00001572,USR001300,MINDGUARD,active,2026-02-18T02:00:00,
ENR00001573,USR001300,HEALTH_RESERVE,active,2026-02-11T03:00:00,
ENR00001574,USR001301,MINDGUARD,active,2026-02-20T03:00:00,
ENR00001575,USR001302,MINDGUARD,active,2026-02-17T13:00:00,
ENR00001576,USR001303,MINDGUARD,active,2025-11-16T23:00:00,
ENR00001577,USR001303,HEALTH_RESERVE,active,2025-11-19T22:00:00,
ENR00001578,USR001304,MINDGUARD,active,2026-02-03T16:00:00,
ENR00001579,USR001305,HEALTH_RESERVE,active,2025-09-22T16:00:00,
ENR00001580,USR001306,MINDGUARD,active,2025-10-02T11:00:00,
ENR00001581,USR001307,MINDGUARD,active,2025-10-06T05:00:00,
ENR00001582,USR001308,MINDGUARD,active,2025-12-18T11:00:00,
ENR00001583,USR001309,MINDGUARD,active,2026-01-12T18:00:00,
ENR00001584,USR001310,MINDGUARD,active,2026-02-06T10:00:00,
ENR00001585,USR001311,HEALTH_RESERVE,active,2026-02-14T17:00:00,
ENR00001586,USR001312,MINDGUARD,active,2026-01-11T08:00:00,
ENR00001587,USR001313,MINDGUARD,active,2025-12-11T03:00:00,
ENR00001588,USR001313,HEALTH_RESERVE,active,2025-12-11T04:00:00,
ENR00001589,USR001314,MINDGUARD,active,2025-12-28T20:00:00,
ENR00001590,USR001315,MINDGUARD,active,2025-09-28T11:00:00,
ENR00001591,USR001316,MINDGUARD,active,2025-11-12T17:00:00,
ENR00001592,USR001317,MINDGUARD,active,2026-01-05T03:00:00,
ENR00001593,USR001318,MINDGUARD,active,2025-10-12T06:00:00,
ENR00001594,USR001319,MINDGUARD,active,2025-10-21T10:00:00,
ENR00001595,USR001320,MINDGUARD,active,2026-02-23T11:00:00,
ENR00001596,USR001321,MINDGUARD,active,2025-11-01T13:00:00,
ENR00001597,USR001322,MINDGUARD,active,2025-12-22T13:00:00,
ENR00001598,USR001323,MINDGUARD,active,2025-11-08T05:00:00,
ENR00001599,USR001323,HEALTH_RESERVE,active,2025-11-07T04:00:00,
ENR00001600,USR001324,MINDGUARD,active,2025-11-14T19:00:00,
ENR00001601,USR001325,MINDGUARD,active,2026-01-11T21:00:00,
ENR00001602,USR001326,MINDGUARD,active,2025-10-04T17:00:00,
ENR00001603,USR001326,HEALTH_RESERVE,active,2025-10-03T17:00:00,
ENR00001604,USR001327,HEALTH_RESERVE,active,2026-02-05T02:00:00,
ENR00001605,USR001328,HEALTH_RESERVE,active,2026-02-09T08:00:00,
ENR00001606,USR001329,MINDGUARD,active,2025-10-31T12:00:00,
ENR00001607,USR001330,MINDGUARD,active,2026-02-11T16:00:00,
ENR00001608,USR001331,MINDGUARD,active,2026-02-21T02:00:00,
ENR00001609,USR001332,MINDGUARD,active,2026-02-10T09:00:00,
ENR00001610,USR001333,MINDGUARD,active,2026-01-30T04:00:00,
ENR00001611,USR001334,MINDGUARD,active,2026-01-21T17:00:00,
ENR00001612,USR001334,HEALTH_RESERVE,active,2026-01-17T21:00:00,
ENR00001613,USR001335,HEALTH_RESERVE,active,2026-01-12T03:00:00,
ENR00001614,USR001336,MINDGUARD,active,2025-10-25T13:00:00,
ENR00001615,USR001336,HEALTH_RESERVE,active,2025-10-27T17:00:00,
ENR00001616,USR001337,MINDGUARD,active,2025-11-02T16:00:00,
ENR00001617,USR001338,MINDGUARD,active,2025-11-25T06:00:00,
ENR00001618,USR001339,MINDGUARD,active,2025-10-25T03:00:00,
ENR00001619,USR001340,MINDGUARD,active,2025-12-24T06:00:00,
ENR00001620,USR001340,HEALTH_RESERVE,active,2025-12-24T10:00:00,
ENR00001621,USR001341,HEALTH_RESERVE,active,2026-02-04T00:00:00,
ENR00001622,USR001342,MINDGUARD,active,2026-01-11T05:00:00,
ENR00001623,USR001343,MINDGUARD,active,2025-11-21T08:00:00,
ENR00001624,USR001344,HEALTH_RESERVE,active,2025-11-17T17:00:00,
ENR00001625,USR001345,MINDGUARD,active,2025-12-27T16:00:00,
ENR00001626,USR001346,MINDGUARD,active,2026-01-13T13:00:00,
ENR00001627,USR001346,HEALTH_RESERVE,active,2026-01-06T09:00:00,
ENR00001628,USR001347,MINDGUARD,active,2026-01-21T10:00:00,
ENR00001629,USR001348,HEALTH_RESERVE,active,2025-10-21T08:00:00,
ENR00001630,USR001349,MINDGUARD,active,2025-12-07T12:00:00,
ENR00001631,USR001350,MINDGUARD,active,2025-10-27T20:00:00,
ENR00001632,USR001351,HEALTH_RESERVE,active,2025-12-04T23:00:00,
ENR00001633,USR001352,HEALTH_RESERVE,active,2025-10-14T12:00:00,
ENR00001634,USR001353,MINDGUARD,active,2026-02-19T09:00:00,
ENR00001635,USR001354,MINDGUARD,active,2025-11-11T11:00:00,
ENR00001636,USR001355,MINDGUARD,active,2025-10-31T21:00:00,
ENR00001637,USR001356,HEALTH_RESERVE,active,2026-01-11T21:00:00,
ENR00001638,USR001357,HEALTH_RESERVE,active,2026-01-05T00:00:00,
ENR00001639,USR001358,MINDGUARD,active,2025-12-20T02:00:00,
ENR00001640,USR001359,MINDGUARD,active,2025-12-16T17:00:00,
ENR00001641,USR001360,HEALTH_RESERVE,active,2026-01-22T04:00:00,
ENR00001642,USR001361,MINDGUARD,active,2025-12-12T21:00:00,
ENR00001643,USR001362,MINDGUARD,active,2025-12-15T21:00:00,
ENR00001644,USR001363,MINDGUARD,active,2025-12-10T17:00:00,
ENR00001645,USR001363,HEALTH_RESERVE,active,2025-12-06T15:00:00,
ENR00001646,USR001364,MINDGUARD,active,2025-10-25T00:00:00,
ENR00001647,USR001365,MINDGUARD,active,2026-02-07T07:00:00,
ENR00001648,USR001366,MINDGUARD,active,2025-11-26T08:00:00,
ENR00001649,USR001367,HEALTH_RESERVE,active,2026-02-16T06:00:00,
ENR00001650,USR001368,MINDGUARD,active,2025-11-02T08:00:00,
ENR00001651,USR001368,HEALTH_RESERVE,active,2025-11-01T10:00:00,
ENR00001652,USR001369,MINDGUARD,active,2025-10-19T09:00:00,
ENR00001653,USR001369,HEALTH_RESERVE,active,2025-10-17T11:00:00,
ENR00001654,USR001370,MINDGUARD,active,2025-11-18T20:00:00,
ENR00001655,USR001371,MINDGUARD,active,2026-02-01T03:00:00,
ENR00001656,USR001372,MINDGUARD,active,2025-09-29T22:00:00,
ENR00001657,USR001373,MINDGUARD,active,2025-11-20T10:00:00,
ENR00001658,USR001374,HEALTH_RESERVE,active,2026-01-14T19:00:00,
ENR00001659,USR001375,MINDGUARD,active,2025-10-18T08:00:00,
ENR00001660,USR001375,HEALTH_RESERVE,active,2025-10-18T10:00:00,
ENR00001661,USR001376,MINDGUARD,active,2025-12-14T10:00:00,
ENR00001662,USR001377,MINDGUARD,active,2025-12-22T01:00:00,
ENR00001663,USR001378,MINDGUARD,active,2025-11-16T07:00:00,
ENR00001664,USR001379,MINDGUARD,active,2025-11-16T04:00:00,
ENR00001665,USR001380,MINDGUARD,active,2025-11-21T17:00:00,
ENR00001666,USR001381,MINDGUARD,active,2025-11-29T07:00:00,
ENR00001667,USR001382,MINDGUARD,active,2026-01-24T05:00:00,
ENR00001668,USR001383,HEALTH_RESERVE,active,2026-01-03T19:00:00,
ENR00001669,USR001384,MINDGUARD,active,2025-11-15T10:00:00,
ENR00001670,USR001385,HEALTH_RESERVE,active,2026-02-13T01:00:00,
ENR00001671,USR001386,HEALTH_RESERVE,active,2025-09-17T08:00:00,
ENR00001672,USR001387,MINDGUARD,active,2025-12-04T14:00:00,
ENR00001673,USR001388,MINDGUARD,active,2025-10-08T07:00:00,
ENR00001674,USR001388,HEALTH_RESERVE,active,2025-10-15T09:00:00,
ENR00001675,USR001389,MINDGUARD,active,2025-11-30T16:00:00,
ENR00001676,USR001390,MINDGUARD,active,2026-01-15T18:00:00,
ENR00001677,USR001390,HEALTH_RESERVE,active,2026-01-06T15:00:00,
ENR00001678,USR001391,MINDGUARD,active,2026-01-13T20:00:00,
ENR00001679,USR001392,MINDGUARD,active,2025-11-24T08:00:00,
ENR00001680,USR001393,MINDGUARD,active,2025-11-18T10:00:00,
ENR00001681,USR001394,MINDGUARD,active,2026-01-24T14:00:00,
ENR00001682,USR001395,MINDGUARD,active,2025-11-15T13:00:00,
ENR00001683,USR001396,MINDGUARD,active,2025-11-11T17:00:00,
ENR00001684,USR001397,MINDGUARD,active,2025-11-17T16:00:00,
ENR00001685,USR001398,MINDGUARD,active,2025-11-03T00:00:00,
ENR00001686,USR001399,MINDGUARD,active,2025-09-21T12:00:00,
ENR00001687,USR001400,MINDGUARD,active,2025-12-23T20:00:00,
ENR00001688,USR001401,HEALTH_RESERVE,active,2026-02-10T22:00:00,
ENR00001689,USR001402,MINDGUARD,active,2025-10-22T00:00:00,
ENR00001690,USR001403,MINDGUARD,active,2026-01-30T15:00:00,
ENR00001691,USR001404,HEALTH_RESERVE,active,2026-01-30T09:00:00,
ENR00001692,USR001405,MINDGUARD,active,2025-12-19T19:00:00,
ENR00001693,USR001406,MINDGUARD,active,2025-11-11T03:00:00,
ENR00001694,USR001407,MINDGUARD,active,2025-12-29T07:00:00,
ENR00001695,USR001408,MINDGUARD,active,2026-01-22T22:00:00,
ENR00001696,USR001409,MINDGUARD,active,2025-10-07T12:00:00,
ENR00001697,USR001410,MINDGUARD,active,2025-11-06T17:00:00,
ENR00001698,USR001411,MINDGUARD,active,2026-01-22T11:00:00,
ENR00001699,USR001412,HEALTH_RESERVE,active,2026-02-01T17:00:00,
ENR00001700,USR001413,MINDGUARD,active,2025-10-12T05:00:00,
ENR00001701,USR001414,MINDGUARD,active,2025-10-28T12:00:00,
ENR00001702,USR001415,MINDGUARD,active,2025-12-12T22:00:00,
ENR00001703,USR001415,HEALTH_RESERVE,active,2025-12-25T23:00:00,
ENR00001704,USR001416,MINDGUARD,active,2025-11-16T01:00:00,
ENR00001705,USR001417,MINDGUARD,active,2025-11-16T09:00:00,
ENR00001706,USR001418,MINDGUARD,active,2025-10-18T04:00:00,
ENR00001707,USR001418,HEALTH_RESERVE,active,2025-10-10T07:00:00,
ENR00001708,USR001419,MINDGUARD,active,2025-10-13T08:00:00,
ENR00001709,USR001420,MINDGUARD,active,2025-12-02T12:00:00,
ENR00001710,USR001421,MINDGUARD,active,2025-12-14T08:00:00,
ENR00001711,USR001422,MINDGUARD,active,2025-12-28T00:00:00,
ENR00001712,USR001422,HEALTH_RESERVE,active,2025-12-31T04:00:00,
ENR00001713,USR001423,MINDGUARD,active,2025-11-13T17:00:00,
ENR00001714,USR001424,MINDGUARD,active,2026-02-16T22:00:00,
ENR00001715,USR001425,HEALTH_RESERVE,active,2026-01-15T04:00:00,
ENR00001716,USR001426,HEALTH_RESERVE,active,2025-11-24T17:00:00,
ENR00001717,USR001427,MINDGUARD,active,2025-11-13T09:00:00,
ENR00001718,USR001428,MINDGUARD,active,2025-10-13T06:00:00,
ENR00001719,USR001429,MINDGUARD,active,2025-10-03T07:00:00,
ENR00001720,USR001430,MINDGUARD,active,2025-10-21T06:00:00,
ENR00001721,USR001430,HEALTH_RESERVE,active,2025-10-16T20:00:00,
ENR00001722,USR001431,MINDGUARD,active,2026-01-07T00:00:00,
ENR00001723,USR001432,HEALTH_RESERVE,active,2026-01-26T16:00:00,
ENR00001724,USR001433,MINDGUARD,active,2025-11-05T15:00:00,
ENR00001725,USR001434,MINDGUARD,active,2025-11-30T08:00:00,
ENR00001726,USR001435,MINDGUARD,active,2026-01-27T21:00:00,
ENR00001727,USR001435,HEALTH_RESERVE,active,2026-01-25T14:00:00,
ENR00001728,USR001436,HEALTH_RESERVE,active,2025-11-07T16:00:00,
ENR00001729,USR001437,MINDGUARD,active,2026-02-10T18:00:00,
ENR00001730,USR001438,MINDGUARD,active,2025-12-22T05:00:00,
ENR00001731,USR001438,HEALTH_RESERVE,active,2025-12-15T04:00:00,
ENR00001732,USR001439,MINDGUARD,active,2025-10-21T02:00:00,
ENR00001733,USR001440,HEALTH_RESERVE,active,2025-11-20T09:00:00,
ENR00001734,USR001441,MINDGUARD,active,2025-10-02T23:00:00,
ENR00001735,USR001442,MINDGUARD,active,2025-09-17T22:00:00,
ENR00001736,USR001443,HEALTH_RESERVE,active,2025-11-06T13:00:00,
ENR00001737,USR001444,MINDGUARD,active,2025-12-12T07:00:00,
ENR00001738,USR001445,MINDGUARD,active,2025-09-17T14:00:00,
ENR00001739,USR001446,HEALTH_RESERVE,active,2026-01-12T19:00:00,
ENR00001740,USR001447,MINDGUARD,active,2025-11-03T16:00:00,
ENR00001741,USR001448,HEALTH_RESERVE,active,2025-11-21T16:00:00,
ENR00001742,USR001449,MINDGUARD,active,2026-02-03T17:00:00,
ENR00001743,USR001450,MINDGUARD,active,2026-02-06T12:00:00,
ENR00001744,USR001451,HEALTH_RESERVE,active,2025-12-11T02:00:00,
ENR00001745,USR001452,MINDGUARD,active,2025-12-07T02:00:00,
ENR00001746,USR001453,MINDGUARD,active,2025-11-02T19:00:00,
ENR00001747,USR001454,MINDGUARD,active,2025-11-23T04:00:00,
ENR00001748,USR001455,MINDGUARD,active,2025-11-01T13:00:00,
ENR00001749,USR001455,HEALTH_RESERVE,active,2025-11-04T12:00:00,
ENR00001750,USR001456,HEALTH_RESERVE,active,2026-02-01T22:00:00,
ENR00001751,USR001457,HEALTH_RESERVE,active,2025-10-24T05:00:00,
ENR00001752,USR001458,MINDGUARD,active,2025-11-19T01:00:00,
ENR00001753,USR001458,HEALTH_RESERVE,active,2025-11-16T03:00:00,
ENR00001754,USR001459,MINDGUARD,active,2026-01-27T01:00:00,
ENR00001755,USR001460,MINDGUARD,active,2026-01-12T21:00:00,
ENR00001756,USR001461,MINDGUARD,active,2026-02-03T14:00:00,
ENR00001757,USR001462,MINDGUARD,active,2025-12-13T22:00:00,
ENR00001758,USR001463,MINDGUARD,active,2025-09-30T19:00:00,
ENR00001759,USR001463,HEALTH_RESERVE,active,2025-10-01T15:00:00,
ENR00001760,USR001464,HEALTH_RESERVE,active,2025-12-26T04:00:00,
ENR00001761,USR001465,MINDGUARD,active,2025-10-16T01:00:00,
ENR00001762,USR001466,HEALTH_RESERVE,active,2025-09-17T15:00:00,
ENR00001763,USR001467,MINDGUARD,active,2025-10-29T05:00:00,
ENR00001764,USR001467,HEALTH_RESERVE,active,2025-11-03T05:00:00,
ENR00001765,USR001468,HEALTH_RESERVE,active,2026-01-19T01:00:00,
ENR00001766,USR001469,MINDGUARD,active,2025-09-26T07:00:00,
ENR00001767,USR001470,HEALTH_RESERVE,active,2025-12-12T22:00:00,
ENR00001768,USR001471,MINDGUARD,active,2025-09-25T13:00:00,
ENR00001769,USR001472,HEALTH_RESERVE,active,2025-09-25T09:00:00,
ENR00001770,USR001473,HEALTH_RESERVE,active,2026-01-14T14:00:00,
ENR00001771,USR001474,MINDGUARD,active,2025-11-02T00:00:00,
ENR00001772,USR001475,MINDGUARD,active,2025-10-16T00:00:00,
ENR00001773,USR001476,MINDGUARD,active,2025-11-06T15:00:00,
ENR00001774,USR001477,MINDGUARD,active,2026-02-11T16:00:00,
ENR00001775,USR001478,MINDGUARD,active,2025-11-05T04:00:00,
ENR00001776,USR001479,MINDGUARD,active,2025-09-23T04:00:00,
ENR00001777,USR001480,HEALTH_RESERVE,active,2025-09-21T15:00:00,
ENR00001778,USR001481,MINDGUARD,active,2025-11-11T15:00:00,
ENR00001779,USR001482,MINDGUARD,active,2025-11-12T15:00:00,
ENR00001780,USR001483,MINDGUARD,active,2025-12-09T03:00:00,
ENR00001781,USR001484,MINDGUARD,active,2025-12-21T00:00:00,
ENR00001782,USR001484,HEALTH_RESERVE,active,2025-12-21T01:00:00,
ENR00001783,USR001485,MINDGUARD,active,2025-09-23T17:00:00,
ENR00001784,USR001486,MINDGUARD,active,2026-02-14T11:00:00,
ENR00001785,USR001486,HEALTH_RESERVE,active,2026-02-09T10:00:00,
ENR00001786,USR001487,HEALTH_RESERVE,active,2025-09-18T20:00:00,
ENR00001787,USR001488,MINDGUARD,active,2025-10-19T23:00:00,
ENR00001788,USR001489,MINDGUARD,active,2026-02-17T17:00:00,
ENR00001789,USR001490,MINDGUARD,active,2025-09-27T06:00:00,
ENR00001790,USR001491,MINDGUARD,active,2025-09-16T05:00:00,
ENR00001791,USR001492,MINDGUARD,active,2026-02-14T17:00:00,
ENR00001792,USR001493,HEALTH_RESERVE,active,2026-01-07T05:00:00,
ENR00001793,USR001494,MINDGUARD,active,2026-02-10T08:00:00,
ENR00001794,USR001495,MINDGUARD,active,2026-01-19T08:00:00,
ENR00001795,USR001495,HEALTH_RESERVE,active,2026-01-13T08:00:00,
ENR00001796,USR001496,HEALTH_RESERVE,active,2026-02-01T10:00:00,
ENR00001797,USR001497,MINDGUARD,active,2025-12-21T15:00:00,
ENR00001798,USR001498,MINDGUARD,active,2025-11-30T09:00:00,
ENR00001799,USR001499,MINDGUARD,active,2025-12-29T03:00:00,
ENR00001800,USR001500,MINDGUARD,active,2025-09-25T02:00:00,
ENR00001801,USR001501,MINDGUARD,active,2025-12-10T23:00:00,
ENR00001802,USR001502,HEALTH_RESERVE,active,2025-11-04T13:00:00,
ENR00001803,USR001503,MINDGUARD,active,2025-09-20T17:00:00,
ENR00001804,USR001504,MINDGUARD,active,2026-01-25T01:00:00,
ENR00001805,USR001505,HEALTH_RESERVE,active,2025-12-22T22:00:00,
ENR00001806,USR001506,MINDGUARD,active,2025-10-02T02:00:00,
ENR00001807,USR001507,HEALTH_RESERVE,active,2026-02-07T23:00:00,
ENR00001808,USR001508,HEALTH_RESERVE,active,2026-01-25T19:00:00,
ENR00001809,USR001509,MINDGUARD,active,2025-11-16T09:00:00,
ENR00001810,USR001510,HEALTH_RESERVE,active,2025-10-17T09:00:00,
ENR00001811,USR001511,HEALTH_RESERVE,active,2025-10-30T06:00:00,
ENR00001812,USR001512,MINDGUARD,active,2025-12-23T00:00:00,
ENR00001813,USR001513,HEALTH_RESERVE,active,2025-10-29T20:00:00,
ENR00001814,USR001514,MINDGUARD,active,2025-11-29T07:00:00,
ENR00001815,USR001515,MINDGUARD,active,2025-10-29T01:00:00,
ENR00001816,USR001515,HEALTH_RESERVE,active,2025-11-01T16:00:00,
ENR00001817,USR001516,MINDGUARD,active,2026-02-06T10:00:00,
ENR00001818,USR001516,HEALTH_RESERVE,active,2026-02-03T07:00:00,
ENR00001819,USR001517,HEALTH_RESERVE,active,2025-11-11T05:00:00,
ENR00001820,USR001518,HEALTH_RESERVE,active,2025-09-22T12:00:00,
ENR00001821,USR001519,MINDGUARD,active,2026-01-29T04:00:00,
ENR00001822,USR001519,HEALTH_RESERVE,active,2026-01-18T04:00:00,
ENR00001823,USR001520,MINDGUARD,active,2025-11-12T01:00:00,
ENR00001824,USR001521,MINDGUARD,active,2025-10-16T13:00:00,
ENR00001825,USR001521,HEALTH_RESERVE,active,2025-10-26T18:00:00,
ENR00001826,USR001522,MINDGUARD,active,2025-09-30T11:00:00,
ENR00001827,USR001523,MINDGUARD,active,2025-12-08T20:00:00,
ENR00001828,USR001524,MINDGUARD,active,2025-12-24T06:00:00,
ENR00001829,USR001525,HEALTH_RESERVE,active,2026-01-21T06:00:00,
ENR00001830,USR001526,HEALTH_RESERVE,active,2025-09-25T16:00:00,
ENR00001831,USR001527,MINDGUARD,active,2025-10-27T00:00:00,
ENR00001832,USR001528,MINDGUARD,active,2026-01-27T22:00:00,
ENR00001833,USR001528,HEALTH_RESERVE,active,2026-01-28T01:00:00,
ENR00001834,USR001529,MINDGUARD,active,2026-01-04T03:00:00,
ENR00001835,USR001530,HEALTH_RESERVE,active,2025-12-06T15:00:00,
ENR00001836,USR001531,MINDGUARD,active,2026-02-12T12:00:00,
ENR00001837,USR001532,MINDGUARD,active,2026-02-09T19:00:00,
ENR00001838,USR001533,MINDGUARD,active,2025-10-22T19:00:00,
ENR00001839,USR001534,MINDGUARD,active,2025-12-08T01:00:00,
ENR00001840,USR001535,HEALTH_RESERVE,active,2026-01-04T20:00:00,
ENR00001841,USR001536,HEALTH_RESERVE,active,2026-01-28T16:00:00,
ENR00001842,USR001537,MINDGUARD,active,2025-11-29T19:00:00,
ENR00001843,USR001537,HEALTH_RESERVE,active,2025-11-26T16:00:00,
ENR00001844,USR001538,MINDGUARD,active,2025-10-30T23:00:00,
ENR00001845,USR001539,MINDGUARD,active,2025-10-27T23:00:00,
ENR00001846,USR001540,MINDGUARD,active,2026-02-16T19:00:00,
ENR00001847,USR001541,MINDGUARD,active,2026-02-17T16:00:00,
ENR00001848,USR001542,MINDGUARD,active,2025-12-05T21:00:00,
ENR00001849,USR001543,MINDGUARD,active,2025-12-05T13:00:00,
ENR00001850,USR001543,HEALTH_RESERVE,active,2025-12-13T05:00:00,
ENR00001851,USR001544,MINDGUARD,active,2025-09-24T20:00:00,
ENR00001852,USR001544,HEALTH_RESERVE,active,2025-09-19T20:00:00,
ENR00001853,USR001545,MINDGUARD,active,2025-10-08T02:00:00,
ENR00001854,USR001546,HEALTH_RESERVE,active,2026-01-05T10:00:00,
ENR00001855,USR001547,HEALTH_RESERVE,active,2025-11-20T11:00:00,
ENR00001856,USR001548,MINDGUARD,active,2026-02-16T22:00:00,
ENR00001857,USR001548,HEALTH_RESERVE,active,2026-02-07T02:00:00,
ENR00001858,USR001549,MINDGUARD,active,2026-01-17T14:00:00,
ENR00001859,USR001550,MINDGUARD,active,2025-10-26T03:00:00,
ENR00001860,USR001551,MINDGUARD,active,2025-11-29T17:00:00,
ENR00001861,USR001552,MINDGUARD,active,2025-10-17T10:00:00,
ENR00001862,USR001553,HEALTH_RESERVE,active,2025-10-31T10:00:00,
ENR00001863,USR001554,MINDGUARD,active,2026-02-02T19:00:00,
ENR00001864,USR001555,MINDGUARD,active,2025-09-24T04:00:00,
ENR00001865,USR001555,HEALTH_RESERVE,active,2025-09-26T21:00:00,
ENR00001866,USR001556,MINDGUARD,active,2025-10-21T23:00:00,
ENR00001867,USR001557,MINDGUARD,active,2025-10-23T14:00:00,
ENR00001868,USR001558,HEALTH_RESERVE,active,2026-01-26T10:00:00,
ENR00001869,USR001559,HEALTH_RESERVE,active,2025-11-13T07:00:00,
ENR00001870,USR001560,MINDGUARD,active,2025-09-29T23:00:00,
ENR00001871,USR001560,HEALTH_RESERVE,active,2025-10-05T05:00:00,
ENR00001872,USR001561,MINDGUARD,active,2025-12-25T01:00:00,
ENR00001873,USR001562,MINDGUARD,active,2025-12-02T07:00:00,
ENR00001874,USR001563,MINDGUARD,active,2025-12-28T14:00:00,
ENR00001875,USR001564,HEALTH_RESERVE,active,2026-01-04T16:00:00,
ENR00001876,USR001565,MINDGUARD,active,2025-10-27T10:00:00,
ENR00001877,USR001565,HEALTH_RESERVE,active,2025-11-02T13:00:00,
ENR00001878,USR001566,HEALTH_RESERVE,active,2025-11-25T04:00:00,
ENR00001879,USR001567,MINDGUARD,active,2025-10-04T14:00:00,
ENR00001880,USR001567,HEALTH_RESERVE,active,2025-10-14T14:00:00,
ENR00001881,USR001568,MINDGUARD,active,2025-12-29T11:00:00,
ENR00001882,USR001568,HEALTH_RESERVE,active,2026-01-07T05:00:00,
ENR00001883,USR001569,MINDGUARD,active,2025-11-23T01:00:00,
ENR00001884,USR001569,HEALTH_RESERVE,active,2025-12-01T02:00:00,
ENR00001885,USR001570,MINDGUARD,active,2026-01-08T07:00:00,
ENR00001886,USR001571,MINDGUARD,active,2025-11-03T02:00:00,
ENR00001887,USR001571,HEALTH_RESERVE,active,2025-11-06T03:00:00,
ENR00001888,USR001572,MINDGUARD,active,2025-12-27T03:00:00,
ENR00001889,USR001573,MINDGUARD,active,2025-11-01T09:00:00,
ENR00001890,USR001574,MINDGUARD,active,2025-09-22T00:00:00,
ENR00001891,USR001575,HEALTH_RESERVE,active,2026-01-09T09:00:00,
ENR00001892,USR001576,MINDGUARD,active,2025-11-30T07:00:00,
ENR00001893,USR001577,MINDGUARD,active,2025-11-13T22:00:00,
ENR00001894,USR001577,HEALTH_RESERVE,active,2025-11-24T05:00:00,
ENR00001895,USR001578,MINDGUARD,active,2025-12-29T12:00:00,
ENR00001896,USR001578,HEALTH_RESERVE,active,2025-12-29T18:00:00,
ENR00001897,USR001579,MINDGUARD,active,2025-10-02T20:00:00,
ENR00001898,USR001580,MINDGUARD,active,2025-10-08T13:00:00,
ENR00001899,USR001580,HEALTH_RESERVE,active,2025-10-15T14:00:00,
ENR00001900,USR001581,MINDGUARD,active,2025-09-28T12:00:00,
ENR00001901,USR001582,HEALTH_RESERVE,active,2026-01-14T02:00:00,
ENR00001902,USR001583,MINDGUARD,active,2026-01-28T18:00:00,
ENR00001903,USR001584,MINDGUARD,active,2025-11-11T06:00:00,
ENR00001904,USR001585,MINDGUARD,active,2025-10-05T04:00:00,
ENR00001905,USR001586,MINDGUARD,active,2025-11-25T19:00:00,
ENR00001906,USR001587,MINDGUARD,active,2025-09-28T09:00:00,
ENR00001907,USR001588,HEALTH_RESERVE,active,2025-12-27T08:00:00,
ENR00001908,USR001589,HEALTH_RESERVE,active,2025-10-07T14:00:00,
ENR00001909,USR001590,MINDGUARD,active,2025-12-27T09:00:00,
ENR00001910,USR001590,HEALTH_RESERVE,active,2025-12-29T04:00:00,
ENR00001911,USR001591,MINDGUARD,active,2025-10-23T05:00:00,
ENR00001912,USR001592,MINDGUARD,active,2025-12-12T03:00:00,
ENR00001913,USR001593,MINDGUARD,active,2025-12-04T06:00:00,
ENR00001914,USR001594,MINDGUARD,active,2025-12-19T19:00:00,
ENR00001915,USR001595,MINDGUARD,active,2025-10-19T08:00:00,
ENR00001916,USR001595,HEALTH_RESERVE,active,2025-10-20T13:00:00,
ENR00001917,USR001596,MINDGUARD,active,2025-11-26T00:00:00,
ENR00001918,USR001597,MINDGUARD,active,2025-09-24T11:00:00,
ENR00001919,USR001598,MINDGUARD,active,2025-10-14T03:00:00,
ENR00001920,USR001599,MINDGUARD,active,2025-10-10T10:00:00,
ENR00001921,USR001600,HEALTH_RESERVE,active,2025-10-13T21:00:00,
ENR00001922,USR001601,MINDGUARD,active,2026-02-08T00:00:00,
ENR00001923,USR001602,HEALTH_RESERVE,active,2026-02-13T03:00:00,
ENR00001924,USR001603,MINDGUARD,active,2025-11-06T06:00:00,
ENR00001925,USR001604,MINDGUARD,active,2025-12-12T05:00:00,
ENR00001926,USR001605,MINDGUARD,active,2025-10-27T19:00:00,
ENR00001927,USR001605,HEALTH_RESERVE,active,2025-10-26T15:00:00,
ENR00001928,USR001606,HEALTH_RESERVE,active,2025-10-09T08:00:00,
ENR00001929,USR001607,MINDGUARD,active,2025-11-22T22:00:00,
ENR00001930,USR001607,HEALTH_RESERVE,active,2025-11-18T19:00:00,
ENR00001931,USR001608,MINDGUARD,active,2026-02-21T13:00:00,
ENR00001932,USR001609,HEALTH_RESERVE,active,2025-12-19T05:00:00,
ENR00001933,USR001610,MINDGUARD,active,2026-01-02T19:00:00,
ENR00001934,USR001611,MINDGUARD,active,2025-12-01T16:00:00,
ENR00001935,USR001612,MINDGUARD,active,2025-11-19T04:00:00,
ENR00001936,USR001613,HEALTH_RESERVE,active,2026-01-04T00:00:00,
ENR00001937,USR001614,HEALTH_RESERVE,active,2025-10-26T08:00:00,
ENR00001938,USR001615,MINDGUARD,active,2025-10-23T03:00:00,
ENR00001939,USR001616,MINDGUARD,active,2026-02-07T16:00:00,
ENR00001940,USR001616,HEALTH_RESERVE,active,2026-02-12T18:00:00,
ENR00001941,USR001617,HEALTH_RESERVE,active,2026-02-15T00:00:00,
ENR00001942,USR001618,HEALTH_RESERVE,active,2025-12-20T00:00:00,
ENR00001943,USR001619,MINDGUARD,active,2025-10-13T03:00:00,
ENR00001944,USR001620,MINDGUARD,active,2025-09-29T23:00:00,
ENR00001945,USR001621,MINDGUARD,active,2026-01-04T10:00:00,
ENR00001946,USR001621,HEALTH_RESERVE,active,2026-01-06T07:00:00,
ENR00001947,USR001622,MINDGUARD,active,2025-11-24T03:00:00,
ENR00001948,USR001623,HEALTH_RESERVE,active,2025-12-01T04:00:00,
ENR00001949,USR001624,MINDGUARD,active,2025-09-29T16:00:00,
ENR00001950,USR001625,HEALTH_RESERVE,active,2025-12-26T17:00:00,
ENR00001951,USR001626,MINDGUARD,active,2025-12-12T01:00:00,
ENR00001952,USR001627,MINDGUARD,active,2026-01-05T23:00:00,
ENR00001953,USR001628,MINDGUARD,active,2025-10-20T22:00:00,
ENR00001954,USR001629,MINDGUARD,active,2026-01-16T09:00:00,
ENR00001955,USR001629,HEALTH_RESERVE,active,2026-01-21T20:00:00,
ENR00001956,USR001630,MINDGUARD,active,2025-10-31T01:00:00,
ENR00001957,USR001631,HEALTH_RESERVE,active,2026-01-10T04:00:00,
ENR00001958,USR001632,MINDGUARD,active,2025-10-01T14:00:00,
ENR00001959,USR001633,MINDGUARD,active,2025-11-30T08:00:00,
ENR00001960,USR001633,HEALTH_RESERVE,active,2025-11-23T10:00:00,
ENR00001961,USR001634,MINDGUARD,active,2025-12-17T16:00:00,
ENR00001962,USR001635,MINDGUARD,active,2025-09-24T20:00:00,
ENR00001963,USR001636,MINDGUARD,active,2025-12-09T18:00:00,
ENR00001964,USR001637,MINDGUARD,active,2026-02-11T16:00:00,
ENR00001965,USR001638,MINDGUARD,active,2026-01-18T12:00:00,
ENR00001966,USR001639,MINDGUARD,active,2025-11-09T19:00:00,
ENR00001967,USR001639,HEALTH_RESERVE,active,2025-11-13T19:00:00,
ENR00001968,USR001640,MINDGUARD,active,2026-01-23T12:00:00,
ENR00001969,USR001641,MINDGUARD,active,2025-12-09T14:00:00,
ENR00001970,USR001641,HEALTH_RESERVE,active,2025-12-11T08:00:00,
ENR00001971,USR001642,MINDGUARD,active,2026-01-18T23:00:00,
ENR00001972,USR001643,HEALTH_RESERVE,active,2026-02-03T17:00:00,
ENR00001973,USR001644,HEALTH_RESERVE,active,2025-10-25T10:00:00,
ENR00001974,USR001645,MINDGUARD,active,2025-12-26T03:00:00,
ENR00001975,USR001646,MINDGUARD,active,2026-01-15T09:00:00,
ENR00001976,USR001647,HEALTH_RESERVE,active,2025-10-12T15:00:00,
ENR00001977,USR001648,HEALTH_RESERVE,active,2025-11-22T11:00:00,
ENR00001978,USR001649,MINDGUARD,active,2026-01-13T06:00:00,
ENR00001979,USR001649,HEALTH_RESERVE,active,2026-01-03T08:00:00,
ENR00001980,USR001650,MINDGUARD,active,2025-12-29T15:00:00,
ENR00001981,USR001650,HEALTH_RESERVE,active,2026-01-01T12:00:00,
ENR00001982,USR001651,MINDGUARD,active,2026-02-09T09:00:00,
ENR00001983,USR001651,HEALTH_RESERVE,active,2026-02-04T14:00:00,
ENR00001984,USR001652,MINDGUARD,active,2025-10-23T23:00:00,
ENR00001985,USR001652,HEALTH_RESERVE,active,2025-10-26T21:00:00,
ENR00001986,USR001653,HEALTH_RESERVE,active,2026-02-16T10:00:00,
ENR00001987,USR001654,MINDGUARD,active,2025-12-30T16:00:00,
ENR00001988,USR001654,HEALTH_RESERVE,active,2026-01-12T14:00:00,
ENR00001989,USR001655,HEALTH_RESERVE,active,2026-02-17T00:00:00,
ENR00001990,USR001656,MINDGUARD,active,2025-12-14T06:00:00,
ENR00001991,USR001657,MINDGUARD,active,2025-10-04T04:00:00,
ENR00001992,USR001657,HEALTH_RESERVE,active,2025-10-07T08:00:00,
ENR00001993,USR001658,MINDGUARD,active,2026-02-02T17:00:00,
ENR00001994,USR001659,MINDGUARD,active,2026-01-30T14:00:00,
ENR00001995,USR001660,MINDGUARD,active,2025-10-24T08:00:00,
ENR00001996,USR001661,MINDGUARD,active,2026-02-22T07:00:00,
ENR00001997,USR001662,HEALTH_RESERVE,active,2025-12-04T22:00:00,
ENR00001998,USR001663,MINDGUARD,active,2025-12-10T08:00:00,
ENR00001999,USR001664,MINDGUARD,active,2026-02-02T12:00:00,
ENR00002000,USR001664,HEALTH_RESERVE,active,2026-02-07T04:00:00,
ENR00002001,USR001665,MINDGUARD,active,2025-10-24T18:00:00,
ENR00002002,USR001666,MINDGUARD,active,2026-01-22T18:00:00,
ENR00002003,USR001667,HEALTH_RESERVE,active,2025-12-10T19:00:00,
ENR00002004,USR001668,MINDGUARD,active,2025-10-06T03:00:00,
ENR00002005,USR001669,MINDGUARD,active,2025-11-07T20:00:00,
ENR00002006,USR001670,MINDGUARD,active,2025-11-21T22:00:00,
ENR00002007,USR001671,MINDGUARD,active,2025-11-27T03:00:00,
ENR00002008,USR001672,MINDGUARD,active,2025-11-21T14:00:00,
ENR00002009,USR001673,MINDGUARD,active,2026-02-19T16:00:00,
ENR00002010,USR001674,HEALTH_RESERVE,active,2026-02-11T03:00:00,
ENR00002011,USR001675,MINDGUARD,active,2025-12-07T18:00:00,
ENR00002012,USR001676,MINDGUARD,active,2025-11-01T09:00:00,
ENR00002013,USR001676,HEALTH_RESERVE,active,2025-10-25T23:00:00,
ENR00002014,USR001677,HEALTH_RESERVE,active,2025-12-29T08:00:00,
ENR00002015,USR001678,MINDGUARD,active,2025-10-03T11:00:00,
ENR00002016,USR001678,HEALTH_RESERVE,active,2025-09-27T16:00:00,
ENR00002017,USR001679,MINDGUARD,active,2026-02-03T03:00:00,
ENR00002018,USR001680,HEALTH_RESERVE,active,2025-09-18T15:00:00,
ENR00002019,USR001681,MINDGUARD,active,2025-12-09T09:00:00,
ENR00002020,USR001682,HEALTH_RESERVE,active,2026-01-02T07:00:00,
ENR00002021,USR001683,MINDGUARD,active,2025-11-10T15:00:00,
ENR00002022,USR001684,MINDGUARD,active,2026-02-02T19:00:00,
ENR00002023,USR001684,HEALTH_RESERVE,active,2026-02-03T16:00:00,
ENR00002024,USR001685,MINDGUARD,active,2025-12-10T06:00:00,
ENR00002025,USR001686,MINDGUARD,active,2026-01-12T10:00:00,
ENR00002026,USR001687,MINDGUARD,active,2026-02-20T23:00:00,
ENR00002027,USR001688,MINDGUARD,active,2025-10-31T10:00:00,
ENR00002028,USR001689,MINDGUARD,active,2026-02-11T23:00:00,
ENR00002029,USR001690,MINDGUARD,active,2025-12-14T05:00:00,
ENR00002030,USR001691,MINDGUARD,active,2026-01-14T12:00:00,
ENR00002031,USR001692,MINDGUARD,active,2025-12-24T13:00:00,
ENR00002032,USR001693,MINDGUARD,active,2025-10-27T07:00:00,
ENR00002033,USR001693,HEALTH_RESERVE,active,2025-10-26T15:00:00,
ENR00002034,USR001694,HEALTH_RESERVE,active,2025-11-20T04:00:00,
ENR00002035,USR001695,MINDGUARD,active,2025-09-29T11:00:00,
ENR00002036,USR001696,MINDGUARD,active,2026-01-25T01:00:00,
ENR00002037,USR001697,HEALTH_RESERVE,active,2025-12-12T12:00:00,
ENR00002038,USR001698,MINDGUARD,active,2025-11-21T13:00:00,
ENR00002039,USR001699,MINDGUARD,active,2026-01-20T22:00:00,
ENR00002040,USR001699,HEALTH_RESERVE,active,2026-01-23T11:00:00,
ENR00002041,USR001700,MINDGUARD,active,2025-10-17T09:00:00,
ENR00002042,USR001701,MINDGUARD,active,2025-10-19T00:00:00,
ENR00002043,USR001702,MINDGUARD,active,2025-11-16T05:00:00,
ENR00002044,USR001703,MINDGUARD,active,2025-11-18T16:00:00,
ENR00002045,USR001703,HEALTH_RESERVE,active,2025-11-16T06:00:00,
ENR00002046,USR001704,MINDGUARD,active,2026-02-11T07:00:00,
ENR00002047,USR001705,HEALTH_RESERVE,active,2025-09-22T23:00:00,
ENR00002048,USR001706,MINDGUARD,active,2025-11-03T06:00:00,
ENR00002049,USR001707,HEALTH_RESERVE,active,2025-12-01T04:00:00,
ENR00002050,USR001708,MINDGUARD,active,2026-01-28T05:00:00,
ENR00002051,USR001709,MINDGUARD,active,2025-12-26T11:00:00,
ENR00002052,USR001709,HEALTH_RESERVE,active,2026-01-02T19:00:00,
ENR00002053,USR001710,MINDGUARD,active,2025-10-13T13:00:00,
ENR00002054,USR001711,MINDGUARD,active,2026-02-11T13:00:00,
ENR00002055,USR001712,MINDGUARD,active,2025-12-08T19:00:00,
ENR00002056,USR001712,HEALTH_RESERVE,active,2025-12-07T17:00:00,
ENR00002057,USR001713,MINDGUARD,active,2026-02-01T00:00:00,
ENR00002058,USR001714,HEALTH_RESERVE,active,2025-12-07T16:00:00,
ENR00002059,USR001715,MINDGUARD,active,2026-01-25T03:00:00,
ENR00002060,USR001716,MINDGUARD,active,2026-01-26T08:00:00,
ENR00002061,USR001717,MINDGUARD,active,2025-11-11T11:00:00,
ENR00002062,USR001718,MINDGUARD,active,2025-12-02T18:00:00,
ENR00002063,USR001719,HEALTH_RESERVE,active,2026-01-24T16:00:00,
ENR00002064,USR001720,MINDGUARD,active,2026-02-19T12:00:00,
ENR00002065,USR001720,HEALTH_RESERVE,active,2026-02-22T15:00:00,
ENR00002066,USR001721,HEALTH_RESERVE,active,2025-10-11T10:00:00,
ENR00002067,USR001722,MINDGUARD,active,2025-11-08T12:00:00,
ENR00002068,USR001723,MINDGUARD,active,2025-12-12T06:00:00,
ENR00002069,USR001724,MINDGUARD,active,2025-10-07T07:00:00,
ENR00002070,USR001724,HEALTH_RESERVE,active,2025-09-27T07:00:00,
ENR00002071,USR001725,MINDGUARD,active,2025-12-27T08:00:00,
ENR00002072,USR001726,MINDGUARD,active,2025-11-25T19:00:00,
ENR00002073,USR001727,MINDGUARD,active,2026-01-07T17:00:00,
ENR00002074,USR001728,MINDGUARD,active,2025-10-11T10:00:00,
ENR00002075,USR001729,MINDGUARD,active,2025-11-18T13:00:00,
ENR00002076,USR001729,HEALTH_RESERVE,active,2025-11-19T13:00:00,
ENR00002077,USR001730,MINDGUARD,active,2026-01-14T10:00:00,
ENR00002078,USR001730,HEALTH_RESERVE,active,2026-01-06T01:00:00,
ENR00002079,USR001731,MINDGUARD,active,2025-10-14T16:00:00,
ENR00002080,USR001732,HEALTH_RESERVE,active,2025-11-04T12:00:00,
ENR00002081,USR001733,MINDGUARD,active,2025-12-31T19:00:00,
ENR00002082,USR001733,HEALTH_RESERVE,active,2025-12-22T17:00:00,
ENR00002083,USR001734,HEALTH_RESERVE,active,2025-12-01T11:00:00,
ENR00002084,USR001735,MINDGUARD,active,2025-12-08T00:00:00,
ENR00002085,USR001735,HEALTH_RESERVE,active,2025-12-15T00:00:00,
ENR00002086,USR001736,MINDGUARD,active,2025-11-25T05:00:00,
ENR00002087,USR001736,HEALTH_RESERVE,active,2025-11-16T09:00:00,
ENR00002088,USR001737,MINDGUARD,active,2026-02-11T11:00:00,
ENR00002089,USR001737,HEALTH_RESERVE,active,2026-02-11T06:00:00,
ENR00002090,USR001738,HEALTH_RESERVE,active,2026-01-24T12:00:00,
ENR00002091,USR001739,MINDGUARD,active,2026-02-10T19:00:00,
ENR00002092,USR001739,HEALTH_RESERVE,active,2026-02-10T17:00:00,
ENR00002093,USR001740,MINDGUARD,active,2025-09-23T00:00:00,
ENR00002094,USR001740,HEALTH_RESERVE,active,2025-10-01T05:00:00,
ENR00002095,USR001741,MINDGUARD,active,2026-01-14T13:00:00,
ENR00002096,USR001742,MINDGUARD,active,2026-02-03T15:00:00,
ENR00002097,USR001743,MINDGUARD,active,2025-12-11T10:00:00,
ENR00002098,USR001743,HEALTH_RESERVE,active,2025-12-19T10:00:00,
ENR00002099,USR001744,MINDGUARD,active,2025-09-28T14:00:00,
ENR00002100,USR001745,MINDGUARD,active,2025-12-01T08:00:00,
ENR00002101,USR001746,MINDGUARD,active,2025-10-17T07:00:00,
ENR00002102,USR001746,HEALTH_RESERVE,active,2025-10-07T07:00:00,
ENR00002103,USR001747,MINDGUARD,active,2025-10-29T19:00:00,
ENR00002104,USR001747,HEALTH_RESERVE,active,2025-11-09T14:00:00,
ENR00002105,USR001748,MINDGUARD,active,2026-02-19T23:00:00,
ENR00002106,USR001748,HEALTH_RESERVE,active,2026-02-14T20:00:00,
ENR00002107,USR001749,MINDGUARD,active,2025-12-12T10:00:00,
ENR00002108,USR001750,MINDGUARD,active,2025-12-08T19:00:00,
ENR00002109,USR001751,MINDGUARD,active,2026-01-04T16:00:00,
ENR00002110,USR001752,MINDGUARD,active,2026-01-04T05:00:00,
ENR00002111,USR001753,MINDGUARD,active,2025-12-14T13:00:00,
ENR00002112,USR001754,MINDGUARD,active,2025-12-31T07:00:00,
ENR00002113,USR001755,HEALTH_RESERVE,active,2025-10-09T07:00:00,
ENR00002114,USR001756,MINDGUARD,active,2025-12-10T11:00:00,
ENR00002115,USR001757,MINDGUARD,active,2025-09-28T09:00:00,
ENR00002116,USR001758,MINDGUARD,active,2025-10-08T20:00:00,
ENR00002117,USR001759,MINDGUARD,active,2025-09-22T06:00:00,
ENR00002118,USR001760,MINDGUARD,active,2025-12-19T20:00:00,
ENR00002119,USR001760,HEALTH_RESERVE,active,2025-12-14T20:00:00,
ENR00002120,USR001761,MINDGUARD,active,2026-02-10T12:00:00,
ENR00002121,USR001762,HEALTH_RESERVE,active,2026-01-13T03:00:00,
ENR00002122,USR001763,MINDGUARD,active,2025-12-10T23:00:00,
ENR00002123,USR001764,MINDGUARD,active,2025-10-17T03:00:00,
ENR00002124,USR001764,HEALTH_RESERVE,active,2025-10-22T21:00:00,
ENR00002125,USR001765,MINDGUARD,active,2025-11-01T20:00:00,
ENR00002126,USR001766,MINDGUARD,active,2025-09-26T23:00:00,
ENR00002127,USR001766,HEALTH_RESERVE,active,2025-10-02T23:00:00,
ENR00002128,USR001767,MINDGUARD,active,2025-10-16T19:00:00,
ENR00002129,USR001768,MINDGUARD,active,2025-12-17T03:00:00,
ENR00002130,USR001769,MINDGUARD,active,2025-12-19T17:00:00,
ENR00002131,USR001769,HEALTH_RESERVE,active,2025-12-13T20:00:00,
ENR00002132,USR001770,MINDGUARD,active,2025-12-03T11:00:00,
ENR00002133,USR001771,MINDGUARD,active,2025-09-29T17:00:00,
ENR00002134,USR001772,MINDGUARD,active,2025-11-25T19:00:00,
ENR00002135,USR001773,MINDGUARD,active,2025-10-21T21:00:00,
ENR00002136,USR001774,MINDGUARD,active,2025-10-04T04:00:00,
ENR00002137,USR001775,MINDGUARD,active,2025-12-30T15:00:00,
ENR00002138,USR001775,HEALTH_RESERVE,active,2026-01-05T10:00:00,
ENR00002139,USR001776,MINDGUARD,active,2025-12-07T10:00:00,
ENR00002140,USR001776,HEALTH_RESERVE,active,2025-12-10T12:00:00,
ENR00002141,USR001777,HEALTH_RESERVE,active,2025-10-06T02:00:00,
ENR00002142,USR001778,MINDGUARD,active,2026-02-09T07:00:00,
ENR00002143,USR001779,MINDGUARD,active,2025-09-25T21:00:00,
ENR00002144,USR001780,MINDGUARD,active,2026-02-07T07:00:00,
ENR00002145,USR001781,MINDGUARD,active,2025-11-12T02:00:00,
ENR00002146,USR001782,MINDGUARD,active,2025-11-08T19:00:00,
ENR00002147,USR001782,HEALTH_RESERVE,active,2025-11-11T15:00:00,
ENR00002148,USR001783,MINDGUARD,active,2025-11-22T06:00:00,
ENR00002149,USR001784,MINDGUARD,active,2025-10-23T21:00:00,
ENR00002150,USR001785,MINDGUARD,active,2025-10-13T20:00:00,
ENR00002151,USR001786,HEALTH_RESERVE,active,2026-01-26T16:00:00,
ENR00002152,USR001787,MINDGUARD,discontinued,2026-01-03T01:00:00,2026-08-01T01:34:00
ENR00002153,USR001787,HEALTH_RESERVE,active,2025-12-30T06:00:00,
ENR00002154,USR001788,MINDGUARD,discontinued,2025-12-25T01:00:00,2026-06-12T01:03:00
ENR00002155,USR001788,HEALTH_RESERVE,active,2025-12-29T04:00:00,
ENR00002156,USR001789,MINDGUARD,active,2025-11-05T16:00:00,
ENR00002157,USR001790,HEALTH_RESERVE,active,2026-01-27T04:00:00,
ENR00002158,USR001791,MINDGUARD,active,2026-01-26T16:00:00,
ENR00002159,USR001792,MINDGUARD,active,2025-11-11T20:00:00,
ENR00002160,USR001793,MINDGUARD,active,2025-11-28T04:00:00,
ENR00002161,USR001794,HEALTH_RESERVE,active,2026-02-07T13:00:00,
ENR00002162,USR001795,HEALTH_RESERVE,active,2025-12-09T08:00:00,
ENR00002163,USR001796,MINDGUARD,active,2025-12-12T11:00:00,
ENR00002164,USR001797,HEALTH_RESERVE,active,2025-10-10T13:00:00,
ENR00002165,USR001798,MINDGUARD,active,2025-11-16T09:00:00,
ENR00002166,USR001798,HEALTH_RESERVE,active,2025-11-13T03:00:00,
ENR00002167,USR001799,MINDGUARD,active,2025-12-25T18:00:00,
ENR00002168,USR001800,MINDGUARD,active,2026-01-25T19:00:00,
ENR00002169,USR001801,MINDGUARD,active,2025-10-18T19:00:00,
ENR00002170,USR001802,HEALTH_RESERVE,active,2026-02-12T07:00:00,
ENR00002171,USR001803,MINDGUARD,active,2026-01-02T00:00:00,
ENR00002172,USR001804,MINDGUARD,active,2025-10-13T06:00:00,
ENR00002173,USR001805,MINDGUARD,active,2026-01-27T03:00:00,
ENR00002174,USR001806,HEALTH_RESERVE,active,2026-01-21T11:00:00,
ENR00002175,USR001807,MINDGUARD,active,2025-11-17T10:00:00,
ENR00002176,USR001808,HEALTH_RESERVE,active,2026-01-23T06:00:00,
ENR00002177,USR001809,HEALTH_RESERVE,active,2025-12-12T12:00:00,
ENR00002178,USR001810,HEALTH_RESERVE,active,2026-02-06T21:00:00,
ENR00002179,USR001811,MINDGUARD,active,2025-11-28T02:00:00,
ENR00002180,USR001812,MINDGUARD,active,2025-12-18T11:00:00,
ENR00002181,USR001812,HEALTH_RESERVE,active,2025-12-26T03:00:00,
ENR00002182,USR001813,MINDGUARD,active,2025-12-14T22:00:00,
ENR00002183,USR001814,MINDGUARD,active,2025-10-25T00:00:00,
ENR00002184,USR001815,MINDGUARD,active,2026-02-10T05:00:00,
ENR00002185,USR001816,MINDGUARD,active,2026-01-27T13:00:00,
ENR00002186,USR001817,MINDGUARD,active,2026-01-26T22:00:00,
ENR00002187,USR001818,MINDGUARD,active,2026-02-09T19:00:00,
ENR00002188,USR001819,MINDGUARD,active,2025-11-05T16:00:00,
ENR00002189,USR001820,HEALTH_RESERVE,active,2025-12-18T20:00:00,
ENR00002190,USR001821,HEALTH_RESERVE,active,2025-12-05T01:00:00,
ENR00002191,USR001822,MINDGUARD,active,2025-10-03T18:00:00,
ENR00002192,USR001823,HEALTH_RESERVE,active,2026-01-15T19:00:00,
ENR00002193,USR001824,MINDGUARD,active,2026-01-23T13:00:00,
ENR00002194,USR001825,MINDGUARD,active,2025-10-10T12:00:00,
ENR00002195,USR001826,HEALTH_RESERVE,active,2025-11-08T19:00:00,
ENR00002196,USR001827,HEALTH_RESERVE,active,2025-10-30T03:00:00,
ENR00002197,USR001828,MINDGUARD,active,2025-12-15T21:00:00,
ENR00002198,USR001829,MINDGUARD,active,2025-12-19T05:00:00,
ENR00002199,USR001830,HEALTH_RESERVE,active,2026-02-08T09:00:00,
ENR00002200,USR001831,MINDGUARD,active,2025-09-20T10:00:00,
ENR00002201,USR001831,HEALTH_RESERVE,active,2025-09-25T03:00:00,
ENR00002202,USR001832,MINDGUARD,active,2025-12-08T05:00:00,
ENR00002203,USR001833,HEALTH_RESERVE,active,2026-01-14T18:00:00,
ENR00002204,USR001834,MINDGUARD,active,2025-11-11T21:00:00,
ENR00002205,USR001834,HEALTH_RESERVE,active,2025-11-02T21:00:00,
ENR00002206,USR001835,MINDGUARD,active,2025-09-21T18:00:00,
ENR00002207,USR001836,MINDGUARD,active,2025-11-12T11:00:00,
ENR00002208,USR001837,MINDGUARD,active,2026-01-17T15:00:00,
ENR00002209,USR001838,HEALTH_RESERVE,active,2025-12-15T07:00:00,
ENR00002210,USR001839,HEALTH_RESERVE,active,2025-10-19T04:00:00,
ENR00002211,USR001840,MINDGUARD,active,2026-02-02T06:00:00,
ENR00002212,USR001840,HEALTH_RESERVE,active,2026-02-01T08:00:00,
ENR00002213,USR001841,MINDGUARD,active,2025-12-23T01:00:00,
ENR00002214,USR001841,HEALTH_RESERVE,active,2025-12-20T07:00:00,
ENR00002215,USR001842,MINDGUARD,active,2025-11-07T23:00:00,
ENR00002216,USR001843,MINDGUARD,active,2025-11-02T04:00:00,
ENR00002217,USR001844,MINDGUARD,active,2026-02-17T23:00:00,
ENR00002218,USR001844,HEALTH_RESERVE,active,2026-02-19T01:00:00,
ENR00002219,USR001845,MINDGUARD,active,2025-10-22T10:00:00,
ENR00002220,USR001846,MINDGUARD,active,2026-01-02T16:00:00,
ENR00002221,USR001847,MINDGUARD,active,2026-01-27T05:00:00,
ENR00002222,USR001848,MINDGUARD,active,2025-10-31T08:00:00,
ENR00002223,USR001849,MINDGUARD,active,2026-01-10T19:00:00,
ENR00002224,USR001850,MINDGUARD,active,2025-10-27T14:00:00,
ENR00002225,USR001850,HEALTH_RESERVE,active,2025-11-05T14:00:00,
ENR00002226,USR001851,MINDGUARD,active,2026-01-24T02:00:00,
ENR00002227,USR001852,MINDGUARD,active,2025-09-28T22:00:00,
ENR00002228,USR001852,HEALTH_RESERVE,active,2025-10-04T22:00:00,
ENR00002229,USR001853,MINDGUARD,active,2026-01-22T18:00:00,
ENR00002230,USR001854,MINDGUARD,active,2025-12-16T12:00:00,
ENR00002231,USR001855,HEALTH_RESERVE,active,2025-11-09T10:00:00,
ENR00002232,USR001856,MINDGUARD,active,2025-12-01T18:00:00,
ENR00002233,USR001857,MINDGUARD,active,2025-11-26T09:00:00,
ENR00002234,USR001858,MINDGUARD,active,2025-12-29T23:00:00,
ENR00002235,USR001859,MINDGUARD,active,2025-10-24T21:00:00,
ENR00002236,USR001860,MINDGUARD,active,2025-09-26T18:00:00,
ENR00002237,USR001861,MINDGUARD,active,2025-12-31T21:00:00,
ENR00002238,USR001862,MINDGUARD,active,2025-12-29T08:00:00,
ENR00002239,USR001863,MINDGUARD,active,2025-12-16T01:00:00,
ENR00002240,USR001863,HEALTH_RESERVE,active,2025-12-15T20:00:00,
ENR00002241,USR001864,MINDGUARD,active,2025-11-29T03:00:00,
ENR00002242,USR001864,HEALTH_RESERVE,active,2025-12-03T09:00:00,
ENR00002243,USR001865,HEALTH_RESERVE,active,2026-01-13T13:00:00,
ENR00002244,USR001866,MINDGUARD,active,2025-11-24T18:00:00,
ENR00002245,USR001866,HEALTH_RESERVE,active,2025-11-27T15:00:00,
ENR00002246,USR001867,MINDGUARD,discontinued,2025-11-30T10:00:00,2026-05-04T10:05:00
ENR00002247,USR001867,HEALTH_RESERVE,active,2025-12-10T09:00:00,
ENR00002248,USR001868,HEALTH_RESERVE,active,2025-10-11T17:00:00,
ENR00002249,USR001869,HEALTH_RESERVE,active,2025-12-11T07:00:00,
ENR00002250,USR001870,MINDGUARD,discontinued,2026-01-29T15:00:00,2026-08-23T16:25:00
ENR00002251,USR001871,HEALTH_RESERVE,active,2025-10-21T15:00:00,
ENR00002252,USR001872,MINDGUARD,active,2025-10-16T03:00:00,
ENR00002253,USR001873,MINDGUARD,active,2025-11-25T19:00:00,
ENR00002254,USR001874,MINDGUARD,active,2026-02-17T15:00:00,
ENR00002255,USR001874,HEALTH_RESERVE,active,2026-02-09T16:00:00,
ENR00002256,USR001875,MINDGUARD,active,2026-01-08T10:00:00,
ENR00002257,USR001876,MINDGUARD,active,2025-12-13T01:00:00,
ENR00002258,USR001877,MINDGUARD,active,2025-11-03T19:00:00,
ENR00002259,USR001878,MINDGUARD,active,2025-10-24T17:00:00,
ENR00002260,USR001879,MINDGUARD,active,2025-10-03T23:00:00,
ENR00002261,USR001879,HEALTH_RESERVE,active,2025-10-09T01:00:00,
ENR00002262,USR001880,MINDGUARD,active,2025-09-26T09:00:00,
ENR00002263,USR001881,MINDGUARD,active,2026-01-01T21:00:00,
ENR00002264,USR001881,HEALTH_RESERVE,active,2025-12-22T19:00:00,
ENR00002265,USR001882,MINDGUARD,active,2025-12-11T11:00:00,
ENR00002266,USR001883,MINDGUARD,active,2025-12-10T23:00:00,
ENR00002267,USR001884,MINDGUARD,active,2025-11-09T23:00:00,
ENR00002268,USR001885,MINDGUARD,active,2026-01-23T07:00:00,
ENR00002269,USR001885,HEALTH_RESERVE,active,2026-01-25T05:00:00,
ENR00002270,USR001886,MINDGUARD,active,2025-10-30T09:00:00,
ENR00002271,USR001886,HEALTH_RESERVE,active,2025-11-12T11:00:00,
ENR00002272,USR001887,MINDGUARD,active,2025-12-03T10:00:00,
ENR00002273,USR001888,HEALTH_RESERVE,active,2025-10-19T08:00:00,
ENR00002274,USR001889,MINDGUARD,active,2025-10-08T20:00:00,
ENR00002275,USR001890,MINDGUARD,active,2025-10-30T14:00:00,
ENR00002276,USR001891,MINDGUARD,active,2026-01-18T18:00:00,
ENR00002277,USR001892,HEALTH_RESERVE,active,2025-10-13T18:00:00,
ENR00002278,USR001893,MINDGUARD,active,2025-11-06T19:00:00,
ENR00002279,USR001894,MINDGUARD,active,2025-10-09T11:00:00,
ENR00002280,USR001895,MINDGUARD,active,2026-02-15T01:00:00,
ENR00002281,USR001896,MINDGUARD,active,2025-09-18T11:00:00,
ENR00002282,USR001897,HEALTH_RESERVE,active,2026-02-09T05:00:00,
ENR00002283,USR001898,MINDGUARD,discontinued,2026-01-13T00:00:00,2026-06-19T00:38:00
ENR00002284,USR001899,MINDGUARD,active,2025-10-27T18:00:00,
ENR00002285,USR001900,MINDGUARD,active,2025-09-27T15:00:00,
ENR00002286,USR001901,HEALTH_RESERVE,active,2025-11-19T06:00:00,
ENR00002287,USR001902,MINDGUARD,active,2025-12-23T16:00:00,
ENR00002288,USR001903,MINDGUARD,active,2025-11-24T08:00:00,
ENR00002289,USR001904,HEALTH_RESERVE,active,2026-01-13T00:00:00,
ENR00002290,USR001905,MINDGUARD,active,2025-11-30T07:00:00,
ENR00002291,USR001905,HEALTH_RESERVE,active,2025-11-27T06:00:00,
ENR00002292,USR001906,MINDGUARD,active,2025-10-18T03:00:00,
ENR00002293,USR001906,HEALTH_RESERVE,active,2025-10-24T14:00:00,
ENR00002294,USR001907,MINDGUARD,active,2026-02-18T15:00:00,
ENR00002295,USR001907,HEALTH_RESERVE,active,2026-02-19T11:00:00,
ENR00002296,USR001908,MINDGUARD,active,2026-01-08T12:00:00,
ENR00002297,USR001909,MINDGUARD,active,2026-02-06T19:00:00,
ENR00002298,USR001910,MINDGUARD,discontinued,2026-01-30T15:00:00,2026-07-27T16:02:00
ENR00002299,USR001911,MINDGUARD,active,2026-01-05T13:00:00,
ENR00002300,USR001912,HEALTH_RESERVE,active,2026-01-28T12:00:00,
ENR00002301,USR001913,MINDGUARD,active,2025-12-02T16:00:00,
ENR00002302,USR001914,MINDGUARD,active,2025-12-24T17:00:00,
ENR00002303,USR001914,HEALTH_RESERVE,active,2025-12-17T12:00:00,
ENR00002304,USR001915,HEALTH_RESERVE,active,2025-12-11T18:00:00,
ENR00002305,USR001916,MINDGUARD,active,2025-09-23T11:00:00,
ENR00002306,USR001917,HEALTH_RESERVE,active,2025-10-02T09:00:00,
ENR00002307,USR001918,MINDGUARD,active,2025-12-01T14:00:00,
ENR00002308,USR001918,HEALTH_RESERVE,active,2025-11-27T09:00:00,
ENR00002309,USR001919,HEALTH_RESERVE,active,2025-12-06T20:00:00,
ENR00002310,USR001920,MINDGUARD,active,2026-02-06T00:00:00,
ENR00002311,USR001921,MINDGUARD,active,2026-02-18T01:00:00,
ENR00002312,USR001922,MINDGUARD,active,2025-12-11T04:00:00,
ENR00002313,USR001923,MINDGUARD,active,2025-11-02T00:00:00,
ENR00002314,USR001924,MINDGUARD,active,2026-02-02T18:00:00,
ENR00002315,USR001925,MINDGUARD,active,2025-11-21T06:00:00,
ENR00002316,USR001926,MINDGUARD,active,2025-12-17T06:00:00,
ENR00002317,USR001927,MINDGUARD,active,2025-11-06T19:00:00,
ENR00002318,USR001928,MINDGUARD,active,2025-12-25T08:00:00,
ENR00002319,USR001929,HEALTH_RESERVE,active,2025-12-07T03:00:00,
ENR00002320,USR001930,MINDGUARD,active,2025-11-11T00:00:00,
ENR00002321,USR001930,HEALTH_RESERVE,active,2025-11-13T00:00:00,
ENR00002322,USR001931,MINDGUARD,active,2025-12-29T02:00:00,
ENR00002323,USR001931,HEALTH_RESERVE,active,2026-01-03T21:00:00,
ENR00002324,USR001932,MINDGUARD,active,2025-11-17T04:00:00,
ENR00002325,USR001932,HEALTH_RESERVE,active,2025-11-05T03:00:00,
ENR00002326,USR001933,HEALTH_RESERVE,active,2025-10-09T11:00:00,
ENR00002327,USR001934,HEALTH_RESERVE,active,2025-11-03T16:00:00,
ENR00002328,USR001935,MINDGUARD,active,2025-12-25T00:00:00,
ENR00002329,USR001936,MINDGUARD,active,2026-01-02T16:00:00,
ENR00002330,USR001937,MINDGUARD,active,2026-02-14T19:00:00,
ENR00002331,USR001938,MINDGUARD,active,2025-11-27T22:00:00,
ENR00002332,USR001939,MINDGUARD,active,2025-10-27T04:00:00,
ENR00002333,USR001940,MINDGUARD,active,2025-10-01T20:00:00,
ENR00002334,USR001940,HEALTH_RESERVE,active,2025-10-13T19:00:00,
ENR00002335,USR001941,MINDGUARD,active,2026-02-05T00:00:00,
ENR00002336,USR001942,MINDGUARD,active,2025-11-23T09:00:00,
ENR00002337,USR001943,HEALTH_RESERVE,active,2025-11-11T03:00:00,
ENR00002338,USR001944,MINDGUARD,active,2026-01-01T21:00:00,
ENR00002339,USR001945,MINDGUARD,active,2025-12-20T00:00:00,
ENR00002340,USR001945,HEALTH_RESERVE,active,2025-12-11T00:00:00,
ENR00002341,USR001946,MINDGUARD,active,2025-12-28T01:00:00,
ENR00002342,USR001946,HEALTH_RESERVE,active,2025-12-24T22:00:00,
ENR00002343,USR001947,MINDGUARD,active,2025-11-10T06:00:00,
ENR00002344,USR001948,HEALTH_RESERVE,active,2025-10-21T03:00:00,
ENR00002345,USR001949,MINDGUARD,active,2025-12-28T19:00:00,
ENR00002346,USR001950,HEALTH_RESERVE,active,2026-01-23T19:00:00,
ENR00002347,USR001951,MINDGUARD,active,2025-12-26T02:00:00,
ENR00002348,USR001952,MINDGUARD,active,2026-01-10T07:00:00,
ENR00002349,USR001952,HEALTH_RESERVE,active,2026-01-16T05:00:00,
ENR00002350,USR001953,MINDGUARD,active,2025-09-20T02:00:00,
ENR00002351,USR001954,MINDGUARD,active,2026-01-25T08:00:00,
ENR00002352,USR001955,MINDGUARD,active,2025-12-09T21:00:00,
ENR00002353,USR001955,HEALTH_RESERVE,active,2025-11-27T15:00:00,
ENR00002354,USR001956,MINDGUARD,active,2025-12-06T21:00:00,
ENR00002355,USR001957,MINDGUARD,active,2025-11-07T00:00:00,
ENR00002356,USR001958,MINDGUARD,active,2026-01-03T22:00:00,
ENR00002357,USR001958,HEALTH_RESERVE,active,2026-01-06T18:00:00,
ENR00002358,USR001959,MINDGUARD,active,2025-11-12T20:00:00,
ENR00002359,USR001960,MINDGUARD,active,2025-10-02T15:00:00,
ENR00002360,USR001960,HEALTH_RESERVE,active,2025-10-08T01:00:00,
ENR00002361,USR001961,MINDGUARD,discontinued,2025-10-03T02:00:00,2026-03-22T02:35:00
ENR00002362,USR001962,MINDGUARD,active,2025-10-01T00:00:00,
ENR00002363,USR001963,HEALTH_RESERVE,active,2026-01-09T17:00:00,
ENR00002364,USR001964,MINDGUARD,active,2026-02-10T10:00:00,
ENR00002365,USR001965,MINDGUARD,active,2025-10-06T17:00:00,
ENR00002366,USR001966,HEALTH_RESERVE,active,2026-01-05T14:00:00,
ENR00002367,USR001967,MINDGUARD,active,2025-11-09T20:00:00,
ENR00002368,USR001968,MINDGUARD,active,2025-12-16T19:00:00,
ENR00002369,USR001968,HEALTH_RESERVE,active,2025-12-11T20:00:00,
ENR00002370,USR001969,MINDGUARD,active,2025-12-23T14:00:00,
ENR00002371,USR001969,HEALTH_RESERVE,active,2025-12-27T17:00:00,
ENR00002372,USR001970,MINDGUARD,active,2025-10-07T14:00:00,
ENR00002373,USR001971,MINDGUARD,discontinued,2025-10-06T00:00:00,2026-07-10T00:09:00
ENR00002374,USR001972,MINDGUARD,active,2025-11-27T04:00:00,
ENR00002375,USR001973,MINDGUARD,active,2026-02-10T16:00:00,
ENR00002376,USR001974,MINDGUARD,active,2025-11-06T10:00:00,
ENR00002377,USR001975,MINDGUARD,active,2025-12-20T05:00:00,
ENR00002378,USR001976,MINDGUARD,active,2025-09-29T15:00:00,
ENR00002379,USR001977,HEALTH_RESERVE,active,2025-10-11T11:00:00,
ENR00002380,USR001978,MINDGUARD,active,2025-11-29T14:00:00,
ENR00002381,USR001978,HEALTH_RESERVE,active,2025-11-27T10:00:00,
ENR00002382,USR001979,MINDGUARD,discontinued,2025-10-02T11:00:00,2026-05-10T11:51:00
ENR00002383,USR001979,HEALTH_RESERVE,active,2025-10-04T03:00:00,
ENR00002384,USR001980,MINDGUARD,active,2025-11-24T08:00:00,
ENR00002385,USR001981,MINDGUARD,active,2026-01-26T06:00:00,
ENR00002386,USR001981,HEALTH_RESERVE,active,2026-02-01T00:00:00,
ENR00002387,USR001982,MINDGUARD,active,2025-10-19T22:00:00,
ENR00002388,USR001983,MINDGUARD,active,2025-12-22T16:00:00,
ENR00002389,USR001983,HEALTH_RESERVE,active,2025-12-19T09:00:00,
ENR00002390,USR001984,MINDGUARD,active,2025-09-27T21:00:00,
ENR00002391,USR001985,MINDGUARD,active,2026-02-05T16:00:00,
ENR00002392,USR001985,HEALTH_RESERVE,active,2026-02-07T12:00:00,
ENR00002393,USR001986,MINDGUARD,active,2025-11-06T20:00:00,
ENR00002394,USR001986,HEALTH_RESERVE,active,2025-11-20T13:00:00,
ENR00002395,USR001987,MINDGUARD,active,2026-01-03T13:00:00,
ENR00002396,USR001988,HEALTH_RESERVE,active,2026-01-27T15:00:00,
ENR00002397,USR001989,HEALTH_RESERVE,active,2025-12-08T06:00:00,
ENR00002398,USR001990,MINDGUARD,active,2026-01-02T00:00:00,
ENR00002399,USR001990,HEALTH_RESERVE,active,2025-12-27T19:00:00,
ENR00002400,USR001991,HEALTH_RESERVE,active,2025-10-21T22:00:00,
ENR00002401,USR001992,HEALTH_RESERVE,active,2025-12-27T08:00:00,
ENR00002402,USR001993,MINDGUARD,active,2025-11-23T17:00:00,
ENR00002403,USR001994,MINDGUARD,active,2025-09-26T22:00:00,
ENR00002404,USR001994,HEALTH_RESERVE,active,2025-09-19T00:00:00,
ENR00002405,USR001995,MINDGUARD,active,2025-11-20T05:00:00,
ENR00002406,USR001996,MINDGUARD,active,2025-11-13T07:00:00,
ENR00002407,USR001997,MINDGUARD,active,2026-01-27T06:00:00,
ENR00002408,USR001998,MINDGUARD,active,2025-12-13T19:00:00,
ENR00002409,USR001999,MINDGUARD,active,2025-10-15T18:00:00,
ENR00002410,USR002000,MINDGUARD,active,2026-01-23T10:00:00,
ENR00002411,USR002001,MINDGUARD,active,2025-10-22T12:00:00,
ENR00002412,USR002002,MINDGUARD,active,2025-10-06T01:00:00,
ENR00002413,USR002003,MINDGUARD,active,2026-01-17T21:00:00,
ENR00002414,USR002004,HEALTH_RESERVE,active,2025-11-27T22:00:00,
ENR00002415,USR002005,MINDGUARD,active,2025-11-10T21:00:00,
ENR00002416,USR002006,MINDGUARD,active,2025-10-14T19:00:00,
ENR00002417,USR002007,MINDGUARD,active,2026-01-24T06:00:00,
ENR00002418,USR002008,MINDGUARD,active,2025-11-23T18:00:00,
ENR00002419,USR002009,MINDGUARD,active,2026-01-26T18:00:00,
ENR00002420,USR002009,HEALTH_RESERVE,active,2026-01-28T18:00:00,
ENR00002421,USR002010,MINDGUARD,active,2025-11-27T09:00:00,
ENR00002422,USR002011,HEALTH_RESERVE,active,2025-09-27T12:00:00,
ENR00002423,USR002012,MINDGUARD,active,2026-02-13T19:00:00,
ENR00002424,USR002013,MINDGUARD,active,2026-02-11T01:00:00,
ENR00002425,USR002013,HEALTH_RESERVE,active,2026-02-02T04:00:00,
ENR00002426,USR002014,MINDGUARD,active,2025-11-01T05:00:00,
ENR00002427,USR002015,MINDGUARD,active,2025-10-27T03:00:00,
ENR00002428,USR002016,HEALTH_RESERVE,active,2026-01-05T22:00:00,
ENR00002429,USR002017,HEALTH_RESERVE,active,2026-01-10T10:00:00,
ENR00002430,USR002018,MINDGUARD,active,2026-02-01T01:00:00,
ENR00002431,USR002019,HEALTH_RESERVE,active,2025-12-03T20:00:00,
ENR00002432,USR002020,MINDGUARD,active,2026-01-12T04:00:00,
ENR00002433,USR002020,HEALTH_RESERVE,active,2026-01-10T11:00:00,
ENR00002434,USR002021,MINDGUARD,active,2025-12-17T00:00:00,
ENR00002435,USR002022,HEALTH_RESERVE,active,2025-12-19T06:00:00,
ENR00002436,USR002023,HEALTH_RESERVE,active,2026-02-10T07:00:00,
ENR00002437,USR002024,HEALTH_RESERVE,active,2026-01-11T08:00:00,
ENR00002438,USR002025,MINDGUARD,active,2026-01-20T09:00:00,
ENR00002439,USR002025,HEALTH_RESERVE,active,2026-02-01T08:00:00,
ENR00002440,USR002026,MINDGUARD,active,2025-10-19T22:00:00,
ENR00002441,USR002026,HEALTH_RESERVE,active,2025-10-17T01:00:00,
ENR00002442,USR002027,MINDGUARD,active,2025-12-24T20:00:00,
ENR00002443,USR002027,HEALTH_RESERVE,active,2026-01-01T22:00:00,
ENR00002444,USR002028,HEALTH_RESERVE,active,2025-11-05T07:00:00,
ENR00002445,USR002029,HEALTH_RESERVE,active,2025-12-31T22:00:00,
ENR00002446,USR002030,MINDGUARD,active,2025-12-06T00:00:00,
ENR00002447,USR002030,HEALTH_RESERVE,active,2025-12-13T07:00:00,
ENR00002448,USR002031,HEALTH_RESERVE,active,2025-12-04T05:00:00,
ENR00002449,USR002032,MINDGUARD,active,2025-10-09T12:00:00,
ENR00002450,USR002033,MINDGUARD,active,2025-12-26T16:00:00,
ENR00002451,USR002033,HEALTH_RESERVE,active,2025-12-27T18:00:00,
ENR00002452,USR002034,MINDGUARD,active,2025-12-31T02:00:00,
ENR00002453,USR002035,MINDGUARD,active,2025-10-14T00:00:00,
ENR00002454,USR002036,MINDGUARD,active,2025-12-06T10:00:00,
ENR00002455,USR002036,HEALTH_RESERVE,active,2025-12-18T03:00:00,
ENR00002456,USR002037,MINDGUARD,active,2025-11-19T17:00:00,
ENR00002457,USR002038,HEALTH_RESERVE,active,2025-10-21T11:00:00,
ENR00002458,USR002039,MINDGUARD,active,2026-01-19T00:00:00,
ENR00002459,USR002039,HEALTH_RESERVE,active,2026-01-18T04:00:00,
ENR00002460,USR002040,MINDGUARD,active,2025-10-04T00:00:00,
ENR00002461,USR002041,MINDGUARD,active,2026-01-08T06:00:00,
ENR00002462,USR002042,MINDGUARD,active,2025-12-30T17:00:00,
ENR00002463,USR002043,MINDGUARD,active,2025-11-08T15:00:00,
ENR00002464,USR002044,MINDGUARD,active,2025-12-29T21:00:00,
ENR00002465,USR002045,MINDGUARD,active,2026-01-21T13:00:00,
ENR00002466,USR002046,MINDGUARD,active,2025-10-04T06:00:00,
ENR00002467,USR002047,MINDGUARD,active,2025-12-08T20:00:00,
ENR00002468,USR002048,MINDGUARD,active,2026-01-11T19:00:00,
ENR00002469,USR002049,HEALTH_RESERVE,active,2025-09-24T21:00:00,
ENR00002470,USR002050,HEALTH_RESERVE,active,2025-10-07T08:00:00,
ENR00002471,USR002051,MINDGUARD,active,2025-10-01T08:00:00,
ENR00002472,USR002052,MINDGUARD,active,2026-01-10T10:00:00,
ENR00002473,USR002053,MINDGUARD,active,2026-02-14T09:00:00,
ENR00002474,USR002053,HEALTH_RESERVE,active,2026-02-10T16:00:00,
ENR00002475,USR002054,MINDGUARD,active,2025-11-13T13:00:00,
ENR00002476,USR002055,MINDGUARD,active,2025-10-16T15:00:00,
ENR00002477,USR002056,HEALTH_RESERVE,active,2025-10-18T18:00:00,
ENR00002478,USR002057,MINDGUARD,active,2026-01-29T06:00:00,
ENR00002479,USR002057,HEALTH_RESERVE,active,2026-02-07T12:00:00,
ENR00002480,USR002058,MINDGUARD,active,2026-02-18T21:00:00,
ENR00002481,USR002058,HEALTH_RESERVE,active,2026-02-13T03:00:00,
ENR00002482,USR002059,MINDGUARD,active,2025-12-01T15:00:00,
ENR00002483,USR002059,HEALTH_RESERVE,active,2025-11-30T14:00:00,
ENR00002484,USR002060,MINDGUARD,active,2026-01-06T06:00:00,
ENR00002485,USR002061,HEALTH_RESERVE,active,2026-01-28T22:00:00,
ENR00002486,USR002062,MINDGUARD,active,2025-11-25T04:00:00,
ENR00002487,USR002063,MINDGUARD,active,2025-11-08T14:00:00,
ENR00002488,USR002064,MINDGUARD,active,2026-02-02T14:00:00,
ENR00002489,USR002065,HEALTH_RESERVE,active,2025-11-24T09:00:00,
ENR00002490,USR002066,MINDGUARD,active,2026-01-18T13:00:00,
ENR00002491,USR002066,HEALTH_RESERVE,active,2026-01-24T14:00:00,
ENR00002492,USR002067,HEALTH_RESERVE,active,2025-11-26T07:00:00,
ENR00002493,USR002068,MINDGUARD,active,2025-11-09T14:00:00,
ENR00002494,USR002068,HEALTH_RESERVE,active,2025-11-14T14:00:00,
ENR00002495,USR002069,MINDGUARD,active,2025-11-05T19:00:00,
ENR00002496,USR002069,HEALTH_RESERVE,active,2025-11-15T18:00:00,
ENR00002497,USR002070,MINDGUARD,active,2026-01-17T14:00:00,
ENR00002498,USR002071,MINDGUARD,active,2026-01-09T08:00:00,
ENR00002499,USR002072,MINDGUARD,active,2025-11-27T14:00:00,
ENR00002500,USR002073,MINDGUARD,active,2025-12-14T13:00:00,
ENR00002501,USR002074,MINDGUARD,active,2026-01-25T22:00:00,
ENR00002502,USR002074,HEALTH_RESERVE,active,2026-01-28T23:00:00,
ENR00002503,USR002075,MINDGUARD,active,2026-01-07T07:00:00,
ENR00002504,USR002076,MINDGUARD,active,2025-11-12T07:00:00,
ENR00002505,USR002077,MINDGUARD,active,2025-11-29T04:00:00,
ENR00002506,USR002078,MINDGUARD,active,2026-01-10T11:00:00,
ENR00002507,USR002078,HEALTH_RESERVE,active,2026-01-10T14:00:00,
ENR00002508,USR002079,MINDGUARD,active,2025-11-02T14:00:00,
ENR00002509,USR002080,MINDGUARD,active,2025-11-18T09:00:00,
ENR00002510,USR002081,MINDGUARD,active,2025-09-22T17:00:00,
ENR00002511,USR002082,MINDGUARD,active,2026-01-10T13:00:00,
ENR00002512,USR002083,MINDGUARD,active,2025-10-09T14:00:00,
ENR00002513,USR002084,MINDGUARD,active,2025-09-26T22:00:00,
ENR00002514,USR002084,HEALTH_RESERVE,active,2025-10-01T20:00:00,
ENR00002515,USR002085,MINDGUARD,active,2025-10-07T16:00:00,
ENR00002516,USR002085,HEALTH_RESERVE,active,2025-10-04T17:00:00,
ENR00002517,USR002086,MINDGUARD,active,2025-10-06T12:00:00,
ENR00002518,USR002086,HEALTH_RESERVE,active,2025-10-06T22:00:00,
ENR00002519,USR002087,HEALTH_RESERVE,active,2025-12-02T07:00:00,
ENR00002520,USR002088,HEALTH_RESERVE,active,2026-01-14T02:00:00,
ENR00002521,USR002089,HEALTH_RESERVE,active,2025-10-05T20:00:00,
ENR00002522,USR002090,HEALTH_RESERVE,active,2025-12-31T05:00:00,
ENR00002523,USR002091,MINDGUARD,active,2025-11-15T16:00:00,
ENR00002524,USR002092,MINDGUARD,active,2025-10-30T12:00:00,
ENR00002525,USR002093,MINDGUARD,active,2025-10-13T19:00:00,
ENR00002526,USR002093,HEALTH_RESERVE,active,2025-10-13T20:00:00,
ENR00002527,USR002094,HEALTH_RESERVE,active,2025-10-29T06:00:00,
ENR00002528,USR002095,MINDGUARD,active,2025-10-14T05:00:00,
ENR00002529,USR002096,MINDGUARD,active,2025-10-26T01:00:00,
ENR00002530,USR002097,MINDGUARD,active,2026-01-13T12:00:00,
ENR00002531,USR002097,HEALTH_RESERVE,active,2026-01-16T04:00:00,
ENR00002532,USR002098,MINDGUARD,active,2025-11-18T22:00:00,
ENR00002533,USR002098,HEALTH_RESERVE,active,2025-11-18T21:00:00,
ENR00002534,USR002099,MINDGUARD,active,2026-02-11T20:00:00,
ENR00002535,USR002100,MINDGUARD,active,2025-11-15T11:00:00,
ENR00002536,USR002100,HEALTH_RESERVE,active,2025-11-19T02:00:00,
ENR00002537,USR002101,HEALTH_RESERVE,active,2026-01-20T18:00:00,
ENR00002538,USR002102,MINDGUARD,active,2025-12-14T00:00:00,
ENR00002539,USR002103,HEALTH_RESERVE,active,2025-12-07T12:00:00,
ENR00002540,USR002104,MINDGUARD,active,2025-12-15T20:00:00,
ENR00002541,USR002105,MINDGUARD,active,2025-10-16T00:00:00,
ENR00002542,USR002106,MINDGUARD,active,2026-02-07T05:00:00,
ENR00002543,USR002107,MINDGUARD,active,2025-12-01T20:00:00,
ENR00002544,USR002108,MINDGUARD,active,2025-10-29T13:00:00,
ENR00002545,USR002109,MINDGUARD,active,2025-12-05T00:00:00,
ENR00002546,USR002110,HEALTH_RESERVE,active,2025-12-27T21:00:00,
ENR00002547,USR002111,MINDGUARD,active,2025-10-13T16:00:00,
ENR00002548,USR002112,MINDGUARD,active,2025-10-14T15:00:00,
ENR00002549,USR002113,MINDGUARD,discontinued,2025-12-26T23:00:00,2026-06-16T23:49:00
ENR00002550,USR002113,HEALTH_RESERVE,active,2025-12-27T02:00:00,
ENR00002551,USR002114,HEALTH_RESERVE,active,2025-11-13T06:00:00,
ENR00002552,USR002115,HEALTH_RESERVE,active,2026-02-15T15:00:00,
ENR00002553,USR002116,HEALTH_RESERVE,active,2025-10-08T03:00:00,
ENR00002554,USR002117,MINDGUARD,active,2025-11-21T06:00:00,
ENR00002555,USR002118,MINDGUARD,active,2025-12-11T00:00:00,
ENR00002556,USR002119,MINDGUARD,active,2025-11-14T21:00:00,
ENR00002557,USR002119,HEALTH_RESERVE,active,2025-11-16T05:00:00,
ENR00002558,USR002120,HEALTH_RESERVE,active,2025-12-19T06:00:00,
ENR00002559,USR002121,MINDGUARD,active,2025-11-04T18:00:00,
ENR00002560,USR002122,HEALTH_RESERVE,active,2025-11-05T17:00:00,
ENR00002561,USR002123,MINDGUARD,active,2026-01-22T13:00:00,
ENR00002562,USR002123,HEALTH_RESERVE,active,2026-01-17T17:00:00,
ENR00002563,USR002124,MINDGUARD,discontinued,2025-10-23T21:00:00,2026-06-08T21:37:00
ENR00002564,USR002124,HEALTH_RESERVE,active,2025-10-26T02:00:00,
ENR00002565,USR002125,MINDGUARD,active,2026-01-03T23:00:00,
ENR00002566,USR002126,HEALTH_RESERVE,active,2026-02-07T18:00:00,
ENR00002567,USR002127,MINDGUARD,active,2025-11-03T11:00:00,
ENR00002568,USR002128,MINDGUARD,active,2025-10-15T02:00:00,
ENR00002569,USR002129,MINDGUARD,active,2025-09-24T06:00:00,
ENR00002570,USR002130,MINDGUARD,active,2025-12-13T21:00:00,
ENR00002571,USR002131,MINDGUARD,active,2026-01-17T11:00:00,
ENR00002572,USR002132,HEALTH_RESERVE,active,2025-10-20T21:00:00,
ENR00002573,USR002133,MINDGUARD,active,2026-01-01T16:00:00,
ENR00002574,USR002134,MINDGUARD,active,2025-09-27T09:00:00,
ENR00002575,USR002135,HEALTH_RESERVE,active,2026-02-15T07:00:00,
ENR00002576,USR002136,MINDGUARD,active,2026-02-14T04:00:00,
ENR00002577,USR002137,MINDGUARD,active,2025-09-18T14:00:00,
ENR00002578,USR002138,MINDGUARD,active,2025-09-26T06:00:00,
ENR00002579,USR002139,MINDGUARD,active,2026-02-16T07:00:00,
ENR00002580,USR002140,MINDGUARD,active,2026-01-12T10:00:00,
ENR00002581,USR002140,HEALTH_RESERVE,active,2026-01-20T09:00:00,
ENR00002582,USR002141,MINDGUARD,active,2025-11-02T11:00:00,
ENR00002583,USR002141,HEALTH_RESERVE,active,2025-10-29T18:00:00,
ENR00002584,USR002142,MINDGUARD,active,2026-02-21T21:00:00,
ENR00002585,USR002143,MINDGUARD,active,2025-10-16T20:00:00,
ENR00002586,USR002143,HEALTH_RESERVE,active,2025-10-19T16:00:00,
ENR00002587,USR002144,HEALTH_RESERVE,active,2025-10-06T18:00:00,
ENR00002588,USR002145,MINDGUARD,active,2025-10-07T21:00:00,
ENR00002589,USR002146,MINDGUARD,active,2025-10-06T08:00:00,
ENR00002590,USR002147,MINDGUARD,active,2025-10-22T14:00:00,
ENR00002591,USR002148,MINDGUARD,active,2025-12-05T23:00:00,
ENR00002592,USR002148,HEALTH_RESERVE,active,2025-12-13T19:00:00,
ENR00002593,USR002149,MINDGUARD,active,2025-11-30T22:00:00,
ENR00002594,USR002150,HEALTH_RESERVE,active,2025-11-16T12:00:00,
ENR00002595,USR002151,MINDGUARD,active,2025-12-10T06:00:00,
ENR00002596,USR002152,MINDGUARD,active,2025-10-02T21:00:00,
ENR00002597,USR002152,HEALTH_RESERVE,active,2025-10-06T21:00:00,
ENR00002598,USR002153,MINDGUARD,active,2026-01-09T22:00:00,
ENR00002599,USR002154,MINDGUARD,active,2026-02-20T10:00:00,
ENR00002600,USR002155,MINDGUARD,active,2025-11-07T08:00:00,
ENR00002601,USR002156,MINDGUARD,active,2026-01-02T09:00:00,
ENR00002602,USR002156,HEALTH_RESERVE,active,2026-01-05T06:00:00,
ENR00002603,USR002157,MINDGUARD,active,2025-10-26T02:00:00,
ENR00002604,USR002158,MINDGUARD,active,2025-12-10T08:00:00,
ENR00002605,USR002159,MINDGUARD,active,2026-01-13T04:00:00,
ENR00002606,USR002160,MINDGUARD,active,2025-10-30T13:00:00,
ENR00002607,USR002161,MINDGUARD,active,2026-01-17T14:00:00,
ENR00002608,USR002162,HEALTH_RESERVE,active,2025-12-09T18:00:00,
ENR00002609,USR002163,MINDGUARD,active,2026-01-13T05:00:00,
ENR00002610,USR002164,MINDGUARD,active,2025-11-12T02:00:00,
ENR00002611,USR002165,HEALTH_RESERVE,active,2026-01-11T08:00:00,
ENR00002612,USR002166,MINDGUARD,active,2025-12-28T18:00:00,
ENR00002613,USR002167,MINDGUARD,active,2025-10-21T00:00:00,
ENR00002614,USR002168,MINDGUARD,active,2026-02-07T07:00:00,
ENR00002615,USR002169,MINDGUARD,active,2026-01-28T20:00:00,
ENR00002616,USR002169,HEALTH_RESERVE,active,2026-01-20T02:00:00,
ENR00002617,USR002170,MINDGUARD,active,2025-10-07T11:00:00,
ENR00002618,USR002170,HEALTH_RESERVE,active,2025-10-13T08:00:00,
ENR00002619,USR002171,HEALTH_RESERVE,active,2025-12-03T04:00:00,
ENR00002620,USR002172,MINDGUARD,active,2026-01-31T01:00:00,
ENR00002621,USR002173,MINDGUARD,active,2025-09-29T18:00:00,
ENR00002622,USR002174,MINDGUARD,active,2026-01-09T15:00:00,
ENR00002623,USR002174,HEALTH_RESERVE,active,2026-01-10T00:00:00,
ENR00002624,USR002175,MINDGUARD,active,2025-10-07T00:00:00,
ENR00002625,USR002176,MINDGUARD,active,2026-02-18T13:00:00,
ENR00002626,USR002177,MINDGUARD,active,2025-11-17T14:00:00,
ENR00002627,USR002178,MINDGUARD,active,2025-10-30T16:00:00,
ENR00002628,USR002178,HEALTH_RESERVE,active,2025-10-26T14:00:00,
ENR00002629,USR002179,MINDGUARD,active,2025-09-30T08:00:00,
ENR00002630,USR002180,MINDGUARD,active,2025-12-12T22:00:00,
ENR00002631,USR002180,HEALTH_RESERVE,active,2025-12-17T00:00:00,
ENR00002632,USR002181,MINDGUARD,active,2026-01-15T15:00:00,
ENR00002633,USR002181,HEALTH_RESERVE,active,2026-01-29T10:00:00,
ENR00002634,USR002182,MINDGUARD,active,2026-01-26T16:00:00,
ENR00002635,USR002183,MINDGUARD,active,2025-11-13T04:00:00,
ENR00002636,USR002183,HEALTH_RESERVE,active,2025-11-13T00:00:00,
ENR00002637,USR002184,MINDGUARD,active,2025-12-29T21:00:00,
ENR00002638,USR002185,MINDGUARD,active,2025-10-02T09:00:00,
ENR00002639,USR002186,HEALTH_RESERVE,active,2025-11-25T23:00:00,
ENR00002640,USR002187,MINDGUARD,active,2025-12-27T19:00:00,
ENR00002641,USR002188,MINDGUARD,active,2025-11-21T08:00:00,
ENR00002642,USR002189,MINDGUARD,active,2026-02-07T23:00:00,
ENR00002643,USR002190,MINDGUARD,active,2025-09-30T06:00:00,
ENR00002644,USR002191,MINDGUARD,active,2025-09-28T00:00:00,
ENR00002645,USR002192,MINDGUARD,active,2025-11-10T01:00:00,
ENR00002646,USR002193,MINDGUARD,active,2025-11-11T08:00:00,
ENR00002647,USR002194,HEALTH_RESERVE,active,2025-12-29T07:00:00,
ENR00002648,USR002195,MINDGUARD,active,2026-01-08T03:00:00,
ENR00002649,USR002196,MINDGUARD,active,2026-01-03T23:00:00,
ENR00002650,USR002197,HEALTH_RESERVE,active,2025-12-13T03:00:00,
ENR00002651,USR002198,MINDGUARD,active,2025-11-30T00:00:00,
ENR00002652,USR002199,MINDGUARD,active,2025-11-24T19:00:00,
ENR00002653,USR002200,MINDGUARD,active,2025-09-30T03:00:00,
ENR00002654,USR002201,MINDGUARD,active,2026-01-12T03:00:00,
ENR00002655,USR002202,HEALTH_RESERVE,active,2025-12-20T17:00:00,
ENR00002656,USR002203,MINDGUARD,active,2025-12-08T03:00:00,
ENR00002657,USR002204,MINDGUARD,active,2026-01-28T00:00:00,
ENR00002658,USR002204,HEALTH_RESERVE,active,2026-01-27T03:00:00,
ENR00002659,USR002205,MINDGUARD,active,2025-11-21T09:00:00,
ENR00002660,USR002205,HEALTH_RESERVE,active,2025-11-29T10:00:00,
ENR00002661,USR002206,MINDGUARD,active,2026-01-30T12:00:00,
ENR00002662,USR002207,MINDGUARD,active,2025-11-01T09:00:00,
ENR00002663,USR002208,MINDGUARD,active,2026-02-18T02:00:00,
ENR00002664,USR002209,MINDGUARD,active,2025-10-04T20:00:00,
ENR00002665,USR002210,MINDGUARD,active,2025-10-28T19:00:00,
ENR00002666,USR002211,MINDGUARD,active,2026-01-13T08:00:00,
ENR00002667,USR002212,MINDGUARD,active,2025-11-03T05:00:00,
ENR00002668,USR002213,MINDGUARD,active,2025-10-07T12:00:00,
ENR00002669,USR002214,HEALTH_RESERVE,active,2025-11-01T15:00:00,
ENR00002670,USR002215,HEALTH_RESERVE,active,2026-01-17T11:00:00,
ENR00002671,USR002216,HEALTH_RESERVE,active,2025-12-18T13:00:00,
ENR00002672,USR002217,MINDGUARD,active,2026-02-20T09:00:00,
ENR00002673,USR002218,MINDGUARD,active,2025-10-26T12:00:00,
ENR00002674,USR002218,HEALTH_RESERVE,active,2025-10-18T06:00:00,
ENR00002675,USR002219,MINDGUARD,active,2026-02-10T14:00:00,
ENR00002676,USR002220,MINDGUARD,active,2026-01-29T18:00:00,
ENR00002677,USR002221,MINDGUARD,active,2025-09-28T11:00:00,
ENR00002678,USR002222,MINDGUARD,active,2025-12-28T02:00:00,
ENR00002679,USR002223,MINDGUARD,active,2025-12-25T23:00:00,
ENR00002680,USR002224,HEALTH_RESERVE,active,2026-02-05T11:00:00,
ENR00002681,USR002225,MINDGUARD,active,2026-02-12T02:00:00,
ENR00002682,USR002226,MINDGUARD,active,2025-12-24T01:00:00,
ENR00002683,USR002226,HEALTH_RESERVE,active,2025-12-23T19:00:00,
ENR00002684,USR002227,MINDGUARD,active,2026-01-29T12:00:00,
ENR00002685,USR002228,MINDGUARD,active,2025-12-30T18:00:00,
ENR00002686,USR002229,MINDGUARD,active,2025-12-01T07:00:00,
ENR00002687,USR002230,MINDGUARD,active,2025-12-03T04:00:00,
ENR00002688,USR002230,HEALTH_RESERVE,active,2025-11-28T08:00:00,
ENR00002689,USR002231,MINDGUARD,active,2025-10-27T13:00:00,
ENR00002690,USR002231,HEALTH_RESERVE,active,2025-11-04T05:00:00,
ENR00002691,USR002232,MINDGUARD,active,2025-12-22T21:00:00,
ENR00002692,USR002233,MINDGUARD,active,2025-11-25T18:00:00,
ENR00002693,USR002234,MINDGUARD,active,2025-10-26T14:00:00,
ENR00002694,USR002235,MINDGUARD,active,2026-01-08T15:00:00,
ENR00002695,USR002236,HEALTH_RESERVE,active,2025-10-11T22:00:00,
ENR00002696,USR002237,MINDGUARD,active,2025-12-19T18:00:00,
ENR00002697,USR002238,MINDGUARD,active,2026-01-02T17:00:00,
ENR00002698,USR002238,HEALTH_RESERVE,active,2026-01-02T09:00:00,
ENR00002699,USR002239,HEALTH_RESERVE,active,2025-11-04T00:00:00,
ENR00002700,USR002240,MINDGUARD,active,2026-01-10T18:00:00,
ENR00002701,USR002241,MINDGUARD,active,2026-01-24T09:00:00,
ENR00002702,USR002241,HEALTH_RESERVE,active,2026-02-02T11:00:00,
ENR00002703,USR002242,MINDGUARD,active,2025-11-17T17:00:00,
ENR00002704,USR002242,HEALTH_RESERVE,active,2025-11-09T08:00:00,
ENR00002705,USR002243,MINDGUARD,active,2025-11-11T04:00:00,
ENR00002706,USR002243,HEALTH_RESERVE,active,2025-11-11T05:00:00,
ENR00002707,USR002244,MINDGUARD,active,2025-12-11T01:00:00,
ENR00002708,USR002245,MINDGUARD,active,2026-02-12T22:00:00,
ENR00002709,USR002246,MINDGUARD,active,2025-10-06T10:00:00,
ENR00002710,USR002247,MINDGUARD,active,2025-12-24T20:00:00,
ENR00002711,USR002248,HEALTH_RESERVE,active,2025-10-27T21:00:00,
ENR00002712,USR002249,HEALTH_RESERVE,active,2025-09-29T19:00:00,
ENR00002713,USR002250,MINDGUARD,active,2025-10-22T23:00:00,
ENR00002714,USR002251,MINDGUARD,active,2026-01-10T18:00:00,
ENR00002715,USR002251,HEALTH_RESERVE,active,2026-01-12T21:00:00,
ENR00002716,USR002252,HEALTH_RESERVE,active,2026-01-22T12:00:00,
ENR00002717,USR002253,MINDGUARD,active,2025-11-18T00:00:00,
ENR00002718,USR002254,MINDGUARD,active,2025-11-18T17:00:00,
ENR00002719,USR002255,MINDGUARD,active,2026-02-13T18:00:00,
ENR00002720,USR002256,MINDGUARD,active,2025-11-12T06:00:00,
ENR00002721,USR002256,HEALTH_RESERVE,active,2025-11-11T14:00:00,
ENR00002722,USR002257,MINDGUARD,active,2025-10-13T04:00:00,
ENR00002723,USR002257,HEALTH_RESERVE,active,2025-10-12T01:00:00,
ENR00002724,USR002258,MINDGUARD,active,2026-01-13T20:00:00,
ENR00002725,USR002258,HEALTH_RESERVE,active,2026-01-04T18:00:00,
ENR00002726,USR002259,MINDGUARD,active,2025-10-26T10:00:00,
ENR00002727,USR002260,MINDGUARD,active,2026-02-14T02:00:00,
ENR00002728,USR002261,MINDGUARD,active,2025-11-04T13:00:00,
ENR00002729,USR002262,MINDGUARD,active,2025-11-24T17:00:00,
ENR00002730,USR002263,MINDGUARD,active,2025-11-14T09:00:00,
ENR00002731,USR002263,HEALTH_RESERVE,active,2025-11-05T09:00:00,
ENR00002732,USR002264,HEALTH_RESERVE,active,2025-12-06T13:00:00,
ENR00002733,USR002265,MINDGUARD,active,2026-01-20T15:00:00,
ENR00002734,USR002266,HEALTH_RESERVE,active,2025-10-27T19:00:00,
ENR00002735,USR002267,HEALTH_RESERVE,active,2025-11-28T11:00:00,
ENR00002736,USR002268,MINDGUARD,active,2026-02-15T15:00:00,
ENR00002737,USR002268,HEALTH_RESERVE,active,2026-02-11T04:00:00,
ENR00002738,USR002269,MINDGUARD,active,2025-12-19T06:00:00,
ENR00002739,USR002270,HEALTH_RESERVE,active,2026-01-19T09:00:00,
ENR00002740,USR002271,MINDGUARD,active,2025-09-25T14:00:00,
ENR00002741,USR002272,MINDGUARD,active,2025-12-22T17:00:00,
ENR00002742,USR002273,HEALTH_RESERVE,active,2025-12-16T23:00:00,
ENR00002743,USR002274,MINDGUARD,active,2026-01-18T05:00:00,
ENR00002744,USR002274,HEALTH_RESERVE,active,2026-01-16T02:00:00,
ENR00002745,USR002275,MINDGUARD,active,2025-12-21T02:00:00,
ENR00002746,USR002275,HEALTH_RESERVE,active,2025-12-15T20:00:00,
ENR00002747,USR002276,MINDGUARD,active,2025-12-15T04:00:00,
ENR00002748,USR002276,HEALTH_RESERVE,active,2025-12-09T08:00:00,
ENR00002749,USR002277,HEALTH_RESERVE,active,2026-02-10T07:00:00,
ENR00002750,USR002278,HEALTH_RESERVE,active,2025-10-14T17:00:00,
ENR00002751,USR002279,MINDGUARD,active,2025-12-23T06:00:00,
ENR00002752,USR002280,MINDGUARD,active,2025-12-02T04:00:00,
ENR00002753,USR002280,HEALTH_RESERVE,active,2025-11-20T11:00:00,
ENR00002754,USR002281,MINDGUARD,active,2025-11-30T09:00:00,
ENR00002755,USR002281,HEALTH_RESERVE,active,2025-12-05T08:00:00,
ENR00002756,USR002282,MINDGUARD,active,2025-11-23T13:00:00,
ENR00002757,USR002283,MINDGUARD,active,2025-10-31T09:00:00,
ENR00002758,USR002283,HEALTH_RESERVE,active,2025-11-09T01:00:00,
ENR00002759,USR002284,HEALTH_RESERVE,active,2026-02-14T23:00:00,
ENR00002760,USR002285,MINDGUARD,active,2025-11-24T16:00:00,
ENR00002761,USR002286,MINDGUARD,active,2025-12-05T07:00:00,
ENR00002762,USR002287,HEALTH_RESERVE,active,2026-01-01T12:00:00,
ENR00002763,USR002288,HEALTH_RESERVE,active,2025-12-20T15:00:00,
ENR00002764,USR002289,MINDGUARD,active,2025-11-26T03:00:00,
ENR00002765,USR002289,HEALTH_RESERVE,active,2025-12-03T05:00:00,
ENR00002766,USR002290,MINDGUARD,active,2025-11-07T05:00:00,
ENR00002767,USR002291,MINDGUARD,active,2025-12-17T08:00:00,
ENR00002768,USR002292,MINDGUARD,active,2026-01-12T21:00:00,
ENR00002769,USR002292,HEALTH_RESERVE,active,2026-01-17T22:00:00,
ENR00002770,USR002293,MINDGUARD,active,2026-02-05T17:00:00,
ENR00002771,USR002294,MINDGUARD,active,2025-12-06T02:00:00,
ENR00002772,USR002295,MINDGUARD,active,2025-11-08T02:00:00,
ENR00002773,USR002296,MINDGUARD,active,2025-12-31T08:00:00,
ENR00002774,USR002297,MINDGUARD,active,2025-11-30T07:00:00,
ENR00002775,USR002297,HEALTH_RESERVE,active,2025-12-05T01:00:00,
ENR00002776,USR002298,MINDGUARD,active,2025-09-19T14:00:00,
ENR00002777,USR002299,MINDGUARD,active,2025-09-20T06:00:00,
ENR00002778,USR002300,MINDGUARD,active,2025-12-10T11:00:00,
ENR00002779,USR002301,MINDGUARD,active,2025-09-29T10:00:00,
ENR00002780,USR002302,MINDGUARD,active,2025-10-04T21:00:00,
ENR00002781,USR002302,HEALTH_RESERVE,active,2025-10-05T23:00:00,
ENR00002782,USR002303,MINDGUARD,active,2026-01-06T03:00:00,
ENR00002783,USR002304,HEALTH_RESERVE,active,2025-10-23T21:00:00,
ENR00002784,USR002305,MINDGUARD,active,2025-11-02T23:00:00,
ENR00002785,USR002306,MINDGUARD,active,2025-10-02T18:00:00,
ENR00002786,USR002307,MINDGUARD,active,2025-11-27T07:00:00,
ENR00002787,USR002308,MINDGUARD,active,2025-12-02T00:00:00,
ENR00002788,USR002309,MINDGUARD,active,2026-01-04T19:00:00,
ENR00002789,USR002310,HEALTH_RESERVE,active,2025-10-14T11:00:00,
ENR00002790,USR002311,MINDGUARD,active,2025-10-07T06:00:00,
ENR00002791,USR002312,HEALTH_RESERVE,active,2026-01-10T20:00:00,
ENR00002792,USR002313,MINDGUARD,active,2025-10-30T13:00:00,
ENR00002793,USR002314,MINDGUARD,active,2025-11-06T10:00:00,
ENR00002794,USR002315,MINDGUARD,active,2025-11-13T12:00:00,
ENR00002795,USR002316,MINDGUARD,active,2026-01-17T19:00:00,
ENR00002796,USR002317,MINDGUARD,active,2026-01-16T11:00:00,
ENR00002797,USR002318,MINDGUARD,active,2026-01-03T13:00:00,
ENR00002798,USR002318,HEALTH_RESERVE,active,2026-01-08T07:00:00,
ENR00002799,USR002319,MINDGUARD,active,2026-01-06T23:00:00,
ENR00002800,USR002319,HEALTH_RESERVE,active,2026-01-11T06:00:00,
ENR00002801,USR002320,MINDGUARD,active,2025-11-17T17:00:00,
ENR00002802,USR002321,MINDGUARD,active,2025-09-26T11:00:00,
ENR00002803,USR002322,HEALTH_RESERVE,active,2025-11-22T02:00:00,
ENR00002804,USR002323,MINDGUARD,active,2026-01-14T06:00:00,
ENR00002805,USR002324,MINDGUARD,active,2025-12-01T08:00:00,
ENR00002806,USR002324,HEALTH_RESERVE,active,2025-12-05T11:00:00,
ENR00002807,USR002325,MINDGUARD,active,2025-10-18T15:00:00,
ENR00002808,USR002325,HEALTH_RESERVE,active,2025-10-19T23:00:00,
ENR00002809,USR002326,MINDGUARD,active,2025-11-04T07:00:00,
ENR00002810,USR002326,HEALTH_RESERVE,active,2025-10-26T12:00:00,
ENR00002811,USR002327,MINDGUARD,active,2026-01-14T03:00:00,
ENR00002812,USR002328,MINDGUARD,active,2025-12-10T20:00:00,
ENR00002813,USR002329,MINDGUARD,active,2025-11-08T14:00:00,
ENR00002814,USR002329,HEALTH_RESERVE,active,2025-11-06T12:00:00,
ENR00002815,USR002330,MINDGUARD,active,2026-02-02T12:00:00,
ENR00002816,USR002331,MINDGUARD,active,2025-12-12T18:00:00,
ENR00002817,USR002332,MINDGUARD,active,2026-02-09T00:00:00,
ENR00002818,USR002333,MINDGUARD,active,2026-02-01T21:00:00,
ENR00002819,USR002334,MINDGUARD,active,2025-10-20T02:00:00,
ENR00002820,USR002335,MINDGUARD,active,2026-02-15T15:00:00,
ENR00002821,USR002336,MINDGUARD,active,2026-01-23T13:00:00,
ENR00002822,USR002337,HEALTH_RESERVE,active,2025-12-02T10:00:00,
ENR00002823,USR002338,MINDGUARD,active,2026-02-03T23:00:00,
ENR00002824,USR002339,MINDGUARD,active,2025-10-18T14:00:00,
ENR00002825,USR002340,MINDGUARD,active,2025-09-30T12:00:00,
ENR00002826,USR002340,HEALTH_RESERVE,active,2025-10-08T10:00:00,
ENR00002827,USR002341,HEALTH_RESERVE,active,2025-11-08T04:00:00,
ENR00002828,USR002342,MINDGUARD,active,2025-10-22T14:00:00,
ENR00002829,USR002342,HEALTH_RESERVE,active,2025-10-24T17:00:00,
ENR00002830,USR002343,MINDGUARD,active,2026-01-13T19:00:00,
ENR00002831,USR002344,HEALTH_RESERVE,active,2025-09-25T03:00:00,
ENR00002832,USR002345,MINDGUARD,active,2025-12-11T19:00:00,
ENR00002833,USR002346,MINDGUARD,active,2025-10-13T12:00:00,
ENR00002834,USR002347,HEALTH_RESERVE,active,2025-11-08T15:00:00,
ENR00002835,USR002348,HEALTH_RESERVE,active,2025-10-20T21:00:00,
ENR00002836,USR002349,MINDGUARD,active,2025-10-21T09:00:00,
ENR00002837,USR002350,MINDGUARD,active,2025-12-01T19:00:00,
ENR00002838,USR002351,MINDGUARD,active,2025-11-04T00:00:00,
ENR00002839,USR002352,MINDGUARD,active,2025-10-07T22:00:00,
ENR00002840,USR002353,MINDGUARD,active,2025-11-02T01:00:00,
ENR00002841,USR002354,MINDGUARD,active,2025-09-28T20:00:00,
ENR00002842,USR002354,HEALTH_RESERVE,active,2025-09-29T00:00:00,
ENR00002843,USR002355,MINDGUARD,active,2026-01-09T20:00:00,
ENR00002844,USR002356,HEALTH_RESERVE,active,2025-12-23T03:00:00,
ENR00002845,USR002357,MINDGUARD,active,2026-02-05T01:00:00,
ENR00002846,USR002358,MINDGUARD,discontinued,2025-10-23T06:00:00,2026-06-22T07:19:00
ENR00002847,USR002359,HEALTH_RESERVE,active,2026-02-09T10:00:00,
ENR00002848,USR002360,MINDGUARD,active,2025-10-24T19:00:00,
ENR00002849,USR002361,MINDGUARD,active,2026-02-09T10:00:00,
ENR00002850,USR002362,MINDGUARD,active,2026-01-08T18:00:00,
ENR00002851,USR002362,HEALTH_RESERVE,active,2025-12-25T19:00:00,
ENR00002852,USR002363,MINDGUARD,active,2025-11-27T16:00:00,
ENR00002853,USR002364,HEALTH_RESERVE,active,2025-10-14T11:00:00,
ENR00002854,USR002365,MINDGUARD,active,2025-12-23T09:00:00,
ENR00002855,USR002366,HEALTH_RESERVE,active,2025-12-25T12:00:00,
ENR00002856,USR002367,MINDGUARD,active,2025-11-28T22:00:00,
ENR00002857,USR002368,MINDGUARD,active,2025-11-06T04:00:00,
ENR00002858,USR002369,MINDGUARD,active,2026-02-03T21:00:00,
ENR00002859,USR002370,MINDGUARD,active,2025-12-05T21:00:00,
ENR00002860,USR002371,MINDGUARD,active,2025-10-24T05:00:00,
ENR00002861,USR002372,MINDGUARD,active,2026-02-13T14:00:00,
ENR00002862,USR002373,MINDGUARD,active,2025-11-28T05:00:00,
ENR00002863,USR002374,MINDGUARD,active,2026-01-16T17:00:00,
ENR00002864,USR002374,HEALTH_RESERVE,active,2026-01-21T19:00:00,
ENR00002865,USR002375,MINDGUARD,active,2025-11-15T10:00:00,
ENR00002866,USR002376,MINDGUARD,active,2025-10-25T23:00:00,
ENR00002867,USR002377,MINDGUARD,active,2025-11-24T02:00:00,
ENR00002868,USR002378,MINDGUARD,active,2025-12-08T20:00:00,
ENR00002869,USR002379,MINDGUARD,active,2025-11-19T08:00:00,
ENR00002870,USR002380,MINDGUARD,active,2025-09-27T10:00:00,
ENR00002871,USR002380,HEALTH_RESERVE,active,2025-10-01T02:00:00,
ENR00002872,USR002381,MINDGUARD,active,2025-12-14T06:00:00,
ENR00002873,USR002382,MINDGUARD,active,2025-10-25T23:00:00,
ENR00002874,USR002382,HEALTH_RESERVE,active,2025-10-30T00:00:00,
ENR00002875,USR002383,MINDGUARD,active,2026-01-30T11:00:00,
ENR00002876,USR002384,MINDGUARD,active,2025-10-09T08:00:00,
ENR00002877,USR002384,HEALTH_RESERVE,active,2025-10-21T05:00:00,
ENR00002878,USR002385,MINDGUARD,active,2025-10-29T01:00:00,
ENR00002879,USR002386,HEALTH_RESERVE,active,2026-01-17T17:00:00,
ENR00002880,USR002387,MINDGUARD,active,2025-11-09T21:00:00,
ENR00002881,USR002388,MINDGUARD,active,2026-01-31T00:00:00,
ENR00002882,USR002389,MINDGUARD,active,2025-12-14T00:00:00,
ENR00002883,USR002390,MINDGUARD,active,2025-12-26T07:00:00,
ENR00002884,USR002391,MINDGUARD,active,2025-12-12T07:00:00,
ENR00002885,USR002392,HEALTH_RESERVE,active,2025-10-08T14:00:00,
ENR00002886,USR002393,MINDGUARD,active,2025-12-07T19:00:00,
ENR00002887,USR002394,MINDGUARD,active,2025-10-09T18:00:00,
ENR00002888,USR002395,HEALTH_RESERVE,active,2025-09-29T18:00:00,
ENR00002889,USR002396,HEALTH_RESERVE,active,2025-11-07T20:00:00,
ENR00002890,USR002397,MINDGUARD,active,2025-09-30T20:00:00,
ENR00002891,USR002398,MINDGUARD,active,2025-10-09T05:00:00,
ENR00002892,USR002399,MINDGUARD,active,2025-10-11T09:00:00,
ENR00002893,USR002400,MINDGUARD,active,2025-11-05T19:00:00,
ENR00002894,USR002401,MINDGUARD,active,2026-01-16T22:00:00,
ENR00002895,USR002402,MINDGUARD,active,2026-01-24T07:00:00,
ENR00002896,USR002403,MINDGUARD,active,2025-11-03T18:00:00,
ENR00002897,USR002404,MINDGUARD,active,2025-10-20T16:00:00,
ENR00002898,USR002405,HEALTH_RESERVE,active,2025-12-23T10:00:00,
ENR00002899,USR002406,MINDGUARD,active,2025-11-29T11:00:00,
ENR00002900,USR002407,HEALTH_RESERVE,active,2025-11-24T22:00:00,
ENR00002901,USR002408,MINDGUARD,active,2025-12-27T17:00:00,
ENR00002902,USR002409,MINDGUARD,active,2025-10-08T05:00:00,
ENR00002903,USR002410,MINDGUARD,discontinued,2025-10-11T15:00:00,2026-06-05T15:33:00
ENR00002904,USR002411,MINDGUARD,active,2025-12-25T19:00:00,
ENR00002905,USR002412,MINDGUARD,active,2025-09-23T21:00:00,
ENR00002906,USR002413,MINDGUARD,active,2026-02-09T13:00:00,
ENR00002907,USR002414,MINDGUARD,active,2026-01-22T10:00:00,
ENR00002908,USR002415,MINDGUARD,active,2025-10-30T12:00:00,
ENR00002909,USR002415,HEALTH_RESERVE,active,2025-10-27T19:00:00,
ENR00002910,USR002416,HEALTH_RESERVE,active,2025-12-14T05:00:00,
ENR00002911,USR002417,HEALTH_RESERVE,active,2026-01-30T11:00:00,
ENR00002912,USR002418,MINDGUARD,active,2026-02-12T03:00:00,
ENR00002913,USR002418,HEALTH_RESERVE,active,2026-02-07T09:00:00,
ENR00002914,USR002419,MINDGUARD,active,2026-02-10T05:00:00,
ENR00002915,USR002419,HEALTH_RESERVE,active,2026-02-13T10:00:00,
ENR00002916,USR002420,MINDGUARD,active,2025-12-26T11:00:00,
ENR00002917,USR002421,MINDGUARD,active,2025-11-22T15:00:00,
ENR00002918,USR002422,HEALTH_RESERVE,active,2025-09-28T09:00:00,
ENR00002919,USR002423,MINDGUARD,active,2026-01-30T07:00:00,
ENR00002920,USR002423,HEALTH_RESERVE,active,2026-02-08T15:00:00,
ENR00002921,USR002424,HEALTH_RESERVE,active,2025-09-27T09:00:00,
ENR00002922,USR002425,MINDGUARD,active,2025-12-23T19:00:00,
ENR00002923,USR002425,HEALTH_RESERVE,active,2025-12-17T21:00:00,
ENR00002924,USR002426,MINDGUARD,active,2026-01-08T22:00:00,
ENR00002925,USR002427,MINDGUARD,active,2026-02-09T04:00:00,
ENR00002926,USR002427,HEALTH_RESERVE,active,2026-02-06T07:00:00,
ENR00002927,USR002428,HEALTH_RESERVE,active,2025-12-04T22:00:00,
ENR00002928,USR002429,MINDGUARD,active,2026-01-23T05:00:00,
ENR00002929,USR002429,HEALTH_RESERVE,active,2026-01-12T23:00:00,
ENR00002930,USR002430,MINDGUARD,active,2026-02-09T22:00:00,
ENR00002931,USR002431,MINDGUARD,active,2025-12-06T22:00:00,
ENR00002932,USR002432,MINDGUARD,active,2025-11-22T19:00:00,
ENR00002933,USR002432,HEALTH_RESERVE,active,2025-11-28T20:00:00,
ENR00002934,USR002433,MINDGUARD,active,2026-01-23T08:00:00,
ENR00002935,USR002433,HEALTH_RESERVE,active,2026-01-28T10:00:00,
ENR00002936,USR002434,MINDGUARD,active,2025-09-22T21:00:00,
ENR00002937,USR002435,HEALTH_RESERVE,active,2026-01-28T23:00:00,
ENR00002938,USR002436,MINDGUARD,active,2025-10-13T09:00:00,
ENR00002939,USR002437,MINDGUARD,active,2026-01-06T00:00:00,
ENR00002940,USR002438,MINDGUARD,active,2025-10-06T01:00:00,
ENR00002941,USR002439,MINDGUARD,active,2026-02-21T11:00:00,
ENR00002942,USR002440,MINDGUARD,active,2025-09-30T18:00:00,
ENR00002943,USR002440,HEALTH_RESERVE,active,2025-09-23T09:00:00,
ENR00002944,USR002441,MINDGUARD,active,2025-10-07T21:00:00,
ENR00002945,USR002442,HEALTH_RESERVE,active,2025-12-01T00:00:00,
ENR00002946,USR002443,MINDGUARD,active,2025-11-02T06:00:00,
ENR00002947,USR002443,HEALTH_RESERVE,active,2025-11-04T22:00:00,
ENR00002948,USR002444,MINDGUARD,active,2026-02-05T13:00:00,
ENR00002949,USR002444,HEALTH_RESERVE,active,2026-02-07T06:00:00,
ENR00002950,USR002445,MINDGUARD,active,2025-11-23T19:00:00,
ENR00002951,USR002446,MINDGUARD,active,2025-10-10T07:00:00,
ENR00002952,USR002447,MINDGUARD,active,2025-09-22T22:00:00,
ENR00002953,USR002448,MINDGUARD,active,2025-10-24T13:00:00,
ENR00002954,USR002449,MINDGUARD,active,2025-10-11T12:00:00,
ENR00002955,USR002450,MINDGUARD,active,2025-10-16T23:00:00,
ENR00002956,USR002450,HEALTH_RESERVE,active,2025-10-18T22:00:00,
ENR00002957,USR002451,MINDGUARD,active,2026-01-21T03:00:00,
ENR00002958,USR002451,HEALTH_RESERVE,active,2026-01-19T20:00:00,
ENR00002959,USR002452,MINDGUARD,active,2026-02-12T13:00:00,
ENR00002960,USR002453,MINDGUARD,active,2026-01-24T13:00:00,
ENR00002961,USR002454,HEALTH_RESERVE,active,2025-09-28T06:00:00,
ENR00002962,USR002455,MINDGUARD,active,2025-12-02T03:00:00,
ENR00002963,USR002456,MINDGUARD,active,2025-12-02T01:00:00,
ENR00002964,USR002457,MINDGUARD,active,2025-10-11T04:00:00,
ENR00002965,USR002458,HEALTH_RESERVE,active,2025-10-12T13:00:00,
ENR00002966,USR002459,HEALTH_RESERVE,active,2026-02-17T02:00:00,
ENR00002967,USR002460,MINDGUARD,active,2025-10-20T17:00:00,
ENR00002968,USR002460,HEALTH_RESERVE,active,2025-10-22T19:00:00,
ENR00002969,USR002461,MINDGUARD,active,2025-10-23T11:00:00,
ENR00002970,USR002462,HEALTH_RESERVE,active,2025-10-28T02:00:00,
ENR00002971,USR002463,MINDGUARD,active,2025-11-27T10:00:00,
ENR00002972,USR002464,HEALTH_RESERVE,active,2025-12-23T21:00:00,
ENR00002973,USR002465,MINDGUARD,active,2025-11-19T23:00:00,
ENR00002974,USR002466,MINDGUARD,active,2026-01-14T09:00:00,
ENR00002975,USR002466,HEALTH_RESERVE,active,2026-01-10T18:00:00,
ENR00002976,USR002467,MINDGUARD,active,2025-09-22T03:00:00,
ENR00002977,USR002467,HEALTH_RESERVE,active,2025-09-24T04:00:00,
ENR00002978,USR002468,HEALTH_RESERVE,active,2025-09-29T01:00:00,
ENR00002979,USR002469,HEALTH_RESERVE,active,2026-01-31T06:00:00,
ENR00002980,USR002470,MINDGUARD,active,2026-01-20T01:00:00,
ENR00002981,USR002470,HEALTH_RESERVE,active,2026-01-28T00:00:00,
ENR00002982,USR002471,MINDGUARD,active,2025-10-06T15:00:00,
ENR00002983,USR002472,MINDGUARD,active,2025-12-11T18:00:00,
ENR00002984,USR002473,MINDGUARD,active,2025-12-18T08:00:00,
ENR00002985,USR002474,MINDGUARD,active,2026-01-01T06:00:00,
ENR00002986,USR002475,MINDGUARD,active,2025-10-27T10:00:00,
ENR00002987,USR002475,HEALTH_RESERVE,active,2025-11-08T10:00:00,
ENR00002988,USR002476,HEALTH_RESERVE,active,2025-12-27T09:00:00,
ENR00002989,USR002477,HEALTH_RESERVE,active,2025-12-18T12:00:00,
ENR00002990,USR002478,MINDGUARD,active,2025-11-22T23:00:00,
ENR00002991,USR002479,MINDGUARD,active,2025-10-22T08:00:00,
ENR00002992,USR002480,MINDGUARD,active,2026-02-02T08:00:00,
ENR00002993,USR002481,MINDGUARD,active,2025-12-21T04:00:00,
ENR00002994,USR002481,HEALTH_RESERVE,active,2025-12-12T04:00:00,
ENR00002995,USR002482,MINDGUARD,discontinued,2025-10-30T00:00:00,2026-04-22T00:57:00
ENR00002996,USR002482,HEALTH_RESERVE,active,2025-10-27T16:00:00,
ENR00002997,USR002483,MINDGUARD,active,2026-01-04T02:00:00,
ENR00002998,USR002484,MINDGUARD,active,2026-01-16T14:00:00,
ENR00002999,USR002484,HEALTH_RESERVE,active,2026-01-24T17:00:00,
ENR00003000,USR002485,MINDGUARD,active,2025-11-15T15:00:00,
ENR00003001,USR002486,MINDGUARD,active,2025-09-29T13:00:00,
ENR00003002,USR002487,MINDGUARD,active,2025-10-19T20:00:00,
ENR00003003,USR002488,HEALTH_RESERVE,active,2026-01-05T22:00:00,
ENR00003004,USR002489,MINDGUARD,active,2025-10-19T04:00:00,
ENR00003005,USR002490,MINDGUARD,active,2026-01-31T19:00:00,
ENR00003006,USR002490,HEALTH_RESERVE,active,2026-01-25T00:00:00,
ENR00003007,USR002491,MINDGUARD,active,2025-10-02T19:00:00,
ENR00003008,USR002492,HEALTH_RESERVE,active,2025-12-18T06:00:00,
ENR00003009,USR002493,HEALTH_RESERVE,active,2025-10-05T06:00:00,
ENR00003010,USR002494,MINDGUARD,active,2026-01-28T06:00:00,
ENR00003011,USR002495,HEALTH_RESERVE,active,2025-11-12T07:00:00,
ENR00003012,USR002496,MINDGUARD,active,2025-12-27T13:00:00,
ENR00003013,USR002497,MINDGUARD,active,2026-02-05T10:00:00,
ENR00003014,USR002498,MINDGUARD,active,2025-10-23T12:00:00,
ENR00003015,USR002499,HEALTH_RESERVE,active,2025-12-07T15:00:00,
ENR00003016,USR002500,MINDGUARD,active,2025-12-04T04:00:00,
ENR00003017,USR002501,MINDGUARD,active,2025-12-27T19:00:00,
ENR00003018,USR002502,MINDGUARD,active,2025-12-23T12:00:00,
ENR00003019,USR002503,MINDGUARD,active,2025-11-03T07:00:00,
ENR00003020,USR002504,MINDGUARD,active,2025-10-04T14:00:00,
ENR00003021,USR002504,HEALTH_RESERVE,active,2025-10-03T19:00:00,
ENR00003022,USR002505,MINDGUARD,active,2025-12-27T05:00:00,
ENR00003023,USR002506,MINDGUARD,active,2025-12-23T20:00:00,
ENR00003024,USR002506,HEALTH_RESERVE,active,2025-12-24T18:00:00,
ENR00003025,USR002507,HEALTH_RESERVE,active,2025-12-24T13:00:00,
ENR00003026,USR002508,MINDGUARD,active,2025-12-21T10:00:00,
ENR00003027,USR002509,MINDGUARD,active,2026-01-27T06:00:00,
ENR00003028,USR002510,MINDGUARD,active,2025-10-03T04:00:00,
ENR00003029,USR002511,MINDGUARD,active,2025-10-13T09:00:00,
ENR00003030,USR002512,MINDGUARD,active,2025-09-16T05:00:00,
ENR00003031,USR002513,MINDGUARD,active,2025-12-11T01:00:00,
ENR00003032,USR002513,HEALTH_RESERVE,active,2025-12-05T02:00:00,
ENR00003033,USR002514,MINDGUARD,active,2025-11-28T11:00:00,
ENR00003034,USR002515,MINDGUARD,active,2025-10-10T09:00:00,
ENR00003035,USR002516,HEALTH_RESERVE,active,2025-10-07T11:00:00,
ENR00003036,USR002517,MINDGUARD,active,2026-01-08T03:00:00,
ENR00003037,USR002517,HEALTH_RESERVE,active,2026-01-09T11:00:00,
ENR00003038,USR002518,MINDGUARD,active,2025-11-23T21:00:00,
ENR00003039,USR002519,MINDGUARD,active,2025-11-24T01:00:00,
ENR00003040,USR002520,HEALTH_RESERVE,active,2025-12-14T05:00:00,
ENR00003041,USR002521,MINDGUARD,active,2025-10-31T06:00:00,
ENR00003042,USR002522,MINDGUARD,active,2026-01-25T04:00:00,
ENR00003043,USR002523,MINDGUARD,active,2026-01-31T17:00:00,
ENR00003044,USR002524,MINDGUARD,active,2025-09-27T01:00:00,
ENR00003045,USR002525,HEALTH_RESERVE,active,2026-02-08T17:00:00,
ENR00003046,USR002526,MINDGUARD,active,2025-10-10T01:00:00,
ENR00003047,USR002526,HEALTH_RESERVE,active,2025-10-08T04:00:00,
ENR00003048,USR002527,HEALTH_RESERVE,active,2025-11-13T17:00:00,
ENR00003049,USR002528,MINDGUARD,active,2025-10-06T19:00:00,
ENR00003050,USR002528,HEALTH_RESERVE,active,2025-10-15T19:00:00,
ENR00003051,USR002529,MINDGUARD,active,2025-11-13T05:00:00,
ENR00003052,USR002530,MINDGUARD,active,2026-02-01T11:00:00,
ENR00003053,USR002531,MINDGUARD,active,2026-01-25T01:00:00,
ENR00003054,USR002532,MINDGUARD,active,2025-12-17T20:00:00,
ENR00003055,USR002532,HEALTH_RESERVE,active,2025-12-19T16:00:00,
ENR00003056,USR002533,MINDGUARD,active,2026-01-18T14:00:00,
ENR00003057,USR002534,MINDGUARD,active,2025-12-23T01:00:00,
ENR00003058,USR002534,HEALTH_RESERVE,active,2025-12-22T22:00:00,
ENR00003059,USR002535,MINDGUARD,active,2025-11-05T19:00:00,
ENR00003060,USR002536,HEALTH_RESERVE,active,2025-11-23T15:00:00,
ENR00003061,USR002537,MINDGUARD,active,2025-10-02T13:00:00,
ENR00003062,USR002538,HEALTH_RESERVE,active,2025-10-05T16:00:00,
ENR00003063,USR002539,MINDGUARD,active,2025-12-06T06:00:00,
ENR00003064,USR002540,MINDGUARD,active,2025-10-31T14:00:00,
ENR00003065,USR002541,MINDGUARD,active,2025-11-22T07:00:00,
ENR00003066,USR002541,HEALTH_RESERVE,active,2025-11-25T18:00:00,
ENR00003067,USR002542,MINDGUARD,active,2025-09-24T03:00:00,
ENR00003068,USR002543,HEALTH_RESERVE,active,2025-11-19T21:00:00,
ENR00003069,USR002544,MINDGUARD,active,2025-11-27T07:00:00,
ENR00003070,USR002545,MINDGUARD,active,2025-11-28T00:00:00,
ENR00003071,USR002546,MINDGUARD,active,2025-11-20T18:00:00,
ENR00003072,USR002547,HEALTH_RESERVE,active,2025-10-22T23:00:00,
ENR00003073,USR002548,MINDGUARD,active,2026-01-18T04:00:00,
ENR00003074,USR002549,MINDGUARD,active,2026-01-20T01:00:00,
ENR00003075,USR002550,HEALTH_RESERVE,active,2025-11-17T20:00:00,
ENR00003076,USR002551,MINDGUARD,active,2025-10-04T00:00:00,
ENR00003077,USR002552,MINDGUARD,active,2025-12-31T04:00:00,
ENR00003078,USR002552,HEALTH_RESERVE,active,2025-12-27T05:00:00,
ENR00003079,USR002553,HEALTH_RESERVE,active,2025-10-15T04:00:00,
ENR00003080,USR002554,MINDGUARD,active,2025-10-31T11:00:00,
ENR00003081,USR002555,MINDGUARD,active,2025-10-03T17:00:00,
ENR00003082,USR002555,HEALTH_RESERVE,active,2025-10-08T03:00:00,
ENR00003083,USR002556,MINDGUARD,active,2026-02-11T09:00:00,
ENR00003084,USR002557,HEALTH_RESERVE,active,2025-10-27T20:00:00,
ENR00003085,USR002558,MINDGUARD,active,2025-10-13T01:00:00,
ENR00003086,USR002559,MINDGUARD,active,2025-10-15T06:00:00,
ENR00003087,USR002560,MINDGUARD,active,2025-12-01T14:00:00,
ENR00003088,USR002561,MINDGUARD,active,2025-10-07T05:00:00,
ENR00003089,USR002561,HEALTH_RESERVE,active,2025-10-18T01:00:00,
ENR00003090,USR002562,HEALTH_RESERVE,active,2025-12-17T04:00:00,
ENR00003091,USR002563,MINDGUARD,active,2026-01-24T09:00:00,
ENR00003092,USR002563,HEALTH_RESERVE,active,2026-01-21T18:00:00,
ENR00003093,USR002564,MINDGUARD,active,2025-11-08T09:00:00,
ENR00003094,USR002565,MINDGUARD,active,2025-10-22T04:00:00,
ENR00003095,USR002566,MINDGUARD,active,2025-11-04T04:00:00,
ENR00003096,USR002567,MINDGUARD,active,2025-11-30T14:00:00,
ENR00003097,USR002568,MINDGUARD,active,2026-01-14T19:00:00,
ENR00003098,USR002569,MINDGUARD,active,2025-10-17T11:00:00,
ENR00003099,USR002570,MINDGUARD,active,2026-01-29T02:00:00,
ENR00003100,USR002571,MINDGUARD,active,2025-11-27T09:00:00,
ENR00003101,USR002572,MINDGUARD,active,2025-11-06T11:00:00,
ENR00003102,USR002572,HEALTH_RESERVE,active,2025-11-07T13:00:00,
ENR00003103,USR002573,MINDGUARD,active,2026-01-07T18:00:00,
ENR00003104,USR002574,MINDGUARD,active,2025-11-16T10:00:00,
ENR00003105,USR002575,MINDGUARD,active,2026-01-05T18:00:00,
ENR00003106,USR002576,MINDGUARD,active,2025-12-30T12:00:00,
ENR00003107,USR002577,HEALTH_RESERVE,active,2025-11-09T03:00:00,
ENR00003108,USR002578,MINDGUARD,active,2025-12-14T23:00:00,
ENR00003109,USR002579,MINDGUARD,active,2025-10-30T15:00:00,
ENR00003110,USR002580,MINDGUARD,active,2025-10-17T13:00:00,
ENR00003111,USR002581,MINDGUARD,active,2026-02-10T15:00:00,
ENR00003112,USR002582,MINDGUARD,active,2026-01-17T17:00:00,
ENR00003113,USR002582,HEALTH_RESERVE,active,2026-01-15T21:00:00,
ENR00003114,USR002583,HEALTH_RESERVE,active,2026-01-03T06:00:00,
ENR00003115,USR002584,MINDGUARD,active,2026-01-23T08:00:00,
ENR00003116,USR002585,MINDGUARD,active,2025-12-14T08:00:00,
ENR00003117,USR002586,HEALTH_RESERVE,active,2026-02-15T21:00:00,
ENR00003118,USR002587,MINDGUARD,active,2025-10-24T18:00:00,
ENR00003119,USR002588,MINDGUARD,active,2026-01-10T11:00:00,
ENR00003120,USR002589,MINDGUARD,active,2025-10-15T12:00:00,
ENR00003121,USR002590,MINDGUARD,active,2025-12-21T10:00:00,
ENR00003122,USR002590,HEALTH_RESERVE,active,2025-12-26T11:00:00,
ENR00003123,USR002591,MINDGUARD,active,2026-02-07T16:00:00,
ENR00003124,USR002592,MINDGUARD,active,2026-01-14T07:00:00,
ENR00003125,USR002593,HEALTH_RESERVE,active,2026-01-12T04:00:00,
ENR00003126,USR002594,MINDGUARD,active,2025-10-25T19:00:00,
ENR00003127,USR002595,MINDGUARD,active,2025-12-04T22:00:00,
ENR00003128,USR002596,MINDGUARD,active,2025-12-08T12:00:00,
ENR00003129,USR002597,MINDGUARD,active,2025-12-01T16:00:00,
ENR00003130,USR002598,MINDGUARD,active,2025-10-31T22:00:00,
ENR00003131,USR002599,MINDGUARD,active,2025-12-08T02:00:00,
ENR00003132,USR002600,MINDGUARD,active,2026-01-01T04:00:00,
ENR00003133,USR002601,HEALTH_RESERVE,active,2025-11-11T21:00:00,
ENR00003134,USR002602,MINDGUARD,active,2025-11-07T19:00:00,
ENR00003135,USR002603,MINDGUARD,active,2025-12-31T10:00:00,
ENR00003136,USR002604,MINDGUARD,active,2025-12-24T03:00:00,
ENR00003137,USR002605,MINDGUARD,active,2025-10-08T17:00:00,
ENR00003138,USR002606,HEALTH_RESERVE,active,2025-11-12T04:00:00,
ENR00003139,USR002607,MINDGUARD,active,2026-01-10T06:00:00,
ENR00003140,USR002607,HEALTH_RESERVE,active,2026-01-12T04:00:00,
ENR00003141,USR002608,MINDGUARD,active,2025-10-20T00:00:00,
ENR00003142,USR002609,HEALTH_RESERVE,active,2025-11-14T10:00:00,
ENR00003143,USR002610,MINDGUARD,active,2025-10-08T04:00:00,
ENR00003144,USR002611,MINDGUARD,active,2025-11-27T10:00:00,
ENR00003145,USR002611,HEALTH_RESERVE,active,2025-11-28T12:00:00,
ENR00003146,USR002612,HEALTH_RESERVE,active,2025-09-24T03:00:00,
ENR00003147,USR002613,MINDGUARD,active,2025-11-23T11:00:00,
ENR00003148,USR002614,MINDGUARD,active,2026-01-08T18:00:00,
ENR00003149,USR002614,HEALTH_RESERVE,active,2026-01-14T13:00:00,
ENR00003150,USR002615,MINDGUARD,active,2025-11-25T16:00:00,
ENR00003151,USR002616,HEALTH_RESERVE,active,2025-10-29T08:00:00,
ENR00003152,USR002617,MINDGUARD,active,2025-09-18T05:00:00,
ENR00003153,USR002618,MINDGUARD,active,2025-10-16T18:00:00,
ENR00003154,USR002618,HEALTH_RESERVE,active,2025-10-15T19:00:00,
ENR00003155,USR002619,MINDGUARD,active,2026-01-15T00:00:00,
ENR00003156,USR002620,MINDGUARD,active,2025-10-14T01:00:00,
ENR00003157,USR002621,MINDGUARD,active,2025-10-29T17:00:00,
ENR00003158,USR002622,MINDGUARD,active,2026-01-20T18:00:00,
ENR00003159,USR002622,HEALTH_RESERVE,active,2026-01-24T20:00:00,
ENR00003160,USR002623,HEALTH_RESERVE,active,2026-01-06T08:00:00,
ENR00003161,USR002624,MINDGUARD,active,2025-09-24T20:00:00,
ENR00003162,USR002625,MINDGUARD,active,2026-02-05T03:00:00,
ENR00003163,USR002626,MINDGUARD,active,2026-01-09T11:00:00,
ENR00003164,USR002627,MINDGUARD,active,2025-10-21T16:00:00,
ENR00003165,USR002628,MINDGUARD,active,2025-11-22T00:00:00,
ENR00003166,USR002628,HEALTH_RESERVE,active,2025-11-21T00:00:00,
ENR00003167,USR002629,MINDGUARD,active,2025-11-14T23:00:00,
ENR00003168,USR002630,MINDGUARD,active,2025-10-08T14:00:00,
ENR00003169,USR002631,MINDGUARD,active,2025-09-27T06:00:00,
ENR00003170,USR002632,HEALTH_RESERVE,active,2026-02-04T08:00:00,
ENR00003171,USR002633,MINDGUARD,active,2025-09-20T12:00:00,
ENR00003172,USR002634,MINDGUARD,active,2025-10-07T07:00:00,
ENR00003173,USR002635,MINDGUARD,active,2025-11-27T02:00:00,
ENR00003174,USR002636,MINDGUARD,active,2026-01-30T15:00:00,
ENR00003175,USR002637,MINDGUARD,active,2025-12-26T09:00:00,
ENR00003176,USR002637,HEALTH_RESERVE,active,2025-12-23T11:00:00,
ENR00003177,USR002638,MINDGUARD,active,2025-10-06T13:00:00,
ENR00003178,USR002639,MINDGUARD,active,2025-12-18T20:00:00,
ENR00003179,USR002639,HEALTH_RESERVE,active,2025-12-20T04:00:00,
ENR00003180,USR002640,MINDGUARD,active,2026-01-14T16:00:00,
ENR00003181,USR002641,MINDGUARD,active,2026-02-03T04:00:00,
ENR00003182,USR002642,MINDGUARD,active,2025-10-21T23:00:00,
ENR00003183,USR002642,HEALTH_RESERVE,active,2025-10-23T03:00:00,
ENR00003184,USR002643,MINDGUARD,active,2025-12-27T16:00:00,
ENR00003185,USR002643,HEALTH_RESERVE,active,2025-12-30T17:00:00,
ENR00003186,USR002644,MINDGUARD,active,2026-01-19T18:00:00,
ENR00003187,USR002645,MINDGUARD,active,2026-02-06T17:00:00,
ENR00003188,USR002646,MINDGUARD,active,2025-10-01T01:00:00,
ENR00003189,USR002647,MINDGUARD,active,2025-10-19T21:00:00,
ENR00003190,USR002648,HEALTH_RESERVE,active,2026-01-12T17:00:00,
ENR00003191,USR002649,MINDGUARD,discontinued,2025-11-12T20:00:00,2026-07-23T20:53:00
ENR00003192,USR002650,MINDGUARD,active,2026-02-10T14:00:00,
ENR00003193,USR002651,MINDGUARD,active,2026-01-12T19:00:00,
ENR00003194,USR002652,MINDGUARD,active,2025-12-20T11:00:00,
ENR00003195,USR002653,HEALTH_RESERVE,active,2025-09-28T07:00:00,
ENR00003196,USR002654,MINDGUARD,active,2026-01-04T19:00:00,
ENR00003197,USR002655,MINDGUARD,active,2025-09-25T19:00:00,
ENR00003198,USR002656,MINDGUARD,active,2026-02-02T07:00:00,
ENR00003199,USR002656,HEALTH_RESERVE,active,2026-02-11T22:00:00,
ENR00003200,USR002657,MINDGUARD,active,2026-01-12T12:00:00,
ENR00003201,USR002658,MINDGUARD,active,2026-01-22T06:00:00,
ENR00003202,USR002659,MINDGUARD,active,2026-01-22T09:00:00,
ENR00003203,USR002660,MINDGUARD,active,2025-10-16T12:00:00,
ENR00003204,USR002660,HEALTH_RESERVE,active,2025-10-19T10:00:00,
ENR00003205,USR002661,HEALTH_RESERVE,active,2026-01-04T12:00:00,
ENR00003206,USR002662,MINDGUARD,active,2025-11-14T21:00:00,
ENR00003207,USR002662,HEALTH_RESERVE,active,2025-11-19T01:00:00,
ENR00003208,USR002663,MINDGUARD,active,2026-02-14T03:00:00,
ENR00003209,USR002663,HEALTH_RESERVE,active,2026-02-19T06:00:00,
ENR00003210,USR002664,MINDGUARD,active,2025-10-22T08:00:00,
ENR00003211,USR002665,MINDGUARD,active,2025-11-18T04:00:00,
ENR00003212,USR002666,MINDGUARD,active,2026-01-14T16:00:00,
ENR00003213,USR002667,MINDGUARD,active,2026-01-06T20:00:00,
ENR00003214,USR002668,MINDGUARD,active,2025-10-30T18:00:00,
ENR00003215,USR002669,HEALTH_RESERVE,active,2026-01-19T01:00:00,
ENR00003216,USR002670,MINDGUARD,active,2025-10-15T00:00:00,
ENR00003217,USR002670,HEALTH_RESERVE,active,2025-10-16T15:00:00,
ENR00003218,USR002671,MINDGUARD,active,2026-01-09T10:00:00,
ENR00003219,USR002672,MINDGUARD,active,2026-02-03T16:00:00,
ENR00003220,USR002673,HEALTH_RESERVE,active,2025-11-20T05:00:00,
ENR00003221,USR002674,MINDGUARD,active,2025-10-11T18:00:00,
ENR00003222,USR002675,MINDGUARD,active,2025-12-25T13:00:00,
ENR00003223,USR002675,HEALTH_RESERVE,active,2025-12-16T09:00:00,
ENR00003224,USR002676,MINDGUARD,active,2025-10-06T15:00:00,
ENR00003225,USR002677,MINDGUARD,active,2026-01-24T14:00:00,
ENR00003226,USR002678,MINDGUARD,active,2025-12-09T00:00:00,
ENR00003227,USR002679,HEALTH_RESERVE,active,2025-10-20T16:00:00,
ENR00003228,USR002680,MINDGUARD,active,2025-11-25T08:00:00,
ENR00003229,USR002680,HEALTH_RESERVE,active,2025-11-16T19:00:00,
ENR00003230,USR002681,HEALTH_RESERVE,active,2026-01-05T11:00:00,
ENR00003231,USR002682,MINDGUARD,active,2025-11-15T06:00:00,
ENR00003232,USR002683,MINDGUARD,discontinued,2026-01-08T11:00:00,2026-07-20T12:25:00
ENR00003233,USR002684,MINDGUARD,active,2026-01-07T15:00:00,
ENR00003234,USR002685,MINDGUARD,active,2026-01-21T18:00:00,
ENR00003235,USR002686,MINDGUARD,active,2025-11-25T04:00:00,
ENR00003236,USR002687,MINDGUARD,active,2025-12-05T12:00:00,
ENR00003237,USR002688,MINDGUARD,active,2026-01-17T09:00:00,
ENR00003238,USR002689,HEALTH_RESERVE,active,2026-01-25T20:00:00,
ENR00003239,USR002690,MINDGUARD,active,2025-12-14T19:00:00,
ENR00003240,USR002691,MINDGUARD,active,2026-02-13T04:00:00,
ENR00003241,USR002692,MINDGUARD,active,2025-11-04T11:00:00,
ENR00003242,USR002692,HEALTH_RESERVE,active,2025-11-17T13:00:00,
ENR00003243,USR002693,MINDGUARD,active,2026-02-10T08:00:00,
ENR00003244,USR002694,HEALTH_RESERVE,active,2025-10-11T12:00:00,
ENR00003245,USR002695,MINDGUARD,active,2026-01-01T08:00:00,
ENR00003246,USR002696,MINDGUARD,active,2025-10-28T02:00:00,
ENR00003247,USR002696,HEALTH_RESERVE,active,2025-11-04T07:00:00,
ENR00003248,USR002697,MINDGUARD,active,2026-02-01T23:00:00,
ENR00003249,USR002697,HEALTH_RESERVE,active,2026-02-06T05:00:00,
ENR00003250,USR002698,MINDGUARD,active,2026-01-29T19:00:00,
ENR00003251,USR002698,HEALTH_RESERVE,active,2026-02-02T14:00:00,
ENR00003252,USR002699,MINDGUARD,active,2026-01-13T10:00:00,
ENR00003253,USR002700,MINDGUARD,active,2025-10-11T02:00:00,
ENR00003254,USR002701,MINDGUARD,active,2025-09-30T02:00:00,
ENR00003255,USR002702,MINDGUARD,active,2025-10-22T07:00:00,
ENR00003256,USR002702,HEALTH_RESERVE,active,2025-10-20T14:00:00,
ENR00003257,USR002703,MINDGUARD,active,2026-01-10T18:00:00,
ENR00003258,USR002704,MINDGUARD,active,2025-11-25T00:00:00,
ENR00003259,USR002704,HEALTH_RESERVE,active,2025-11-24T04:00:00,
ENR00003260,USR002705,MINDGUARD,active,2025-12-25T01:00:00,
ENR00003261,USR002706,MINDGUARD,active,2025-10-09T23:00:00,
ENR00003262,USR002706,HEALTH_RESERVE,active,2025-10-03T06:00:00,
ENR00003263,USR002707,MINDGUARD,active,2025-10-21T23:00:00,
ENR00003264,USR002708,MINDGUARD,active,2026-02-17T15:00:00,
ENR00003265,USR002708,HEALTH_RESERVE,active,2026-02-12T18:00:00,
ENR00003266,USR002709,MINDGUARD,active,2025-10-31T01:00:00,
ENR00003267,USR002710,MINDGUARD,active,2025-11-26T10:00:00,
ENR00003268,USR002711,MINDGUARD,active,2026-02-13T06:00:00,
ENR00003269,USR002712,MINDGUARD,active,2026-01-25T00:00:00,
ENR00003270,USR002713,HEALTH_RESERVE,active,2025-12-23T01:00:00,
ENR00003271,USR002714,MINDGUARD,active,2026-01-15T00:00:00,
ENR00003272,USR002715,MINDGUARD,active,2025-12-04T00:00:00,
ENR00003273,USR002716,MINDGUARD,active,2025-12-23T19:00:00,
ENR00003274,USR002716,HEALTH_RESERVE,active,2025-12-24T14:00:00,
ENR00003275,USR002717,HEALTH_RESERVE,active,2025-11-15T01:00:00,
ENR00003276,USR002718,MINDGUARD,active,2025-09-18T19:00:00,
ENR00003277,USR002719,MINDGUARD,active,2025-09-30T18:00:00,
ENR00003278,USR002719,HEALTH_RESERVE,active,2025-09-22T12:00:00,
ENR00003279,USR002720,HEALTH_RESERVE,active,2026-01-13T16:00:00,
ENR00003280,USR002721,HEALTH_RESERVE,active,2026-02-09T05:00:00,
ENR00003281,USR002722,MINDGUARD,active,2026-02-14T16:00:00,
ENR00003282,USR002723,MINDGUARD,active,2026-02-14T05:00:00,
ENR00003283,USR002723,HEALTH_RESERVE,active,2026-02-07T07:00:00,
ENR00003284,USR002724,MINDGUARD,active,2025-11-23T13:00:00,
ENR00003285,USR002725,MINDGUARD,active,2025-12-22T03:00:00,
ENR00003286,USR002726,MINDGUARD,active,2025-10-24T03:00:00,
ENR00003287,USR002727,MINDGUARD,active,2025-10-18T10:00:00,
ENR00003288,USR002727,HEALTH_RESERVE,active,2025-10-06T11:00:00,
ENR00003289,USR002728,HEALTH_RESERVE,active,2025-11-16T21:00:00,
ENR00003290,USR002729,MINDGUARD,active,2025-12-21T09:00:00,
ENR00003291,USR002730,MINDGUARD,active,2026-02-04T04:00:00,
ENR00003292,USR002731,MINDGUARD,active,2025-10-26T15:00:00,
ENR00003293,USR002731,HEALTH_RESERVE,active,2025-10-31T17:00:00,
ENR00003294,USR002732,MINDGUARD,discontinued,2026-01-08T02:00:00,2026-09-06T02:49:00
ENR00003295,USR002732,HEALTH_RESERVE,active,2026-01-14T08:00:00,
ENR00003296,USR002733,MINDGUARD,active,2025-12-08T18:00:00,
ENR00003297,USR002734,MINDGUARD,active,2025-12-27T18:00:00,
ENR00003298,USR002735,MINDGUARD,active,2025-09-21T20:00:00,
ENR00003299,USR002736,MINDGUARD,active,2025-09-28T15:00:00,
ENR00003300,USR002737,MINDGUARD,active,2025-09-27T08:00:00,
ENR00003301,USR002738,MINDGUARD,active,2026-01-21T07:00:00,
ENR00003302,USR002739,HEALTH_RESERVE,active,2025-12-01T00:00:00,
ENR00003303,USR002740,MINDGUARD,active,2025-12-06T02:00:00,
ENR00003304,USR002741,MINDGUARD,active,2025-11-03T10:00:00,
ENR00003305,USR002741,HEALTH_RESERVE,active,2025-11-07T07:00:00,
ENR00003306,USR002742,MINDGUARD,active,2025-09-29T01:00:00,
ENR00003307,USR002743,MINDGUARD,active,2026-01-27T11:00:00,
ENR00003308,USR002744,MINDGUARD,discontinued,2026-02-15T08:00:00,2026-08-23T08:35:00
ENR00003309,USR002745,MINDGUARD,active,2026-01-16T20:00:00,
ENR00003310,USR002746,MINDGUARD,active,2026-01-01T03:00:00,
ENR00003311,USR002747,MINDGUARD,active,2025-11-23T12:00:00,
ENR00003312,USR002748,MINDGUARD,active,2026-01-29T12:00:00,
ENR00003313,USR002749,HEALTH_RESERVE,active,2025-09-27T07:00:00,
ENR00003314,USR002750,MINDGUARD,active,2026-01-28T18:00:00,
ENR00003315,USR002751,MINDGUARD,active,2026-02-12T11:00:00,
ENR00003316,USR002752,HEALTH_RESERVE,active,2026-02-14T21:00:00,
ENR00003317,USR002753,MINDGUARD,active,2025-11-04T13:00:00,
ENR00003318,USR002754,MINDGUARD,active,2026-02-20T11:00:00,
ENR00003319,USR002755,MINDGUARD,active,2025-12-05T00:00:00,
ENR00003320,USR002755,HEALTH_RESERVE,active,2025-12-07T19:00:00,
ENR00003321,USR002756,MINDGUARD,active,2025-12-06T08:00:00,
ENR00003322,USR002756,HEALTH_RESERVE,active,2025-12-14T06:00:00,
ENR00003323,USR002757,MINDGUARD,active,2025-11-04T11:00:00,
ENR00003324,USR002758,MINDGUARD,discontinued,2025-10-08T15:00:00,2026-04-18T15:40:00
ENR00003325,USR002758,HEALTH_RESERVE,active,2025-10-09T20:00:00,
ENR00003326,USR002759,MINDGUARD,active,2025-11-30T17:00:00,
ENR00003327,USR002760,HEALTH_RESERVE,active,2025-12-28T00:00:00,
ENR00003328,USR002761,HEALTH_RESERVE,active,2025-11-22T00:00:00,
ENR00003329,USR002762,MINDGUARD,active,2025-12-22T19:00:00,
ENR00003330,USR002763,MINDGUARD,active,2025-09-19T05:00:00,
ENR00003331,USR002764,MINDGUARD,active,2026-01-22T23:00:00,
ENR00003332,USR002765,MINDGUARD,active,2025-12-17T07:00:00,
ENR00003333,USR002766,MINDGUARD,active,2025-11-20T22:00:00,
ENR00003334,USR002767,MINDGUARD,active,2025-11-08T11:00:00,
ENR00003335,USR002768,MINDGUARD,active,2025-10-15T09:00:00,
ENR00003336,USR002769,MINDGUARD,active,2025-11-05T05:00:00,
ENR00003337,USR002770,MINDGUARD,active,2025-12-06T02:00:00,
ENR00003338,USR002770,HEALTH_RESERVE,active,2025-11-29T04:00:00,
ENR00003339,USR002771,MINDGUARD,active,2026-01-15T14:00:00,
ENR00003340,USR002772,MINDGUARD,active,2025-10-19T05:00:00,
ENR00003341,USR002773,MINDGUARD,active,2025-11-07T15:00:00,
ENR00003342,USR002774,HEALTH_RESERVE,active,2025-11-17T22:00:00,
ENR00003343,USR002775,MINDGUARD,active,2025-11-18T22:00:00,
ENR00003344,USR002776,MINDGUARD,active,2026-02-13T05:00:00,
ENR00003345,USR002776,HEALTH_RESERVE,active,2026-02-07T12:00:00,
ENR00003346,USR002777,MINDGUARD,active,2025-12-22T07:00:00,
ENR00003347,USR002778,MINDGUARD,active,2025-12-13T00:00:00,
ENR00003348,USR002779,MINDGUARD,active,2025-12-08T09:00:00,
ENR00003349,USR002780,MINDGUARD,active,2025-12-04T09:00:00,
ENR00003350,USR002780,HEALTH_RESERVE,active,2025-12-01T06:00:00,
ENR00003351,USR002781,MINDGUARD,active,2025-10-27T10:00:00,
ENR00003352,USR002782,MINDGUARD,active,2025-10-05T18:00:00,
ENR00003353,USR002783,MINDGUARD,active,2025-11-10T08:00:00,
ENR00003354,USR002784,MINDGUARD,active,2026-01-13T13:00:00,
ENR00003355,USR002785,MINDGUARD,active,2025-12-30T06:00:00,
ENR00003356,USR002785,HEALTH_RESERVE,active,2026-01-07T05:00:00,
ENR00003357,USR002786,MINDGUARD,active,2025-12-20T00:00:00,
ENR00003358,USR002787,MINDGUARD,active,2025-12-05T02:00:00,
ENR00003359,USR002788,HEALTH_RESERVE,active,2025-12-30T06:00:00,
ENR00003360,USR002789,HEALTH_RESERVE,active,2025-10-25T22:00:00,
ENR00003361,USR002790,MINDGUARD,active,2025-10-07T03:00:00,
ENR00003362,USR002791,MINDGUARD,active,2025-10-11T22:00:00,
ENR00003363,USR002792,MINDGUARD,active,2026-01-31T08:00:00,
ENR00003364,USR002792,HEALTH_RESERVE,active,2026-02-07T05:00:00,
ENR00003365,USR002793,MINDGUARD,active,2025-11-03T10:00:00,
ENR00003366,USR002794,MINDGUARD,active,2026-01-17T13:00:00,
ENR00003367,USR002795,MINDGUARD,active,2025-11-01T00:00:00,
ENR00003368,USR002796,MINDGUARD,active,2026-01-21T11:00:00,
ENR00003369,USR002797,MINDGUARD,active,2026-01-02T17:00:00,
ENR00003370,USR002798,MINDGUARD,active,2025-12-25T23:00:00,
ENR00003371,USR002798,HEALTH_RESERVE,active,2026-01-04T22:00:00,
ENR00003372,USR002799,MINDGUARD,active,2025-10-16T00:00:00,
ENR00003373,USR002800,HEALTH_RESERVE,active,2026-02-08T21:00:00,
ENR00003374,USR002801,MINDGUARD,active,2025-09-27T18:00:00,
ENR00003375,USR002801,HEALTH_RESERVE,active,2025-09-30T13:00:00,
ENR00003376,USR002802,MINDGUARD,active,2025-10-18T02:00:00,
ENR00003377,USR002803,MINDGUARD,active,2025-11-11T21:00:00,
ENR00003378,USR002804,MINDGUARD,active,2025-11-19T01:00:00,
ENR00003379,USR002805,MINDGUARD,active,2025-12-08T02:00:00,
ENR00003380,USR002806,HEALTH_RESERVE,active,2026-01-02T09:00:00,
ENR00003381,USR002807,MINDGUARD,active,2025-11-30T05:00:00,
ENR00003382,USR002808,HEALTH_RESERVE,active,2025-10-02T03:00:00,
ENR00003383,USR002809,MINDGUARD,active,2025-11-29T20:00:00,
ENR00003384,USR002810,MINDGUARD,active,2025-10-16T08:00:00,
ENR00003385,USR002811,MINDGUARD,active,2025-10-15T07:00:00,
ENR00003386,USR002812,HEALTH_RESERVE,active,2026-01-02T13:00:00,
ENR00003387,USR002813,MINDGUARD,active,2026-02-02T14:00:00,
ENR00003388,USR002813,HEALTH_RESERVE,active,2026-02-06T13:00:00,
ENR00003389,USR002814,HEALTH_RESERVE,active,2026-02-10T20:00:00,
ENR00003390,USR002815,MINDGUARD,active,2025-09-24T03:00:00,
ENR00003391,USR002815,HEALTH_RESERVE,active,2025-09-30T21:00:00,
ENR00003392,USR002816,MINDGUARD,active,2025-10-27T14:00:00,
ENR00003393,USR002817,HEALTH_RESERVE,active,2026-02-09T15:00:00,
ENR00003394,USR002818,MINDGUARD,active,2026-02-01T12:00:00,
ENR00003395,USR002819,MINDGUARD,active,2026-01-15T12:00:00,
ENR00003396,USR002819,HEALTH_RESERVE,active,2026-01-13T19:00:00,
ENR00003397,USR002820,HEALTH_RESERVE,active,2025-12-14T16:00:00,
ENR00003398,USR002821,MINDGUARD,active,2025-12-17T11:00:00,
ENR00003399,USR002822,MINDGUARD,active,2025-10-27T01:00:00,
ENR00003400,USR002823,MINDGUARD,active,2025-12-06T02:00:00,
ENR00003401,USR002824,MINDGUARD,active,2025-12-26T10:00:00,
ENR00003402,USR002825,MINDGUARD,active,2026-02-01T12:00:00,
ENR00003403,USR002825,HEALTH_RESERVE,active,2026-02-01T02:00:00,
ENR00003404,USR002826,HEALTH_RESERVE,active,2025-11-21T04:00:00,
ENR00003405,USR002827,HEALTH_RESERVE,active,2025-11-20T12:00:00,
ENR00003406,USR002828,MINDGUARD,active,2025-10-26T21:00:00,
ENR00003407,USR002829,MINDGUARD,active,2025-09-17T03:00:00,
ENR00003408,USR002829,HEALTH_RESERVE,active,2025-09-18T01:00:00,
ENR00003409,USR002830,MINDGUARD,active,2025-10-02T01:00:00,
ENR00003410,USR002831,MINDGUARD,active,2025-10-19T03:00:00,
ENR00003411,USR002832,MINDGUARD,active,2026-01-02T04:00:00,
ENR00003412,USR002833,MINDGUARD,active,2026-02-09T14:00:00,
ENR00003413,USR002834,MINDGUARD,active,2025-12-08T10:00:00,
ENR00003414,USR002835,MINDGUARD,active,2025-11-26T19:00:00,
ENR00003415,USR002836,MINDGUARD,active,2025-10-22T04:00:00,
ENR00003416,USR002837,HEALTH_RESERVE,active,2025-09-17T10:00:00,
ENR00003417,USR002838,MINDGUARD,active,2026-01-30T10:00:00,
ENR00003418,USR002839,HEALTH_RESERVE,active,2025-11-19T19:00:00,
ENR00003419,USR002840,MINDGUARD,active,2025-12-11T17:00:00,
ENR00003420,USR002841,HEALTH_RESERVE,active,2026-01-09T21:00:00,
ENR00003421,USR002842,MINDGUARD,active,2025-12-09T23:00:00,
ENR00003422,USR002843,MINDGUARD,active,2026-01-20T02:00:00,
ENR00003423,USR002844,MINDGUARD,active,2025-12-14T17:00:00,
ENR00003424,USR002845,MINDGUARD,active,2025-12-21T06:00:00,
ENR00003425,USR002846,MINDGUARD,active,2025-12-05T21:00:00,
ENR00003426,USR002847,MINDGUARD,active,2025-10-18T01:00:00,
ENR00003427,USR002848,MINDGUARD,active,2025-12-01T23:00:00,
ENR00003428,USR002849,HEALTH_RESERVE,active,2025-12-01T06:00:00,
ENR00003429,USR002850,MINDGUARD,active,2026-02-06T12:00:00,
ENR00003430,USR002851,MINDGUARD,active,2025-12-28T21:00:00,
ENR00003431,USR002852,MINDGUARD,active,2026-01-23T07:00:00,
ENR00003432,USR002853,MINDGUARD,active,2025-11-21T15:00:00,
ENR00003433,USR002854,MINDGUARD,active,2025-12-07T11:00:00,
ENR00003434,USR002855,HEALTH_RESERVE,active,2026-02-08T11:00:00,
ENR00003435,USR002856,MINDGUARD,active,2025-12-21T06:00:00,
ENR00003436,USR002857,MINDGUARD,active,2025-12-24T06:00:00,
ENR00003437,USR002858,MINDGUARD,active,2025-10-18T21:00:00,
ENR00003438,USR002858,HEALTH_RESERVE,active,2025-10-10T07:00:00,
ENR00003439,USR002859,MINDGUARD,discontinued,2026-01-06T15:00:00,2026-07-25T15:18:00
ENR00003440,USR002860,MINDGUARD,active,2025-12-20T13:00:00,
ENR00003441,USR002860,HEALTH_RESERVE,active,2025-12-23T13:00:00,
ENR00003442,USR002861,MINDGUARD,active,2026-02-06T04:00:00,
ENR00003443,USR002861,HEALTH_RESERVE,active,2026-02-10T12:00:00,
ENR00003444,USR002862,MINDGUARD,active,2025-12-11T02:00:00,
ENR00003445,USR002862,HEALTH_RESERVE,active,2025-12-04T02:00:00,
ENR00003446,USR002863,MINDGUARD,active,2025-10-14T15:00:00,
ENR00003447,USR002864,MINDGUARD,active,2026-02-15T18:00:00,
ENR00003448,USR002864,HEALTH_RESERVE,active,2026-02-22T20:00:00,
ENR00003449,USR002865,MINDGUARD,active,2025-10-08T09:00:00,
ENR00003450,USR002865,HEALTH_RESERVE,active,2025-10-05T13:00:00,
ENR00003451,USR002866,MINDGUARD,active,2026-01-26T02:00:00,
ENR00003452,USR002866,HEALTH_RESERVE,active,2026-01-29T10:00:00,
ENR00003453,USR002867,MINDGUARD,active,2025-10-13T02:00:00,
ENR00003454,USR002868,MINDGUARD,active,2026-01-31T16:00:00,
ENR00003455,USR002869,HEALTH_RESERVE,active,2025-09-27T14:00:00,
ENR00003456,USR002870,MINDGUARD,active,2025-10-24T12:00:00,
ENR00003457,USR002871,MINDGUARD,active,2025-10-02T04:00:00,
ENR00003458,USR002872,MINDGUARD,active,2026-02-21T07:00:00,
ENR00003459,USR002873,MINDGUARD,active,2025-12-29T14:00:00,
ENR00003460,USR002874,MINDGUARD,active,2025-09-24T22:00:00,
ENR00003461,USR002874,HEALTH_RESERVE,active,2025-09-24T08:00:00,
ENR00003462,USR002875,MINDGUARD,active,2025-10-23T20:00:00,
ENR00003463,USR002876,MINDGUARD,active,2025-12-24T20:00:00,
ENR00003464,USR002877,MINDGUARD,active,2025-12-05T17:00:00,
ENR00003465,USR002878,MINDGUARD,active,2026-02-14T10:00:00,
ENR00003466,USR002879,MINDGUARD,active,2025-09-19T17:00:00,
ENR00003467,USR002880,MINDGUARD,active,2026-02-09T18:00:00,
ENR00003468,USR002881,MINDGUARD,active,2025-11-03T10:00:00,
ENR00003469,USR002882,MINDGUARD,active,2025-11-14T18:00:00,
ENR00003470,USR002883,MINDGUARD,active,2026-01-08T19:00:00,
ENR00003471,USR002884,MINDGUARD,active,2026-02-06T10:00:00,
ENR00003472,USR002885,MINDGUARD,active,2026-01-11T00:00:00,
ENR00003473,USR002886,MINDGUARD,active,2025-10-05T15:00:00,
ENR00003474,USR002887,MINDGUARD,active,2026-02-15T08:00:00,
ENR00003475,USR002887,HEALTH_RESERVE,active,2026-02-11T09:00:00,
ENR00003476,USR002888,MINDGUARD,active,2026-01-13T02:00:00,
ENR00003477,USR002888,HEALTH_RESERVE,active,2026-01-15T08:00:00,
ENR00003478,USR002889,MINDGUARD,active,2026-02-01T12:00:00,
ENR00003479,USR002890,MINDGUARD,active,2025-11-21T00:00:00,
ENR00003480,USR002890,HEALTH_RESERVE,active,2025-11-25T03:00:00,
ENR00003481,USR002891,MINDGUARD,active,2026-02-08T01:00:00,
ENR00003482,USR002891,HEALTH_RESERVE,active,2026-02-07T02:00:00,
ENR00003483,USR002892,MINDGUARD,active,2025-12-26T12:00:00,
ENR00003484,USR002893,HEALTH_RESERVE,active,2025-11-14T16:00:00,
ENR00003485,USR002894,HEALTH_RESERVE,active,2026-01-02T06:00:00,
ENR00003486,USR002895,MINDGUARD,active,2025-12-31T05:00:00,
ENR00003487,USR002896,MINDGUARD,active,2026-01-07T00:00:00,
ENR00003488,USR002897,MINDGUARD,active,2026-01-06T07:00:00,
ENR00003489,USR002897,HEALTH_RESERVE,active,2025-12-31T10:00:00,
ENR00003490,USR002898,MINDGUARD,active,2026-02-03T20:00:00,
ENR00003491,USR002899,MINDGUARD,active,2025-10-18T17:00:00,
ENR00003492,USR002900,HEALTH_RESERVE,active,2025-12-07T18:00:00,
ENR00003493,USR002901,MINDGUARD,active,2026-02-01T07:00:00,
ENR00003494,USR002902,MINDGUARD,active,2026-01-07T14:00:00,
ENR00003495,USR002903,MINDGUARD,active,2026-02-12T15:00:00,
ENR00003496,USR002904,MINDGUARD,active,2025-11-26T21:00:00,
ENR00003497,USR002904,HEALTH_RESERVE,active,2025-11-28T04:00:00,
ENR00003498,USR002905,MINDGUARD,active,2026-01-15T21:00:00,
ENR00003499,USR002905,HEALTH_RESERVE,active,2026-01-22T19:00:00,
ENR00003500,USR002906,MINDGUARD,active,2025-12-22T20:00:00,
ENR00003501,USR002907,MINDGUARD,active,2026-02-02T01:00:00,
ENR00003502,USR002908,HEALTH_RESERVE,active,2026-01-29T03:00:00,
ENR00003503,USR002909,MINDGUARD,active,2026-01-17T05:00:00,
ENR00003504,USR002909,HEALTH_RESERVE,active,2026-01-12T06:00:00,
ENR00003505,USR002910,MINDGUARD,active,2026-01-16T17:00:00,
ENR00003506,USR002911,MINDGUARD,active,2025-11-07T12:00:00,
ENR00003507,USR002912,MINDGUARD,active,2025-12-28T10:00:00,
ENR00003508,USR002913,MINDGUARD,active,2025-12-03T18:00:00,
ENR00003509,USR002914,MINDGUARD,active,2025-12-07T13:00:00,
ENR00003510,USR002915,MINDGUARD,active,2025-11-05T09:00:00,
ENR00003511,USR002916,HEALTH_RESERVE,active,2025-11-11T11:00:00,
ENR00003512,USR002917,MINDGUARD,active,2026-02-11T16:00:00,
ENR00003513,USR002918,MINDGUARD,active,2026-01-03T04:00:00,
ENR00003514,USR002919,MINDGUARD,active,2026-01-28T20:00:00,
ENR00003515,USR002920,MINDGUARD,active,2025-10-26T11:00:00,
ENR00003516,USR002921,MINDGUARD,active,2025-10-02T11:00:00,
ENR00003517,USR002922,HEALTH_RESERVE,active,2025-10-03T01:00:00,
ENR00003518,USR002923,MINDGUARD,active,2026-01-28T20:00:00,
ENR00003519,USR002923,HEALTH_RESERVE,active,2026-02-08T01:00:00,
ENR00003520,USR002924,MINDGUARD,active,2025-10-28T06:00:00,
ENR00003521,USR002925,MINDGUARD,active,2025-10-21T01:00:00,
ENR00003522,USR002926,MINDGUARD,active,2026-01-14T21:00:00,
ENR00003523,USR002927,MINDGUARD,active,2025-10-25T13:00:00,
ENR00003524,USR002927,HEALTH_RESERVE,active,2025-10-14T11:00:00,
ENR00003525,USR002928,MINDGUARD,active,2026-01-30T16:00:00,
ENR00003526,USR002928,HEALTH_RESERVE,active,2026-02-03T10:00:00,
ENR00003527,USR002929,MINDGUARD,active,2025-09-17T07:00:00,
ENR00003528,USR002930,HEALTH_RESERVE,active,2026-01-22T13:00:00,
ENR00003529,USR002931,MINDGUARD,active,2025-11-21T02:00:00,
ENR00003530,USR002932,HEALTH_RESERVE,active,2025-12-24T21:00:00,
ENR00003531,USR002933,HEALTH_RESERVE,active,2025-11-28T02:00:00,
ENR00003532,USR002934,MINDGUARD,discontinued,2025-10-13T23:00:00,2026-05-05T23:37:00
ENR00003533,USR002935,HEALTH_RESERVE,active,2025-12-02T18:00:00,
ENR00003534,USR002936,HEALTH_RESERVE,active,2025-12-19T23:00:00,
ENR00003535,USR002937,MINDGUARD,active,2026-02-10T03:00:00,
ENR00003536,USR002938,MINDGUARD,active,2025-09-15T09:00:00,
ENR00003537,USR002939,HEALTH_RESERVE,active,2026-01-31T05:00:00,
ENR00003538,USR002940,MINDGUARD,active,2026-02-03T04:00:00,
ENR00003539,USR002940,HEALTH_RESERVE,active,2026-02-01T10:00:00,
ENR00003540,USR002941,MINDGUARD,active,2025-11-19T03:00:00,
ENR00003541,USR002942,MINDGUARD,active,2026-01-23T22:00:00,
ENR00003542,USR002943,MINDGUARD,active,2025-09-27T02:00:00,
ENR00003543,USR002944,HEALTH_RESERVE,active,2025-10-31T16:00:00,
ENR00003544,USR002945,HEALTH_RESERVE,active,2026-02-04T17:00:00,
ENR00003545,USR002946,MINDGUARD,discontinued,2026-01-13T16:00:00,2026-06-21T16:13:00
ENR00003546,USR002946,HEALTH_RESERVE,active,2026-01-06T19:00:00,
ENR00003547,USR002947,MINDGUARD,active,2025-10-25T19:00:00,
ENR00003548,USR002947,HEALTH_RESERVE,active,2025-10-27T22:00:00,
ENR00003549,USR002948,HEALTH_RESERVE,active,2025-10-18T07:00:00,
ENR00003550,USR002949,HEALTH_RESERVE,active,2025-10-19T00:00:00,
ENR00003551,USR002950,HEALTH_RESERVE,active,2025-10-26T16:00:00,
ENR00003552,USR002951,HEALTH_RESERVE,active,2025-12-17T10:00:00,
ENR00003553,USR002952,MINDGUARD,active,2026-02-01T17:00:00,
ENR00003554,USR002953,HEALTH_RESERVE,active,2026-02-09T13:00:00,
ENR00003555,USR002954,MINDGUARD,active,2026-02-07T14:00:00,
ENR00003556,USR002955,MINDGUARD,active,2026-01-24T16:00:00,
ENR00003557,USR002956,MINDGUARD,active,2025-12-23T13:00:00,
ENR00003558,USR002956,HEALTH_RESERVE,active,2025-12-27T22:00:00,
ENR00003559,USR002957,MINDGUARD,active,2025-11-07T17:00:00,
ENR00003560,USR002958,MINDGUARD,active,2025-12-01T17:00:00,
ENR00003561,USR002959,MINDGUARD,active,2025-09-23T11:00:00,
ENR00003562,USR002960,MINDGUARD,active,2026-01-01T13:00:00,
ENR00003563,USR002961,MINDGUARD,active,2025-12-18T08:00:00,
ENR00003564,USR002962,MINDGUARD,active,2026-01-14T06:00:00,
ENR00003565,USR002963,HEALTH_RESERVE,active,2025-11-09T10:00:00,
ENR00003566,USR002964,HEALTH_RESERVE,active,2025-10-23T07:00:00,
ENR00003567,USR002965,MINDGUARD,active,2025-10-16T12:00:00,
ENR00003568,USR002966,MINDGUARD,active,2025-10-30T10:00:00,
ENR00003569,USR002967,HEALTH_RESERVE,active,2025-11-03T04:00:00,
ENR00003570,USR002968,MINDGUARD,active,2026-02-02T13:00:00,
ENR00003571,USR002969,HEALTH_RESERVE,active,2026-01-11T04:00:00,
ENR00003572,USR002970,MINDGUARD,active,2026-02-05T15:00:00,
ENR00003573,USR002970,HEALTH_RESERVE,active,2026-02-03T05:00:00,
ENR00003574,USR002971,MINDGUARD,active,2025-10-31T20:00:00,
ENR00003575,USR002972,MINDGUARD,active,2026-01-23T15:00:00,
ENR00003576,USR002973,MINDGUARD,active,2025-12-14T00:00:00,
ENR00003577,USR002974,MINDGUARD,active,2025-11-04T15:00:00,
ENR00003578,USR002975,HEALTH_RESERVE,active,2025-11-03T07:00:00,
ENR00003579,USR002976,MINDGUARD,active,2026-01-24T12:00:00,
ENR00003580,USR002977,MINDGUARD,active,2026-02-07T19:00:00,
ENR00003581,USR002978,MINDGUARD,active,2025-12-23T00:00:00,
ENR00003582,USR002979,MINDGUARD,active,2026-01-25T04:00:00,
ENR00003583,USR002980,MINDGUARD,active,2026-01-01T04:00:00,
ENR00003584,USR002980,HEALTH_RESERVE,active,2025-12-29T07:00:00,
ENR00003585,USR002981,MINDGUARD,active,2025-09-28T18:00:00,
ENR00003586,USR002982,MINDGUARD,active,2026-02-20T12:00:00,
ENR00003587,USR002983,HEALTH_RESERVE,active,2025-12-24T22:00:00,
ENR00003588,USR002984,MINDGUARD,active,2025-09-29T05:00:00,
ENR00003589,USR002985,MINDGUARD,active,2025-12-02T15:00:00,
ENR00003590,USR002986,MINDGUARD,active,2025-11-19T07:00:00,
ENR00003591,USR002987,MINDGUARD,active,2025-12-31T22:00:00,
ENR00003592,USR002987,HEALTH_RESERVE,active,2026-01-03T23:00:00,
ENR00003593,USR002988,HEALTH_RESERVE,active,2025-12-01T16:00:00,
ENR00003594,USR002989,MINDGUARD,active,2026-02-03T02:00:00,
ENR00003595,USR002990,MINDGUARD,active,2025-09-30T22:00:00,
ENR00003596,USR002990,HEALTH_RESERVE,active,2025-09-23T12:00:00,
ENR00003597,USR002991,MINDGUARD,active,2025-10-23T04:00:00,
ENR00003598,USR002992,MINDGUARD,active,2025-12-07T09:00:00,
ENR00003599,USR002992,HEALTH_RESERVE,active,2025-12-14T09:00:00,
ENR00003600,USR002993,MINDGUARD,active,2025-10-20T07:00:00,
ENR00003601,USR002993,HEALTH_RESERVE,active,2025-10-27T12:00:00,
ENR00003602,USR002994,MINDGUARD,active,2026-01-27T05:00:00,
ENR00003603,USR002995,MINDGUARD,active,2025-12-02T05:00:00,
ENR00003604,USR002996,HEALTH_RESERVE,active,2025-12-30T10:00:00,
ENR00003605,USR002997,MINDGUARD,active,2026-01-20T12:00:00,
ENR00003606,USR002997,HEALTH_RESERVE,active,2026-01-28T15:00:00,
ENR00003607,USR002998,MINDGUARD,active,2025-12-06T07:00:00,
ENR00003608,USR002999,MINDGUARD,active,2025-10-14T07:00:00,
ENR00003609,USR003000,MINDGUARD,active,2025-10-01T14:00:00,
ENR00003610,USR003001,MINDGUARD,active,2026-01-12T06:00:00,
ENR00003611,USR003002,MINDGUARD,active,2025-11-19T02:00:00,
ENR00003612,USR003003,HEALTH_RESERVE,active,2025-12-31T01:00:00,
ENR00003613,USR003004,HEALTH_RESERVE,active,2026-01-03T23:00:00,
ENR00003614,USR003005,MINDGUARD,active,2025-09-23T09:00:00,
ENR00003615,USR003006,MINDGUARD,active,2025-11-17T18:00:00,
ENR00003616,USR003007,HEALTH_RESERVE,active,2025-10-17T21:00:00,
ENR00003617,USR003008,MINDGUARD,active,2025-11-15T04:00:00,
ENR00003618,USR003009,MINDGUARD,active,2025-10-16T09:00:00,
ENR00003619,USR003010,HEALTH_RESERVE,active,2026-02-04T09:00:00,
ENR00003620,USR003011,MINDGUARD,active,2025-11-20T07:00:00,
ENR00003621,USR003012,MINDGUARD,active,2025-09-27T22:00:00,
ENR00003622,USR003013,MINDGUARD,active,2025-12-01T23:00:00,
ENR00003623,USR003014,MINDGUARD,active,2025-12-12T12:00:00,
ENR00003624,USR003015,MINDGUARD,active,2025-10-03T02:00:00,
ENR00003625,USR003016,MINDGUARD,active,2025-12-09T02:00:00,
ENR00003626,USR003017,MINDGUARD,active,2026-02-03T14:00:00,
ENR00003627,USR003018,MINDGUARD,active,2026-01-30T07:00:00,
ENR00003628,USR003019,HEALTH_RESERVE,active,2026-01-29T14:00:00,
ENR00003629,USR003020,MINDGUARD,active,2025-12-28T13:00:00,
ENR00003630,USR003021,MINDGUARD,active,2025-12-07T01:00:00,
ENR00003631,USR003021,HEALTH_RESERVE,active,2025-12-07T04:00:00,
ENR00003632,USR003022,MINDGUARD,active,2025-12-30T23:00:00,
ENR00003633,USR003023,MINDGUARD,active,2025-11-20T14:00:00,
ENR00003634,USR003024,MINDGUARD,active,2025-11-18T14:00:00,
ENR00003635,USR003025,MINDGUARD,active,2025-10-31T09:00:00,
ENR00003636,USR003026,HEALTH_RESERVE,active,2026-01-12T12:00:00,
ENR00003637,USR003027,MINDGUARD,active,2026-01-19T12:00:00,
ENR00003638,USR003027,HEALTH_RESERVE,active,2026-01-22T09:00:00,
ENR00003639,USR003028,MINDGUARD,active,2025-12-26T00:00:00,
ENR00003640,USR003029,MINDGUARD,active,2026-01-17T23:00:00,
ENR00003641,USR003030,MINDGUARD,active,2025-10-11T23:00:00,
ENR00003642,USR003030,HEALTH_RESERVE,active,2025-10-23T01:00:00,
ENR00003643,USR003031,MINDGUARD,active,2026-01-16T21:00:00,
ENR00003644,USR003031,HEALTH_RESERVE,active,2026-01-18T15:00:00,
ENR00003645,USR003032,MINDGUARD,active,2025-10-13T16:00:00,
ENR00003646,USR003033,MINDGUARD,active,2026-01-20T10:00:00,
ENR00003647,USR003034,MINDGUARD,active,2026-02-02T22:00:00,
ENR00003648,USR003035,MINDGUARD,active,2025-10-14T07:00:00,
ENR00003649,USR003036,HEALTH_RESERVE,active,2026-02-03T04:00:00,
ENR00003650,USR003037,MINDGUARD,active,2025-10-30T06:00:00,
ENR00003651,USR003037,HEALTH_RESERVE,active,2025-11-04T05:00:00,
ENR00003652,USR003038,HEALTH_RESERVE,active,2025-10-25T18:00:00,
ENR00003653,USR003039,HEALTH_RESERVE,active,2025-09-29T02:00:00,
ENR00003654,USR003040,HEALTH_RESERVE,active,2026-02-16T01:00:00,
ENR00003655,USR003041,MINDGUARD,active,2026-02-04T18:00:00,
ENR00003656,USR003042,MINDGUARD,active,2025-11-12T09:00:00,
ENR00003657,USR003043,MINDGUARD,active,2025-10-25T03:00:00,
ENR00003658,USR003044,MINDGUARD,active,2025-12-10T22:00:00,
ENR00003659,USR003045,MINDGUARD,active,2025-10-29T03:00:00,
ENR00003660,USR003046,MINDGUARD,active,2025-12-24T14:00:00,
ENR00003661,USR003047,MINDGUARD,active,2026-01-31T23:00:00,
ENR00003662,USR003048,HEALTH_RESERVE,active,2025-11-06T19:00:00,
ENR00003663,USR003049,MINDGUARD,active,2025-09-28T20:00:00,
ENR00003664,USR003049,HEALTH_RESERVE,active,2025-09-28T17:00:00,
ENR00003665,USR003050,MINDGUARD,active,2026-02-11T15:00:00,
ENR00003666,USR003050,HEALTH_RESERVE,active,2026-02-07T18:00:00,
ENR00003667,USR003051,MINDGUARD,active,2025-10-06T22:00:00,
ENR00003668,USR003052,MINDGUARD,active,2025-12-29T07:00:00,
ENR00003669,USR003053,MINDGUARD,active,2025-11-20T00:00:00,
ENR00003670,USR003054,MINDGUARD,active,2025-10-03T12:00:00,
ENR00003671,USR003054,HEALTH_RESERVE,active,2025-10-01T12:00:00,
ENR00003672,USR003055,MINDGUARD,active,2026-01-17T11:00:00,
ENR00003673,USR003056,MINDGUARD,active,2025-09-24T21:00:00,
ENR00003674,USR003057,MINDGUARD,active,2025-10-25T15:00:00,
ENR00003675,USR003058,HEALTH_RESERVE,active,2025-09-22T09:00:00,
ENR00003676,USR003059,MINDGUARD,active,2026-02-08T13:00:00,
ENR00003677,USR003059,HEALTH_RESERVE,active,2026-02-10T10:00:00,
ENR00003678,USR003060,MINDGUARD,active,2025-10-06T09:00:00,
ENR00003679,USR003061,MINDGUARD,active,2025-12-22T14:00:00,
ENR00003680,USR003062,MINDGUARD,active,2026-01-31T04:00:00,
ENR00003681,USR003063,MINDGUARD,active,2026-02-07T12:00:00,
ENR00003682,USR003064,MINDGUARD,active,2026-01-12T00:00:00,
ENR00003683,USR003065,MINDGUARD,active,2025-10-03T16:00:00,
ENR00003684,USR003065,HEALTH_RESERVE,active,2025-10-06T01:00:00,
ENR00003685,USR003066,MINDGUARD,active,2025-10-31T01:00:00,
ENR00003686,USR003067,MINDGUARD,active,2025-12-02T22:00:00,
ENR00003687,USR003068,HEALTH_RESERVE,active,2025-11-20T17:00:00,
ENR00003688,USR003069,MINDGUARD,active,2025-10-13T22:00:00,
ENR00003689,USR003070,MINDGUARD,active,2026-02-18T02:00:00,
ENR00003690,USR003071,MINDGUARD,active,2026-01-18T22:00:00,
ENR00003691,USR003072,MINDGUARD,active,2025-10-11T08:00:00,
ENR00003692,USR003073,MINDGUARD,active,2026-02-17T01:00:00,
ENR00003693,USR003074,MINDGUARD,active,2025-12-16T00:00:00,
ENR00003694,USR003075,MINDGUARD,active,2026-02-21T22:00:00,
ENR00003695,USR003076,MINDGUARD,active,2025-12-01T04:00:00,
ENR00003696,USR003077,MINDGUARD,active,2026-01-18T21:00:00,
ENR00003697,USR003078,MINDGUARD,active,2025-09-29T18:00:00,
ENR00003698,USR003079,MINDGUARD,active,2025-11-19T10:00:00,
ENR00003699,USR003080,MINDGUARD,active,2026-01-10T19:00:00,
ENR00003700,USR003081,MINDGUARD,active,2025-10-30T11:00:00,
ENR00003701,USR003082,MINDGUARD,active,2025-11-25T10:00:00,
ENR00003702,USR003083,MINDGUARD,active,2025-10-23T02:00:00,
ENR00003703,USR003084,MINDGUARD,active,2026-01-22T13:00:00,
ENR00003704,USR003084,HEALTH_RESERVE,active,2026-01-25T15:00:00,
ENR00003705,USR003085,MINDGUARD,active,2026-01-01T15:00:00,
ENR00003706,USR003086,HEALTH_RESERVE,active,2025-11-16T01:00:00,
ENR00003707,USR003087,HEALTH_RESERVE,active,2025-10-30T21:00:00,
ENR00003708,USR003088,MINDGUARD,active,2026-01-28T07:00:00,
ENR00003709,USR003089,MINDGUARD,active,2025-11-22T01:00:00,
ENR00003710,USR003089,HEALTH_RESERVE,active,2025-12-04T00:00:00,
ENR00003711,USR003090,MINDGUARD,active,2025-10-30T23:00:00,
ENR00003712,USR003091,MINDGUARD,active,2025-09-18T19:00:00,
ENR00003713,USR003092,HEALTH_RESERVE,active,2026-01-24T00:00:00,
ENR00003714,USR003093,HEALTH_RESERVE,active,2025-12-17T16:00:00,
ENR00003715,USR003094,MINDGUARD,active,2025-09-18T22:00:00,
ENR00003716,USR003095,MINDGUARD,active,2025-09-30T16:00:00,
ENR00003717,USR003096,MINDGUARD,active,2026-01-18T19:00:00,
ENR00003718,USR003097,MINDGUARD,active,2025-11-10T04:00:00,
ENR00003719,USR003098,MINDGUARD,active,2025-10-24T00:00:00,
ENR00003720,USR003099,HEALTH_RESERVE,active,2026-02-24T09:00:00,
ENR00003721,USR003100,HEALTH_RESERVE,active,2025-11-28T06:00:00,
ENR00003722,USR003101,MINDGUARD,active,2026-01-19T02:00:00,
ENR00003723,USR003102,HEALTH_RESERVE,active,2026-02-04T06:00:00,
ENR00003724,USR003103,MINDGUARD,active,2026-01-21T04:00:00,
ENR00003725,USR003104,MINDGUARD,active,2026-01-06T23:00:00,
ENR00003726,USR003105,MINDGUARD,active,2025-09-24T00:00:00,
ENR00003727,USR003105,HEALTH_RESERVE,active,2025-09-29T21:00:00,
ENR00003728,USR003106,MINDGUARD,active,2025-10-02T14:00:00,
ENR00003729,USR003107,MINDGUARD,active,2025-12-01T04:00:00,
ENR00003730,USR003108,HEALTH_RESERVE,active,2025-11-28T17:00:00,
ENR00003731,USR003109,HEALTH_RESERVE,active,2026-01-22T20:00:00,
ENR00003732,USR003110,MINDGUARD,active,2026-02-08T04:00:00,
ENR00003733,USR003111,MINDGUARD,active,2026-01-01T03:00:00,
ENR00003734,USR003112,MINDGUARD,active,2026-01-25T01:00:00,
ENR00003735,USR003113,MINDGUARD,active,2025-11-02T15:00:00,
ENR00003736,USR003113,HEALTH_RESERVE,active,2025-11-04T11:00:00,
ENR00003737,USR003114,MINDGUARD,active,2026-02-07T23:00:00,
ENR00003738,USR003114,HEALTH_RESERVE,active,2026-02-09T02:00:00,
ENR00003739,USR003115,MINDGUARD,active,2025-10-20T03:00:00,
ENR00003740,USR003115,HEALTH_RESERVE,active,2025-10-24T10:00:00,
ENR00003741,USR003116,HEALTH_RESERVE,active,2025-11-27T23:00:00,
ENR00003742,USR003117,MINDGUARD,active,2025-11-29T15:00:00,
ENR00003743,USR003118,MINDGUARD,active,2025-11-25T05:00:00,
ENR00003744,USR003119,MINDGUARD,active,2025-10-03T00:00:00,
ENR00003745,USR003120,MINDGUARD,active,2025-09-26T11:00:00,
ENR00003746,USR003121,MINDGUARD,active,2025-10-04T02:00:00,
ENR00003747,USR003121,HEALTH_RESERVE,active,2025-10-02T03:00:00,
ENR00003748,USR003122,MINDGUARD,active,2026-02-01T07:00:00,
ENR00003749,USR003122,HEALTH_RESERVE,active,2026-02-05T03:00:00,
ENR00003750,USR003123,MINDGUARD,active,2026-02-14T09:00:00,
ENR00003751,USR003123,HEALTH_RESERVE,active,2026-02-03T17:00:00,
ENR00003752,USR003124,MINDGUARD,active,2025-10-17T06:00:00,
ENR00003753,USR003125,MINDGUARD,active,2025-12-16T19:00:00,
ENR00003754,USR003125,HEALTH_RESERVE,active,2025-12-17T19:00:00,
ENR00003755,USR003126,MINDGUARD,active,2025-10-15T03:00:00,
ENR00003756,USR003127,HEALTH_RESERVE,active,2025-09-30T14:00:00,
ENR00003757,USR003128,MINDGUARD,active,2025-10-12T11:00:00,
ENR00003758,USR003129,HEALTH_RESERVE,active,2026-01-17T06:00:00,
ENR00003759,USR003130,MINDGUARD,active,2025-11-23T13:00:00,
ENR00003760,USR003131,MINDGUARD,active,2026-01-09T01:00:00,
ENR00003761,USR003131,HEALTH_RESERVE,active,2026-01-09T05:00:00,
ENR00003762,USR003132,MINDGUARD,active,2025-10-13T20:00:00,
ENR00003763,USR003132,HEALTH_RESERVE,active,2025-10-02T18:00:00,
ENR00003764,USR003133,MINDGUARD,active,2025-11-03T22:00:00,
ENR00003765,USR003133,HEALTH_RESERVE,active,2025-11-03T04:00:00,
ENR00003766,USR003134,MINDGUARD,active,2026-02-06T22:00:00,
ENR00003767,USR003135,MINDGUARD,active,2026-02-17T06:00:00,
ENR00003768,USR003135,HEALTH_RESERVE,active,2026-02-07T13:00:00,
ENR00003769,USR003136,MINDGUARD,active,2025-12-30T04:00:00,
ENR00003770,USR003137,MINDGUARD,active,2026-02-10T20:00:00,
ENR00003771,USR003138,MINDGUARD,active,2026-01-20T18:00:00,
ENR00003772,USR003138,HEALTH_RESERVE,active,2026-01-16T00:00:00,
ENR00003773,USR003139,MINDGUARD,active,2025-12-29T23:00:00,
ENR00003774,USR003140,MINDGUARD,active,2026-02-07T17:00:00,
ENR00003775,USR003141,HEALTH_RESERVE,active,2025-10-20T23:00:00,
ENR00003776,USR003142,MINDGUARD,active,2025-10-13T03:00:00,
ENR00003777,USR003143,MINDGUARD,active,2026-02-13T21:00:00,
ENR00003778,USR003143,HEALTH_RESERVE,active,2026-02-20T01:00:00,
ENR00003779,USR003144,MINDGUARD,active,2025-12-31T17:00:00,
ENR00003780,USR003145,MINDGUARD,active,2025-10-23T09:00:00,
ENR00003781,USR003146,MINDGUARD,active,2025-10-25T19:00:00,
ENR00003782,USR003147,MINDGUARD,active,2025-11-18T22:00:00,
ENR00003783,USR003148,HEALTH_RESERVE,active,2026-01-13T08:00:00,
ENR00003784,USR003149,MINDGUARD,active,2026-01-02T19:00:00,
ENR00003785,USR003150,MINDGUARD,active,2025-11-13T20:00:00,
ENR00003786,USR003151,MINDGUARD,discontinued,2025-09-30T07:00:00,2026-03-08T08:02:00
ENR00003787,USR003151,HEALTH_RESERVE,active,2025-09-18T07:00:00,
ENR00003788,USR003152,MINDGUARD,active,2025-10-20T03:00:00,
ENR00003789,USR003153,MINDGUARD,active,2025-12-19T20:00:00,
ENR00003790,USR003153,HEALTH_RESERVE,active,2025-12-15T12:00:00,
ENR00003791,USR003154,MINDGUARD,active,2026-02-19T07:00:00,
ENR00003792,USR003154,HEALTH_RESERVE,active,2026-02-06T09:00:00,
ENR00003793,USR003155,MINDGUARD,active,2025-10-03T10:00:00,
ENR00003794,USR003156,MINDGUARD,active,2025-11-06T02:00:00,
ENR00003795,USR003157,MINDGUARD,active,2025-12-26T23:00:00,
ENR00003796,USR003158,MINDGUARD,active,2025-11-27T15:00:00,
ENR00003797,USR003159,MINDGUARD,active,2025-10-24T14:00:00,
ENR00003798,USR003160,MINDGUARD,active,2025-10-17T13:00:00,
ENR00003799,USR003160,HEALTH_RESERVE,active,2025-10-19T12:00:00,
ENR00003800,USR003161,MINDGUARD,active,2026-01-19T09:00:00,
ENR00003801,USR003162,HEALTH_RESERVE,active,2025-12-05T18:00:00,
ENR00003802,USR003163,HEALTH_RESERVE,active,2026-02-02T13:00:00,
ENR00003803,USR003164,MINDGUARD,active,2026-02-03T01:00:00,
ENR00003804,USR003164,HEALTH_RESERVE,active,2026-01-27T03:00:00,
ENR00003805,USR003165,MINDGUARD,active,2025-10-21T21:00:00,
ENR00003806,USR003165,HEALTH_RESERVE,active,2025-10-14T06:00:00,
ENR00003807,USR003166,MINDGUARD,active,2025-11-28T05:00:00,
ENR00003808,USR003167,MINDGUARD,active,2026-02-06T09:00:00,
ENR00003809,USR003168,MINDGUARD,active,2025-10-21T06:00:00,
ENR00003810,USR003169,HEALTH_RESERVE,active,2025-11-09T02:00:00,
ENR00003811,USR003170,HEALTH_RESERVE,active,2025-11-03T22:00:00,
ENR00003812,USR003171,MINDGUARD,active,2026-01-28T23:00:00,
ENR00003813,USR003172,MINDGUARD,active,2025-10-07T00:00:00,
ENR00003814,USR003173,HEALTH_RESERVE,active,2025-11-23T14:00:00,
ENR00003815,USR003174,MINDGUARD,active,2026-01-21T23:00:00,
ENR00003816,USR003174,HEALTH_RESERVE,active,2026-01-23T05:00:00,
ENR00003817,USR003175,MINDGUARD,active,2025-11-09T22:00:00,
ENR00003818,USR003176,HEALTH_RESERVE,active,2026-02-10T12:00:00,
ENR00003819,USR003177,MINDGUARD,active,2026-01-25T19:00:00,
ENR00003820,USR003178,MINDGUARD,active,2025-12-18T19:00:00,
ENR00003821,USR003179,MINDGUARD,active,2026-02-05T22:00:00,
ENR00003822,USR003179,HEALTH_RESERVE,active,2026-02-02T23:00:00,
ENR00003823,USR003180,MINDGUARD,active,2026-01-04T15:00:00,
ENR00003824,USR003180,HEALTH_RESERVE,active,2026-01-10T11:00:00,
ENR00003825,USR003181,MINDGUARD,active,2025-10-09T15:00:00,
ENR00003826,USR003181,HEALTH_RESERVE,active,2025-10-13T15:00:00,
ENR00003827,USR003182,MINDGUARD,active,2026-01-17T18:00:00,
ENR00003828,USR003183,MINDGUARD,active,2026-01-14T04:00:00,
ENR00003829,USR003184,HEALTH_RESERVE,active,2025-12-21T23:00:00,
ENR00003830,USR003185,MINDGUARD,active,2025-12-06T02:00:00,
ENR00003831,USR003186,HEALTH_RESERVE,active,2026-01-08T17:00:00,
ENR00003832,USR003187,HEALTH_RESERVE,active,2025-10-03T16:00:00,
ENR00003833,USR003188,MINDGUARD,active,2025-10-29T02:00:00,
ENR00003834,USR003189,MINDGUARD,active,2026-01-19T04:00:00,
ENR00003835,USR003190,HEALTH_RESERVE,active,2026-01-28T20:00:00,
ENR00003836,USR003191,MINDGUARD,active,2025-10-17T10:00:00,
ENR00003837,USR003192,MINDGUARD,active,2025-09-19T20:00:00,
ENR00003838,USR003193,MINDGUARD,active,2026-02-04T06:00:00,
ENR00003839,USR003194,HEALTH_RESERVE,active,2025-11-19T09:00:00,
ENR00003840,USR003195,MINDGUARD,active,2025-10-23T18:00:00,
ENR00003841,USR003196,MINDGUARD,active,2025-12-23T16:00:00,
ENR00003842,USR003196,HEALTH_RESERVE,active,2025-12-27T19:00:00,
ENR00003843,USR003197,MINDGUARD,active,2025-09-20T13:00:00,
ENR00003844,USR003198,HEALTH_RESERVE,active,2026-01-10T08:00:00,
ENR00003845,USR003199,HEALTH_RESERVE,active,2025-09-22T08:00:00,
ENR00003846,USR003200,MINDGUARD,active,2025-12-27T16:00:00,
ENR00003847,USR003200,HEALTH_RESERVE,active,2026-01-04T14:00:00,
ENR00003848,USR003201,MINDGUARD,active,2025-10-01T14:00:00,
ENR00003849,USR003202,MINDGUARD,active,2026-02-04T20:00:00,
ENR00003850,USR003203,MINDGUARD,active,2026-02-05T13:00:00,
ENR00003851,USR003203,HEALTH_RESERVE,active,2026-01-29T11:00:00,
ENR00003852,USR003204,MINDGUARD,active,2026-02-01T20:00:00,
ENR00003853,USR003204,HEALTH_RESERVE,active,2026-01-26T00:00:00,
ENR00003854,USR003205,HEALTH_RESERVE,active,2025-11-26T14:00:00,
ENR00003855,USR003206,MINDGUARD,active,2025-09-25T05:00:00,
ENR00003856,USR003207,MINDGUARD,active,2025-10-08T11:00:00,
ENR00003857,USR003208,MINDGUARD,active,2025-09-24T01:00:00,
ENR00003858,USR003209,MINDGUARD,active,2025-09-26T09:00:00,
ENR00003859,USR003210,MINDGUARD,active,2026-01-15T22:00:00,
ENR00003860,USR003210,HEALTH_RESERVE,active,2026-01-20T22:00:00,
ENR00003861,USR003211,MINDGUARD,active,2025-12-19T04:00:00,
ENR00003862,USR003211,HEALTH_RESERVE,active,2025-12-09T07:00:00,
ENR00003863,USR003212,HEALTH_RESERVE,active,2026-02-05T12:00:00,
ENR00003864,USR003213,MINDGUARD,active,2025-11-10T21:00:00,
ENR00003865,USR003213,HEALTH_RESERVE,active,2025-11-05T17:00:00,
ENR00003866,USR003214,MINDGUARD,active,2026-02-09T13:00:00,
ENR00003867,USR003215,MINDGUARD,active,2025-09-28T05:00:00,
ENR00003868,USR003216,MINDGUARD,active,2025-11-24T01:00:00,
ENR00003869,USR003217,MINDGUARD,active,2025-11-23T18:00:00,
ENR00003870,USR003218,MINDGUARD,active,2026-02-05T04:00:00,
ENR00003871,USR003219,MINDGUARD,active,2025-12-30T08:00:00,
ENR00003872,USR003220,MINDGUARD,active,2025-11-19T03:00:00,
ENR00003873,USR003221,MINDGUARD,active,2025-11-07T16:00:00,
ENR00003874,USR003222,HEALTH_RESERVE,active,2025-10-27T21:00:00,
ENR00003875,USR003223,MINDGUARD,active,2025-10-01T09:00:00,
ENR00003876,USR003224,MINDGUARD,active,2025-12-26T04:00:00,
ENR00003877,USR003225,MINDGUARD,active,2025-10-19T18:00:00,
ENR00003878,USR003226,HEALTH_RESERVE,active,2025-12-09T08:00:00,
ENR00003879,USR003227,MINDGUARD,active,2025-12-23T15:00:00,
ENR00003880,USR003228,MINDGUARD,active,2026-02-14T01:00:00,
ENR00003881,USR003229,MINDGUARD,active,2025-09-29T23:00:00,
ENR00003882,USR003230,MINDGUARD,active,2026-01-16T07:00:00,
ENR00003883,USR003231,MINDGUARD,active,2025-10-19T13:00:00,
ENR00003884,USR003232,MINDGUARD,active,2025-12-05T00:00:00,
ENR00003885,USR003233,HEALTH_RESERVE,active,2025-10-01T01:00:00,
ENR00003886,USR003234,HEALTH_RESERVE,active,2026-01-25T06:00:00,
ENR00003887,USR003235,HEALTH_RESERVE,active,2025-10-20T06:00:00,
ENR00003888,USR003236,HEALTH_RESERVE,active,2025-11-11T17:00:00,
ENR00003889,USR003237,MINDGUARD,active,2025-12-09T10:00:00,
ENR00003890,USR003238,MINDGUARD,active,2026-01-22T19:00:00,
ENR00003891,USR003239,MINDGUARD,active,2025-12-11T09:00:00,
ENR00003892,USR003240,MINDGUARD,active,2025-12-14T08:00:00,
ENR00003893,USR003241,MINDGUARD,active,2025-11-15T15:00:00,
ENR00003894,USR003242,MINDGUARD,active,2025-11-10T06:00:00,
ENR00003895,USR003242,HEALTH_RESERVE,active,2025-11-21T22:00:00,
ENR00003896,USR003243,HEALTH_RESERVE,active,2025-11-11T10:00:00,
ENR00003897,USR003244,MINDGUARD,active,2025-10-26T12:00:00,
ENR00003898,USR003245,MINDGUARD,active,2025-10-04T11:00:00,
ENR00003899,USR003246,MINDGUARD,active,2025-11-09T16:00:00,
ENR00003900,USR003247,HEALTH_RESERVE,active,2025-09-28T01:00:00,
ENR00003901,USR003248,MINDGUARD,active,2025-09-17T10:00:00,
ENR00003902,USR003248,HEALTH_RESERVE,active,2025-09-20T12:00:00,
ENR00003903,USR003249,MINDGUARD,active,2025-10-05T13:00:00,
ENR00003904,USR003249,HEALTH_RESERVE,active,2025-10-06T15:00:00,
ENR00003905,USR003250,MINDGUARD,active,2026-01-10T08:00:00,
ENR00003906,USR003251,HEALTH_RESERVE,active,2025-11-05T17:00:00,
ENR00003907,USR003252,MINDGUARD,active,2025-11-22T04:00:00,
ENR00003908,USR003253,MINDGUARD,active,2025-11-09T17:00:00,
ENR00003909,USR003253,HEALTH_RESERVE,active,2025-10-31T17:00:00,
ENR00003910,USR003254,MINDGUARD,active,2025-11-11T21:00:00,
ENR00003911,USR003255,MINDGUARD,active,2025-11-04T08:00:00,
ENR00003912,USR003256,MINDGUARD,active,2025-12-22T09:00:00,
ENR00003913,USR003257,HEALTH_RESERVE,active,2026-02-12T23:00:00,
ENR00003914,USR003258,MINDGUARD,active,2025-11-07T07:00:00,
ENR00003915,USR003259,MINDGUARD,active,2025-11-04T07:00:00,
ENR00003916,USR003260,MINDGUARD,active,2025-11-22T14:00:00,
ENR00003917,USR003260,HEALTH_RESERVE,active,2025-11-23T11:00:00,
ENR00003918,USR003261,MINDGUARD,active,2025-10-18T10:00:00,
ENR00003919,USR003262,HEALTH_RESERVE,active,2025-11-07T08:00:00,
ENR00003920,USR003263,MINDGUARD,active,2025-11-18T01:00:00,
ENR00003921,USR003264,MINDGUARD,active,2025-12-12T02:00:00,
ENR00003922,USR003265,MINDGUARD,active,2025-12-24T23:00:00,
ENR00003923,USR003265,HEALTH_RESERVE,active,2026-01-05T23:00:00,
ENR00003924,USR003266,HEALTH_RESERVE,active,2025-10-21T05:00:00,
ENR00003925,USR003267,MINDGUARD,active,2025-12-07T00:00:00,
ENR00003926,USR003267,HEALTH_RESERVE,active,2025-12-05T23:00:00,
ENR00003927,USR003268,MINDGUARD,active,2025-09-25T17:00:00,
ENR00003928,USR003269,MINDGUARD,active,2025-10-08T19:00:00,
ENR00003929,USR003269,HEALTH_RESERVE,active,2025-10-08T23:00:00,
ENR00003930,USR003270,MINDGUARD,active,2025-10-30T07:00:00,
ENR00003931,USR003270,HEALTH_RESERVE,active,2025-10-27T01:00:00,
ENR00003932,USR003271,MINDGUARD,active,2025-12-14T07:00:00,
ENR00003933,USR003272,HEALTH_RESERVE,active,2025-12-13T08:00:00,
ENR00003934,USR003273,MINDGUARD,active,2026-02-03T01:00:00,
ENR00003935,USR003274,MINDGUARD,active,2026-01-28T16:00:00,
ENR00003936,USR003275,HEALTH_RESERVE,active,2025-10-28T08:00:00,
ENR00003937,USR003276,HEALTH_RESERVE,active,2025-09-30T03:00:00,
ENR00003938,USR003277,MINDGUARD,active,2025-11-28T06:00:00,
ENR00003939,USR003278,MINDGUARD,active,2026-01-27T04:00:00,
ENR00003940,USR003278,HEALTH_RESERVE,active,2026-01-21T12:00:00,
ENR00003941,USR003279,MINDGUARD,active,2025-12-15T06:00:00,
ENR00003942,USR003280,MINDGUARD,active,2025-12-21T19:00:00,
ENR00003943,USR003280,HEALTH_RESERVE,active,2025-12-22T21:00:00,
ENR00003944,USR003281,MINDGUARD,active,2025-12-22T18:00:00,
ENR00003945,USR003282,MINDGUARD,active,2025-10-17T06:00:00,
ENR00003946,USR003283,MINDGUARD,active,2025-11-23T17:00:00,
ENR00003947,USR003284,HEALTH_RESERVE,active,2025-11-11T18:00:00,
ENR00003948,USR003285,MINDGUARD,active,2026-01-08T12:00:00,
ENR00003949,USR003286,MINDGUARD,active,2025-12-14T22:00:00,
ENR00003950,USR003287,HEALTH_RESERVE,active,2025-10-29T13:00:00,
ENR00003951,USR003288,MINDGUARD,active,2025-11-20T09:00:00,
ENR00003952,USR003289,MINDGUARD,active,2025-11-19T20:00:00,
ENR00003953,USR003290,MINDGUARD,active,2025-10-28T10:00:00,
ENR00003954,USR003291,MINDGUARD,active,2026-01-08T18:00:00,
ENR00003955,USR003292,MINDGUARD,active,2025-10-06T01:00:00,
ENR00003956,USR003293,MINDGUARD,active,2025-10-18T11:00:00,
ENR00003957,USR003293,HEALTH_RESERVE,active,2025-10-23T11:00:00,
ENR00003958,USR003294,HEALTH_RESERVE,active,2025-10-31T13:00:00,
ENR00003959,USR003295,MINDGUARD,active,2026-02-07T13:00:00,
ENR00003960,USR003296,HEALTH_RESERVE,active,2025-10-10T22:00:00,
ENR00003961,USR003297,MINDGUARD,active,2025-12-26T11:00:00,
ENR00003962,USR003298,MINDGUARD,active,2025-12-02T03:00:00,
ENR00003963,USR003299,HEALTH_RESERVE,active,2025-11-17T14:00:00,
ENR00003964,USR003300,MINDGUARD,active,2026-01-27T16:00:00,
ENR00003965,USR003301,MINDGUARD,active,2025-10-28T10:00:00,
ENR00003966,USR003301,HEALTH_RESERVE,active,2025-11-07T14:00:00,
ENR00003967,USR003302,MINDGUARD,active,2026-02-16T08:00:00,
ENR00003968,USR003303,MINDGUARD,active,2025-10-28T10:00:00,
ENR00003969,USR003303,HEALTH_RESERVE,active,2025-10-21T12:00:00,
ENR00003970,USR003304,MINDGUARD,active,2026-01-04T00:00:00,
ENR00003971,USR003304,HEALTH_RESERVE,active,2026-01-11T21:00:00,
ENR00003972,USR003305,MINDGUARD,active,2026-02-16T08:00:00,
ENR00003973,USR003306,MINDGUARD,discontinued,2025-10-14T18:00:00,2026-04-21T18:41:00
ENR00003974,USR003307,MINDGUARD,active,2026-01-21T23:00:00,
ENR00003975,USR003307,HEALTH_RESERVE,active,2026-01-22T23:00:00,
ENR00003976,USR003308,MINDGUARD,active,2026-01-04T16:00:00,
ENR00003977,USR003308,HEALTH_RESERVE,active,2026-01-07T10:00:00,
ENR00003978,USR003309,MINDGUARD,active,2026-01-23T05:00:00,
ENR00003979,USR003310,MINDGUARD,active,2026-01-22T19:00:00,
ENR00003980,USR003311,MINDGUARD,active,2026-02-13T02:00:00,
ENR00003981,USR003312,MINDGUARD,active,2026-01-01T09:00:00,
ENR00003982,USR003312,HEALTH_RESERVE,active,2025-12-29T09:00:00,
ENR00003983,USR003313,MINDGUARD,active,2025-09-27T17:00:00,
ENR00003984,USR003314,MINDGUARD,active,2025-10-19T10:00:00,
ENR00003985,USR003315,MINDGUARD,active,2025-11-08T16:00:00,
ENR00003986,USR003316,MINDGUARD,active,2025-12-28T23:00:00,
ENR00003987,USR003316,HEALTH_RESERVE,active,2025-12-24T18:00:00,
ENR00003988,USR003317,MINDGUARD,active,2026-02-03T01:00:00,
ENR00003989,USR003317,HEALTH_RESERVE,active,2026-02-05T06:00:00,
ENR00003990,USR003318,MINDGUARD,active,2025-12-11T03:00:00,
ENR00003991,USR003319,HEALTH_RESERVE,active,2025-10-14T23:00:00,
ENR00003992,USR003320,MINDGUARD,active,2026-01-19T07:00:00,
ENR00003993,USR003321,MINDGUARD,active,2025-10-23T06:00:00,
ENR00003994,USR003322,MINDGUARD,active,2025-10-22T01:00:00,
ENR00003995,USR003322,HEALTH_RESERVE,active,2025-10-19T10:00:00,
ENR00003996,USR003323,MINDGUARD,active,2026-02-07T10:00:00,
ENR00003997,USR003324,HEALTH_RESERVE,active,2026-01-31T10:00:00,
ENR00003998,USR003325,MINDGUARD,active,2025-10-12T16:00:00,
ENR00003999,USR003326,MINDGUARD,active,2025-10-15T10:00:00,
ENR00004000,USR003327,MINDGUARD,active,2025-10-02T14:00:00,
ENR00004001,USR003327,HEALTH_RESERVE,active,2025-10-06T11:00:00,
ENR00004002,USR003328,MINDGUARD,active,2025-09-15T13:00:00,
ENR00004003,USR003328,HEALTH_RESERVE,active,2025-09-20T15:00:00,
ENR00004004,USR003329,HEALTH_RESERVE,active,2025-12-14T23:00:00,
ENR00004005,USR003330,MINDGUARD,active,2025-10-01T05:00:00,
ENR00004006,USR003331,MINDGUARD,active,2025-11-14T06:00:00,
ENR00004007,USR003332,MINDGUARD,active,2025-11-25T14:00:00,
ENR00004008,USR003333,MINDGUARD,active,2025-10-13T17:00:00,
ENR00004009,USR003334,MINDGUARD,active,2025-12-03T03:00:00,
ENR00004010,USR003335,HEALTH_RESERVE,active,2026-02-11T09:00:00,
ENR00004011,USR003336,MINDGUARD,active,2025-10-25T03:00:00,
ENR00004012,USR003337,MINDGUARD,active,2025-10-01T02:00:00,
ENR00004013,USR003338,MINDGUARD,active,2026-01-28T03:00:00,
ENR00004014,USR003338,HEALTH_RESERVE,active,2026-01-26T19:00:00,
ENR00004015,USR003339,MINDGUARD,active,2026-01-16T23:00:00,
ENR00004016,USR003340,MINDGUARD,active,2026-01-27T00:00:00,
ENR00004017,USR003341,HEALTH_RESERVE,active,2025-12-27T05:00:00,
ENR00004018,USR003342,MINDGUARD,active,2025-11-07T08:00:00,
ENR00004019,USR003343,MINDGUARD,active,2025-10-09T11:00:00,
ENR00004020,USR003343,HEALTH_RESERVE,active,2025-10-11T18:00:00,
ENR00004021,USR003344,MINDGUARD,active,2025-10-07T08:00:00,
ENR00004022,USR003345,MINDGUARD,active,2025-10-24T16:00:00,
ENR00004023,USR003346,MINDGUARD,active,2026-02-09T17:00:00,
ENR00004024,USR003346,HEALTH_RESERVE,active,2026-02-01T15:00:00,
ENR00004025,USR003347,HEALTH_RESERVE,active,2025-10-09T04:00:00,
ENR00004026,USR003348,HEALTH_RESERVE,active,2025-12-25T22:00:00,
ENR00004027,USR003349,MINDGUARD,active,2025-11-06T06:00:00,
ENR00004028,USR003350,HEALTH_RESERVE,active,2026-01-13T05:00:00,
ENR00004029,USR003351,MINDGUARD,active,2026-01-08T23:00:00,
ENR00004030,USR003352,MINDGUARD,active,2025-12-15T07:00:00,
ENR00004031,USR003352,HEALTH_RESERVE,active,2025-12-19T09:00:00,
ENR00004032,USR003353,MINDGUARD,active,2025-12-09T20:00:00,
ENR00004033,USR003354,MINDGUARD,active,2025-12-31T14:00:00,
ENR00004034,USR003354,HEALTH_RESERVE,active,2025-12-25T23:00:00,
ENR00004035,USR003355,MINDGUARD,active,2025-09-22T19:00:00,
ENR00004036,USR003356,HEALTH_RESERVE,active,2025-10-27T18:00:00,
ENR00004037,USR003357,HEALTH_RESERVE,active,2025-12-26T21:00:00,
ENR00004038,USR003358,MINDGUARD,active,2025-10-10T10:00:00,
ENR00004039,USR003359,MINDGUARD,active,2026-01-08T23:00:00,
ENR00004040,USR003359,HEALTH_RESERVE,active,2026-01-09T20:00:00,
ENR00004041,USR003360,HEALTH_RESERVE,active,2026-01-11T20:00:00,
ENR00004042,USR003361,HEALTH_RESERVE,active,2025-11-24T08:00:00,
ENR00004043,USR003362,MINDGUARD,active,2025-09-28T02:00:00,
ENR00004044,USR003363,MINDGUARD,active,2026-02-04T00:00:00,
ENR00004045,USR003363,HEALTH_RESERVE,active,2026-02-05T23:00:00,
ENR00004046,USR003364,HEALTH_RESERVE,active,2025-09-28T07:00:00,
ENR00004047,USR003365,MINDGUARD,active,2025-10-01T07:00:00,
ENR00004048,USR003366,MINDGUARD,active,2026-01-27T13:00:00,
ENR00004049,USR003366,HEALTH_RESERVE,active,2026-01-14T10:00:00,
ENR00004050,USR003367,MINDGUARD,discontinued,2025-11-24T13:00:00,2026-06-16T13:28:00
ENR00004051,USR003368,MINDGUARD,active,2025-11-05T00:00:00,
ENR00004052,USR003369,HEALTH_RESERVE,active,2025-10-21T01:00:00,
ENR00004053,USR003370,MINDGUARD,active,2025-12-06T04:00:00,
ENR00004054,USR003371,MINDGUARD,active,2025-12-08T04:00:00,
ENR00004055,USR003371,HEALTH_RESERVE,active,2025-12-12T03:00:00,
ENR00004056,USR003372,MINDGUARD,active,2026-01-15T05:00:00,
ENR00004057,USR003372,HEALTH_RESERVE,active,2026-01-17T02:00:00,
ENR00004058,USR003373,MINDGUARD,active,2025-09-25T15:00:00,
ENR00004059,USR003374,MINDGUARD,active,2025-10-26T12:00:00,
ENR00004060,USR003375,MINDGUARD,active,2025-11-10T00:00:00,
ENR00004061,USR003376,HEALTH_RESERVE,active,2025-11-23T22:00:00,
ENR00004062,USR003377,MINDGUARD,active,2025-10-11T01:00:00,
ENR00004063,USR003378,MINDGUARD,active,2025-12-30T04:00:00,
ENR00004064,USR003379,MINDGUARD,active,2026-01-13T08:00:00,
ENR00004065,USR003379,HEALTH_RESERVE,active,2026-01-08T00:00:00,
ENR00004066,USR003380,MINDGUARD,active,2025-10-16T23:00:00,
ENR00004067,USR003381,MINDGUARD,active,2026-01-02T10:00:00,
ENR00004068,USR003382,MINDGUARD,active,2025-11-25T01:00:00,
ENR00004069,USR003383,MINDGUARD,active,2025-11-23T07:00:00,
ENR00004070,USR003383,HEALTH_RESERVE,active,2025-11-23T12:00:00,
ENR00004071,USR003384,MINDGUARD,active,2025-12-13T09:00:00,
ENR00004072,USR003385,HEALTH_RESERVE,active,2025-10-04T02:00:00,
ENR00004073,USR003386,MINDGUARD,active,2026-01-23T01:00:00,
ENR00004074,USR003387,HEALTH_RESERVE,active,2025-12-01T05:00:00,
ENR00004075,USR003388,MINDGUARD,active,2025-11-28T20:00:00,
ENR00004076,USR003388,HEALTH_RESERVE,active,2025-12-10T01:00:00,
ENR00004077,USR003389,MINDGUARD,discontinued,2026-01-05T22:00:00,2026-07-08T22:26:00
ENR00004078,USR003390,HEALTH_RESERVE,active,2025-11-19T13:00:00,
ENR00004079,USR003391,MINDGUARD,active,2025-11-04T07:00:00,
ENR00004080,USR003392,MINDGUARD,active,2025-10-14T13:00:00,
ENR00004081,USR003393,MINDGUARD,active,2026-01-09T02:00:00,
ENR00004082,USR003394,MINDGUARD,active,2025-10-02T04:00:00,
ENR00004083,USR003395,MINDGUARD,active,2026-01-01T04:00:00,
ENR00004084,USR003396,MINDGUARD,active,2025-10-20T12:00:00,
ENR00004085,USR003397,HEALTH_RESERVE,active,2025-12-22T17:00:00,
ENR00004086,USR003398,HEALTH_RESERVE,active,2025-11-18T03:00:00,
ENR00004087,USR003399,HEALTH_RESERVE,active,2026-01-09T17:00:00,
ENR00004088,USR003400,MINDGUARD,active,2025-11-01T15:00:00,
ENR00004089,USR003401,MINDGUARD,active,2025-11-06T20:00:00,
ENR00004090,USR003402,HEALTH_RESERVE,active,2026-01-31T11:00:00,
ENR00004091,USR003403,HEALTH_RESERVE,active,2026-02-01T15:00:00,
ENR00004092,USR003404,MINDGUARD,discontinued,2026-01-15T23:00:00,2026-06-26T23:37:00
ENR00004093,USR003405,MINDGUARD,active,2025-11-20T08:00:00,
ENR00004094,USR003406,MINDGUARD,active,2025-10-22T02:00:00,
ENR00004095,USR003407,MINDGUARD,active,2025-12-25T12:00:00,
ENR00004096,USR003408,MINDGUARD,active,2026-01-29T07:00:00,
ENR00004097,USR003409,MINDGUARD,active,2025-09-23T00:00:00,
ENR00004098,USR003410,HEALTH_RESERVE,active,2026-01-11T12:00:00,
ENR00004099,USR003411,MINDGUARD,active,2026-01-27T11:00:00,
ENR00004100,USR003412,MINDGUARD,active,2025-10-07T05:00:00,
ENR00004101,USR003413,HEALTH_RESERVE,active,2025-11-11T03:00:00,
ENR00004102,USR003414,MINDGUARD,active,2026-02-05T20:00:00,
ENR00004103,USR003414,HEALTH_RESERVE,active,2026-02-01T20:00:00,
ENR00004104,USR003415,MINDGUARD,active,2026-02-05T08:00:00,
ENR00004105,USR003416,HEALTH_RESERVE,active,2025-11-19T08:00:00,
ENR00004106,USR003417,MINDGUARD,active,2026-01-04T02:00:00,
ENR00004107,USR003418,HEALTH_RESERVE,active,2025-10-11T03:00:00,
ENR00004108,USR003419,MINDGUARD,active,2026-01-30T10:00:00,
ENR00004109,USR003420,MINDGUARD,active,2026-01-06T16:00:00,
ENR00004110,USR003421,MINDGUARD,active,2025-10-13T12:00:00,
ENR00004111,USR003422,MINDGUARD,active,2025-11-27T10:00:00,
ENR00004112,USR003423,MINDGUARD,active,2026-01-02T05:00:00,
ENR00004113,USR003424,MINDGUARD,active,2025-11-02T06:00:00,
ENR00004114,USR003425,MINDGUARD,active,2026-01-15T00:00:00,
ENR00004115,USR003425,HEALTH_RESERVE,active,2026-01-11T21:00:00,
ENR00004116,USR003426,HEALTH_RESERVE,active,2026-01-24T16:00:00,
ENR00004117,USR003427,HEALTH_RESERVE,active,2025-11-02T07:00:00,
ENR00004118,USR003428,HEALTH_RESERVE,active,2025-11-08T20:00:00,
ENR00004119,USR003429,MINDGUARD,active,2026-02-10T19:00:00,
ENR00004120,USR003430,HEALTH_RESERVE,active,2025-10-20T14:00:00,
ENR00004121,USR003431,MINDGUARD,active,2025-12-20T21:00:00,
ENR00004122,USR003432,HEALTH_RESERVE,active,2025-12-21T16:00:00,
ENR00004123,USR003433,MINDGUARD,active,2026-01-08T12:00:00,
ENR00004124,USR003433,HEALTH_RESERVE,active,2026-01-07T06:00:00,
ENR00004125,USR003434,MINDGUARD,active,2026-01-02T07:00:00,
ENR00004126,USR003435,HEALTH_RESERVE,active,2025-10-28T15:00:00,
ENR00004127,USR003436,MINDGUARD,active,2025-10-29T22:00:00,
ENR00004128,USR003437,MINDGUARD,active,2025-10-28T06:00:00,
ENR00004129,USR003437,HEALTH_RESERVE,active,2025-10-31T01:00:00,
ENR00004130,USR003438,MINDGUARD,active,2025-10-13T13:00:00,
ENR00004131,USR003439,MINDGUARD,active,2025-11-02T19:00:00,
ENR00004132,USR003440,HEALTH_RESERVE,active,2026-02-14T16:00:00,
ENR00004133,USR003441,HEALTH_RESERVE,active,2025-10-18T22:00:00,
ENR00004134,USR003442,HEALTH_RESERVE,active,2025-10-04T11:00:00,
ENR00004135,USR003443,MINDGUARD,active,2025-12-26T19:00:00,
ENR00004136,USR003444,MINDGUARD,active,2026-01-12T18:00:00,
ENR00004137,USR003444,HEALTH_RESERVE,active,2026-01-03T01:00:00,
ENR00004138,USR003445,HEALTH_RESERVE,active,2025-10-15T22:00:00,
ENR00004139,USR003446,MINDGUARD,active,2025-10-03T01:00:00,
ENR00004140,USR003446,HEALTH_RESERVE,active,2025-10-11T01:00:00,
ENR00004141,USR003447,MINDGUARD,active,2025-11-19T03:00:00,
ENR00004142,USR003447,HEALTH_RESERVE,active,2025-11-24T07:00:00,
ENR00004143,USR003448,HEALTH_RESERVE,active,2025-11-03T09:00:00,
ENR00004144,USR003449,HEALTH_RESERVE,active,2025-12-06T13:00:00,
ENR00004145,USR003450,MINDGUARD,active,2025-11-19T20:00:00,
ENR00004146,USR003451,HEALTH_RESERVE,active,2026-01-16T02:00:00,
ENR00004147,USR003452,MINDGUARD,active,2026-01-22T05:00:00,
ENR00004148,USR003453,HEALTH_RESERVE,active,2025-11-14T11:00:00,
ENR00004149,USR003454,HEALTH_RESERVE,active,2025-09-27T08:00:00,
ENR00004150,USR003455,MINDGUARD,active,2026-01-08T12:00:00,
ENR00004151,USR003455,HEALTH_RESERVE,active,2026-01-09T13:00:00,
ENR00004152,USR003456,MINDGUARD,active,2025-10-11T05:00:00,
ENR00004153,USR003457,MINDGUARD,active,2026-01-14T17:00:00,
ENR00004154,USR003457,HEALTH_RESERVE,active,2026-01-15T21:00:00,
ENR00004155,USR003458,MINDGUARD,active,2026-01-25T21:00:00,
ENR00004156,USR003459,MINDGUARD,active,2026-01-17T13:00:00,
ENR00004157,USR003460,MINDGUARD,active,2026-01-03T08:00:00,
ENR00004158,USR003461,HEALTH_RESERVE,active,2025-12-25T12:00:00,
ENR00004159,USR003462,HEALTH_RESERVE,active,2025-10-13T21:00:00,
ENR00004160,USR003463,MINDGUARD,active,2026-01-15T20:00:00,
ENR00004161,USR003463,HEALTH_RESERVE,active,2026-01-10T22:00:00,
ENR00004162,USR003464,HEALTH_RESERVE,active,2026-01-08T16:00:00,
ENR00004163,USR003465,MINDGUARD,active,2025-12-20T08:00:00,
ENR00004164,USR003465,HEALTH_RESERVE,active,2025-12-28T05:00:00,
ENR00004165,USR003466,HEALTH_RESERVE,active,2026-01-04T08:00:00,
ENR00004166,USR003467,MINDGUARD,active,2025-11-29T13:00:00,
ENR00004167,USR003467,HEALTH_RESERVE,active,2025-11-20T07:00:00,
ENR00004168,USR003468,HEALTH_RESERVE,active,2025-11-22T02:00:00,
ENR00004169,USR003469,MINDGUARD,active,2025-12-14T14:00:00,
ENR00004170,USR003470,MINDGUARD,active,2025-12-17T10:00:00,
ENR00004171,USR003471,MINDGUARD,active,2025-11-03T17:00:00,
ENR00004172,USR003471,HEALTH_RESERVE,active,2025-11-03T00:00:00,
ENR00004173,USR003472,MINDGUARD,active,2025-10-02T20:00:00,
ENR00004174,USR003473,MINDGUARD,active,2025-11-14T13:00:00,
ENR00004175,USR003474,MINDGUARD,active,2025-09-22T09:00:00,
ENR00004176,USR003475,MINDGUARD,active,2025-12-04T15:00:00,
ENR00004177,USR003476,MINDGUARD,active,2025-10-28T14:00:00,
ENR00004178,USR003476,HEALTH_RESERVE,active,2025-10-21T08:00:00,
ENR00004179,USR003477,HEALTH_RESERVE,active,2025-10-24T03:00:00,
ENR00004180,USR003478,MINDGUARD,active,2025-11-01T03:00:00,
ENR00004181,USR003479,HEALTH_RESERVE,active,2025-10-14T07:00:00,
ENR00004182,USR003480,MINDGUARD,active,2025-12-28T21:00:00,
ENR00004183,USR003480,HEALTH_RESERVE,active,2025-12-20T22:00:00,
ENR00004184,USR003481,MINDGUARD,active,2026-01-05T11:00:00,
ENR00004185,USR003482,HEALTH_RESERVE,active,2026-01-30T06:00:00,
ENR00004186,USR003483,MINDGUARD,active,2025-10-22T06:00:00,
ENR00004187,USR003484,MINDGUARD,active,2025-12-02T06:00:00,
ENR00004188,USR003484,HEALTH_RESERVE,active,2025-12-01T07:00:00,
ENR00004189,USR003485,HEALTH_RESERVE,active,2025-11-29T10:00:00,
ENR00004190,USR003486,MINDGUARD,active,2026-01-05T05:00:00,
ENR00004191,USR003486,HEALTH_RESERVE,active,2026-01-02T01:00:00,
ENR00004192,USR003487,MINDGUARD,active,2025-10-27T13:00:00,
ENR00004193,USR003487,HEALTH_RESERVE,active,2025-11-05T13:00:00,
ENR00004194,USR003488,MINDGUARD,active,2026-01-31T22:00:00,
ENR00004195,USR003489,HEALTH_RESERVE,active,2025-12-08T10:00:00,
ENR00004196,USR003490,HEALTH_RESERVE,active,2025-09-16T17:00:00,
ENR00004197,USR003491,MINDGUARD,active,2025-10-24T09:00:00,
ENR00004198,USR003491,HEALTH_RESERVE,active,2025-10-15T17:00:00,
ENR00004199,USR003492,MINDGUARD,active,2025-11-01T12:00:00,
ENR00004200,USR003493,MINDGUARD,active,2025-12-25T08:00:00,
ENR00004201,USR003493,HEALTH_RESERVE,active,2025-12-27T07:00:00,
ENR00004202,USR003494,MINDGUARD,active,2026-01-13T10:00:00,
ENR00004203,USR003495,MINDGUARD,active,2026-02-01T21:00:00,
ENR00004204,USR003496,MINDGUARD,active,2025-12-19T15:00:00,
ENR00004205,USR003497,MINDGUARD,active,2025-11-23T17:00:00,
ENR00004206,USR003498,HEALTH_RESERVE,active,2025-11-09T16:00:00,
ENR00004207,USR003499,MINDGUARD,active,2025-12-19T05:00:00,
ENR00004208,USR003500,HEALTH_RESERVE,active,2025-10-14T11:00:00,
ENR00004209,USR003501,HEALTH_RESERVE,active,2026-01-26T20:00:00,
ENR00004210,USR003502,HEALTH_RESERVE,active,2025-12-11T10:00:00,
ENR00004211,USR003503,MINDGUARD,active,2025-12-09T15:00:00,
ENR00004212,USR003504,MINDGUARD,active,2025-10-09T04:00:00,
ENR00004213,USR003504,HEALTH_RESERVE,active,2025-10-02T10:00:00,
ENR00004214,USR003505,MINDGUARD,active,2026-02-12T08:00:00,
ENR00004215,USR003506,MINDGUARD,active,2025-10-15T21:00:00,
ENR00004216,USR003506,HEALTH_RESERVE,active,2025-10-11T15:00:00,
ENR00004217,USR003507,MINDGUARD,active,2025-12-12T02:00:00,
ENR00004218,USR003508,MINDGUARD,active,2025-09-24T11:00:00,
ENR00004219,USR003509,MINDGUARD,active,2025-11-02T20:00:00,
ENR00004220,USR003509,HEALTH_RESERVE,active,2025-10-28T22:00:00,
ENR00004221,USR003510,HEALTH_RESERVE,active,2026-02-09T14:00:00,
ENR00004222,USR003511,MINDGUARD,active,2025-10-18T20:00:00,
ENR00004223,USR003511,HEALTH_RESERVE,active,2025-10-17T19:00:00,
ENR00004224,USR003512,MINDGUARD,active,2026-01-02T04:00:00,
ENR00004225,USR003513,MINDGUARD,active,2025-12-12T07:00:00,
ENR00004226,USR003514,MINDGUARD,active,2025-12-24T20:00:00,
ENR00004227,USR003515,HEALTH_RESERVE,active,2026-01-04T07:00:00,
ENR00004228,USR003516,MINDGUARD,active,2025-12-29T20:00:00,
ENR00004229,USR003517,MINDGUARD,active,2025-09-23T08:00:00,
ENR00004230,USR003518,MINDGUARD,active,2025-12-20T00:00:00,
ENR00004231,USR003519,MINDGUARD,active,2026-01-14T19:00:00,
ENR00004232,USR003519,HEALTH_RESERVE,active,2026-01-23T14:00:00,
ENR00004233,USR003520,HEALTH_RESERVE,active,2025-10-22T02:00:00,
ENR00004234,USR003521,MINDGUARD,active,2025-10-28T00:00:00,
ENR00004235,USR003522,HEALTH_RESERVE,active,2026-01-13T03:00:00,
ENR00004236,USR003523,MINDGUARD,active,2025-10-11T23:00:00,
ENR00004237,USR003524,MINDGUARD,active,2025-10-29T06:00:00,
ENR00004238,USR003525,MINDGUARD,active,2025-12-20T16:00:00,
ENR00004239,USR003526,MINDGUARD,active,2025-12-13T21:00:00,
ENR00004240,USR003527,MINDGUARD,active,2025-11-23T23:00:00,
ENR00004241,USR003528,MINDGUARD,active,2025-10-15T21:00:00,
ENR00004242,USR003529,MINDGUARD,active,2025-10-15T14:00:00,
ENR00004243,USR003529,HEALTH_RESERVE,active,2025-10-23T11:00:00,
ENR00004244,USR003530,MINDGUARD,active,2025-11-23T07:00:00,
ENR00004245,USR003531,HEALTH_RESERVE,active,2025-10-05T15:00:00,
ENR00004246,USR003532,MINDGUARD,active,2025-11-29T21:00:00,
ENR00004247,USR003533,MINDGUARD,active,2026-01-04T06:00:00,
ENR00004248,USR003533,HEALTH_RESERVE,active,2026-01-03T12:00:00,
ENR00004249,USR003534,MINDGUARD,active,2025-10-15T19:00:00,
ENR00004250,USR003535,HEALTH_RESERVE,active,2026-01-12T17:00:00,
ENR00004251,USR003536,MINDGUARD,active,2026-01-13T07:00:00,
ENR00004252,USR003537,MINDGUARD,active,2025-10-03T16:00:00,
ENR00004253,USR003538,MINDGUARD,active,2026-01-21T17:00:00,
ENR00004254,USR003539,MINDGUARD,active,2025-10-06T00:00:00,
ENR00004255,USR003540,HEALTH_RESERVE,active,2025-12-28T21:00:00,
ENR00004256,USR003541,MINDGUARD,active,2025-12-08T23:00:00,
ENR00004257,USR003541,HEALTH_RESERVE,active,2025-12-05T12:00:00,
ENR00004258,USR003542,MINDGUARD,active,2026-01-27T06:00:00,
ENR00004259,USR003543,MINDGUARD,active,2026-01-28T22:00:00,
ENR00004260,USR003544,MINDGUARD,active,2025-10-25T14:00:00,
ENR00004261,USR003544,HEALTH_RESERVE,active,2025-10-29T17:00:00,
ENR00004262,USR003545,MINDGUARD,active,2026-01-11T00:00:00,
ENR00004263,USR003545,HEALTH_RESERVE,active,2026-01-14T22:00:00,
ENR00004264,USR003546,HEALTH_RESERVE,active,2025-12-09T15:00:00,
ENR00004265,USR003547,MINDGUARD,active,2025-12-04T19:00:00,
ENR00004266,USR003548,MINDGUARD,active,2026-02-07T22:00:00,
ENR00004267,USR003549,MINDGUARD,active,2025-12-02T18:00:00,
ENR00004268,USR003549,HEALTH_RESERVE,active,2025-12-03T20:00:00,
ENR00004269,USR003550,MINDGUARD,active,2025-11-27T18:00:00,
ENR00004270,USR003551,HEALTH_RESERVE,active,2025-10-08T16:00:00,
ENR00004271,USR003552,MINDGUARD,active,2025-11-06T02:00:00,
ENR00004272,USR003553,MINDGUARD,active,2026-02-05T07:00:00,
ENR00004273,USR003554,HEALTH_RESERVE,active,2026-01-09T16:00:00,
ENR00004274,USR003555,MINDGUARD,active,2026-02-20T17:00:00,
ENR00004275,USR003556,MINDGUARD,active,2026-02-03T08:00:00,
ENR00004276,USR003556,HEALTH_RESERVE,active,2026-01-23T13:00:00,
ENR00004277,USR003557,MINDGUARD,active,2025-09-17T04:00:00,
ENR00004278,USR003558,MINDGUARD,active,2026-01-08T21:00:00,
ENR00004279,USR003558,HEALTH_RESERVE,active,2026-01-01T14:00:00,
ENR00004280,USR003559,MINDGUARD,active,2026-01-27T22:00:00,
ENR00004281,USR003560,HEALTH_RESERVE,active,2026-02-14T05:00:00,
ENR00004282,USR003561,MINDGUARD,active,2025-09-20T09:00:00,
ENR00004283,USR003562,MINDGUARD,active,2025-12-06T07:00:00,
ENR00004284,USR003562,HEALTH_RESERVE,active,2025-12-06T15:00:00,
ENR00004285,USR003563,HEALTH_RESERVE,active,2026-01-21T22:00:00,
ENR00004286,USR003564,MINDGUARD,active,2025-12-30T06:00:00,
ENR00004287,USR003564,HEALTH_RESERVE,active,2026-01-11T08:00:00,
ENR00004288,USR003565,HEALTH_RESERVE,active,2026-02-17T21:00:00,
ENR00004289,USR003566,HEALTH_RESERVE,active,2025-10-02T14:00:00,
ENR00004290,USR003567,HEALTH_RESERVE,active,2026-01-22T02:00:00,
ENR00004291,USR003568,MINDGUARD,active,2025-12-10T00:00:00,
ENR00004292,USR003569,MINDGUARD,active,2026-02-01T04:00:00,
ENR00004293,USR003569,HEALTH_RESERVE,active,2026-01-30T06:00:00,
ENR00004294,USR003570,MINDGUARD,active,2025-10-23T08:00:00,
ENR00004295,USR003571,MINDGUARD,active,2025-12-06T12:00:00,
ENR00004296,USR003572,MINDGUARD,active,2026-02-03T06:00:00,
ENR00004297,USR003572,HEALTH_RESERVE,active,2026-02-05T08:00:00,
ENR00004298,USR003573,MINDGUARD,active,2026-01-24T05:00:00,
ENR00004299,USR003574,MINDGUARD,active,2025-11-16T12:00:00,
ENR00004300,USR003575,MINDGUARD,active,2026-02-10T23:00:00,
ENR00004301,USR003576,MINDGUARD,active,2025-12-26T23:00:00,
ENR00004302,USR003577,MINDGUARD,active,2025-09-30T06:00:00,
ENR00004303,USR003578,MINDGUARD,active,2025-11-16T05:00:00,
ENR00004304,USR003579,MINDGUARD,active,2025-11-26T19:00:00,
ENR00004305,USR003580,MINDGUARD,active,2025-10-15T12:00:00,
ENR00004306,USR003580,HEALTH_RESERVE,active,2025-10-04T12:00:00,
ENR00004307,USR003581,MINDGUARD,active,2026-02-16T11:00:00,
ENR00004308,USR003582,MINDGUARD,active,2026-01-17T11:00:00,
ENR00004309,USR003583,MINDGUARD,active,2025-11-03T06:00:00,
ENR00004310,USR003583,HEALTH_RESERVE,active,2025-11-10T02:00:00,
ENR00004311,USR003584,HEALTH_RESERVE,active,2025-11-28T19:00:00,
ENR00004312,USR003585,HEALTH_RESERVE,active,2026-01-18T03:00:00,
ENR00004313,USR003586,MINDGUARD,active,2025-09-28T22:00:00,
ENR00004314,USR003587,MINDGUARD,active,2025-09-29T05:00:00,
ENR00004315,USR003588,MINDGUARD,active,2025-12-02T20:00:00,
ENR00004316,USR003589,MINDGUARD,active,2025-10-05T02:00:00,
ENR00004317,USR003590,MINDGUARD,active,2025-11-24T15:00:00,
ENR00004318,USR003590,HEALTH_RESERVE,active,2025-11-29T20:00:00,
ENR00004319,USR003591,MINDGUARD,active,2025-12-10T06:00:00,
ENR00004320,USR003591,HEALTH_RESERVE,active,2025-12-08T06:00:00,
ENR00004321,USR003592,MINDGUARD,active,2026-01-27T20:00:00,
ENR00004322,USR003592,HEALTH_RESERVE,active,2026-01-28T20:00:00,
ENR00004323,USR003593,MINDGUARD,active,2026-02-06T18:00:00,
ENR00004324,USR003594,MINDGUARD,active,2025-10-31T14:00:00,
ENR00004325,USR003595,MINDGUARD,active,2026-01-14T11:00:00,
ENR00004326,USR003596,MINDGUARD,active,2025-12-04T14:00:00,
ENR00004327,USR003597,MINDGUARD,active,2025-10-28T21:00:00,
ENR00004328,USR003598,MINDGUARD,active,2026-02-13T06:00:00,
ENR00004329,USR003599,MINDGUARD,active,2025-09-27T22:00:00,
ENR00004330,USR003600,MINDGUARD,active,2026-02-08T03:00:00,
ENR00004331,USR003601,MINDGUARD,active,2026-01-15T17:00:00,
ENR00004332,USR003601,HEALTH_RESERVE,active,2026-01-19T20:00:00,
ENR00004333,USR003602,MINDGUARD,active,2025-12-07T08:00:00,
ENR00004334,USR003603,MINDGUARD,active,2025-11-29T23:00:00,
ENR00004335,USR003604,MINDGUARD,active,2025-10-13T03:00:00,
ENR00004336,USR003604,HEALTH_RESERVE,active,2025-10-19T22:00:00,
ENR00004337,USR003605,MINDGUARD,active,2025-10-25T17:00:00,
ENR00004338,USR003606,MINDGUARD,active,2026-01-30T12:00:00,
ENR00004339,USR003607,MINDGUARD,active,2026-01-18T16:00:00,
ENR00004340,USR003608,MINDGUARD,active,2026-01-07T01:00:00,
ENR00004341,USR003609,MINDGUARD,active,2025-11-29T15:00:00,
ENR00004342,USR003610,MINDGUARD,active,2026-02-15T19:00:00,
ENR00004343,USR003610,HEALTH_RESERVE,active,2026-02-11T00:00:00,
ENR00004344,USR003611,MINDGUARD,active,2025-10-01T22:00:00,
ENR00004345,USR003612,HEALTH_RESERVE,active,2025-12-19T14:00:00,
ENR00004346,USR003613,HEALTH_RESERVE,active,2025-12-02T06:00:00,
ENR00004347,USR003614,MINDGUARD,active,2026-01-29T16:00:00,
ENR00004348,USR003614,HEALTH_RESERVE,active,2026-01-30T15:00:00,
ENR00004349,USR003615,MINDGUARD,active,2026-01-03T20:00:00,
ENR00004350,USR003616,HEALTH_RESERVE,active,2025-09-23T05:00:00,
ENR00004351,USR003617,MINDGUARD,active,2025-12-04T22:00:00,
ENR00004352,USR003617,HEALTH_RESERVE,active,2025-12-10T22:00:00,
ENR00004353,USR003618,MINDGUARD,active,2025-12-11T16:00:00,
ENR00004354,USR003619,MINDGUARD,active,2026-02-06T06:00:00,
ENR00004355,USR003619,HEALTH_RESERVE,active,2026-02-17T08:00:00,
ENR00004356,USR003620,MINDGUARD,active,2026-01-28T17:00:00,
ENR00004357,USR003621,MINDGUARD,active,2025-12-12T22:00:00,
ENR00004358,USR003622,MINDGUARD,active,2026-02-10T18:00:00,
ENR00004359,USR003622,HEALTH_RESERVE,active,2026-02-13T13:00:00,
ENR00004360,USR003623,MINDGUARD,active,2026-01-27T02:00:00,
ENR00004361,USR003624,MINDGUARD,active,2026-02-04T09:00:00,
ENR00004362,USR003624,HEALTH_RESERVE,active,2026-01-31T15:00:00,
ENR00004363,USR003625,MINDGUARD,active,2025-10-29T04:00:00,
ENR00004364,USR003625,HEALTH_RESERVE,active,2025-10-25T02:00:00,
ENR00004365,USR003626,MINDGUARD,active,2026-01-29T08:00:00,
ENR00004366,USR003626,HEALTH_RESERVE,active,2026-01-25T14:00:00,
ENR00004367,USR003627,MINDGUARD,discontinued,2025-09-24T15:00:00,2026-06-11T15:56:00
ENR00004368,USR003628,HEALTH_RESERVE,active,2026-01-19T05:00:00,
ENR00004369,USR003629,MINDGUARD,active,2025-11-13T03:00:00,
ENR00004370,USR003630,MINDGUARD,active,2025-12-13T05:00:00,
ENR00004371,USR003631,MINDGUARD,active,2026-02-02T13:00:00,
ENR00004372,USR003632,HEALTH_RESERVE,active,2025-10-28T21:00:00,
ENR00004373,USR003633,MINDGUARD,active,2026-01-22T10:00:00,
ENR00004374,USR003634,MINDGUARD,active,2025-11-13T15:00:00,
ENR00004375,USR003635,MINDGUARD,active,2025-11-01T07:00:00,
ENR00004376,USR003635,HEALTH_RESERVE,active,2025-11-06T05:00:00,
ENR00004377,USR003636,MINDGUARD,active,2025-11-24T09:00:00,
ENR00004378,USR003636,HEALTH_RESERVE,active,2025-11-29T14:00:00,
ENR00004379,USR003637,MINDGUARD,active,2025-10-19T07:00:00,
ENR00004380,USR003637,HEALTH_RESERVE,active,2025-10-26T07:00:00,
ENR00004381,USR003638,MINDGUARD,active,2025-12-26T04:00:00,
ENR00004382,USR003639,MINDGUARD,active,2026-01-27T02:00:00,
ENR00004383,USR003640,MINDGUARD,active,2026-01-12T07:00:00,
ENR00004384,USR003640,HEALTH_RESERVE,active,2026-01-06T18:00:00,
ENR00004385,USR003641,MINDGUARD,active,2025-12-22T03:00:00,
ENR00004386,USR003642,MINDGUARD,active,2026-02-05T15:00:00,
ENR00004387,USR003643,MINDGUARD,active,2025-09-27T11:00:00,
ENR00004388,USR003644,MINDGUARD,active,2025-11-28T11:00:00,
ENR00004389,USR003645,HEALTH_RESERVE,active,2025-12-24T22:00:00,
ENR00004390,USR003646,MINDGUARD,active,2025-11-04T07:00:00,
ENR00004391,USR003647,MINDGUARD,active,2025-10-14T03:00:00,
ENR00004392,USR003647,HEALTH_RESERVE,active,2025-10-22T02:00:00,
ENR00004393,USR003648,MINDGUARD,active,2025-10-31T05:00:00,
ENR00004394,USR003648,HEALTH_RESERVE,active,2025-10-23T01:00:00,
ENR00004395,USR003649,MINDGUARD,active,2025-11-10T16:00:00,
ENR00004396,USR003650,MINDGUARD,active,2025-10-28T18:00:00,
ENR00004397,USR003651,HEALTH_RESERVE,active,2025-10-22T18:00:00,
ENR00004398,USR003652,MINDGUARD,active,2026-01-08T21:00:00,
ENR00004399,USR003652,HEALTH_RESERVE,active,2026-01-03T00:00:00,
ENR00004400,USR003653,MINDGUARD,active,2025-12-08T19:00:00,
ENR00004401,USR003654,MINDGUARD,active,2025-11-05T16:00:00,
ENR00004402,USR003655,MINDGUARD,active,2025-12-08T03:00:00,
ENR00004403,USR003656,MINDGUARD,active,2025-10-18T08:00:00,
ENR00004404,USR003657,MINDGUARD,active,2025-10-20T10:00:00,
ENR00004405,USR003658,MINDGUARD,active,2025-11-25T11:00:00,
ENR00004406,USR003659,MINDGUARD,active,2025-12-22T03:00:00,
ENR00004407,USR003659,HEALTH_RESERVE,active,2025-12-25T17:00:00,
ENR00004408,USR003660,MINDGUARD,active,2025-11-30T09:00:00,
ENR00004409,USR003661,HEALTH_RESERVE,active,2026-01-15T22:00:00,
ENR00004410,USR003662,MINDGUARD,active,2025-10-13T13:00:00,
ENR00004411,USR003663,MINDGUARD,active,2025-11-18T21:00:00,
ENR00004412,USR003664,MINDGUARD,active,2026-01-06T19:00:00,
ENR00004413,USR003665,MINDGUARD,active,2025-12-12T10:00:00,
ENR00004414,USR003666,HEALTH_RESERVE,active,2025-12-02T17:00:00,
ENR00004415,USR003667,MINDGUARD,active,2026-02-13T22:00:00,
ENR00004416,USR003668,MINDGUARD,active,2026-02-16T14:00:00,
ENR00004417,USR003669,MINDGUARD,active,2025-11-11T20:00:00,
ENR00004418,USR003670,HEALTH_RESERVE,active,2025-11-24T02:00:00,
ENR00004419,USR003671,MINDGUARD,active,2025-12-16T14:00:00,
ENR00004420,USR003672,MINDGUARD,active,2026-01-12T21:00:00,
ENR00004421,USR003672,HEALTH_RESERVE,active,2026-01-12T06:00:00,
ENR00004422,USR003673,MINDGUARD,active,2025-10-26T06:00:00,
ENR00004423,USR003674,MINDGUARD,active,2026-02-07T01:00:00,
ENR00004424,USR003674,HEALTH_RESERVE,active,2026-02-08T22:00:00,
ENR00004425,USR003675,MINDGUARD,active,2025-12-18T03:00:00,
ENR00004426,USR003676,MINDGUARD,active,2025-12-02T05:00:00,
ENR00004427,USR003677,MINDGUARD,active,2025-10-29T09:00:00,
ENR00004428,USR003677,HEALTH_RESERVE,active,2025-10-21T14:00:00,
ENR00004429,USR003678,MINDGUARD,active,2025-11-10T17:00:00,
ENR00004430,USR003679,MINDGUARD,active,2025-11-25T12:00:00,
ENR00004431,USR003680,MINDGUARD,active,2025-10-22T23:00:00,
ENR00004432,USR003680,HEALTH_RESERVE,active,2025-10-27T04:00:00,
ENR00004433,USR003681,MINDGUARD,active,2025-10-11T02:00:00,
ENR00004434,USR003681,HEALTH_RESERVE,active,2025-10-24T01:00:00,
ENR00004435,USR003682,MINDGUARD,active,2025-10-02T00:00:00,
ENR00004436,USR003682,HEALTH_RESERVE,active,2025-10-01T17:00:00,
ENR00004437,USR003683,MINDGUARD,active,2026-01-02T01:00:00,
ENR00004438,USR003684,MINDGUARD,active,2025-11-21T05:00:00,
ENR00004439,USR003685,MINDGUARD,active,2025-09-15T04:00:00,
ENR00004440,USR003685,HEALTH_RESERVE,active,2025-09-16T17:00:00,
ENR00004441,USR003686,HEALTH_RESERVE,active,2025-11-07T05:00:00,
ENR00004442,USR003687,MINDGUARD,active,2025-11-20T01:00:00,
ENR00004443,USR003688,MINDGUARD,active,2025-12-03T23:00:00,
ENR00004444,USR003688,HEALTH_RESERVE,active,2025-12-16T21:00:00,
ENR00004445,USR003689,HEALTH_RESERVE,active,2026-02-14T01:00:00,
ENR00004446,USR003690,MINDGUARD,active,2025-11-01T23:00:00,
ENR00004447,USR003691,MINDGUARD,active,2026-01-21T01:00:00,
ENR00004448,USR003692,MINDGUARD,active,2025-11-21T02:00:00,
ENR00004449,USR003693,MINDGUARD,active,2026-01-28T00:00:00,
ENR00004450,USR003694,MINDGUARD,active,2025-10-13T12:00:00,
ENR00004451,USR003695,MINDGUARD,active,2025-12-16T07:00:00,
ENR00004452,USR003696,MINDGUARD,active,2026-02-11T07:00:00,
ENR00004453,USR003696,HEALTH_RESERVE,active,2026-02-03T04:00:00,
ENR00004454,USR003697,HEALTH_RESERVE,active,2025-12-03T08:00:00,
ENR00004455,USR003698,HEALTH_RESERVE,active,2025-12-03T01:00:00,
ENR00004456,USR003699,MINDGUARD,active,2025-12-17T02:00:00,
ENR00004457,USR003699,HEALTH_RESERVE,active,2025-12-05T21:00:00,
ENR00004458,USR003700,MINDGUARD,active,2025-10-21T04:00:00,
ENR00004459,USR003701,MINDGUARD,active,2025-10-01T23:00:00,
ENR00004460,USR003702,MINDGUARD,active,2025-11-01T14:00:00,
ENR00004461,USR003703,MINDGUARD,active,2025-10-27T05:00:00,
ENR00004462,USR003703,HEALTH_RESERVE,active,2025-10-22T22:00:00,
ENR00004463,USR003704,HEALTH_RESERVE,active,2025-12-08T07:00:00,
ENR00004464,USR003705,MINDGUARD,active,2025-10-10T20:00:00,
ENR00004465,USR003706,MINDGUARD,active,2025-12-28T00:00:00,
ENR00004466,USR003707,MINDGUARD,active,2025-12-28T21:00:00,
ENR00004467,USR003708,MINDGUARD,active,2025-12-01T15:00:00,
ENR00004468,USR003709,HEALTH_RESERVE,active,2026-02-06T20:00:00,
ENR00004469,USR003710,MINDGUARD,active,2025-11-08T06:00:00,
ENR00004470,USR003710,HEALTH_RESERVE,active,2025-11-04T06:00:00,
ENR00004471,USR003711,MINDGUARD,active,2025-11-29T04:00:00,
ENR00004472,USR003711,HEALTH_RESERVE,active,2025-11-24T04:00:00,
ENR00004473,USR003712,MINDGUARD,active,2026-01-24T21:00:00,
ENR00004474,USR003713,MINDGUARD,active,2026-02-01T18:00:00,
ENR00004475,USR003714,HEALTH_RESERVE,active,2025-10-25T23:00:00,
ENR00004476,USR003715,HEALTH_RESERVE,active,2026-02-08T01:00:00,
ENR00004477,USR003716,HEALTH_RESERVE,active,2025-10-07T04:00:00,
ENR00004478,USR003717,MINDGUARD,active,2025-10-18T18:00:00,
ENR00004479,USR003718,MINDGUARD,active,2026-01-26T08:00:00,
ENR00004480,USR003719,MINDGUARD,active,2026-01-17T09:00:00,
ENR00004481,USR003720,MINDGUARD,active,2025-11-30T07:00:00,
ENR00004482,USR003721,MINDGUARD,active,2026-02-04T14:00:00,
ENR00004483,USR003721,HEALTH_RESERVE,active,2026-01-25T15:00:00,
ENR00004484,USR003722,HEALTH_RESERVE,active,2026-02-05T00:00:00,
ENR00004485,USR003723,MINDGUARD,active,2025-10-22T14:00:00,
ENR00004486,USR003724,MINDGUARD,active,2026-02-02T21:00:00,
ENR00004487,USR003725,HEALTH_RESERVE,active,2026-01-21T11:00:00,
ENR00004488,USR003726,HEALTH_RESERVE,active,2025-11-14T01:00:00,
ENR00004489,USR003727,MINDGUARD,active,2025-11-06T15:00:00,
ENR00004490,USR003728,MINDGUARD,active,2026-02-02T00:00:00,
ENR00004491,USR003728,HEALTH_RESERVE,active,2026-02-09T05:00:00,
ENR00004492,USR003729,MINDGUARD,active,2025-10-29T02:00:00,
ENR00004493,USR003730,MINDGUARD,active,2026-01-19T20:00:00,
ENR00004494,USR003731,MINDGUARD,active,2025-11-06T13:00:00,
ENR00004495,USR003732,MINDGUARD,active,2026-02-24T01:00:00,
ENR00004496,USR003732,HEALTH_RESERVE,active,2026-02-21T01:00:00,
ENR00004497,USR003733,MINDGUARD,active,2026-01-13T23:00:00,
ENR00004498,USR003734,MINDGUARD,active,2025-11-26T16:00:00,
ENR00004499,USR003734,HEALTH_RESERVE,active,2025-12-01T18:00:00,
ENR00004500,USR003735,MINDGUARD,active,2025-12-24T20:00:00,
ENR00004501,USR003736,MINDGUARD,active,2025-11-22T10:00:00,
ENR00004502,USR003737,MINDGUARD,active,2026-01-08T01:00:00,
ENR00004503,USR003738,HEALTH_RESERVE,active,2025-09-20T17:00:00,
ENR00004504,USR003739,HEALTH_RESERVE,active,2025-12-28T19:00:00,
ENR00004505,USR003740,MINDGUARD,active,2025-10-21T16:00:00,
ENR00004506,USR003741,MINDGUARD,active,2026-01-10T22:00:00,
ENR00004507,USR003742,MINDGUARD,active,2026-01-10T23:00:00,
ENR00004508,USR003743,MINDGUARD,active,2026-02-06T14:00:00,
ENR00004509,USR003744,MINDGUARD,active,2026-01-01T17:00:00,
ENR00004510,USR003745,MINDGUARD,active,2026-02-20T23:00:00,
ENR00004511,USR003746,MINDGUARD,active,2026-01-02T08:00:00,
ENR00004512,USR003747,MINDGUARD,active,2025-12-01T19:00:00,
ENR00004513,USR003748,MINDGUARD,active,2025-10-15T16:00:00,
ENR00004514,USR003749,MINDGUARD,active,2025-11-20T09:00:00,
ENR00004515,USR003750,MINDGUARD,active,2025-11-24T05:00:00,
ENR00004516,USR003751,MINDGUARD,active,2026-01-22T20:00:00,
ENR00004517,USR003752,MINDGUARD,active,2025-10-28T16:00:00,
ENR00004518,USR003753,MINDGUARD,active,2025-11-28T16:00:00,
ENR00004519,USR003754,MINDGUARD,active,2025-12-25T07:00:00,
ENR00004520,USR003755,MINDGUARD,active,2025-09-30T20:00:00,
ENR00004521,USR003756,MINDGUARD,active,2025-10-07T18:00:00,
ENR00004522,USR003757,MINDGUARD,active,2025-11-21T05:00:00,
ENR00004523,USR003757,HEALTH_RESERVE,active,2025-11-18T19:00:00,
ENR00004524,USR003758,HEALTH_RESERVE,active,2026-01-14T00:00:00,
ENR00004525,USR003759,HEALTH_RESERVE,active,2025-10-09T07:00:00,
ENR00004526,USR003760,MINDGUARD,active,2025-12-06T01:00:00,
ENR00004527,USR003760,HEALTH_RESERVE,active,2025-11-29T19:00:00,
ENR00004528,USR003761,MINDGUARD,active,2025-11-09T07:00:00,
ENR00004529,USR003762,MINDGUARD,active,2026-01-08T00:00:00,
ENR00004530,USR003763,MINDGUARD,discontinued,2026-02-04T23:00:00,2026-08-19T23:39:00
ENR00004531,USR003764,MINDGUARD,discontinued,2026-01-13T18:00:00,2026-07-15T18:26:00
ENR00004532,USR003765,MINDGUARD,active,2025-10-26T06:00:00,
ENR00004533,USR003766,MINDGUARD,active,2026-02-02T17:00:00,
ENR00004534,USR003767,MINDGUARD,active,2025-12-16T20:00:00,
ENR00004535,USR003767,HEALTH_RESERVE,active,2025-12-09T00:00:00,
ENR00004536,USR003768,MINDGUARD,active,2025-10-23T13:00:00,
ENR00004537,USR003769,MINDGUARD,active,2025-12-03T15:00:00,
ENR00004538,USR003770,MINDGUARD,active,2026-01-27T13:00:00,
ENR00004539,USR003771,MINDGUARD,active,2025-10-26T13:00:00,
ENR00004540,USR003772,MINDGUARD,active,2025-10-14T22:00:00,
ENR00004541,USR003773,MINDGUARD,active,2025-12-13T19:00:00,
ENR00004542,USR003773,HEALTH_RESERVE,active,2025-12-17T22:00:00,
ENR00004543,USR003774,HEALTH_RESERVE,active,2026-02-10T05:00:00,
ENR00004544,USR003775,MINDGUARD,active,2026-02-21T15:00:00,
ENR00004545,USR003775,HEALTH_RESERVE,active,2026-02-16T21:00:00,
ENR00004546,USR003776,MINDGUARD,active,2026-01-14T23:00:00,
ENR00004547,USR003777,MINDGUARD,active,2026-01-31T19:00:00,
ENR00004548,USR003778,MINDGUARD,active,2025-12-16T07:00:00,
ENR00004549,USR003779,MINDGUARD,active,2026-01-20T23:00:00,
ENR00004550,USR003779,HEALTH_RESERVE,active,2026-01-22T23:00:00,
ENR00004551,USR003780,HEALTH_RESERVE,active,2026-01-22T13:00:00,
ENR00004552,USR003781,MINDGUARD,active,2025-11-04T05:00:00,
ENR00004553,USR003781,HEALTH_RESERVE,active,2025-11-06T06:00:00,
ENR00004554,USR003782,MINDGUARD,active,2025-10-17T23:00:00,
ENR00004555,USR003783,HEALTH_RESERVE,active,2025-11-26T03:00:00,
ENR00004556,USR003784,HEALTH_RESERVE,active,2025-12-05T10:00:00,
ENR00004557,USR003785,MINDGUARD,active,2025-10-28T16:00:00,
ENR00004558,USR003786,MINDGUARD,active,2025-10-17T10:00:00,
ENR00004559,USR003787,MINDGUARD,active,2026-01-26T00:00:00,
ENR00004560,USR003788,MINDGUARD,active,2025-11-01T14:00:00,
ENR00004561,USR003789,MINDGUARD,active,2025-10-10T12:00:00,
ENR00004562,USR003790,MINDGUARD,active,2026-02-08T23:00:00,
ENR00004563,USR003791,MINDGUARD,active,2025-10-26T18:00:00,
ENR00004564,USR003792,MINDGUARD,active,2025-10-29T18:00:00,
ENR00004565,USR003793,MINDGUARD,active,2025-12-26T23:00:00,
ENR00004566,USR003794,MINDGUARD,active,2026-02-11T19:00:00,
ENR00004567,USR003795,HEALTH_RESERVE,active,2026-02-07T10:00:00,
ENR00004568,USR003796,HEALTH_RESERVE,active,2025-11-01T15:00:00,
ENR00004569,USR003797,MINDGUARD,active,2025-10-26T14:00:00,
ENR00004570,USR003798,MINDGUARD,active,2026-01-27T14:00:00,
ENR00004571,USR003799,MINDGUARD,active,2025-09-17T17:00:00,
ENR00004572,USR003800,MINDGUARD,active,2026-02-19T07:00:00,
ENR00004573,USR003801,MINDGUARD,active,2025-11-21T19:00:00,
ENR00004574,USR003802,MINDGUARD,active,2026-01-23T21:00:00,
ENR00004575,USR003803,MINDGUARD,active,2025-10-02T04:00:00,
ENR00004576,USR003804,MINDGUARD,active,2025-11-11T19:00:00,
ENR00004577,USR003805,MINDGUARD,active,2025-12-02T07:00:00,
ENR00004578,USR003806,MINDGUARD,active,2026-02-18T20:00:00,
ENR00004579,USR003807,MINDGUARD,active,2026-01-07T16:00:00,
ENR00004580,USR003807,HEALTH_RESERVE,active,2026-01-05T12:00:00,
ENR00004581,USR003808,MINDGUARD,active,2026-01-06T12:00:00,
ENR00004582,USR003809,MINDGUARD,active,2025-10-31T17:00:00,
ENR00004583,USR003810,MINDGUARD,active,2025-12-09T12:00:00,
ENR00004584,USR003810,HEALTH_RESERVE,active,2025-12-10T21:00:00,
ENR00004585,USR003811,MINDGUARD,active,2026-01-31T09:00:00,
ENR00004586,USR003812,HEALTH_RESERVE,active,2025-12-20T06:00:00,
ENR00004587,USR003813,HEALTH_RESERVE,active,2025-11-05T05:00:00,
ENR00004588,USR003814,HEALTH_RESERVE,active,2025-10-29T18:00:00,
ENR00004589,USR003815,HEALTH_RESERVE,active,2026-01-15T01:00:00,
ENR00004590,USR003816,HEALTH_RESERVE,active,2025-12-24T17:00:00,
ENR00004591,USR003817,HEALTH_RESERVE,active,2025-12-29T12:00:00,
ENR00004592,USR003818,MINDGUARD,active,2025-12-09T22:00:00,
ENR00004593,USR003819,MINDGUARD,active,2025-11-03T10:00:00,
ENR00004594,USR003819,HEALTH_RESERVE,active,2025-10-29T02:00:00,
ENR00004595,USR003820,HEALTH_RESERVE,active,2025-12-11T00:00:00,
ENR00004596,USR003821,MINDGUARD,active,2025-12-05T00:00:00,
ENR00004597,USR003821,HEALTH_RESERVE,active,2025-12-17T01:00:00,
ENR00004598,USR003822,MINDGUARD,active,2026-01-17T16:00:00,
ENR00004599,USR003823,HEALTH_RESERVE,active,2026-02-02T22:00:00,
ENR00004600,USR003824,MINDGUARD,active,2025-11-06T20:00:00,
ENR00004601,USR003825,MINDGUARD,active,2026-01-04T12:00:00,
ENR00004602,USR003825,HEALTH_RESERVE,active,2026-01-06T09:00:00,
ENR00004603,USR003826,MINDGUARD,active,2025-10-12T13:00:00,
ENR00004604,USR003827,MINDGUARD,active,2025-10-16T17:00:00,
ENR00004605,USR003828,HEALTH_RESERVE,active,2026-02-02T17:00:00,
ENR00004606,USR003829,HEALTH_RESERVE,active,2026-02-06T18:00:00,
ENR00004607,USR003830,HEALTH_RESERVE,active,2026-01-14T10:00:00,
ENR00004608,USR003831,MINDGUARD,active,2026-01-21T07:00:00,
ENR00004609,USR003832,MINDGUARD,active,2025-11-03T03:00:00,
ENR00004610,USR003832,HEALTH_RESERVE,active,2025-10-30T04:00:00,
ENR00004611,USR003833,MINDGUARD,active,2025-12-14T19:00:00,
ENR00004612,USR003833,HEALTH_RESERVE,active,2025-12-17T19:00:00,
ENR00004613,USR003834,MINDGUARD,active,2025-12-03T07:00:00,
ENR00004614,USR003834,HEALTH_RESERVE,active,2025-11-27T09:00:00,
ENR00004615,USR003835,MINDGUARD,active,2025-11-23T04:00:00,
ENR00004616,USR003835,HEALTH_RESERVE,active,2025-11-17T00:00:00,
ENR00004617,USR003836,MINDGUARD,active,2025-10-29T23:00:00,
ENR00004618,USR003836,HEALTH_RESERVE,active,2025-10-21T07:00:00,
ENR00004619,USR003837,MINDGUARD,active,2025-10-02T01:00:00,
ENR00004620,USR003837,HEALTH_RESERVE,active,2025-09-29T20:00:00,
ENR00004621,USR003838,MINDGUARD,active,2025-10-02T05:00:00,
ENR00004622,USR003839,MINDGUARD,active,2025-10-16T12:00:00,
ENR00004623,USR003840,HEALTH_RESERVE,active,2026-01-29T12:00:00,
ENR00004624,USR003841,HEALTH_RESERVE,active,2025-10-29T09:00:00,
ENR00004625,USR003842,MINDGUARD,active,2025-11-15T08:00:00,
ENR00004626,USR003843,MINDGUARD,active,2025-12-23T22:00:00,
ENR00004627,USR003843,HEALTH_RESERVE,active,2025-12-17T16:00:00,
ENR00004628,USR003844,HEALTH_RESERVE,active,2025-12-12T08:00:00,
ENR00004629,USR003845,MINDGUARD,active,2026-01-28T20:00:00,
ENR00004630,USR003846,MINDGUARD,active,2025-12-22T02:00:00,
ENR00004631,USR003847,MINDGUARD,active,2025-12-07T16:00:00,
ENR00004632,USR003847,HEALTH_RESERVE,active,2025-12-05T07:00:00,
ENR00004633,USR003848,MINDGUARD,active,2026-02-13T18:00:00,
ENR00004634,USR003849,MINDGUARD,active,2025-10-29T17:00:00,
ENR00004635,USR003850,HEALTH_RESERVE,active,2025-11-22T02:00:00,
ENR00004636,USR003851,MINDGUARD,active,2025-12-07T09:00:00,
ENR00004637,USR003852,HEALTH_RESERVE,active,2025-12-03T04:00:00,
ENR00004638,USR003853,HEALTH_RESERVE,active,2025-11-02T07:00:00,
ENR00004639,USR003854,MINDGUARD,active,2025-12-28T14:00:00,
ENR00004640,USR003855,MINDGUARD,active,2025-10-06T06:00:00,
ENR00004641,USR003856,MINDGUARD,active,2025-12-13T11:00:00,
ENR00004642,USR003857,HEALTH_RESERVE,active,2025-12-12T12:00:00,
ENR00004643,USR003858,MINDGUARD,discontinued,2026-01-10T20:00:00,2026-08-30T20:22:00
ENR00004644,USR003859,MINDGUARD,active,2025-10-24T09:00:00,
ENR00004645,USR003860,MINDGUARD,active,2026-02-09T03:00:00,
ENR00004646,USR003860,HEALTH_RESERVE,active,2026-01-31T02:00:00,
ENR00004647,USR003861,MINDGUARD,active,2025-10-22T01:00:00,
ENR00004648,USR003861,HEALTH_RESERVE,active,2025-10-22T07:00:00,
ENR00004649,USR003862,MINDGUARD,active,2025-11-13T07:00:00,
ENR00004650,USR003862,HEALTH_RESERVE,active,2025-11-13T07:00:00,
ENR00004651,USR003863,MINDGUARD,active,2025-09-30T17:00:00,
ENR00004652,USR003863,HEALTH_RESERVE,active,2025-09-23T18:00:00,
ENR00004653,USR003864,MINDGUARD,active,2025-12-06T07:00:00,
ENR00004654,USR003865,MINDGUARD,active,2025-10-01T05:00:00,
ENR00004655,USR003866,MINDGUARD,active,2026-01-03T01:00:00,
ENR00004656,USR003867,MINDGUARD,active,2025-10-12T15:00:00,
ENR00004657,USR003868,MINDGUARD,active,2025-12-14T08:00:00,
ENR00004658,USR003869,HEALTH_RESERVE,active,2026-02-05T11:00:00,
ENR00004659,USR003870,MINDGUARD,active,2026-01-13T05:00:00,
ENR00004660,USR003871,MINDGUARD,active,2025-11-21T05:00:00,
ENR00004661,USR003872,HEALTH_RESERVE,active,2025-10-05T19:00:00,
ENR00004662,USR003873,MINDGUARD,active,2025-12-29T22:00:00,
ENR00004663,USR003874,MINDGUARD,active,2025-12-20T01:00:00,
ENR00004664,USR003875,MINDGUARD,active,2025-11-13T11:00:00,
ENR00004665,USR003876,MINDGUARD,active,2025-11-03T04:00:00,
ENR00004666,USR003877,MINDGUARD,active,2025-11-11T19:00:00,
ENR00004667,USR003878,MINDGUARD,active,2025-10-14T18:00:00,
ENR00004668,USR003878,HEALTH_RESERVE,active,2025-10-08T15:00:00,
ENR00004669,USR003879,MINDGUARD,active,2025-10-11T07:00:00,
ENR00004670,USR003880,MINDGUARD,active,2026-01-06T06:00:00,
ENR00004671,USR003881,MINDGUARD,active,2025-12-19T15:00:00,
ENR00004672,USR003882,HEALTH_RESERVE,active,2025-12-28T05:00:00,
ENR00004673,USR003883,MINDGUARD,active,2026-01-16T22:00:00,
ENR00004674,USR003883,HEALTH_RESERVE,active,2026-01-09T08:00:00,
ENR00004675,USR003884,MINDGUARD,active,2025-10-28T09:00:00,
ENR00004676,USR003884,HEALTH_RESERVE,active,2025-10-26T11:00:00,
ENR00004677,USR003885,MINDGUARD,active,2026-01-18T07:00:00,
ENR00004678,USR003886,MINDGUARD,active,2026-01-19T08:00:00,
ENR00004679,USR003887,MINDGUARD,active,2025-10-31T03:00:00,
ENR00004680,USR003888,MINDGUARD,active,2025-10-21T19:00:00,
ENR00004681,USR003889,MINDGUARD,active,2025-09-29T11:00:00,
ENR00004682,USR003890,MINDGUARD,active,2026-01-30T10:00:00,
ENR00004683,USR003891,MINDGUARD,active,2026-01-07T15:00:00,
ENR00004684,USR003892,MINDGUARD,active,2025-12-07T05:00:00,
ENR00004685,USR003893,MINDGUARD,active,2025-12-09T18:00:00,
ENR00004686,USR003894,MINDGUARD,active,2025-10-05T14:00:00,
ENR00004687,USR003895,MINDGUARD,active,2026-01-07T19:00:00,
ENR00004688,USR003896,HEALTH_RESERVE,active,2025-10-15T12:00:00,
ENR00004689,USR003897,MINDGUARD,active,2025-12-30T07:00:00,
ENR00004690,USR003897,HEALTH_RESERVE,active,2026-01-07T13:00:00,
ENR00004691,USR003898,HEALTH_RESERVE,active,2025-12-17T18:00:00,
ENR00004692,USR003899,MINDGUARD,active,2026-01-08T18:00:00,
ENR00004693,USR003900,MINDGUARD,active,2026-02-23T01:00:00,
ENR00004694,USR003901,MINDGUARD,active,2026-01-07T07:00:00,
ENR00004695,USR003902,MINDGUARD,active,2025-11-28T14:00:00,
ENR00004696,USR003903,MINDGUARD,active,2026-02-17T11:00:00,
ENR00004697,USR003904,HEALTH_RESERVE,active,2025-10-26T08:00:00,
ENR00004698,USR003905,MINDGUARD,active,2025-12-02T12:00:00,
ENR00004699,USR003906,MINDGUARD,active,2025-09-29T18:00:00,
ENR00004700,USR003907,MINDGUARD,active,2026-02-08T05:00:00,
ENR00004701,USR003907,HEALTH_RESERVE,active,2026-02-11T04:00:00,
ENR00004702,USR003908,MINDGUARD,active,2025-11-27T08:00:00,
ENR00004703,USR003909,MINDGUARD,active,2026-01-22T22:00:00,
ENR00004704,USR003910,MINDGUARD,active,2025-12-31T21:00:00,
ENR00004705,USR003911,MINDGUARD,active,2025-10-21T04:00:00,
ENR00004706,USR003912,MINDGUARD,active,2025-10-26T18:00:00,
ENR00004707,USR003913,MINDGUARD,active,2025-12-05T13:00:00,
ENR00004708,USR003914,MINDGUARD,active,2025-12-15T06:00:00,
ENR00004709,USR003915,MINDGUARD,active,2025-09-25T14:00:00,
ENR00004710,USR003916,MINDGUARD,active,2026-02-09T05:00:00,
ENR00004711,USR003917,MINDGUARD,active,2026-01-15T08:00:00,
ENR00004712,USR003918,MINDGUARD,active,2025-11-02T04:00:00,
ENR00004713,USR003919,HEALTH_RESERVE,active,2025-10-23T20:00:00,
ENR00004714,USR003920,MINDGUARD,active,2026-01-21T07:00:00,
ENR00004715,USR003921,HEALTH_RESERVE,active,2025-09-20T13:00:00,
ENR00004716,USR003922,MINDGUARD,active,2026-02-09T05:00:00,
ENR00004717,USR003923,MINDGUARD,active,2025-10-13T02:00:00,
ENR00004718,USR003923,HEALTH_RESERVE,active,2025-10-06T06:00:00,
ENR00004719,USR003924,HEALTH_RESERVE,active,2025-10-13T01:00:00,
ENR00004720,USR003925,HEALTH_RESERVE,active,2025-11-07T02:00:00,
ENR00004721,USR003926,MINDGUARD,active,2026-01-03T19:00:00,
ENR00004722,USR003926,HEALTH_RESERVE,active,2026-01-10T02:00:00,
ENR00004723,USR003927,HEALTH_RESERVE,active,2026-01-03T08:00:00,
ENR00004724,USR003928,MINDGUARD,active,2025-11-27T13:00:00,
ENR00004725,USR003929,HEALTH_RESERVE,active,2025-12-15T10:00:00,
ENR00004726,USR003930,MINDGUARD,active,2025-11-06T19:00:00,
ENR00004727,USR003931,MINDGUARD,active,2025-09-28T07:00:00,
ENR00004728,USR003932,HEALTH_RESERVE,active,2026-01-02T05:00:00,
ENR00004729,USR003933,MINDGUARD,active,2025-09-24T12:00:00,
ENR00004730,USR003934,MINDGUARD,active,2025-10-11T03:00:00,
ENR00004731,USR003935,MINDGUARD,active,2026-01-05T02:00:00,
ENR00004732,USR003936,MINDGUARD,active,2025-11-03T09:00:00,
ENR00004733,USR003937,HEALTH_RESERVE,active,2025-12-09T05:00:00,
ENR00004734,USR003938,MINDGUARD,active,2026-02-13T17:00:00,
ENR00004735,USR003939,MINDGUARD,active,2025-11-04T16:00:00,
ENR00004736,USR003940,MINDGUARD,active,2026-02-06T21:00:00,
ENR00004737,USR003940,HEALTH_RESERVE,active,2026-02-17T16:00:00,
ENR00004738,USR003941,MINDGUARD,discontinued,2025-11-15T03:00:00,2026-06-15T03:01:00
ENR00004739,USR003941,HEALTH_RESERVE,active,2025-11-11T17:00:00,
ENR00004740,USR003942,MINDGUARD,active,2026-02-11T04:00:00,
ENR00004741,USR003943,MINDGUARD,active,2025-11-23T06:00:00,
ENR00004742,USR003944,MINDGUARD,active,2026-01-16T22:00:00,
ENR00004743,USR003945,HEALTH_RESERVE,active,2025-11-19T12:00:00,
ENR00004744,USR003946,MINDGUARD,active,2025-12-18T07:00:00,
ENR00004745,USR003947,MINDGUARD,active,2025-10-08T19:00:00,
ENR00004746,USR003948,MINDGUARD,active,2026-02-16T06:00:00,
ENR00004747,USR003949,MINDGUARD,active,2025-11-16T15:00:00,
ENR00004748,USR003950,HEALTH_RESERVE,active,2025-12-26T01:00:00,
ENR00004749,USR003951,HEALTH_RESERVE,active,2025-10-06T12:00:00,
ENR00004750,USR003952,MINDGUARD,active,2025-10-30T17:00:00,
ENR00004751,USR003952,HEALTH_RESERVE,active,2025-10-28T11:00:00,
ENR00004752,USR003953,MINDGUARD,active,2025-11-25T09:00:00,
ENR00004753,USR003953,HEALTH_RESERVE,active,2025-11-25T09:00:00,
ENR00004754,USR003954,HEALTH_RESERVE,active,2025-12-11T18:00:00,
ENR00004755,USR003955,MINDGUARD,active,2025-12-21T19:00:00,
ENR00004756,USR003955,HEALTH_RESERVE,active,2025-12-17T21:00:00,
ENR00004757,USR003956,HEALTH_RESERVE,active,2026-01-03T12:00:00,
ENR00004758,USR003957,HEALTH_RESERVE,active,2025-12-31T01:00:00,
ENR00004759,USR003958,MINDGUARD,active,2026-01-07T05:00:00,
ENR00004760,USR003959,MINDGUARD,active,2025-09-24T04:00:00,
ENR00004761,USR003960,MINDGUARD,active,2026-01-25T10:00:00,
ENR00004762,USR003961,MINDGUARD,active,2025-10-01T22:00:00,
ENR00004763,USR003961,HEALTH_RESERVE,active,2025-10-06T23:00:00,
ENR00004764,USR003962,MINDGUARD,active,2026-02-24T00:00:00,
ENR00004765,USR003963,MINDGUARD,active,2025-11-18T14:00:00,
ENR00004766,USR003964,MINDGUARD,active,2025-12-23T14:00:00,
ENR00004767,USR003965,MINDGUARD,active,2026-02-20T17:00:00,
ENR00004768,USR003966,MINDGUARD,active,2025-12-28T09:00:00,
ENR00004769,USR003967,MINDGUARD,active,2025-12-22T17:00:00,
ENR00004770,USR003967,HEALTH_RESERVE,active,2025-12-29T11:00:00,
ENR00004771,USR003968,MINDGUARD,active,2025-12-07T07:00:00,
ENR00004772,USR003969,MINDGUARD,active,2025-11-17T11:00:00,
ENR00004773,USR003969,HEALTH_RESERVE,active,2025-11-19T13:00:00,
ENR00004774,USR003970,MINDGUARD,active,2025-10-11T05:00:00,
ENR00004775,USR003971,MINDGUARD,active,2026-01-30T15:00:00,
ENR00004776,USR003972,MINDGUARD,active,2025-09-27T01:00:00,
ENR00004777,USR003972,HEALTH_RESERVE,active,2025-09-22T01:00:00,
ENR00004778,USR003973,MINDGUARD,active,2025-10-02T14:00:00,
ENR00004779,USR003974,MINDGUARD,active,2025-12-12T08:00:00,
ENR00004780,USR003975,HEALTH_RESERVE,active,2025-11-26T20:00:00,
ENR00004781,USR003976,MINDGUARD,active,2026-01-23T22:00:00,
ENR00004782,USR003977,MINDGUARD,active,2026-01-12T05:00:00,
ENR00004783,USR003978,MINDGUARD,active,2025-10-21T06:00:00,
ENR00004784,USR003978,HEALTH_RESERVE,active,2025-10-21T04:00:00,
ENR00004785,USR003979,MINDGUARD,active,2025-12-03T14:00:00,
ENR00004786,USR003980,HEALTH_RESERVE,active,2025-11-03T04:00:00,
ENR00004787,USR003981,HEALTH_RESERVE,active,2025-10-22T16:00:00,
ENR00004788,USR003982,MINDGUARD,active,2026-01-22T04:00:00,
ENR00004789,USR003983,MINDGUARD,active,2025-11-30T12:00:00,
ENR00004790,USR003984,MINDGUARD,active,2025-10-31T20:00:00,
ENR00004791,USR003985,MINDGUARD,active,2026-02-07T05:00:00,
ENR00004792,USR003986,MINDGUARD,active,2025-10-02T13:00:00,
ENR00004793,USR003987,MINDGUARD,active,2025-12-17T00:00:00,
ENR00004794,USR003987,HEALTH_RESERVE,active,2025-12-08T22:00:00,
ENR00004795,USR003988,HEALTH_RESERVE,active,2026-01-01T01:00:00,
ENR00004796,USR003989,MINDGUARD,discontinued,2025-09-25T05:00:00,2026-05-21T06:13:00
ENR00004797,USR003990,MINDGUARD,active,2025-10-02T06:00:00,
ENR00004798,USR003991,MINDGUARD,active,2025-10-28T09:00:00,
ENR00004799,USR003992,MINDGUARD,active,2026-01-02T07:00:00,
ENR00004800,USR003993,MINDGUARD,discontinued,2025-12-31T15:00:00,2026-09-03T16:21:00
ENR00004801,USR003994,HEALTH_RESERVE,active,2025-11-30T01:00:00,
ENR00004802,USR003995,MINDGUARD,active,2025-10-11T21:00:00,
ENR00004803,USR003996,MINDGUARD,active,2025-11-18T16:00:00,
ENR00004804,USR003997,MINDGUARD,active,2025-10-26T04:00:00,
ENR00004805,USR003998,HEALTH_RESERVE,active,2025-10-03T01:00:00,
ENR00004806,USR003999,MINDGUARD,active,2025-10-13T04:00:00,
ENR00004807,USR004000,MINDGUARD,active,2026-01-05T21:00:00,
ENR00004808,USR004001,MINDGUARD,discontinued,2025-11-18T12:00:00,2026-09-11T12:56:00
ENR00004809,USR004002,MINDGUARD,active,2026-02-04T05:00:00,
ENR00004810,USR004002,HEALTH_RESERVE,active,2026-02-14T01:00:00,
ENR00004811,USR004003,MINDGUARD,active,2026-01-21T00:00:00,
ENR00004812,USR004004,MINDGUARD,active,2025-12-19T19:00:00,
ENR00004813,USR004005,MINDGUARD,active,2025-12-11T09:00:00,
ENR00004814,USR004005,HEALTH_RESERVE,active,2025-12-07T12:00:00,
ENR00004815,USR004006,MINDGUARD,active,2025-11-07T18:00:00,
ENR00004816,USR004007,MINDGUARD,active,2026-02-02T03:00:00,
ENR00004817,USR004008,MINDGUARD,active,2025-09-28T21:00:00,
ENR00004818,USR004009,MINDGUARD,active,2025-12-09T02:00:00,
ENR00004819,USR004010,MINDGUARD,active,2026-01-06T17:00:00,
ENR00004820,USR004011,MINDGUARD,active,2025-09-29T11:00:00,
ENR00004821,USR004012,MINDGUARD,active,2026-01-22T00:00:00,
ENR00004822,USR004013,MINDGUARD,active,2025-10-18T07:00:00,
ENR00004823,USR004014,HEALTH_RESERVE,active,2026-02-12T21:00:00,
ENR00004824,USR004015,MINDGUARD,active,2025-11-19T21:00:00,
ENR00004825,USR004016,MINDGUARD,active,2026-01-30T01:00:00,
ENR00004826,USR004016,HEALTH_RESERVE,active,2026-02-10T02:00:00,
ENR00004827,USR004017,MINDGUARD,active,2026-02-10T04:00:00,
ENR00004828,USR004018,MINDGUARD,active,2025-12-13T04:00:00,
ENR00004829,USR004018,HEALTH_RESERVE,active,2025-12-12T04:00:00,
ENR00004830,USR004019,MINDGUARD,active,2025-11-16T09:00:00,
ENR00004831,USR004020,MINDGUARD,active,2025-09-24T21:00:00,
ENR00004832,USR004021,MINDGUARD,active,2025-11-18T07:00:00,
ENR00004833,USR004021,HEALTH_RESERVE,active,2025-11-18T15:00:00,
ENR00004834,USR004022,MINDGUARD,active,2025-12-06T10:00:00,
ENR00004835,USR004023,MINDGUARD,active,2025-11-08T03:00:00,
ENR00004836,USR004024,MINDGUARD,active,2025-10-27T04:00:00,
ENR00004837,USR004025,MINDGUARD,active,2025-12-09T05:00:00,
ENR00004838,USR004026,MINDGUARD,active,2026-01-28T00:00:00,
ENR00004839,USR004027,HEALTH_RESERVE,active,2025-12-06T23:00:00,
ENR00004840,USR004028,MINDGUARD,active,2025-12-29T08:00:00,
ENR00004841,USR004029,MINDGUARD,active,2025-11-18T16:00:00,
ENR00004842,USR004029,HEALTH_RESERVE,active,2025-11-09T06:00:00,
ENR00004843,USR004030,MINDGUARD,active,2025-10-16T15:00:00,
ENR00004844,USR004031,MINDGUARD,active,2025-12-14T00:00:00,
ENR00004845,USR004032,MINDGUARD,active,2026-01-12T06:00:00,
ENR00004846,USR004033,MINDGUARD,active,2025-12-20T02:00:00,
ENR00004847,USR004033,HEALTH_RESERVE,active,2025-12-18T22:00:00,
ENR00004848,USR004034,HEALTH_RESERVE,active,2025-11-18T00:00:00,
ENR00004849,USR004035,HEALTH_RESERVE,active,2025-12-06T22:00:00,
ENR00004850,USR004036,MINDGUARD,active,2025-10-22T19:00:00,
ENR00004851,USR004036,HEALTH_RESERVE,active,2025-10-25T18:00:00,
ENR00004852,USR004037,MINDGUARD,active,2025-10-17T16:00:00,
ENR00004853,USR004038,MINDGUARD,active,2025-11-06T02:00:00,
ENR00004854,USR004038,HEALTH_RESERVE,active,2025-11-11T03:00:00,
ENR00004855,USR004039,MINDGUARD,active,2025-11-09T15:00:00,
ENR00004856,USR004039,HEALTH_RESERVE,active,2025-11-08T17:00:00,
ENR00004857,USR004040,MINDGUARD,active,2025-12-28T06:00:00,
ENR00004858,USR004041,MINDGUARD,active,2026-01-04T13:00:00,
ENR00004859,USR004042,HEALTH_RESERVE,active,2025-09-25T06:00:00,
ENR00004860,USR004043,MINDGUARD,active,2025-11-20T13:00:00,
ENR00004861,USR004044,MINDGUARD,active,2026-01-05T08:00:00,
ENR00004862,USR004044,HEALTH_RESERVE,active,2026-01-08T05:00:00,
ENR00004863,USR004045,MINDGUARD,active,2025-12-31T01:00:00,
ENR00004864,USR004045,HEALTH_RESERVE,active,2025-12-23T20:00:00,
ENR00004865,USR004046,MINDGUARD,active,2025-12-19T11:00:00,
ENR00004866,USR004047,HEALTH_RESERVE,active,2025-12-18T18:00:00,
ENR00004867,USR004048,MINDGUARD,active,2026-01-31T02:00:00,
ENR00004868,USR004048,HEALTH_RESERVE,active,2026-01-27T13:00:00,
ENR00004869,USR004049,MINDGUARD,active,2025-09-15T02:00:00,
ENR00004870,USR004050,HEALTH_RESERVE,active,2025-10-02T12:00:00,
ENR00004871,USR004051,HEALTH_RESERVE,active,2025-10-21T08:00:00,
ENR00004872,USR004052,MINDGUARD,active,2025-10-31T23:00:00,
ENR00004873,USR004053,MINDGUARD,active,2025-10-05T18:00:00,
ENR00004874,USR004054,MINDGUARD,active,2025-10-21T02:00:00,
ENR00004875,USR004055,MINDGUARD,active,2026-02-01T07:00:00,
ENR00004876,USR004056,MINDGUARD,active,2026-02-03T14:00:00,
ENR00004877,USR004056,HEALTH_RESERVE,active,2026-01-29T20:00:00,
ENR00004878,USR004057,HEALTH_RESERVE,active,2025-11-24T04:00:00,
ENR00004879,USR004058,MINDGUARD,active,2025-12-03T09:00:00,
ENR00004880,USR004059,HEALTH_RESERVE,active,2025-10-03T13:00:00,
ENR00004881,USR004060,MINDGUARD,active,2026-01-17T12:00:00,
ENR00004882,USR004061,MINDGUARD,active,2025-11-17T02:00:00,
ENR00004883,USR004062,HEALTH_RESERVE,active,2026-01-15T23:00:00,
ENR00004884,USR004063,HEALTH_RESERVE,active,2026-01-14T20:00:00,
ENR00004885,USR004064,MINDGUARD,active,2025-12-31T09:00:00,
ENR00004886,USR004065,MINDGUARD,active,2025-11-23T12:00:00,
ENR00004887,USR004066,MINDGUARD,active,2025-11-09T19:00:00,
ENR00004888,USR004067,MINDGUARD,active,2026-01-07T06:00:00,
ENR00004889,USR004068,MINDGUARD,active,2025-11-30T15:00:00,
ENR00004890,USR004069,HEALTH_RESERVE,active,2025-10-09T07:00:00,
ENR00004891,USR004070,MINDGUARD,active,2026-01-22T07:00:00,
ENR00004892,USR004071,MINDGUARD,active,2026-02-14T06:00:00,
ENR00004893,USR004072,HEALTH_RESERVE,active,2026-02-12T01:00:00,
ENR00004894,USR004073,MINDGUARD,active,2025-11-17T23:00:00,
ENR00004895,USR004074,MINDGUARD,active,2026-01-09T11:00:00,
ENR00004896,USR004075,MINDGUARD,active,2025-11-07T05:00:00,
ENR00004897,USR004076,MINDGUARD,active,2026-01-14T04:00:00,
ENR00004898,USR004077,MINDGUARD,active,2025-10-28T22:00:00,
ENR00004899,USR004078,MINDGUARD,active,2025-09-18T20:00:00,
ENR00004900,USR004079,MINDGUARD,active,2025-10-07T03:00:00,
ENR00004901,USR004080,MINDGUARD,active,2025-11-28T22:00:00,
ENR00004902,USR004081,MINDGUARD,active,2025-10-18T05:00:00,
ENR00004903,USR004082,MINDGUARD,active,2025-09-24T09:00:00,
ENR00004904,USR004083,MINDGUARD,active,2025-12-09T02:00:00,
ENR00004905,USR004084,MINDGUARD,active,2025-10-13T10:00:00,
ENR00004906,USR004085,MINDGUARD,discontinued,2025-12-05T11:00:00,2026-06-18T12:14:00
ENR00004907,USR004086,HEALTH_RESERVE,active,2026-01-19T18:00:00,
ENR00004908,USR004087,MINDGUARD,active,2026-01-22T10:00:00,
ENR00004909,USR004088,MINDGUARD,active,2026-01-08T17:00:00,
ENR00004910,USR004089,MINDGUARD,active,2025-12-27T14:00:00,
ENR00004911,USR004090,MINDGUARD,active,2026-01-12T05:00:00,
ENR00004912,USR004091,MINDGUARD,active,2025-12-19T21:00:00,
ENR00004913,USR004092,MINDGUARD,active,2025-10-24T21:00:00,
ENR00004914,USR004093,MINDGUARD,active,2025-10-28T02:00:00,
ENR00004915,USR004094,HEALTH_RESERVE,active,2025-11-03T09:00:00,
ENR00004916,USR004095,MINDGUARD,active,2025-10-15T00:00:00,
ENR00004917,USR004095,HEALTH_RESERVE,active,2025-10-17T00:00:00,
ENR00004918,USR004096,HEALTH_RESERVE,active,2025-11-12T11:00:00,
ENR00004919,USR004097,MINDGUARD,active,2026-01-19T16:00:00,
ENR00004920,USR004097,HEALTH_RESERVE,active,2026-01-22T15:00:00,
ENR00004921,USR004098,MINDGUARD,active,2025-12-25T15:00:00,
ENR00004922,USR004098,HEALTH_RESERVE,active,2025-12-31T22:00:00,
ENR00004923,USR004099,MINDGUARD,active,2025-12-02T12:00:00,
ENR00004924,USR004100,MINDGUARD,active,2025-10-24T20:00:00,
ENR00004925,USR004101,MINDGUARD,active,2026-01-24T21:00:00,
ENR00004926,USR004102,MINDGUARD,active,2026-02-14T05:00:00,
ENR00004927,USR004103,MINDGUARD,active,2025-10-15T00:00:00,
ENR00004928,USR004104,HEALTH_RESERVE,active,2025-11-07T07:00:00,
ENR00004929,USR004105,MINDGUARD,active,2026-01-05T00:00:00,
ENR00004930,USR004106,MINDGUARD,active,2026-02-10T23:00:00,
ENR00004931,USR004107,MINDGUARD,active,2025-09-28T11:00:00,
ENR00004932,USR004108,MINDGUARD,active,2025-11-05T09:00:00,
ENR00004933,USR004109,HEALTH_RESERVE,active,2025-12-08T10:00:00,
ENR00004934,USR004110,MINDGUARD,active,2025-10-05T03:00:00,
ENR00004935,USR004111,MINDGUARD,active,2025-10-17T14:00:00,
ENR00004936,USR004112,MINDGUARD,active,2025-12-10T03:00:00,
ENR00004937,USR004113,MINDGUARD,active,2025-10-20T11:00:00,
ENR00004938,USR004114,MINDGUARD,active,2025-11-25T07:00:00,
ENR00004939,USR004115,MINDGUARD,active,2026-01-22T08:00:00,
ENR00004940,USR004116,MINDGUARD,active,2025-11-15T11:00:00,
ENR00004941,USR004117,HEALTH_RESERVE,active,2026-01-25T09:00:00,
ENR00004942,USR004118,HEALTH_RESERVE,active,2025-12-03T18:00:00,
ENR00004943,USR004119,MINDGUARD,active,2025-11-30T09:00:00,
ENR00004944,USR004119,HEALTH_RESERVE,active,2025-11-30T10:00:00,
ENR00004945,USR004120,MINDGUARD,active,2026-02-03T17:00:00,
ENR00004946,USR004121,MINDGUARD,active,2025-11-16T10:00:00,
ENR00004947,USR004122,MINDGUARD,active,2026-01-12T12:00:00,
ENR00004948,USR004123,MINDGUARD,active,2026-02-03T09:00:00,
ENR00004949,USR004123,HEALTH_RESERVE,active,2026-02-03T12:00:00,
ENR00004950,USR004124,MINDGUARD,active,2025-12-30T02:00:00,
ENR00004951,USR004125,MINDGUARD,active,2025-11-09T05:00:00,
ENR00004952,USR004126,MINDGUARD,active,2025-11-06T16:00:00,
ENR00004953,USR004127,MINDGUARD,active,2025-12-08T07:00:00,
ENR00004954,USR004128,MINDGUARD,active,2026-01-15T12:00:00,
ENR00004955,USR004129,HEALTH_RESERVE,active,2025-11-19T02:00:00,
ENR00004956,USR004130,MINDGUARD,active,2026-01-01T05:00:00,
ENR00004957,USR004131,MINDGUARD,active,2026-01-03T21:00:00,
ENR00004958,USR004131,HEALTH_RESERVE,active,2026-01-01T00:00:00,
ENR00004959,USR004132,HEALTH_RESERVE,active,2026-01-27T05:00:00,
ENR00004960,USR004133,MINDGUARD,active,2025-12-29T04:00:00,
ENR00004961,USR004134,MINDGUARD,active,2025-12-01T00:00:00,
ENR00004962,USR004135,MINDGUARD,active,2026-01-14T13:00:00,
ENR00004963,USR004136,MINDGUARD,active,2025-12-21T15:00:00,
ENR00004964,USR004137,MINDGUARD,active,2025-10-05T10:00:00,
ENR00004965,USR004138,MINDGUARD,active,2025-12-01T20:00:00,
ENR00004966,USR004139,MINDGUARD,active,2025-09-20T09:00:00,
ENR00004967,USR004140,MINDGUARD,active,2026-01-22T00:00:00,
ENR00004968,USR004141,MINDGUARD,active,2025-10-15T06:00:00,
ENR00004969,USR004142,MINDGUARD,active,2025-10-27T05:00:00,
ENR00004970,USR004143,MINDGUARD,active,2025-10-27T17:00:00,
ENR00004971,USR004143,HEALTH_RESERVE,active,2025-11-08T18:00:00,
ENR00004972,USR004144,HEALTH_RESERVE,active,2026-01-04T16:00:00,
ENR00004973,USR004145,HEALTH_RESERVE,active,2026-01-08T04:00:00,
ENR00004974,USR004146,MINDGUARD,active,2026-02-10T11:00:00,
ENR00004975,USR004147,MINDGUARD,active,2025-09-15T03:00:00,
ENR00004976,USR004147,HEALTH_RESERVE,active,2025-09-19T10:00:00,
ENR00004977,USR004148,MINDGUARD,active,2026-01-16T14:00:00,
ENR00004978,USR004149,HEALTH_RESERVE,active,2026-02-04T20:00:00,
ENR00004979,USR004150,MINDGUARD,active,2025-12-27T01:00:00,
ENR00004980,USR004151,MINDGUARD,active,2025-10-10T23:00:00,
ENR00004981,USR004152,MINDGUARD,discontinued,2026-01-01T12:00:00,2026-08-20T13:18:00
ENR00004982,USR004153,HEALTH_RESERVE,active,2025-10-27T21:00:00,
ENR00004983,USR004154,MINDGUARD,active,2025-12-26T13:00:00,
ENR00004984,USR004155,MINDGUARD,active,2025-11-15T18:00:00,
ENR00004985,USR004156,MINDGUARD,active,2026-01-16T11:00:00,
ENR00004986,USR004157,MINDGUARD,active,2026-01-14T14:00:00,
ENR00004987,USR004158,MINDGUARD,active,2025-10-06T02:00:00,
ENR00004988,USR004159,MINDGUARD,active,2026-01-04T15:00:00,
ENR00004989,USR004160,MINDGUARD,active,2025-12-25T05:00:00,
ENR00004990,USR004161,HEALTH_RESERVE,active,2025-12-09T15:00:00,
ENR00004991,USR004162,MINDGUARD,active,2025-12-23T09:00:00,
ENR00004992,USR004162,HEALTH_RESERVE,active,2025-12-29T05:00:00,
ENR00004993,USR004163,MINDGUARD,active,2025-10-21T00:00:00,
ENR00004994,USR004164,MINDGUARD,active,2025-12-10T00:00:00,
ENR00004995,USR004164,HEALTH_RESERVE,active,2025-12-14T17:00:00,
ENR00004996,USR004165,MINDGUARD,active,2026-01-01T22:00:00,
ENR00004997,USR004166,MINDGUARD,active,2025-11-24T08:00:00,
ENR00004998,USR004166,HEALTH_RESERVE,active,2025-11-11T10:00:00,
ENR00004999,USR004167,MINDGUARD,active,2026-01-09T23:00:00,
ENR00005000,USR004167,HEALTH_RESERVE,active,2026-01-12T19:00:00,
ENR00005001,USR004168,MINDGUARD,active,2025-12-12T14:00:00,
ENR00005002,USR004169,MINDGUARD,active,2025-12-03T07:00:00,
ENR00005003,USR004170,MINDGUARD,active,2025-11-05T06:00:00,
ENR00005004,USR004170,HEALTH_RESERVE,active,2025-11-03T03:00:00,
ENR00005005,USR004171,MINDGUARD,active,2025-10-18T14:00:00,
ENR00005006,USR004171,HEALTH_RESERVE,active,2025-10-25T18:00:00,
ENR00005007,USR004172,HEALTH_RESERVE,active,2025-12-23T19:00:00,
ENR00005008,USR004173,MINDGUARD,active,2025-10-16T07:00:00,
ENR00005009,USR004173,HEALTH_RESERVE,active,2025-10-12T09:00:00,
ENR00005010,USR004174,HEALTH_RESERVE,active,2025-10-20T13:00:00,
ENR00005011,USR004175,MINDGUARD,active,2026-01-19T11:00:00,
ENR00005012,USR004175,HEALTH_RESERVE,active,2026-01-18T12:00:00,
ENR00005013,USR004176,MINDGUARD,active,2026-01-19T21:00:00,
ENR00005014,USR004177,MINDGUARD,active,2025-11-05T07:00:00,
ENR00005015,USR004178,MINDGUARD,active,2026-01-20T02:00:00,
ENR00005016,USR004178,HEALTH_RESERVE,active,2026-01-18T04:00:00,
ENR00005017,USR004179,MINDGUARD,active,2025-12-16T20:00:00,
ENR00005018,USR004180,MINDGUARD,active,2025-10-10T18:00:00,
ENR00005019,USR004181,HEALTH_RESERVE,active,2025-09-30T07:00:00,
ENR00005020,USR004182,MINDGUARD,active,2025-10-13T19:00:00,
ENR00005021,USR004183,MINDGUARD,active,2026-01-13T19:00:00,
ENR00005022,USR004183,HEALTH_RESERVE,active,2026-01-07T00:00:00,
ENR00005023,USR004184,MINDGUARD,active,2025-11-28T05:00:00,
ENR00005024,USR004185,MINDGUARD,active,2025-10-08T15:00:00,
ENR00005025,USR004185,HEALTH_RESERVE,active,2025-10-03T14:00:00,
ENR00005026,USR004186,HEALTH_RESERVE,active,2026-01-31T11:00:00,
ENR00005027,USR004187,HEALTH_RESERVE,active,2025-09-26T03:00:00,
ENR00005028,USR004188,MINDGUARD,active,2025-10-05T10:00:00,
ENR00005029,USR004189,MINDGUARD,active,2025-10-09T05:00:00,
ENR00005030,USR004189,HEALTH_RESERVE,active,2025-10-21T03:00:00,
ENR00005031,USR004190,MINDGUARD,active,2025-10-29T17:00:00,
ENR00005032,USR004191,MINDGUARD,active,2025-12-19T14:00:00,
ENR00005033,USR004192,MINDGUARD,active,2025-11-29T11:00:00,
ENR00005034,USR004193,MINDGUARD,active,2025-10-30T02:00:00,
ENR00005035,USR004194,MINDGUARD,active,2026-01-11T06:00:00,
ENR00005036,USR004195,MINDGUARD,active,2025-11-23T21:00:00,
ENR00005037,USR004196,MINDGUARD,active,2025-11-19T21:00:00,
ENR00005038,USR004197,HEALTH_RESERVE,active,2025-10-22T07:00:00,
ENR00005039,USR004198,HEALTH_RESERVE,active,2025-11-14T07:00:00,
ENR00005040,USR004199,MINDGUARD,active,2026-02-12T03:00:00,
ENR00005041,USR004199,HEALTH_RESERVE,active,2026-02-10T12:00:00,
ENR00005042,USR004200,MINDGUARD,active,2025-09-20T17:00:00,
ENR00005043,USR004201,MINDGUARD,active,2026-01-03T15:00:00,
ENR00005044,USR004202,MINDGUARD,active,2025-09-25T20:00:00,
ENR00005045,USR004202,HEALTH_RESERVE,active,2025-10-05T17:00:00,
ENR00005046,USR004203,MINDGUARD,active,2025-11-02T17:00:00,
ENR00005047,USR004204,MINDGUARD,active,2025-11-23T19:00:00,
ENR00005048,USR004205,MINDGUARD,active,2025-12-09T05:00:00,
ENR00005049,USR004205,HEALTH_RESERVE,active,2025-12-08T04:00:00,
ENR00005050,USR004206,MINDGUARD,active,2025-11-04T05:00:00,
ENR00005051,USR004207,MINDGUARD,active,2025-10-09T03:00:00,
ENR00005052,USR004208,MINDGUARD,active,2026-01-11T22:00:00,
ENR00005053,USR004209,MINDGUARD,active,2026-02-17T03:00:00,
ENR00005054,USR004210,MINDGUARD,active,2025-11-05T10:00:00,
ENR00005055,USR004211,MINDGUARD,active,2026-02-02T17:00:00,
ENR00005056,USR004211,HEALTH_RESERVE,active,2026-02-05T18:00:00,
ENR00005057,USR004212,MINDGUARD,active,2025-11-14T15:00:00,
ENR00005058,USR004213,MINDGUARD,active,2025-12-05T09:00:00,
ENR00005059,USR004214,MINDGUARD,active,2025-12-07T12:00:00,
ENR00005060,USR004215,MINDGUARD,active,2025-10-01T09:00:00,
ENR00005061,USR004216,MINDGUARD,active,2026-02-18T16:00:00,
ENR00005062,USR004217,MINDGUARD,active,2026-01-03T09:00:00,
ENR00005063,USR004218,MINDGUARD,active,2025-09-29T00:00:00,
ENR00005064,USR004218,HEALTH_RESERVE,active,2025-09-28T00:00:00,
ENR00005065,USR004219,MINDGUARD,active,2025-12-20T04:00:00,
ENR00005066,USR004220,MINDGUARD,active,2026-01-19T19:00:00,
ENR00005067,USR004221,MINDGUARD,active,2026-02-09T16:00:00,
ENR00005068,USR004221,HEALTH_RESERVE,active,2026-01-29T22:00:00,
ENR00005069,USR004222,MINDGUARD,active,2025-12-20T19:00:00,
ENR00005070,USR004223,MINDGUARD,active,2026-01-05T16:00:00,
ENR00005071,USR004223,HEALTH_RESERVE,active,2026-01-07T01:00:00,
ENR00005072,USR004224,MINDGUARD,active,2025-10-18T13:00:00,
ENR00005073,USR004225,MINDGUARD,active,2025-12-15T11:00:00,
ENR00005074,USR004226,MINDGUARD,active,2025-10-17T02:00:00,
ENR00005075,USR004227,MINDGUARD,active,2025-10-12T05:00:00,
ENR00005076,USR004227,HEALTH_RESERVE,active,2025-10-04T02:00:00,
ENR00005077,USR004228,HEALTH_RESERVE,active,2025-10-17T18:00:00,
ENR00005078,USR004229,MINDGUARD,active,2025-12-04T07:00:00,
ENR00005079,USR004230,MINDGUARD,active,2025-10-31T01:00:00,
ENR00005080,USR004231,MINDGUARD,active,2026-01-14T19:00:00,
ENR00005081,USR004232,HEALTH_RESERVE,active,2025-10-28T18:00:00,
ENR00005082,USR004233,MINDGUARD,active,2025-09-19T04:00:00,
ENR00005083,USR004234,MINDGUARD,active,2025-10-21T22:00:00,
ENR00005084,USR004234,HEALTH_RESERVE,active,2025-10-16T18:00:00,
ENR00005085,USR004235,MINDGUARD,active,2025-09-19T20:00:00,
ENR00005086,USR004236,HEALTH_RESERVE,active,2025-10-16T06:00:00,
ENR00005087,USR004237,MINDGUARD,active,2025-11-10T14:00:00,
ENR00005088,USR004238,MINDGUARD,active,2026-01-16T05:00:00,
ENR00005089,USR004238,HEALTH_RESERVE,active,2026-01-14T11:00:00,
ENR00005090,USR004239,MINDGUARD,active,2026-01-07T22:00:00,
ENR00005091,USR004239,HEALTH_RESERVE,active,2026-01-08T22:00:00,
ENR00005092,USR004240,HEALTH_RESERVE,active,2025-10-16T05:00:00,
ENR00005093,USR004241,MINDGUARD,active,2025-09-25T07:00:00,
ENR00005094,USR004242,MINDGUARD,active,2026-01-24T20:00:00,
ENR00005095,USR004243,MINDGUARD,active,2025-11-21T16:00:00,
ENR00005096,USR004243,HEALTH_RESERVE,active,2025-11-27T12:00:00,
ENR00005097,USR004244,MINDGUARD,active,2025-12-13T01:00:00,
ENR00005098,USR004245,MINDGUARD,active,2026-01-13T22:00:00,
ENR00005099,USR004246,MINDGUARD,active,2025-12-03T16:00:00,
ENR00005100,USR004246,HEALTH_RESERVE,active,2025-12-06T13:00:00,
ENR00005101,USR004247,MINDGUARD,active,2025-12-13T05:00:00,
ENR00005102,USR004248,MINDGUARD,active,2026-01-31T17:00:00,
ENR00005103,USR004249,HEALTH_RESERVE,active,2025-09-30T22:00:00,
ENR00005104,USR004250,MINDGUARD,active,2025-10-22T04:00:00,
ENR00005105,USR004251,MINDGUARD,active,2025-11-25T22:00:00,
ENR00005106,USR004252,MINDGUARD,active,2025-09-23T14:00:00,
ENR00005107,USR004253,MINDGUARD,active,2026-02-08T11:00:00,
ENR00005108,USR004253,HEALTH_RESERVE,active,2026-02-21T08:00:00,
ENR00005109,USR004254,MINDGUARD,active,2025-12-15T12:00:00,
ENR00005110,USR004254,HEALTH_RESERVE,active,2025-12-26T16:00:00,
ENR00005111,USR004255,MINDGUARD,active,2025-12-20T08:00:00,
ENR00005112,USR004256,MINDGUARD,active,2026-02-05T12:00:00,
ENR00005113,USR004257,MINDGUARD,active,2026-02-19T06:00:00,
ENR00005114,USR004258,MINDGUARD,active,2025-10-15T06:00:00,
ENR00005115,USR004259,MINDGUARD,active,2025-10-24T05:00:00,
ENR00005116,USR004260,MINDGUARD,active,2025-12-10T00:00:00,
ENR00005117,USR004260,HEALTH_RESERVE,active,2025-12-17T16:00:00,
ENR00005118,USR004261,MINDGUARD,active,2026-02-01T03:00:00,
ENR00005119,USR004262,HEALTH_RESERVE,active,2025-10-12T04:00:00,
ENR00005120,USR004263,HEALTH_RESERVE,active,2025-12-28T07:00:00,
ENR00005121,USR004264,MINDGUARD,active,2025-12-12T20:00:00,
ENR00005122,USR004264,HEALTH_RESERVE,active,2025-12-03T21:00:00,
ENR00005123,USR004265,MINDGUARD,active,2025-10-04T06:00:00,
ENR00005124,USR004266,MINDGUARD,active,2026-01-12T21:00:00,
ENR00005125,USR004267,MINDGUARD,active,2025-10-01T00:00:00,
ENR00005126,USR004268,MINDGUARD,active,2026-01-08T08:00:00,
ENR00005127,USR004268,HEALTH_RESERVE,active,2026-01-22T07:00:00,
ENR00005128,USR004269,MINDGUARD,active,2026-02-05T20:00:00,
ENR00005129,USR004270,MINDGUARD,active,2025-10-17T04:00:00,
ENR00005130,USR004270,HEALTH_RESERVE,active,2025-10-09T05:00:00,
ENR00005131,USR004271,MINDGUARD,active,2025-11-16T23:00:00,
ENR00005132,USR004271,HEALTH_RESERVE,active,2025-11-17T07:00:00,
ENR00005133,USR004272,MINDGUARD,active,2025-10-31T09:00:00,
ENR00005134,USR004273,MINDGUARD,active,2025-11-12T07:00:00,
ENR00005135,USR004274,MINDGUARD,active,2025-11-02T21:00:00,
ENR00005136,USR004274,HEALTH_RESERVE,active,2025-11-03T13:00:00,
ENR00005137,USR004275,MINDGUARD,active,2025-12-19T01:00:00,
ENR00005138,USR004276,MINDGUARD,active,2025-10-05T01:00:00,
ENR00005139,USR004277,MINDGUARD,active,2026-01-04T02:00:00,
ENR00005140,USR004278,MINDGUARD,active,2026-02-17T14:00:00,
ENR00005141,USR004279,MINDGUARD,active,2025-11-17T07:00:00,
ENR00005142,USR004279,HEALTH_RESERVE,active,2025-11-18T07:00:00,
ENR00005143,USR004280,MINDGUARD,active,2026-02-09T04:00:00,
ENR00005144,USR004281,MINDGUARD,active,2025-09-22T04:00:00,
ENR00005145,USR004281,HEALTH_RESERVE,active,2025-09-20T22:00:00,
ENR00005146,USR004282,MINDGUARD,active,2025-12-17T03:00:00,
ENR00005147,USR004283,MINDGUARD,active,2026-01-21T14:00:00,
ENR00005148,USR004283,HEALTH_RESERVE,active,2026-01-17T13:00:00,
ENR00005149,USR004284,MINDGUARD,active,2025-11-11T00:00:00,
ENR00005150,USR004285,MINDGUARD,active,2025-12-18T22:00:00,
ENR00005151,USR004286,MINDGUARD,active,2026-01-06T16:00:00,
ENR00005152,USR004287,MINDGUARD,active,2025-10-23T23:00:00,
ENR00005153,USR004288,HEALTH_RESERVE,active,2026-02-03T14:00:00,
ENR00005154,USR004289,MINDGUARD,active,2025-11-15T22:00:00,
ENR00005155,USR004290,MINDGUARD,active,2025-12-25T07:00:00,
ENR00005156,USR004291,MINDGUARD,active,2026-01-01T14:00:00,
ENR00005157,USR004292,HEALTH_RESERVE,active,2026-02-07T01:00:00,
ENR00005158,USR004293,MINDGUARD,discontinued,2025-10-15T10:00:00,2026-07-03T11:01:00
ENR00005159,USR004294,MINDGUARD,active,2025-12-17T18:00:00,
ENR00005160,USR004295,HEALTH_RESERVE,active,2026-02-14T07:00:00,
ENR00005161,USR004296,MINDGUARD,active,2025-10-27T14:00:00,
ENR00005162,USR004297,MINDGUARD,active,2025-10-31T08:00:00,
ENR00005163,USR004298,HEALTH_RESERVE,active,2026-01-08T02:00:00,
ENR00005164,USR004299,MINDGUARD,active,2026-02-02T15:00:00,
ENR00005165,USR004300,MINDGUARD,active,2025-12-07T08:00:00,
ENR00005166,USR004300,HEALTH_RESERVE,active,2025-12-08T11:00:00,
ENR00005167,USR004301,MINDGUARD,active,2025-11-09T09:00:00,
ENR00005168,USR004302,MINDGUARD,active,2025-10-06T05:00:00,
ENR00005169,USR004303,MINDGUARD,active,2026-02-17T15:00:00,
ENR00005170,USR004304,MINDGUARD,active,2025-12-01T00:00:00,
ENR00005171,USR004304,HEALTH_RESERVE,active,2025-12-02T02:00:00,
ENR00005172,USR004305,MINDGUARD,active,2025-12-12T15:00:00,
ENR00005173,USR004305,HEALTH_RESERVE,active,2025-12-12T13:00:00,
ENR00005174,USR004306,MINDGUARD,active,2025-11-13T07:00:00,
ENR00005175,USR004307,MINDGUARD,active,2026-02-13T23:00:00,
ENR00005176,USR004307,HEALTH_RESERVE,active,2026-02-22T20:00:00,
ENR00005177,USR004308,MINDGUARD,active,2025-11-08T16:00:00,
ENR00005178,USR004308,HEALTH_RESERVE,active,2025-11-12T12:00:00,
ENR00005179,USR004309,MINDGUARD,active,2025-10-25T23:00:00,
ENR00005180,USR004309,HEALTH_RESERVE,active,2025-10-28T01:00:00,
ENR00005181,USR004310,MINDGUARD,active,2025-10-30T02:00:00,
ENR00005182,USR004311,MINDGUARD,active,2025-10-17T09:00:00,
ENR00005183,USR004312,HEALTH_RESERVE,active,2025-10-20T17:00:00,
ENR00005184,USR004313,MINDGUARD,active,2025-11-11T14:00:00,
ENR00005185,USR004314,HEALTH_RESERVE,active,2025-11-22T10:00:00,
ENR00005186,USR004315,MINDGUARD,active,2025-11-14T16:00:00,
ENR00005187,USR004316,MINDGUARD,active,2026-02-16T12:00:00,
ENR00005188,USR004317,MINDGUARD,active,2026-01-12T23:00:00,
ENR00005189,USR004318,MINDGUARD,active,2025-10-17T00:00:00,
ENR00005190,USR004318,HEALTH_RESERVE,active,2025-10-15T23:00:00,
ENR00005191,USR004319,HEALTH_RESERVE,active,2025-12-21T06:00:00,
ENR00005192,USR004320,MINDGUARD,active,2025-12-02T09:00:00,
ENR00005193,USR004321,HEALTH_RESERVE,active,2025-10-25T18:00:00,
ENR00005194,USR004322,MINDGUARD,active,2026-01-19T03:00:00,
ENR00005195,USR004323,MINDGUARD,active,2025-11-27T07:00:00,
ENR00005196,USR004324,MINDGUARD,active,2026-02-10T23:00:00,
ENR00005197,USR004325,MINDGUARD,active,2026-02-01T14:00:00,
ENR00005198,USR004325,HEALTH_RESERVE,active,2026-01-26T14:00:00,
ENR00005199,USR004326,MINDGUARD,active,2025-10-30T00:00:00,
ENR00005200,USR004327,HEALTH_RESERVE,active,2025-11-29T18:00:00,
ENR00005201,USR004328,HEALTH_RESERVE,active,2026-01-25T14:00:00,
ENR00005202,USR004329,MINDGUARD,active,2025-12-22T12:00:00,
ENR00005203,USR004329,HEALTH_RESERVE,active,2025-12-23T11:00:00,
ENR00005204,USR004330,MINDGUARD,active,2025-12-30T03:00:00,
ENR00005205,USR004331,MINDGUARD,active,2025-12-14T14:00:00,
ENR00005206,USR004332,MINDGUARD,active,2025-11-25T14:00:00,
ENR00005207,USR004332,HEALTH_RESERVE,active,2025-11-22T22:00:00,
ENR00005208,USR004333,MINDGUARD,active,2025-10-26T13:00:00,
ENR00005209,USR004334,MINDGUARD,active,2025-11-25T05:00:00,
ENR00005210,USR004334,HEALTH_RESERVE,active,2025-12-02T10:00:00,
ENR00005211,USR004335,MINDGUARD,active,2025-11-12T11:00:00,
ENR00005212,USR004336,MINDGUARD,active,2025-11-10T20:00:00,
ENR00005213,USR004337,MINDGUARD,active,2025-12-30T00:00:00,
ENR00005214,USR004338,MINDGUARD,active,2025-10-25T16:00:00,
ENR00005215,USR004339,MINDGUARD,active,2025-10-24T13:00:00,
ENR00005216,USR004340,MINDGUARD,active,2025-10-25T08:00:00,
ENR00005217,USR004341,MINDGUARD,active,2025-12-13T15:00:00,
ENR00005218,USR004342,MINDGUARD,active,2025-12-22T08:00:00,
ENR00005219,USR004343,MINDGUARD,active,2026-01-17T11:00:00,
ENR00005220,USR004344,MINDGUARD,active,2025-11-02T16:00:00,
ENR00005221,USR004345,MINDGUARD,active,2025-11-06T09:00:00,
ENR00005222,USR004345,HEALTH_RESERVE,active,2025-10-31T04:00:00,
ENR00005223,USR004346,HEALTH_RESERVE,active,2025-12-17T08:00:00,
ENR00005224,USR004347,MINDGUARD,active,2026-01-26T04:00:00,
ENR00005225,USR004348,MINDGUARD,active,2026-01-05T18:00:00,
ENR00005226,USR004349,MINDGUARD,active,2026-01-24T13:00:00,
ENR00005227,USR004349,HEALTH_RESERVE,active,2026-01-25T06:00:00,
ENR00005228,USR004350,MINDGUARD,active,2025-12-06T00:00:00,
ENR00005229,USR004350,HEALTH_RESERVE,active,2025-11-30T23:00:00,
ENR00005230,USR004351,HEALTH_RESERVE,active,2025-10-16T22:00:00,
ENR00005231,USR004352,MINDGUARD,active,2025-11-03T19:00:00,
ENR00005232,USR004353,HEALTH_RESERVE,active,2025-12-19T16:00:00,
ENR00005233,USR004354,MINDGUARD,active,2025-12-28T04:00:00,
ENR00005234,USR004355,MINDGUARD,active,2025-10-11T17:00:00,
ENR00005235,USR004356,MINDGUARD,active,2025-11-12T01:00:00,
ENR00005236,USR004357,MINDGUARD,active,2025-11-01T16:00:00,
ENR00005237,USR004358,MINDGUARD,active,2026-01-28T23:00:00,
ENR00005238,USR004358,HEALTH_RESERVE,active,2026-02-09T23:00:00,
ENR00005239,USR004359,MINDGUARD,active,2025-10-27T02:00:00,
ENR00005240,USR004359,HEALTH_RESERVE,active,2025-10-26T18:00:00,
ENR00005241,USR004360,MINDGUARD,active,2026-02-11T08:00:00,
ENR00005242,USR004360,HEALTH_RESERVE,active,2026-02-04T10:00:00,
ENR00005243,USR004361,MINDGUARD,active,2026-01-28T12:00:00,
ENR00005244,USR004362,HEALTH_RESERVE,active,2025-12-16T04:00:00,
ENR00005245,USR004363,MINDGUARD,active,2026-01-18T03:00:00,
ENR00005246,USR004364,HEALTH_RESERVE,active,2026-02-19T16:00:00,
ENR00005247,USR004365,MINDGUARD,active,2025-10-18T06:00:00,
ENR00005248,USR004366,MINDGUARD,active,2025-11-22T08:00:00,
ENR00005249,USR004367,MINDGUARD,active,2025-12-09T13:00:00,
ENR00005250,USR004368,MINDGUARD,active,2025-11-07T23:00:00,
ENR00005251,USR004368,HEALTH_RESERVE,active,2025-10-30T23:00:00,
ENR00005252,USR004369,MINDGUARD,active,2025-10-05T05:00:00,
ENR00005253,USR004369,HEALTH_RESERVE,active,2025-10-06T05:00:00,
ENR00005254,USR004370,MINDGUARD,active,2026-02-11T19:00:00,
ENR00005255,USR004371,MINDGUARD,active,2025-10-01T19:00:00,
ENR00005256,USR004372,HEALTH_RESERVE,active,2025-10-12T20:00:00,
ENR00005257,USR004373,MINDGUARD,active,2025-10-03T06:00:00,
ENR00005258,USR004373,HEALTH_RESERVE,active,2025-09-24T12:00:00,
ENR00005259,USR004374,HEALTH_RESERVE,active,2025-12-08T06:00:00,
ENR00005260,USR004375,MINDGUARD,active,2026-01-08T22:00:00,
ENR00005261,USR004376,MINDGUARD,active,2026-01-02T04:00:00,
ENR00005262,USR004376,HEALTH_RESERVE,active,2025-12-27T11:00:00,
ENR00005263,USR004377,HEALTH_RESERVE,active,2025-09-21T00:00:00,
ENR00005264,USR004378,MINDGUARD,active,2025-10-05T02:00:00,
ENR00005265,USR004379,MINDGUARD,active,2025-09-30T18:00:00,
ENR00005266,USR004380,MINDGUARD,active,2026-01-30T17:00:00,
ENR00005267,USR004380,HEALTH_RESERVE,active,2026-01-30T21:00:00,
ENR00005268,USR004381,HEALTH_RESERVE,active,2025-12-02T23:00:00,
ENR00005269,USR004382,MINDGUARD,active,2026-02-09T21:00:00,
ENR00005270,USR004383,MINDGUARD,active,2025-10-26T14:00:00,
ENR00005271,USR004384,MINDGUARD,active,2025-09-30T23:00:00,
ENR00005272,USR004385,MINDGUARD,active,2026-02-07T20:00:00,
ENR00005273,USR004386,MINDGUARD,active,2025-09-21T14:00:00,
ENR00005274,USR004387,MINDGUARD,active,2025-11-13T01:00:00,
ENR00005275,USR004387,HEALTH_RESERVE,active,2025-11-13T07:00:00,
ENR00005276,USR004388,MINDGUARD,active,2026-01-15T18:00:00,
ENR00005277,USR004389,MINDGUARD,active,2026-01-24T13:00:00,
ENR00005278,USR004390,MINDGUARD,active,2026-01-22T17:00:00,
ENR00005279,USR004391,MINDGUARD,active,2025-12-31T20:00:00,
ENR00005280,USR004392,MINDGUARD,active,2026-02-10T22:00:00,
ENR00005281,USR004393,MINDGUARD,active,2025-10-31T11:00:00,
ENR00005282,USR004394,MINDGUARD,active,2025-10-20T10:00:00,
ENR00005283,USR004395,MINDGUARD,active,2025-10-07T07:00:00,
ENR00005284,USR004396,MINDGUARD,active,2025-10-16T02:00:00,
ENR00005285,USR004397,MINDGUARD,active,2025-12-07T20:00:00,
ENR00005286,USR004397,HEALTH_RESERVE,active,2025-12-08T17:00:00,
ENR00005287,USR004398,MINDGUARD,active,2025-11-23T18:00:00,
ENR00005288,USR004399,HEALTH_RESERVE,active,2026-01-15T10:00:00,
ENR00005289,USR004400,MINDGUARD,active,2025-10-05T13:00:00,
ENR00005290,USR004401,MINDGUARD,active,2025-10-18T11:00:00,
ENR00005291,USR004402,HEALTH_RESERVE,active,2025-11-28T15:00:00,
ENR00005292,USR004403,MINDGUARD,active,2025-10-26T20:00:00,
ENR00005293,USR004403,HEALTH_RESERVE,active,2025-11-06T00:00:00,
ENR00005294,USR004404,HEALTH_RESERVE,active,2025-11-04T18:00:00,
ENR00005295,USR004405,HEALTH_RESERVE,active,2025-10-30T02:00:00,
ENR00005296,USR004406,MINDGUARD,active,2026-01-01T18:00:00,
ENR00005297,USR004406,HEALTH_RESERVE,active,2026-01-09T17:00:00,
ENR00005298,USR004407,MINDGUARD,active,2025-12-25T09:00:00,
ENR00005299,USR004407,HEALTH_RESERVE,active,2025-12-30T11:00:00,
ENR00005300,USR004408,MINDGUARD,active,2025-11-26T08:00:00,
ENR00005301,USR004409,MINDGUARD,active,2025-11-24T14:00:00,
ENR00005302,USR004409,HEALTH_RESERVE,active,2025-11-11T17:00:00,
ENR00005303,USR004410,MINDGUARD,active,2026-01-02T13:00:00,
ENR00005304,USR004410,HEALTH_RESERVE,active,2025-12-30T14:00:00,
ENR00005305,USR004411,MINDGUARD,active,2026-02-13T07:00:00,
ENR00005306,USR004412,MINDGUARD,active,2025-12-11T01:00:00,
ENR00005307,USR004413,HEALTH_RESERVE,active,2025-10-17T20:00:00,
ENR00005308,USR004414,MINDGUARD,active,2025-10-08T19:00:00,
ENR00005309,USR004415,MINDGUARD,active,2026-01-24T05:00:00,
ENR00005310,USR004415,HEALTH_RESERVE,active,2026-01-26T13:00:00,
ENR00005311,USR004416,MINDGUARD,active,2025-12-06T12:00:00,
ENR00005312,USR004417,HEALTH_RESERVE,active,2025-10-29T10:00:00,
ENR00005313,USR004418,MINDGUARD,active,2026-02-03T05:00:00,
ENR00005314,USR004419,MINDGUARD,active,2025-12-03T08:00:00,
ENR00005315,USR004420,HEALTH_RESERVE,active,2025-12-14T11:00:00,
ENR00005316,USR004421,MINDGUARD,active,2026-01-28T09:00:00,
ENR00005317,USR004422,MINDGUARD,active,2025-10-02T00:00:00,
ENR00005318,USR004423,HEALTH_RESERVE,active,2025-12-23T01:00:00,
ENR00005319,USR004424,MINDGUARD,active,2025-09-25T21:00:00,
ENR00005320,USR004424,HEALTH_RESERVE,active,2025-09-27T22:00:00,
ENR00005321,USR004425,HEALTH_RESERVE,active,2025-10-12T08:00:00,
ENR00005322,USR004426,MINDGUARD,active,2025-11-04T01:00:00,
ENR00005323,USR004427,MINDGUARD,active,2026-02-16T04:00:00,
ENR00005324,USR004428,MINDGUARD,active,2025-10-02T06:00:00,
ENR00005325,USR004429,MINDGUARD,active,2026-02-14T16:00:00,
ENR00005326,USR004430,MINDGUARD,active,2026-01-16T19:00:00,
ENR00005327,USR004430,HEALTH_RESERVE,active,2026-01-14T13:00:00,
ENR00005328,USR004431,HEALTH_RESERVE,active,2026-01-25T02:00:00,
ENR00005329,USR004432,MINDGUARD,active,2025-12-13T20:00:00,
ENR00005330,USR004433,MINDGUARD,active,2025-11-19T16:00:00,
ENR00005331,USR004434,MINDGUARD,active,2025-12-05T17:00:00,
ENR00005332,USR004435,MINDGUARD,active,2026-01-29T16:00:00,
ENR00005333,USR004436,MINDGUARD,active,2025-11-01T06:00:00,
ENR00005334,USR004437,HEALTH_RESERVE,active,2026-01-10T14:00:00,
ENR00005335,USR004438,MINDGUARD,active,2025-10-31T08:00:00,
ENR00005336,USR004439,HEALTH_RESERVE,active,2025-09-28T01:00:00,
ENR00005337,USR004440,MINDGUARD,active,2025-11-22T15:00:00,
ENR00005338,USR004441,MINDGUARD,active,2025-10-06T11:00:00,
ENR00005339,USR004442,HEALTH_RESERVE,active,2025-12-12T05:00:00,
ENR00005340,USR004443,MINDGUARD,active,2025-11-18T14:00:00,
ENR00005341,USR004444,HEALTH_RESERVE,active,2025-11-08T03:00:00,
ENR00005342,USR004445,MINDGUARD,active,2025-12-05T08:00:00,
ENR00005343,USR004446,HEALTH_RESERVE,active,2025-12-05T14:00:00,
ENR00005344,USR004447,MINDGUARD,active,2025-11-07T01:00:00,
ENR00005345,USR004448,MINDGUARD,active,2025-11-14T09:00:00,
ENR00005346,USR004449,MINDGUARD,active,2026-01-09T22:00:00,
ENR00005347,USR004450,MINDGUARD,active,2025-12-31T07:00:00,
ENR00005348,USR004451,MINDGUARD,active,2026-01-17T14:00:00,
ENR00005349,USR004452,HEALTH_RESERVE,active,2025-11-30T09:00:00,
ENR00005350,USR004453,MINDGUARD,active,2025-10-03T23:00:00,
ENR00005351,USR004454,MINDGUARD,active,2025-12-07T02:00:00,
ENR00005352,USR004455,MINDGUARD,active,2025-12-12T09:00:00,
ENR00005353,USR004456,MINDGUARD,active,2025-11-13T06:00:00,
ENR00005354,USR004456,HEALTH_RESERVE,active,2025-11-08T02:00:00,
ENR00005355,USR004457,MINDGUARD,active,2025-10-19T14:00:00,
ENR00005356,USR004458,MINDGUARD,active,2025-11-14T08:00:00,
ENR00005357,USR004459,MINDGUARD,active,2025-10-12T16:00:00,
ENR00005358,USR004459,HEALTH_RESERVE,active,2025-10-14T14:00:00,
ENR00005359,USR004460,MINDGUARD,active,2025-10-15T23:00:00,
ENR00005360,USR004460,HEALTH_RESERVE,active,2025-10-21T00:00:00,
ENR00005361,USR004461,MINDGUARD,active,2025-10-09T22:00:00,
ENR00005362,USR004462,MINDGUARD,active,2025-10-10T23:00:00,
ENR00005363,USR004462,HEALTH_RESERVE,active,2025-10-13T01:00:00,
ENR00005364,USR004463,HEALTH_RESERVE,active,2026-02-15T09:00:00,
ENR00005365,USR004464,MINDGUARD,active,2025-12-03T22:00:00,
ENR00005366,USR004465,MINDGUARD,active,2025-09-23T05:00:00,
ENR00005367,USR004466,MINDGUARD,active,2025-10-27T10:00:00,
ENR00005368,USR004466,HEALTH_RESERVE,active,2025-10-14T10:00:00,
ENR00005369,USR004467,MINDGUARD,active,2026-01-24T08:00:00,
ENR00005370,USR004467,HEALTH_RESERVE,active,2026-01-19T02:00:00,
ENR00005371,USR004468,MINDGUARD,active,2026-01-23T01:00:00,
ENR00005372,USR004468,HEALTH_RESERVE,active,2026-01-22T09:00:00,
ENR00005373,USR004469,MINDGUARD,active,2025-11-23T06:00:00,
ENR00005374,USR004470,MINDGUARD,active,2026-02-14T08:00:00,
ENR00005375,USR004471,MINDGUARD,active,2026-02-12T13:00:00,
ENR00005376,USR004472,MINDGUARD,active,2026-01-28T04:00:00,
ENR00005377,USR004473,MINDGUARD,active,2025-12-11T05:00:00,
ENR00005378,USR004474,MINDGUARD,active,2026-02-06T04:00:00,
ENR00005379,USR004475,MINDGUARD,active,2025-10-06T00:00:00,
ENR00005380,USR004476,MINDGUARD,active,2025-11-11T18:00:00,
ENR00005381,USR004477,MINDGUARD,active,2025-11-02T07:00:00,
ENR00005382,USR004478,HEALTH_RESERVE,active,2026-01-17T07:00:00,
ENR00005383,USR004479,HEALTH_RESERVE,active,2025-11-16T13:00:00,
ENR00005384,USR004480,MINDGUARD,active,2025-09-22T21:00:00,
ENR00005385,USR004481,MINDGUARD,active,2026-01-05T07:00:00,
ENR00005386,USR004482,MINDGUARD,active,2025-10-28T17:00:00,
ENR00005387,USR004483,MINDGUARD,active,2025-11-09T15:00:00,
ENR00005388,USR004484,MINDGUARD,active,2025-12-30T08:00:00,
ENR00005389,USR004485,MINDGUARD,active,2026-02-09T22:00:00,
ENR00005390,USR004486,MINDGUARD,active,2025-12-01T17:00:00,
ENR00005391,USR004487,MINDGUARD,active,2025-12-10T12:00:00,
ENR00005392,USR004488,MINDGUARD,active,2025-12-30T13:00:00,
ENR00005393,USR004489,MINDGUARD,active,2025-10-24T10:00:00,
ENR00005394,USR004490,MINDGUARD,active,2025-11-03T06:00:00,
ENR00005395,USR004491,HEALTH_RESERVE,active,2025-12-08T14:00:00,
ENR00005396,USR004492,HEALTH_RESERVE,active,2026-02-04T04:00:00,
ENR00005397,USR004493,HEALTH_RESERVE,active,2025-10-04T11:00:00,
ENR00005398,USR004494,MINDGUARD,active,2025-11-15T00:00:00,
ENR00005399,USR004494,HEALTH_RESERVE,active,2025-11-08T22:00:00,
ENR00005400,USR004495,MINDGUARD,active,2025-09-25T11:00:00,
ENR00005401,USR004496,MINDGUARD,active,2026-02-18T22:00:00,
ENR00005402,USR004497,MINDGUARD,active,2025-12-04T14:00:00,
ENR00005403,USR004498,MINDGUARD,active,2026-01-20T18:00:00,
ENR00005404,USR004499,MINDGUARD,active,2026-01-08T12:00:00,
ENR00005405,USR004500,MINDGUARD,active,2025-11-24T14:00:00,
ENR00005406,USR004500,HEALTH_RESERVE,active,2025-11-14T21:00:00,
ENR00005407,USR004501,HEALTH_RESERVE,active,2025-10-27T03:00:00,
ENR00005408,USR004502,MINDGUARD,active,2025-10-28T03:00:00,
ENR00005409,USR004503,MINDGUARD,active,2026-02-06T10:00:00,
ENR00005410,USR004504,MINDGUARD,active,2026-02-11T15:00:00,
ENR00005411,USR004505,MINDGUARD,active,2026-02-20T20:00:00,
ENR00005412,USR004506,MINDGUARD,active,2025-10-24T11:00:00,
ENR00005413,USR004507,HEALTH_RESERVE,active,2025-11-18T02:00:00,
ENR00005414,USR004508,MINDGUARD,active,2025-09-26T00:00:00,
ENR00005415,USR004509,MINDGUARD,active,2025-10-17T18:00:00,
ENR00005416,USR004510,MINDGUARD,active,2025-10-27T19:00:00,
ENR00005417,USR004511,HEALTH_RESERVE,active,2026-01-28T10:00:00,
ENR00005418,USR004512,MINDGUARD,active,2025-11-11T19:00:00,
ENR00005419,USR004512,HEALTH_RESERVE,active,2025-11-01T17:00:00,
ENR00005420,USR004513,MINDGUARD,active,2026-02-13T11:00:00,
ENR00005421,USR004514,MINDGUARD,active,2025-10-28T17:00:00,
ENR00005422,USR004515,MINDGUARD,active,2025-12-03T16:00:00,
ENR00005423,USR004515,HEALTH_RESERVE,active,2025-12-04T11:00:00,
ENR00005424,USR004516,MINDGUARD,active,2025-11-14T19:00:00,
ENR00005425,USR004517,MINDGUARD,active,2025-12-07T05:00:00,
ENR00005426,USR004518,MINDGUARD,active,2025-10-12T11:00:00,
ENR00005427,USR004519,MINDGUARD,active,2025-11-19T15:00:00,
ENR00005428,USR004519,HEALTH_RESERVE,active,2025-11-12T08:00:00,
ENR00005429,USR004520,MINDGUARD,active,2026-01-18T17:00:00,
ENR00005430,USR004521,MINDGUARD,active,2025-10-13T09:00:00,
ENR00005431,USR004522,HEALTH_RESERVE,active,2026-01-05T12:00:00,
ENR00005432,USR004523,MINDGUARD,active,2025-12-08T07:00:00,
ENR00005433,USR004523,HEALTH_RESERVE,active,2025-12-06T08:00:00,
ENR00005434,USR004524,MINDGUARD,active,2025-09-24T10:00:00,
ENR00005435,USR004525,HEALTH_RESERVE,active,2025-12-12T07:00:00,
ENR00005436,USR004526,MINDGUARD,active,2025-10-09T02:00:00,
ENR00005437,USR004527,MINDGUARD,active,2025-12-13T00:00:00,
ENR00005438,USR004528,MINDGUARD,active,2025-12-14T21:00:00,
ENR00005439,USR004528,HEALTH_RESERVE,active,2025-12-05T04:00:00,
ENR00005440,USR004529,MINDGUARD,active,2025-12-27T23:00:00,
ENR00005441,USR004530,MINDGUARD,active,2025-11-07T04:00:00,
ENR00005442,USR004531,HEALTH_RESERVE,active,2025-10-29T08:00:00,
ENR00005443,USR004532,MINDGUARD,active,2026-02-10T12:00:00,
ENR00005444,USR004533,HEALTH_RESERVE,active,2025-11-07T13:00:00,
ENR00005445,USR004534,HEALTH_RESERVE,active,2025-11-11T06:00:00,
ENR00005446,USR004535,HEALTH_RESERVE,active,2026-01-17T14:00:00,
ENR00005447,USR004536,HEALTH_RESERVE,active,2025-11-21T12:00:00,
ENR00005448,USR004537,MINDGUARD,active,2025-12-29T23:00:00,
ENR00005449,USR004538,HEALTH_RESERVE,active,2026-01-21T12:00:00,
ENR00005450,USR004539,HEALTH_RESERVE,active,2025-10-27T13:00:00,
ENR00005451,USR004540,MINDGUARD,active,2025-10-30T19:00:00,
ENR00005452,USR004540,HEALTH_RESERVE,active,2025-11-07T11:00:00,
ENR00005453,USR004541,MINDGUARD,active,2026-02-20T14:00:00,
ENR00005454,USR004542,MINDGUARD,active,2025-12-25T04:00:00,
ENR00005455,USR004542,HEALTH_RESERVE,active,2025-12-26T05:00:00,
ENR00005456,USR004543,MINDGUARD,active,2026-02-10T02:00:00,
ENR00005457,USR004544,HEALTH_RESERVE,active,2026-01-10T15:00:00,
ENR00005458,USR004545,MINDGUARD,active,2025-10-14T08:00:00,
ENR00005459,USR004546,HEALTH_RESERVE,active,2025-10-17T05:00:00,
ENR00005460,USR004547,MINDGUARD,active,2025-09-26T08:00:00,
ENR00005461,USR004548,MINDGUARD,active,2026-01-22T09:00:00,
ENR00005462,USR004549,MINDGUARD,active,2025-12-13T19:00:00,
ENR00005463,USR004550,MINDGUARD,active,2025-12-24T19:00:00,
ENR00005464,USR004551,MINDGUARD,active,2026-02-16T03:00:00,
ENR00005465,USR004551,HEALTH_RESERVE,active,2026-02-12T07:00:00,
ENR00005466,USR004552,MINDGUARD,active,2025-10-26T19:00:00,
ENR00005467,USR004553,HEALTH_RESERVE,active,2026-01-10T03:00:00,
ENR00005468,USR004554,MINDGUARD,active,2025-10-04T11:00:00,
ENR00005469,USR004555,MINDGUARD,active,2025-12-17T04:00:00,
ENR00005470,USR004555,HEALTH_RESERVE,active,2025-12-10T18:00:00,
ENR00005471,USR004556,HEALTH_RESERVE,active,2025-09-28T00:00:00,
ENR00005472,USR004557,HEALTH_RESERVE,active,2026-01-16T07:00:00,
ENR00005473,USR004558,MINDGUARD,active,2026-02-08T06:00:00,
ENR00005474,USR004559,HEALTH_RESERVE,active,2026-01-13T20:00:00,
ENR00005475,USR004560,HEALTH_RESERVE,active,2026-01-19T15:00:00,
ENR00005476,USR004561,MINDGUARD,active,2025-11-19T12:00:00,
ENR00005477,USR004562,MINDGUARD,active,2026-01-05T06:00:00,
ENR00005478,USR004562,HEALTH_RESERVE,active,2026-01-13T01:00:00,
ENR00005479,USR004563,MINDGUARD,active,2025-11-11T16:00:00,
ENR00005480,USR004563,HEALTH_RESERVE,active,2025-11-02T18:00:00,
ENR00005481,USR004564,MINDGUARD,active,2026-01-23T13:00:00,
ENR00005482,USR004565,MINDGUARD,active,2025-10-04T11:00:00,
ENR00005483,USR004566,MINDGUARD,active,2026-02-07T02:00:00,
ENR00005484,USR004567,MINDGUARD,active,2025-12-04T00:00:00,
ENR00005485,USR004567,HEALTH_RESERVE,active,2025-11-26T01:00:00,
ENR00005486,USR004568,MINDGUARD,active,2026-01-29T05:00:00,
ENR00005487,USR004569,MINDGUARD,active,2025-12-27T05:00:00,
ENR00005488,USR004570,MINDGUARD,active,2026-02-09T07:00:00,
ENR00005489,USR004570,HEALTH_RESERVE,active,2026-02-09T04:00:00,
ENR00005490,USR004571,HEALTH_RESERVE,active,2026-01-24T05:00:00,
ENR00005491,USR004572,MINDGUARD,active,2026-01-19T12:00:00,
ENR00005492,USR004573,MINDGUARD,active,2026-02-04T05:00:00,
ENR00005493,USR004574,MINDGUARD,active,2025-10-09T00:00:00,
ENR00005494,USR004575,MINDGUARD,active,2025-12-06T16:00:00,
ENR00005495,USR004576,HEALTH_RESERVE,active,2025-10-19T04:00:00,
ENR00005496,USR004577,MINDGUARD,active,2025-12-07T22:00:00,
ENR00005497,USR004577,HEALTH_RESERVE,active,2025-12-03T03:00:00,
ENR00005498,USR004578,MINDGUARD,active,2025-10-31T12:00:00,
ENR00005499,USR004579,MINDGUARD,active,2025-12-11T12:00:00,
ENR00005500,USR004580,MINDGUARD,active,2025-10-16T11:00:00,
ENR00005501,USR004580,HEALTH_RESERVE,active,2025-10-23T02:00:00,
ENR00005502,USR004581,MINDGUARD,active,2025-12-19T00:00:00,
ENR00005503,USR004582,MINDGUARD,active,2026-02-07T21:00:00,
ENR00005504,USR004583,MINDGUARD,active,2026-02-18T07:00:00,
ENR00005505,USR004584,MINDGUARD,active,2025-10-14T00:00:00,
ENR00005506,USR004585,MINDGUARD,active,2025-10-20T22:00:00,
ENR00005507,USR004586,MINDGUARD,active,2025-12-11T03:00:00,
ENR00005508,USR004587,MINDGUARD,active,2025-11-05T00:00:00,
ENR00005509,USR004588,MINDGUARD,active,2026-01-18T07:00:00,
ENR00005510,USR004589,MINDGUARD,active,2025-12-07T07:00:00,
ENR00005511,USR004590,HEALTH_RESERVE,active,2025-09-24T11:00:00,
ENR00005512,USR004591,MINDGUARD,active,2025-12-16T14:00:00,
ENR00005513,USR004592,MINDGUARD,active,2025-12-13T09:00:00,
ENR00005514,USR004592,HEALTH_RESERVE,active,2025-12-15T14:00:00,
ENR00005515,USR004593,MINDGUARD,active,2025-12-26T23:00:00,
ENR00005516,USR004594,HEALTH_RESERVE,active,2025-11-28T21:00:00,
ENR00005517,USR004595,MINDGUARD,active,2025-12-05T01:00:00,
ENR00005518,USR004596,MINDGUARD,active,2026-01-15T22:00:00,
ENR00005519,USR004596,HEALTH_RESERVE,active,2026-01-16T01:00:00,
ENR00005520,USR004597,HEALTH_RESERVE,active,2025-11-22T04:00:00,
ENR00005521,USR004598,MINDGUARD,active,2026-01-29T18:00:00,
ENR00005522,USR004599,MINDGUARD,active,2025-11-07T11:00:00,
ENR00005523,USR004600,MINDGUARD,active,2025-11-22T18:00:00,
ENR00005524,USR004600,HEALTH_RESERVE,active,2025-11-25T13:00:00,
ENR00005525,USR004601,MINDGUARD,active,2026-01-19T23:00:00,
ENR00005526,USR004601,HEALTH_RESERVE,active,2026-01-25T01:00:00,
ENR00005527,USR004602,HEALTH_RESERVE,active,2025-11-18T05:00:00,
ENR00005528,USR004603,MINDGUARD,active,2026-01-14T13:00:00,
ENR00005529,USR004604,MINDGUARD,active,2026-01-28T20:00:00,
ENR00005530,USR004605,MINDGUARD,active,2026-01-09T20:00:00,
ENR00005531,USR004606,MINDGUARD,active,2025-11-12T01:00:00,
ENR00005532,USR004606,HEALTH_RESERVE,active,2025-11-12T23:00:00,
ENR00005533,USR004607,HEALTH_RESERVE,active,2025-11-12T18:00:00,
ENR00005534,USR004608,MINDGUARD,active,2025-10-13T03:00:00,
ENR00005535,USR004609,MINDGUARD,active,2025-11-24T03:00:00,
ENR00005536,USR004610,MINDGUARD,active,2025-12-04T02:00:00,
ENR00005537,USR004610,HEALTH_RESERVE,active,2025-11-22T23:00:00,
ENR00005538,USR004611,MINDGUARD,active,2025-10-05T06:00:00,
ENR00005539,USR004612,MINDGUARD,active,2025-10-30T15:00:00,
ENR00005540,USR004613,MINDGUARD,active,2026-02-17T03:00:00,
ENR00005541,USR004614,MINDGUARD,active,2025-11-28T09:00:00,
ENR00005542,USR004615,MINDGUARD,active,2025-12-13T14:00:00,
ENR00005543,USR004616,MINDGUARD,active,2025-10-10T14:00:00,
ENR00005544,USR004616,HEALTH_RESERVE,active,2025-10-15T21:00:00,
ENR00005545,USR004617,MINDGUARD,active,2025-10-16T06:00:00,
ENR00005546,USR004618,MINDGUARD,active,2026-02-03T09:00:00,
ENR00005547,USR004618,HEALTH_RESERVE,active,2026-01-31T05:00:00,
ENR00005548,USR004619,MINDGUARD,active,2025-12-15T13:00:00,
ENR00005549,USR004620,MINDGUARD,active,2025-12-19T11:00:00,
ENR00005550,USR004621,MINDGUARD,active,2026-02-21T22:00:00,
ENR00005551,USR004621,HEALTH_RESERVE,active,2026-02-18T16:00:00,
ENR00005552,USR004622,MINDGUARD,active,2025-12-29T01:00:00,
ENR00005553,USR004623,HEALTH_RESERVE,active,2026-02-16T19:00:00,
ENR00005554,USR004624,MINDGUARD,active,2025-10-21T05:00:00,
ENR00005555,USR004625,MINDGUARD,active,2026-01-12T13:00:00,
ENR00005556,USR004626,MINDGUARD,active,2026-01-21T06:00:00,
ENR00005557,USR004627,MINDGUARD,active,2025-10-14T09:00:00,
ENR00005558,USR004628,MINDGUARD,active,2025-12-29T03:00:00,
ENR00005559,USR004629,MINDGUARD,active,2025-09-22T04:00:00,
ENR00005560,USR004630,MINDGUARD,active,2025-10-04T03:00:00,
ENR00005561,USR004630,HEALTH_RESERVE,active,2025-10-05T04:00:00,
ENR00005562,USR004631,MINDGUARD,active,2026-01-19T04:00:00,
ENR00005563,USR004632,MINDGUARD,active,2025-11-17T00:00:00,
ENR00005564,USR004633,MINDGUARD,active,2026-01-25T06:00:00,
ENR00005565,USR004634,MINDGUARD,active,2025-12-21T07:00:00,
ENR00005566,USR004635,MINDGUARD,active,2026-01-14T03:00:00,
ENR00005567,USR004635,HEALTH_RESERVE,active,2026-01-10T05:00:00,
ENR00005568,USR004636,MINDGUARD,active,2026-02-12T05:00:00,
ENR00005569,USR004637,MINDGUARD,active,2025-11-23T12:00:00,
ENR00005570,USR004638,MINDGUARD,active,2026-02-07T13:00:00,
ENR00005571,USR004639,MINDGUARD,active,2025-11-30T09:00:00,
ENR00005572,USR004640,MINDGUARD,active,2026-02-04T18:00:00,
ENR00005573,USR004640,HEALTH_RESERVE,active,2026-01-31T18:00:00,
ENR00005574,USR004641,MINDGUARD,active,2025-09-22T02:00:00,
ENR00005575,USR004641,HEALTH_RESERVE,active,2025-09-20T03:00:00,
ENR00005576,USR004642,HEALTH_RESERVE,active,2025-12-13T20:00:00,
ENR00005577,USR004643,HEALTH_RESERVE,active,2025-09-26T01:00:00,
ENR00005578,USR004644,MINDGUARD,active,2026-01-20T21:00:00,
ENR00005579,USR004644,HEALTH_RESERVE,active,2026-01-20T20:00:00,
ENR00005580,USR004645,MINDGUARD,active,2025-11-14T21:00:00,
ENR00005581,USR004645,HEALTH_RESERVE,active,2025-11-14T15:00:00,
ENR00005582,USR004646,MINDGUARD,active,2025-11-25T02:00:00,
ENR00005583,USR004647,MINDGUARD,active,2026-01-11T05:00:00,
ENR00005584,USR004648,MINDGUARD,active,2026-02-12T14:00:00,
ENR00005585,USR004649,HEALTH_RESERVE,active,2025-10-16T20:00:00,
ENR00005586,USR004650,MINDGUARD,active,2026-01-18T02:00:00,
ENR00005587,USR004650,HEALTH_RESERVE,active,2026-01-26T10:00:00,
ENR00005588,USR004651,MINDGUARD,active,2025-11-27T12:00:00,
ENR00005589,USR004652,MINDGUARD,active,2025-10-12T09:00:00,
ENR00005590,USR004653,HEALTH_RESERVE,active,2025-12-08T03:00:00,
ENR00005591,USR004654,MINDGUARD,active,2026-01-13T06:00:00,
ENR00005592,USR004654,HEALTH_RESERVE,active,2026-01-20T02:00:00,
ENR00005593,USR004655,MINDGUARD,active,2026-02-06T23:00:00,
ENR00005594,USR004656,MINDGUARD,active,2025-10-25T01:00:00,
ENR00005595,USR004656,HEALTH_RESERVE,active,2025-10-17T04:00:00,
ENR00005596,USR004657,MINDGUARD,active,2026-01-03T22:00:00,
ENR00005597,USR004658,MINDGUARD,active,2025-10-21T04:00:00,
ENR00005598,USR004659,MINDGUARD,active,2025-11-07T23:00:00,
ENR00005599,USR004660,MINDGUARD,active,2025-12-13T23:00:00,
ENR00005600,USR004661,MINDGUARD,active,2026-02-19T21:00:00,
ENR00005601,USR004662,MINDGUARD,active,2026-01-08T15:00:00,
ENR00005602,USR004663,MINDGUARD,active,2026-01-28T18:00:00,
ENR00005603,USR004664,MINDGUARD,active,2025-10-02T08:00:00,
ENR00005604,USR004664,HEALTH_RESERVE,active,2025-09-30T14:00:00,
ENR00005605,USR004665,MINDGUARD,active,2026-01-12T09:00:00,
ENR00005606,USR004666,MINDGUARD,active,2025-10-26T22:00:00,
ENR00005607,USR004667,MINDGUARD,active,2025-11-06T00:00:00,
ENR00005608,USR004668,MINDGUARD,active,2025-11-28T23:00:00,
ENR00005609,USR004669,HEALTH_RESERVE,active,2025-10-26T06:00:00,
ENR00005610,USR004670,HEALTH_RESERVE,active,2025-10-04T01:00:00,
ENR00005611,USR004671,MINDGUARD,active,2026-01-08T09:00:00,
ENR00005612,USR004672,HEALTH_RESERVE,active,2026-02-01T01:00:00,
ENR00005613,USR004673,MINDGUARD,active,2025-11-17T15:00:00,
ENR00005614,USR004674,MINDGUARD,active,2026-01-23T19:00:00,
ENR00005615,USR004675,MINDGUARD,active,2025-10-05T21:00:00,
ENR00005616,USR004676,MINDGUARD,active,2025-10-13T11:00:00,
ENR00005617,USR004677,MINDGUARD,active,2025-10-05T00:00:00,
ENR00005618,USR004678,MINDGUARD,active,2025-12-03T12:00:00,
ENR00005619,USR004679,MINDGUARD,active,2025-10-05T19:00:00,
ENR00005620,USR004680,HEALTH_RESERVE,active,2026-01-14T13:00:00,
ENR00005621,USR004681,MINDGUARD,active,2025-12-02T10:00:00,
ENR00005622,USR004681,HEALTH_RESERVE,active,2025-12-07T15:00:00,
ENR00005623,USR004682,HEALTH_RESERVE,active,2025-12-08T12:00:00,
ENR00005624,USR004683,MINDGUARD,active,2025-12-20T09:00:00,
ENR00005625,USR004683,HEALTH_RESERVE,active,2025-12-18T00:00:00,
ENR00005626,USR004684,MINDGUARD,active,2025-12-01T08:00:00,
ENR00005627,USR004684,HEALTH_RESERVE,active,2025-11-28T09:00:00,
ENR00005628,USR004685,MINDGUARD,active,2025-12-18T21:00:00,
ENR00005629,USR004686,HEALTH_RESERVE,active,2026-01-20T15:00:00,
ENR00005630,USR004687,MINDGUARD,active,2026-02-08T15:00:00,
ENR00005631,USR004688,MINDGUARD,active,2025-11-04T19:00:00,
ENR00005632,USR004689,MINDGUARD,active,2026-01-27T02:00:00,
ENR00005633,USR004689,HEALTH_RESERVE,active,2026-02-05T06:00:00,
ENR00005634,USR004690,HEALTH_RESERVE,active,2025-12-14T04:00:00,
ENR00005635,USR004691,HEALTH_RESERVE,active,2025-12-10T23:00:00,
ENR00005636,USR004692,MINDGUARD,active,2026-01-26T14:00:00,
ENR00005637,USR004693,MINDGUARD,active,2025-09-29T20:00:00,
ENR00005638,USR004694,MINDGUARD,active,2025-12-25T06:00:00,
ENR00005639,USR004695,MINDGUARD,active,2026-01-10T17:00:00,
ENR00005640,USR004695,HEALTH_RESERVE,active,2026-01-15T18:00:00,
ENR00005641,USR004696,MINDGUARD,active,2025-10-08T23:00:00,
ENR00005642,USR004697,MINDGUARD,active,2026-01-04T10:00:00,
ENR00005643,USR004698,MINDGUARD,active,2026-02-04T21:00:00,
ENR00005644,USR004699,HEALTH_RESERVE,active,2025-12-06T09:00:00,
ENR00005645,USR004700,MINDGUARD,active,2026-01-19T08:00:00,
ENR00005646,USR004701,MINDGUARD,active,2025-10-15T19:00:00,
ENR00005647,USR004702,MINDGUARD,active,2025-10-15T19:00:00,
ENR00005648,USR004703,MINDGUARD,active,2025-12-31T00:00:00,
ENR00005649,USR004703,HEALTH_RESERVE,active,2026-01-04T04:00:00,
ENR00005650,USR004704,MINDGUARD,active,2025-12-08T19:00:00,
ENR00005651,USR004705,MINDGUARD,active,2026-02-13T02:00:00,
ENR00005652,USR004706,MINDGUARD,active,2025-10-23T00:00:00,
ENR00005653,USR004707,MINDGUARD,active,2026-02-09T20:00:00,
ENR00005654,USR004708,MINDGUARD,active,2025-09-19T19:00:00,
ENR00005655,USR004708,HEALTH_RESERVE,active,2025-09-25T20:00:00,
ENR00005656,USR004709,HEALTH_RESERVE,active,2025-12-27T10:00:00,
ENR00005657,USR004710,MINDGUARD,active,2025-11-08T10:00:00,
ENR00005658,USR004711,MINDGUARD,active,2026-02-11T10:00:00,
ENR00005659,USR004711,HEALTH_RESERVE,active,2026-01-31T11:00:00,
ENR00005660,USR004712,HEALTH_RESERVE,active,2026-01-21T14:00:00,
ENR00005661,USR004713,MINDGUARD,active,2025-11-20T22:00:00,
ENR00005662,USR004713,HEALTH_RESERVE,active,2025-11-19T03:00:00,
ENR00005663,USR004714,MINDGUARD,active,2025-10-27T03:00:00,
ENR00005664,USR004715,MINDGUARD,active,2025-09-30T15:00:00,
ENR00005665,USR004716,MINDGUARD,active,2025-12-10T21:00:00,
ENR00005666,USR004717,MINDGUARD,active,2025-12-30T00:00:00,
ENR00005667,USR004717,HEALTH_RESERVE,active,2026-01-10T04:00:00,
ENR00005668,USR004718,MINDGUARD,active,2025-12-03T18:00:00,
ENR00005669,USR004719,MINDGUARD,active,2025-12-09T17:00:00,
ENR00005670,USR004720,MINDGUARD,active,2025-12-22T00:00:00,
ENR00005671,USR004720,HEALTH_RESERVE,active,2025-12-14T20:00:00,
ENR00005672,USR004721,MINDGUARD,active,2026-01-26T21:00:00,
ENR00005673,USR004722,MINDGUARD,active,2025-11-11T13:00:00,
ENR00005674,USR004722,HEALTH_RESERVE,active,2025-11-12T14:00:00,
ENR00005675,USR004723,MINDGUARD,active,2026-01-01T06:00:00,
ENR00005676,USR004723,HEALTH_RESERVE,active,2026-01-02T07:00:00,
ENR00005677,USR004724,HEALTH_RESERVE,active,2026-01-24T08:00:00,
ENR00005678,USR004725,MINDGUARD,active,2026-01-06T16:00:00,
ENR00005679,USR004726,MINDGUARD,active,2025-10-24T23:00:00,
ENR00005680,USR004726,HEALTH_RESERVE,active,2025-11-05T23:00:00,
ENR00005681,USR004727,HEALTH_RESERVE,active,2025-10-21T22:00:00,
ENR00005682,USR004728,MINDGUARD,active,2026-02-09T16:00:00,
ENR00005683,USR004729,MINDGUARD,active,2025-12-20T20:00:00,
ENR00005684,USR004730,MINDGUARD,active,2025-10-02T17:00:00,
ENR00005685,USR004731,HEALTH_RESERVE,active,2025-12-04T05:00:00,
ENR00005686,USR004732,MINDGUARD,active,2025-12-05T06:00:00,
ENR00005687,USR004732,HEALTH_RESERVE,active,2025-11-23T11:00:00,
ENR00005688,USR004733,HEALTH_RESERVE,active,2026-01-22T04:00:00,
ENR00005689,USR004734,MINDGUARD,active,2026-02-20T09:00:00,
ENR00005690,USR004735,MINDGUARD,active,2025-12-02T00:00:00,
ENR00005691,USR004736,HEALTH_RESERVE,active,2026-02-20T13:00:00,
ENR00005692,USR004737,MINDGUARD,active,2025-09-29T07:00:00,
ENR00005693,USR004738,MINDGUARD,active,2025-12-04T10:00:00,
ENR00005694,USR004739,MINDGUARD,active,2025-12-30T09:00:00,
ENR00005695,USR004740,HEALTH_RESERVE,active,2025-12-10T05:00:00,
ENR00005696,USR004741,MINDGUARD,active,2025-12-17T04:00:00,
ENR00005697,USR004742,MINDGUARD,active,2025-11-18T22:00:00,
ENR00005698,USR004743,MINDGUARD,active,2025-12-13T09:00:00,
ENR00005699,USR004743,HEALTH_RESERVE,active,2025-12-15T13:00:00,
ENR00005700,USR004744,MINDGUARD,active,2025-12-20T22:00:00,
ENR00005701,USR004744,HEALTH_RESERVE,active,2025-12-22T02:00:00,
ENR00005702,USR004745,MINDGUARD,active,2025-11-12T18:00:00,
ENR00005703,USR004746,MINDGUARD,active,2025-11-07T11:00:00,
ENR00005704,USR004747,MINDGUARD,active,2025-12-19T15:00:00,
ENR00005705,USR004748,MINDGUARD,active,2025-11-29T22:00:00,
ENR00005706,USR004749,MINDGUARD,active,2026-01-13T17:00:00,
ENR00005707,USR004749,HEALTH_RESERVE,active,2026-01-12T23:00:00,
ENR00005708,USR004750,MINDGUARD,active,2026-01-09T22:00:00,
ENR00005709,USR004750,HEALTH_RESERVE,active,2026-01-12T18:00:00,
ENR00005710,USR004751,MINDGUARD,active,2025-12-19T22:00:00,
ENR00005711,USR004752,MINDGUARD,active,2025-11-22T15:00:00,
ENR00005712,USR004752,HEALTH_RESERVE,active,2025-11-30T02:00:00,
ENR00005713,USR004753,MINDGUARD,active,2025-11-24T22:00:00,
ENR00005714,USR004754,MINDGUARD,active,2025-11-07T17:00:00,
ENR00005715,USR004754,HEALTH_RESERVE,active,2025-11-18T03:00:00,
ENR00005716,USR004755,MINDGUARD,active,2025-10-16T20:00:00,
ENR00005717,USR004756,MINDGUARD,active,2025-09-21T00:00:00,
ENR00005718,USR004756,HEALTH_RESERVE,active,2025-09-27T23:00:00,
ENR00005719,USR004757,MINDGUARD,active,2026-01-20T19:00:00,
ENR00005720,USR004757,HEALTH_RESERVE,active,2026-01-28T21:00:00,
ENR00005721,USR004758,MINDGUARD,active,2025-12-28T23:00:00,
ENR00005722,USR004759,MINDGUARD,active,2025-09-19T15:00:00,
ENR00005723,USR004759,HEALTH_RESERVE,active,2025-09-16T17:00:00,
ENR00005724,USR004760,MINDGUARD,active,2025-10-09T09:00:00,
ENR00005725,USR004760,HEALTH_RESERVE,active,2025-10-07T13:00:00,
ENR00005726,USR004761,HEALTH_RESERVE,active,2026-02-10T06:00:00,
ENR00005727,USR004762,HEALTH_RESERVE,active,2026-01-13T11:00:00,
ENR00005728,USR004763,MINDGUARD,active,2025-10-12T20:00:00,
ENR00005729,USR004763,HEALTH_RESERVE,active,2025-10-14T14:00:00,
ENR00005730,USR004764,MINDGUARD,active,2026-01-28T05:00:00,
ENR00005731,USR004764,HEALTH_RESERVE,active,2026-01-15T04:00:00,
ENR00005732,USR004765,MINDGUARD,active,2025-10-15T13:00:00,
ENR00005733,USR004766,HEALTH_RESERVE,active,2025-10-11T03:00:00,
ENR00005734,USR004767,MINDGUARD,active,2025-12-02T02:00:00,
ENR00005735,USR004767,HEALTH_RESERVE,active,2025-11-30T13:00:00,
ENR00005736,USR004768,MINDGUARD,active,2025-11-07T20:00:00,
ENR00005737,USR004768,HEALTH_RESERVE,active,2025-11-09T02:00:00,
ENR00005738,USR004769,MINDGUARD,active,2026-01-18T23:00:00,
ENR00005739,USR004770,MINDGUARD,active,2025-09-21T11:00:00,
ENR00005740,USR004771,HEALTH_RESERVE,active,2025-12-12T07:00:00,
ENR00005741,USR004772,MINDGUARD,active,2026-02-02T05:00:00,
ENR00005742,USR004773,MINDGUARD,active,2026-02-07T00:00:00,
ENR00005743,USR004774,MINDGUARD,active,2025-11-17T10:00:00,
ENR00005744,USR004774,HEALTH_RESERVE,active,2025-11-22T14:00:00,
ENR00005745,USR004775,MINDGUARD,active,2025-10-19T20:00:00,
ENR00005746,USR004775,HEALTH_RESERVE,active,2025-10-26T15:00:00,
ENR00005747,USR004776,MINDGUARD,active,2025-12-08T09:00:00,
ENR00005748,USR004777,MINDGUARD,active,2025-10-20T20:00:00,
ENR00005749,USR004777,HEALTH_RESERVE,active,2025-10-12T20:00:00,
ENR00005750,USR004778,MINDGUARD,active,2026-02-11T07:00:00,
ENR00005751,USR004779,MINDGUARD,active,2025-12-07T01:00:00,
ENR00005752,USR004780,HEALTH_RESERVE,active,2025-12-03T07:00:00,
ENR00005753,USR004781,MINDGUARD,active,2026-02-03T12:00:00,
ENR00005754,USR004782,HEALTH_RESERVE,active,2025-11-11T16:00:00,
ENR00005755,USR004783,MINDGUARD,active,2025-10-08T02:00:00,
ENR00005756,USR004784,HEALTH_RESERVE,active,2025-11-13T07:00:00,
ENR00005757,USR004785,MINDGUARD,active,2026-01-22T17:00:00,
ENR00005758,USR004786,MINDGUARD,active,2026-01-18T11:00:00,
ENR00005759,USR004787,MINDGUARD,active,2025-11-13T13:00:00,
ENR00005760,USR004788,MINDGUARD,active,2025-11-27T05:00:00,
ENR00005761,USR004789,MINDGUARD,active,2025-12-28T22:00:00,
ENR00005762,USR004789,HEALTH_RESERVE,active,2025-12-25T16:00:00,
ENR00005763,USR004790,MINDGUARD,active,2025-12-08T17:00:00,
ENR00005764,USR004790,HEALTH_RESERVE,active,2025-12-07T13:00:00,
ENR00005765,USR004791,MINDGUARD,active,2026-01-31T05:00:00,
ENR00005766,USR004792,MINDGUARD,active,2026-02-07T03:00:00,
ENR00005767,USR004793,HEALTH_RESERVE,active,2025-11-20T12:00:00,
ENR00005768,USR004794,MINDGUARD,active,2025-11-11T14:00:00,
ENR00005769,USR004795,MINDGUARD,active,2025-10-16T01:00:00,
ENR00005770,USR004795,HEALTH_RESERVE,active,2025-10-08T02:00:00,
ENR00005771,USR004796,MINDGUARD,active,2026-01-07T08:00:00,
ENR00005772,USR004797,MINDGUARD,active,2025-12-12T16:00:00,
ENR00005773,USR004798,MINDGUARD,active,2025-10-04T05:00:00,
ENR00005774,USR004799,MINDGUARD,active,2025-11-03T14:00:00,
ENR00005775,USR004800,HEALTH_RESERVE,active,2025-09-20T20:00:00,
ENR00005776,USR004801,MINDGUARD,active,2026-01-30T22:00:00,
ENR00005777,USR004802,MINDGUARD,active,2025-11-03T08:00:00,
ENR00005778,USR004802,HEALTH_RESERVE,active,2025-11-04T06:00:00,
ENR00005779,USR004803,MINDGUARD,discontinued,2025-10-18T07:00:00,2026-06-14T07:16:00
ENR00005780,USR004803,HEALTH_RESERVE,active,2025-10-18T08:00:00,
ENR00005781,USR004804,MINDGUARD,active,2025-12-23T16:00:00,
ENR00005782,USR004805,MINDGUARD,active,2025-10-16T23:00:00,
ENR00005783,USR004806,MINDGUARD,active,2026-01-17T17:00:00,
ENR00005784,USR004806,HEALTH_RESERVE,active,2026-01-14T11:00:00,
ENR00005785,USR004807,MINDGUARD,active,2025-12-30T01:00:00,
ENR00005786,USR004808,MINDGUARD,active,2025-12-21T09:00:00,
ENR00005787,USR004809,HEALTH_RESERVE,active,2025-10-05T02:00:00,
ENR00005788,USR004810,MINDGUARD,active,2025-09-29T13:00:00,
ENR00005789,USR004811,MINDGUARD,active,2025-11-18T16:00:00,
ENR00005790,USR004811,HEALTH_RESERVE,active,2025-11-08T14:00:00,
ENR00005791,USR004812,MINDGUARD,active,2025-11-23T16:00:00,
ENR00005792,USR004812,HEALTH_RESERVE,active,2025-11-27T17:00:00,
ENR00005793,USR004813,MINDGUARD,active,2025-09-25T06:00:00,
ENR00005794,USR004814,MINDGUARD,active,2025-11-07T12:00:00,
ENR00005795,USR004815,MINDGUARD,active,2025-10-25T21:00:00,
ENR00005796,USR004816,MINDGUARD,active,2025-11-14T04:00:00,
ENR00005797,USR004817,HEALTH_RESERVE,active,2025-12-14T05:00:00,
ENR00005798,USR004818,MINDGUARD,active,2025-10-25T13:00:00,
ENR00005799,USR004819,HEALTH_RESERVE,active,2026-01-05T15:00:00,
ENR00005800,USR004820,MINDGUARD,active,2025-11-14T12:00:00,
ENR00005801,USR004821,MINDGUARD,active,2025-11-13T05:00:00,
ENR00005802,USR004822,MINDGUARD,active,2025-11-05T09:00:00,
ENR00005803,USR004823,MINDGUARD,active,2025-11-23T03:00:00,
ENR00005804,USR004824,MINDGUARD,active,2025-10-06T08:00:00,
ENR00005805,USR004824,HEALTH_RESERVE,active,2025-10-08T14:00:00,
ENR00005806,USR004825,MINDGUARD,active,2025-10-09T00:00:00,
ENR00005807,USR004826,MINDGUARD,active,2026-02-17T00:00:00,
ENR00005808,USR004827,MINDGUARD,active,2026-01-12T15:00:00,
ENR00005809,USR004828,MINDGUARD,active,2025-11-09T07:00:00,
ENR00005810,USR004828,HEALTH_RESERVE,active,2025-11-03T06:00:00,
ENR00005811,USR004829,HEALTH_RESERVE,active,2025-12-17T04:00:00,
ENR00005812,USR004830,MINDGUARD,active,2025-12-03T19:00:00,
ENR00005813,USR004831,MINDGUARD,active,2026-01-17T21:00:00,
ENR00005814,USR004832,MINDGUARD,active,2026-01-06T21:00:00,
ENR00005815,USR004833,MINDGUARD,active,2025-12-09T14:00:00,
ENR00005816,USR004834,MINDGUARD,active,2025-09-15T15:00:00,
ENR00005817,USR004835,MINDGUARD,active,2025-10-01T16:00:00,
ENR00005818,USR004836,MINDGUARD,active,2025-10-28T09:00:00,
ENR00005819,USR004837,MINDGUARD,active,2026-02-07T05:00:00,
ENR00005820,USR004837,HEALTH_RESERVE,active,2026-01-30T23:00:00,
ENR00005821,USR004838,MINDGUARD,active,2026-01-23T19:00:00,
ENR00005822,USR004839,HEALTH_RESERVE,active,2025-11-27T18:00:00,
ENR00005823,USR004840,MINDGUARD,active,2026-02-04T19:00:00,
ENR00005824,USR004840,HEALTH_RESERVE,active,2026-02-10T11:00:00,
ENR00005825,USR004841,MINDGUARD,active,2026-01-24T09:00:00,
ENR00005826,USR004842,HEALTH_RESERVE,active,2026-02-02T09:00:00,
ENR00005827,USR004843,MINDGUARD,active,2025-11-25T13:00:00,
ENR00005828,USR004844,MINDGUARD,active,2025-12-10T15:00:00,
ENR00005829,USR004845,MINDGUARD,active,2025-12-11T06:00:00,
ENR00005830,USR004846,MINDGUARD,active,2026-02-07T11:00:00,
ENR00005831,USR004847,MINDGUARD,active,2026-01-10T07:00:00,
ENR00005832,USR004848,MINDGUARD,active,2026-01-09T19:00:00,
ENR00005833,USR004849,MINDGUARD,active,2026-01-22T04:00:00,
ENR00005834,USR004850,HEALTH_RESERVE,active,2026-01-21T05:00:00,
ENR00005835,USR004851,HEALTH_RESERVE,active,2026-02-04T21:00:00,
ENR00005836,USR004852,HEALTH_RESERVE,active,2026-01-12T09:00:00,
ENR00005837,USR004853,HEALTH_RESERVE,active,2025-12-15T11:00:00,
ENR00005838,USR004854,MINDGUARD,active,2025-11-27T17:00:00,
ENR00005839,USR004855,MINDGUARD,active,2025-09-27T07:00:00,
ENR00005840,USR004856,HEALTH_RESERVE,active,2025-12-20T20:00:00,
ENR00005841,USR004857,MINDGUARD,active,2026-01-01T00:00:00,
ENR00005842,USR004858,HEALTH_RESERVE,active,2025-10-11T16:00:00,
ENR00005843,USR004859,MINDGUARD,active,2025-10-27T04:00:00,
ENR00005844,USR004860,MINDGUARD,active,2026-01-03T19:00:00,
ENR00005845,USR004861,MINDGUARD,active,2025-12-27T05:00:00,
ENR00005846,USR004862,MINDGUARD,active,2025-12-11T12:00:00,
ENR00005847,USR004863,HEALTH_RESERVE,active,2025-12-20T02:00:00,
ENR00005848,USR004864,MINDGUARD,active,2025-10-22T04:00:00,
ENR00005849,USR004865,HEALTH_RESERVE,active,2025-12-23T11:00:00,
ENR00005850,USR004866,MINDGUARD,active,2025-11-28T06:00:00,
ENR00005851,USR004867,MINDGUARD,active,2025-12-19T02:00:00,
ENR00005852,USR004868,MINDGUARD,active,2025-12-20T23:00:00,
ENR00005853,USR004869,MINDGUARD,active,2026-02-09T09:00:00,
ENR00005854,USR004870,MINDGUARD,active,2026-02-01T23:00:00,
ENR00005855,USR004871,MINDGUARD,active,2025-11-17T08:00:00,
ENR00005856,USR004872,MINDGUARD,active,2026-02-14T22:00:00,
ENR00005857,USR004873,MINDGUARD,discontinued,2025-11-22T09:00:00,2026-06-26T10:09:00
ENR00005858,USR004874,MINDGUARD,active,2026-01-29T16:00:00,
ENR00005859,USR004875,MINDGUARD,active,2025-11-15T04:00:00,
ENR00005860,USR004875,HEALTH_RESERVE,active,2025-11-12T02:00:00,
ENR00005861,USR004876,MINDGUARD,active,2025-12-28T06:00:00,
ENR00005862,USR004876,HEALTH_RESERVE,active,2025-12-29T03:00:00,
ENR00005863,USR004877,MINDGUARD,active,2025-11-14T23:00:00,
ENR00005864,USR004877,HEALTH_RESERVE,active,2025-11-24T16:00:00,
ENR00005865,USR004878,MINDGUARD,active,2025-11-25T03:00:00,
ENR00005866,USR004879,MINDGUARD,active,2026-01-04T16:00:00,
ENR00005867,USR004880,MINDGUARD,active,2025-10-09T18:00:00,
ENR00005868,USR004881,MINDGUARD,active,2025-10-13T02:00:00,
ENR00005869,USR004882,HEALTH_RESERVE,active,2025-11-11T17:00:00,
ENR00005870,USR004883,MINDGUARD,active,2025-10-29T09:00:00,
ENR00005871,USR004883,HEALTH_RESERVE,active,2025-11-03T04:00:00,
ENR00005872,USR004884,HEALTH_RESERVE,active,2025-10-09T22:00:00,
ENR00005873,USR004885,MINDGUARD,active,2025-12-20T20:00:00,
ENR00005874,USR004886,MINDGUARD,active,2025-12-04T18:00:00,
ENR00005875,USR004887,MINDGUARD,active,2025-11-23T03:00:00,
ENR00005876,USR004887,HEALTH_RESERVE,active,2025-11-14T07:00:00,
ENR00005877,USR004888,MINDGUARD,active,2025-11-07T04:00:00,
ENR00005878,USR004889,MINDGUARD,active,2025-10-04T06:00:00,
ENR00005879,USR004890,MINDGUARD,active,2026-01-03T23:00:00,
ENR00005880,USR004891,MINDGUARD,active,2025-12-16T18:00:00,
ENR00005881,USR004892,MINDGUARD,active,2026-01-13T11:00:00,
ENR00005882,USR004893,MINDGUARD,active,2025-10-05T16:00:00,
ENR00005883,USR004894,MINDGUARD,active,2025-11-16T14:00:00,
ENR00005884,USR004894,HEALTH_RESERVE,active,2025-11-19T17:00:00,
ENR00005885,USR004895,MINDGUARD,active,2025-11-30T23:00:00,
ENR00005886,USR004896,MINDGUARD,active,2025-12-25T06:00:00,
ENR00005887,USR004897,MINDGUARD,active,2025-10-09T02:00:00,
ENR00005888,USR004898,HEALTH_RESERVE,active,2026-01-25T12:00:00,
ENR00005889,USR004899,MINDGUARD,active,2026-01-11T09:00:00,
ENR00005890,USR004900,HEALTH_RESERVE,active,2026-01-08T23:00:00,
ENR00005891,USR004901,MINDGUARD,active,2026-01-12T08:00:00,
ENR00005892,USR004902,MINDGUARD,active,2026-02-04T08:00:00,
ENR00005893,USR004903,MINDGUARD,active,2025-10-19T21:00:00,
ENR00005894,USR004904,MINDGUARD,active,2025-12-18T01:00:00,
ENR00005895,USR004904,HEALTH_RESERVE,active,2025-12-15T22:00:00,
ENR00005896,USR004905,MINDGUARD,active,2025-10-03T02:00:00,
ENR00005897,USR004906,MINDGUARD,active,2025-10-02T11:00:00,
ENR00005898,USR004907,MINDGUARD,active,2025-12-24T13:00:00,
ENR00005899,USR004908,MINDGUARD,active,2025-11-03T01:00:00,
ENR00005900,USR004908,HEALTH_RESERVE,active,2025-11-05T07:00:00,
ENR00005901,USR004909,HEALTH_RESERVE,active,2025-10-25T07:00:00,
ENR00005902,USR004910,MINDGUARD,active,2026-02-02T06:00:00,
ENR00005903,USR004910,HEALTH_RESERVE,active,2026-02-06T15:00:00,
ENR00005904,USR004911,MINDGUARD,active,2025-10-01T16:00:00,
ENR00005905,USR004911,HEALTH_RESERVE,active,2025-10-01T14:00:00,
ENR00005906,USR004912,MINDGUARD,active,2025-12-15T08:00:00,
ENR00005907,USR004913,MINDGUARD,active,2026-02-14T21:00:00,
ENR00005908,USR004914,MINDGUARD,active,2026-01-18T17:00:00,
ENR00005909,USR004915,MINDGUARD,active,2025-12-03T05:00:00,
ENR00005910,USR004916,HEALTH_RESERVE,active,2026-02-04T12:00:00,
ENR00005911,USR004917,MINDGUARD,active,2026-02-04T15:00:00,
ENR00005912,USR004918,MINDGUARD,active,2026-02-08T05:00:00,
ENR00005913,USR004919,MINDGUARD,active,2026-01-14T04:00:00,
ENR00005914,USR004920,MINDGUARD,active,2025-09-28T02:00:00,
ENR00005915,USR004921,MINDGUARD,active,2025-10-04T00:00:00,
ENR00005916,USR004922,HEALTH_RESERVE,active,2025-10-23T00:00:00,
ENR00005917,USR004923,MINDGUARD,active,2025-12-06T04:00:00,
ENR00005918,USR004923,HEALTH_RESERVE,active,2025-12-04T22:00:00,
ENR00005919,USR004924,MINDGUARD,active,2025-12-03T16:00:00,
ENR00005920,USR004925,MINDGUARD,active,2025-11-03T23:00:00,
ENR00005921,USR004926,MINDGUARD,active,2026-01-11T22:00:00,
ENR00005922,USR004927,MINDGUARD,active,2025-09-28T11:00:00,
ENR00005923,USR004928,MINDGUARD,active,2026-01-26T06:00:00,
ENR00005924,USR004929,MINDGUARD,active,2025-12-17T22:00:00,
ENR00005925,USR004930,MINDGUARD,active,2025-11-10T09:00:00,
ENR00005926,USR004931,MINDGUARD,active,2025-10-22T23:00:00,
ENR00005927,USR004931,HEALTH_RESERVE,active,2025-10-31T02:00:00,
ENR00005928,USR004932,MINDGUARD,active,2026-02-11T15:00:00,
ENR00005929,USR004932,HEALTH_RESERVE,active,2026-02-12T14:00:00,
ENR00005930,USR004933,MINDGUARD,active,2025-10-21T19:00:00,
ENR00005931,USR004934,MINDGUARD,active,2025-11-30T23:00:00,
ENR00005932,USR004934,HEALTH_RESERVE,active,2025-11-30T15:00:00,
ENR00005933,USR004935,HEALTH_RESERVE,active,2025-11-02T03:00:00,
ENR00005934,USR004936,MINDGUARD,active,2025-11-28T12:00:00,
ENR00005935,USR004937,MINDGUARD,active,2025-11-24T18:00:00,
ENR00005936,USR004938,MINDGUARD,active,2025-10-08T02:00:00,
ENR00005937,USR004939,HEALTH_RESERVE,active,2025-09-29T06:00:00,
ENR00005938,USR004940,MINDGUARD,active,2025-12-31T20:00:00,
ENR00005939,USR004941,HEALTH_RESERVE,active,2026-02-05T21:00:00,
ENR00005940,USR004942,MINDGUARD,active,2025-11-21T20:00:00,
ENR00005941,USR004942,HEALTH_RESERVE,active,2025-11-23T17:00:00,
ENR00005942,USR004943,MINDGUARD,active,2025-11-22T01:00:00,
ENR00005943,USR004943,HEALTH_RESERVE,active,2025-11-22T04:00:00,
ENR00005944,USR004944,MINDGUARD,active,2025-09-17T23:00:00,
ENR00005945,USR004944,HEALTH_RESERVE,active,2025-09-25T09:00:00,
ENR00005946,USR004945,MINDGUARD,active,2025-10-02T19:00:00,
ENR00005947,USR004946,MINDGUARD,active,2025-12-20T16:00:00,
ENR00005948,USR004947,MINDGUARD,active,2026-02-04T16:00:00,
ENR00005949,USR004948,MINDGUARD,active,2025-10-09T10:00:00,
ENR00005950,USR004949,MINDGUARD,active,2025-11-24T10:00:00,
ENR00005951,USR004950,MINDGUARD,active,2025-10-18T10:00:00,
ENR00005952,USR004951,MINDGUARD,active,2025-09-22T20:00:00,
ENR00005953,USR004952,MINDGUARD,active,2025-12-22T15:00:00,
ENR00005954,USR004952,HEALTH_RESERVE,active,2025-12-18T17:00:00,
ENR00005955,USR004953,MINDGUARD,active,2025-11-25T06:00:00,
ENR00005956,USR004954,MINDGUARD,active,2026-02-01T00:00:00,
ENR00005957,USR004955,MINDGUARD,active,2025-09-23T09:00:00,
ENR00005958,USR004956,MINDGUARD,active,2026-01-14T20:00:00,
ENR00005959,USR004957,MINDGUARD,active,2025-12-21T12:00:00,
ENR00005960,USR004958,MINDGUARD,active,2025-11-12T21:00:00,
ENR00005961,USR004959,MINDGUARD,active,2025-12-13T00:00:00,
ENR00005962,USR004960,MINDGUARD,active,2026-01-16T00:00:00,
ENR00005963,USR004961,MINDGUARD,active,2025-11-19T00:00:00,
ENR00005964,USR004962,MINDGUARD,active,2025-11-27T17:00:00,
ENR00005965,USR004963,HEALTH_RESERVE,active,2025-12-24T08:00:00,
ENR00005966,USR004964,MINDGUARD,active,2026-02-07T18:00:00,
ENR00005967,USR004965,MINDGUARD,active,2025-10-27T16:00:00,
ENR00005968,USR004965,HEALTH_RESERVE,active,2025-10-20T13:00:00,
ENR00005969,USR004966,HEALTH_RESERVE,active,2026-01-13T06:00:00,
ENR00005970,USR004967,MINDGUARD,active,2025-09-23T19:00:00,
ENR00005971,USR004968,HEALTH_RESERVE,active,2025-10-09T05:00:00,
ENR00005972,USR004969,MINDGUARD,active,2026-02-05T03:00:00,
ENR00005973,USR004969,HEALTH_RESERVE,active,2026-02-01T02:00:00,
ENR00005974,USR004970,MINDGUARD,active,2026-01-30T11:00:00,
ENR00005975,USR004970,HEALTH_RESERVE,active,2026-02-09T05:00:00,
ENR00005976,USR004971,HEALTH_RESERVE,active,2026-02-19T15:00:00,
ENR00005977,USR004972,MINDGUARD,active,2025-10-14T08:00:00,
ENR00005978,USR004973,MINDGUARD,active,2025-11-18T03:00:00,
ENR00005979,USR004973,HEALTH_RESERVE,active,2025-11-10T20:00:00,
ENR00005980,USR004974,MINDGUARD,active,2026-01-11T06:00:00,
ENR00005981,USR004974,HEALTH_RESERVE,active,2026-01-07T12:00:00,
ENR00005982,USR004975,MINDGUARD,active,2025-12-12T22:00:00,
ENR00005983,USR004976,MINDGUARD,active,2025-10-19T22:00:00,
ENR00005984,USR004977,HEALTH_RESERVE,active,2026-01-23T17:00:00,
ENR00005985,USR004978,MINDGUARD,active,2025-12-10T10:00:00,
ENR00005986,USR004978,HEALTH_RESERVE,active,2025-12-12T03:00:00,
ENR00005987,USR004979,MINDGUARD,active,2026-02-15T11:00:00,
ENR00005988,USR004979,HEALTH_RESERVE,active,2026-02-19T07:00:00,
ENR00005989,USR004980,HEALTH_RESERVE,active,2026-01-16T01:00:00,
ENR00005990,USR004981,MINDGUARD,active,2025-11-13T22:00:00,
ENR00005991,USR004982,MINDGUARD,active,2025-10-17T14:00:00,
ENR00005992,USR004983,MINDGUARD,active,2025-12-17T16:00:00,
ENR00005993,USR004984,MINDGUARD,active,2025-11-12T07:00:00,
ENR00005994,USR004984,HEALTH_RESERVE,active,2025-11-05T08:00:00,
ENR00005995,USR004985,MINDGUARD,active,2025-11-09T03:00:00,
ENR00005996,USR004986,MINDGUARD,active,2025-09-26T13:00:00,
ENR00005997,USR004986,HEALTH_RESERVE,active,2025-10-05T03:00:00,
ENR00005998,USR004987,MINDGUARD,active,2025-10-22T05:00:00,
ENR00005999,USR004988,MINDGUARD,active,2026-02-03T05:00:00,
ENR00006000,USR004989,MINDGUARD,active,2026-01-09T02:00:00,
ENR00006001,USR004989,HEALTH_RESERVE,active,2026-01-16T09:00:00,
ENR00006002,USR004990,MINDGUARD,active,2025-12-02T13:00:00,
ENR00006003,USR004991,MINDGUARD,active,2026-01-19T02:00:00,
ENR00006004,USR004992,MINDGUARD,active,2025-12-23T21:00:00,
ENR00006005,USR004993,MINDGUARD,active,2025-12-02T21:00:00,
ENR00006006,USR004993,HEALTH_RESERVE,active,2025-11-23T13:00:00,
ENR00006007,USR004994,HEALTH_RESERVE,active,2025-09-28T06:00:00,
ENR00006008,USR004995,MINDGUARD,active,2025-12-01T21:00:00,
ENR00006009,USR004996,HEALTH_RESERVE,active,2026-01-10T07:00:00,
ENR00006010,USR004997,MINDGUARD,active,2025-09-26T19:00:00,
ENR00006011,USR004997,HEALTH_RESERVE,active,2025-09-20T02:00:00,
ENR00006012,USR004998,MINDGUARD,active,2025-12-21T09:00:00,
ENR00006013,USR004999,MINDGUARD,active,2026-02-08T18:00:00,
ENR00006014,USR005000,HEALTH_RESERVE,active,2025-11-13T14:00:00,
ENR00006015,USR005001,MINDGUARD,active,2025-11-10T07:00:00,
ENR00006016,USR005002,MINDGUARD,active,2026-02-06T05:00:00,
ENR00006017,USR005002,HEALTH_RESERVE,active,2026-02-02T20:00:00,
ENR00006018,USR005003,MINDGUARD,active,2025-10-28T01:00:00,
ENR00006019,USR005004,MINDGUARD,active,2026-02-03T13:00:00,
ENR00006020,USR005005,HEALTH_RESERVE,active,2025-11-24T04:00:00,
ENR00006021,USR005006,MINDGUARD,active,2025-12-06T19:00:00,
ENR00006022,USR005006,HEALTH_RESERVE,active,2025-12-02T15:00:00,
ENR00006023,USR005007,MINDGUARD,active,2026-02-17T08:00:00,
ENR00006024,USR005008,MINDGUARD,active,2026-01-03T09:00:00,
ENR00006025,USR005008,HEALTH_RESERVE,active,2026-01-03T19:00:00,
ENR00006026,USR005009,MINDGUARD,active,2025-11-25T21:00:00,
ENR00006027,USR005010,MINDGUARD,active,2025-11-28T01:00:00,
ENR00006028,USR005010,HEALTH_RESERVE,active,2025-11-27T06:00:00,
ENR00006029,USR005011,MINDGUARD,active,2026-01-29T07:00:00,
ENR00006030,USR005011,HEALTH_RESERVE,active,2026-01-26T02:00:00,
ENR00006031,USR005012,MINDGUARD,active,2026-01-05T15:00:00,
ENR00006032,USR005013,HEALTH_RESERVE,active,2026-01-02T16:00:00,
ENR00006033,USR005014,MINDGUARD,active,2026-01-05T13:00:00,
ENR00006034,USR005015,MINDGUARD,active,2025-11-01T15:00:00,
ENR00006035,USR005016,MINDGUARD,active,2026-02-04T06:00:00,
ENR00006036,USR005017,MINDGUARD,active,2025-12-02T02:00:00,
ENR00006037,USR005017,HEALTH_RESERVE,active,2025-11-29T20:00:00,
ENR00006038,USR005018,MINDGUARD,active,2025-10-12T23:00:00,
ENR00006039,USR005019,HEALTH_RESERVE,active,2025-11-09T10:00:00,
ENR00006040,USR005020,MINDGUARD,active,2026-02-09T19:00:00,
ENR00006041,USR005021,MINDGUARD,active,2025-12-19T02:00:00,
ENR00006042,USR005022,MINDGUARD,active,2025-11-12T17:00:00,
ENR00006043,USR005023,MINDGUARD,active,2025-12-08T23:00:00,
ENR00006044,USR005024,MINDGUARD,active,2026-02-09T11:00:00,
ENR00006045,USR005024,HEALTH_RESERVE,active,2026-02-07T10:00:00,
ENR00006046,USR005025,MINDGUARD,active,2025-11-09T12:00:00,
ENR00006047,USR005026,MINDGUARD,active,2026-01-23T05:00:00,
ENR00006048,USR005027,HEALTH_RESERVE,active,2026-02-12T14:00:00,
ENR00006049,USR005028,MINDGUARD,active,2025-12-09T14:00:00,
ENR00006050,USR005028,HEALTH_RESERVE,active,2025-12-16T18:00:00,
ENR00006051,USR005029,MINDGUARD,active,2026-02-03T05:00:00,
ENR00006052,USR005030,MINDGUARD,active,2025-12-18T10:00:00,
ENR00006053,USR005031,MINDGUARD,active,2026-01-16T08:00:00,
ENR00006054,USR005032,HEALTH_RESERVE,active,2025-10-21T23:00:00,
ENR00006055,USR005033,MINDGUARD,active,2026-01-03T12:00:00,
ENR00006056,USR005034,MINDGUARD,active,2025-10-07T22:00:00,
ENR00006057,USR005034,HEALTH_RESERVE,active,2025-10-11T17:00:00,
ENR00006058,USR005035,MINDGUARD,active,2026-02-02T07:00:00,
ENR00006059,USR005036,MINDGUARD,active,2025-12-10T18:00:00,
ENR00006060,USR005037,MINDGUARD,active,2025-09-18T18:00:00,
ENR00006061,USR005037,HEALTH_RESERVE,active,2025-09-16T19:00:00,
ENR00006062,USR005038,MINDGUARD,active,2025-12-06T14:00:00,
ENR00006063,USR005039,MINDGUARD,active,2026-01-05T00:00:00,
ENR00006064,USR005040,MINDGUARD,active,2025-10-13T16:00:00,
ENR00006065,USR005041,MINDGUARD,active,2025-11-10T09:00:00,
ENR00006066,USR005042,HEALTH_RESERVE,active,2025-11-25T19:00:00,
ENR00006067,USR005043,MINDGUARD,active,2025-10-14T07:00:00,
ENR00006068,USR005043,HEALTH_RESERVE,active,2025-10-24T23:00:00,
ENR00006069,USR005044,MINDGUARD,active,2025-12-18T20:00:00,
ENR00006070,USR005045,HEALTH_RESERVE,active,2025-11-19T11:00:00,
ENR00006071,USR005046,MINDGUARD,active,2025-10-14T01:00:00,
ENR00006072,USR005046,HEALTH_RESERVE,active,2025-10-10T18:00:00,
ENR00006073,USR005047,MINDGUARD,active,2026-01-06T19:00:00,
ENR00006074,USR005047,HEALTH_RESERVE,active,2026-01-01T16:00:00,
ENR00006075,USR005048,MINDGUARD,active,2025-12-16T07:00:00,
ENR00006076,USR005049,MINDGUARD,active,2026-01-18T20:00:00,
ENR00006077,USR005050,MINDGUARD,active,2025-11-18T14:00:00,
ENR00006078,USR005050,HEALTH_RESERVE,active,2025-11-14T20:00:00,
ENR00006079,USR005051,MINDGUARD,active,2026-01-14T20:00:00,
ENR00006080,USR005051,HEALTH_RESERVE,active,2026-01-14T22:00:00,
ENR00006081,USR005052,MINDGUARD,active,2025-10-20T21:00:00,
ENR00006082,USR005052,HEALTH_RESERVE,active,2025-10-31T16:00:00,
ENR00006083,USR005053,HEALTH_RESERVE,active,2026-02-12T08:00:00,
ENR00006084,USR005054,MINDGUARD,active,2025-10-08T18:00:00,
ENR00006085,USR005054,HEALTH_RESERVE,active,2025-09-27T21:00:00,
ENR00006086,USR005055,MINDGUARD,active,2025-12-14T20:00:00,
ENR00006087,USR005056,MINDGUARD,active,2025-12-14T06:00:00,
ENR00006088,USR005057,MINDGUARD,active,2025-12-10T04:00:00,
ENR00006089,USR005058,MINDGUARD,active,2025-12-13T21:00:00,
ENR00006090,USR005059,MINDGUARD,active,2025-11-30T18:00:00,
ENR00006091,USR005060,MINDGUARD,active,2025-10-08T07:00:00,
ENR00006092,USR005061,MINDGUARD,active,2025-12-28T23:00:00,
ENR00006093,USR005062,MINDGUARD,active,2025-12-19T23:00:00,
ENR00006094,USR005063,MINDGUARD,active,2025-12-13T18:00:00,
ENR00006095,USR005064,HEALTH_RESERVE,active,2025-10-30T11:00:00,
ENR00006096,USR005065,MINDGUARD,active,2025-12-10T14:00:00,
ENR00006097,USR005065,HEALTH_RESERVE,active,2025-11-27T21:00:00,
ENR00006098,USR005066,MINDGUARD,active,2025-09-19T07:00:00,
ENR00006099,USR005067,MINDGUARD,active,2025-12-06T07:00:00,
ENR00006100,USR005067,HEALTH_RESERVE,active,2025-12-02T05:00:00,
ENR00006101,USR005068,HEALTH_RESERVE,active,2025-11-04T11:00:00,
ENR00006102,USR005069,MINDGUARD,active,2025-10-29T19:00:00,
ENR00006103,USR005070,MINDGUARD,active,2026-02-14T01:00:00,
ENR00006104,USR005071,MINDGUARD,active,2025-12-01T21:00:00,
ENR00006105,USR005072,HEALTH_RESERVE,active,2025-11-20T20:00:00,
ENR00006106,USR005073,MINDGUARD,active,2025-11-23T00:00:00,
ENR00006107,USR005074,HEALTH_RESERVE,active,2026-01-12T02:00:00,
ENR00006108,USR005075,MINDGUARD,active,2025-09-21T18:00:00,
ENR00006109,USR005076,MINDGUARD,active,2026-01-05T12:00:00,
ENR00006110,USR005077,MINDGUARD,active,2026-02-06T16:00:00,
ENR00006111,USR005078,HEALTH_RESERVE,active,2025-12-31T03:00:00,
ENR00006112,USR005079,MINDGUARD,active,2026-01-22T09:00:00,
ENR00006113,USR005080,HEALTH_RESERVE,active,2025-11-02T22:00:00,
ENR00006114,USR005081,MINDGUARD,active,2025-12-08T11:00:00,
ENR00006115,USR005081,HEALTH_RESERVE,active,2025-12-03T15:00:00,
ENR00006116,USR005082,MINDGUARD,active,2025-09-22T07:00:00,
ENR00006117,USR005082,HEALTH_RESERVE,active,2025-09-24T02:00:00,
ENR00006118,USR005083,MINDGUARD,active,2025-12-15T12:00:00,
ENR00006119,USR005084,MINDGUARD,active,2026-01-27T14:00:00,
ENR00006120,USR005085,MINDGUARD,active,2025-10-06T17:00:00,
ENR00006121,USR005086,MINDGUARD,active,2025-10-19T20:00:00,
ENR00006122,USR005087,MINDGUARD,active,2025-11-10T22:00:00,
ENR00006123,USR005088,MINDGUARD,active,2025-12-09T20:00:00,
ENR00006124,USR005089,HEALTH_RESERVE,active,2026-02-06T15:00:00,
ENR00006125,USR005090,HEALTH_RESERVE,active,2026-02-06T16:00:00,
ENR00006126,USR005091,HEALTH_RESERVE,active,2025-12-18T03:00:00,
ENR00006127,USR005092,MINDGUARD,active,2026-01-25T09:00:00,
ENR00006128,USR005093,MINDGUARD,active,2025-12-12T21:00:00,
ENR00006129,USR005093,HEALTH_RESERVE,active,2025-12-12T21:00:00,
ENR00006130,USR005094,MINDGUARD,active,2025-09-23T03:00:00,
ENR00006131,USR005095,HEALTH_RESERVE,active,2025-10-28T04:00:00,
ENR00006132,USR005096,MINDGUARD,active,2025-09-19T14:00:00,
ENR00006133,USR005097,MINDGUARD,active,2025-12-16T08:00:00,
ENR00006134,USR005098,MINDGUARD,active,2025-11-26T20:00:00,
ENR00006135,USR005099,MINDGUARD,active,2025-10-17T17:00:00,
ENR00006136,USR005100,HEALTH_RESERVE,active,2025-11-21T03:00:00,
ENR00006137,USR005101,MINDGUARD,active,2026-02-25T10:00:00,
ENR00006138,USR005102,HEALTH_RESERVE,active,2026-01-12T06:00:00,
ENR00006139,USR005103,MINDGUARD,active,2025-09-18T21:00:00,
ENR00006140,USR005104,HEALTH_RESERVE,active,2025-10-10T17:00:00,
ENR00006141,USR005105,MINDGUARD,active,2025-11-22T07:00:00,
ENR00006142,USR005105,HEALTH_RESERVE,active,2025-11-20T10:00:00,
ENR00006143,USR005106,MINDGUARD,active,2025-11-29T04:00:00,
ENR00006144,USR005107,MINDGUARD,active,2025-10-03T06:00:00,
ENR00006145,USR005107,HEALTH_RESERVE,active,2025-10-05T02:00:00,
ENR00006146,USR005108,HEALTH_RESERVE,active,2025-12-17T02:00:00,
ENR00006147,USR005109,HEALTH_RESERVE,active,2025-09-16T09:00:00,
ENR00006148,USR005110,MINDGUARD,active,2025-10-06T18:00:00,
ENR00006149,USR005111,HEALTH_RESERVE,active,2025-12-25T06:00:00,
ENR00006150,USR005112,MINDGUARD,active,2025-11-25T19:00:00,
ENR00006151,USR005113,MINDGUARD,active,2026-02-10T09:00:00,
ENR00006152,USR005114,MINDGUARD,active,2025-09-20T02:00:00,
ENR00006153,USR005115,MINDGUARD,active,2025-10-12T03:00:00,
ENR00006154,USR005116,HEALTH_RESERVE,active,2025-10-14T00:00:00,
ENR00006155,USR005117,MINDGUARD,active,2026-02-12T18:00:00,
ENR00006156,USR005118,MINDGUARD,active,2026-02-06T21:00:00,
ENR00006157,USR005119,MINDGUARD,active,2025-09-30T13:00:00,
ENR00006158,USR005119,HEALTH_RESERVE,active,2025-10-02T18:00:00,
ENR00006159,USR005120,HEALTH_RESERVE,active,2026-02-06T19:00:00,
ENR00006160,USR005121,MINDGUARD,active,2026-02-14T14:00:00,
ENR00006161,USR005121,HEALTH_RESERVE,active,2026-02-15T07:00:00,
ENR00006162,USR005122,HEALTH_RESERVE,active,2025-12-15T17:00:00,
ENR00006163,USR005123,HEALTH_RESERVE,active,2025-11-19T05:00:00,
ENR00006164,USR005124,MINDGUARD,active,2026-02-22T05:00:00,
ENR00006165,USR005125,HEALTH_RESERVE,active,2026-01-10T06:00:00,
ENR00006166,USR005126,MINDGUARD,active,2025-12-16T22:00:00,
ENR00006167,USR005127,MINDGUARD,active,2025-11-30T16:00:00,
ENR00006168,USR005128,MINDGUARD,active,2025-11-01T20:00:00,
ENR00006169,USR005129,MINDGUARD,active,2026-01-04T20:00:00,
ENR00006170,USR005129,HEALTH_RESERVE,active,2026-01-09T00:00:00,
ENR00006171,USR005130,MINDGUARD,active,2025-10-25T21:00:00,
ENR00006172,USR005131,MINDGUARD,active,2026-01-09T09:00:00,
ENR00006173,USR005132,MINDGUARD,active,2025-09-28T18:00:00,
ENR00006174,USR005133,HEALTH_RESERVE,active,2025-12-09T11:00:00,
ENR00006175,USR005134,MINDGUARD,active,2025-12-29T22:00:00,
ENR00006176,USR005134,HEALTH_RESERVE,active,2026-01-01T20:00:00,
ENR00006177,USR005135,MINDGUARD,active,2026-02-05T12:00:00,
ENR00006178,USR005136,MINDGUARD,active,2025-11-30T12:00:00,
ENR00006179,USR005136,HEALTH_RESERVE,active,2025-12-09T08:00:00,
ENR00006180,USR005137,HEALTH_RESERVE,active,2026-01-25T00:00:00,
ENR00006181,USR005138,MINDGUARD,active,2025-11-10T04:00:00,
ENR00006182,USR005139,MINDGUARD,active,2025-10-31T15:00:00,
ENR00006183,USR005140,MINDGUARD,active,2025-11-18T18:00:00,
ENR00006184,USR005141,MINDGUARD,active,2026-01-19T22:00:00,
ENR00006185,USR005142,MINDGUARD,active,2026-01-28T22:00:00,
ENR00006186,USR005143,MINDGUARD,active,2025-10-27T07:00:00,
ENR00006187,USR005144,MINDGUARD,active,2026-01-20T00:00:00,
ENR00006188,USR005144,HEALTH_RESERVE,active,2026-01-19T02:00:00,
ENR00006189,USR005145,MINDGUARD,active,2026-01-03T02:00:00,
ENR00006190,USR005146,HEALTH_RESERVE,active,2026-02-06T01:00:00,
ENR00006191,USR005147,MINDGUARD,active,2025-10-15T03:00:00,
ENR00006192,USR005147,HEALTH_RESERVE,active,2025-10-07T04:00:00,
ENR00006193,USR005148,HEALTH_RESERVE,active,2026-01-14T11:00:00,
ENR00006194,USR005149,MINDGUARD,active,2026-02-06T08:00:00,
ENR00006195,USR005150,MINDGUARD,active,2025-09-30T11:00:00,
ENR00006196,USR005151,MINDGUARD,active,2026-02-03T05:00:00,
ENR00006197,USR005152,MINDGUARD,active,2025-11-25T07:00:00,
ENR00006198,USR005153,MINDGUARD,active,2025-10-14T06:00:00,
ENR00006199,USR005154,MINDGUARD,active,2025-10-26T23:00:00,
ENR00006200,USR005155,HEALTH_RESERVE,active,2026-02-19T05:00:00,
ENR00006201,USR005156,MINDGUARD,active,2025-11-03T02:00:00,
ENR00006202,USR005157,MINDGUARD,active,2026-01-15T10:00:00,
ENR00006203,USR005158,MINDGUARD,active,2025-10-19T12:00:00,
ENR00006204,USR005158,HEALTH_RESERVE,active,2025-10-26T14:00:00,
ENR00006205,USR005159,MINDGUARD,active,2026-01-03T20:00:00,
ENR00006206,USR005160,MINDGUARD,active,2025-10-11T09:00:00,
ENR00006207,USR005160,HEALTH_RESERVE,active,2025-09-27T14:00:00,
ENR00006208,USR005161,MINDGUARD,active,2025-11-01T18:00:00,
ENR00006209,USR005161,HEALTH_RESERVE,active,2025-11-08T14:00:00,
ENR00006210,USR005162,MINDGUARD,active,2025-11-24T11:00:00,
ENR00006211,USR005162,HEALTH_RESERVE,active,2025-11-28T19:00:00,
ENR00006212,USR005163,MINDGUARD,active,2025-10-29T12:00:00,
ENR00006213,USR005164,MINDGUARD,active,2026-01-26T20:00:00,
ENR00006214,USR005165,HEALTH_RESERVE,active,2025-11-14T23:00:00,
ENR00006215,USR005166,MINDGUARD,active,2025-11-10T00:00:00,
ENR00006216,USR005167,HEALTH_RESERVE,active,2025-11-17T12:00:00,
ENR00006217,USR005168,HEALTH_RESERVE,active,2026-02-04T10:00:00,
ENR00006218,USR005169,MINDGUARD,active,2025-10-12T01:00:00,
ENR00006219,USR005169,HEALTH_RESERVE,active,2025-10-20T02:00:00,
ENR00006220,USR005170,MINDGUARD,active,2026-02-02T03:00:00,
ENR00006221,USR005171,MINDGUARD,active,2025-12-18T12:00:00,
ENR00006222,USR005172,MINDGUARD,active,2026-01-12T03:00:00,
ENR00006223,USR005173,MINDGUARD,active,2025-10-20T06:00:00,
ENR00006224,USR005174,HEALTH_RESERVE,active,2025-09-28T03:00:00,
ENR00006225,USR005175,MINDGUARD,active,2025-11-24T17:00:00,
ENR00006226,USR005175,HEALTH_RESERVE,active,2025-11-25T18:00:00,
ENR00006227,USR005176,MINDGUARD,active,2025-12-04T16:00:00,
ENR00006228,USR005177,HEALTH_RESERVE,active,2025-10-20T14:00:00,
ENR00006229,USR005178,MINDGUARD,active,2025-11-04T01:00:00,
ENR00006230,USR005179,MINDGUARD,active,2026-02-11T17:00:00,
ENR00006231,USR005179,HEALTH_RESERVE,active,2026-02-15T21:00:00,
ENR00006232,USR005180,MINDGUARD,active,2025-11-08T08:00:00,
ENR00006233,USR005181,MINDGUARD,active,2025-10-17T08:00:00,
ENR00006234,USR005181,HEALTH_RESERVE,active,2025-10-24T11:00:00,
ENR00006235,USR005182,HEALTH_RESERVE,active,2026-02-09T22:00:00,
ENR00006236,USR005183,MINDGUARD,active,2025-09-29T00:00:00,
ENR00006237,USR005183,HEALTH_RESERVE,active,2025-09-28T05:00:00,
ENR00006238,USR005184,MINDGUARD,active,2026-01-27T01:00:00,
ENR00006239,USR005185,MINDGUARD,active,2025-10-09T06:00:00,
ENR00006240,USR005185,HEALTH_RESERVE,active,2025-10-14T02:00:00,
ENR00006241,USR005186,MINDGUARD,active,2026-01-27T12:00:00,
ENR00006242,USR005186,HEALTH_RESERVE,active,2026-02-04T11:00:00,
ENR00006243,USR005187,MINDGUARD,active,2025-11-05T21:00:00,
ENR00006244,USR005188,HEALTH_RESERVE,active,2025-12-15T10:00:00,
ENR00006245,USR005189,HEALTH_RESERVE,active,2026-01-13T09:00:00,
ENR00006246,USR005190,MINDGUARD,active,2025-11-09T22:00:00,
ENR00006247,USR005191,MINDGUARD,active,2025-10-02T20:00:00,
ENR00006248,USR005192,HEALTH_RESERVE,active,2025-11-16T00:00:00,
ENR00006249,USR005193,MINDGUARD,active,2025-11-23T06:00:00,
ENR00006250,USR005194,MINDGUARD,active,2025-12-12T00:00:00,
ENR00006251,USR005195,MINDGUARD,active,2026-02-07T18:00:00,
ENR00006252,USR005196,MINDGUARD,active,2025-10-13T18:00:00,
ENR00006253,USR005197,MINDGUARD,active,2025-12-18T04:00:00,
ENR00006254,USR005198,MINDGUARD,active,2025-09-25T23:00:00,
ENR00006255,USR005199,MINDGUARD,active,2025-09-24T08:00:00,
ENR00006256,USR005200,MINDGUARD,active,2025-12-20T16:00:00,
ENR00006257,USR005201,MINDGUARD,active,2025-10-10T10:00:00,
ENR00006258,USR005202,MINDGUARD,active,2026-01-01T09:00:00,
ENR00006259,USR005203,MINDGUARD,active,2026-02-13T02:00:00,
ENR00006260,USR005204,HEALTH_RESERVE,active,2025-12-15T07:00:00,
ENR00006261,USR005205,MINDGUARD,active,2025-12-24T17:00:00,
ENR00006262,USR005206,HEALTH_RESERVE,active,2025-12-26T08:00:00,
ENR00006263,USR005207,HEALTH_RESERVE,active,2025-10-26T19:00:00,
ENR00006264,USR005208,HEALTH_RESERVE,active,2026-02-03T10:00:00,
ENR00006265,USR005209,MINDGUARD,active,2025-12-15T00:00:00,
ENR00006266,USR005210,MINDGUARD,active,2026-02-14T03:00:00,
ENR00006267,USR005210,HEALTH_RESERVE,active,2026-02-12T07:00:00,
ENR00006268,USR005211,MINDGUARD,active,2025-10-06T01:00:00,
ENR00006269,USR005212,MINDGUARD,active,2025-12-07T10:00:00,
ENR00006270,USR005213,MINDGUARD,active,2026-01-27T14:00:00,
ENR00006271,USR005214,MINDGUARD,active,2025-11-19T22:00:00,
ENR00006272,USR005215,MINDGUARD,active,2025-10-27T09:00:00,
ENR00006273,USR005216,MINDGUARD,active,2026-01-11T10:00:00,
ENR00006274,USR005217,MINDGUARD,active,2026-01-10T00:00:00,
ENR00006275,USR005218,MINDGUARD,active,2025-11-03T23:00:00,
ENR00006276,USR005219,MINDGUARD,active,2026-01-07T00:00:00,
ENR00006277,USR005220,MINDGUARD,active,2026-01-24T13:00:00,
ENR00006278,USR005221,MINDGUARD,active,2025-11-24T10:00:00,
ENR00006279,USR005221,HEALTH_RESERVE,active,2025-11-26T11:00:00,
ENR00006280,USR005222,MINDGUARD,active,2025-10-30T19:00:00,
ENR00006281,USR005223,MINDGUARD,active,2025-10-08T10:00:00,
ENR00006282,USR005224,HEALTH_RESERVE,active,2026-01-15T07:00:00,
ENR00006283,USR005225,MINDGUARD,active,2025-12-07T14:00:00,
ENR00006284,USR005226,MINDGUARD,active,2026-02-06T19:00:00,
ENR00006285,USR005227,MINDGUARD,active,2025-09-22T07:00:00,
ENR00006286,USR005228,MINDGUARD,active,2025-12-06T21:00:00,
ENR00006287,USR005228,HEALTH_RESERVE,active,2025-12-17T02:00:00,
ENR00006288,USR005229,MINDGUARD,active,2025-11-21T10:00:00,
ENR00006289,USR005230,MINDGUARD,active,2025-12-28T16:00:00,
ENR00006290,USR005231,HEALTH_RESERVE,active,2025-11-10T14:00:00,
ENR00006291,USR005232,MINDGUARD,active,2026-01-13T18:00:00,
ENR00006292,USR005233,MINDGUARD,active,2025-10-27T19:00:00,
ENR00006293,USR005234,MINDGUARD,active,2026-02-06T05:00:00,
ENR00006294,USR005235,MINDGUARD,active,2025-09-26T19:00:00,
ENR00006295,USR005236,MINDGUARD,active,2025-11-17T03:00:00,
ENR00006296,USR005237,MINDGUARD,active,2025-10-24T08:00:00,
ENR00006297,USR005238,MINDGUARD,active,2025-11-01T15:00:00,
ENR00006298,USR005238,HEALTH_RESERVE,active,2025-10-25T00:00:00,
ENR00006299,USR005239,HEALTH_RESERVE,active,2025-11-08T06:00:00,
ENR00006300,USR005240,HEALTH_RESERVE,active,2026-01-27T10:00:00,
ENR00006301,USR005241,HEALTH_RESERVE,active,2025-10-02T22:00:00,
ENR00006302,USR005242,MINDGUARD,active,2025-10-18T09:00:00,
ENR00006303,USR005243,MINDGUARD,active,2025-10-05T20:00:00,
ENR00006304,USR005244,MINDGUARD,active,2026-01-21T01:00:00,
ENR00006305,USR005245,HEALTH_RESERVE,active,2026-01-07T17:00:00,
ENR00006306,USR005246,MINDGUARD,active,2025-10-24T05:00:00,
ENR00006307,USR005247,MINDGUARD,active,2026-01-24T00:00:00,
ENR00006308,USR005247,HEALTH_RESERVE,active,2026-01-20T21:00:00,
ENR00006309,USR005248,MINDGUARD,active,2025-10-05T02:00:00,
ENR00006310,USR005249,MINDGUARD,active,2026-01-14T17:00:00,
ENR00006311,USR005249,HEALTH_RESERVE,active,2026-01-19T02:00:00,
ENR00006312,USR005250,MINDGUARD,active,2025-11-19T06:00:00,
ENR00006313,USR005250,HEALTH_RESERVE,active,2025-11-27T09:00:00,
ENR00006314,USR005251,MINDGUARD,active,2026-01-23T00:00:00,
ENR00006315,USR005252,MINDGUARD,active,2025-10-10T17:00:00,
ENR00006316,USR005253,MINDGUARD,active,2026-02-10T03:00:00,
ENR00006317,USR005254,MINDGUARD,active,2026-01-23T22:00:00,
ENR00006318,USR005255,MINDGUARD,active,2025-10-19T15:00:00,
ENR00006319,USR005256,MINDGUARD,active,2026-02-04T07:00:00,
ENR00006320,USR005257,MINDGUARD,active,2025-12-24T09:00:00,
ENR00006321,USR005257,HEALTH_RESERVE,active,2025-12-17T09:00:00,
ENR00006322,USR005258,MINDGUARD,active,2025-12-01T13:00:00,
ENR00006323,USR005259,HEALTH_RESERVE,active,2026-01-10T13:00:00,
ENR00006324,USR005260,HEALTH_RESERVE,active,2025-11-20T20:00:00,
ENR00006325,USR005261,MINDGUARD,active,2025-12-18T23:00:00,
ENR00006326,USR005262,MINDGUARD,active,2025-12-24T09:00:00,
ENR00006327,USR005263,MINDGUARD,active,2025-10-11T02:00:00,
ENR00006328,USR005263,HEALTH_RESERVE,active,2025-10-10T06:00:00,
ENR00006329,USR005264,MINDGUARD,active,2025-10-22T17:00:00,
ENR00006330,USR005264,HEALTH_RESERVE,active,2025-10-20T17:00:00,
ENR00006331,USR005265,MINDGUARD,active,2025-12-18T19:00:00,
ENR00006332,USR005266,MINDGUARD,active,2025-10-30T05:00:00,
ENR00006333,USR005267,MINDGUARD,active,2025-12-01T20:00:00,
ENR00006334,USR005268,HEALTH_RESERVE,active,2025-12-16T07:00:00,
ENR00006335,USR005269,MINDGUARD,active,2026-02-10T12:00:00,
ENR00006336,USR005269,HEALTH_RESERVE,active,2026-02-11T18:00:00,
ENR00006337,USR005270,MINDGUARD,active,2025-12-06T13:00:00,
ENR00006338,USR005271,MINDGUARD,active,2026-02-07T14:00:00,
ENR00006339,USR005271,HEALTH_RESERVE,active,2026-02-04T13:00:00,
ENR00006340,USR005272,MINDGUARD,active,2025-10-14T00:00:00,
ENR00006341,USR005273,MINDGUARD,active,2025-10-15T12:00:00,
ENR00006342,USR005274,MINDGUARD,active,2026-01-14T13:00:00,
ENR00006343,USR005275,MINDGUARD,active,2026-02-19T02:00:00,
ENR00006344,USR005276,MINDGUARD,active,2025-11-10T00:00:00,
ENR00006345,USR005276,HEALTH_RESERVE,active,2025-11-08T17:00:00,
ENR00006346,USR005277,HEALTH_RESERVE,active,2025-10-31T05:00:00,
ENR00006347,USR005278,MINDGUARD,active,2025-11-10T12:00:00,
ENR00006348,USR005279,MINDGUARD,active,2025-11-22T10:00:00,
ENR00006349,USR005280,HEALTH_RESERVE,active,2026-01-30T00:00:00,
ENR00006350,USR005281,HEALTH_RESERVE,active,2025-12-16T22:00:00,
ENR00006351,USR005282,MINDGUARD,active,2026-02-07T08:00:00,
ENR00006352,USR005283,MINDGUARD,active,2025-12-16T10:00:00,
ENR00006353,USR005284,MINDGUARD,active,2025-12-17T17:00:00,
ENR00006354,USR005285,MINDGUARD,active,2025-12-13T19:00:00,
ENR00006355,USR005286,MINDGUARD,active,2025-10-17T15:00:00,
ENR00006356,USR005287,MINDGUARD,active,2026-01-20T21:00:00,
ENR00006357,USR005288,MINDGUARD,active,2025-10-26T22:00:00,
ENR00006358,USR005289,HEALTH_RESERVE,active,2025-10-09T02:00:00,
ENR00006359,USR005290,MINDGUARD,active,2025-10-17T08:00:00,
ENR00006360,USR005291,MINDGUARD,active,2026-01-02T03:00:00,
ENR00006361,USR005292,HEALTH_RESERVE,active,2025-11-22T07:00:00,
ENR00006362,USR005293,MINDGUARD,active,2025-11-02T05:00:00,
ENR00006363,USR005294,MINDGUARD,active,2025-12-11T21:00:00,
ENR00006364,USR005295,MINDGUARD,active,2026-01-29T09:00:00,
ENR00006365,USR005296,MINDGUARD,active,2025-12-04T07:00:00,
ENR00006366,USR005297,MINDGUARD,active,2026-01-14T11:00:00,
ENR00006367,USR005298,HEALTH_RESERVE,active,2025-09-27T06:00:00,
ENR00006368,USR005299,HEALTH_RESERVE,active,2025-10-12T15:00:00,
ENR00006369,USR005300,MINDGUARD,active,2026-02-02T02:00:00,
ENR00006370,USR005301,MINDGUARD,active,2026-01-27T23:00:00,
ENR00006371,USR005301,HEALTH_RESERVE,active,2026-01-28T01:00:00,
ENR00006372,USR005302,MINDGUARD,active,2025-10-23T12:00:00,
ENR00006373,USR005303,HEALTH_RESERVE,active,2025-12-27T16:00:00,
ENR00006374,USR005304,MINDGUARD,active,2026-02-10T21:00:00,
ENR00006375,USR005305,MINDGUARD,active,2026-01-25T10:00:00,
ENR00006376,USR005305,HEALTH_RESERVE,active,2026-01-12T10:00:00,
ENR00006377,USR005306,MINDGUARD,active,2025-12-23T21:00:00,
ENR00006378,USR005307,HEALTH_RESERVE,active,2025-10-09T07:00:00,
ENR00006379,USR005308,MINDGUARD,active,2025-12-13T16:00:00,
ENR00006380,USR005309,MINDGUARD,active,2025-10-22T23:00:00,
ENR00006381,USR005310,MINDGUARD,active,2025-12-23T00:00:00,
ENR00006382,USR005310,HEALTH_RESERVE,active,2025-12-13T18:00:00,
ENR00006383,USR005311,MINDGUARD,active,2025-12-15T08:00:00,
ENR00006384,USR005312,MINDGUARD,active,2025-10-16T12:00:00,
ENR00006385,USR005313,MINDGUARD,active,2025-10-07T02:00:00,
ENR00006386,USR005314,MINDGUARD,active,2025-12-17T19:00:00,
ENR00006387,USR005315,MINDGUARD,active,2025-12-01T12:00:00,
ENR00006388,USR005316,MINDGUARD,active,2025-10-26T04:00:00,
ENR00006389,USR005317,MINDGUARD,active,2025-11-20T20:00:00,
ENR00006390,USR005318,MINDGUARD,active,2026-01-21T09:00:00,
ENR00006391,USR005318,HEALTH_RESERVE,active,2026-01-18T09:00:00,
ENR00006392,USR005319,HEALTH_RESERVE,active,2025-12-15T21:00:00,
ENR00006393,USR005320,MINDGUARD,active,2025-11-02T22:00:00,
ENR00006394,USR005321,MINDGUARD,active,2026-01-27T18:00:00,
ENR00006395,USR005322,MINDGUARD,active,2026-01-27T04:00:00,
ENR00006396,USR005323,MINDGUARD,active,2026-02-08T14:00:00,
ENR00006397,USR005323,HEALTH_RESERVE,active,2026-02-18T03:00:00,
ENR00006398,USR005324,MINDGUARD,active,2026-01-27T05:00:00,
ENR00006399,USR005324,HEALTH_RESERVE,active,2026-01-15T06:00:00,
ENR00006400,USR005325,HEALTH_RESERVE,active,2025-11-03T10:00:00,
ENR00006401,USR005326,MINDGUARD,active,2025-11-18T17:00:00,
ENR00006402,USR005326,HEALTH_RESERVE,active,2025-11-16T11:00:00,
ENR00006403,USR005327,MINDGUARD,active,2025-10-02T16:00:00,
ENR00006404,USR005328,MINDGUARD,active,2026-01-27T03:00:00,
ENR00006405,USR005328,HEALTH_RESERVE,active,2026-02-02T01:00:00,
ENR00006406,USR005329,MINDGUARD,active,2025-10-08T03:00:00,
ENR00006407,USR005330,HEALTH_RESERVE,active,2025-10-01T10:00:00,
ENR00006408,USR005331,MINDGUARD,active,2025-10-22T16:00:00,
ENR00006409,USR005332,MINDGUARD,active,2025-11-02T16:00:00,
ENR00006410,USR005333,MINDGUARD,active,2026-01-14T21:00:00,
ENR00006411,USR005334,HEALTH_RESERVE,active,2025-10-16T04:00:00,
ENR00006412,USR005335,HEALTH_RESERVE,active,2025-12-15T04:00:00,
ENR00006413,USR005336,HEALTH_RESERVE,active,2026-01-03T08:00:00,
ENR00006414,USR005337,MINDGUARD,active,2026-02-09T13:00:00,
ENR00006415,USR005337,HEALTH_RESERVE,active,2026-02-11T20:00:00,
ENR00006416,USR005338,HEALTH_RESERVE,active,2025-11-06T03:00:00,
ENR00006417,USR005339,MINDGUARD,active,2026-01-30T09:00:00,
ENR00006418,USR005340,MINDGUARD,active,2026-02-09T02:00:00,
ENR00006419,USR005340,HEALTH_RESERVE,active,2026-02-06T12:00:00,
ENR00006420,USR005341,HEALTH_RESERVE,active,2026-02-01T08:00:00,
ENR00006421,USR005342,MINDGUARD,active,2026-01-18T11:00:00,
ENR00006422,USR005342,HEALTH_RESERVE,active,2026-01-05T10:00:00,
ENR00006423,USR005343,MINDGUARD,active,2025-11-23T19:00:00,
ENR00006424,USR005344,MINDGUARD,active,2025-09-20T21:00:00,
ENR00006425,USR005344,HEALTH_RESERVE,active,2025-09-26T01:00:00,
ENR00006426,USR005345,HEALTH_RESERVE,active,2025-11-17T02:00:00,
ENR00006427,USR005346,MINDGUARD,active,2025-10-22T23:00:00,
ENR00006428,USR005346,HEALTH_RESERVE,active,2025-10-27T05:00:00,
ENR00006429,USR005347,MINDGUARD,active,2026-01-07T08:00:00,
ENR00006430,USR005347,HEALTH_RESERVE,active,2026-01-06T08:00:00,
ENR00006431,USR005348,HEALTH_RESERVE,active,2026-01-12T02:00:00,
ENR00006432,USR005349,MINDGUARD,active,2025-10-25T02:00:00,
ENR00006433,USR005350,MINDGUARD,active,2025-12-26T02:00:00,
ENR00006434,USR005351,HEALTH_RESERVE,active,2025-10-24T04:00:00,
ENR00006435,USR005352,MINDGUARD,active,2025-11-20T09:00:00,
ENR00006436,USR005353,MINDGUARD,active,2025-10-23T22:00:00,
ENR00006437,USR005354,MINDGUARD,active,2026-02-03T03:00:00,
ENR00006438,USR005355,MINDGUARD,active,2025-11-14T09:00:00,
ENR00006439,USR005355,HEALTH_RESERVE,active,2025-11-18T04:00:00,
ENR00006440,USR005356,MINDGUARD,active,2026-02-13T02:00:00,
ENR00006441,USR005357,MINDGUARD,active,2025-12-29T08:00:00,
ENR00006442,USR005358,MINDGUARD,active,2026-02-04T10:00:00,
ENR00006443,USR005359,MINDGUARD,active,2025-12-20T09:00:00,
ENR00006444,USR005360,MINDGUARD,active,2025-12-15T02:00:00,
ENR00006445,USR005361,MINDGUARD,active,2025-11-16T15:00:00,
ENR00006446,USR005362,HEALTH_RESERVE,active,2025-10-05T19:00:00,
ENR00006447,USR005363,MINDGUARD,active,2025-11-11T00:00:00,
ENR00006448,USR005364,MINDGUARD,active,2025-09-27T15:00:00,
ENR00006449,USR005365,MINDGUARD,active,2026-02-03T11:00:00,
ENR00006450,USR005365,HEALTH_RESERVE,active,2026-02-12T13:00:00,
ENR00006451,USR005366,HEALTH_RESERVE,active,2025-11-11T16:00:00,
ENR00006452,USR005367,MINDGUARD,active,2026-01-16T06:00:00,
ENR00006453,USR005368,MINDGUARD,active,2025-10-16T02:00:00,
ENR00006454,USR005369,HEALTH_RESERVE,active,2026-01-19T18:00:00,
ENR00006455,USR005370,HEALTH_RESERVE,active,2025-12-12T22:00:00,
ENR00006456,USR005371,MINDGUARD,active,2025-10-20T19:00:00,
ENR00006457,USR005372,MINDGUARD,active,2025-10-29T09:00:00,
ENR00006458,USR005373,MINDGUARD,active,2025-10-15T05:00:00,
ENR00006459,USR005374,MINDGUARD,active,2025-10-24T17:00:00,
ENR00006460,USR005374,HEALTH_RESERVE,active,2025-10-25T18:00:00,
ENR00006461,USR005375,MINDGUARD,active,2026-01-28T05:00:00,
ENR00006462,USR005376,MINDGUARD,active,2026-02-18T00:00:00,
ENR00006463,USR005377,MINDGUARD,active,2026-02-22T06:00:00,
ENR00006464,USR005378,MINDGUARD,active,2025-11-14T09:00:00,
ENR00006465,USR005379,HEALTH_RESERVE,active,2025-12-23T18:00:00,
ENR00006466,USR005380,HEALTH_RESERVE,active,2025-12-11T17:00:00,
ENR00006467,USR005381,MINDGUARD,active,2025-09-28T12:00:00,
ENR00006468,USR005382,MINDGUARD,active,2026-01-11T12:00:00,
ENR00006469,USR005383,MINDGUARD,active,2025-11-22T12:00:00,
ENR00006470,USR005383,HEALTH_RESERVE,active,2025-11-24T13:00:00,
ENR00006471,USR005384,MINDGUARD,active,2026-01-01T02:00:00,
ENR00006472,USR005384,HEALTH_RESERVE,active,2025-12-26T22:00:00,
ENR00006473,USR005385,MINDGUARD,active,2025-12-14T08:00:00,
ENR00006474,USR005385,HEALTH_RESERVE,active,2025-12-13T11:00:00,
ENR00006475,USR005386,MINDGUARD,active,2025-12-06T19:00:00,
ENR00006476,USR005387,MINDGUARD,active,2025-11-30T11:00:00,
ENR00006477,USR005388,MINDGUARD,active,2025-09-28T11:00:00,
ENR00006478,USR005388,HEALTH_RESERVE,active,2025-10-05T06:00:00,
ENR00006479,USR005389,MINDGUARD,active,2026-02-06T13:00:00,
ENR00006480,USR005390,MINDGUARD,active,2025-10-17T18:00:00,
ENR00006481,USR005390,HEALTH_RESERVE,active,2025-10-05T18:00:00,
ENR00006482,USR005391,MINDGUARD,active,2025-11-03T16:00:00,
ENR00006483,USR005391,HEALTH_RESERVE,active,2025-10-25T16:00:00,
ENR00006484,USR005392,HEALTH_RESERVE,active,2025-11-20T04:00:00,
ENR00006485,USR005393,MINDGUARD,active,2026-01-06T22:00:00,
ENR00006486,USR005394,MINDGUARD,active,2025-12-25T10:00:00,
ENR00006487,USR005395,MINDGUARD,active,2026-01-07T10:00:00,
ENR00006488,USR005395,HEALTH_RESERVE,active,2026-01-12T09:00:00,
ENR00006489,USR005396,MINDGUARD,active,2025-12-04T00:00:00,
ENR00006490,USR005396,HEALTH_RESERVE,active,2025-12-02T14:00:00,
ENR00006491,USR005397,MINDGUARD,active,2025-11-14T12:00:00,
ENR00006492,USR005398,MINDGUARD,active,2026-01-23T02:00:00,
ENR00006493,USR005399,HEALTH_RESERVE,active,2025-12-07T21:00:00,
ENR00006494,USR005400,HEALTH_RESERVE,active,2025-10-13T12:00:00,
ENR00006495,USR005401,MINDGUARD,active,2026-01-09T00:00:00,
ENR00006496,USR005402,HEALTH_RESERVE,active,2025-11-15T12:00:00,
ENR00006497,USR005403,MINDGUARD,active,2025-12-23T18:00:00,
ENR00006498,USR005403,HEALTH_RESERVE,active,2025-12-19T23:00:00,
ENR00006499,USR005404,MINDGUARD,active,2026-02-03T12:00:00,
ENR00006500,USR005405,MINDGUARD,active,2026-02-17T11:00:00,
ENR00006501,USR005405,HEALTH_RESERVE,active,2026-02-08T09:00:00,
ENR00006502,USR005406,HEALTH_RESERVE,active,2025-09-26T02:00:00,
ENR00006503,USR005407,MINDGUARD,active,2025-11-05T14:00:00,
ENR00006504,USR005408,MINDGUARD,active,2025-12-02T01:00:00,
ENR00006505,USR005409,MINDGUARD,discontinued,2025-11-18T16:00:00,2026-04-25T16:45:00
ENR00006506,USR005410,HEALTH_RESERVE,active,2026-01-02T07:00:00,
ENR00006507,USR005411,MINDGUARD,active,2025-09-20T09:00:00,
ENR00006508,USR005412,MINDGUARD,active,2025-11-18T11:00:00,
ENR00006509,USR005413,MINDGUARD,active,2025-12-07T07:00:00,
ENR00006510,USR005414,HEALTH_RESERVE,active,2026-01-27T09:00:00,
ENR00006511,USR005415,MINDGUARD,active,2025-10-10T04:00:00,
ENR00006512,USR005416,MINDGUARD,active,2025-12-05T04:00:00,
ENR00006513,USR005417,MINDGUARD,active,2025-12-21T20:00:00,
ENR00006514,USR005418,HEALTH_RESERVE,active,2025-12-30T14:00:00,
ENR00006515,USR005419,MINDGUARD,active,2026-01-17T23:00:00,
ENR00006516,USR005420,HEALTH_RESERVE,active,2026-01-02T05:00:00,
ENR00006517,USR005421,MINDGUARD,active,2025-11-29T23:00:00,
ENR00006518,USR005422,MINDGUARD,active,2025-11-10T11:00:00,
ENR00006519,USR005422,HEALTH_RESERVE,active,2025-11-17T09:00:00,
ENR00006520,USR005423,HEALTH_RESERVE,active,2025-10-06T15:00:00,
ENR00006521,USR005424,HEALTH_RESERVE,active,2025-10-26T17:00:00,
ENR00006522,USR005425,HEALTH_RESERVE,active,2025-12-31T20:00:00,
ENR00006523,USR005426,MINDGUARD,active,2025-12-15T07:00:00,
ENR00006524,USR005427,MINDGUARD,active,2025-11-17T20:00:00,
ENR00006525,USR005428,MINDGUARD,active,2026-02-14T14:00:00,
ENR00006526,USR005428,HEALTH_RESERVE,active,2026-02-16T18:00:00,
ENR00006527,USR005429,MINDGUARD,active,2026-02-10T23:00:00,
ENR00006528,USR005429,HEALTH_RESERVE,active,2026-02-19T14:00:00,
ENR00006529,USR005430,MINDGUARD,active,2025-10-11T21:00:00,
ENR00006530,USR005431,MINDGUARD,active,2025-12-04T10:00:00,
ENR00006531,USR005432,HEALTH_RESERVE,active,2025-11-15T08:00:00,
ENR00006532,USR005433,MINDGUARD,active,2025-11-30T13:00:00,
ENR00006533,USR005434,HEALTH_RESERVE,active,2025-12-28T11:00:00,
ENR00006534,USR005435,MINDGUARD,active,2025-12-29T12:00:00,
ENR00006535,USR005436,MINDGUARD,active,2025-10-19T02:00:00,
ENR00006536,USR005436,HEALTH_RESERVE,active,2025-10-15T02:00:00,
ENR00006537,USR005437,MINDGUARD,active,2025-11-22T00:00:00,
ENR00006538,USR005438,MINDGUARD,active,2025-11-04T20:00:00,
ENR00006539,USR005439,MINDGUARD,active,2025-10-31T04:00:00,
ENR00006540,USR005440,MINDGUARD,active,2026-01-03T01:00:00,
ENR00006541,USR005441,MINDGUARD,active,2025-10-04T16:00:00,
ENR00006542,USR005442,MINDGUARD,active,2025-12-31T23:00:00,
ENR00006543,USR005443,MINDGUARD,active,2026-01-21T03:00:00,
ENR00006544,USR005443,HEALTH_RESERVE,active,2026-01-16T19:00:00,
ENR00006545,USR005444,MINDGUARD,active,2025-12-23T03:00:00,
ENR00006546,USR005445,HEALTH_RESERVE,active,2025-09-27T22:00:00,
ENR00006547,USR005446,MINDGUARD,active,2025-12-24T04:00:00,
ENR00006548,USR005447,MINDGUARD,active,2025-12-27T14:00:00,
ENR00006549,USR005448,MINDGUARD,active,2025-10-30T21:00:00,
ENR00006550,USR005449,MINDGUARD,active,2026-02-08T16:00:00,
ENR00006551,USR005450,MINDGUARD,active,2025-12-26T22:00:00,
ENR00006552,USR005451,MINDGUARD,active,2026-01-29T10:00:00,
ENR00006553,USR005452,MINDGUARD,active,2025-10-01T04:00:00,
ENR00006554,USR005453,MINDGUARD,active,2025-11-19T10:00:00,
ENR00006555,USR005454,MINDGUARD,active,2025-12-23T21:00:00,
ENR00006556,USR005455,HEALTH_RESERVE,active,2026-02-12T03:00:00,
ENR00006557,USR005456,MINDGUARD,active,2026-02-04T18:00:00,
ENR00006558,USR005457,HEALTH_RESERVE,active,2025-12-22T19:00:00,
ENR00006559,USR005458,MINDGUARD,active,2026-01-26T17:00:00,
ENR00006560,USR005459,HEALTH_RESERVE,active,2025-12-13T23:00:00,
ENR00006561,USR005460,MINDGUARD,active,2026-01-10T23:00:00,
ENR00006562,USR005461,MINDGUARD,active,2025-12-19T13:00:00,
ENR00006563,USR005462,MINDGUARD,active,2026-01-15T13:00:00,
ENR00006564,USR005463,MINDGUARD,active,2025-11-21T10:00:00,
ENR00006565,USR005464,HEALTH_RESERVE,active,2026-02-17T12:00:00,
ENR00006566,USR005465,MINDGUARD,active,2025-10-04T07:00:00,
ENR00006567,USR005466,MINDGUARD,active,2025-12-29T14:00:00,
ENR00006568,USR005466,HEALTH_RESERVE,active,2025-12-24T14:00:00,
ENR00006569,USR005467,MINDGUARD,active,2025-09-20T16:00:00,
ENR00006570,USR005468,HEALTH_RESERVE,active,2025-12-21T18:00:00,
ENR00006571,USR005469,MINDGUARD,active,2025-10-13T03:00:00,
ENR00006572,USR005469,HEALTH_RESERVE,active,2025-10-12T04:00:00,
ENR00006573,USR005470,MINDGUARD,active,2025-12-01T16:00:00,
ENR00006574,USR005470,HEALTH_RESERVE,active,2025-11-22T19:00:00,
ENR00006575,USR005471,MINDGUARD,active,2025-09-19T09:00:00,
ENR00006576,USR005472,MINDGUARD,active,2026-01-23T16:00:00,
ENR00006577,USR005473,MINDGUARD,active,2026-01-26T00:00:00,
ENR00006578,USR005474,HEALTH_RESERVE,active,2025-12-17T05:00:00,
ENR00006579,USR005475,MINDGUARD,active,2025-11-13T10:00:00,
ENR00006580,USR005476,MINDGUARD,active,2026-01-04T12:00:00,
ENR00006581,USR005476,HEALTH_RESERVE,active,2025-12-27T07:00:00,
ENR00006582,USR005477,MINDGUARD,active,2025-11-14T03:00:00,
ENR00006583,USR005478,HEALTH_RESERVE,active,2026-01-11T20:00:00,
ENR00006584,USR005479,MINDGUARD,active,2026-02-18T22:00:00,
ENR00006585,USR005480,MINDGUARD,active,2026-01-28T22:00:00,
ENR00006586,USR005481,MINDGUARD,active,2025-09-30T22:00:00,
ENR00006587,USR005482,MINDGUARD,active,2025-12-06T05:00:00,
ENR00006588,USR005483,MINDGUARD,active,2025-11-05T21:00:00,
ENR00006589,USR005484,MINDGUARD,active,2025-10-04T02:00:00,
ENR00006590,USR005484,HEALTH_RESERVE,active,2025-10-07T23:00:00,
ENR00006591,USR005485,HEALTH_RESERVE,active,2026-01-07T05:00:00,
ENR00006592,USR005486,MINDGUARD,active,2025-12-31T20:00:00,
ENR00006593,USR005487,MINDGUARD,active,2025-10-15T10:00:00,
ENR00006594,USR005488,MINDGUARD,active,2026-02-02T06:00:00,
ENR00006595,USR005488,HEALTH_RESERVE,active,2026-02-11T06:00:00,
ENR00006596,USR005489,HEALTH_RESERVE,active,2025-11-30T21:00:00,
ENR00006597,USR005490,HEALTH_RESERVE,active,2025-11-27T02:00:00,
ENR00006598,USR005491,MINDGUARD,active,2026-01-24T00:00:00,
ENR00006599,USR005492,MINDGUARD,active,2025-10-31T19:00:00,
ENR00006600,USR005493,HEALTH_RESERVE,active,2025-10-21T10:00:00,
ENR00006601,USR005494,MINDGUARD,active,2025-10-03T13:00:00,
ENR00006602,USR005494,HEALTH_RESERVE,active,2025-10-07T06:00:00,
ENR00006603,USR005495,MINDGUARD,active,2025-11-02T17:00:00,
ENR00006604,USR005496,MINDGUARD,active,2025-10-08T06:00:00,
ENR00006605,USR005496,HEALTH_RESERVE,active,2025-10-12T10:00:00,
ENR00006606,USR005497,MINDGUARD,active,2025-11-30T10:00:00,
ENR00006607,USR005498,MINDGUARD,active,2026-01-20T03:00:00,
ENR00006608,USR005499,HEALTH_RESERVE,active,2026-02-07T23:00:00,
ENR00006609,USR005500,MINDGUARD,active,2025-12-24T23:00:00,
ENR00006610,USR005501,MINDGUARD,active,2025-11-02T18:00:00,
ENR00006611,USR005502,MINDGUARD,active,2026-01-13T19:00:00,
ENR00006612,USR005503,MINDGUARD,active,2025-12-22T12:00:00,
ENR00006613,USR005504,HEALTH_RESERVE,active,2025-09-22T16:00:00,
ENR00006614,USR005505,MINDGUARD,active,2025-10-09T06:00:00,
ENR00006615,USR005506,MINDGUARD,active,2025-09-21T15:00:00,
ENR00006616,USR005506,HEALTH_RESERVE,active,2025-09-19T10:00:00,
ENR00006617,USR005507,MINDGUARD,active,2025-11-30T16:00:00,
ENR00006618,USR005507,HEALTH_RESERVE,active,2025-12-06T18:00:00,
ENR00006619,USR005508,MINDGUARD,active,2026-01-13T14:00:00,
ENR00006620,USR005508,HEALTH_RESERVE,active,2026-01-22T14:00:00,
ENR00006621,USR005509,MINDGUARD,active,2026-02-16T20:00:00,
ENR00006622,USR005510,MINDGUARD,active,2025-12-30T10:00:00,
ENR00006623,USR005510,HEALTH_RESERVE,active,2026-01-09T05:00:00,
ENR00006624,USR005511,MINDGUARD,active,2025-11-29T16:00:00,
ENR00006625,USR005511,HEALTH_RESERVE,active,2025-11-19T17:00:00,
ENR00006626,USR005512,MINDGUARD,active,2025-11-08T14:00:00,
ENR00006627,USR005512,HEALTH_RESERVE,active,2025-11-19T11:00:00,
ENR00006628,USR005513,MINDGUARD,active,2025-10-13T00:00:00,
ENR00006629,USR005514,MINDGUARD,active,2025-11-19T00:00:00,
ENR00006630,USR005514,HEALTH_RESERVE,active,2025-11-23T05:00:00,
ENR00006631,USR005515,MINDGUARD,active,2025-11-28T16:00:00,
ENR00006632,USR005515,HEALTH_RESERVE,active,2025-12-07T19:00:00,
ENR00006633,USR005516,MINDGUARD,active,2025-12-21T00:00:00,
ENR00006634,USR005517,MINDGUARD,active,2026-01-01T11:00:00,
ENR00006635,USR005518,MINDGUARD,active,2026-02-16T04:00:00,
ENR00006636,USR005519,MINDGUARD,active,2025-11-25T18:00:00,
ENR00006637,USR005520,MINDGUARD,active,2025-11-07T13:00:00,
ENR00006638,USR005520,HEALTH_RESERVE,active,2025-11-06T05:00:00,
ENR00006639,USR005521,MINDGUARD,active,2025-11-12T17:00:00,
ENR00006640,USR005522,MINDGUARD,active,2025-12-11T04:00:00,
ENR00006641,USR005523,MINDGUARD,active,2026-01-23T15:00:00,
ENR00006642,USR005523,HEALTH_RESERVE,active,2026-01-28T10:00:00,
ENR00006643,USR005524,MINDGUARD,active,2025-12-02T01:00:00,
ENR00006644,USR005525,MINDGUARD,active,2025-11-22T23:00:00,
ENR00006645,USR005526,MINDGUARD,active,2025-12-18T13:00:00,
ENR00006646,USR005527,MINDGUARD,active,2025-11-25T22:00:00,
ENR00006647,USR005528,MINDGUARD,active,2025-12-23T01:00:00,
ENR00006648,USR005529,MINDGUARD,active,2026-01-13T08:00:00,
ENR00006649,USR005529,HEALTH_RESERVE,active,2026-01-27T07:00:00,
ENR00006650,USR005530,MINDGUARD,active,2025-12-25T02:00:00,
ENR00006651,USR005530,HEALTH_RESERVE,active,2025-12-18T21:00:00,
ENR00006652,USR005531,MINDGUARD,active,2026-02-12T11:00:00,
ENR00006653,USR005531,HEALTH_RESERVE,active,2026-02-11T05:00:00,
ENR00006654,USR005532,MINDGUARD,active,2025-11-16T14:00:00,
ENR00006655,USR005533,HEALTH_RESERVE,active,2025-11-17T04:00:00,
ENR00006656,USR005534,MINDGUARD,active,2026-02-06T09:00:00,
ENR00006657,USR005534,HEALTH_RESERVE,active,2026-02-08T06:00:00,
ENR00006658,USR005535,MINDGUARD,active,2026-01-20T22:00:00,
ENR00006659,USR005536,MINDGUARD,active,2025-12-25T06:00:00,
ENR00006660,USR005537,MINDGUARD,active,2025-12-31T05:00:00,
ENR00006661,USR005538,MINDGUARD,active,2026-01-16T01:00:00,
ENR00006662,USR005538,HEALTH_RESERVE,active,2026-01-28T11:00:00,
ENR00006663,USR005539,MINDGUARD,active,2025-12-10T13:00:00,
ENR00006664,USR005540,MINDGUARD,active,2026-01-07T14:00:00,
ENR00006665,USR005541,HEALTH_RESERVE,active,2025-12-24T00:00:00,
ENR00006666,USR005542,MINDGUARD,active,2025-10-18T23:00:00,
ENR00006667,USR005543,MINDGUARD,active,2025-10-12T12:00:00,
ENR00006668,USR005544,MINDGUARD,active,2025-12-09T06:00:00,
ENR00006669,USR005544,HEALTH_RESERVE,active,2025-12-08T16:00:00,
ENR00006670,USR005545,MINDGUARD,active,2025-11-11T05:00:00,
ENR00006671,USR005546,MINDGUARD,active,2026-01-26T07:00:00,
ENR00006672,USR005547,MINDGUARD,active,2025-12-09T10:00:00,
ENR00006673,USR005548,MINDGUARD,active,2025-12-31T11:00:00,
ENR00006674,USR005549,MINDGUARD,active,2025-11-15T21:00:00,
ENR00006675,USR005550,MINDGUARD,active,2025-12-01T14:00:00,
ENR00006676,USR005550,HEALTH_RESERVE,active,2025-11-25T17:00:00,
ENR00006677,USR005551,MINDGUARD,active,2025-09-18T19:00:00,
ENR00006678,USR005551,HEALTH_RESERVE,active,2025-09-30T15:00:00,
ENR00006679,USR005552,HEALTH_RESERVE,active,2025-11-05T10:00:00,
ENR00006680,USR005553,MINDGUARD,active,2025-12-29T09:00:00,
ENR00006681,USR005554,HEALTH_RESERVE,active,2026-01-01T02:00:00,
ENR00006682,USR005555,MINDGUARD,active,2025-09-29T01:00:00,
ENR00006683,USR005556,MINDGUARD,active,2026-02-02T12:00:00,
ENR00006684,USR005556,HEALTH_RESERVE,active,2026-02-01T15:00:00,
ENR00006685,USR005557,MINDGUARD,active,2025-11-03T11:00:00,
ENR00006686,USR005558,MINDGUARD,active,2026-01-21T16:00:00,
ENR00006687,USR005559,MINDGUARD,active,2025-11-02T23:00:00,
ENR00006688,USR005560,MINDGUARD,active,2025-11-09T12:00:00,
ENR00006689,USR005560,HEALTH_RESERVE,active,2025-11-13T13:00:00,
ENR00006690,USR005561,MINDGUARD,active,2025-12-08T21:00:00,
ENR00006691,USR005562,MINDGUARD,active,2025-10-26T14:00:00,
ENR00006692,USR005563,MINDGUARD,active,2026-01-22T20:00:00,
ENR00006693,USR005563,HEALTH_RESERVE,active,2026-01-26T03:00:00,
ENR00006694,USR005564,HEALTH_RESERVE,active,2025-12-01T21:00:00,
ENR00006695,USR005565,HEALTH_RESERVE,active,2025-12-19T06:00:00,
ENR00006696,USR005566,MINDGUARD,active,2026-01-26T02:00:00,
ENR00006697,USR005567,MINDGUARD,active,2025-12-19T09:00:00,
ENR00006698,USR005568,MINDGUARD,active,2025-11-11T11:00:00,
ENR00006699,USR005569,MINDGUARD,active,2025-11-07T13:00:00,
ENR00006700,USR005570,MINDGUARD,active,2026-01-20T12:00:00,
ENR00006701,USR005571,MINDGUARD,active,2026-02-06T05:00:00,
ENR00006702,USR005572,MINDGUARD,active,2025-10-24T07:00:00,
ENR00006703,USR005573,MINDGUARD,active,2025-10-24T06:00:00,
ENR00006704,USR005574,MINDGUARD,active,2025-11-06T12:00:00,
ENR00006705,USR005575,MINDGUARD,active,2025-12-29T01:00:00,
ENR00006706,USR005576,MINDGUARD,active,2026-02-17T12:00:00,
ENR00006707,USR005576,HEALTH_RESERVE,active,2026-02-18T20:00:00,
ENR00006708,USR005577,MINDGUARD,active,2026-01-27T03:00:00,
ENR00006709,USR005578,MINDGUARD,active,2025-12-23T01:00:00,
ENR00006710,USR005579,MINDGUARD,active,2026-01-14T20:00:00,
ENR00006711,USR005579,HEALTH_RESERVE,active,2026-01-17T21:00:00,
ENR00006712,USR005580,MINDGUARD,active,2025-10-29T15:00:00,
ENR00006713,USR005581,MINDGUARD,active,2025-11-28T04:00:00,
ENR00006714,USR005582,MINDGUARD,active,2025-12-31T06:00:00,
ENR00006715,USR005583,MINDGUARD,active,2025-11-23T15:00:00,
ENR00006716,USR005584,MINDGUARD,active,2025-12-07T04:00:00,
ENR00006717,USR005584,HEALTH_RESERVE,active,2025-12-03T08:00:00,
ENR00006718,USR005585,MINDGUARD,active,2026-01-07T22:00:00,
ENR00006719,USR005585,HEALTH_RESERVE,active,2026-01-12T00:00:00,
ENR00006720,USR005586,HEALTH_RESERVE,active,2026-01-31T20:00:00,
ENR00006721,USR005587,HEALTH_RESERVE,active,2026-01-10T12:00:00,
ENR00006722,USR005588,MINDGUARD,active,2026-02-05T22:00:00,
ENR00006723,USR005589,HEALTH_RESERVE,active,2026-01-01T02:00:00,
ENR00006724,USR005590,MINDGUARD,active,2025-10-27T07:00:00,
ENR00006725,USR005591,MINDGUARD,active,2025-10-19T14:00:00,
ENR00006726,USR005592,MINDGUARD,active,2026-01-13T23:00:00,
ENR00006727,USR005593,HEALTH_RESERVE,active,2026-02-21T20:00:00,
ENR00006728,USR005594,MINDGUARD,active,2025-10-07T00:00:00,
ENR00006729,USR005594,HEALTH_RESERVE,active,2025-10-03T01:00:00,
ENR00006730,USR005595,MINDGUARD,active,2025-11-02T13:00:00,
ENR00006731,USR005596,MINDGUARD,active,2025-11-25T10:00:00,
ENR00006732,USR005597,MINDGUARD,active,2025-11-27T04:00:00,
ENR00006733,USR005597,HEALTH_RESERVE,active,2025-12-05T13:00:00,
ENR00006734,USR005598,MINDGUARD,active,2025-12-02T08:00:00,
ENR00006735,USR005598,HEALTH_RESERVE,active,2025-12-09T00:00:00,
ENR00006736,USR005599,MINDGUARD,active,2026-01-30T07:00:00,
ENR00006737,USR005600,MINDGUARD,active,2025-11-26T12:00:00,
ENR00006738,USR005601,MINDGUARD,active,2026-01-07T02:00:00,
ENR00006739,USR005602,MINDGUARD,active,2025-12-08T22:00:00,
ENR00006740,USR005603,MINDGUARD,active,2026-01-14T22:00:00,
ENR00006741,USR005604,MINDGUARD,active,2025-09-24T13:00:00,
ENR00006742,USR005605,MINDGUARD,active,2025-11-14T11:00:00,
ENR00006743,USR005606,MINDGUARD,active,2025-10-04T04:00:00,
ENR00006744,USR005606,HEALTH_RESERVE,active,2025-10-03T02:00:00,
ENR00006745,USR005607,MINDGUARD,active,2026-02-05T23:00:00,
ENR00006746,USR005607,HEALTH_RESERVE,active,2026-02-09T02:00:00,
ENR00006747,USR005608,HEALTH_RESERVE,active,2025-12-30T18:00:00,
ENR00006748,USR005609,MINDGUARD,active,2026-02-04T23:00:00,
ENR00006749,USR005610,MINDGUARD,active,2025-11-02T20:00:00,
ENR00006750,USR005611,MINDGUARD,active,2026-01-31T00:00:00,
ENR00006751,USR005612,MINDGUARD,active,2025-10-19T10:00:00,
ENR00006752,USR005613,MINDGUARD,active,2025-11-27T04:00:00,
ENR00006753,USR005614,MINDGUARD,active,2026-01-06T13:00:00,
ENR00006754,USR005614,HEALTH_RESERVE,active,2026-01-03T11:00:00,
ENR00006755,USR005615,MINDGUARD,active,2025-11-07T15:00:00,
ENR00006756,USR005615,HEALTH_RESERVE,active,2025-11-10T08:00:00,
ENR00006757,USR005616,MINDGUARD,active,2026-02-03T10:00:00,
ENR00006758,USR005616,HEALTH_RESERVE,active,2026-02-08T19:00:00,
ENR00006759,USR005617,HEALTH_RESERVE,active,2025-09-23T17:00:00,
ENR00006760,USR005618,MINDGUARD,active,2026-01-06T04:00:00,
ENR00006761,USR005619,MINDGUARD,active,2026-02-18T22:00:00,
ENR00006762,USR005620,MINDGUARD,active,2025-11-26T19:00:00,
ENR00006763,USR005621,MINDGUARD,active,2025-10-18T10:00:00,
ENR00006764,USR005622,MINDGUARD,active,2025-10-20T12:00:00,
ENR00006765,USR005623,MINDGUARD,active,2026-02-11T19:00:00,
ENR00006766,USR005624,MINDGUARD,active,2026-01-04T00:00:00,
ENR00006767,USR005625,MINDGUARD,active,2025-09-23T14:00:00,
ENR00006768,USR005625,HEALTH_RESERVE,active,2025-09-23T12:00:00,
ENR00006769,USR005626,MINDGUARD,active,2025-10-29T02:00:00,
ENR00006770,USR005626,HEALTH_RESERVE,active,2025-10-21T04:00:00,
ENR00006771,USR005627,MINDGUARD,active,2026-01-22T15:00:00,
ENR00006772,USR005627,HEALTH_RESERVE,active,2026-01-26T00:00:00,
ENR00006773,USR005628,HEALTH_RESERVE,active,2026-01-26T12:00:00,
ENR00006774,USR005629,HEALTH_RESERVE,active,2025-12-04T07:00:00,
ENR00006775,USR005630,MINDGUARD,active,2026-01-04T10:00:00,
ENR00006776,USR005630,HEALTH_RESERVE,active,2026-01-02T09:00:00,
ENR00006777,USR005631,HEALTH_RESERVE,active,2025-10-23T21:00:00,
ENR00006778,USR005632,MINDGUARD,active,2025-10-21T22:00:00,
ENR00006779,USR005633,MINDGUARD,active,2025-12-04T17:00:00,
ENR00006780,USR005634,MINDGUARD,active,2025-11-14T07:00:00,
ENR00006781,USR005635,MINDGUARD,active,2026-01-04T19:00:00,
ENR00006782,USR005636,MINDGUARD,active,2026-02-12T14:00:00,
ENR00006783,USR005637,MINDGUARD,active,2026-01-21T19:00:00,
ENR00006784,USR005638,MINDGUARD,active,2025-12-15T19:00:00,
ENR00006785,USR005639,MINDGUARD,active,2026-01-23T02:00:00,
ENR00006786,USR005640,MINDGUARD,active,2025-12-18T23:00:00,
ENR00006787,USR005640,HEALTH_RESERVE,active,2025-12-18T05:00:00,
ENR00006788,USR005641,MINDGUARD,active,2025-10-21T21:00:00,
ENR00006789,USR005642,MINDGUARD,active,2025-11-03T02:00:00,
ENR00006790,USR005643,MINDGUARD,active,2025-10-03T10:00:00,
ENR00006791,USR005644,HEALTH_RESERVE,active,2025-11-13T04:00:00,
ENR00006792,USR005645,HEALTH_RESERVE,active,2025-11-03T14:00:00,
ENR00006793,USR005646,MINDGUARD,active,2026-01-21T10:00:00,
ENR00006794,USR005647,MINDGUARD,active,2026-01-26T08:00:00,
ENR00006795,USR005648,HEALTH_RESERVE,active,2025-11-25T00:00:00,
ENR00006796,USR005649,MINDGUARD,active,2025-11-09T20:00:00,
ENR00006797,USR005650,MINDGUARD,active,2026-02-06T10:00:00,
ENR00006798,USR005651,HEALTH_RESERVE,active,2026-02-14T01:00:00,
ENR00006799,USR005652,MINDGUARD,active,2026-02-17T13:00:00,
ENR00006800,USR005653,MINDGUARD,active,2025-11-23T12:00:00,
ENR00006801,USR005653,HEALTH_RESERVE,active,2025-11-28T09:00:00,
ENR00006802,USR005654,HEALTH_RESERVE,active,2025-10-22T18:00:00,
ENR00006803,USR005655,MINDGUARD,active,2025-11-29T15:00:00,
ENR00006804,USR005656,MINDGUARD,active,2025-12-12T18:00:00,
ENR00006805,USR005657,MINDGUARD,active,2025-11-15T01:00:00,
ENR00006806,USR005658,HEALTH_RESERVE,active,2025-10-05T20:00:00,
ENR00006807,USR005659,MINDGUARD,active,2026-01-25T00:00:00,
ENR00006808,USR005660,MINDGUARD,active,2026-01-20T03:00:00,
ENR00006809,USR005661,MINDGUARD,active,2025-11-28T02:00:00,
ENR00006810,USR005662,HEALTH_RESERVE,active,2025-11-24T07:00:00,
ENR00006811,USR005663,MINDGUARD,active,2025-11-08T20:00:00,
ENR00006812,USR005664,MINDGUARD,active,2025-11-05T02:00:00,
ENR00006813,USR005665,MINDGUARD,active,2025-10-20T10:00:00,
ENR00006814,USR005665,HEALTH_RESERVE,active,2025-10-18T09:00:00,
ENR00006815,USR005666,MINDGUARD,active,2025-10-08T00:00:00,
ENR00006816,USR005667,MINDGUARD,active,2025-12-25T04:00:00,
ENR00006817,USR005667,HEALTH_RESERVE,active,2025-12-18T20:00:00,
ENR00006818,USR005668,MINDGUARD,active,2025-09-24T04:00:00,
ENR00006819,USR005669,HEALTH_RESERVE,active,2026-01-03T05:00:00,
ENR00006820,USR005670,MINDGUARD,active,2025-10-09T10:00:00,
ENR00006821,USR005671,MINDGUARD,active,2025-12-31T08:00:00,
ENR00006822,USR005672,MINDGUARD,active,2026-02-03T15:00:00,
ENR00006823,USR005673,MINDGUARD,active,2026-01-17T14:00:00,
ENR00006824,USR005674,MINDGUARD,active,2025-12-12T02:00:00,
ENR00006825,USR005675,MINDGUARD,active,2025-10-21T05:00:00,
ENR00006826,USR005675,HEALTH_RESERVE,active,2025-10-21T06:00:00,
ENR00006827,USR005676,MINDGUARD,active,2026-01-02T13:00:00,
ENR00006828,USR005677,MINDGUARD,active,2025-11-18T13:00:00,
ENR00006829,USR005678,HEALTH_RESERVE,active,2025-11-15T10:00:00,
ENR00006830,USR005679,MINDGUARD,active,2025-11-28T11:00:00,
ENR00006831,USR005679,HEALTH_RESERVE,active,2025-12-08T11:00:00,
ENR00006832,USR005680,MINDGUARD,active,2025-12-09T13:00:00,
ENR00006833,USR005681,HEALTH_RESERVE,active,2025-12-23T21:00:00,
ENR00006834,USR005682,MINDGUARD,active,2025-10-20T05:00:00,
ENR00006835,USR005683,HEALTH_RESERVE,active,2026-01-08T10:00:00,
ENR00006836,USR005684,MINDGUARD,active,2025-09-24T22:00:00,
ENR00006837,USR005684,HEALTH_RESERVE,active,2025-10-07T11:00:00,
ENR00006838,USR005685,HEALTH_RESERVE,active,2026-01-11T23:00:00,
ENR00006839,USR005686,HEALTH_RESERVE,active,2025-12-21T14:00:00,
ENR00006840,USR005687,MINDGUARD,active,2025-12-27T20:00:00,
ENR00006841,USR005688,MINDGUARD,active,2026-02-04T20:00:00,
ENR00006842,USR005689,MINDGUARD,active,2026-02-11T12:00:00,
ENR00006843,USR005690,HEALTH_RESERVE,active,2025-09-27T21:00:00,
ENR00006844,USR005691,MINDGUARD,active,2025-11-30T08:00:00,
ENR00006845,USR005691,HEALTH_RESERVE,active,2025-12-11T03:00:00,
ENR00006846,USR005692,MINDGUARD,active,2025-11-18T23:00:00,
ENR00006847,USR005693,MINDGUARD,active,2026-01-31T20:00:00,
ENR00006848,USR005694,HEALTH_RESERVE,active,2025-12-21T02:00:00,
ENR00006849,USR005695,MINDGUARD,active,2025-12-15T04:00:00,
ENR00006850,USR005695,HEALTH_RESERVE,active,2025-12-13T02:00:00,
ENR00006851,USR005696,MINDGUARD,active,2025-12-20T03:00:00,
ENR00006852,USR005696,HEALTH_RESERVE,active,2025-12-11T08:00:00,
ENR00006853,USR005697,MINDGUARD,active,2025-10-05T20:00:00,
ENR00006854,USR005697,HEALTH_RESERVE,active,2025-09-27T22:00:00,
ENR00006855,USR005698,MINDGUARD,active,2025-12-22T11:00:00,
ENR00006856,USR005699,MINDGUARD,active,2025-10-09T06:00:00,
ENR00006857,USR005699,HEALTH_RESERVE,active,2025-10-09T12:00:00,
ENR00006858,USR005700,MINDGUARD,active,2025-10-29T19:00:00,
ENR00006859,USR005700,HEALTH_RESERVE,active,2025-10-18T20:00:00,
ENR00006860,USR005701,MINDGUARD,active,2026-01-18T02:00:00,
ENR00006861,USR005702,MINDGUARD,active,2025-11-04T03:00:00,
ENR00006862,USR005703,MINDGUARD,active,2026-02-16T22:00:00,
ENR00006863,USR005703,HEALTH_RESERVE,active,2026-02-13T20:00:00,
ENR00006864,USR005704,MINDGUARD,active,2025-11-17T04:00:00,
ENR00006865,USR005704,HEALTH_RESERVE,active,2025-11-11T07:00:00,
ENR00006866,USR005705,MINDGUARD,active,2025-10-19T10:00:00,
ENR00006867,USR005705,HEALTH_RESERVE,active,2025-10-08T04:00:00,
ENR00006868,USR005706,MINDGUARD,active,2025-10-26T11:00:00,
ENR00006869,USR005707,HEALTH_RESERVE,active,2026-02-13T18:00:00,
ENR00006870,USR005708,MINDGUARD,active,2025-12-12T16:00:00,
ENR00006871,USR005709,MINDGUARD,active,2025-09-28T16:00:00,
ENR00006872,USR005710,MINDGUARD,active,2026-01-21T17:00:00,
ENR00006873,USR005711,MINDGUARD,active,2026-01-12T14:00:00,
ENR00006874,USR005712,MINDGUARD,active,2025-10-22T00:00:00,
ENR00006875,USR005713,HEALTH_RESERVE,active,2025-10-09T23:00:00,
ENR00006876,USR005714,MINDGUARD,active,2025-10-20T20:00:00,
ENR00006877,USR005714,HEALTH_RESERVE,active,2025-10-15T16:00:00,
ENR00006878,USR005715,HEALTH_RESERVE,active,2026-01-27T05:00:00,
ENR00006879,USR005716,HEALTH_RESERVE,active,2026-02-08T06:00:00,
ENR00006880,USR005717,HEALTH_RESERVE,active,2025-12-28T18:00:00,
ENR00006881,USR005718,MINDGUARD,active,2025-09-26T15:00:00,
ENR00006882,USR005719,MINDGUARD,active,2025-10-28T20:00:00,
ENR00006883,USR005720,MINDGUARD,active,2026-01-13T15:00:00,
ENR00006884,USR005721,MINDGUARD,active,2025-12-01T00:00:00,
ENR00006885,USR005721,HEALTH_RESERVE,active,2025-12-06T17:00:00,
ENR00006886,USR005722,HEALTH_RESERVE,active,2026-02-20T10:00:00,
ENR00006887,USR005723,HEALTH_RESERVE,active,2025-09-29T23:00:00,
ENR00006888,USR005724,MINDGUARD,active,2025-10-20T02:00:00,
ENR00006889,USR005725,MINDGUARD,active,2025-10-23T16:00:00,
ENR00006890,USR005726,HEALTH_RESERVE,active,2025-12-02T22:00:00,
ENR00006891,USR005727,MINDGUARD,active,2026-01-29T22:00:00,
ENR00006892,USR005728,MINDGUARD,active,2026-02-09T10:00:00,
ENR00006893,USR005729,HEALTH_RESERVE,active,2026-02-04T17:00:00,
ENR00006894,USR005730,MINDGUARD,active,2025-10-22T23:00:00,
ENR00006895,USR005731,MINDGUARD,active,2025-10-11T01:00:00,
ENR00006896,USR005732,MINDGUARD,active,2026-01-26T16:00:00,
ENR00006897,USR005733,MINDGUARD,active,2025-10-15T08:00:00,
ENR00006898,USR005733,HEALTH_RESERVE,active,2025-10-21T16:00:00,
ENR00006899,USR005734,MINDGUARD,active,2026-02-01T02:00:00,
ENR00006900,USR005734,HEALTH_RESERVE,active,2026-01-31T04:00:00,
ENR00006901,USR005735,MINDGUARD,active,2025-11-07T18:00:00,
ENR00006902,USR005735,HEALTH_RESERVE,active,2025-11-15T16:00:00,
ENR00006903,USR005736,HEALTH_RESERVE,active,2025-12-13T00:00:00,
ENR00006904,USR005737,MINDGUARD,active,2026-01-12T18:00:00,
ENR00006905,USR005737,HEALTH_RESERVE,active,2026-01-12T22:00:00,
ENR00006906,USR005738,MINDGUARD,active,2026-01-10T16:00:00,
ENR00006907,USR005739,MINDGUARD,active,2026-01-27T10:00:00,
ENR00006908,USR005740,MINDGUARD,active,2026-01-06T15:00:00,
ENR00006909,USR005741,MINDGUARD,active,2026-02-07T14:00:00,
ENR00006910,USR005742,HEALTH_RESERVE,active,2026-02-14T06:00:00,
ENR00006911,USR005743,MINDGUARD,active,2025-12-26T03:00:00,
ENR00006912,USR005744,MINDGUARD,active,2025-11-13T08:00:00,
ENR00006913,USR005744,HEALTH_RESERVE,active,2025-11-07T09:00:00,
ENR00006914,USR005745,HEALTH_RESERVE,active,2025-12-24T09:00:00,
ENR00006915,USR005746,HEALTH_RESERVE,active,2026-02-08T16:00:00,
ENR00006916,USR005747,MINDGUARD,active,2025-10-15T01:00:00,
ENR00006917,USR005748,MINDGUARD,active,2025-12-02T11:00:00,
ENR00006918,USR005748,HEALTH_RESERVE,active,2025-12-03T05:00:00,
ENR00006919,USR005749,MINDGUARD,active,2026-01-27T16:00:00,
ENR00006920,USR005749,HEALTH_RESERVE,active,2026-02-05T01:00:00,
ENR00006921,USR005750,MINDGUARD,active,2026-01-02T22:00:00,
ENR00006922,USR005750,HEALTH_RESERVE,active,2025-12-28T22:00:00,
ENR00006923,USR005751,HEALTH_RESERVE,active,2026-01-04T21:00:00,
ENR00006924,USR005752,MINDGUARD,active,2025-11-07T15:00:00,
ENR00006925,USR005753,MINDGUARD,active,2025-12-16T19:00:00,
ENR00006926,USR005754,MINDGUARD,discontinued,2025-11-19T00:00:00,2026-07-07T01:22:00
ENR00006927,USR005755,MINDGUARD,active,2025-11-27T00:00:00,
ENR00006928,USR005756,MINDGUARD,active,2025-10-24T04:00:00,
ENR00006929,USR005757,MINDGUARD,active,2026-02-13T21:00:00,
ENR00006930,USR005758,MINDGUARD,active,2026-01-17T19:00:00,
ENR00006931,USR005758,HEALTH_RESERVE,active,2026-01-11T22:00:00,
ENR00006932,USR005759,MINDGUARD,active,2025-11-11T23:00:00,
ENR00006933,USR005759,HEALTH_RESERVE,active,2025-11-14T01:00:00,
ENR00006934,USR005760,MINDGUARD,active,2026-02-18T16:00:00,
ENR00006935,USR005761,MINDGUARD,active,2026-01-25T00:00:00,
ENR00006936,USR005761,HEALTH_RESERVE,active,2026-01-28T03:00:00,
ENR00006937,USR005762,MINDGUARD,active,2025-09-29T10:00:00,
ENR00006938,USR005763,MINDGUARD,active,2026-01-24T23:00:00,
ENR00006939,USR005764,MINDGUARD,active,2025-12-29T04:00:00,
ENR00006940,USR005765,MINDGUARD,active,2026-01-15T02:00:00,
ENR00006941,USR005765,HEALTH_RESERVE,active,2026-01-21T02:00:00,
ENR00006942,USR005766,MINDGUARD,active,2025-11-22T03:00:00,
ENR00006943,USR005766,HEALTH_RESERVE,active,2025-11-11T08:00:00,
ENR00006944,USR005767,MINDGUARD,active,2026-02-06T03:00:00,
ENR00006945,USR005768,MINDGUARD,active,2025-12-02T15:00:00,
ENR00006946,USR005769,HEALTH_RESERVE,active,2026-01-15T00:00:00,
ENR00006947,USR005770,HEALTH_RESERVE,active,2025-11-01T03:00:00,
ENR00006948,USR005771,HEALTH_RESERVE,active,2025-12-07T02:00:00,
ENR00006949,USR005772,HEALTH_RESERVE,active,2025-10-24T00:00:00,
ENR00006950,USR005773,MINDGUARD,active,2026-01-08T03:00:00,
ENR00006951,USR005774,MINDGUARD,active,2025-12-09T00:00:00,
ENR00006952,USR005775,MINDGUARD,active,2025-10-29T00:00:00,
ENR00006953,USR005776,MINDGUARD,active,2026-01-23T19:00:00,
ENR00006954,USR005777,MINDGUARD,active,2026-02-04T17:00:00,
ENR00006955,USR005778,MINDGUARD,active,2025-10-31T14:00:00,
ENR00006956,USR005778,HEALTH_RESERVE,active,2025-10-20T21:00:00,
ENR00006957,USR005779,MINDGUARD,active,2025-12-15T12:00:00,
ENR00006958,USR005779,HEALTH_RESERVE,active,2025-12-09T20:00:00,
ENR00006959,USR005780,MINDGUARD,active,2025-10-07T18:00:00,
ENR00006960,USR005781,MINDGUARD,active,2025-09-26T20:00:00,
ENR00006961,USR005781,HEALTH_RESERVE,active,2025-09-23T05:00:00,
ENR00006962,USR005782,MINDGUARD,active,2025-11-22T19:00:00,
ENR00006963,USR005782,HEALTH_RESERVE,active,2025-11-27T22:00:00,
ENR00006964,USR005783,MINDGUARD,active,2025-10-29T09:00:00,
ENR00006965,USR005784,MINDGUARD,active,2025-11-09T23:00:00,
ENR00006966,USR005785,MINDGUARD,active,2026-01-09T12:00:00,
ENR00006967,USR005786,MINDGUARD,active,2025-12-14T08:00:00,
ENR00006968,USR005787,MINDGUARD,active,2025-12-23T22:00:00,
ENR00006969,USR005788,HEALTH_RESERVE,active,2025-10-14T17:00:00,
ENR00006970,USR005789,MINDGUARD,active,2025-10-06T15:00:00,
ENR00006971,USR005790,MINDGUARD,active,2025-12-28T20:00:00,
ENR00006972,USR005790,HEALTH_RESERVE,active,2026-01-04T05:00:00,
ENR00006973,USR005791,MINDGUARD,active,2025-12-05T00:00:00,
ENR00006974,USR005792,MINDGUARD,active,2025-12-20T07:00:00,
ENR00006975,USR005793,HEALTH_RESERVE,active,2025-11-08T09:00:00,
ENR00006976,USR005794,HEALTH_RESERVE,active,2025-11-30T12:00:00,
ENR00006977,USR005795,MINDGUARD,active,2026-01-30T10:00:00,
ENR00006978,USR005795,HEALTH_RESERVE,active,2026-02-02T10:00:00,
ENR00006979,USR005796,MINDGUARD,active,2026-02-10T06:00:00,
ENR00006980,USR005797,MINDGUARD,active,2026-01-07T05:00:00,
ENR00006981,USR005798,MINDGUARD,active,2026-01-07T02:00:00,
ENR00006982,USR005799,HEALTH_RESERVE,active,2025-12-20T04:00:00,
ENR00006983,USR005800,MINDGUARD,active,2025-10-30T20:00:00,
ENR00006984,USR005801,MINDGUARD,active,2025-09-20T21:00:00,
ENR00006985,USR005802,HEALTH_RESERVE,active,2025-11-26T04:00:00,
ENR00006986,USR005803,MINDGUARD,active,2025-09-27T19:00:00,
ENR00006987,USR005804,MINDGUARD,active,2025-11-12T02:00:00,
ENR00006988,USR005804,HEALTH_RESERVE,active,2025-11-22T09:00:00,
ENR00006989,USR005805,MINDGUARD,active,2025-10-20T13:00:00,
ENR00006990,USR005806,MINDGUARD,active,2025-12-09T17:00:00,
ENR00006991,USR005807,MINDGUARD,active,2026-02-20T19:00:00,
ENR00006992,USR005808,MINDGUARD,active,2025-11-05T01:00:00,
ENR00006993,USR005809,MINDGUARD,active,2026-02-04T04:00:00,
ENR00006994,USR005810,MINDGUARD,active,2025-10-07T10:00:00,
ENR00006995,USR005811,HEALTH_RESERVE,active,2025-11-14T20:00:00,
ENR00006996,USR005812,MINDGUARD,active,2026-01-13T10:00:00,
ENR00006997,USR005813,HEALTH_RESERVE,active,2026-01-20T21:00:00,
ENR00006998,USR005814,MINDGUARD,active,2025-11-11T03:00:00,
ENR00006999,USR005814,HEALTH_RESERVE,active,2025-11-06T23:00:00,
ENR00007000,USR005815,MINDGUARD,active,2025-09-29T23:00:00,
ENR00007001,USR005815,HEALTH_RESERVE,active,2025-09-23T22:00:00,
ENR00007002,USR005816,MINDGUARD,active,2025-11-16T00:00:00,
ENR00007003,USR005816,HEALTH_RESERVE,active,2025-11-08T19:00:00,
ENR00007004,USR005817,HEALTH_RESERVE,active,2025-12-26T17:00:00,
ENR00007005,USR005818,MINDGUARD,active,2025-11-06T13:00:00,
ENR00007006,USR005819,MINDGUARD,active,2025-10-24T21:00:00,
ENR00007007,USR005820,HEALTH_RESERVE,active,2025-11-26T14:00:00,
ENR00007008,USR005821,MINDGUARD,active,2025-10-22T03:00:00,
ENR00007009,USR005822,MINDGUARD,active,2026-01-16T16:00:00,
ENR00007010,USR005823,MINDGUARD,active,2025-12-09T19:00:00,
ENR00007011,USR005824,MINDGUARD,active,2026-01-25T14:00:00,
ENR00007012,USR005825,MINDGUARD,active,2025-11-02T02:00:00,
ENR00007013,USR005826,MINDGUARD,active,2026-01-03T12:00:00,
ENR00007014,USR005827,MINDGUARD,active,2025-10-29T16:00:00,
ENR00007015,USR005828,MINDGUARD,active,2025-12-12T04:00:00,
ENR00007016,USR005829,MINDGUARD,active,2025-10-05T14:00:00,
ENR00007017,USR005830,MINDGUARD,active,2025-11-22T04:00:00,
ENR00007018,USR005830,HEALTH_RESERVE,active,2025-11-15T03:00:00,
ENR00007019,USR005831,MINDGUARD,active,2026-01-17T14:00:00,
ENR00007020,USR005832,MINDGUARD,active,2025-09-28T22:00:00,
ENR00007021,USR005833,MINDGUARD,active,2025-10-28T22:00:00,
ENR00007022,USR005834,HEALTH_RESERVE,active,2026-02-09T23:00:00,
ENR00007023,USR005835,HEALTH_RESERVE,active,2025-10-16T02:00:00,
ENR00007024,USR005836,MINDGUARD,active,2025-09-23T06:00:00,
ENR00007025,USR005837,HEALTH_RESERVE,active,2026-01-14T13:00:00,
ENR00007026,USR005838,MINDGUARD,active,2026-01-24T00:00:00,
ENR00007027,USR005839,MINDGUARD,active,2026-02-08T01:00:00,
ENR00007028,USR005840,MINDGUARD,active,2026-01-20T01:00:00,
ENR00007029,USR005840,HEALTH_RESERVE,active,2026-01-10T16:00:00,
ENR00007030,USR005841,MINDGUARD,active,2025-12-20T12:00:00,
ENR00007031,USR005842,MINDGUARD,active,2025-10-05T05:00:00,
ENR00007032,USR005843,HEALTH_RESERVE,active,2025-11-21T13:00:00,
ENR00007033,USR005844,MINDGUARD,active,2026-02-02T17:00:00,
ENR00007034,USR005845,HEALTH_RESERVE,active,2025-10-17T11:00:00,
ENR00007035,USR005846,MINDGUARD,active,2025-10-19T11:00:00,
ENR00007036,USR005847,MINDGUARD,active,2026-01-28T02:00:00,
ENR00007037,USR005848,HEALTH_RESERVE,active,2025-12-17T16:00:00,
ENR00007038,USR005849,MINDGUARD,active,2025-10-24T02:00:00,
ENR00007039,USR005850,MINDGUARD,active,2025-10-19T00:00:00,
ENR00007040,USR005851,HEALTH_RESERVE,active,2025-10-18T21:00:00,
ENR00007041,USR005852,MINDGUARD,active,2025-10-22T20:00:00,
ENR00007042,USR005853,HEALTH_RESERVE,active,2025-12-16T07:00:00,
ENR00007043,USR005854,MINDGUARD,active,2026-02-02T22:00:00,
ENR00007044,USR005855,HEALTH_RESERVE,active,2025-10-20T22:00:00,
ENR00007045,USR005856,HEALTH_RESERVE,active,2026-02-07T10:00:00,
ENR00007046,USR005857,MINDGUARD,active,2026-01-09T07:00:00,
ENR00007047,USR005858,MINDGUARD,active,2026-02-15T22:00:00,
ENR00007048,USR005859,MINDGUARD,active,2025-12-06T02:00:00,
ENR00007049,USR005860,HEALTH_RESERVE,active,2025-10-11T00:00:00,
ENR00007050,USR005861,MINDGUARD,active,2025-11-04T04:00:00,
ENR00007051,USR005862,HEALTH_RESERVE,active,2025-10-24T23:00:00,
ENR00007052,USR005863,MINDGUARD,active,2025-12-28T10:00:00,
ENR00007053,USR005864,MINDGUARD,active,2026-01-01T02:00:00,
ENR00007054,USR005864,HEALTH_RESERVE,active,2025-12-29T07:00:00,
ENR00007055,USR005865,MINDGUARD,active,2025-10-10T00:00:00,
ENR00007056,USR005865,HEALTH_RESERVE,active,2025-10-14T06:00:00,
ENR00007057,USR005866,MINDGUARD,active,2025-10-11T05:00:00,
ENR00007058,USR005867,MINDGUARD,active,2025-12-22T08:00:00,
ENR00007059,USR005868,MINDGUARD,active,2025-09-22T16:00:00,
ENR00007060,USR005868,HEALTH_RESERVE,active,2025-09-21T19:00:00,
ENR00007061,USR005869,MINDGUARD,active,2025-11-07T22:00:00,
ENR00007062,USR005870,MINDGUARD,active,2025-10-24T22:00:00,
ENR00007063,USR005871,MINDGUARD,active,2025-09-15T19:00:00,
ENR00007064,USR005872,MINDGUARD,active,2025-10-01T02:00:00,
ENR00007065,USR005873,HEALTH_RESERVE,active,2026-01-01T13:00:00,
ENR00007066,USR005874,MINDGUARD,active,2025-10-13T22:00:00,
ENR00007067,USR005875,MINDGUARD,active,2025-11-01T06:00:00,
ENR00007068,USR005876,HEALTH_RESERVE,active,2025-10-27T03:00:00,
ENR00007069,USR005877,MINDGUARD,active,2025-10-05T00:00:00,
ENR00007070,USR005878,MINDGUARD,active,2026-01-21T05:00:00,
ENR00007071,USR005878,HEALTH_RESERVE,active,2026-01-26T01:00:00,
ENR00007072,USR005879,MINDGUARD,active,2025-11-01T06:00:00,
ENR00007073,USR005880,MINDGUARD,active,2025-11-18T13:00:00,
ENR00007074,USR005881,MINDGUARD,active,2025-10-24T01:00:00,
ENR00007075,USR005882,MINDGUARD,active,2025-12-23T06:00:00,
ENR00007076,USR005883,MINDGUARD,active,2025-12-02T21:00:00,
ENR00007077,USR005884,MINDGUARD,active,2026-01-02T02:00:00,
ENR00007078,USR005885,MINDGUARD,active,2025-11-27T23:00:00,
ENR00007079,USR005886,MINDGUARD,active,2025-12-19T20:00:00,
ENR00007080,USR005886,HEALTH_RESERVE,active,2025-12-21T20:00:00,
ENR00007081,USR005887,MINDGUARD,active,2026-02-10T12:00:00,
ENR00007082,USR005888,HEALTH_RESERVE,active,2025-12-08T01:00:00,
ENR00007083,USR005889,MINDGUARD,active,2025-10-13T06:00:00,
ENR00007084,USR005889,HEALTH_RESERVE,active,2025-10-21T11:00:00,
ENR00007085,USR005890,MINDGUARD,active,2025-10-16T03:00:00,
ENR00007086,USR005891,MINDGUARD,active,2025-12-27T15:00:00,
ENR00007087,USR005891,HEALTH_RESERVE,active,2025-12-22T21:00:00,
ENR00007088,USR005892,HEALTH_RESERVE,active,2025-10-05T02:00:00,
ENR00007089,USR005893,MINDGUARD,active,2025-12-25T22:00:00,
ENR00007090,USR005894,HEALTH_RESERVE,active,2026-01-07T23:00:00,
ENR00007091,USR005895,MINDGUARD,active,2025-11-11T06:00:00,
ENR00007092,USR005896,MINDGUARD,active,2025-12-30T03:00:00,
ENR00007093,USR005896,HEALTH_RESERVE,active,2026-01-10T03:00:00,
ENR00007094,USR005897,HEALTH_RESERVE,active,2025-10-05T04:00:00,
ENR00007095,USR005898,MINDGUARD,active,2026-01-25T07:00:00,
ENR00007096,USR005899,MINDGUARD,active,2025-11-30T03:00:00,
ENR00007097,USR005900,MINDGUARD,active,2025-10-17T14:00:00,
ENR00007098,USR005901,MINDGUARD,active,2026-01-09T23:00:00,
ENR00007099,USR005902,MINDGUARD,active,2026-01-31T22:00:00,
ENR00007100,USR005903,MINDGUARD,active,2025-10-10T02:00:00,
ENR00007101,USR005904,HEALTH_RESERVE,active,2025-11-13T17:00:00,
ENR00007102,USR005905,MINDGUARD,active,2026-01-19T04:00:00,
ENR00007103,USR005906,MINDGUARD,active,2025-10-12T07:00:00,
ENR00007104,USR005907,MINDGUARD,active,2026-01-17T06:00:00,
ENR00007105,USR005908,MINDGUARD,active,2026-02-15T22:00:00,
ENR00007106,USR005909,MINDGUARD,active,2025-10-03T00:00:00,
ENR00007107,USR005910,HEALTH_RESERVE,active,2026-02-11T09:00:00,
ENR00007108,USR005911,HEALTH_RESERVE,active,2025-11-16T09:00:00,
ENR00007109,USR005912,MINDGUARD,active,2025-10-05T03:00:00,
ENR00007110,USR005912,HEALTH_RESERVE,active,2025-09-25T09:00:00,
ENR00007111,USR005913,HEALTH_RESERVE,active,2026-02-03T21:00:00,
ENR00007112,USR005914,MINDGUARD,active,2025-11-19T19:00:00,
ENR00007113,USR005915,HEALTH_RESERVE,active,2026-02-01T07:00:00,
ENR00007114,USR005916,MINDGUARD,active,2025-10-10T08:00:00,
ENR00007115,USR005917,MINDGUARD,active,2026-01-12T16:00:00,
ENR00007116,USR005917,HEALTH_RESERVE,active,2026-01-13T23:00:00,
ENR00007117,USR005918,MINDGUARD,active,2026-01-16T10:00:00,
ENR00007118,USR005919,MINDGUARD,active,2025-10-03T21:00:00,
ENR00007119,USR005920,HEALTH_RESERVE,active,2025-10-16T14:00:00,
ENR00007120,USR005921,MINDGUARD,active,2025-12-18T23:00:00,
ENR00007121,USR005922,MINDGUARD,active,2025-12-31T07:00:00,
ENR00007122,USR005922,HEALTH_RESERVE,active,2025-12-21T05:00:00,
ENR00007123,USR005923,MINDGUARD,active,2025-12-20T19:00:00,
ENR00007124,USR005924,MINDGUARD,active,2025-12-12T18:00:00,
ENR00007125,USR005924,HEALTH_RESERVE,active,2025-12-23T04:00:00,
ENR00007126,USR005925,MINDGUARD,active,2025-10-10T22:00:00,
ENR00007127,USR005926,HEALTH_RESERVE,active,2025-12-15T16:00:00,
ENR00007128,USR005927,MINDGUARD,active,2025-11-13T20:00:00,
ENR00007129,USR005927,HEALTH_RESERVE,active,2025-11-20T21:00:00,
ENR00007130,USR005928,MINDGUARD,active,2026-01-02T08:00:00,
ENR00007131,USR005929,MINDGUARD,active,2025-10-31T22:00:00,
ENR00007132,USR005930,MINDGUARD,active,2025-11-19T04:00:00,
ENR00007133,USR005931,MINDGUARD,active,2025-11-27T15:00:00,
ENR00007134,USR005932,MINDGUARD,active,2025-12-17T18:00:00,
ENR00007135,USR005933,MINDGUARD,active,2026-02-06T02:00:00,
ENR00007136,USR005934,MINDGUARD,active,2025-10-09T20:00:00,
ENR00007137,USR005934,HEALTH_RESERVE,active,2025-10-15T17:00:00,
ENR00007138,USR005935,MINDGUARD,active,2025-10-11T17:00:00,
ENR00007139,USR005936,MINDGUARD,active,2025-10-25T03:00:00,
ENR00007140,USR005937,HEALTH_RESERVE,active,2025-10-24T15:00:00,
ENR00007141,USR005938,MINDGUARD,active,2026-01-27T22:00:00,
ENR00007142,USR005939,MINDGUARD,active,2025-11-23T17:00:00,
ENR00007143,USR005939,HEALTH_RESERVE,active,2025-11-27T17:00:00,
ENR00007144,USR005940,MINDGUARD,active,2025-11-04T19:00:00,
ENR00007145,USR005941,MINDGUARD,active,2025-12-16T05:00:00,
ENR00007146,USR005942,MINDGUARD,discontinued,2026-01-04T03:00:00,2026-08-11T03:40:00
ENR00007147,USR005943,HEALTH_RESERVE,active,2026-01-05T21:00:00,
ENR00007148,USR005944,MINDGUARD,active,2025-10-22T17:00:00,
ENR00007149,USR005945,MINDGUARD,active,2025-11-10T15:00:00,
ENR00007150,USR005945,HEALTH_RESERVE,active,2025-11-14T14:00:00,
ENR00007151,USR005946,MINDGUARD,active,2025-11-24T22:00:00,
ENR00007152,USR005946,HEALTH_RESERVE,active,2025-11-17T23:00:00,
ENR00007153,USR005947,MINDGUARD,active,2026-01-05T06:00:00,
ENR00007154,USR005948,MINDGUARD,active,2025-10-10T05:00:00,
ENR00007155,USR005948,HEALTH_RESERVE,active,2025-10-01T05:00:00,
ENR00007156,USR005949,MINDGUARD,active,2026-01-13T22:00:00,
ENR00007157,USR005950,HEALTH_RESERVE,active,2025-10-23T00:00:00,
ENR00007158,USR005951,MINDGUARD,active,2025-10-17T11:00:00,
ENR00007159,USR005952,MINDGUARD,active,2026-02-02T23:00:00,
ENR00007160,USR005953,MINDGUARD,active,2025-11-01T11:00:00,
ENR00007161,USR005953,HEALTH_RESERVE,active,2025-11-06T10:00:00,
ENR00007162,USR005954,MINDGUARD,active,2025-12-09T01:00:00,
ENR00007163,USR005955,MINDGUARD,active,2025-11-12T18:00:00,
ENR00007164,USR005956,MINDGUARD,active,2025-10-26T00:00:00,
ENR00007165,USR005957,HEALTH_RESERVE,active,2025-11-27T10:00:00,
ENR00007166,USR005958,MINDGUARD,active,2026-01-19T08:00:00,
ENR00007167,USR005959,MINDGUARD,active,2026-02-12T00:00:00,
ENR00007168,USR005960,HEALTH_RESERVE,active,2025-10-30T14:00:00,
ENR00007169,USR005961,MINDGUARD,active,2025-12-14T07:00:00,
ENR00007170,USR005962,MINDGUARD,active,2025-12-27T23:00:00,
ENR00007171,USR005963,MINDGUARD,active,2025-10-16T12:00:00,
ENR00007172,USR005964,MINDGUARD,active,2026-01-15T22:00:00,
ENR00007173,USR005965,MINDGUARD,active,2026-01-19T03:00:00,
ENR00007174,USR005966,MINDGUARD,active,2025-10-24T17:00:00,
ENR00007175,USR005967,MINDGUARD,active,2026-01-14T18:00:00,
ENR00007176,USR005967,HEALTH_RESERVE,active,2026-01-15T19:00:00,
ENR00007177,USR005968,MINDGUARD,active,2026-02-24T15:00:00,
ENR00007178,USR005969,HEALTH_RESERVE,active,2025-12-05T23:00:00,
ENR00007179,USR005970,MINDGUARD,active,2025-10-28T22:00:00,
ENR00007180,USR005971,MINDGUARD,active,2026-01-28T13:00:00,
ENR00007181,USR005972,MINDGUARD,active,2025-10-21T21:00:00,
ENR00007182,USR005973,MINDGUARD,active,2025-12-09T02:00:00,
ENR00007183,USR005974,MINDGUARD,active,2025-11-17T20:00:00,
ENR00007184,USR005974,HEALTH_RESERVE,active,2025-11-12T18:00:00,
ENR00007185,USR005975,HEALTH_RESERVE,active,2026-01-13T16:00:00,
ENR00007186,USR005976,MINDGUARD,active,2026-01-15T15:00:00,
ENR00007187,USR005977,MINDGUARD,active,2025-12-13T11:00:00,
ENR00007188,USR005978,MINDGUARD,active,2025-11-08T15:00:00,
ENR00007189,USR005979,MINDGUARD,active,2025-10-30T06:00:00,
ENR00007190,USR005979,HEALTH_RESERVE,active,2025-11-03T08:00:00,
ENR00007191,USR005980,MINDGUARD,active,2025-12-18T12:00:00,
ENR00007192,USR005981,MINDGUARD,active,2025-11-15T07:00:00,
ENR00007193,USR005982,HEALTH_RESERVE,active,2025-11-24T11:00:00,
ENR00007194,USR005983,MINDGUARD,active,2025-12-23T12:00:00,
ENR00007195,USR005984,MINDGUARD,active,2025-12-03T12:00:00,
ENR00007196,USR005985,HEALTH_RESERVE,active,2025-10-13T12:00:00,
ENR00007197,USR005986,MINDGUARD,active,2026-01-19T21:00:00,
ENR00007198,USR005987,MINDGUARD,active,2026-01-19T12:00:00,
ENR00007199,USR005987,HEALTH_RESERVE,active,2026-01-22T16:00:00,
ENR00007200,USR005988,MINDGUARD,active,2025-09-19T01:00:00,
ENR00007201,USR005989,MINDGUARD,active,2025-10-21T22:00:00,
ENR00007202,USR005990,MINDGUARD,active,2025-10-21T08:00:00,
ENR00007203,USR005991,MINDGUARD,active,2026-01-14T04:00:00,
ENR00007204,USR005992,MINDGUARD,active,2025-12-09T05:00:00,
ENR00007205,USR005993,MINDGUARD,active,2025-11-01T07:00:00,
ENR00007206,USR005993,HEALTH_RESERVE,active,2025-10-29T04:00:00,
ENR00007207,USR005994,MINDGUARD,active,2026-02-07T03:00:00,
ENR00007208,USR005995,MINDGUARD,active,2025-11-17T00:00:00,
ENR00007209,USR005996,HEALTH_RESERVE,active,2026-01-14T07:00:00,
ENR00007210,USR005997,MINDGUARD,active,2025-11-15T23:00:00,
ENR00007211,USR005998,HEALTH_RESERVE,active,2026-01-04T00:00:00,
ENR00007212,USR005999,MINDGUARD,active,2025-10-08T03:00:00,
ENR00007213,USR005999,HEALTH_RESERVE,active,2025-10-19T02:00:00,
ENR00007214,USR006000,MINDGUARD,active,2025-10-11T20:00:00,
ENR00007215,USR006001,MINDGUARD,active,2025-11-07T15:00:00,
ENR00007216,USR006002,MINDGUARD,active,2026-01-27T00:00:00,
ENR00007217,USR006002,HEALTH_RESERVE,active,2026-02-01T23:00:00,
ENR00007218,USR006003,MINDGUARD,active,2026-01-09T05:00:00,
ENR00007219,USR006004,HEALTH_RESERVE,active,2025-11-22T23:00:00,
ENR00007220,USR006005,MINDGUARD,active,2025-12-16T12:00:00,
ENR00007221,USR006006,HEALTH_RESERVE,active,2026-01-24T09:00:00,
ENR00007222,USR006007,MINDGUARD,active,2025-11-30T03:00:00,
ENR00007223,USR006008,MINDGUARD,active,2025-11-10T07:00:00,
ENR00007224,USR006009,HEALTH_RESERVE,active,2025-11-09T18:00:00,
ENR00007225,USR006010,MINDGUARD,active,2026-01-16T23:00:00,
ENR00007226,USR006010,HEALTH_RESERVE,active,2026-01-15T06:00:00,
ENR00007227,USR006011,HEALTH_RESERVE,active,2026-01-17T15:00:00,
ENR00007228,USR006012,MINDGUARD,active,2025-12-24T09:00:00,
ENR00007229,USR006013,MINDGUARD,active,2025-10-28T20:00:00,
ENR00007230,USR006013,HEALTH_RESERVE,active,2025-10-24T10:00:00,
ENR00007231,USR006014,MINDGUARD,active,2025-11-19T04:00:00,
ENR00007232,USR006015,MINDGUARD,active,2026-02-16T18:00:00,
ENR00007233,USR006015,HEALTH_RESERVE,active,2026-02-16T15:00:00,
ENR00007234,USR006016,MINDGUARD,active,2025-11-23T00:00:00,
ENR00007235,USR006016,HEALTH_RESERVE,active,2025-11-23T07:00:00,
ENR00007236,USR006017,MINDGUARD,active,2025-09-19T01:00:00,
ENR00007237,USR006018,HEALTH_RESERVE,active,2025-09-24T00:00:00,
ENR00007238,USR006019,MINDGUARD,active,2026-02-08T17:00:00,
ENR00007239,USR006019,HEALTH_RESERVE,active,2026-02-09T22:00:00,
ENR00007240,USR006020,MINDGUARD,active,2026-02-12T04:00:00,
ENR00007241,USR006021,MINDGUARD,active,2025-10-26T23:00:00,
ENR00007242,USR006022,HEALTH_RESERVE,active,2026-01-15T13:00:00,
ENR00007243,USR006023,MINDGUARD,active,2026-01-12T03:00:00,
ENR00007244,USR006024,MINDGUARD,active,2025-12-09T05:00:00,
ENR00007245,USR006025,MINDGUARD,active,2026-01-17T15:00:00,
ENR00007246,USR006025,HEALTH_RESERVE,active,2026-01-17T12:00:00,
ENR00007247,USR006026,MINDGUARD,active,2025-09-16T00:00:00,
ENR00007248,USR006027,MINDGUARD,active,2025-12-28T03:00:00,
ENR00007249,USR006028,MINDGUARD,active,2025-11-13T07:00:00,
ENR00007250,USR006028,HEALTH_RESERVE,active,2025-11-07T01:00:00,
ENR00007251,USR006029,MINDGUARD,active,2025-10-10T13:00:00,
ENR00007252,USR006030,MINDGUARD,active,2026-02-05T08:00:00,
ENR00007253,USR006031,HEALTH_RESERVE,active,2025-11-29T09:00:00,
ENR00007254,USR006032,MINDGUARD,active,2026-01-21T15:00:00,
ENR00007255,USR006032,HEALTH_RESERVE,active,2026-01-29T17:00:00,
ENR00007256,USR006033,MINDGUARD,active,2025-10-25T22:00:00,
ENR00007257,USR006034,MINDGUARD,active,2026-01-29T14:00:00,
ENR00007258,USR006035,MINDGUARD,active,2025-10-16T17:00:00,
ENR00007259,USR006036,MINDGUARD,active,2025-10-31T04:00:00,
ENR00007260,USR006037,HEALTH_RESERVE,active,2025-11-15T08:00:00,
ENR00007261,USR006038,HEALTH_RESERVE,active,2026-02-09T06:00:00,
ENR00007262,USR006039,MINDGUARD,active,2025-10-21T19:00:00,
ENR00007263,USR006040,MINDGUARD,active,2026-01-11T03:00:00,
ENR00007264,USR006041,MINDGUARD,active,2025-11-01T15:00:00,
ENR00007265,USR006042,MINDGUARD,active,2025-10-22T01:00:00,
ENR00007266,USR006043,MINDGUARD,active,2026-02-22T12:00:00,
ENR00007267,USR006043,HEALTH_RESERVE,active,2026-02-12T07:00:00,
ENR00007268,USR006044,MINDGUARD,active,2025-10-08T08:00:00,
ENR00007269,USR006045,MINDGUARD,active,2026-01-20T18:00:00,
ENR00007270,USR006046,MINDGUARD,active,2025-12-08T05:00:00,
ENR00007271,USR006047,MINDGUARD,active,2025-11-16T18:00:00,
ENR00007272,USR006048,HEALTH_RESERVE,active,2025-12-03T08:00:00,
ENR00007273,USR006049,MINDGUARD,active,2025-12-28T13:00:00,
ENR00007274,USR006050,MINDGUARD,active,2025-12-30T13:00:00,
ENR00007275,USR006051,MINDGUARD,active,2025-10-22T17:00:00,
ENR00007276,USR006052,MINDGUARD,active,2025-11-26T03:00:00,
ENR00007277,USR006053,MINDGUARD,active,2026-01-08T10:00:00,
ENR00007278,USR006053,HEALTH_RESERVE,active,2026-01-06T13:00:00,
ENR00007279,USR006054,MINDGUARD,active,2025-10-13T17:00:00,
ENR00007280,USR006055,MINDGUARD,active,2025-10-19T07:00:00,
ENR00007281,USR006056,MINDGUARD,active,2025-11-16T18:00:00,
ENR00007282,USR006057,MINDGUARD,active,2025-12-07T14:00:00,
ENR00007283,USR006057,HEALTH_RESERVE,active,2025-11-25T11:00:00,
ENR00007284,USR006058,MINDGUARD,active,2025-11-30T22:00:00,
ENR00007285,USR006059,MINDGUARD,active,2025-11-01T12:00:00,
ENR00007286,USR006059,HEALTH_RESERVE,active,2025-11-03T12:00:00,
ENR00007287,USR006060,MINDGUARD,active,2026-01-28T05:00:00,
ENR00007288,USR006060,HEALTH_RESERVE,active,2026-01-20T08:00:00,
ENR00007289,USR006061,MINDGUARD,active,2025-11-12T10:00:00,
ENR00007290,USR006062,MINDGUARD,active,2026-01-05T19:00:00,
ENR00007291,USR006063,MINDGUARD,active,2026-02-14T03:00:00,
ENR00007292,USR006064,MINDGUARD,active,2025-10-27T06:00:00,
ENR00007293,USR006064,HEALTH_RESERVE,active,2025-10-28T06:00:00,
ENR00007294,USR006065,HEALTH_RESERVE,active,2025-12-26T08:00:00,
ENR00007295,USR006066,MINDGUARD,active,2025-12-22T21:00:00,
ENR00007296,USR006067,HEALTH_RESERVE,active,2025-10-17T06:00:00,
ENR00007297,USR006068,MINDGUARD,active,2025-11-18T22:00:00,
ENR00007298,USR006069,MINDGUARD,active,2026-01-01T02:00:00,
ENR00007299,USR006070,MINDGUARD,active,2025-11-11T10:00:00,
ENR00007300,USR006071,MINDGUARD,active,2026-02-21T12:00:00,
ENR00007301,USR006072,MINDGUARD,active,2025-10-31T01:00:00,
ENR00007302,USR006073,HEALTH_RESERVE,active,2025-10-16T16:00:00,
ENR00007303,USR006074,MINDGUARD,active,2025-12-03T19:00:00,
ENR00007304,USR006075,HEALTH_RESERVE,active,2025-11-06T02:00:00,
ENR00007305,USR006076,MINDGUARD,active,2026-01-02T03:00:00,
ENR00007306,USR006077,MINDGUARD,active,2026-02-09T01:00:00,
ENR00007307,USR006078,MINDGUARD,active,2025-11-11T22:00:00,
ENR00007308,USR006079,MINDGUARD,active,2026-01-05T08:00:00,
ENR00007309,USR006080,MINDGUARD,active,2026-01-03T10:00:00,
ENR00007310,USR006081,MINDGUARD,active,2025-10-16T02:00:00,
ENR00007311,USR006082,HEALTH_RESERVE,active,2026-01-07T22:00:00,
ENR00007312,USR006083,MINDGUARD,active,2025-11-09T17:00:00,
ENR00007313,USR006083,HEALTH_RESERVE,active,2025-11-17T15:00:00,
ENR00007314,USR006084,MINDGUARD,active,2025-10-01T20:00:00,
ENR00007315,USR006085,MINDGUARD,active,2025-09-25T18:00:00,
ENR00007316,USR006086,MINDGUARD,active,2025-09-25T18:00:00,
ENR00007317,USR006087,MINDGUARD,active,2026-02-01T16:00:00,
ENR00007318,USR006088,MINDGUARD,active,2026-02-05T08:00:00,
ENR00007319,USR006089,MINDGUARD,active,2025-11-13T19:00:00,
ENR00007320,USR006090,MINDGUARD,active,2026-02-19T23:00:00,
ENR00007321,USR006091,MINDGUARD,active,2025-10-10T17:00:00,
ENR00007322,USR006092,HEALTH_RESERVE,active,2025-12-18T02:00:00,
ENR00007323,USR006093,MINDGUARD,active,2025-12-11T16:00:00,
ENR00007324,USR006094,MINDGUARD,active,2025-12-05T16:00:00,
ENR00007325,USR006095,HEALTH_RESERVE,active,2025-12-08T10:00:00,
ENR00007326,USR006096,MINDGUARD,active,2025-10-19T07:00:00,
ENR00007327,USR006097,MINDGUARD,active,2025-11-21T13:00:00,
ENR00007328,USR006098,MINDGUARD,active,2025-12-18T21:00:00,
ENR00007329,USR006098,HEALTH_RESERVE,active,2025-12-17T23:00:00,
ENR00007330,USR006099,MINDGUARD,active,2026-01-03T15:00:00,
ENR00007331,USR006099,HEALTH_RESERVE,active,2026-01-05T09:00:00,
ENR00007332,USR006100,MINDGUARD,active,2026-02-03T11:00:00,
ENR00007333,USR006101,MINDGUARD,active,2025-10-19T12:00:00,
ENR00007334,USR006102,MINDGUARD,active,2026-02-20T12:00:00,
ENR00007335,USR006103,MINDGUARD,active,2025-12-16T22:00:00,
ENR00007336,USR006104,MINDGUARD,active,2026-02-02T12:00:00,
ENR00007337,USR006105,MINDGUARD,active,2026-02-01T10:00:00,
ENR00007338,USR006106,HEALTH_RESERVE,active,2025-10-30T05:00:00,
ENR00007339,USR006107,MINDGUARD,active,2025-12-29T19:00:00,
ENR00007340,USR006108,HEALTH_RESERVE,active,2025-11-12T02:00:00,
ENR00007341,USR006109,MINDGUARD,active,2025-10-14T01:00:00,
ENR00007342,USR006110,HEALTH_RESERVE,active,2025-10-03T10:00:00,
ENR00007343,USR006111,MINDGUARD,active,2026-02-14T17:00:00,
ENR00007344,USR006111,HEALTH_RESERVE,active,2026-02-08T07:00:00,
ENR00007345,USR006112,MINDGUARD,active,2025-10-04T10:00:00,
ENR00007346,USR006113,MINDGUARD,active,2025-10-03T02:00:00,
ENR00007347,USR006114,MINDGUARD,active,2025-10-23T17:00:00,
ENR00007348,USR006115,MINDGUARD,active,2026-01-19T21:00:00,
ENR00007349,USR006115,HEALTH_RESERVE,active,2026-01-28T13:00:00,
ENR00007350,USR006116,MINDGUARD,active,2026-02-06T11:00:00,
ENR00007351,USR006117,MINDGUARD,active,2025-12-08T23:00:00,
ENR00007352,USR006118,MINDGUARD,active,2025-11-13T14:00:00,
ENR00007353,USR006119,MINDGUARD,active,2025-12-02T17:00:00,
ENR00007354,USR006120,MINDGUARD,active,2025-11-12T11:00:00,
ENR00007355,USR006121,HEALTH_RESERVE,active,2026-01-23T04:00:00,
ENR00007356,USR006122,MINDGUARD,active,2026-01-06T18:00:00,
ENR00007357,USR006122,HEALTH_RESERVE,active,2026-01-13T20:00:00,
ENR00007358,USR006123,MINDGUARD,active,2025-11-20T14:00:00,
ENR00007359,USR006124,MINDGUARD,active,2025-10-20T10:00:00,
ENR00007360,USR006124,HEALTH_RESERVE,active,2025-10-13T11:00:00,
ENR00007361,USR006125,HEALTH_RESERVE,active,2026-01-16T16:00:00,
ENR00007362,USR006126,MINDGUARD,active,2025-12-19T02:00:00,
ENR00007363,USR006127,MINDGUARD,active,2026-01-28T23:00:00,
ENR00007364,USR006127,HEALTH_RESERVE,active,2026-01-24T04:00:00,
ENR00007365,USR006128,MINDGUARD,active,2025-12-10T17:00:00,
ENR00007366,USR006128,HEALTH_RESERVE,active,2025-12-04T12:00:00,
ENR00007367,USR006129,MINDGUARD,active,2025-11-07T22:00:00,
ENR00007368,USR006130,MINDGUARD,active,2026-02-23T20:00:00,
ENR00007369,USR006131,MINDGUARD,active,2025-10-02T23:00:00,
ENR00007370,USR006132,MINDGUARD,active,2025-09-23T03:00:00,
ENR00007371,USR006133,MINDGUARD,active,2026-02-10T21:00:00,
ENR00007372,USR006134,MINDGUARD,active,2025-10-25T22:00:00,
ENR00007373,USR006135,HEALTH_RESERVE,active,2025-11-23T13:00:00,
ENR00007374,USR006136,MINDGUARD,active,2026-01-14T04:00:00,
ENR00007375,USR006136,HEALTH_RESERVE,active,2026-01-07T11:00:00,
ENR00007376,USR006137,MINDGUARD,active,2025-11-21T03:00:00,
ENR00007377,USR006138,MINDGUARD,active,2025-11-14T18:00:00,
ENR00007378,USR006138,HEALTH_RESERVE,active,2025-11-08T11:00:00,
ENR00007379,USR006139,MINDGUARD,active,2025-12-04T05:00:00,
ENR00007380,USR006139,HEALTH_RESERVE,active,2025-11-27T04:00:00,
ENR00007381,USR006140,HEALTH_RESERVE,active,2025-09-25T17:00:00,
ENR00007382,USR006141,MINDGUARD,active,2025-12-30T06:00:00,
ENR00007383,USR006142,MINDGUARD,active,2025-11-12T02:00:00,
ENR00007384,USR006142,HEALTH_RESERVE,active,2025-11-09T23:00:00,
ENR00007385,USR006143,HEALTH_RESERVE,active,2025-11-26T07:00:00,
ENR00007386,USR006144,MINDGUARD,active,2026-01-07T04:00:00,
ENR00007387,USR006145,MINDGUARD,active,2025-11-22T12:00:00,
ENR00007388,USR006146,MINDGUARD,active,2025-11-19T01:00:00,
ENR00007389,USR006146,HEALTH_RESERVE,active,2025-11-25T23:00:00,
ENR00007390,USR006147,MINDGUARD,active,2025-12-12T08:00:00,
ENR00007391,USR006148,HEALTH_RESERVE,active,2025-11-10T13:00:00,
ENR00007392,USR006149,MINDGUARD,active,2025-10-19T14:00:00,
ENR00007393,USR006150,MINDGUARD,active,2025-11-15T16:00:00,
ENR00007394,USR006150,HEALTH_RESERVE,active,2025-11-16T17:00:00,
ENR00007395,USR006151,HEALTH_RESERVE,active,2025-11-28T10:00:00,
ENR00007396,USR006152,MINDGUARD,active,2025-12-15T09:00:00,
ENR00007397,USR006153,MINDGUARD,active,2025-11-11T11:00:00,
ENR00007398,USR006154,MINDGUARD,active,2025-11-18T09:00:00,
ENR00007399,USR006154,HEALTH_RESERVE,active,2025-11-28T11:00:00,
ENR00007400,USR006155,MINDGUARD,active,2025-12-28T15:00:00,
ENR00007401,USR006156,HEALTH_RESERVE,active,2025-12-02T22:00:00,
ENR00007402,USR006157,HEALTH_RESERVE,active,2026-02-19T01:00:00,
ENR00007403,USR006158,MINDGUARD,active,2026-02-10T22:00:00,
ENR00007404,USR006159,MINDGUARD,active,2025-12-04T04:00:00,
ENR00007405,USR006160,MINDGUARD,active,2025-09-25T18:00:00,
ENR00007406,USR006160,HEALTH_RESERVE,active,2025-09-20T16:00:00,
ENR00007407,USR006161,MINDGUARD,active,2025-12-01T08:00:00,
ENR00007408,USR006162,MINDGUARD,active,2025-10-23T00:00:00,
ENR00007409,USR006163,HEALTH_RESERVE,active,2025-12-04T06:00:00,
ENR00007410,USR006164,MINDGUARD,active,2025-11-25T02:00:00,
ENR00007411,USR006165,MINDGUARD,active,2026-01-22T08:00:00,
ENR00007412,USR006166,MINDGUARD,active,2025-12-07T18:00:00,
ENR00007413,USR006167,HEALTH_RESERVE,active,2026-01-23T07:00:00,
ENR00007414,USR006168,MINDGUARD,active,2025-11-21T12:00:00,
ENR00007415,USR006169,MINDGUARD,active,2025-10-09T22:00:00,
ENR00007416,USR006170,MINDGUARD,active,2025-10-19T22:00:00,
ENR00007417,USR006171,HEALTH_RESERVE,active,2025-10-12T04:00:00,
ENR00007418,USR006172,MINDGUARD,active,2026-02-21T16:00:00,
ENR00007419,USR006172,HEALTH_RESERVE,active,2026-02-19T11:00:00,
ENR00007420,USR006173,MINDGUARD,active,2026-01-27T16:00:00,
ENR00007421,USR006174,MINDGUARD,active,2025-12-26T11:00:00,
ENR00007422,USR006175,MINDGUARD,active,2026-01-05T12:00:00,
ENR00007423,USR006176,HEALTH_RESERVE,active,2025-10-13T11:00:00,
ENR00007424,USR006177,MINDGUARD,active,2026-01-28T20:00:00,
ENR00007425,USR006178,HEALTH_RESERVE,active,2025-10-13T21:00:00,
ENR00007426,USR006179,MINDGUARD,active,2025-10-05T18:00:00,
ENR00007427,USR006180,MINDGUARD,active,2025-12-07T12:00:00,
ENR00007428,USR006181,MINDGUARD,active,2025-11-07T06:00:00,
ENR00007429,USR006182,MINDGUARD,active,2025-11-03T11:00:00,
ENR00007430,USR006183,MINDGUARD,active,2025-12-05T10:00:00,
ENR00007431,USR006184,MINDGUARD,active,2026-01-22T00:00:00,
ENR00007432,USR006184,HEALTH_RESERVE,active,2026-01-27T04:00:00,
ENR00007433,USR006185,HEALTH_RESERVE,active,2025-11-08T23:00:00,
ENR00007434,USR006186,HEALTH_RESERVE,active,2025-12-17T17:00:00,
ENR00007435,USR006187,MINDGUARD,active,2025-11-24T03:00:00,
ENR00007436,USR006187,HEALTH_RESERVE,active,2025-11-24T05:00:00,
ENR00007437,USR006188,HEALTH_RESERVE,active,2025-12-05T11:00:00,
ENR00007438,USR006189,MINDGUARD,active,2025-10-09T01:00:00,
ENR00007439,USR006189,HEALTH_RESERVE,active,2025-10-03T22:00:00,
ENR00007440,USR006190,MINDGUARD,active,2025-11-07T22:00:00,
ENR00007441,USR006191,MINDGUARD,active,2025-10-21T14:00:00,
ENR00007442,USR006192,MINDGUARD,active,2025-11-04T16:00:00,
ENR00007443,USR006192,HEALTH_RESERVE,active,2025-10-31T01:00:00,
ENR00007444,USR006193,MINDGUARD,active,2026-01-17T23:00:00,
ENR00007445,USR006193,HEALTH_RESERVE,active,2026-01-17T21:00:00,
ENR00007446,USR006194,MINDGUARD,active,2025-12-11T02:00:00,
ENR00007447,USR006195,MINDGUARD,active,2026-01-14T21:00:00,
ENR00007448,USR006195,HEALTH_RESERVE,active,2026-01-11T19:00:00,
ENR00007449,USR006196,HEALTH_RESERVE,active,2026-02-12T00:00:00,
ENR00007450,USR006197,MINDGUARD,active,2026-01-27T11:00:00,
ENR00007451,USR006197,HEALTH_RESERVE,active,2026-01-23T12:00:00,
ENR00007452,USR006198,MINDGUARD,active,2025-11-01T14:00:00,
ENR00007453,USR006199,MINDGUARD,active,2025-12-14T08:00:00,
ENR00007454,USR006200,MINDGUARD,active,2025-12-13T15:00:00,
ENR00007455,USR006201,MINDGUARD,active,2025-12-07T22:00:00,
ENR00007456,USR006202,MINDGUARD,active,2026-02-13T16:00:00,
ENR00007457,USR006203,MINDGUARD,active,2025-11-16T05:00:00,
ENR00007458,USR006203,HEALTH_RESERVE,active,2025-11-09T11:00:00,
ENR00007459,USR006204,MINDGUARD,active,2025-11-10T04:00:00,
ENR00007460,USR006204,HEALTH_RESERVE,active,2025-11-18T09:00:00,
ENR00007461,USR006205,MINDGUARD,active,2025-12-06T02:00:00,
ENR00007462,USR006206,MINDGUARD,active,2025-12-25T05:00:00,
ENR00007463,USR006207,MINDGUARD,active,2025-09-27T11:00:00,
ENR00007464,USR006208,MINDGUARD,active,2025-10-21T00:00:00,
ENR00007465,USR006209,HEALTH_RESERVE,active,2026-02-15T06:00:00,
ENR00007466,USR006210,MINDGUARD,active,2026-02-13T21:00:00,
ENR00007467,USR006210,HEALTH_RESERVE,active,2026-02-10T19:00:00,
ENR00007468,USR006211,MINDGUARD,active,2026-01-30T22:00:00,
ENR00007469,USR006211,HEALTH_RESERVE,active,2026-02-06T03:00:00,
ENR00007470,USR006212,MINDGUARD,active,2025-10-02T11:00:00,
ENR00007471,USR006213,MINDGUARD,active,2025-12-25T15:00:00,
ENR00007472,USR006213,HEALTH_RESERVE,active,2025-12-23T17:00:00,
ENR00007473,USR006214,MINDGUARD,active,2026-02-16T14:00:00,
ENR00007474,USR006215,HEALTH_RESERVE,active,2025-11-16T18:00:00,
ENR00007475,USR006216,HEALTH_RESERVE,active,2026-01-31T13:00:00,
ENR00007476,USR006217,HEALTH_RESERVE,active,2025-09-29T13:00:00,
ENR00007477,USR006218,MINDGUARD,active,2025-11-05T04:00:00,
ENR00007478,USR006218,HEALTH_RESERVE,active,2025-11-06T02:00:00,
ENR00007479,USR006219,HEALTH_RESERVE,active,2025-10-26T19:00:00,
ENR00007480,USR006220,HEALTH_RESERVE,active,2026-01-12T13:00:00,
ENR00007481,USR006221,MINDGUARD,active,2025-10-13T10:00:00,
ENR00007482,USR006222,MINDGUARD,active,2025-10-08T23:00:00,
ENR00007483,USR006223,MINDGUARD,discontinued,2025-12-07T03:00:00,2026-05-27T04:18:00
ENR00007484,USR006224,MINDGUARD,active,2025-12-12T06:00:00,
ENR00007485,USR006225,HEALTH_RESERVE,active,2025-10-15T02:00:00,
ENR00007486,USR006226,MINDGUARD,active,2025-10-22T05:00:00,
ENR00007487,USR006226,HEALTH_RESERVE,active,2025-10-15T21:00:00,
ENR00007488,USR006227,HEALTH_RESERVE,active,2025-10-10T16:00:00,
ENR00007489,USR006228,MINDGUARD,active,2026-01-13T04:00:00,
ENR00007490,USR006229,MINDGUARD,active,2025-11-02T21:00:00,
ENR00007491,USR006230,MINDGUARD,active,2026-01-30T10:00:00,
ENR00007492,USR006230,HEALTH_RESERVE,active,2026-01-19T09:00:00,
ENR00007493,USR006231,MINDGUARD,active,2025-10-06T13:00:00,
ENR00007494,USR006231,HEALTH_RESERVE,active,2025-09-27T15:00:00,
ENR00007495,USR006232,HEALTH_RESERVE,active,2025-12-16T15:00:00,
ENR00007496,USR006233,MINDGUARD,active,2025-11-13T19:00:00,
ENR00007497,USR006234,MINDGUARD,active,2025-10-18T03:00:00,
ENR00007498,USR006235,HEALTH_RESERVE,active,2026-02-02T06:00:00,
ENR00007499,USR006236,MINDGUARD,active,2025-11-14T20:00:00,
ENR00007500,USR006236,HEALTH_RESERVE,active,2025-11-11T05:00:00,
ENR00007501,USR006237,MINDGUARD,active,2026-02-02T17:00:00,
ENR00007502,USR006238,MINDGUARD,active,2025-10-04T10:00:00,
ENR00007503,USR006238,HEALTH_RESERVE,active,2025-10-07T08:00:00,
ENR00007504,USR006239,HEALTH_RESERVE,active,2026-01-28T19:00:00,
ENR00007505,USR006240,MINDGUARD,active,2025-12-04T13:00:00,
ENR00007506,USR006241,HEALTH_RESERVE,active,2025-11-12T18:00:00,
ENR00007507,USR006242,HEALTH_RESERVE,active,2025-11-16T22:00:00,
ENR00007508,USR006243,MINDGUARD,active,2026-01-20T00:00:00,
ENR00007509,USR006243,HEALTH_RESERVE,active,2026-01-19T16:00:00,
ENR00007510,USR006244,HEALTH_RESERVE,active,2025-11-10T03:00:00,
ENR00007511,USR006245,MINDGUARD,active,2026-01-11T19:00:00,
ENR00007512,USR006245,HEALTH_RESERVE,active,2026-01-09T23:00:00,
ENR00007513,USR006246,MINDGUARD,active,2025-12-27T15:00:00,
ENR00007514,USR006246,HEALTH_RESERVE,active,2025-12-22T16:00:00,
ENR00007515,USR006247,MINDGUARD,active,2025-11-30T22:00:00,
ENR00007516,USR006247,HEALTH_RESERVE,active,2025-12-14T22:00:00,
ENR00007517,USR006248,HEALTH_RESERVE,active,2026-01-04T09:00:00,
ENR00007518,USR006249,MINDGUARD,active,2025-11-13T05:00:00,
ENR00007519,USR006250,MINDGUARD,active,2025-10-03T14:00:00,
ENR00007520,USR006251,MINDGUARD,active,2025-11-01T15:00:00,
ENR00007521,USR006251,HEALTH_RESERVE,active,2025-11-03T23:00:00,
ENR00007522,USR006252,MINDGUARD,active,2025-12-23T15:00:00,
ENR00007523,USR006253,MINDGUARD,active,2026-01-30T22:00:00,
ENR00007524,USR006254,HEALTH_RESERVE,active,2025-12-20T15:00:00,
ENR00007525,USR006255,MINDGUARD,active,2026-02-15T21:00:00,
ENR00007526,USR006256,MINDGUARD,active,2025-10-06T22:00:00,
ENR00007527,USR006257,HEALTH_RESERVE,active,2025-11-09T18:00:00,
ENR00007528,USR006258,HEALTH_RESERVE,active,2026-01-11T03:00:00,
ENR00007529,USR006259,HEALTH_RESERVE,active,2025-09-29T06:00:00,
ENR00007530,USR006260,MINDGUARD,active,2025-11-26T20:00:00,
ENR00007531,USR006261,MINDGUARD,active,2026-01-29T18:00:00,
ENR00007532,USR006261,HEALTH_RESERVE,active,2026-01-26T19:00:00,
ENR00007533,USR006262,MINDGUARD,active,2026-02-09T12:00:00,
ENR00007534,USR006262,HEALTH_RESERVE,active,2026-02-07T12:00:00,
ENR00007535,USR006263,HEALTH_RESERVE,active,2026-01-19T00:00:00,
ENR00007536,USR006264,MINDGUARD,active,2025-12-28T17:00:00,
ENR00007537,USR006265,MINDGUARD,active,2025-11-05T09:00:00,
ENR00007538,USR006266,MINDGUARD,active,2025-11-06T12:00:00,
ENR00007539,USR006266,HEALTH_RESERVE,active,2025-11-04T09:00:00,
ENR00007540,USR006267,MINDGUARD,active,2025-10-16T05:00:00,
ENR00007541,USR006268,MINDGUARD,active,2025-10-09T18:00:00,
ENR00007542,USR006269,MINDGUARD,active,2026-01-29T01:00:00,
ENR00007543,USR006270,MINDGUARD,active,2025-11-16T14:00:00,
ENR00007544,USR006271,MINDGUARD,active,2025-12-03T01:00:00,
ENR00007545,USR006271,HEALTH_RESERVE,active,2025-12-12T08:00:00,
ENR00007546,USR006272,HEALTH_RESERVE,active,2025-10-15T00:00:00,
ENR00007547,USR006273,HEALTH_RESERVE,active,2025-09-26T06:00:00,
ENR00007548,USR006274,MINDGUARD,active,2025-12-06T07:00:00,
ENR00007549,USR006274,HEALTH_RESERVE,active,2025-11-28T09:00:00,
ENR00007550,USR006275,MINDGUARD,active,2025-12-13T12:00:00,
ENR00007551,USR006276,MINDGUARD,active,2026-01-05T00:00:00,
ENR00007552,USR006277,HEALTH_RESERVE,active,2026-02-04T17:00:00,
ENR00007553,USR006278,HEALTH_RESERVE,active,2026-02-05T15:00:00,
ENR00007554,USR006279,MINDGUARD,active,2026-01-23T01:00:00,
ENR00007555,USR006280,MINDGUARD,active,2026-01-12T15:00:00,
ENR00007556,USR006281,MINDGUARD,active,2026-02-11T07:00:00,
ENR00007557,USR006282,MINDGUARD,active,2026-01-02T15:00:00,
ENR00007558,USR006282,HEALTH_RESERVE,active,2026-01-03T18:00:00,
ENR00007559,USR006283,MINDGUARD,active,2025-09-21T07:00:00,
ENR00007560,USR006284,HEALTH_RESERVE,active,2025-10-02T05:00:00,
ENR00007561,USR006285,HEALTH_RESERVE,active,2025-10-05T11:00:00,
ENR00007562,USR006286,MINDGUARD,active,2025-10-27T08:00:00,
ENR00007563,USR006286,HEALTH_RESERVE,active,2025-10-19T13:00:00,
ENR00007564,USR006287,MINDGUARD,active,2025-10-11T21:00:00,
ENR00007565,USR006287,HEALTH_RESERVE,active,2025-10-03T16:00:00,
ENR00007566,USR006288,MINDGUARD,active,2025-11-11T16:00:00,
ENR00007567,USR006289,HEALTH_RESERVE,active,2025-12-22T04:00:00,
ENR00007568,USR006290,MINDGUARD,active,2025-11-19T17:00:00,
ENR00007569,USR006291,MINDGUARD,active,2025-11-27T13:00:00,
ENR00007570,USR006292,MINDGUARD,active,2025-12-13T20:00:00,
ENR00007571,USR006293,HEALTH_RESERVE,active,2026-02-01T06:00:00,
ENR00007572,USR006294,MINDGUARD,discontinued,2025-11-07T17:00:00,2026-07-12T18:21:00
ENR00007573,USR006295,MINDGUARD,active,2026-01-08T09:00:00,
ENR00007574,USR006295,HEALTH_RESERVE,active,2026-01-03T14:00:00,
ENR00007575,USR006296,MINDGUARD,active,2025-10-14T13:00:00,
ENR00007576,USR006297,MINDGUARD,active,2025-10-17T13:00:00,
ENR00007577,USR006298,MINDGUARD,active,2025-11-18T12:00:00,
ENR00007578,USR006299,MINDGUARD,active,2025-11-20T04:00:00,
ENR00007579,USR006300,MINDGUARD,active,2025-10-15T13:00:00,
ENR00007580,USR006300,HEALTH_RESERVE,active,2025-10-04T18:00:00,
ENR00007581,USR006301,MINDGUARD,active,2025-11-03T13:00:00,
ENR00007582,USR006302,MINDGUARD,active,2025-10-18T16:00:00,
ENR00007583,USR006303,MINDGUARD,active,2025-10-14T23:00:00,
ENR00007584,USR006303,HEALTH_RESERVE,active,2025-10-09T19:00:00,
ENR00007585,USR006304,MINDGUARD,active,2025-12-24T14:00:00,
ENR00007586,USR006304,HEALTH_RESERVE,active,2025-12-29T15:00:00,
ENR00007587,USR006305,HEALTH_RESERVE,active,2025-10-28T21:00:00,
ENR00007588,USR006306,MINDGUARD,active,2025-12-27T23:00:00,
ENR00007589,USR006307,MINDGUARD,active,2025-10-21T18:00:00,
ENR00007590,USR006308,MINDGUARD,active,2025-11-02T20:00:00,
ENR00007591,USR006309,HEALTH_RESERVE,active,2026-01-28T22:00:00,
ENR00007592,USR006310,MINDGUARD,active,2025-12-16T18:00:00,
ENR00007593,USR006311,MINDGUARD,active,2026-02-21T23:00:00,
ENR00007594,USR006312,HEALTH_RESERVE,active,2025-12-13T03:00:00,
ENR00007595,USR006313,MINDGUARD,active,2026-02-03T09:00:00,
ENR00007596,USR006313,HEALTH_RESERVE,active,2026-02-12T16:00:00,
ENR00007597,USR006314,HEALTH_RESERVE,active,2025-11-22T23:00:00,
ENR00007598,USR006315,MINDGUARD,active,2025-11-12T18:00:00,
ENR00007599,USR006316,MINDGUARD,active,2026-02-06T01:00:00,
ENR00007600,USR006317,MINDGUARD,active,2026-02-03T01:00:00,
ENR00007601,USR006318,MINDGUARD,active,2025-11-08T01:00:00,
ENR00007602,USR006319,HEALTH_RESERVE,active,2026-01-14T04:00:00,
ENR00007603,USR006320,MINDGUARD,active,2026-02-05T08:00:00,
ENR00007604,USR006321,MINDGUARD,active,2025-09-29T11:00:00,
ENR00007605,USR006322,MINDGUARD,active,2025-12-16T04:00:00,
ENR00007606,USR006322,HEALTH_RESERVE,active,2025-12-12T11:00:00,
ENR00007607,USR006323,MINDGUARD,active,2026-01-27T08:00:00,
ENR00007608,USR006324,HEALTH_RESERVE,active,2025-12-22T15:00:00,
ENR00007609,USR006325,MINDGUARD,active,2025-10-20T19:00:00,
ENR00007610,USR006326,HEALTH_RESERVE,active,2025-12-08T22:00:00,
ENR00007611,USR006327,MINDGUARD,active,2025-09-25T04:00:00,
ENR00007612,USR006328,MINDGUARD,active,2025-11-18T05:00:00,
ENR00007613,USR006328,HEALTH_RESERVE,active,2025-11-14T07:00:00,
ENR00007614,USR006329,MINDGUARD,active,2025-11-11T17:00:00,
ENR00007615,USR006330,MINDGUARD,active,2025-11-23T09:00:00,
ENR00007616,USR006330,HEALTH_RESERVE,active,2025-11-23T04:00:00,
ENR00007617,USR006331,HEALTH_RESERVE,active,2026-02-06T12:00:00,
ENR00007618,USR006332,MINDGUARD,active,2025-11-04T10:00:00,
ENR00007619,USR006333,HEALTH_RESERVE,active,2025-10-16T07:00:00,
ENR00007620,USR006334,MINDGUARD,active,2025-09-30T01:00:00,
ENR00007621,USR006334,HEALTH_RESERVE,active,2025-10-05T22:00:00,
ENR00007622,USR006335,MINDGUARD,active,2025-10-27T03:00:00,
ENR00007623,USR006336,MINDGUARD,active,2025-11-08T07:00:00,
ENR00007624,USR006336,HEALTH_RESERVE,active,2025-11-01T03:00:00,
ENR00007625,USR006337,HEALTH_RESERVE,active,2025-11-12T09:00:00,
ENR00007626,USR006338,HEALTH_RESERVE,active,2025-11-02T03:00:00,
ENR00007627,USR006339,HEALTH_RESERVE,active,2025-11-28T15:00:00,
ENR00007628,USR006340,HEALTH_RESERVE,active,2025-10-05T16:00:00,
ENR00007629,USR006341,HEALTH_RESERVE,active,2025-09-18T01:00:00,
ENR00007630,USR006342,MINDGUARD,active,2025-10-16T15:00:00,
ENR00007631,USR006343,MINDGUARD,active,2025-11-26T20:00:00,
ENR00007632,USR006344,MINDGUARD,active,2025-10-14T13:00:00,
ENR00007633,USR006344,HEALTH_RESERVE,active,2025-10-08T13:00:00,
ENR00007634,USR006345,MINDGUARD,active,2025-11-29T12:00:00,
ENR00007635,USR006346,MINDGUARD,active,2025-11-03T19:00:00,
ENR00007636,USR006346,HEALTH_RESERVE,active,2025-11-06T21:00:00,
ENR00007637,USR006347,MINDGUARD,active,2026-02-04T18:00:00,
ENR00007638,USR006348,MINDGUARD,active,2026-02-05T00:00:00,
ENR00007639,USR006349,MINDGUARD,active,2025-11-19T00:00:00,
ENR00007640,USR006349,HEALTH_RESERVE,active,2025-11-13T01:00:00,
ENR00007641,USR006350,MINDGUARD,active,2025-12-29T11:00:00,
ENR00007642,USR006351,MINDGUARD,active,2025-12-01T16:00:00,
ENR00007643,USR006352,HEALTH_RESERVE,active,2025-10-26T12:00:00,
ENR00007644,USR006353,MINDGUARD,active,2026-01-11T15:00:00,
ENR00007645,USR006354,MINDGUARD,active,2026-01-12T19:00:00,
ENR00007646,USR006354,HEALTH_RESERVE,active,2026-01-17T09:00:00,
ENR00007647,USR006355,MINDGUARD,active,2025-11-21T17:00:00,
ENR00007648,USR006356,MINDGUARD,active,2025-11-17T00:00:00,
ENR00007649,USR006357,MINDGUARD,active,2026-01-01T11:00:00,
ENR00007650,USR006358,MINDGUARD,active,2025-09-22T10:00:00,
ENR00007651,USR006359,MINDGUARD,active,2026-01-05T06:00:00,
ENR00007652,USR006360,HEALTH_RESERVE,active,2025-11-17T13:00:00,
ENR00007653,USR006361,MINDGUARD,active,2025-11-13T22:00:00,
ENR00007654,USR006361,HEALTH_RESERVE,active,2025-11-13T18:00:00,
ENR00007655,USR006362,MINDGUARD,active,2025-11-22T10:00:00,
ENR00007656,USR006363,HEALTH_RESERVE,active,2026-02-01T15:00:00,
ENR00007657,USR006364,MINDGUARD,active,2025-12-05T21:00:00,
ENR00007658,USR006365,HEALTH_RESERVE,active,2026-01-12T13:00:00,
ENR00007659,USR006366,MINDGUARD,active,2025-12-30T05:00:00,
ENR00007660,USR006367,MINDGUARD,active,2025-11-24T01:00:00,
ENR00007661,USR006368,MINDGUARD,active,2025-11-11T20:00:00,
ENR00007662,USR006369,HEALTH_RESERVE,active,2026-01-08T04:00:00,
ENR00007663,USR006370,MINDGUARD,active,2025-10-26T04:00:00,
ENR00007664,USR006371,HEALTH_RESERVE,active,2025-11-11T04:00:00,
ENR00007665,USR006372,MINDGUARD,active,2025-12-15T05:00:00,
ENR00007666,USR006373,MINDGUARD,active,2025-12-03T23:00:00,
ENR00007667,USR006374,MINDGUARD,active,2025-09-27T09:00:00,
ENR00007668,USR006375,HEALTH_RESERVE,active,2025-09-28T12:00:00,
ENR00007669,USR006376,MINDGUARD,active,2025-11-16T08:00:00,
ENR00007670,USR006376,HEALTH_RESERVE,active,2025-11-14T10:00:00,
ENR00007671,USR006377,HEALTH_RESERVE,active,2025-09-27T12:00:00,
ENR00007672,USR006378,MINDGUARD,active,2025-11-09T15:00:00,
ENR00007673,USR006378,HEALTH_RESERVE,active,2025-11-10T10:00:00,
ENR00007674,USR006379,MINDGUARD,discontinued,2025-12-07T05:00:00,2026-05-18T05:07:00
ENR00007675,USR006380,MINDGUARD,active,2025-11-30T08:00:00,
ENR00007676,USR006381,HEALTH_RESERVE,active,2025-11-07T09:00:00,
ENR00007677,USR006382,HEALTH_RESERVE,active,2025-12-17T17:00:00,
ENR00007678,USR006383,MINDGUARD,active,2025-12-21T08:00:00,
ENR00007679,USR006384,MINDGUARD,active,2026-02-15T21:00:00,
ENR00007680,USR006385,MINDGUARD,active,2025-12-09T22:00:00,
ENR00007681,USR006385,HEALTH_RESERVE,active,2025-12-08T20:00:00,
ENR00007682,USR006386,HEALTH_RESERVE,active,2025-12-23T14:00:00,
ENR00007683,USR006387,MINDGUARD,active,2025-10-22T07:00:00,
ENR00007684,USR006388,MINDGUARD,active,2025-11-15T04:00:00,
ENR00007685,USR006389,MINDGUARD,active,2025-12-20T06:00:00,
ENR00007686,USR006390,MINDGUARD,active,2026-01-06T00:00:00,
ENR00007687,USR006391,MINDGUARD,active,2025-11-06T11:00:00,
ENR00007688,USR006392,HEALTH_RESERVE,active,2025-11-26T15:00:00,
ENR00007689,USR006393,MINDGUARD,active,2025-10-14T09:00:00,
ENR00007690,USR006393,HEALTH_RESERVE,active,2025-10-16T22:00:00,
ENR00007691,USR006394,MINDGUARD,active,2026-01-02T21:00:00,
ENR00007692,USR006395,MINDGUARD,active,2025-12-28T05:00:00,
ENR00007693,USR006396,HEALTH_RESERVE,active,2025-10-18T11:00:00,
ENR00007694,USR006397,MINDGUARD,active,2025-10-22T21:00:00,
ENR00007695,USR006398,MINDGUARD,active,2025-11-17T21:00:00,
ENR00007696,USR006399,MINDGUARD,active,2025-10-27T22:00:00,
ENR00007697,USR006399,HEALTH_RESERVE,active,2025-10-17T22:00:00,
ENR00007698,USR006400,MINDGUARD,active,2025-10-24T07:00:00,
ENR00007699,USR006401,MINDGUARD,active,2025-11-21T10:00:00,
ENR00007700,USR006402,MINDGUARD,active,2026-02-03T22:00:00,
ENR00007701,USR006403,HEALTH_RESERVE,active,2026-01-04T07:00:00,
ENR00007702,USR006404,MINDGUARD,active,2025-11-23T04:00:00,
ENR00007703,USR006404,HEALTH_RESERVE,active,2025-11-22T04:00:00,
ENR00007704,USR006405,MINDGUARD,active,2025-12-30T00:00:00,
ENR00007705,USR006406,MINDGUARD,active,2025-12-08T21:00:00,
ENR00007706,USR006407,MINDGUARD,active,2025-09-28T16:00:00,
ENR00007707,USR006408,MINDGUARD,active,2025-10-15T22:00:00,
ENR00007708,USR006409,MINDGUARD,active,2025-10-13T11:00:00,
ENR00007709,USR006410,MINDGUARD,active,2026-01-18T09:00:00,
ENR00007710,USR006411,MINDGUARD,active,2025-10-18T16:00:00,
ENR00007711,USR006412,HEALTH_RESERVE,active,2025-11-23T21:00:00,
ENR00007712,USR006413,MINDGUARD,active,2026-02-02T03:00:00,
ENR00007713,USR006414,MINDGUARD,discontinued,2026-01-13T01:00:00,2026-07-23T02:02:00
ENR00007714,USR006415,HEALTH_RESERVE,active,2025-12-28T09:00:00,
ENR00007715,USR006416,HEALTH_RESERVE,active,2026-02-06T08:00:00,
ENR00007716,USR006417,MINDGUARD,active,2025-10-20T13:00:00,
ENR00007717,USR006418,MINDGUARD,active,2025-11-02T10:00:00,
ENR00007718,USR006419,MINDGUARD,active,2026-01-11T10:00:00,
ENR00007719,USR006420,MINDGUARD,active,2026-02-15T18:00:00,
ENR00007720,USR006421,MINDGUARD,active,2026-01-10T06:00:00,
ENR00007721,USR006422,MINDGUARD,active,2025-11-30T12:00:00,
ENR00007722,USR006423,MINDGUARD,active,2025-12-19T10:00:00,
ENR00007723,USR006424,MINDGUARD,active,2025-11-16T18:00:00,
ENR00007724,USR006425,MINDGUARD,active,2025-12-15T02:00:00,
ENR00007725,USR006425,HEALTH_RESERVE,active,2025-12-07T01:00:00,
ENR00007726,USR006426,MINDGUARD,active,2026-02-02T22:00:00,
ENR00007727,USR006427,MINDGUARD,active,2025-09-30T18:00:00,
ENR00007728,USR006428,MINDGUARD,active,2025-10-16T14:00:00,
ENR00007729,USR006429,MINDGUARD,active,2026-01-19T17:00:00,
ENR00007730,USR006430,MINDGUARD,active,2025-11-14T22:00:00,
ENR00007731,USR006430,HEALTH_RESERVE,active,2025-11-23T23:00:00,
ENR00007732,USR006431,HEALTH_RESERVE,active,2026-01-16T09:00:00,
ENR00007733,USR006432,MINDGUARD,active,2025-12-01T06:00:00,
ENR00007734,USR006433,MINDGUARD,active,2025-10-10T23:00:00,
ENR00007735,USR006434,MINDGUARD,active,2025-09-19T04:00:00,
ENR00007736,USR006435,MINDGUARD,active,2026-02-01T05:00:00,
ENR00007737,USR006436,MINDGUARD,active,2026-02-03T02:00:00,
ENR00007738,USR006437,MINDGUARD,active,2025-11-17T12:00:00,
ENR00007739,USR006438,MINDGUARD,active,2025-10-15T00:00:00,
ENR00007740,USR006439,MINDGUARD,active,2026-01-10T01:00:00,
ENR00007741,USR006440,MINDGUARD,active,2025-11-30T14:00:00,
ENR00007742,USR006441,MINDGUARD,active,2025-09-28T11:00:00,
ENR00007743,USR006442,MINDGUARD,active,2025-11-05T00:00:00,
ENR00007744,USR006443,HEALTH_RESERVE,active,2025-11-15T02:00:00,
ENR00007745,USR006444,MINDGUARD,active,2026-01-20T21:00:00,
ENR00007746,USR006444,HEALTH_RESERVE,active,2026-01-11T21:00:00,
ENR00007747,USR006445,HEALTH_RESERVE,active,2026-01-04T06:00:00,
ENR00007748,USR006446,MINDGUARD,active,2026-02-22T14:00:00,
ENR00007749,USR006446,HEALTH_RESERVE,active,2026-02-19T12:00:00,
ENR00007750,USR006447,MINDGUARD,active,2025-09-22T03:00:00,
ENR00007751,USR006448,HEALTH_RESERVE,active,2025-10-09T23:00:00,
ENR00007752,USR006449,HEALTH_RESERVE,active,2025-12-07T20:00:00,
ENR00007753,USR006450,MINDGUARD,active,2025-10-17T05:00:00,
ENR00007754,USR006451,MINDGUARD,active,2025-12-14T20:00:00,
ENR00007755,USR006452,MINDGUARD,active,2026-01-30T11:00:00,
ENR00007756,USR006452,HEALTH_RESERVE,active,2026-02-10T15:00:00,
ENR00007757,USR006453,HEALTH_RESERVE,active,2025-12-05T05:00:00,
ENR00007758,USR006454,MINDGUARD,active,2025-12-07T22:00:00,
ENR00007759,USR006455,MINDGUARD,active,2026-01-06T01:00:00,
ENR00007760,USR006456,MINDGUARD,active,2025-10-05T19:00:00,
ENR00007761,USR006457,MINDGUARD,active,2025-09-27T14:00:00,
ENR00007762,USR006458,MINDGUARD,active,2025-11-13T13:00:00,
ENR00007763,USR006459,MINDGUARD,active,2026-02-16T10:00:00,
ENR00007764,USR006459,HEALTH_RESERVE,active,2026-02-22T10:00:00,
ENR00007765,USR006460,MINDGUARD,active,2025-11-02T07:00:00,
ENR00007766,USR006461,MINDGUARD,active,2025-09-20T23:00:00,
ENR00007767,USR006462,MINDGUARD,active,2026-01-21T22:00:00,
ENR00007768,USR006463,MINDGUARD,active,2025-10-24T00:00:00,
ENR00007769,USR006464,MINDGUARD,active,2025-10-06T18:00:00,
ENR00007770,USR006465,MINDGUARD,active,2026-01-14T18:00:00,
ENR00007771,USR006466,MINDGUARD,active,2026-01-05T15:00:00,
ENR00007772,USR006467,MINDGUARD,active,2026-01-20T02:00:00,
ENR00007773,USR006468,MINDGUARD,active,2026-02-02T07:00:00,
ENR00007774,USR006469,MINDGUARD,active,2025-10-16T11:00:00,
ENR00007775,USR006470,MINDGUARD,active,2025-11-21T23:00:00,
ENR00007776,USR006471,MINDGUARD,active,2026-02-01T00:00:00,
ENR00007777,USR006471,HEALTH_RESERVE,active,2026-01-21T01:00:00,
ENR00007778,USR006472,MINDGUARD,active,2025-10-21T12:00:00,
ENR00007779,USR006473,MINDGUARD,active,2025-10-06T22:00:00,
ENR00007780,USR006474,MINDGUARD,active,2025-12-12T05:00:00,
ENR00007781,USR006474,HEALTH_RESERVE,active,2025-12-13T19:00:00,
ENR00007782,USR006475,HEALTH_RESERVE,active,2025-10-25T11:00:00,
ENR00007783,USR006476,HEALTH_RESERVE,active,2025-12-12T04:00:00,
ENR00007784,USR006477,MINDGUARD,active,2026-01-28T22:00:00,
ENR00007785,USR006478,MINDGUARD,active,2025-12-04T04:00:00,
ENR00007786,USR006479,MINDGUARD,active,2026-01-22T07:00:00,
ENR00007787,USR006480,MINDGUARD,active,2025-10-05T09:00:00,
ENR00007788,USR006481,MINDGUARD,active,2025-11-21T19:00:00,
ENR00007789,USR006482,MINDGUARD,active,2025-12-02T22:00:00,
ENR00007790,USR006483,MINDGUARD,active,2026-02-06T10:00:00,
ENR00007791,USR006484,HEALTH_RESERVE,active,2025-10-02T16:00:00,
ENR00007792,USR006485,MINDGUARD,active,2025-12-16T13:00:00,
ENR00007793,USR006486,HEALTH_RESERVE,active,2025-10-28T03:00:00,
ENR00007794,USR006487,HEALTH_RESERVE,active,2025-10-18T11:00:00,
ENR00007795,USR006488,MINDGUARD,active,2025-11-23T18:00:00,
ENR00007796,USR006488,HEALTH_RESERVE,active,2025-11-29T15:00:00,
ENR00007797,USR006489,MINDGUARD,active,2025-12-21T04:00:00,
ENR00007798,USR006490,MINDGUARD,discontinued,2025-11-18T00:00:00,2026-08-17T00:12:00
ENR00007799,USR006491,HEALTH_RESERVE,active,2026-01-20T18:00:00,
ENR00007800,USR006492,HEALTH_RESERVE,active,2025-11-29T01:00:00,
ENR00007801,USR006493,MINDGUARD,active,2025-10-21T17:00:00,
ENR00007802,USR006494,MINDGUARD,active,2025-10-23T12:00:00,
ENR00007803,USR006495,MINDGUARD,active,2025-10-04T01:00:00,
ENR00007804,USR006496,MINDGUARD,active,2025-11-24T01:00:00,
ENR00007805,USR006497,MINDGUARD,active,2025-10-07T23:00:00,
ENR00007806,USR006497,HEALTH_RESERVE,active,2025-10-09T16:00:00,
ENR00007807,USR006498,MINDGUARD,active,2025-12-27T20:00:00,
ENR00007808,USR006499,MINDGUARD,active,2025-10-02T10:00:00,
ENR00007809,USR006500,MINDGUARD,active,2025-10-24T22:00:00,
ENR00007810,USR006501,MINDGUARD,active,2026-02-04T11:00:00,
ENR00007811,USR006502,HEALTH_RESERVE,active,2025-12-20T04:00:00,
ENR00007812,USR006503,MINDGUARD,active,2025-10-13T08:00:00,
ENR00007813,USR006504,MINDGUARD,active,2025-09-28T08:00:00,
ENR00007814,USR006505,HEALTH_RESERVE,active,2025-11-21T12:00:00,
ENR00007815,USR006506,MINDGUARD,active,2025-09-28T21:00:00,
ENR00007816,USR006507,MINDGUARD,active,2026-02-08T20:00:00,
ENR00007817,USR006508,MINDGUARD,active,2025-10-13T05:00:00,
ENR00007818,USR006509,MINDGUARD,active,2026-01-07T05:00:00,
ENR00007819,USR006510,MINDGUARD,active,2025-10-01T13:00:00,
ENR00007820,USR006511,HEALTH_RESERVE,active,2025-12-27T03:00:00,
ENR00007821,USR006512,MINDGUARD,active,2025-12-08T07:00:00,
ENR00007822,USR006513,MINDGUARD,active,2026-01-10T15:00:00,
ENR00007823,USR006513,HEALTH_RESERVE,active,2026-01-15T11:00:00,
ENR00007824,USR006514,HEALTH_RESERVE,active,2025-12-27T23:00:00,
ENR00007825,USR006515,MINDGUARD,active,2025-10-27T16:00:00,
ENR00007826,USR006516,MINDGUARD,active,2025-11-14T08:00:00,
ENR00007827,USR006517,MINDGUARD,active,2026-02-11T14:00:00,
ENR00007828,USR006517,HEALTH_RESERVE,active,2026-02-06T20:00:00,
ENR00007829,USR006518,MINDGUARD,active,2025-12-06T04:00:00,
ENR00007830,USR006519,MINDGUARD,active,2025-11-24T11:00:00,
ENR00007831,USR006520,MINDGUARD,active,2025-11-14T21:00:00,
ENR00007832,USR006520,HEALTH_RESERVE,active,2025-11-10T21:00:00,
ENR00007833,USR006521,MINDGUARD,active,2025-11-11T10:00:00,
ENR00007834,USR006521,HEALTH_RESERVE,active,2025-11-07T11:00:00,
ENR00007835,USR006522,HEALTH_RESERVE,active,2025-11-22T06:00:00,
ENR00007836,USR006523,MINDGUARD,active,2025-11-02T18:00:00,
ENR00007837,USR006524,MINDGUARD,active,2026-01-01T13:00:00,
ENR00007838,USR006524,HEALTH_RESERVE,active,2026-01-07T17:00:00,
ENR00007839,USR006525,MINDGUARD,active,2025-11-08T21:00:00,
ENR00007840,USR006525,HEALTH_RESERVE,active,2025-11-09T16:00:00,
ENR00007841,USR006526,MINDGUARD,active,2025-10-14T12:00:00,
ENR00007842,USR006527,MINDGUARD,active,2026-02-05T16:00:00,
ENR00007843,USR006528,MINDGUARD,active,2026-02-01T15:00:00,
ENR00007844,USR006528,HEALTH_RESERVE,active,2026-02-01T11:00:00,
ENR00007845,USR006529,MINDGUARD,active,2025-12-18T01:00:00,
ENR00007846,USR006529,HEALTH_RESERVE,active,2025-12-13T02:00:00,
ENR00007847,USR006530,MINDGUARD,active,2026-02-13T06:00:00,
ENR00007848,USR006530,HEALTH_RESERVE,active,2026-02-15T14:00:00,
ENR00007849,USR006531,MINDGUARD,active,2025-10-15T02:00:00,
ENR00007850,USR006532,MINDGUARD,active,2025-11-08T11:00:00,
ENR00007851,USR006532,HEALTH_RESERVE,active,2025-11-09T06:00:00,
ENR00007852,USR006533,MINDGUARD,active,2025-10-04T04:00:00,
ENR00007853,USR006534,HEALTH_RESERVE,active,2026-02-13T11:00:00,
ENR00007854,USR006535,MINDGUARD,active,2025-10-18T10:00:00,
ENR00007855,USR006535,HEALTH_RESERVE,active,2025-10-19T08:00:00,
ENR00007856,USR006536,HEALTH_RESERVE,active,2026-02-17T05:00:00,
ENR00007857,USR006537,MINDGUARD,active,2025-09-17T01:00:00,
ENR00007858,USR006538,HEALTH_RESERVE,active,2025-11-12T13:00:00,
ENR00007859,USR006539,MINDGUARD,active,2025-11-10T07:00:00,
ENR00007860,USR006540,HEALTH_RESERVE,active,2026-01-10T15:00:00,
ENR00007861,USR006541,MINDGUARD,active,2025-11-28T22:00:00,
ENR00007862,USR006542,MINDGUARD,active,2026-01-15T16:00:00,
ENR00007863,USR006543,MINDGUARD,active,2026-02-04T12:00:00,
ENR00007864,USR006544,MINDGUARD,active,2025-09-23T21:00:00,
ENR00007865,USR006544,HEALTH_RESERVE,active,2025-09-21T17:00:00,
ENR00007866,USR006545,MINDGUARD,active,2026-01-19T00:00:00,
ENR00007867,USR006546,HEALTH_RESERVE,active,2025-12-22T21:00:00,
ENR00007868,USR006547,MINDGUARD,active,2025-10-21T15:00:00,
ENR00007869,USR006548,MINDGUARD,active,2025-12-29T18:00:00,
ENR00007870,USR006548,HEALTH_RESERVE,active,2025-12-31T13:00:00,
ENR00007871,USR006549,MINDGUARD,active,2025-12-24T08:00:00,
ENR00007872,USR006549,HEALTH_RESERVE,active,2025-12-14T15:00:00,
ENR00007873,USR006550,MINDGUARD,active,2025-11-30T08:00:00,
ENR00007874,USR006550,HEALTH_RESERVE,active,2025-12-06T01:00:00,
ENR00007875,USR006551,HEALTH_RESERVE,active,2026-02-11T18:00:00,
ENR00007876,USR006552,MINDGUARD,active,2025-12-31T02:00:00,
ENR00007877,USR006553,MINDGUARD,active,2025-09-24T18:00:00,
ENR00007878,USR006554,MINDGUARD,active,2025-12-07T17:00:00,
ENR00007879,USR006554,HEALTH_RESERVE,active,2025-12-07T19:00:00,
ENR00007880,USR006555,MINDGUARD,active,2025-10-27T11:00:00,
ENR00007881,USR006556,MINDGUARD,active,2025-12-16T15:00:00,
ENR00007882,USR006557,MINDGUARD,active,2025-11-15T00:00:00,
ENR00007883,USR006558,HEALTH_RESERVE,active,2025-12-04T18:00:00,
ENR00007884,USR006559,HEALTH_RESERVE,active,2025-10-20T18:00:00,
ENR00007885,USR006560,MINDGUARD,active,2025-11-30T06:00:00,
ENR00007886,USR006561,MINDGUARD,active,2025-09-23T04:00:00,
ENR00007887,USR006562,MINDGUARD,active,2025-12-30T20:00:00,
ENR00007888,USR006563,MINDGUARD,active,2026-01-17T19:00:00,
ENR00007889,USR006564,HEALTH_RESERVE,active,2025-12-04T07:00:00,
ENR00007890,USR006565,MINDGUARD,active,2025-10-01T14:00:00,
ENR00007891,USR006566,MINDGUARD,active,2026-02-13T19:00:00,
ENR00007892,USR006567,MINDGUARD,active,2026-01-16T21:00:00,
ENR00007893,USR006568,MINDGUARD,active,2025-11-29T07:00:00,
ENR00007894,USR006568,HEALTH_RESERVE,active,2025-11-30T07:00:00,
ENR00007895,USR006569,MINDGUARD,active,2025-12-01T10:00:00,
ENR00007896,USR006569,HEALTH_RESERVE,active,2025-12-05T01:00:00,
ENR00007897,USR006570,MINDGUARD,active,2025-10-05T11:00:00,
ENR00007898,USR006571,HEALTH_RESERVE,active,2026-01-31T03:00:00,
ENR00007899,USR006572,MINDGUARD,active,2025-10-03T15:00:00,
ENR00007900,USR006573,MINDGUARD,active,2026-01-25T19:00:00,
ENR00007901,USR006574,MINDGUARD,active,2025-09-19T22:00:00,
ENR00007902,USR006575,MINDGUARD,active,2026-01-23T15:00:00,
ENR00007903,USR006575,HEALTH_RESERVE,active,2026-01-20T18:00:00,
ENR00007904,USR006576,MINDGUARD,active,2026-01-18T04:00:00,
ENR00007905,USR006576,HEALTH_RESERVE,active,2026-01-28T15:00:00,
ENR00007906,USR006577,MINDGUARD,active,2026-01-12T02:00:00,
ENR00007907,USR006578,MINDGUARD,active,2026-01-09T16:00:00,
ENR00007908,USR006579,HEALTH_RESERVE,active,2025-09-27T05:00:00,
ENR00007909,USR006580,MINDGUARD,active,2026-02-03T07:00:00,
ENR00007910,USR006581,MINDGUARD,active,2025-11-06T07:00:00,
ENR00007911,USR006581,HEALTH_RESERVE,active,2025-11-06T04:00:00,
ENR00007912,USR006582,MINDGUARD,active,2025-10-25T18:00:00,
ENR00007913,USR006582,HEALTH_RESERVE,active,2025-10-12T14:00:00,
ENR00007914,USR006583,MINDGUARD,discontinued,2025-12-26T13:00:00,2026-08-28T13:57:00
ENR00007915,USR006584,HEALTH_RESERVE,active,2025-10-12T05:00:00,
ENR00007916,USR006585,MINDGUARD,active,2025-11-29T03:00:00,
ENR00007917,USR006586,MINDGUARD,active,2025-11-27T00:00:00,
ENR00007918,USR006586,HEALTH_RESERVE,active,2025-11-26T04:00:00,
ENR00007919,USR006587,MINDGUARD,active,2025-11-20T21:00:00,
ENR00007920,USR006588,MINDGUARD,active,2025-12-15T22:00:00,
ENR00007921,USR006589,MINDGUARD,active,2025-09-18T22:00:00,
ENR00007922,USR006590,MINDGUARD,active,2025-10-04T00:00:00,
ENR00007923,USR006591,MINDGUARD,active,2026-01-08T14:00:00,
ENR00007924,USR006591,HEALTH_RESERVE,active,2026-01-08T11:00:00,
ENR00007925,USR006592,MINDGUARD,active,2025-12-22T23:00:00,
ENR00007926,USR006592,HEALTH_RESERVE,active,2025-12-23T23:00:00,
ENR00007927,USR006593,MINDGUARD,active,2026-01-25T09:00:00,
ENR00007928,USR006593,HEALTH_RESERVE,active,2026-01-30T03:00:00,
ENR00007929,USR006594,MINDGUARD,active,2026-01-20T11:00:00,
ENR00007930,USR006595,MINDGUARD,active,2026-01-20T03:00:00,
ENR00007931,USR006595,HEALTH_RESERVE,active,2026-01-22T10:00:00,
ENR00007932,USR006596,MINDGUARD,active,2025-11-15T13:00:00,
ENR00007933,USR006597,MINDGUARD,active,2025-10-05T14:00:00,
ENR00007934,USR006598,HEALTH_RESERVE,active,2025-10-23T20:00:00,
ENR00007935,USR006599,MINDGUARD,active,2026-01-07T14:00:00,
ENR00007936,USR006600,MINDGUARD,active,2025-10-20T10:00:00,
ENR00007937,USR006601,MINDGUARD,discontinued,2025-11-19T20:00:00,2026-05-23T21:22:00
ENR00007938,USR006602,MINDGUARD,active,2025-11-29T18:00:00,
ENR00007939,USR006603,MINDGUARD,active,2025-11-04T17:00:00,
ENR00007940,USR006604,MINDGUARD,active,2026-01-18T15:00:00,
ENR00007941,USR006605,MINDGUARD,active,2025-09-24T02:00:00,
ENR00007942,USR006606,MINDGUARD,active,2026-02-13T19:00:00,
ENR00007943,USR006607,MINDGUARD,active,2026-01-09T07:00:00,
ENR00007944,USR006607,HEALTH_RESERVE,active,2026-01-10T08:00:00,
ENR00007945,USR006608,MINDGUARD,active,2025-11-28T21:00:00,
ENR00007946,USR006608,HEALTH_RESERVE,active,2025-12-06T19:00:00,
ENR00007947,USR006609,MINDGUARD,active,2025-10-25T06:00:00,
ENR00007948,USR006610,MINDGUARD,active,2025-10-18T06:00:00,
ENR00007949,USR006611,MINDGUARD,active,2025-09-22T19:00:00,
ENR00007950,USR006611,HEALTH_RESERVE,active,2025-10-03T11:00:00,
ENR00007951,USR006612,MINDGUARD,active,2026-01-26T01:00:00,
ENR00007952,USR006613,MINDGUARD,active,2025-11-24T20:00:00,
ENR00007953,USR006614,HEALTH_RESERVE,active,2025-12-20T17:00:00,
ENR00007954,USR006615,HEALTH_RESERVE,active,2025-10-01T09:00:00,
ENR00007955,USR006616,MINDGUARD,active,2025-09-30T09:00:00,
ENR00007956,USR006617,MINDGUARD,active,2025-09-16T14:00:00,
ENR00007957,USR006618,MINDGUARD,active,2026-01-23T02:00:00,
ENR00007958,USR006618,HEALTH_RESERVE,active,2026-01-15T08:00:00,
ENR00007959,USR006619,MINDGUARD,active,2025-11-22T22:00:00,
ENR00007960,USR006620,MINDGUARD,active,2025-12-14T14:00:00,
ENR00007961,USR006621,MINDGUARD,active,2025-12-18T11:00:00,
ENR00007962,USR006622,MINDGUARD,active,2025-10-01T04:00:00,
ENR00007963,USR006622,HEALTH_RESERVE,active,2025-10-12T06:00:00,
ENR00007964,USR006623,HEALTH_RESERVE,active,2026-01-07T06:00:00,
ENR00007965,USR006624,MINDGUARD,active,2026-01-29T23:00:00,
ENR00007966,USR006625,MINDGUARD,active,2025-12-12T19:00:00,
ENR00007967,USR006626,MINDGUARD,active,2025-09-27T03:00:00,
ENR00007968,USR006627,MINDGUARD,active,2025-11-13T22:00:00,
ENR00007969,USR006628,MINDGUARD,active,2026-01-03T01:00:00,
ENR00007970,USR006629,MINDGUARD,active,2025-12-28T12:00:00,
ENR00007971,USR006629,HEALTH_RESERVE,active,2025-12-27T15:00:00,
ENR00007972,USR006630,MINDGUARD,active,2025-09-22T22:00:00,
ENR00007973,USR006630,HEALTH_RESERVE,active,2025-09-17T01:00:00,
ENR00007974,USR006631,HEALTH_RESERVE,active,2025-10-23T21:00:00,
ENR00007975,USR006632,MINDGUARD,active,2026-01-03T15:00:00,
ENR00007976,USR006633,HEALTH_RESERVE,active,2025-10-11T08:00:00,
ENR00007977,USR006634,MINDGUARD,active,2025-11-06T05:00:00,
ENR00007978,USR006635,HEALTH_RESERVE,active,2025-09-28T15:00:00,
ENR00007979,USR006636,MINDGUARD,active,2025-10-25T07:00:00,
ENR00007980,USR006637,MINDGUARD,active,2026-02-15T06:00:00,
ENR00007981,USR006638,MINDGUARD,active,2025-12-21T10:00:00,
ENR00007982,USR006639,MINDGUARD,active,2025-09-28T19:00:00,
ENR00007983,USR006640,HEALTH_RESERVE,active,2025-12-10T03:00:00,
ENR00007984,USR006641,MINDGUARD,active,2026-02-11T07:00:00,
ENR00007985,USR006642,MINDGUARD,active,2026-01-11T09:00:00,
ENR00007986,USR006643,MINDGUARD,active,2025-09-21T22:00:00,
ENR00007987,USR006643,HEALTH_RESERVE,active,2025-09-22T06:00:00,
ENR00007988,USR006644,HEALTH_RESERVE,active,2025-09-28T18:00:00,
ENR00007989,USR006645,MINDGUARD,active,2025-10-01T09:00:00,
ENR00007990,USR006645,HEALTH_RESERVE,active,2025-09-28T13:00:00,
ENR00007991,USR006646,MINDGUARD,active,2025-10-05T09:00:00,
ENR00007992,USR006646,HEALTH_RESERVE,active,2025-09-29T14:00:00,
ENR00007993,USR006647,MINDGUARD,active,2025-11-24T08:00:00,
ENR00007994,USR006647,HEALTH_RESERVE,active,2025-11-22T13:00:00,
ENR00007995,USR006648,HEALTH_RESERVE,active,2025-11-04T04:00:00,
ENR00007996,USR006649,MINDGUARD,active,2026-02-21T20:00:00,
ENR00007997,USR006650,MINDGUARD,active,2025-12-24T13:00:00,
ENR00007998,USR006651,HEALTH_RESERVE,active,2025-10-25T17:00:00,
ENR00007999,USR006652,MINDGUARD,discontinued,2025-12-01T14:00:00,2026-05-03T14:56:00
ENR00008000,USR006652,HEALTH_RESERVE,active,2025-11-23T13:00:00,
ENR00008001,USR006653,MINDGUARD,active,2025-10-18T08:00:00,
ENR00008002,USR006654,MINDGUARD,active,2025-12-25T07:00:00,
ENR00008003,USR006655,MINDGUARD,active,2025-12-31T14:00:00,
ENR00008004,USR006656,HEALTH_RESERVE,active,2025-09-28T05:00:00,
ENR00008005,USR006657,MINDGUARD,active,2025-11-03T23:00:00,
ENR00008006,USR006657,HEALTH_RESERVE,active,2025-10-31T19:00:00,
ENR00008007,USR006658,MINDGUARD,active,2025-10-07T15:00:00,
ENR00008008,USR006659,MINDGUARD,active,2025-11-09T11:00:00,
ENR00008009,USR006659,HEALTH_RESERVE,active,2025-11-01T11:00:00,
ENR00008010,USR006660,MINDGUARD,active,2026-02-18T05:00:00,
ENR00008011,USR006661,MINDGUARD,active,2026-01-31T18:00:00,
ENR00008012,USR006662,HEALTH_RESERVE,active,2026-02-08T18:00:00,
ENR00008013,USR006663,MINDGUARD,active,2025-11-10T04:00:00,
ENR00008014,USR006664,MINDGUARD,active,2025-12-31T15:00:00,
ENR00008015,USR006665,HEALTH_RESERVE,active,2026-01-07T17:00:00,
ENR00008016,USR006666,MINDGUARD,active,2025-12-22T08:00:00,
ENR00008017,USR006667,MINDGUARD,active,2025-12-21T12:00:00,
ENR00008018,USR006668,MINDGUARD,active,2026-01-25T10:00:00,
ENR00008019,USR006669,MINDGUARD,active,2026-01-01T04:00:00,
ENR00008020,USR006670,MINDGUARD,active,2025-12-08T19:00:00,
ENR00008021,USR006671,HEALTH_RESERVE,active,2025-11-20T08:00:00,
ENR00008022,USR006672,MINDGUARD,active,2025-11-06T23:00:00,
ENR00008023,USR006673,MINDGUARD,active,2025-12-16T09:00:00,
ENR00008024,USR006674,MINDGUARD,active,2026-02-06T08:00:00,
ENR00008025,USR006674,HEALTH_RESERVE,active,2026-02-11T12:00:00,
ENR00008026,USR006675,HEALTH_RESERVE,active,2025-12-10T14:00:00,
ENR00008027,USR006676,MINDGUARD,active,2025-11-10T03:00:00,
ENR00008028,USR006676,HEALTH_RESERVE,active,2025-11-09T05:00:00,
ENR00008029,USR006677,HEALTH_RESERVE,active,2025-09-22T04:00:00,
ENR00008030,USR006678,HEALTH_RESERVE,active,2025-12-05T11:00:00,
ENR00008031,USR006679,MINDGUARD,active,2025-09-19T22:00:00,
ENR00008032,USR006680,MINDGUARD,active,2025-09-28T23:00:00,
ENR00008033,USR006681,MINDGUARD,active,2025-11-18T03:00:00,
ENR00008034,USR006682,MINDGUARD,active,2026-01-07T23:00:00,
ENR00008035,USR006683,HEALTH_RESERVE,active,2025-10-26T03:00:00,
ENR00008036,USR006684,MINDGUARD,active,2025-11-21T01:00:00,
ENR00008037,USR006684,HEALTH_RESERVE,active,2025-11-21T09:00:00,
ENR00008038,USR006685,MINDGUARD,active,2025-10-21T22:00:00,
ENR00008039,USR006685,HEALTH_RESERVE,active,2025-10-29T05:00:00,
ENR00008040,USR006686,MINDGUARD,active,2025-10-09T15:00:00,
ENR00008041,USR006687,MINDGUARD,active,2026-02-01T08:00:00,
ENR00008042,USR006688,MINDGUARD,active,2026-02-23T07:00:00,
ENR00008043,USR006689,MINDGUARD,active,2025-10-03T14:00:00,
ENR00008044,USR006689,HEALTH_RESERVE,active,2025-10-08T12:00:00,
ENR00008045,USR006690,MINDGUARD,active,2025-12-28T11:00:00,
ENR00008046,USR006691,HEALTH_RESERVE,active,2025-11-20T08:00:00,
ENR00008047,USR006692,MINDGUARD,active,2025-09-30T12:00:00,
ENR00008048,USR006692,HEALTH_RESERVE,active,2025-10-05T14:00:00,
ENR00008049,USR006693,MINDGUARD,active,2026-02-09T23:00:00,
ENR00008050,USR006694,MINDGUARD,active,2025-10-19T17:00:00,
ENR00008051,USR006695,MINDGUARD,active,2026-01-18T07:00:00,
ENR00008052,USR006695,HEALTH_RESERVE,active,2026-01-14T06:00:00,
ENR00008053,USR006696,MINDGUARD,active,2026-01-17T15:00:00,
ENR00008054,USR006696,HEALTH_RESERVE,active,2026-01-19T19:00:00,
ENR00008055,USR006697,MINDGUARD,active,2025-11-15T05:00:00,
ENR00008056,USR006698,HEALTH_RESERVE,active,2025-11-16T22:00:00,
ENR00008057,USR006699,HEALTH_RESERVE,active,2025-10-12T00:00:00,
ENR00008058,USR006700,MINDGUARD,active,2026-01-22T05:00:00,
ENR00008059,USR006701,MINDGUARD,active,2026-01-01T08:00:00,
ENR00008060,USR006701,HEALTH_RESERVE,active,2025-12-27T14:00:00,
ENR00008061,USR006702,MINDGUARD,active,2025-10-10T13:00:00,
ENR00008062,USR006703,MINDGUARD,active,2026-01-11T23:00:00,
ENR00008063,USR006703,HEALTH_RESERVE,active,2026-01-19T22:00:00,
ENR00008064,USR006704,HEALTH_RESERVE,active,2025-12-03T17:00:00,
ENR00008065,USR006705,HEALTH_RESERVE,active,2026-02-17T13:00:00,
ENR00008066,USR006706,MINDGUARD,active,2026-01-20T07:00:00,
ENR00008067,USR006707,MINDGUARD,active,2025-10-30T02:00:00,
ENR00008068,USR006708,HEALTH_RESERVE,active,2025-10-16T06:00:00,
ENR00008069,USR006709,MINDGUARD,active,2026-01-30T13:00:00,
ENR00008070,USR006710,HEALTH_RESERVE,active,2025-11-13T20:00:00,
ENR00008071,USR006711,MINDGUARD,active,2025-12-05T12:00:00,
ENR00008072,USR006712,MINDGUARD,active,2026-01-26T05:00:00,
ENR00008073,USR006713,HEALTH_RESERVE,active,2026-01-23T20:00:00,
ENR00008074,USR006714,MINDGUARD,active,2025-10-04T16:00:00,
ENR00008075,USR006715,MINDGUARD,active,2026-02-03T06:00:00,
ENR00008076,USR006716,MINDGUARD,active,2025-12-23T16:00:00,
ENR00008077,USR006717,MINDGUARD,active,2026-01-19T05:00:00,
ENR00008078,USR006717,HEALTH_RESERVE,active,2026-01-17T05:00:00,
ENR00008079,USR006718,MINDGUARD,active,2026-01-29T04:00:00,
ENR00008080,USR006719,HEALTH_RESERVE,active,2025-12-23T02:00:00,
ENR00008081,USR006720,MINDGUARD,active,2026-01-23T20:00:00,
ENR00008082,USR006721,MINDGUARD,active,2025-11-03T18:00:00,
ENR00008083,USR006722,HEALTH_RESERVE,active,2025-12-19T08:00:00,
ENR00008084,USR006723,MINDGUARD,active,2025-10-05T17:00:00,
ENR00008085,USR006724,MINDGUARD,active,2025-10-07T16:00:00,
ENR00008086,USR006725,HEALTH_RESERVE,active,2026-01-03T10:00:00,
ENR00008087,USR006726,MINDGUARD,active,2025-10-11T00:00:00,
ENR00008088,USR006727,MINDGUARD,active,2025-11-16T17:00:00,
ENR00008089,USR006727,HEALTH_RESERVE,active,2025-11-27T00:00:00,
ENR00008090,USR006728,MINDGUARD,active,2026-01-19T15:00:00,
ENR00008091,USR006729,MINDGUARD,active,2025-12-14T15:00:00,
ENR00008092,USR006730,MINDGUARD,active,2025-12-18T22:00:00,
ENR00008093,USR006730,HEALTH_RESERVE,active,2025-12-17T00:00:00,
ENR00008094,USR006731,MINDGUARD,active,2025-10-21T04:00:00,
ENR00008095,USR006732,MINDGUARD,active,2026-01-10T18:00:00,
ENR00008096,USR006733,HEALTH_RESERVE,active,2026-01-30T13:00:00,
ENR00008097,USR006734,MINDGUARD,active,2025-10-09T02:00:00,
ENR00008098,USR006735,MINDGUARD,active,2025-09-19T11:00:00,
ENR00008099,USR006736,MINDGUARD,active,2025-10-22T00:00:00,
ENR00008100,USR006737,MINDGUARD,active,2025-11-05T10:00:00,
ENR00008101,USR006738,HEALTH_RESERVE,active,2025-10-26T23:00:00,
ENR00008102,USR006739,MINDGUARD,active,2025-10-23T06:00:00,
ENR00008103,USR006740,HEALTH_RESERVE,active,2025-12-19T14:00:00,
ENR00008104,USR006741,MINDGUARD,active,2025-11-07T09:00:00,
ENR00008105,USR006742,MINDGUARD,active,2025-09-29T19:00:00,
ENR00008106,USR006743,MINDGUARD,active,2025-09-24T23:00:00,
ENR00008107,USR006744,HEALTH_RESERVE,active,2025-10-10T08:00:00,
ENR00008108,USR006745,MINDGUARD,active,2026-02-12T15:00:00,
ENR00008109,USR006746,MINDGUARD,active,2025-10-29T14:00:00,
ENR00008110,USR006746,HEALTH_RESERVE,active,2025-10-23T18:00:00,
ENR00008111,USR006747,MINDGUARD,active,2026-01-12T03:00:00,
ENR00008112,USR006747,HEALTH_RESERVE,active,2026-01-07T00:00:00,
ENR00008113,USR006748,MINDGUARD,active,2026-01-18T01:00:00,
ENR00008114,USR006749,MINDGUARD,active,2026-01-21T02:00:00,
ENR00008115,USR006750,MINDGUARD,active,2025-11-10T22:00:00,
ENR00008116,USR006751,HEALTH_RESERVE,active,2026-01-01T10:00:00,
ENR00008117,USR006752,MINDGUARD,active,2025-12-29T14:00:00,
ENR00008118,USR006753,MINDGUARD,active,2026-02-13T13:00:00,
ENR00008119,USR006754,MINDGUARD,active,2025-12-06T15:00:00,
ENR00008120,USR006755,MINDGUARD,active,2025-10-19T10:00:00,
ENR00008121,USR006756,MINDGUARD,active,2025-12-13T18:00:00,
ENR00008122,USR006757,MINDGUARD,active,2026-01-10T01:00:00,
ENR00008123,USR006758,MINDGUARD,active,2025-10-25T00:00:00,
ENR00008124,USR006759,MINDGUARD,active,2025-11-26T09:00:00,
ENR00008125,USR006760,MINDGUARD,active,2025-11-21T11:00:00,
ENR00008126,USR006761,MINDGUARD,active,2025-10-21T19:00:00,
ENR00008127,USR006762,MINDGUARD,active,2025-09-25T08:00:00,
ENR00008128,USR006763,HEALTH_RESERVE,active,2026-01-18T23:00:00,
ENR00008129,USR006764,MINDGUARD,active,2026-02-06T09:00:00,
ENR00008130,USR006765,MINDGUARD,active,2025-12-16T00:00:00,
ENR00008131,USR006766,MINDGUARD,active,2025-10-02T23:00:00,
ENR00008132,USR006767,MINDGUARD,active,2025-11-20T16:00:00,
ENR00008133,USR006768,MINDGUARD,active,2026-01-17T06:00:00,
ENR00008134,USR006768,HEALTH_RESERVE,active,2026-01-28T05:00:00,
ENR00008135,USR006769,HEALTH_RESERVE,active,2026-02-03T03:00:00,
ENR00008136,USR006770,MINDGUARD,active,2025-11-18T18:00:00,
ENR00008137,USR006771,MINDGUARD,active,2025-10-24T10:00:00,
ENR00008138,USR006772,HEALTH_RESERVE,active,2025-09-17T10:00:00,
ENR00008139,USR006773,MINDGUARD,active,2026-01-28T22:00:00,
ENR00008140,USR006774,MINDGUARD,active,2026-01-10T07:00:00,
ENR00008141,USR006775,MINDGUARD,active,2025-10-12T04:00:00,
ENR00008142,USR006776,MINDGUARD,active,2025-11-20T03:00:00,
ENR00008143,USR006777,HEALTH_RESERVE,active,2025-10-15T23:00:00,
ENR00008144,USR006778,MINDGUARD,active,2026-02-21T05:00:00,
ENR00008145,USR006779,MINDGUARD,active,2025-10-21T04:00:00,
ENR00008146,USR006779,HEALTH_RESERVE,active,2025-10-18T01:00:00,
ENR00008147,USR006780,MINDGUARD,active,2025-11-24T17:00:00,
ENR00008148,USR006781,MINDGUARD,active,2025-12-10T14:00:00,
ENR00008149,USR006782,MINDGUARD,active,2025-12-06T16:00:00,
ENR00008150,USR006783,MINDGUARD,active,2025-12-18T12:00:00,
ENR00008151,USR006784,HEALTH_RESERVE,active,2026-01-17T03:00:00,
ENR00008152,USR006785,MINDGUARD,active,2025-10-17T08:00:00,
ENR00008153,USR006786,MINDGUARD,active,2025-10-06T04:00:00,
ENR00008154,USR006787,MINDGUARD,active,2025-10-27T13:00:00,
ENR00008155,USR006788,MINDGUARD,active,2025-09-23T06:00:00,
ENR00008156,USR006789,MINDGUARD,active,2025-11-13T15:00:00,
ENR00008157,USR006790,MINDGUARD,active,2026-01-08T07:00:00,
ENR00008158,USR006791,HEALTH_RESERVE,active,2025-11-28T19:00:00,
ENR00008159,USR006792,HEALTH_RESERVE,active,2025-10-16T09:00:00,
ENR00008160,USR006793,MINDGUARD,active,2026-01-20T04:00:00,
ENR00008161,USR006794,MINDGUARD,active,2025-10-12T00:00:00,
ENR00008162,USR006794,HEALTH_RESERVE,active,2025-10-16T10:00:00,
ENR00008163,USR006795,HEALTH_RESERVE,active,2025-10-13T18:00:00,
ENR00008164,USR006796,HEALTH_RESERVE,active,2025-12-22T18:00:00,
ENR00008165,USR006797,MINDGUARD,active,2026-01-13T06:00:00,
ENR00008166,USR006798,MINDGUARD,active,2025-10-02T16:00:00,
ENR00008167,USR006799,MINDGUARD,active,2026-02-17T17:00:00,
ENR00008168,USR006800,HEALTH_RESERVE,active,2026-01-11T07:00:00,
ENR00008169,USR006801,MINDGUARD,active,2025-12-20T01:00:00,
ENR00008170,USR006801,HEALTH_RESERVE,active,2025-12-13T01:00:00,
ENR00008171,USR006802,MINDGUARD,active,2025-11-01T15:00:00,
ENR00008172,USR006803,MINDGUARD,active,2026-02-08T20:00:00,
ENR00008173,USR006804,MINDGUARD,active,2025-12-17T05:00:00,
ENR00008174,USR006805,MINDGUARD,active,2025-12-10T01:00:00,
ENR00008175,USR006806,MINDGUARD,active,2025-12-10T12:00:00,
ENR00008176,USR006806,HEALTH_RESERVE,active,2025-12-12T12:00:00,
ENR00008177,USR006807,MINDGUARD,active,2025-11-10T20:00:00,
ENR00008178,USR006807,HEALTH_RESERVE,active,2025-11-12T20:00:00,
ENR00008179,USR006808,MINDGUARD,active,2025-10-15T20:00:00,
ENR00008180,USR006808,HEALTH_RESERVE,active,2025-10-13T00:00:00,
ENR00008181,USR006809,HEALTH_RESERVE,active,2025-11-09T04:00:00,
ENR00008182,USR006810,MINDGUARD,active,2026-01-25T04:00:00,
ENR00008183,USR006811,HEALTH_RESERVE,active,2025-11-11T13:00:00,
ENR00008184,USR006812,MINDGUARD,active,2025-10-12T02:00:00,
ENR00008185,USR006813,MINDGUARD,active,2025-12-29T15:00:00,
ENR00008186,USR006813,HEALTH_RESERVE,active,2025-12-21T08:00:00,
ENR00008187,USR006814,MINDGUARD,active,2025-10-22T07:00:00,
ENR00008188,USR006814,HEALTH_RESERVE,active,2025-10-16T03:00:00,
ENR00008189,USR006815,MINDGUARD,active,2025-12-12T14:00:00,
ENR00008190,USR006816,MINDGUARD,active,2025-11-10T10:00:00,
ENR00008191,USR006816,HEALTH_RESERVE,active,2025-11-16T10:00:00,
ENR00008192,USR006817,MINDGUARD,active,2025-10-23T21:00:00,
ENR00008193,USR006817,HEALTH_RESERVE,active,2025-11-03T00:00:00,
ENR00008194,USR006818,HEALTH_RESERVE,active,2025-10-03T00:00:00,
ENR00008195,USR006819,MINDGUARD,active,2025-09-20T11:00:00,
ENR00008196,USR006820,MINDGUARD,active,2025-11-14T11:00:00,
ENR00008197,USR006821,MINDGUARD,active,2025-11-21T09:00:00,
ENR00008198,USR006821,HEALTH_RESERVE,active,2025-11-18T16:00:00,
ENR00008199,USR006822,MINDGUARD,active,2025-12-19T18:00:00,
ENR00008200,USR006823,MINDGUARD,active,2026-01-12T18:00:00,
ENR00008201,USR006824,MINDGUARD,active,2026-02-03T12:00:00,
ENR00008202,USR006825,HEALTH_RESERVE,active,2025-10-06T16:00:00,
ENR00008203,USR006826,HEALTH_RESERVE,active,2026-02-22T15:00:00,
ENR00008204,USR006827,MINDGUARD,active,2026-02-10T01:00:00,
ENR00008205,USR006827,HEALTH_RESERVE,active,2026-02-10T21:00:00,
ENR00008206,USR006828,MINDGUARD,active,2025-12-18T20:00:00,
ENR00008207,USR006829,MINDGUARD,active,2025-09-22T23:00:00,
ENR00008208,USR006830,MINDGUARD,active,2025-11-04T07:00:00,
ENR00008209,USR006830,HEALTH_RESERVE,active,2025-11-08T14:00:00,
ENR00008210,USR006831,MINDGUARD,active,2025-10-19T04:00:00,
ENR00008211,USR006832,MINDGUARD,active,2025-11-27T20:00:00,
ENR00008212,USR006833,MINDGUARD,active,2026-02-12T16:00:00,
ENR00008213,USR006834,MINDGUARD,active,2026-01-23T12:00:00,
ENR00008214,USR006835,MINDGUARD,active,2026-01-18T23:00:00,
ENR00008215,USR006836,HEALTH_RESERVE,active,2025-12-11T18:00:00,
ENR00008216,USR006837,MINDGUARD,active,2025-11-18T07:00:00,
ENR00008217,USR006838,MINDGUARD,active,2025-12-23T18:00:00,
ENR00008218,USR006838,HEALTH_RESERVE,active,2026-01-04T05:00:00,
ENR00008219,USR006839,HEALTH_RESERVE,active,2025-09-24T13:00:00,
ENR00008220,USR006840,MINDGUARD,active,2026-01-12T10:00:00,
ENR00008221,USR006841,MINDGUARD,active,2026-01-08T04:00:00,
ENR00008222,USR006842,HEALTH_RESERVE,active,2025-10-11T12:00:00,
ENR00008223,USR006843,MINDGUARD,active,2025-09-28T04:00:00,
ENR00008224,USR006843,HEALTH_RESERVE,active,2025-09-24T02:00:00,
ENR00008225,USR006844,HEALTH_RESERVE,active,2025-11-17T19:00:00,
ENR00008226,USR006845,MINDGUARD,active,2026-01-27T15:00:00,
ENR00008227,USR006846,MINDGUARD,active,2025-12-03T16:00:00,
ENR00008228,USR006847,MINDGUARD,active,2026-01-09T07:00:00,
ENR00008229,USR006848,HEALTH_RESERVE,active,2025-12-29T09:00:00,
ENR00008230,USR006849,MINDGUARD,active,2025-12-25T02:00:00,
ENR00008231,USR006850,MINDGUARD,active,2025-10-07T10:00:00,
ENR00008232,USR006851,MINDGUARD,active,2025-10-23T03:00:00,
ENR00008233,USR006852,HEALTH_RESERVE,active,2026-02-15T18:00:00,
ENR00008234,USR006853,MINDGUARD,active,2026-02-14T23:00:00,
ENR00008235,USR006854,MINDGUARD,discontinued,2025-10-22T00:00:00,2026-03-22T00:54:00
ENR00008236,USR006855,HEALTH_RESERVE,active,2026-02-09T19:00:00,
ENR00008237,USR006856,MINDGUARD,active,2025-11-15T13:00:00,
ENR00008238,USR006857,MINDGUARD,active,2025-12-05T02:00:00,
ENR00008239,USR006858,MINDGUARD,active,2025-10-05T10:00:00,
ENR00008240,USR006859,MINDGUARD,active,2025-12-09T14:00:00,
ENR00008241,USR006859,HEALTH_RESERVE,active,2025-12-13T14:00:00,
ENR00008242,USR006860,HEALTH_RESERVE,active,2025-12-03T07:00:00,
ENR00008243,USR006861,MINDGUARD,active,2025-11-30T08:00:00,
ENR00008244,USR006862,MINDGUARD,active,2026-02-12T12:00:00,
ENR00008245,USR006863,MINDGUARD,active,2025-12-09T19:00:00,
ENR00008246,USR006864,HEALTH_RESERVE,active,2025-11-01T04:00:00,
ENR00008247,USR006865,MINDGUARD,active,2025-12-09T06:00:00,
ENR00008248,USR006866,MINDGUARD,active,2026-02-05T06:00:00,
ENR00008249,USR006867,MINDGUARD,active,2026-02-02T08:00:00,
ENR00008250,USR006868,MINDGUARD,active,2026-01-06T11:00:00,
ENR00008251,USR006869,MINDGUARD,active,2025-11-01T08:00:00,
ENR00008252,USR006870,HEALTH_RESERVE,active,2025-11-16T17:00:00,
ENR00008253,USR006871,MINDGUARD,active,2025-10-12T01:00:00,
ENR00008254,USR006871,HEALTH_RESERVE,active,2025-10-08T22:00:00,
ENR00008255,USR006872,MINDGUARD,active,2025-12-02T04:00:00,
ENR00008256,USR006873,HEALTH_RESERVE,active,2025-10-30T10:00:00,
ENR00008257,USR006874,MINDGUARD,active,2025-12-29T15:00:00,
ENR00008258,USR006875,MINDGUARD,active,2026-01-05T00:00:00,
ENR00008259,USR006876,HEALTH_RESERVE,active,2025-11-14T23:00:00,
ENR00008260,USR006877,MINDGUARD,active,2025-11-11T20:00:00,
ENR00008261,USR006878,MINDGUARD,active,2025-11-23T05:00:00,
ENR00008262,USR006879,MINDGUARD,active,2025-12-22T21:00:00,
ENR00008263,USR006880,MINDGUARD,active,2025-10-09T03:00:00,
ENR00008264,USR006881,MINDGUARD,active,2025-12-06T05:00:00,
ENR00008265,USR006882,MINDGUARD,active,2025-12-11T20:00:00,
ENR00008266,USR006883,MINDGUARD,active,2026-01-29T01:00:00,
ENR00008267,USR006883,HEALTH_RESERVE,active,2026-01-28T21:00:00,
ENR00008268,USR006884,MINDGUARD,active,2026-01-21T01:00:00,
ENR00008269,USR006885,HEALTH_RESERVE,active,2025-11-21T03:00:00,
ENR00008270,USR006886,MINDGUARD,active,2025-09-29T12:00:00,
ENR00008271,USR006887,MINDGUARD,active,2026-02-12T14:00:00,
ENR00008272,USR006888,MINDGUARD,active,2026-01-29T14:00:00,
ENR00008273,USR006889,MINDGUARD,active,2025-12-07T23:00:00,
ENR00008274,USR006889,HEALTH_RESERVE,active,2025-12-07T20:00:00,
ENR00008275,USR006890,MINDGUARD,active,2025-12-11T08:00:00,
ENR00008276,USR006891,MINDGUARD,active,2025-09-21T04:00:00,
ENR00008277,USR006892,MINDGUARD,active,2025-11-27T01:00:00,
ENR00008278,USR006893,MINDGUARD,active,2026-01-04T16:00:00,
ENR00008279,USR006894,MINDGUARD,active,2025-12-31T10:00:00,
ENR00008280,USR006895,MINDGUARD,active,2026-01-23T10:00:00,
ENR00008281,USR006896,MINDGUARD,active,2025-10-11T10:00:00,
ENR00008282,USR006896,HEALTH_RESERVE,active,2025-10-07T17:00:00,
ENR00008283,USR006897,MINDGUARD,active,2025-10-26T15:00:00,
ENR00008284,USR006898,MINDGUARD,active,2026-01-29T10:00:00,
ENR00008285,USR006899,MINDGUARD,active,2025-11-01T12:00:00,
ENR00008286,USR006899,HEALTH_RESERVE,active,2025-11-08T08:00:00,
ENR00008287,USR006900,MINDGUARD,active,2025-09-28T04:00:00,
ENR00008288,USR006901,MINDGUARD,active,2025-11-23T14:00:00,
ENR00008289,USR006902,MINDGUARD,active,2025-10-22T19:00:00,
ENR00008290,USR006903,MINDGUARD,active,2025-10-06T00:00:00,
ENR00008291,USR006904,MINDGUARD,active,2025-12-20T03:00:00,
ENR00008292,USR006904,HEALTH_RESERVE,active,2025-12-19T20:00:00,
ENR00008293,USR006905,HEALTH_RESERVE,active,2025-10-30T11:00:00,
ENR00008294,USR006906,MINDGUARD,active,2025-11-25T13:00:00,
ENR00008295,USR006906,HEALTH_RESERVE,active,2025-11-25T12:00:00,
ENR00008296,USR006907,MINDGUARD,active,2025-12-17T00:00:00,
ENR00008297,USR006908,HEALTH_RESERVE,active,2025-11-26T07:00:00,
ENR00008298,USR006909,HEALTH_RESERVE,active,2025-09-28T14:00:00,
ENR00008299,USR006910,MINDGUARD,discontinued,2025-12-07T07:00:00,2026-05-27T07:16:00
ENR00008300,USR006910,HEALTH_RESERVE,active,2025-12-06T07:00:00,
ENR00008301,USR006911,MINDGUARD,discontinued,2026-01-02T16:00:00,2026-08-19T17:12:00
ENR00008302,USR006912,MINDGUARD,active,2026-01-28T01:00:00,
ENR00008303,USR006913,MINDGUARD,active,2025-12-03T19:00:00,
ENR00008304,USR006914,MINDGUARD,active,2025-12-20T05:00:00,
ENR00008305,USR006915,HEALTH_RESERVE,active,2026-01-11T13:00:00,
ENR00008306,USR006916,MINDGUARD,active,2025-10-14T08:00:00,
ENR00008307,USR006916,HEALTH_RESERVE,active,2025-10-08T02:00:00,
ENR00008308,USR006917,HEALTH_RESERVE,active,2025-12-20T13:00:00,
ENR00008309,USR006918,HEALTH_RESERVE,active,2025-10-26T13:00:00,
ENR00008310,USR006919,MINDGUARD,active,2025-09-26T08:00:00,
ENR00008311,USR006920,MINDGUARD,active,2025-12-09T01:00:00,
ENR00008312,USR006921,HEALTH_RESERVE,active,2025-09-28T18:00:00,
ENR00008313,USR006922,HEALTH_RESERVE,active,2025-09-25T09:00:00,
ENR00008314,USR006923,MINDGUARD,active,2025-11-02T11:00:00,
ENR00008315,USR006924,HEALTH_RESERVE,active,2025-10-26T16:00:00,
ENR00008316,USR006925,MINDGUARD,active,2025-12-30T10:00:00,
ENR00008317,USR006926,MINDGUARD,active,2025-12-16T21:00:00,
ENR00008318,USR006927,MINDGUARD,active,2025-11-23T08:00:00,
ENR00008319,USR006928,MINDGUARD,active,2026-02-15T04:00:00,
ENR00008320,USR006929,MINDGUARD,active,2026-01-27T14:00:00,
ENR00008321,USR006929,HEALTH_RESERVE,active,2026-01-20T15:00:00,
ENR00008322,USR006930,MINDGUARD,discontinued,2026-01-25T10:00:00,2026-08-12T11:05:00
ENR00008323,USR006930,HEALTH_RESERVE,active,2026-01-30T06:00:00,
ENR00008324,USR006931,MINDGUARD,active,2025-10-24T18:00:00,
ENR00008325,USR006932,MINDGUARD,active,2026-01-04T06:00:00,
ENR00008326,USR006933,MINDGUARD,active,2026-02-10T03:00:00,
ENR00008327,USR006934,MINDGUARD,active,2025-10-27T01:00:00,
ENR00008328,USR006935,MINDGUARD,active,2025-10-29T20:00:00,
ENR00008329,USR006936,HEALTH_RESERVE,active,2025-11-17T00:00:00,
ENR00008330,USR006937,MINDGUARD,active,2025-12-14T20:00:00,
ENR00008331,USR006938,MINDGUARD,active,2025-10-03T14:00:00,
ENR00008332,USR006939,MINDGUARD,active,2026-02-24T18:00:00,
ENR00008333,USR006940,MINDGUARD,active,2025-11-13T00:00:00,
ENR00008334,USR006941,MINDGUARD,active,2026-01-09T05:00:00,
ENR00008335,USR006942,MINDGUARD,active,2025-11-06T15:00:00,
ENR00008336,USR006943,MINDGUARD,active,2026-01-18T16:00:00,
ENR00008337,USR006943,HEALTH_RESERVE,active,2026-01-17T14:00:00,
ENR00008338,USR006944,MINDGUARD,active,2026-01-30T16:00:00,
ENR00008339,USR006945,MINDGUARD,active,2025-10-24T09:00:00,
ENR00008340,USR006946,HEALTH_RESERVE,active,2025-11-05T19:00:00,
ENR00008341,USR006947,MINDGUARD,active,2026-01-17T14:00:00,
ENR00008342,USR006948,HEALTH_RESERVE,active,2025-11-11T13:00:00,
ENR00008343,USR006949,MINDGUARD,active,2026-02-06T13:00:00,
ENR00008344,USR006950,MINDGUARD,active,2026-01-22T13:00:00,
ENR00008345,USR006950,HEALTH_RESERVE,active,2026-01-19T08:00:00,
ENR00008346,USR006951,MINDGUARD,active,2025-12-04T05:00:00,
ENR00008347,USR006951,HEALTH_RESERVE,active,2025-11-29T04:00:00,
ENR00008348,USR006952,HEALTH_RESERVE,active,2025-10-18T13:00:00,
ENR00008349,USR006953,MINDGUARD,active,2026-01-04T10:00:00,
ENR00008350,USR006953,HEALTH_RESERVE,active,2026-01-03T20:00:00,
ENR00008351,USR006954,MINDGUARD,active,2025-12-26T21:00:00,
ENR00008352,USR006955,MINDGUARD,active,2026-01-26T03:00:00,
ENR00008353,USR006955,HEALTH_RESERVE,active,2026-01-30T07:00:00,
ENR00008354,USR006956,MINDGUARD,active,2025-09-30T21:00:00,
ENR00008355,USR006957,HEALTH_RESERVE,active,2025-10-28T16:00:00,
ENR00008356,USR006958,MINDGUARD,active,2025-10-14T00:00:00,
ENR00008357,USR006959,MINDGUARD,active,2025-11-08T11:00:00,
ENR00008358,USR006959,HEALTH_RESERVE,active,2025-11-05T11:00:00,
ENR00008359,USR006960,MINDGUARD,active,2026-01-17T05:00:00,
ENR00008360,USR006960,HEALTH_RESERVE,active,2026-01-10T00:00:00,
ENR00008361,USR006961,MINDGUARD,active,2025-12-18T05:00:00,
ENR00008362,USR006961,HEALTH_RESERVE,active,2025-12-14T02:00:00,
ENR00008363,USR006962,MINDGUARD,active,2025-10-14T16:00:00,
ENR00008364,USR006963,MINDGUARD,active,2026-01-31T15:00:00,
ENR00008365,USR006964,MINDGUARD,active,2025-10-11T07:00:00,
ENR00008366,USR006965,MINDGUARD,active,2025-10-18T20:00:00,
ENR00008367,USR006966,MINDGUARD,active,2025-10-24T08:00:00,
ENR00008368,USR006967,MINDGUARD,active,2025-10-26T10:00:00,
ENR00008369,USR006968,MINDGUARD,active,2026-01-21T05:00:00,
ENR00008370,USR006969,MINDGUARD,active,2026-01-23T08:00:00,
ENR00008371,USR006969,HEALTH_RESERVE,active,2026-01-21T09:00:00,
ENR00008372,USR006970,MINDGUARD,active,2025-12-17T11:00:00,
ENR00008373,USR006971,MINDGUARD,active,2026-01-18T12:00:00,
ENR00008374,USR006971,HEALTH_RESERVE,active,2026-01-12T09:00:00,
ENR00008375,USR006972,MINDGUARD,active,2025-10-01T09:00:00,
ENR00008376,USR006973,MINDGUARD,active,2025-11-04T03:00:00,
ENR00008377,USR006974,HEALTH_RESERVE,active,2025-10-09T22:00:00,
ENR00008378,USR006975,MINDGUARD,active,2026-01-01T08:00:00,
ENR00008379,USR006976,MINDGUARD,active,2025-11-29T11:00:00,
ENR00008380,USR006976,HEALTH_RESERVE,active,2025-11-23T06:00:00,
ENR00008381,USR006977,MINDGUARD,discontinued,2025-11-15T08:00:00,2026-08-05T08:39:00
ENR00008382,USR006977,HEALTH_RESERVE,active,2025-11-19T05:00:00,
ENR00008383,USR006978,HEALTH_RESERVE,active,2025-09-29T15:00:00,
ENR00008384,USR006979,MINDGUARD,active,2026-01-20T07:00:00,
ENR00008385,USR006980,MINDGUARD,active,2025-09-30T13:00:00,
ENR00008386,USR006981,MINDGUARD,active,2025-11-21T19:00:00,
ENR00008387,USR006981,HEALTH_RESERVE,active,2025-11-24T20:00:00,
ENR00008388,USR006982,MINDGUARD,active,2025-12-05T11:00:00,
ENR00008389,USR006983,MINDGUARD,active,2025-11-09T20:00:00,
ENR00008390,USR006984,MINDGUARD,active,2025-10-07T19:00:00,
ENR00008391,USR006985,MINDGUARD,active,2025-10-14T09:00:00,
ENR00008392,USR006986,MINDGUARD,active,2026-01-05T12:00:00,
ENR00008393,USR006987,MINDGUARD,active,2025-12-15T06:00:00,
ENR00008394,USR006987,HEALTH_RESERVE,active,2025-12-10T20:00:00,
ENR00008395,USR006988,MINDGUARD,active,2025-10-06T01:00:00,
ENR00008396,USR006989,MINDGUARD,active,2026-02-13T00:00:00,
ENR00008397,USR006990,MINDGUARD,active,2026-02-03T16:00:00,
ENR00008398,USR006991,MINDGUARD,active,2025-10-18T00:00:00,
ENR00008399,USR006992,MINDGUARD,active,2025-10-07T10:00:00,
ENR00008400,USR006992,HEALTH_RESERVE,active,2025-10-01T01:00:00,
ENR00008401,USR006993,MINDGUARD,active,2025-10-14T08:00:00,
ENR00008402,USR006994,MINDGUARD,active,2025-12-11T14:00:00,
ENR00008403,USR006995,MINDGUARD,active,2026-02-10T04:00:00,
ENR00008404,USR006996,HEALTH_RESERVE,active,2025-11-28T09:00:00,
ENR00008405,USR006997,HEALTH_RESERVE,active,2025-09-29T13:00:00,
ENR00008406,USR006998,MINDGUARD,active,2025-09-29T08:00:00,
ENR00008407,USR006999,HEALTH_RESERVE,active,2025-12-03T19:00:00,
ENR00008408,USR007000,MINDGUARD,active,2025-12-29T01:00:00,
ENR00008409,USR007001,MINDGUARD,active,2026-02-02T17:00:00,
ENR00008410,USR007001,HEALTH_RESERVE,active,2026-02-05T12:00:00,
ENR00008411,USR007002,MINDGUARD,active,2025-09-23T11:00:00,
ENR00008412,USR007003,MINDGUARD,active,2025-10-26T11:00:00,
ENR00008413,USR007004,MINDGUARD,active,2026-01-17T09:00:00,
ENR00008414,USR007005,MINDGUARD,active,2025-11-07T11:00:00,
ENR00008415,USR007006,MINDGUARD,active,2025-12-30T04:00:00,
ENR00008416,USR007007,MINDGUARD,active,2025-09-29T12:00:00,
ENR00008417,USR007008,MINDGUARD,active,2025-09-16T03:00:00,
ENR00008418,USR007009,HEALTH_RESERVE,active,2025-11-05T14:00:00,
ENR00008419,USR007010,MINDGUARD,active,2026-01-22T10:00:00,
ENR00008420,USR007011,MINDGUARD,active,2025-10-23T20:00:00,
ENR00008421,USR007012,MINDGUARD,active,2025-11-28T00:00:00,
ENR00008422,USR007013,MINDGUARD,active,2025-09-29T08:00:00,
ENR00008423,USR007013,HEALTH_RESERVE,active,2025-10-10T06:00:00,
ENR00008424,USR007014,MINDGUARD,active,2026-01-28T20:00:00,
ENR00008425,USR007015,MINDGUARD,active,2025-12-20T04:00:00,
ENR00008426,USR007016,MINDGUARD,active,2025-10-24T17:00:00,
ENR00008427,USR007017,MINDGUARD,active,2026-02-04T23:00:00,
ENR00008428,USR007018,MINDGUARD,active,2025-12-06T19:00:00,
ENR00008429,USR007019,MINDGUARD,active,2026-01-01T06:00:00,
ENR00008430,USR007020,MINDGUARD,active,2025-10-05T06:00:00,
ENR00008431,USR007020,HEALTH_RESERVE,active,2025-10-14T19:00:00,
ENR00008432,USR007021,MINDGUARD,active,2026-01-22T13:00:00,
ENR00008433,USR007022,MINDGUARD,active,2026-01-08T15:00:00,
ENR00008434,USR007022,HEALTH_RESERVE,active,2026-01-01T17:00:00,
ENR00008435,USR007023,MINDGUARD,active,2025-12-31T03:00:00,
ENR00008436,USR007023,HEALTH_RESERVE,active,2026-01-02T23:00:00,
ENR00008437,USR007024,MINDGUARD,active,2025-11-11T23:00:00,
ENR00008438,USR007025,MINDGUARD,active,2026-01-25T22:00:00,
ENR00008439,USR007026,MINDGUARD,active,2026-02-17T12:00:00,
ENR00008440,USR007027,HEALTH_RESERVE,active,2026-02-12T07:00:00,
ENR00008441,USR007028,MINDGUARD,active,2026-01-09T08:00:00,
ENR00008442,USR007029,HEALTH_RESERVE,active,2026-01-28T08:00:00,
ENR00008443,USR007030,MINDGUARD,active,2025-12-08T10:00:00,
ENR00008444,USR007031,HEALTH_RESERVE,active,2025-12-13T06:00:00,
ENR00008445,USR007032,MINDGUARD,active,2026-01-23T18:00:00,
ENR00008446,USR007032,HEALTH_RESERVE,active,2026-01-30T12:00:00,
ENR00008447,USR007033,HEALTH_RESERVE,active,2026-02-01T08:00:00,
ENR00008448,USR007034,MINDGUARD,active,2025-11-11T13:00:00,
ENR00008449,USR007035,MINDGUARD,active,2026-01-10T11:00:00,
ENR00008450,USR007036,MINDGUARD,active,2026-01-06T18:00:00,
ENR00008451,USR007037,MINDGUARD,active,2026-01-20T04:00:00,
ENR00008452,USR007037,HEALTH_RESERVE,active,2026-01-17T09:00:00,
ENR00008453,USR007038,MINDGUARD,active,2026-02-12T22:00:00,
ENR00008454,USR007039,MINDGUARD,active,2025-10-14T00:00:00,
ENR00008455,USR007040,MINDGUARD,active,2025-09-30T21:00:00,
ENR00008456,USR007041,MINDGUARD,active,2025-12-12T19:00:00,
ENR00008457,USR007041,HEALTH_RESERVE,active,2025-12-09T13:00:00,
ENR00008458,USR007042,HEALTH_RESERVE,active,2025-10-04T21:00:00,
ENR00008459,USR007043,MINDGUARD,active,2025-11-25T20:00:00,
ENR00008460,USR007044,MINDGUARD,active,2025-10-12T23:00:00,
ENR00008461,USR007045,MINDGUARD,active,2025-09-25T11:00:00,
ENR00008462,USR007045,HEALTH_RESERVE,active,2025-10-03T22:00:00,
ENR00008463,USR007046,MINDGUARD,active,2026-01-07T16:00:00,
ENR00008464,USR007047,MINDGUARD,active,2025-11-07T18:00:00,
ENR00008465,USR007047,HEALTH_RESERVE,active,2025-11-02T22:00:00,
ENR00008466,USR007048,MINDGUARD,active,2025-12-04T18:00:00,
ENR00008467,USR007049,HEALTH_RESERVE,active,2025-10-31T08:00:00,
ENR00008468,USR007050,HEALTH_RESERVE,active,2026-02-08T02:00:00,
ENR00008469,USR007051,MINDGUARD,active,2025-09-30T14:00:00,
ENR00008470,USR007051,HEALTH_RESERVE,active,2025-09-30T10:00:00,
ENR00008471,USR007052,MINDGUARD,active,2025-10-24T00:00:00,
ENR00008472,USR007053,MINDGUARD,active,2025-11-17T07:00:00,
ENR00008473,USR007054,MINDGUARD,active,2025-11-24T10:00:00,
ENR00008474,USR007054,HEALTH_RESERVE,active,2025-11-26T11:00:00,
ENR00008475,USR007055,MINDGUARD,active,2025-10-18T19:00:00,
ENR00008476,USR007056,MINDGUARD,active,2026-01-15T02:00:00,
ENR00008477,USR007057,MINDGUARD,active,2025-11-15T18:00:00,
ENR00008478,USR007057,HEALTH_RESERVE,active,2025-11-03T18:00:00,
ENR00008479,USR007058,MINDGUARD,active,2025-09-22T17:00:00,
ENR00008480,USR007059,MINDGUARD,active,2025-12-17T12:00:00,
ENR00008481,USR007060,HEALTH_RESERVE,active,2025-11-26T13:00:00,
ENR00008482,USR007061,MINDGUARD,active,2025-11-05T20:00:00,
ENR00008483,USR007062,MINDGUARD,active,2025-12-29T04:00:00,
ENR00008484,USR007063,MINDGUARD,active,2026-01-24T10:00:00,
ENR00008485,USR007064,HEALTH_RESERVE,active,2025-11-02T06:00:00,
ENR00008486,USR007065,MINDGUARD,active,2025-10-13T01:00:00,
ENR00008487,USR007066,MINDGUARD,active,2025-12-31T12:00:00,
ENR00008488,USR007066,HEALTH_RESERVE,active,2026-01-01T08:00:00,
ENR00008489,USR007067,MINDGUARD,active,2025-10-11T17:00:00,
ENR00008490,USR007068,MINDGUARD,active,2025-10-17T03:00:00,
ENR00008491,USR007068,HEALTH_RESERVE,active,2025-10-25T00:00:00,
ENR00008492,USR007069,MINDGUARD,active,2025-12-20T12:00:00,
ENR00008493,USR007070,HEALTH_RESERVE,active,2025-12-24T00:00:00,
ENR00008494,USR007071,HEALTH_RESERVE,active,2025-10-27T07:00:00,
ENR00008495,USR007072,MINDGUARD,active,2025-11-26T15:00:00,
ENR00008496,USR007073,MINDGUARD,active,2026-01-18T10:00:00,
ENR00008497,USR007074,MINDGUARD,active,2025-11-03T09:00:00,
ENR00008498,USR007074,HEALTH_RESERVE,active,2025-11-12T17:00:00,
ENR00008499,USR007075,MINDGUARD,active,2025-11-09T06:00:00,
ENR00008500,USR007076,MINDGUARD,active,2025-12-28T08:00:00,
ENR00008501,USR007077,HEALTH_RESERVE,active,2026-02-10T20:00:00,
ENR00008502,USR007078,MINDGUARD,active,2026-01-03T16:00:00,
ENR00008503,USR007079,HEALTH_RESERVE,active,2025-12-12T16:00:00,
ENR00008504,USR007080,MINDGUARD,active,2026-01-17T07:00:00,
ENR00008505,USR007081,MINDGUARD,active,2025-11-21T18:00:00,
ENR00008506,USR007082,MINDGUARD,active,2025-10-05T18:00:00,
ENR00008507,USR007083,MINDGUARD,active,2025-12-10T08:00:00,
ENR00008508,USR007084,MINDGUARD,active,2025-11-20T19:00:00,
ENR00008509,USR007085,HEALTH_RESERVE,active,2025-10-07T05:00:00,
ENR00008510,USR007086,MINDGUARD,active,2025-10-18T22:00:00,
ENR00008511,USR007086,HEALTH_RESERVE,active,2025-10-21T04:00:00,
ENR00008512,USR007087,HEALTH_RESERVE,active,2025-12-05T02:00:00,
ENR00008513,USR007088,MINDGUARD,active,2025-12-30T10:00:00,
ENR00008514,USR007089,MINDGUARD,active,2025-10-14T01:00:00,
ENR00008515,USR007090,MINDGUARD,active,2025-12-09T20:00:00,
ENR00008516,USR007091,MINDGUARD,active,2025-10-25T10:00:00,
ENR00008517,USR007091,HEALTH_RESERVE,active,2025-10-14T14:00:00,
ENR00008518,USR007092,MINDGUARD,active,2026-01-24T10:00:00,
ENR00008519,USR007093,HEALTH_RESERVE,active,2026-01-31T19:00:00,
ENR00008520,USR007094,MINDGUARD,active,2025-11-11T03:00:00,
ENR00008521,USR007095,HEALTH_RESERVE,active,2025-10-01T20:00:00,
ENR00008522,USR007096,MINDGUARD,active,2025-12-10T09:00:00,
ENR00008523,USR007097,MINDGUARD,active,2026-01-06T04:00:00,
ENR00008524,USR007097,HEALTH_RESERVE,active,2026-01-15T23:00:00,
ENR00008525,USR007098,HEALTH_RESERVE,active,2026-01-02T06:00:00,
ENR00008526,USR007099,MINDGUARD,active,2025-11-24T13:00:00,
ENR00008527,USR007100,MINDGUARD,active,2026-01-13T19:00:00,
ENR00008528,USR007101,MINDGUARD,active,2025-12-15T09:00:00,
ENR00008529,USR007101,HEALTH_RESERVE,active,2025-12-23T04:00:00,
ENR00008530,USR007102,MINDGUARD,active,2026-02-18T19:00:00,
ENR00008531,USR007103,MINDGUARD,active,2026-01-01T09:00:00,
ENR00008532,USR007104,HEALTH_RESERVE,active,2025-12-14T05:00:00,
ENR00008533,USR007105,MINDGUARD,active,2026-01-01T14:00:00,
ENR00008534,USR007106,MINDGUARD,active,2026-01-17T22:00:00,
ENR00008535,USR007107,MINDGUARD,active,2025-10-08T19:00:00,
ENR00008536,USR007107,HEALTH_RESERVE,active,2025-10-11T18:00:00,
ENR00008537,USR007108,MINDGUARD,active,2025-10-04T22:00:00,
ENR00008538,USR007109,MINDGUARD,active,2025-12-13T10:00:00,
ENR00008539,USR007110,MINDGUARD,active,2026-01-17T13:00:00,
ENR00008540,USR007111,MINDGUARD,active,2025-09-28T22:00:00,
ENR00008541,USR007111,HEALTH_RESERVE,active,2025-10-07T15:00:00,
ENR00008542,USR007112,MINDGUARD,active,2025-11-19T20:00:00,
ENR00008543,USR007113,MINDGUARD,active,2025-11-11T14:00:00,
ENR00008544,USR007113,HEALTH_RESERVE,active,2025-11-13T14:00:00,
ENR00008545,USR007114,HEALTH_RESERVE,active,2026-01-29T01:00:00,
ENR00008546,USR007115,MINDGUARD,active,2025-10-30T17:00:00,
ENR00008547,USR007116,MINDGUARD,active,2025-10-17T06:00:00,
ENR00008548,USR007117,MINDGUARD,active,2025-10-14T15:00:00,
ENR00008549,USR007117,HEALTH_RESERVE,active,2025-10-12T07:00:00,
ENR00008550,USR007118,MINDGUARD,active,2025-12-25T03:00:00,
ENR00008551,USR007118,HEALTH_RESERVE,active,2025-12-24T20:00:00,
ENR00008552,USR007119,MINDGUARD,active,2025-10-13T05:00:00,
ENR00008553,USR007120,MINDGUARD,active,2025-11-14T06:00:00,
ENR00008554,USR007120,HEALTH_RESERVE,active,2025-11-17T08:00:00,
ENR00008555,USR007121,MINDGUARD,active,2025-10-25T08:00:00,
ENR00008556,USR007122,MINDGUARD,active,2026-02-16T17:00:00,
ENR00008557,USR007123,MINDGUARD,active,2025-12-08T02:00:00,
ENR00008558,USR007124,MINDGUARD,active,2025-10-23T09:00:00,
ENR00008559,USR007125,MINDGUARD,active,2025-10-01T22:00:00,
ENR00008560,USR007126,MINDGUARD,active,2025-12-07T21:00:00,
ENR00008561,USR007127,HEALTH_RESERVE,active,2025-09-23T22:00:00,
ENR00008562,USR007128,MINDGUARD,active,2025-10-15T20:00:00,
ENR00008563,USR007128,HEALTH_RESERVE,active,2025-10-12T02:00:00,
ENR00008564,USR007129,HEALTH_RESERVE,active,2025-12-11T01:00:00,
ENR00008565,USR007130,MINDGUARD,active,2025-11-22T07:00:00,
ENR00008566,USR007131,MINDGUARD,active,2025-10-11T08:00:00,
ENR00008567,USR007132,MINDGUARD,active,2025-10-06T07:00:00,
ENR00008568,USR007132,HEALTH_RESERVE,active,2025-10-15T00:00:00,
ENR00008569,USR007133,MINDGUARD,active,2026-01-11T14:00:00,
ENR00008570,USR007134,MINDGUARD,active,2025-10-24T13:00:00,
ENR00008571,USR007135,MINDGUARD,active,2025-12-30T20:00:00,
ENR00008572,USR007135,HEALTH_RESERVE,active,2026-01-02T14:00:00,
ENR00008573,USR007136,HEALTH_RESERVE,active,2026-01-04T11:00:00,
ENR00008574,USR007137,MINDGUARD,active,2025-11-06T06:00:00,
ENR00008575,USR007138,MINDGUARD,active,2026-02-09T15:00:00,
ENR00008576,USR007139,MINDGUARD,active,2025-12-03T00:00:00,
ENR00008577,USR007140,MINDGUARD,active,2025-09-30T01:00:00,
ENR00008578,USR007141,MINDGUARD,active,2025-10-13T03:00:00,
ENR00008579,USR007142,HEALTH_RESERVE,active,2025-11-08T12:00:00,
ENR00008580,USR007143,HEALTH_RESERVE,active,2025-11-11T20:00:00,
ENR00008581,USR007144,MINDGUARD,active,2025-12-31T05:00:00,
ENR00008582,USR007145,MINDGUARD,active,2026-01-31T11:00:00,
ENR00008583,USR007146,MINDGUARD,active,2025-12-04T01:00:00,
ENR00008584,USR007147,MINDGUARD,active,2025-10-04T22:00:00,
ENR00008585,USR007147,HEALTH_RESERVE,active,2025-10-09T03:00:00,
ENR00008586,USR007148,MINDGUARD,active,2025-11-19T02:00:00,
ENR00008587,USR007149,MINDGUARD,active,2025-12-16T01:00:00,
ENR00008588,USR007150,MINDGUARD,active,2025-11-25T14:00:00,
ENR00008589,USR007151,MINDGUARD,active,2025-12-30T01:00:00,
ENR00008590,USR007151,HEALTH_RESERVE,active,2026-01-08T11:00:00,
ENR00008591,USR007152,MINDGUARD,active,2026-01-30T06:00:00,
ENR00008592,USR007152,HEALTH_RESERVE,active,2026-01-27T14:00:00,
ENR00008593,USR007153,MINDGUARD,active,2025-12-13T13:00:00,
ENR00008594,USR007154,MINDGUARD,active,2026-01-21T20:00:00,
ENR00008595,USR007154,HEALTH_RESERVE,active,2026-01-25T10:00:00,
ENR00008596,USR007155,MINDGUARD,active,2026-01-16T03:00:00,
ENR00008597,USR007156,MINDGUARD,active,2025-12-02T19:00:00,
ENR00008598,USR007157,HEALTH_RESERVE,active,2025-11-11T03:00:00,
ENR00008599,USR007158,MINDGUARD,active,2025-10-06T23:00:00,
ENR00008600,USR007159,HEALTH_RESERVE,active,2025-12-29T21:00:00,
ENR00008601,USR007160,MINDGUARD,active,2026-01-13T17:00:00,
ENR00008602,USR007161,MINDGUARD,active,2025-11-17T04:00:00,
ENR00008603,USR007162,HEALTH_RESERVE,active,2025-10-22T20:00:00,
ENR00008604,USR007163,MINDGUARD,active,2026-02-23T09:00:00,
ENR00008605,USR007164,MINDGUARD,active,2025-10-22T09:00:00,
ENR00008606,USR007165,HEALTH_RESERVE,active,2025-09-22T23:00:00,
ENR00008607,USR007166,MINDGUARD,active,2025-12-31T14:00:00,
ENR00008608,USR007167,MINDGUARD,active,2025-10-11T10:00:00,
ENR00008609,USR007168,MINDGUARD,active,2026-02-15T02:00:00,
ENR00008610,USR007169,MINDGUARD,active,2026-01-31T23:00:00,
ENR00008611,USR007169,HEALTH_RESERVE,active,2026-01-31T06:00:00,
ENR00008612,USR007170,MINDGUARD,active,2025-12-07T12:00:00,
ENR00008613,USR007170,HEALTH_RESERVE,active,2025-12-06T10:00:00,
ENR00008614,USR007171,HEALTH_RESERVE,active,2025-10-24T09:00:00,
ENR00008615,USR007172,MINDGUARD,active,2025-11-06T14:00:00,
ENR00008616,USR007173,MINDGUARD,active,2025-10-06T23:00:00,
ENR00008617,USR007174,MINDGUARD,active,2026-01-21T23:00:00,
ENR00008618,USR007175,MINDGUARD,active,2025-10-10T18:00:00,
ENR00008619,USR007176,MINDGUARD,active,2025-12-04T00:00:00,
ENR00008620,USR007177,MINDGUARD,active,2025-12-16T10:00:00,
ENR00008621,USR007177,HEALTH_RESERVE,active,2025-12-11T02:00:00,
ENR00008622,USR007178,MINDGUARD,active,2025-10-21T07:00:00,
ENR00008623,USR007179,MINDGUARD,active,2025-12-12T21:00:00,
ENR00008624,USR007180,MINDGUARD,active,2025-10-03T04:00:00,
ENR00008625,USR007181,MINDGUARD,active,2026-01-04T18:00:00,
ENR00008626,USR007182,HEALTH_RESERVE,active,2025-12-25T19:00:00,
ENR00008627,USR007183,MINDGUARD,active,2026-01-28T17:00:00,
ENR00008628,USR007184,MINDGUARD,active,2025-12-12T02:00:00,
ENR00008629,USR007185,MINDGUARD,active,2026-01-24T20:00:00,
ENR00008630,USR007186,HEALTH_RESERVE,active,2025-10-21T22:00:00,
ENR00008631,USR007187,MINDGUARD,active,2025-11-04T05:00:00,
ENR00008632,USR007187,HEALTH_RESERVE,active,2025-11-03T07:00:00,
ENR00008633,USR007188,MINDGUARD,active,2025-12-07T09:00:00,
ENR00008634,USR007189,MINDGUARD,active,2025-10-20T11:00:00,
ENR00008635,USR007190,HEALTH_RESERVE,active,2025-12-17T04:00:00,
ENR00008636,USR007191,HEALTH_RESERVE,active,2025-10-27T05:00:00,
ENR00008637,USR007192,HEALTH_RESERVE,active,2025-12-13T03:00:00,
ENR00008638,USR007193,MINDGUARD,active,2026-01-15T12:00:00,
ENR00008639,USR007194,MINDGUARD,active,2025-11-09T22:00:00,
ENR00008640,USR007195,MINDGUARD,active,2025-12-01T17:00:00,
ENR00008641,USR007196,MINDGUARD,active,2025-12-10T01:00:00,
ENR00008642,USR007197,MINDGUARD,active,2025-10-23T11:00:00,
ENR00008643,USR007198,MINDGUARD,active,2026-01-14T10:00:00,
ENR00008644,USR007198,HEALTH_RESERVE,active,2026-01-20T16:00:00,
ENR00008645,USR007199,MINDGUARD,active,2025-12-27T08:00:00,
ENR00008646,USR007200,MINDGUARD,active,2025-10-06T18:00:00,
ENR00008647,USR007201,HEALTH_RESERVE,active,2025-11-21T23:00:00,
ENR00008648,USR007202,MINDGUARD,discontinued,2025-11-21T09:00:00,2026-09-06T09:22:00
ENR00008649,USR007203,HEALTH_RESERVE,active,2025-10-16T16:00:00,
ENR00008650,USR007204,MINDGUARD,active,2025-12-31T03:00:00,
ENR00008651,USR007204,HEALTH_RESERVE,active,2025-12-28T19:00:00,
ENR00008652,USR007205,MINDGUARD,active,2025-12-18T18:00:00,
ENR00008653,USR007205,HEALTH_RESERVE,active,2025-12-20T17:00:00,
ENR00008654,USR007206,MINDGUARD,active,2025-12-14T22:00:00,
ENR00008655,USR007207,HEALTH_RESERVE,active,2025-10-02T19:00:00,
ENR00008656,USR007208,MINDGUARD,active,2025-12-24T23:00:00,
ENR00008657,USR007209,HEALTH_RESERVE,active,2025-09-23T22:00:00,
ENR00008658,USR007210,MINDGUARD,active,2025-10-21T11:00:00,
ENR00008659,USR007211,HEALTH_RESERVE,active,2026-02-04T13:00:00,
ENR00008660,USR007212,MINDGUARD,active,2025-11-30T22:00:00,
ENR00008661,USR007213,MINDGUARD,active,2026-01-09T16:00:00,
ENR00008662,USR007214,HEALTH_RESERVE,active,2026-01-09T05:00:00,
ENR00008663,USR007215,MINDGUARD,active,2025-11-16T08:00:00,
ENR00008664,USR007216,MINDGUARD,active,2025-11-10T12:00:00,
ENR00008665,USR007217,HEALTH_RESERVE,active,2025-11-14T12:00:00,
ENR00008666,USR007218,MINDGUARD,active,2025-11-18T18:00:00,
ENR00008667,USR007218,HEALTH_RESERVE,active,2025-11-12T16:00:00,
ENR00008668,USR007219,MINDGUARD,active,2025-10-11T14:00:00,
ENR00008669,USR007219,HEALTH_RESERVE,active,2025-10-01T04:00:00,
ENR00008670,USR007220,MINDGUARD,active,2026-01-02T07:00:00,
ENR00008671,USR007220,HEALTH_RESERVE,active,2026-01-01T03:00:00,
ENR00008672,USR007221,MINDGUARD,active,2025-11-09T12:00:00,
ENR00008673,USR007222,HEALTH_RESERVE,active,2026-02-16T07:00:00,
ENR00008674,USR007223,MINDGUARD,active,2026-01-10T08:00:00,
ENR00008675,USR007223,HEALTH_RESERVE,active,2026-01-13T05:00:00,
ENR00008676,USR007224,MINDGUARD,active,2026-02-20T03:00:00,
ENR00008677,USR007225,MINDGUARD,active,2025-11-14T13:00:00,
ENR00008678,USR007226,MINDGUARD,active,2025-09-24T10:00:00,
ENR00008679,USR007226,HEALTH_RESERVE,active,2025-09-21T23:00:00,
ENR00008680,USR007227,MINDGUARD,active,2025-11-05T07:00:00,
ENR00008681,USR007228,HEALTH_RESERVE,active,2025-10-30T11:00:00,
ENR00008682,USR007229,HEALTH_RESERVE,active,2025-10-20T22:00:00,
ENR00008683,USR007230,MINDGUARD,active,2025-10-25T22:00:00,
ENR00008684,USR007231,MINDGUARD,active,2026-02-11T05:00:00,
ENR00008685,USR007231,HEALTH_RESERVE,active,2026-02-07T03:00:00,
ENR00008686,USR007232,HEALTH_RESERVE,active,2026-01-22T04:00:00,
ENR00008687,USR007233,MINDGUARD,active,2025-10-03T07:00:00,
ENR00008688,USR007233,HEALTH_RESERVE,active,2025-09-28T01:00:00,
ENR00008689,USR007234,MINDGUARD,active,2025-12-28T01:00:00,
ENR00008690,USR007235,MINDGUARD,active,2025-12-11T00:00:00,
ENR00008691,USR007236,MINDGUARD,active,2025-12-19T04:00:00,
ENR00008692,USR007237,MINDGUARD,active,2026-01-23T15:00:00,
ENR00008693,USR007238,MINDGUARD,active,2025-11-23T08:00:00,
ENR00008694,USR007239,MINDGUARD,active,2025-12-05T06:00:00,
ENR00008695,USR007239,HEALTH_RESERVE,active,2025-11-28T14:00:00,
ENR00008696,USR007240,MINDGUARD,active,2026-01-09T15:00:00,
ENR00008697,USR007240,HEALTH_RESERVE,active,2026-01-07T08:00:00,
ENR00008698,USR007241,MINDGUARD,active,2026-01-08T07:00:00,
ENR00008699,USR007241,HEALTH_RESERVE,active,2026-01-15T09:00:00,
ENR00008700,USR007242,MINDGUARD,active,2026-02-01T12:00:00,
ENR00008701,USR007243,MINDGUARD,active,2026-01-11T11:00:00,
ENR00008702,USR007244,MINDGUARD,active,2025-11-30T12:00:00,
ENR00008703,USR007244,HEALTH_RESERVE,active,2025-11-29T12:00:00,
ENR00008704,USR007245,MINDGUARD,active,2025-12-04T02:00:00,
ENR00008705,USR007246,MINDGUARD,active,2025-12-17T16:00:00,
ENR00008706,USR007247,MINDGUARD,active,2026-01-20T11:00:00,
ENR00008707,USR007248,MINDGUARD,active,2025-12-17T20:00:00,
ENR00008708,USR007249,HEALTH_RESERVE,active,2025-10-20T21:00:00,
ENR00008709,USR007250,MINDGUARD,active,2025-11-16T00:00:00,
ENR00008710,USR007251,MINDGUARD,active,2025-12-16T00:00:00,
ENR00008711,USR007252,MINDGUARD,active,2026-02-19T23:00:00,
ENR00008712,USR007253,MINDGUARD,active,2026-02-11T15:00:00,
ENR00008713,USR007254,MINDGUARD,active,2026-02-04T15:00:00,
ENR00008714,USR007255,HEALTH_RESERVE,active,2026-02-18T21:00:00,
ENR00008715,USR007256,MINDGUARD,active,2026-01-09T16:00:00,
ENR00008716,USR007257,MINDGUARD,active,2025-11-01T21:00:00,
ENR00008717,USR007258,MINDGUARD,active,2026-01-10T07:00:00,
ENR00008718,USR007259,MINDGUARD,active,2025-11-28T19:00:00,
ENR00008719,USR007259,HEALTH_RESERVE,active,2025-12-05T22:00:00,
ENR00008720,USR007260,MINDGUARD,active,2025-10-23T21:00:00,
ENR00008721,USR007260,HEALTH_RESERVE,active,2025-10-24T21:00:00,
ENR00008722,USR007261,MINDGUARD,active,2025-11-01T15:00:00,
ENR00008723,USR007262,HEALTH_RESERVE,active,2025-12-12T11:00:00,
ENR00008724,USR007263,MINDGUARD,active,2025-12-30T02:00:00,
ENR00008725,USR007264,MINDGUARD,active,2026-02-10T01:00:00,
ENR00008726,USR007264,HEALTH_RESERVE,active,2026-02-10T23:00:00,
ENR00008727,USR007265,HEALTH_RESERVE,active,2025-11-15T02:00:00,
ENR00008728,USR007266,MINDGUARD,active,2025-12-05T14:00:00,
ENR00008729,USR007267,MINDGUARD,active,2025-12-10T01:00:00,
ENR00008730,USR007268,MINDGUARD,active,2026-01-19T15:00:00,
ENR00008731,USR007269,MINDGUARD,active,2025-12-20T01:00:00,
ENR00008732,USR007269,HEALTH_RESERVE,active,2025-12-18T03:00:00,
ENR00008733,USR007270,MINDGUARD,active,2025-12-29T14:00:00,
ENR00008734,USR007271,HEALTH_RESERVE,active,2025-10-31T15:00:00,
ENR00008735,USR007272,HEALTH_RESERVE,active,2025-11-08T00:00:00,
ENR00008736,USR007273,MINDGUARD,active,2026-02-03T14:00:00,
ENR00008737,USR007274,HEALTH_RESERVE,active,2025-11-25T01:00:00,
ENR00008738,USR007275,HEALTH_RESERVE,active,2025-11-26T16:00:00,
ENR00008739,USR007276,MINDGUARD,active,2025-12-17T01:00:00,
ENR00008740,USR007277,MINDGUARD,active,2025-12-08T18:00:00,
ENR00008741,USR007277,HEALTH_RESERVE,active,2025-11-28T09:00:00,
ENR00008742,USR007278,HEALTH_RESERVE,active,2025-12-25T00:00:00,
ENR00008743,USR007279,MINDGUARD,active,2025-11-11T16:00:00,
ENR00008744,USR007280,MINDGUARD,active,2026-02-11T00:00:00,
ENR00008745,USR007280,HEALTH_RESERVE,active,2026-02-12T19:00:00,
ENR00008746,USR007281,HEALTH_RESERVE,active,2026-01-06T02:00:00,
ENR00008747,USR007282,MINDGUARD,active,2025-10-23T09:00:00,
ENR00008748,USR007283,MINDGUARD,active,2026-02-13T08:00:00,
ENR00008749,USR007284,HEALTH_RESERVE,active,2026-02-11T09:00:00,
ENR00008750,USR007285,MINDGUARD,active,2026-01-12T10:00:00,
ENR00008751,USR007286,MINDGUARD,active,2025-12-21T09:00:00,
ENR00008752,USR007287,MINDGUARD,active,2026-01-22T04:00:00,
ENR00008753,USR007287,HEALTH_RESERVE,active,2026-01-24T05:00:00,
ENR00008754,USR007288,HEALTH_RESERVE,active,2025-12-06T09:00:00,
ENR00008755,USR007289,MINDGUARD,active,2025-10-20T14:00:00,
ENR00008756,USR007290,MINDGUARD,active,2025-11-23T12:00:00,
ENR00008757,USR007290,HEALTH_RESERVE,active,2025-11-19T02:00:00,
ENR00008758,USR007291,MINDGUARD,active,2025-11-30T15:00:00,
ENR00008759,USR007292,MINDGUARD,active,2025-09-18T06:00:00,
ENR00008760,USR007293,HEALTH_RESERVE,active,2025-09-30T12:00:00,
ENR00008761,USR007294,HEALTH_RESERVE,active,2025-11-27T18:00:00,
ENR00008762,USR007295,MINDGUARD,active,2026-02-01T04:00:00,
ENR00008763,USR007295,HEALTH_RESERVE,active,2026-02-06T10:00:00,
ENR00008764,USR007296,MINDGUARD,active,2025-12-20T22:00:00,
ENR00008765,USR007297,HEALTH_RESERVE,active,2025-10-15T11:00:00,
ENR00008766,USR007298,MINDGUARD,active,2025-12-06T12:00:00,
ENR00008767,USR007298,HEALTH_RESERVE,active,2025-12-08T14:00:00,
ENR00008768,USR007299,HEALTH_RESERVE,active,2026-02-15T07:00:00,
ENR00008769,USR007300,MINDGUARD,active,2026-02-11T11:00:00,
ENR00008770,USR007301,MINDGUARD,active,2025-11-05T06:00:00,
ENR00008771,USR007302,HEALTH_RESERVE,active,2026-02-03T19:00:00,
ENR00008772,USR007303,MINDGUARD,active,2025-12-18T02:00:00,
ENR00008773,USR007304,MINDGUARD,active,2025-10-11T23:00:00,
ENR00008774,USR007304,HEALTH_RESERVE,active,2025-10-17T20:00:00,
ENR00008775,USR007305,MINDGUARD,active,2025-11-06T00:00:00,
ENR00008776,USR007306,MINDGUARD,active,2025-12-22T19:00:00,
ENR00008777,USR007307,MINDGUARD,active,2026-02-05T20:00:00,
ENR00008778,USR007308,MINDGUARD,active,2025-10-14T08:00:00,
ENR00008779,USR007308,HEALTH_RESERVE,active,2025-10-14T08:00:00,
ENR00008780,USR007309,MINDGUARD,active,2025-10-08T07:00:00,
ENR00008781,USR007310,MINDGUARD,active,2025-09-25T00:00:00,
ENR00008782,USR007311,MINDGUARD,active,2025-11-19T09:00:00,
ENR00008783,USR007312,MINDGUARD,active,2026-01-31T03:00:00,
ENR00008784,USR007312,HEALTH_RESERVE,active,2026-01-30T05:00:00,
ENR00008785,USR007313,MINDGUARD,active,2025-09-21T00:00:00,
ENR00008786,USR007314,MINDGUARD,active,2025-12-23T10:00:00,
ENR00008787,USR007315,MINDGUARD,active,2025-12-11T22:00:00,
ENR00008788,USR007316,HEALTH_RESERVE,active,2025-10-18T04:00:00,
ENR00008789,USR007317,MINDGUARD,active,2026-01-01T22:00:00,
ENR00008790,USR007317,HEALTH_RESERVE,active,2026-01-04T15:00:00,
ENR00008791,USR007318,MINDGUARD,active,2025-10-18T03:00:00,
ENR00008792,USR007318,HEALTH_RESERVE,active,2025-10-12T16:00:00,
ENR00008793,USR007319,MINDGUARD,active,2026-01-16T08:00:00,
ENR00008794,USR007320,MINDGUARD,active,2026-01-02T08:00:00,
ENR00008795,USR007321,MINDGUARD,active,2025-09-30T18:00:00,
ENR00008796,USR007322,MINDGUARD,active,2025-12-07T21:00:00,
ENR00008797,USR007323,MINDGUARD,active,2025-12-30T10:00:00,
ENR00008798,USR007324,MINDGUARD,active,2025-12-02T23:00:00,
ENR00008799,USR007325,MINDGUARD,active,2025-10-18T06:00:00,
ENR00008800,USR007326,HEALTH_RESERVE,active,2025-11-05T23:00:00,
ENR00008801,USR007327,MINDGUARD,active,2026-01-18T08:00:00,
ENR00008802,USR007328,MINDGUARD,active,2025-12-08T00:00:00,
ENR00008803,USR007329,MINDGUARD,active,2025-10-07T11:00:00,
ENR00008804,USR007330,MINDGUARD,active,2025-09-29T11:00:00,
ENR00008805,USR007331,MINDGUARD,active,2026-01-08T09:00:00,
ENR00008806,USR007332,MINDGUARD,active,2025-11-15T14:00:00,
ENR00008807,USR007333,HEALTH_RESERVE,active,2025-11-23T22:00:00,
ENR00008808,USR007334,MINDGUARD,discontinued,2025-12-21T02:00:00,2026-06-02T02:31:00
ENR00008809,USR007335,MINDGUARD,discontinued,2026-01-28T12:00:00,2026-08-01T12:54:00
ENR00008810,USR007336,MINDGUARD,active,2025-10-05T19:00:00,
ENR00008811,USR007336,HEALTH_RESERVE,active,2025-10-14T11:00:00,
ENR00008812,USR007337,MINDGUARD,active,2025-10-27T19:00:00,
ENR00008813,USR007338,HEALTH_RESERVE,active,2025-12-16T14:00:00,
ENR00008814,USR007339,MINDGUARD,active,2026-02-19T00:00:00,
ENR00008815,USR007339,HEALTH_RESERVE,active,2026-02-16T22:00:00,
ENR00008816,USR007340,MINDGUARD,active,2025-12-16T07:00:00,
ENR00008817,USR007341,MINDGUARD,active,2025-09-30T18:00:00,
ENR00008818,USR007342,MINDGUARD,active,2026-01-09T06:00:00,
ENR00008819,USR007342,HEALTH_RESERVE,active,2026-01-03T17:00:00,
ENR00008820,USR007343,MINDGUARD,active,2025-10-26T17:00:00,
ENR00008821,USR007344,MINDGUARD,active,2026-01-16T22:00:00,
ENR00008822,USR007344,HEALTH_RESERVE,active,2026-01-04T14:00:00,
ENR00008823,USR007345,MINDGUARD,active,2025-10-18T01:00:00,
ENR00008824,USR007345,HEALTH_RESERVE,active,2025-10-21T05:00:00,
ENR00008825,USR007346,MINDGUARD,active,2025-10-03T08:00:00,
ENR00008826,USR007347,MINDGUARD,active,2025-09-21T22:00:00,
ENR00008827,USR007348,HEALTH_RESERVE,active,2025-10-01T00:00:00,
ENR00008828,USR007349,MINDGUARD,active,2025-12-17T02:00:00,
ENR00008829,USR007350,MINDGUARD,active,2025-10-30T11:00:00,
ENR00008830,USR007351,MINDGUARD,active,2025-10-26T23:00:00,
ENR00008831,USR007352,MINDGUARD,active,2026-01-17T04:00:00,
ENR00008832,USR007353,MINDGUARD,active,2026-01-10T18:00:00,
ENR00008833,USR007354,HEALTH_RESERVE,active,2026-02-06T17:00:00,
ENR00008834,USR007355,MINDGUARD,active,2026-01-14T11:00:00,
ENR00008835,USR007356,MINDGUARD,active,2026-01-26T16:00:00,
ENR00008836,USR007357,HEALTH_RESERVE,active,2025-11-17T04:00:00,
ENR00008837,USR007358,MINDGUARD,active,2026-02-11T09:00:00,
ENR00008838,USR007359,MINDGUARD,active,2026-01-29T05:00:00,
ENR00008839,USR007360,HEALTH_RESERVE,active,2026-02-11T19:00:00,
ENR00008840,USR007361,MINDGUARD,active,2025-12-09T00:00:00,
ENR00008841,USR007362,HEALTH_RESERVE,active,2025-09-29T06:00:00,
ENR00008842,USR007363,MINDGUARD,active,2026-02-20T15:00:00,
ENR00008843,USR007363,HEALTH_RESERVE,active,2026-02-24T10:00:00,
ENR00008844,USR007364,MINDGUARD,active,2025-10-23T18:00:00,
ENR00008845,USR007364,HEALTH_RESERVE,active,2025-10-17T19:00:00,
ENR00008846,USR007365,MINDGUARD,active,2025-12-27T11:00:00,
ENR00008847,USR007365,HEALTH_RESERVE,active,2025-12-30T18:00:00,
ENR00008848,USR007366,MINDGUARD,active,2025-11-26T23:00:00,
ENR00008849,USR007367,HEALTH_RESERVE,active,2025-11-03T15:00:00,
ENR00008850,USR007368,MINDGUARD,active,2025-11-26T04:00:00,
ENR00008851,USR007369,MINDGUARD,active,2025-11-15T01:00:00,
ENR00008852,USR007370,MINDGUARD,active,2025-11-29T04:00:00,
ENR00008853,USR007371,MINDGUARD,active,2025-09-22T16:00:00,
ENR00008854,USR007371,HEALTH_RESERVE,active,2025-09-28T19:00:00,
ENR00008855,USR007372,MINDGUARD,active,2025-11-02T22:00:00,
ENR00008856,USR007373,HEALTH_RESERVE,active,2025-10-20T05:00:00,
ENR00008857,USR007374,MINDGUARD,active,2025-10-09T09:00:00,
ENR00008858,USR007374,HEALTH_RESERVE,active,2025-10-09T05:00:00,
ENR00008859,USR007375,HEALTH_RESERVE,active,2025-10-25T18:00:00,
ENR00008860,USR007376,MINDGUARD,active,2026-02-13T21:00:00,
ENR00008861,USR007377,MINDGUARD,active,2026-02-14T04:00:00,
ENR00008862,USR007378,HEALTH_RESERVE,active,2025-11-10T21:00:00,
ENR00008863,USR007379,MINDGUARD,active,2025-12-27T05:00:00,
ENR00008864,USR007379,HEALTH_RESERVE,active,2026-01-01T01:00:00,
ENR00008865,USR007380,MINDGUARD,active,2026-01-31T14:00:00,
ENR00008866,USR007381,MINDGUARD,active,2025-12-19T06:00:00,
ENR00008867,USR007382,MINDGUARD,active,2025-12-25T11:00:00,
ENR00008868,USR007383,HEALTH_RESERVE,active,2025-11-11T08:00:00,
ENR00008869,USR007384,MINDGUARD,active,2026-01-18T08:00:00,
ENR00008870,USR007385,MINDGUARD,active,2025-11-29T08:00:00,
ENR00008871,USR007385,HEALTH_RESERVE,active,2025-12-06T11:00:00,
ENR00008872,USR007386,MINDGUARD,active,2025-10-28T03:00:00,
ENR00008873,USR007386,HEALTH_RESERVE,active,2025-10-14T20:00:00,
ENR00008874,USR007387,MINDGUARD,active,2025-09-24T09:00:00,
ENR00008875,USR007388,MINDGUARD,active,2025-11-25T17:00:00,
ENR00008876,USR007389,HEALTH_RESERVE,active,2026-01-30T21:00:00,
ENR00008877,USR007390,MINDGUARD,active,2025-10-05T09:00:00,
ENR00008878,USR007391,MINDGUARD,active,2025-12-21T21:00:00,
ENR00008879,USR007392,HEALTH_RESERVE,active,2026-01-20T06:00:00,
ENR00008880,USR007393,HEALTH_RESERVE,active,2026-02-06T19:00:00,
ENR00008881,USR007394,MINDGUARD,active,2025-11-06T13:00:00,
ENR00008882,USR007394,HEALTH_RESERVE,active,2025-11-03T15:00:00,
ENR00008883,USR007395,MINDGUARD,active,2025-11-11T00:00:00,
ENR00008884,USR007396,MINDGUARD,active,2025-12-24T17:00:00,
ENR00008885,USR007396,HEALTH_RESERVE,active,2025-12-20T17:00:00,
ENR00008886,USR007397,MINDGUARD,active,2025-12-01T21:00:00,
ENR00008887,USR007398,MINDGUARD,active,2025-12-23T14:00:00,
ENR00008888,USR007399,HEALTH_RESERVE,active,2025-10-01T20:00:00,
ENR00008889,USR007400,MINDGUARD,active,2025-10-14T22:00:00,
ENR00008890,USR007400,HEALTH_RESERVE,active,2025-10-16T17:00:00,
ENR00008891,USR007401,MINDGUARD,active,2025-12-30T00:00:00,
ENR00008892,USR007401,HEALTH_RESERVE,active,2026-01-12T06:00:00,
ENR00008893,USR007402,MINDGUARD,active,2025-10-15T18:00:00,
ENR00008894,USR007403,MINDGUARD,active,2025-11-14T17:00:00,
ENR00008895,USR007404,MINDGUARD,active,2025-10-09T20:00:00,
ENR00008896,USR007405,MINDGUARD,active,2026-02-01T18:00:00,
ENR00008897,USR007406,MINDGUARD,active,2025-12-23T05:00:00,
ENR00008898,USR007407,HEALTH_RESERVE,active,2025-10-22T18:00:00,
ENR00008899,USR007408,HEALTH_RESERVE,active,2026-01-15T10:00:00,
ENR00008900,USR007409,MINDGUARD,active,2026-01-09T02:00:00,
ENR00008901,USR007410,MINDGUARD,active,2025-12-10T11:00:00,
ENR00008902,USR007410,HEALTH_RESERVE,active,2025-12-17T12:00:00,
ENR00008903,USR007411,MINDGUARD,active,2025-09-25T08:00:00,
ENR00008904,USR007412,MINDGUARD,active,2025-12-27T20:00:00,
ENR00008905,USR007413,HEALTH_RESERVE,active,2025-10-26T07:00:00,
ENR00008906,USR007414,MINDGUARD,active,2025-10-11T06:00:00,
ENR00008907,USR007415,MINDGUARD,active,2025-12-03T03:00:00,
ENR00008908,USR007415,HEALTH_RESERVE,active,2025-12-01T17:00:00,
ENR00008909,USR007416,MINDGUARD,discontinued,2025-11-10T09:00:00,2026-07-29T10:20:00
ENR00008910,USR007417,HEALTH_RESERVE,active,2025-12-22T05:00:00,
ENR00008911,USR007418,MINDGUARD,active,2026-01-09T00:00:00,
ENR00008912,USR007418,HEALTH_RESERVE,active,2026-01-14T04:00:00,
ENR00008913,USR007419,HEALTH_RESERVE,active,2025-11-27T09:00:00,
ENR00008914,USR007420,MINDGUARD,active,2025-10-15T07:00:00,
ENR00008915,USR007420,HEALTH_RESERVE,active,2025-10-17T07:00:00,
ENR00008916,USR007421,MINDGUARD,active,2025-11-14T15:00:00,
ENR00008917,USR007421,HEALTH_RESERVE,active,2025-11-23T14:00:00,
ENR00008918,USR007422,MINDGUARD,active,2025-10-26T16:00:00,
ENR00008919,USR007423,MINDGUARD,active,2025-10-31T15:00:00,
ENR00008920,USR007424,MINDGUARD,active,2025-11-17T09:00:00,
ENR00008921,USR007425,HEALTH_RESERVE,active,2025-10-07T14:00:00,
ENR00008922,USR007426,MINDGUARD,active,2026-01-30T09:00:00,
ENR00008923,USR007427,MINDGUARD,active,2025-10-14T19:00:00,
ENR00008924,USR007428,MINDGUARD,active,2025-12-15T02:00:00,
ENR00008925,USR007429,MINDGUARD,active,2025-10-18T00:00:00,
ENR00008926,USR007430,MINDGUARD,active,2025-12-04T12:00:00,
ENR00008927,USR007430,HEALTH_RESERVE,active,2025-12-09T17:00:00,
ENR00008928,USR007431,HEALTH_RESERVE,active,2026-01-21T03:00:00,
ENR00008929,USR007432,HEALTH_RESERVE,active,2026-01-27T17:00:00,
ENR00008930,USR007433,MINDGUARD,active,2025-10-25T16:00:00,
ENR00008931,USR007434,MINDGUARD,active,2025-11-16T03:00:00,
ENR00008932,USR007435,MINDGUARD,active,2025-12-25T03:00:00,
ENR00008933,USR007436,MINDGUARD,active,2025-10-17T08:00:00,
ENR00008934,USR007436,HEALTH_RESERVE,active,2025-10-12T14:00:00,
ENR00008935,USR007437,HEALTH_RESERVE,active,2025-12-29T01:00:00,
ENR00008936,USR007438,MINDGUARD,active,2025-11-17T16:00:00,
ENR00008937,USR007439,MINDGUARD,active,2026-02-09T11:00:00,
ENR00008938,USR007440,MINDGUARD,active,2025-09-26T18:00:00,
ENR00008939,USR007441,MINDGUARD,active,2025-10-03T20:00:00,
ENR00008940,USR007442,MINDGUARD,active,2026-02-11T08:00:00,
ENR00008941,USR007442,HEALTH_RESERVE,active,2026-02-14T01:00:00,
ENR00008942,USR007443,HEALTH_RESERVE,active,2026-01-29T03:00:00,
ENR00008943,USR007444,HEALTH_RESERVE,active,2025-12-06T05:00:00,
ENR00008944,USR007445,HEALTH_RESERVE,active,2026-01-12T10:00:00,
ENR00008945,USR007446,MINDGUARD,active,2026-01-01T16:00:00,
ENR00008946,USR007447,MINDGUARD,active,2026-01-03T16:00:00,
ENR00008947,USR007447,HEALTH_RESERVE,active,2025-12-24T06:00:00,
ENR00008948,USR007448,MINDGUARD,active,2025-12-02T13:00:00,
ENR00008949,USR007449,MINDGUARD,active,2025-11-29T09:00:00,
ENR00008950,USR007450,MINDGUARD,active,2025-10-13T11:00:00,
ENR00008951,USR007450,HEALTH_RESERVE,active,2025-10-03T11:00:00,
ENR00008952,USR007451,MINDGUARD,active,2025-12-21T14:00:00,
ENR00008953,USR007452,MINDGUARD,active,2025-10-12T14:00:00,
ENR00008954,USR007453,MINDGUARD,active,2026-02-05T08:00:00,
ENR00008955,USR007453,HEALTH_RESERVE,active,2026-02-15T05:00:00,
ENR00008956,USR007454,MINDGUARD,active,2025-09-28T11:00:00,
ENR00008957,USR007455,HEALTH_RESERVE,active,2025-12-12T02:00:00,
ENR00008958,USR007456,MINDGUARD,active,2025-09-27T19:00:00,
ENR00008959,USR007457,MINDGUARD,active,2025-10-23T09:00:00,
ENR00008960,USR007458,MINDGUARD,active,2026-02-17T21:00:00,
ENR00008961,USR007459,MINDGUARD,active,2026-02-05T17:00:00,
ENR00008962,USR007460,MINDGUARD,active,2025-10-19T21:00:00,
ENR00008963,USR007461,MINDGUARD,active,2026-01-05T05:00:00,
ENR00008964,USR007462,MINDGUARD,active,2025-12-09T19:00:00,
ENR00008965,USR007463,MINDGUARD,active,2025-10-12T23:00:00,
ENR00008966,USR007463,HEALTH_RESERVE,active,2025-10-21T17:00:00,
ENR00008967,USR007464,MINDGUARD,active,2025-11-01T00:00:00,
ENR00008968,USR007465,MINDGUARD,active,2026-01-08T16:00:00,
ENR00008969,USR007466,MINDGUARD,active,2025-12-26T14:00:00,
ENR00008970,USR007467,MINDGUARD,active,2025-12-08T07:00:00,
ENR00008971,USR007468,HEALTH_RESERVE,active,2025-10-15T23:00:00,
ENR00008972,USR007469,MINDGUARD,active,2026-01-20T16:00:00,
ENR00008973,USR007469,HEALTH_RESERVE,active,2026-01-14T09:00:00,
ENR00008974,USR007470,MINDGUARD,active,2025-11-24T10:00:00,
ENR00008975,USR007471,HEALTH_RESERVE,active,2025-12-06T15:00:00,
ENR00008976,USR007472,MINDGUARD,active,2025-10-20T10:00:00,
ENR00008977,USR007473,HEALTH_RESERVE,active,2026-01-07T07:00:00,
ENR00008978,USR007474,HEALTH_RESERVE,active,2025-12-07T21:00:00,
ENR00008979,USR007475,MINDGUARD,active,2026-01-31T00:00:00,
ENR00008980,USR007475,HEALTH_RESERVE,active,2026-01-25T20:00:00,
ENR00008981,USR007476,MINDGUARD,active,2025-12-14T08:00:00,
ENR00008982,USR007477,MINDGUARD,active,2025-12-20T19:00:00,
ENR00008983,USR007477,HEALTH_RESERVE,active,2025-12-21T15:00:00,
ENR00008984,USR007478,MINDGUARD,active,2025-12-28T12:00:00,
ENR00008985,USR007479,HEALTH_RESERVE,active,2025-11-15T11:00:00,
ENR00008986,USR007480,MINDGUARD,active,2025-10-01T07:00:00,
ENR00008987,USR007480,HEALTH_RESERVE,active,2025-10-04T23:00:00,
ENR00008988,USR007481,MINDGUARD,active,2026-02-18T02:00:00,
ENR00008989,USR007482,MINDGUARD,active,2026-01-23T05:00:00,
ENR00008990,USR007483,MINDGUARD,active,2025-11-10T02:00:00,
ENR00008991,USR007484,HEALTH_RESERVE,active,2026-01-10T03:00:00,
ENR00008992,USR007485,MINDGUARD,active,2026-01-04T22:00:00,
ENR00008993,USR007486,MINDGUARD,active,2025-10-16T06:00:00,
ENR00008994,USR007487,MINDGUARD,active,2025-11-28T22:00:00,
ENR00008995,USR007488,MINDGUARD,active,2025-10-31T07:00:00,
ENR00008996,USR007488,HEALTH_RESERVE,active,2025-11-01T09:00:00,
ENR00008997,USR007489,MINDGUARD,active,2025-12-29T05:00:00,
ENR00008998,USR007490,MINDGUARD,active,2026-02-07T11:00:00,
ENR00008999,USR007491,MINDGUARD,active,2025-12-21T14:00:00,
ENR00009000,USR007492,HEALTH_RESERVE,active,2025-12-02T11:00:00,
ENR00009001,USR007493,MINDGUARD,active,2026-01-26T13:00:00,
ENR00009002,USR007494,MINDGUARD,active,2026-02-04T17:00:00,
ENR00009003,USR007495,MINDGUARD,active,2025-10-11T05:00:00,
ENR00009004,USR007496,MINDGUARD,active,2025-10-06T00:00:00,
ENR00009005,USR007497,MINDGUARD,active,2025-10-11T13:00:00,
ENR00009006,USR007497,HEALTH_RESERVE,active,2025-10-22T13:00:00,
ENR00009007,USR007498,MINDGUARD,active,2025-10-17T09:00:00,
ENR00009008,USR007499,MINDGUARD,active,2026-01-03T19:00:00,
ENR00009009,USR007499,HEALTH_RESERVE,active,2025-12-29T13:00:00,
ENR00009010,USR007500,MINDGUARD,active,2025-09-29T01:00:00,
ENR00009011,USR007501,MINDGUARD,active,2025-11-07T16:00:00,
ENR00009012,USR007501,HEALTH_RESERVE,active,2025-11-15T18:00:00,
ENR00009013,USR007502,MINDGUARD,active,2026-01-01T04:00:00,
ENR00009014,USR007502,HEALTH_RESERVE,active,2026-01-08T13:00:00,
ENR00009015,USR007503,MINDGUARD,active,2025-10-25T20:00:00,
ENR00009016,USR007504,MINDGUARD,active,2025-12-14T11:00:00,
ENR00009017,USR007504,HEALTH_RESERVE,active,2025-12-21T19:00:00,
ENR00009018,USR007505,MINDGUARD,active,2026-01-25T07:00:00,
ENR00009019,USR007506,MINDGUARD,active,2025-10-30T04:00:00,
ENR00009020,USR007506,HEALTH_RESERVE,active,2025-11-03T20:00:00,
ENR00009021,USR007507,MINDGUARD,active,2026-02-03T08:00:00,
ENR00009022,USR007508,HEALTH_RESERVE,active,2025-12-06T20:00:00,
ENR00009023,USR007509,MINDGUARD,active,2025-12-23T14:00:00,
ENR00009024,USR007509,HEALTH_RESERVE,active,2025-12-18T08:00:00,
ENR00009025,USR007510,MINDGUARD,active,2026-02-02T17:00:00,
ENR00009026,USR007511,MINDGUARD,active,2025-11-24T11:00:00,
ENR00009027,USR007511,HEALTH_RESERVE,active,2025-11-29T02:00:00,
ENR00009028,USR007512,MINDGUARD,active,2026-01-01T04:00:00,
ENR00009029,USR007513,MINDGUARD,active,2026-01-15T08:00:00,
ENR00009030,USR007513,HEALTH_RESERVE,active,2026-01-15T11:00:00,
ENR00009031,USR007514,MINDGUARD,active,2025-12-25T07:00:00,
ENR00009032,USR007515,MINDGUARD,active,2026-01-29T01:00:00,
ENR00009033,USR007515,HEALTH_RESERVE,active,2026-01-21T00:00:00,
ENR00009034,USR007516,HEALTH_RESERVE,active,2026-02-12T19:00:00,
ENR00009035,USR007517,HEALTH_RESERVE,active,2026-01-31T14:00:00,
ENR00009036,USR007518,MINDGUARD,active,2026-01-15T10:00:00,
ENR00009037,USR007519,HEALTH_RESERVE,active,2025-12-01T15:00:00,
ENR00009038,USR007520,MINDGUARD,active,2026-01-08T11:00:00,
ENR00009039,USR007521,MINDGUARD,active,2026-01-31T23:00:00,
ENR00009040,USR007521,HEALTH_RESERVE,active,2026-02-02T23:00:00,
ENR00009041,USR007522,MINDGUARD,active,2025-12-05T01:00:00,
ENR00009042,USR007523,MINDGUARD,active,2025-10-20T03:00:00,
ENR00009043,USR007524,MINDGUARD,active,2025-10-01T13:00:00,
ENR00009044,USR007525,MINDGUARD,active,2026-01-16T07:00:00,
ENR00009045,USR007526,MINDGUARD,active,2026-02-19T03:00:00,
ENR00009046,USR007527,MINDGUARD,active,2025-09-21T10:00:00,
ENR00009047,USR007528,MINDGUARD,active,2025-11-10T14:00:00,
ENR00009048,USR007529,HEALTH_RESERVE,active,2025-11-11T20:00:00,
ENR00009049,USR007530,MINDGUARD,active,2025-12-03T11:00:00,
ENR00009050,USR007531,MINDGUARD,active,2025-11-24T05:00:00,
ENR00009051,USR007532,MINDGUARD,active,2026-01-31T07:00:00,
ENR00009052,USR007533,HEALTH_RESERVE,active,2026-01-01T01:00:00,
ENR00009053,USR007534,HEALTH_RESERVE,active,2025-11-01T15:00:00,
ENR00009054,USR007535,MINDGUARD,active,2025-12-16T18:00:00,
ENR00009055,USR007536,HEALTH_RESERVE,active,2025-12-19T08:00:00,
ENR00009056,USR007537,MINDGUARD,active,2025-10-21T04:00:00,
ENR00009057,USR007538,MINDGUARD,active,2026-02-12T15:00:00,
ENR00009058,USR007539,HEALTH_RESERVE,active,2025-09-28T15:00:00,
ENR00009059,USR007540,MINDGUARD,active,2025-10-21T12:00:00,
ENR00009060,USR007541,MINDGUARD,active,2025-12-20T00:00:00,
ENR00009061,USR007541,HEALTH_RESERVE,active,2025-12-17T21:00:00,
ENR00009062,USR007542,MINDGUARD,active,2025-11-02T07:00:00,
ENR00009063,USR007543,MINDGUARD,active,2025-12-05T09:00:00,
ENR00009064,USR007544,MINDGUARD,active,2025-09-26T19:00:00,
ENR00009065,USR007545,MINDGUARD,active,2025-11-05T19:00:00,
ENR00009066,USR007546,HEALTH_RESERVE,active,2025-12-15T18:00:00,
ENR00009067,USR007547,MINDGUARD,active,2025-12-05T12:00:00,
ENR00009068,USR007548,MINDGUARD,active,2026-01-01T15:00:00,
ENR00009069,USR007549,MINDGUARD,active,2025-12-31T02:00:00,
ENR00009070,USR007550,MINDGUARD,active,2025-12-29T19:00:00,
ENR00009071,USR007551,MINDGUARD,active,2025-11-05T13:00:00,
ENR00009072,USR007552,HEALTH_RESERVE,active,2025-12-14T08:00:00,
ENR00009073,USR007553,MINDGUARD,active,2026-01-15T17:00:00,
ENR00009074,USR007553,HEALTH_RESERVE,active,2026-01-06T20:00:00,
ENR00009075,USR007554,MINDGUARD,active,2025-11-30T03:00:00,
ENR00009076,USR007554,HEALTH_RESERVE,active,2025-11-25T06:00:00,
ENR00009077,USR007555,MINDGUARD,active,2026-01-16T14:00:00,
ENR00009078,USR007556,MINDGUARD,active,2025-10-28T13:00:00,
ENR00009079,USR007557,MINDGUARD,active,2025-11-07T09:00:00,
ENR00009080,USR007558,HEALTH_RESERVE,active,2025-12-17T11:00:00,
ENR00009081,USR007559,MINDGUARD,active,2026-01-11T18:00:00,
ENR00009082,USR007560,MINDGUARD,active,2026-02-02T01:00:00,
ENR00009083,USR007561,MINDGUARD,active,2025-11-02T03:00:00,
ENR00009084,USR007561,HEALTH_RESERVE,active,2025-11-10T05:00:00,
ENR00009085,USR007562,MINDGUARD,active,2026-01-12T05:00:00,
ENR00009086,USR007563,MINDGUARD,active,2026-02-06T16:00:00,
ENR00009087,USR007563,HEALTH_RESERVE,active,2026-02-15T07:00:00,
ENR00009088,USR007564,MINDGUARD,active,2025-11-03T23:00:00,
ENR00009089,USR007565,HEALTH_RESERVE,active,2025-09-24T16:00:00,
ENR00009090,USR007566,MINDGUARD,active,2025-11-12T20:00:00,
ENR00009091,USR007567,HEALTH_RESERVE,active,2025-09-26T06:00:00,
ENR00009092,USR007568,MINDGUARD,active,2025-12-30T07:00:00,
ENR00009093,USR007569,MINDGUARD,active,2026-01-14T08:00:00,
ENR00009094,USR007570,HEALTH_RESERVE,active,2025-12-18T09:00:00,
ENR00009095,USR007571,MINDGUARD,active,2025-11-14T17:00:00,
ENR00009096,USR007571,HEALTH_RESERVE,active,2025-11-05T08:00:00,
ENR00009097,USR007572,MINDGUARD,active,2025-12-05T17:00:00,
ENR00009098,USR007573,MINDGUARD,active,2025-12-26T19:00:00,
ENR00009099,USR007574,MINDGUARD,active,2026-01-03T08:00:00,
ENR00009100,USR007574,HEALTH_RESERVE,active,2026-01-05T01:00:00,
ENR00009101,USR007575,MINDGUARD,active,2025-11-19T01:00:00,
ENR00009102,USR007575,HEALTH_RESERVE,active,2025-11-19T17:00:00,
ENR00009103,USR007576,MINDGUARD,active,2025-10-08T08:00:00,
ENR00009104,USR007577,MINDGUARD,active,2025-09-26T13:00:00,
ENR00009105,USR007578,MINDGUARD,active,2025-09-25T16:00:00,
ENR00009106,USR007579,MINDGUARD,active,2026-01-10T09:00:00,
ENR00009107,USR007580,MINDGUARD,active,2026-01-21T21:00:00,
ENR00009108,USR007581,MINDGUARD,active,2025-09-27T03:00:00,
ENR00009109,USR007582,MINDGUARD,active,2025-10-28T04:00:00,
ENR00009110,USR007583,MINDGUARD,active,2025-09-26T19:00:00,
ENR00009111,USR007584,MINDGUARD,active,2025-10-10T01:00:00,
ENR00009112,USR007585,MINDGUARD,active,2026-01-04T17:00:00,
ENR00009113,USR007586,HEALTH_RESERVE,active,2025-11-21T21:00:00,
ENR00009114,USR007587,MINDGUARD,active,2025-10-18T19:00:00,
ENR00009115,USR007587,HEALTH_RESERVE,active,2025-10-09T13:00:00,
ENR00009116,USR007588,HEALTH_RESERVE,active,2025-12-19T23:00:00,
ENR00009117,USR007589,MINDGUARD,active,2025-10-22T16:00:00,
ENR00009118,USR007590,MINDGUARD,active,2025-11-26T04:00:00,
ENR00009119,USR007591,MINDGUARD,active,2026-02-01T02:00:00,
ENR00009120,USR007592,MINDGUARD,active,2025-09-25T22:00:00,
ENR00009121,USR007593,HEALTH_RESERVE,active,2025-11-25T19:00:00,
ENR00009122,USR007594,HEALTH_RESERVE,active,2025-10-09T01:00:00,
ENR00009123,USR007595,MINDGUARD,active,2025-10-29T02:00:00,
ENR00009124,USR007596,MINDGUARD,active,2026-01-30T15:00:00,
ENR00009125,USR007597,MINDGUARD,active,2025-11-18T20:00:00,
ENR00009126,USR007598,MINDGUARD,active,2025-11-08T11:00:00,
ENR00009127,USR007598,HEALTH_RESERVE,active,2025-11-07T11:00:00,
ENR00009128,USR007599,MINDGUARD,active,2026-01-30T08:00:00,
ENR00009129,USR007599,HEALTH_RESERVE,active,2026-01-21T10:00:00,
ENR00009130,USR007600,MINDGUARD,active,2025-12-13T13:00:00,
ENR00009131,USR007600,HEALTH_RESERVE,active,2025-12-19T10:00:00,
ENR00009132,USR007601,HEALTH_RESERVE,active,2025-10-05T14:00:00,
ENR00009133,USR007602,MINDGUARD,active,2026-01-13T23:00:00,
ENR00009134,USR007602,HEALTH_RESERVE,active,2026-01-22T08:00:00,
ENR00009135,USR007603,HEALTH_RESERVE,active,2026-01-17T07:00:00,
ENR00009136,USR007604,MINDGUARD,active,2025-10-24T01:00:00,
ENR00009137,USR007604,HEALTH_RESERVE,active,2025-10-27T00:00:00,
ENR00009138,USR007605,HEALTH_RESERVE,active,2026-01-03T18:00:00,
ENR00009139,USR007606,MINDGUARD,active,2026-02-11T13:00:00,
ENR00009140,USR007607,MINDGUARD,active,2025-12-13T16:00:00,
ENR00009141,USR007608,MINDGUARD,active,2026-02-03T10:00:00,
ENR00009142,USR007609,MINDGUARD,active,2025-12-17T22:00:00,
ENR00009143,USR007609,HEALTH_RESERVE,active,2025-12-20T00:00:00,
ENR00009144,USR007610,MINDGUARD,active,2025-10-04T03:00:00,
ENR00009145,USR007610,HEALTH_RESERVE,active,2025-09-29T17:00:00,
ENR00009146,USR007611,HEALTH_RESERVE,active,2025-10-28T05:00:00,
ENR00009147,USR007612,MINDGUARD,active,2025-11-23T00:00:00,
ENR00009148,USR007612,HEALTH_RESERVE,active,2025-11-18T19:00:00,
ENR00009149,USR007613,MINDGUARD,active,2025-12-06T01:00:00,
ENR00009150,USR007614,MINDGUARD,active,2025-11-06T11:00:00,
ENR00009151,USR007615,MINDGUARD,active,2026-01-12T01:00:00,
ENR00009152,USR007616,MINDGUARD,active,2025-10-03T06:00:00,
ENR00009153,USR007617,MINDGUARD,active,2025-09-28T01:00:00,
ENR00009154,USR007618,HEALTH_RESERVE,active,2025-12-07T18:00:00,
ENR00009155,USR007619,MINDGUARD,active,2025-10-05T15:00:00,
ENR00009156,USR007620,MINDGUARD,active,2025-11-30T03:00:00,
ENR00009157,USR007621,HEALTH_RESERVE,active,2025-10-21T08:00:00,
ENR00009158,USR007622,MINDGUARD,active,2026-01-26T23:00:00,
ENR00009159,USR007623,MINDGUARD,active,2026-01-03T04:00:00,
ENR00009160,USR007624,MINDGUARD,active,2025-09-30T09:00:00,
ENR00009161,USR007624,HEALTH_RESERVE,active,2025-09-23T10:00:00,
ENR00009162,USR007625,HEALTH_RESERVE,active,2025-11-16T10:00:00,
ENR00009163,USR007626,HEALTH_RESERVE,active,2025-12-23T02:00:00,
ENR00009164,USR007627,MINDGUARD,active,2026-01-19T08:00:00,
ENR00009165,USR007628,HEALTH_RESERVE,active,2025-10-01T10:00:00,
ENR00009166,USR007629,HEALTH_RESERVE,active,2026-02-13T02:00:00,
ENR00009167,USR007630,MINDGUARD,active,2025-10-04T13:00:00,
ENR00009168,USR007631,MINDGUARD,active,2025-12-01T20:00:00,
ENR00009169,USR007632,MINDGUARD,active,2025-10-11T05:00:00,
ENR00009170,USR007633,MINDGUARD,active,2025-11-29T21:00:00,
ENR00009171,USR007634,MINDGUARD,active,2025-11-09T20:00:00,
ENR00009172,USR007635,MINDGUARD,active,2025-11-05T04:00:00,
ENR00009173,USR007636,MINDGUARD,active,2026-01-07T05:00:00,
ENR00009174,USR007636,HEALTH_RESERVE,active,2026-01-12T04:00:00,
ENR00009175,USR007637,HEALTH_RESERVE,active,2025-11-13T06:00:00,
ENR00009176,USR007638,MINDGUARD,active,2025-11-19T19:00:00,
ENR00009177,USR007638,HEALTH_RESERVE,active,2025-11-22T20:00:00,
ENR00009178,USR007639,HEALTH_RESERVE,active,2025-10-10T07:00:00,
ENR00009179,USR007640,MINDGUARD,active,2025-11-25T17:00:00,
ENR00009180,USR007640,HEALTH_RESERVE,active,2025-11-15T21:00:00,
ENR00009181,USR007641,MINDGUARD,active,2025-10-01T11:00:00,
ENR00009182,USR007642,MINDGUARD,active,2026-01-11T12:00:00,
ENR00009183,USR007643,MINDGUARD,active,2025-11-15T05:00:00,
ENR00009184,USR007644,MINDGUARD,active,2025-10-21T21:00:00,
ENR00009185,USR007645,MINDGUARD,active,2026-01-09T16:00:00,
ENR00009186,USR007645,HEALTH_RESERVE,active,2026-01-12T12:00:00,
ENR00009187,USR007646,MINDGUARD,active,2025-10-03T00:00:00,
ENR00009188,USR007647,MINDGUARD,active,2026-01-05T23:00:00,
ENR00009189,USR007648,MINDGUARD,active,2025-10-05T08:00:00,
ENR00009190,USR007649,MINDGUARD,active,2025-11-16T22:00:00,
ENR00009191,USR007650,MINDGUARD,active,2025-10-28T02:00:00,
ENR00009192,USR007651,MINDGUARD,active,2026-01-14T22:00:00,
ENR00009193,USR007652,MINDGUARD,active,2025-12-16T10:00:00,
ENR00009194,USR007652,HEALTH_RESERVE,active,2025-12-24T10:00:00,
ENR00009195,USR007653,MINDGUARD,active,2026-01-16T22:00:00,
ENR00009196,USR007654,MINDGUARD,active,2025-10-26T20:00:00,
ENR00009197,USR007655,MINDGUARD,active,2025-12-28T05:00:00,
ENR00009198,USR007656,MINDGUARD,active,2025-10-28T05:00:00,
ENR00009199,USR007656,HEALTH_RESERVE,active,2025-10-20T11:00:00,
ENR00009200,USR007657,MINDGUARD,active,2026-02-22T08:00:00,
ENR00009201,USR007658,MINDGUARD,active,2025-10-25T02:00:00,
ENR00009202,USR007659,MINDGUARD,active,2025-12-11T04:00:00,
ENR00009203,USR007659,HEALTH_RESERVE,active,2025-12-10T22:00:00,
ENR00009204,USR007660,HEALTH_RESERVE,active,2026-02-05T05:00:00,
ENR00009205,USR007661,MINDGUARD,active,2025-12-21T12:00:00,
ENR00009206,USR007661,HEALTH_RESERVE,active,2025-12-13T05:00:00,
ENR00009207,USR007662,MINDGUARD,active,2025-10-30T16:00:00,
ENR00009208,USR007663,MINDGUARD,active,2026-02-08T11:00:00,
ENR00009209,USR007664,HEALTH_RESERVE,active,2026-02-08T21:00:00,
ENR00009210,USR007665,MINDGUARD,active,2026-02-16T20:00:00,
ENR00009211,USR007666,HEALTH_RESERVE,active,2025-11-16T05:00:00,
ENR00009212,USR007667,MINDGUARD,active,2025-09-27T12:00:00,
ENR00009213,USR007668,MINDGUARD,active,2025-11-15T13:00:00,
ENR00009214,USR007669,MINDGUARD,active,2025-11-21T15:00:00,
ENR00009215,USR007670,MINDGUARD,active,2026-01-27T08:00:00,
ENR00009216,USR007670,HEALTH_RESERVE,active,2026-01-24T09:00:00,
ENR00009217,USR007671,HEALTH_RESERVE,active,2025-11-14T20:00:00,
ENR00009218,USR007672,MINDGUARD,active,2025-09-29T23:00:00,
ENR00009219,USR007673,HEALTH_RESERVE,active,2025-11-09T07:00:00,
ENR00009220,USR007674,MINDGUARD,active,2025-12-17T12:00:00,
ENR00009221,USR007675,MINDGUARD,active,2025-10-05T09:00:00,
ENR00009222,USR007676,HEALTH_RESERVE,active,2026-01-17T18:00:00,
ENR00009223,USR007677,MINDGUARD,active,2025-10-09T11:00:00,
ENR00009224,USR007677,HEALTH_RESERVE,active,2025-09-29T04:00:00,
ENR00009225,USR007678,HEALTH_RESERVE,active,2025-12-24T11:00:00,
ENR00009226,USR007679,MINDGUARD,active,2026-01-11T12:00:00,
ENR00009227,USR007680,MINDGUARD,active,2025-11-30T05:00:00,
ENR00009228,USR007681,HEALTH_RESERVE,active,2025-09-28T01:00:00,
ENR00009229,USR007682,MINDGUARD,active,2026-02-06T01:00:00,
ENR00009230,USR007683,MINDGUARD,active,2025-12-04T13:00:00,
ENR00009231,USR007684,HEALTH_RESERVE,active,2026-01-06T15:00:00,
ENR00009232,USR007685,MINDGUARD,active,2026-02-04T09:00:00,
ENR00009233,USR007685,HEALTH_RESERVE,active,2026-02-12T02:00:00,
ENR00009234,USR007686,MINDGUARD,active,2025-11-27T18:00:00,
ENR00009235,USR007687,HEALTH_RESERVE,active,2025-10-06T19:00:00,
ENR00009236,USR007688,MINDGUARD,active,2026-01-11T17:00:00,
ENR00009237,USR007689,HEALTH_RESERVE,active,2025-11-27T11:00:00,
ENR00009238,USR007690,MINDGUARD,active,2025-11-12T23:00:00,
ENR00009239,USR007690,HEALTH_RESERVE,active,2025-11-22T23:00:00,
ENR00009240,USR007691,MINDGUARD,active,2025-11-12T13:00:00,
ENR00009241,USR007692,HEALTH_RESERVE,active,2025-11-20T23:00:00,
ENR00009242,USR007693,MINDGUARD,active,2025-12-18T08:00:00,
ENR00009243,USR007693,HEALTH_RESERVE,active,2025-12-24T13:00:00,
ENR00009244,USR007694,MINDGUARD,active,2026-01-14T14:00:00,
ENR00009245,USR007695,MINDGUARD,active,2026-01-31T08:00:00,
ENR00009246,USR007696,HEALTH_RESERVE,active,2026-02-25T14:00:00,
ENR00009247,USR007697,HEALTH_RESERVE,active,2025-10-31T09:00:00,
ENR00009248,USR007698,MINDGUARD,active,2026-01-21T19:00:00,
ENR00009249,USR007699,MINDGUARD,active,2025-10-02T02:00:00,
ENR00009250,USR007700,MINDGUARD,active,2025-10-22T05:00:00,
ENR00009251,USR007701,MINDGUARD,active,2026-02-02T12:00:00,
ENR00009252,USR007702,MINDGUARD,active,2026-02-16T09:00:00,
ENR00009253,USR007703,MINDGUARD,active,2025-11-23T00:00:00,
ENR00009254,USR007704,MINDGUARD,active,2025-10-04T05:00:00,
ENR00009255,USR007704,HEALTH_RESERVE,active,2025-10-05T04:00:00,
ENR00009256,USR007705,MINDGUARD,active,2025-10-16T21:00:00,
ENR00009257,USR007705,HEALTH_RESERVE,active,2025-10-21T21:00:00,
ENR00009258,USR007706,MINDGUARD,active,2025-11-25T03:00:00,
ENR00009259,USR007707,HEALTH_RESERVE,active,2025-11-21T02:00:00,
ENR00009260,USR007708,MINDGUARD,active,2025-10-23T11:00:00,
ENR00009261,USR007709,MINDGUARD,active,2025-10-07T21:00:00,
ENR00009262,USR007709,HEALTH_RESERVE,active,2025-09-27T22:00:00,
ENR00009263,USR007710,MINDGUARD,active,2025-10-04T21:00:00,
ENR00009264,USR007711,MINDGUARD,active,2025-11-09T11:00:00,
ENR00009265,USR007711,HEALTH_RESERVE,active,2025-11-04T09:00:00,
ENR00009266,USR007712,MINDGUARD,active,2025-10-10T00:00:00,
ENR00009267,USR007713,MINDGUARD,active,2025-12-26T22:00:00,
ENR00009268,USR007714,HEALTH_RESERVE,active,2026-01-02T00:00:00,
ENR00009269,USR007715,MINDGUARD,active,2025-10-21T23:00:00,
ENR00009270,USR007716,MINDGUARD,active,2025-10-08T13:00:00,
ENR00009271,USR007716,HEALTH_RESERVE,active,2025-10-12T18:00:00,
ENR00009272,USR007717,HEALTH_RESERVE,active,2025-11-20T20:00:00,
ENR00009273,USR007718,MINDGUARD,active,2026-02-16T02:00:00,
ENR00009274,USR007719,MINDGUARD,active,2026-02-10T15:00:00,
ENR00009275,USR007719,HEALTH_RESERVE,active,2026-02-11T20:00:00,
ENR00009276,USR007720,MINDGUARD,active,2025-09-25T23:00:00,
ENR00009277,USR007721,MINDGUARD,active,2025-11-30T23:00:00,
ENR00009278,USR007721,HEALTH_RESERVE,active,2025-11-28T22:00:00,
ENR00009279,USR007722,MINDGUARD,active,2026-02-16T21:00:00,
ENR00009280,USR007723,MINDGUARD,active,2026-01-25T15:00:00,
ENR00009281,USR007724,MINDGUARD,active,2025-11-01T03:00:00,
ENR00009282,USR007725,MINDGUARD,discontinued,2026-01-02T06:00:00,2026-06-24T07:08:00
ENR00009283,USR007726,MINDGUARD,active,2026-01-24T01:00:00,
ENR00009284,USR007727,MINDGUARD,active,2025-10-10T16:00:00,
ENR00009285,USR007727,HEALTH_RESERVE,active,2025-09-30T08:00:00,
ENR00009286,USR007728,MINDGUARD,active,2026-01-23T20:00:00,
ENR00009287,USR007729,HEALTH_RESERVE,active,2025-11-20T09:00:00,
ENR00009288,USR007730,HEALTH_RESERVE,active,2026-01-26T08:00:00,
ENR00009289,USR007731,HEALTH_RESERVE,active,2025-11-09T06:00:00,
ENR00009290,USR007732,MINDGUARD,active,2026-01-26T18:00:00,
ENR00009291,USR007733,MINDGUARD,active,2025-11-16T08:00:00,
ENR00009292,USR007734,MINDGUARD,active,2025-12-31T08:00:00,
ENR00009293,USR007735,HEALTH_RESERVE,active,2025-12-17T05:00:00,
ENR00009294,USR007736,HEALTH_RESERVE,active,2025-09-26T12:00:00,
ENR00009295,USR007737,MINDGUARD,active,2026-02-19T14:00:00,
ENR00009296,USR007737,HEALTH_RESERVE,active,2026-02-18T19:00:00,
ENR00009297,USR007738,MINDGUARD,active,2025-12-26T05:00:00,
ENR00009298,USR007739,MINDGUARD,active,2026-02-18T08:00:00,
ENR00009299,USR007740,MINDGUARD,active,2026-02-04T13:00:00,
ENR00009300,USR007741,MINDGUARD,active,2025-12-24T01:00:00,
ENR00009301,USR007742,HEALTH_RESERVE,active,2026-02-02T20:00:00,
ENR00009302,USR007743,MINDGUARD,active,2025-12-28T21:00:00,
ENR00009303,USR007743,HEALTH_RESERVE,active,2026-01-03T14:00:00,
ENR00009304,USR007744,MINDGUARD,active,2025-10-15T21:00:00,
ENR00009305,USR007745,MINDGUARD,active,2025-12-15T06:00:00,
ENR00009306,USR007746,MINDGUARD,active,2026-01-21T08:00:00,
ENR00009307,USR007747,HEALTH_RESERVE,active,2025-10-03T21:00:00,
ENR00009308,USR007748,MINDGUARD,active,2025-11-21T04:00:00,
ENR00009309,USR007749,MINDGUARD,active,2025-11-20T17:00:00,
ENR00009310,USR007750,MINDGUARD,active,2026-01-26T06:00:00,
ENR00009311,USR007751,MINDGUARD,active,2025-10-19T12:00:00,
ENR00009312,USR007752,MINDGUARD,active,2026-01-02T10:00:00,
ENR00009313,USR007753,MINDGUARD,active,2026-01-12T12:00:00,
ENR00009314,USR007754,MINDGUARD,active,2026-01-02T09:00:00,
ENR00009315,USR007754,HEALTH_RESERVE,active,2025-12-23T10:00:00,
ENR00009316,USR007755,MINDGUARD,active,2025-09-17T14:00:00,
ENR00009317,USR007756,MINDGUARD,active,2025-11-06T12:00:00,
ENR00009318,USR007757,HEALTH_RESERVE,active,2025-09-20T15:00:00,
ENR00009319,USR007758,MINDGUARD,active,2025-10-01T06:00:00,
ENR00009320,USR007759,MINDGUARD,active,2025-09-27T20:00:00,
ENR00009321,USR007760,MINDGUARD,active,2026-01-25T20:00:00,
ENR00009322,USR007761,MINDGUARD,active,2026-01-06T22:00:00,
ENR00009323,USR007761,HEALTH_RESERVE,active,2026-01-08T19:00:00,
ENR00009324,USR007762,MINDGUARD,active,2025-12-07T11:00:00,
ENR00009325,USR007762,HEALTH_RESERVE,active,2025-12-08T01:00:00,
ENR00009326,USR007763,MINDGUARD,active,2025-12-12T22:00:00,
ENR00009327,USR007763,HEALTH_RESERVE,active,2025-12-05T19:00:00,
ENR00009328,USR007764,MINDGUARD,active,2025-12-12T01:00:00,
ENR00009329,USR007765,MINDGUARD,active,2025-12-29T19:00:00,
ENR00009330,USR007766,HEALTH_RESERVE,active,2026-02-01T16:00:00,
ENR00009331,USR007767,MINDGUARD,active,2026-02-01T11:00:00,
ENR00009332,USR007768,MINDGUARD,active,2025-10-18T16:00:00,
ENR00009333,USR007768,HEALTH_RESERVE,active,2025-10-26T19:00:00,
ENR00009334,USR007769,MINDGUARD,active,2026-02-04T15:00:00,
ENR00009335,USR007770,MINDGUARD,active,2025-10-15T05:00:00,
ENR00009336,USR007771,MINDGUARD,active,2025-12-09T03:00:00,
ENR00009337,USR007772,HEALTH_RESERVE,active,2025-11-16T19:00:00,
ENR00009338,USR007773,HEALTH_RESERVE,active,2025-10-13T12:00:00,
ENR00009339,USR007774,MINDGUARD,active,2025-12-17T03:00:00,
ENR00009340,USR007775,HEALTH_RESERVE,active,2026-02-04T18:00:00,
ENR00009341,USR007776,MINDGUARD,active,2026-01-22T18:00:00,
ENR00009342,USR007777,MINDGUARD,active,2025-10-08T01:00:00,
ENR00009343,USR007778,HEALTH_RESERVE,active,2025-10-17T11:00:00,
ENR00009344,USR007779,MINDGUARD,active,2025-10-31T23:00:00,
ENR00009345,USR007780,MINDGUARD,active,2025-10-21T06:00:00,
ENR00009346,USR007781,HEALTH_RESERVE,active,2026-01-28T03:00:00,
ENR00009347,USR007782,MINDGUARD,active,2025-12-02T10:00:00,
ENR00009348,USR007783,MINDGUARD,active,2025-12-21T12:00:00,
ENR00009349,USR007784,MINDGUARD,active,2026-01-24T20:00:00,
ENR00009350,USR007785,MINDGUARD,active,2025-12-13T13:00:00,
ENR00009351,USR007786,HEALTH_RESERVE,active,2025-10-13T15:00:00,
ENR00009352,USR007787,MINDGUARD,active,2026-02-06T15:00:00,
ENR00009353,USR007788,HEALTH_RESERVE,active,2026-01-05T10:00:00,
ENR00009354,USR007789,MINDGUARD,active,2026-01-28T09:00:00,
ENR00009355,USR007790,MINDGUARD,active,2025-11-07T06:00:00,
ENR00009356,USR007791,MINDGUARD,active,2025-12-26T22:00:00,
ENR00009357,USR007792,MINDGUARD,active,2025-10-06T11:00:00,
ENR00009358,USR007792,HEALTH_RESERVE,active,2025-10-08T08:00:00,
ENR00009359,USR007793,MINDGUARD,active,2026-02-14T13:00:00,
ENR00009360,USR007794,HEALTH_RESERVE,active,2025-10-23T11:00:00,
ENR00009361,USR007795,MINDGUARD,active,2026-01-15T21:00:00,
ENR00009362,USR007795,HEALTH_RESERVE,active,2026-01-14T18:00:00,
ENR00009363,USR007796,MINDGUARD,active,2025-09-19T21:00:00,
ENR00009364,USR007797,MINDGUARD,active,2026-02-01T23:00:00,
ENR00009365,USR007798,MINDGUARD,active,2025-12-15T10:00:00,
ENR00009366,USR007799,HEALTH_RESERVE,active,2025-12-14T19:00:00,
ENR00009367,USR007800,MINDGUARD,active,2025-10-30T06:00:00,
ENR00009368,USR007801,MINDGUARD,active,2025-10-22T02:00:00,
ENR00009369,USR007802,MINDGUARD,active,2026-02-09T01:00:00,
ENR00009370,USR007803,MINDGUARD,active,2025-10-17T11:00:00,
ENR00009371,USR007804,MINDGUARD,active,2026-02-04T01:00:00,
ENR00009372,USR007805,MINDGUARD,active,2025-10-02T18:00:00,
ENR00009373,USR007806,MINDGUARD,active,2025-12-25T09:00:00,
ENR00009374,USR007807,MINDGUARD,active,2025-12-11T03:00:00,
ENR00009375,USR007807,HEALTH_RESERVE,active,2025-12-15T02:00:00,
ENR00009376,USR007808,MINDGUARD,active,2025-12-14T14:00:00,
ENR00009377,USR007808,HEALTH_RESERVE,active,2025-12-18T17:00:00,
ENR00009378,USR007809,MINDGUARD,active,2026-01-29T14:00:00,
ENR00009379,USR007809,HEALTH_RESERVE,active,2026-01-28T13:00:00,
ENR00009380,USR007810,MINDGUARD,active,2025-12-22T07:00:00,
ENR00009381,USR007811,MINDGUARD,active,2025-11-06T22:00:00,
ENR00009382,USR007811,HEALTH_RESERVE,active,2025-11-07T18:00:00,
ENR00009383,USR007812,MINDGUARD,active,2026-01-24T00:00:00,
ENR00009384,USR007813,MINDGUARD,active,2025-09-21T03:00:00,
ENR00009385,USR007814,HEALTH_RESERVE,active,2026-01-21T07:00:00,
ENR00009386,USR007815,HEALTH_RESERVE,active,2026-01-14T12:00:00,
ENR00009387,USR007816,MINDGUARD,active,2025-11-21T02:00:00,
ENR00009388,USR007817,MINDGUARD,active,2026-01-19T00:00:00,
ENR00009389,USR007817,HEALTH_RESERVE,active,2026-01-26T00:00:00,
ENR00009390,USR007818,MINDGUARD,active,2026-02-11T06:00:00,
ENR00009391,USR007819,MINDGUARD,active,2025-10-04T18:00:00,
ENR00009392,USR007820,MINDGUARD,active,2025-11-15T09:00:00,
ENR00009393,USR007821,HEALTH_RESERVE,active,2025-10-02T20:00:00,
ENR00009394,USR007822,MINDGUARD,active,2026-01-01T02:00:00,
ENR00009395,USR007823,MINDGUARD,active,2025-11-06T06:00:00,
ENR00009396,USR007824,MINDGUARD,active,2025-09-25T04:00:00,
ENR00009397,USR007825,MINDGUARD,active,2025-11-03T17:00:00,
ENR00009398,USR007826,HEALTH_RESERVE,active,2025-09-19T22:00:00,
ENR00009399,USR007827,MINDGUARD,active,2025-12-29T05:00:00,
ENR00009400,USR007828,MINDGUARD,active,2025-12-06T20:00:00,
ENR00009401,USR007828,HEALTH_RESERVE,active,2025-12-15T13:00:00,
ENR00009402,USR007829,HEALTH_RESERVE,active,2025-12-13T16:00:00,
ENR00009403,USR007830,MINDGUARD,active,2025-09-25T10:00:00,
ENR00009404,USR007831,MINDGUARD,active,2026-01-25T06:00:00,
ENR00009405,USR007832,MINDGUARD,active,2026-01-06T04:00:00,
ENR00009406,USR007833,MINDGUARD,active,2026-02-08T11:00:00,
ENR00009407,USR007834,MINDGUARD,active,2025-09-23T20:00:00,
ENR00009408,USR007835,MINDGUARD,active,2026-02-05T12:00:00,
ENR00009409,USR007835,HEALTH_RESERVE,active,2026-02-07T07:00:00,
ENR00009410,USR007836,HEALTH_RESERVE,active,2025-12-11T19:00:00,
ENR00009411,USR007837,HEALTH_RESERVE,active,2025-10-21T09:00:00,
ENR00009412,USR007838,MINDGUARD,active,2025-11-30T16:00:00,
ENR00009413,USR007839,MINDGUARD,active,2026-01-19T00:00:00,
ENR00009414,USR007840,MINDGUARD,active,2026-01-08T11:00:00,
ENR00009415,USR007841,HEALTH_RESERVE,active,2025-12-16T00:00:00,
ENR00009416,USR007842,HEALTH_RESERVE,active,2025-10-12T20:00:00,
ENR00009417,USR007843,HEALTH_RESERVE,active,2025-10-17T04:00:00,
ENR00009418,USR007844,HEALTH_RESERVE,active,2025-11-25T23:00:00,
ENR00009419,USR007845,MINDGUARD,active,2025-12-17T01:00:00,
ENR00009420,USR007846,MINDGUARD,active,2025-11-30T07:00:00,
ENR00009421,USR007847,HEALTH_RESERVE,active,2025-09-29T13:00:00,
ENR00009422,USR007848,MINDGUARD,active,2025-10-22T18:00:00,
ENR00009423,USR007849,MINDGUARD,active,2025-12-21T02:00:00,
ENR00009424,USR007849,HEALTH_RESERVE,active,2025-12-18T10:00:00,
ENR00009425,USR007850,MINDGUARD,active,2025-10-03T01:00:00,
ENR00009426,USR007851,MINDGUARD,active,2025-10-29T02:00:00,
ENR00009427,USR007852,MINDGUARD,active,2025-12-14T00:00:00,
ENR00009428,USR007853,MINDGUARD,active,2026-01-18T06:00:00,
ENR00009429,USR007853,HEALTH_RESERVE,active,2026-01-19T02:00:00,
ENR00009430,USR007854,MINDGUARD,active,2026-01-22T21:00:00,
ENR00009431,USR007855,MINDGUARD,active,2025-09-28T03:00:00,
ENR00009432,USR007856,MINDGUARD,active,2025-12-20T18:00:00,
ENR00009433,USR007857,MINDGUARD,active,2026-01-27T14:00:00,
ENR00009434,USR007858,MINDGUARD,active,2025-09-24T12:00:00,
ENR00009435,USR007859,HEALTH_RESERVE,active,2025-12-31T02:00:00,
ENR00009436,USR007860,MINDGUARD,active,2025-12-03T13:00:00,
ENR00009437,USR007861,MINDGUARD,active,2025-12-15T02:00:00,
ENR00009438,USR007862,HEALTH_RESERVE,active,2025-12-18T19:00:00,
ENR00009439,USR007863,MINDGUARD,active,2025-11-04T01:00:00,
ENR00009440,USR007864,HEALTH_RESERVE,active,2025-10-26T11:00:00,
ENR00009441,USR007865,MINDGUARD,active,2026-01-24T03:00:00,
ENR00009442,USR007866,MINDGUARD,active,2025-10-03T15:00:00,
ENR00009443,USR007867,HEALTH_RESERVE,active,2025-09-26T06:00:00,
ENR00009444,USR007868,MINDGUARD,active,2026-02-19T04:00:00,
ENR00009445,USR007869,MINDGUARD,active,2026-02-15T08:00:00,
ENR00009446,USR007870,MINDGUARD,active,2026-02-10T15:00:00,
ENR00009447,USR007871,MINDGUARD,active,2025-10-21T21:00:00,
ENR00009448,USR007871,HEALTH_RESERVE,active,2025-10-26T00:00:00,
ENR00009449,USR007872,MINDGUARD,active,2025-10-12T17:00:00,
ENR00009450,USR007872,HEALTH_RESERVE,active,2025-10-10T13:00:00,
ENR00009451,USR007873,MINDGUARD,active,2026-02-02T03:00:00,
ENR00009452,USR007874,MINDGUARD,active,2025-11-03T03:00:00,
ENR00009453,USR007875,MINDGUARD,active,2026-01-29T07:00:00,
ENR00009454,USR007875,HEALTH_RESERVE,active,2026-02-03T02:00:00,
ENR00009455,USR007876,MINDGUARD,active,2026-01-22T02:00:00,
ENR00009456,USR007877,MINDGUARD,active,2025-11-07T07:00:00,
ENR00009457,USR007878,HEALTH_RESERVE,active,2025-10-19T07:00:00,
ENR00009458,USR007879,MINDGUARD,active,2025-10-14T14:00:00,
ENR00009459,USR007880,HEALTH_RESERVE,active,2026-02-22T17:00:00,
ENR00009460,USR007881,MINDGUARD,active,2026-01-08T04:00:00,
ENR00009461,USR007882,MINDGUARD,active,2025-10-16T16:00:00,
ENR00009462,USR007883,MINDGUARD,active,2026-01-04T04:00:00,
ENR00009463,USR007884,MINDGUARD,active,2025-10-13T21:00:00,
ENR00009464,USR007885,MINDGUARD,active,2025-12-08T19:00:00,
ENR00009465,USR007885,HEALTH_RESERVE,active,2025-11-30T16:00:00,
ENR00009466,USR007886,MINDGUARD,active,2025-11-12T21:00:00,
ENR00009467,USR007887,MINDGUARD,active,2025-11-19T22:00:00,
ENR00009468,USR007888,HEALTH_RESERVE,active,2026-02-16T07:00:00,
ENR00009469,USR007889,MINDGUARD,active,2026-02-14T20:00:00,
ENR00009470,USR007890,MINDGUARD,active,2025-12-16T09:00:00,
ENR00009471,USR007890,HEALTH_RESERVE,active,2025-12-06T15:00:00,
ENR00009472,USR007891,MINDGUARD,active,2026-01-31T15:00:00,
ENR00009473,USR007891,HEALTH_RESERVE,active,2026-01-30T14:00:00,
ENR00009474,USR007892,MINDGUARD,active,2026-01-10T20:00:00,
ENR00009475,USR007892,HEALTH_RESERVE,active,2026-01-21T22:00:00,
ENR00009476,USR007893,MINDGUARD,active,2025-10-18T17:00:00,
ENR00009477,USR007894,MINDGUARD,active,2025-11-02T12:00:00,
ENR00009478,USR007895,MINDGUARD,active,2025-11-09T02:00:00,
ENR00009479,USR007895,HEALTH_RESERVE,active,2025-11-18T00:00:00,
ENR00009480,USR007896,MINDGUARD,active,2025-10-17T23:00:00,
ENR00009481,USR007897,MINDGUARD,active,2026-01-27T23:00:00,
ENR00009482,USR007897,HEALTH_RESERVE,active,2026-01-24T05:00:00,
ENR00009483,USR007898,MINDGUARD,active,2025-10-11T08:00:00,
ENR00009484,USR007899,MINDGUARD,active,2026-02-04T15:00:00,
ENR00009485,USR007900,MINDGUARD,active,2025-09-27T00:00:00,
ENR00009486,USR007901,MINDGUARD,active,2026-01-21T14:00:00,
ENR00009487,USR007902,MINDGUARD,active,2025-09-22T17:00:00,
ENR00009488,USR007903,MINDGUARD,active,2026-02-08T20:00:00,
ENR00009489,USR007904,MINDGUARD,active,2026-02-12T23:00:00,
ENR00009490,USR007905,MINDGUARD,discontinued,2025-09-29T20:00:00,2026-04-27T20:20:00
ENR00009491,USR007905,HEALTH_RESERVE,active,2025-09-24T20:00:00,
ENR00009492,USR007906,MINDGUARD,active,2025-11-08T04:00:00,
ENR00009493,USR007907,MINDGUARD,active,2025-12-01T16:00:00,
ENR00009494,USR007907,HEALTH_RESERVE,active,2025-12-10T20:00:00,
ENR00009495,USR007908,MINDGUARD,active,2025-11-19T14:00:00,
ENR00009496,USR007909,MINDGUARD,active,2025-12-23T19:00:00,
ENR00009497,USR007910,MINDGUARD,active,2025-10-13T22:00:00,
ENR00009498,USR007911,MINDGUARD,active,2025-10-12T21:00:00,
ENR00009499,USR007912,MINDGUARD,active,2025-11-28T19:00:00,
ENR00009500,USR007913,MINDGUARD,active,2025-12-09T10:00:00,
ENR00009501,USR007913,HEALTH_RESERVE,active,2025-12-12T05:00:00,
ENR00009502,USR007914,MINDGUARD,active,2025-09-29T11:00:00,
ENR00009503,USR007915,MINDGUARD,active,2025-10-12T03:00:00,
ENR00009504,USR007916,MINDGUARD,active,2025-10-23T19:00:00,
ENR00009505,USR007917,MINDGUARD,active,2025-12-12T17:00:00,
ENR00009506,USR007917,HEALTH_RESERVE,active,2025-12-11T17:00:00,
ENR00009507,USR007918,MINDGUARD,active,2025-10-22T06:00:00,
ENR00009508,USR007919,MINDGUARD,active,2025-10-09T20:00:00,
ENR00009509,USR007920,HEALTH_RESERVE,active,2025-10-09T08:00:00,
ENR00009510,USR007921,MINDGUARD,active,2025-10-25T23:00:00,
ENR00009511,USR007921,HEALTH_RESERVE,active,2025-10-23T22:00:00,
ENR00009512,USR007922,MINDGUARD,active,2026-01-13T16:00:00,
ENR00009513,USR007923,MINDGUARD,active,2025-12-08T15:00:00,
ENR00009514,USR007924,MINDGUARD,active,2025-10-23T10:00:00,
ENR00009515,USR007925,HEALTH_RESERVE,active,2026-01-19T19:00:00,
ENR00009516,USR007926,MINDGUARD,active,2025-12-19T15:00:00,
ENR00009517,USR007926,HEALTH_RESERVE,active,2025-12-12T15:00:00,
ENR00009518,USR007927,MINDGUARD,active,2025-12-10T19:00:00,
ENR00009519,USR007928,MINDGUARD,active,2025-11-17T00:00:00,
ENR00009520,USR007929,MINDGUARD,active,2025-11-15T12:00:00,
ENR00009521,USR007930,MINDGUARD,active,2026-01-27T20:00:00,
ENR00009522,USR007931,HEALTH_RESERVE,active,2025-09-28T09:00:00,
ENR00009523,USR007932,HEALTH_RESERVE,active,2026-02-22T22:00:00,
ENR00009524,USR007933,MINDGUARD,active,2026-01-27T09:00:00,
ENR00009525,USR007934,MINDGUARD,active,2025-10-14T06:00:00,
ENR00009526,USR007935,MINDGUARD,active,2025-11-24T12:00:00,
ENR00009527,USR007936,MINDGUARD,active,2025-12-31T01:00:00,
ENR00009528,USR007937,MINDGUARD,active,2025-11-01T15:00:00,
ENR00009529,USR007938,MINDGUARD,active,2025-10-04T06:00:00,
ENR00009530,USR007939,HEALTH_RESERVE,active,2026-01-05T13:00:00,
ENR00009531,USR007940,MINDGUARD,active,2025-11-11T13:00:00,
ENR00009532,USR007941,MINDGUARD,active,2026-02-12T14:00:00,
ENR00009533,USR007942,MINDGUARD,active,2026-02-08T05:00:00,
ENR00009534,USR007943,MINDGUARD,active,2025-09-27T11:00:00,
ENR00009535,USR007943,HEALTH_RESERVE,active,2025-09-26T05:00:00,
ENR00009536,USR007944,MINDGUARD,active,2026-01-05T16:00:00,
ENR00009537,USR007945,HEALTH_RESERVE,active,2025-09-27T21:00:00,
ENR00009538,USR007946,MINDGUARD,active,2026-02-13T18:00:00,
ENR00009539,USR007947,MINDGUARD,active,2026-02-08T09:00:00,
ENR00009540,USR007948,MINDGUARD,active,2026-02-18T09:00:00,
ENR00009541,USR007949,HEALTH_RESERVE,active,2025-12-17T19:00:00,
ENR00009542,USR007950,MINDGUARD,active,2025-11-12T08:00:00,
ENR00009543,USR007951,MINDGUARD,active,2025-12-04T22:00:00,
ENR00009544,USR007952,HEALTH_RESERVE,active,2025-09-25T22:00:00,
ENR00009545,USR007953,MINDGUARD,active,2025-10-12T15:00:00,
ENR00009546,USR007954,MINDGUARD,active,2025-11-16T08:00:00,
ENR00009547,USR007955,MINDGUARD,active,2025-11-23T07:00:00,
ENR00009548,USR007956,MINDGUARD,active,2026-02-15T00:00:00,
ENR00009549,USR007956,HEALTH_RESERVE,active,2026-02-16T13:00:00,
ENR00009550,USR007957,HEALTH_RESERVE,active,2025-11-20T17:00:00,
ENR00009551,USR007958,MINDGUARD,discontinued,2025-11-07T09:00:00,2026-05-31T10:18:00
ENR00009552,USR007959,MINDGUARD,active,2025-12-21T23:00:00,
ENR00009553,USR007959,HEALTH_RESERVE,active,2025-12-22T17:00:00,
ENR00009554,USR007960,MINDGUARD,active,2026-01-04T01:00:00,
ENR00009555,USR007961,MINDGUARD,active,2025-11-24T23:00:00,
ENR00009556,USR007961,HEALTH_RESERVE,active,2025-11-30T06:00:00,
ENR00009557,USR007962,MINDGUARD,active,2025-11-30T20:00:00,
ENR00009558,USR007963,MINDGUARD,active,2026-01-13T22:00:00,
ENR00009559,USR007964,MINDGUARD,active,2026-02-14T12:00:00,
ENR00009560,USR007965,MINDGUARD,active,2026-01-31T04:00:00,
ENR00009561,USR007966,MINDGUARD,active,2025-12-07T05:00:00,
ENR00009562,USR007967,HEALTH_RESERVE,active,2026-01-20T22:00:00,
ENR00009563,USR007968,MINDGUARD,active,2026-01-12T13:00:00,
ENR00009564,USR007968,HEALTH_RESERVE,active,2026-01-22T14:00:00,
ENR00009565,USR007969,MINDGUARD,active,2025-09-24T12:00:00,
ENR00009566,USR007970,MINDGUARD,active,2025-11-14T08:00:00,
ENR00009567,USR007971,HEALTH_RESERVE,active,2025-10-11T03:00:00,
ENR00009568,USR007972,MINDGUARD,active,2025-12-04T10:00:00,
ENR00009569,USR007973,MINDGUARD,active,2025-12-25T04:00:00,
ENR00009570,USR007973,HEALTH_RESERVE,active,2025-12-29T06:00:00,
ENR00009571,USR007974,MINDGUARD,active,2026-02-17T04:00:00,
ENR00009572,USR007975,MINDGUARD,active,2025-10-28T04:00:00,
ENR00009573,USR007975,HEALTH_RESERVE,active,2025-11-04T03:00:00,
ENR00009574,USR007976,MINDGUARD,active,2026-01-29T20:00:00,
ENR00009575,USR007977,MINDGUARD,active,2025-10-31T11:00:00,
ENR00009576,USR007978,MINDGUARD,active,2025-10-19T06:00:00,
ENR00009577,USR007979,MINDGUARD,active,2025-10-03T12:00:00,
ENR00009578,USR007980,MINDGUARD,active,2025-11-05T19:00:00,
ENR00009579,USR007981,MINDGUARD,active,2025-11-26T06:00:00,
ENR00009580,USR007981,HEALTH_RESERVE,active,2025-11-18T08:00:00,
ENR00009581,USR007982,MINDGUARD,active,2025-11-06T07:00:00,
ENR00009582,USR007983,MINDGUARD,active,2025-10-04T14:00:00,
ENR00009583,USR007983,HEALTH_RESERVE,active,2025-10-02T17:00:00,
ENR00009584,USR007984,MINDGUARD,active,2025-11-13T20:00:00,
ENR00009585,USR007985,MINDGUARD,active,2025-12-25T22:00:00,
ENR00009586,USR007986,HEALTH_RESERVE,active,2025-12-12T18:00:00,
ENR00009587,USR007987,MINDGUARD,active,2026-01-23T15:00:00,
ENR00009588,USR007988,MINDGUARD,active,2025-11-07T09:00:00,
ENR00009589,USR007989,MINDGUARD,active,2025-10-09T13:00:00,
ENR00009590,USR007990,HEALTH_RESERVE,active,2025-11-27T15:00:00,
ENR00009591,USR007991,MINDGUARD,active,2026-01-31T18:00:00,
ENR00009592,USR007992,MINDGUARD,active,2025-10-21T00:00:00,
ENR00009593,USR007993,MINDGUARD,active,2025-11-16T00:00:00,
ENR00009594,USR007994,MINDGUARD,active,2025-12-15T01:00:00,
ENR00009595,USR007994,HEALTH_RESERVE,active,2025-12-24T07:00:00,
ENR00009596,USR007995,MINDGUARD,active,2025-10-24T21:00:00,
ENR00009597,USR007996,HEALTH_RESERVE,active,2026-02-25T06:00:00,
ENR00009598,USR007997,HEALTH_RESERVE,active,2026-01-07T16:00:00,
ENR00009599,USR007998,MINDGUARD,active,2026-01-26T03:00:00,
ENR00009600,USR007999,MINDGUARD,active,2025-10-18T05:00:00,
ENR00009601,USR008000,MINDGUARD,active,2025-11-30T02:00:00,
ENR00009602,USR008000,HEALTH_RESERVE,active,2025-11-24T03:00:00,
ENR00009603,USR008001,MINDGUARD,active,2026-02-05T12:00:00,
ENR00009604,USR008002,MINDGUARD,active,2025-12-20T21:00:00,
ENR00009605,USR008003,HEALTH_RESERVE,active,2025-11-14T15:00:00,
ENR00009606,USR008004,MINDGUARD,active,2025-11-16T20:00:00,
ENR00009607,USR008005,MINDGUARD,active,2025-12-04T20:00:00,
ENR00009608,USR008006,MINDGUARD,active,2025-11-26T02:00:00,
ENR00009609,USR008007,MINDGUARD,active,2026-01-31T06:00:00,
ENR00009610,USR008007,HEALTH_RESERVE,active,2026-01-31T01:00:00,
ENR00009611,USR008008,MINDGUARD,active,2026-01-01T16:00:00,
ENR00009612,USR008009,MINDGUARD,active,2025-12-17T20:00:00,
ENR00009613,USR008010,MINDGUARD,active,2026-02-13T08:00:00,
ENR00009614,USR008011,MINDGUARD,discontinued,2025-10-22T10:00:00,2026-05-18T11:08:00
ENR00009615,USR008012,MINDGUARD,active,2025-10-10T06:00:00,
ENR00009616,USR008013,MINDGUARD,active,2025-12-01T21:00:00,
ENR00009617,USR008013,HEALTH_RESERVE,active,2025-12-05T16:00:00,
ENR00009618,USR008014,MINDGUARD,active,2025-12-10T14:00:00,
ENR00009619,USR008014,HEALTH_RESERVE,active,2025-12-13T21:00:00,
ENR00009620,USR008015,HEALTH_RESERVE,active,2026-01-04T23:00:00,
ENR00009621,USR008016,MINDGUARD,active,2025-10-08T12:00:00,
ENR00009622,USR008016,HEALTH_RESERVE,active,2025-10-09T10:00:00,
ENR00009623,USR008017,MINDGUARD,active,2025-11-20T18:00:00,
ENR00009624,USR008018,HEALTH_RESERVE,active,2026-01-12T04:00:00,
ENR00009625,USR008019,MINDGUARD,active,2026-02-06T17:00:00,
ENR00009626,USR008020,HEALTH_RESERVE,active,2025-11-01T07:00:00,
ENR00009627,USR008021,MINDGUARD,active,2025-12-29T01:00:00,
ENR00009628,USR008022,MINDGUARD,active,2025-10-04T23:00:00,
ENR00009629,USR008023,MINDGUARD,active,2026-01-27T02:00:00,
ENR00009630,USR008024,MINDGUARD,active,2026-02-17T11:00:00,
ENR00009631,USR008025,MINDGUARD,active,2025-11-21T07:00:00,
ENR00009632,USR008026,MINDGUARD,active,2026-01-28T19:00:00,
ENR00009633,USR008027,MINDGUARD,active,2025-10-31T17:00:00,
ENR00009634,USR008028,MINDGUARD,active,2025-12-28T18:00:00,
ENR00009635,USR008028,HEALTH_RESERVE,active,2025-12-20T01:00:00,
ENR00009636,USR008029,MINDGUARD,active,2026-01-19T09:00:00,
ENR00009637,USR008030,HEALTH_RESERVE,active,2025-11-28T04:00:00,
ENR00009638,USR008031,HEALTH_RESERVE,active,2025-10-06T06:00:00,
ENR00009639,USR008032,HEALTH_RESERVE,active,2025-10-05T11:00:00,
ENR00009640,USR008033,MINDGUARD,active,2025-11-04T17:00:00,
ENR00009641,USR008034,MINDGUARD,active,2026-01-06T22:00:00,
ENR00009642,USR008035,MINDGUARD,active,2025-10-03T06:00:00,
ENR00009643,USR008035,HEALTH_RESERVE,active,2025-09-23T02:00:00,
ENR00009644,USR008036,HEALTH_RESERVE,active,2025-11-26T22:00:00,
ENR00009645,USR008037,MINDGUARD,active,2025-10-17T03:00:00,
ENR00009646,USR008037,HEALTH_RESERVE,active,2025-10-26T02:00:00,
ENR00009647,USR008038,MINDGUARD,active,2026-01-28T20:00:00,
ENR00009648,USR008039,MINDGUARD,active,2026-01-30T05:00:00,
ENR00009649,USR008039,HEALTH_RESERVE,active,2026-02-01T22:00:00,
ENR00009650,USR008040,MINDGUARD,active,2026-01-19T14:00:00,
ENR00009651,USR008040,HEALTH_RESERVE,active,2026-01-30T23:00:00,
ENR00009652,USR008041,MINDGUARD,active,2025-10-27T03:00:00,
ENR00009653,USR008041,HEALTH_RESERVE,active,2025-10-31T01:00:00,
ENR00009654,USR008042,MINDGUARD,active,2026-02-03T09:00:00,
ENR00009655,USR008043,HEALTH_RESERVE,active,2025-10-17T17:00:00,
ENR00009656,USR008044,MINDGUARD,active,2025-11-10T12:00:00,
ENR00009657,USR008045,MINDGUARD,active,2025-12-25T03:00:00,
ENR00009658,USR008046,MINDGUARD,discontinued,2026-02-11T10:00:00,2026-09-03T10:17:00
ENR00009659,USR008047,MINDGUARD,active,2025-10-11T06:00:00,
ENR00009660,USR008048,HEALTH_RESERVE,active,2025-11-01T05:00:00,
ENR00009661,USR008049,MINDGUARD,active,2025-11-26T02:00:00,
ENR00009662,USR008050,HEALTH_RESERVE,active,2026-01-05T20:00:00,
ENR00009663,USR008051,MINDGUARD,active,2026-01-30T09:00:00,
ENR00009664,USR008052,MINDGUARD,active,2025-10-27T19:00:00,
ENR00009665,USR008052,HEALTH_RESERVE,active,2025-10-25T17:00:00,
ENR00009666,USR008053,MINDGUARD,active,2026-01-16T06:00:00,
ENR00009667,USR008053,HEALTH_RESERVE,active,2026-01-23T23:00:00,
ENR00009668,USR008054,MINDGUARD,active,2025-10-31T06:00:00,
ENR00009669,USR008055,MINDGUARD,active,2025-11-13T11:00:00,
ENR00009670,USR008055,HEALTH_RESERVE,active,2025-11-01T17:00:00,
ENR00009671,USR008056,MINDGUARD,active,2025-11-12T13:00:00,
ENR00009672,USR008056,HEALTH_RESERVE,active,2025-11-23T19:00:00,
ENR00009673,USR008057,MINDGUARD,active,2025-10-05T20:00:00,
ENR00009674,USR008058,MINDGUARD,active,2026-02-12T13:00:00,
ENR00009675,USR008059,MINDGUARD,active,2026-01-30T17:00:00,
ENR00009676,USR008060,MINDGUARD,active,2026-01-06T09:00:00,
ENR00009677,USR008061,MINDGUARD,active,2025-09-24T18:00:00,
ENR00009678,USR008062,MINDGUARD,active,2025-09-25T23:00:00,
ENR00009679,USR008063,MINDGUARD,active,2026-01-07T12:00:00,
ENR00009680,USR008063,HEALTH_RESERVE,active,2026-01-07T18:00:00,
ENR00009681,USR008064,MINDGUARD,active,2026-02-06T20:00:00,
ENR00009682,USR008064,HEALTH_RESERVE,active,2026-02-06T18:00:00,
ENR00009683,USR008065,MINDGUARD,active,2025-10-24T07:00:00,
ENR00009684,USR008066,MINDGUARD,active,2025-09-28T08:00:00,
ENR00009685,USR008067,HEALTH_RESERVE,active,2025-11-06T15:00:00,
ENR00009686,USR008068,MINDGUARD,active,2025-12-20T16:00:00,
ENR00009687,USR008069,MINDGUARD,active,2025-12-09T06:00:00,
ENR00009688,USR008070,MINDGUARD,active,2026-01-07T16:00:00,
ENR00009689,USR008071,MINDGUARD,active,2025-12-05T15:00:00,
ENR00009690,USR008072,MINDGUARD,active,2025-10-06T18:00:00,
ENR00009691,USR008073,MINDGUARD,active,2025-11-17T11:00:00,
ENR00009692,USR008074,MINDGUARD,active,2026-02-07T18:00:00,
ENR00009693,USR008075,MINDGUARD,active,2025-10-06T08:00:00,
ENR00009694,USR008076,MINDGUARD,active,2025-10-03T04:00:00,
ENR00009695,USR008077,HEALTH_RESERVE,active,2025-11-01T11:00:00,
ENR00009696,USR008078,MINDGUARD,active,2025-11-28T01:00:00,
ENR00009697,USR008079,MINDGUARD,active,2026-01-22T19:00:00,
ENR00009698,USR008080,MINDGUARD,active,2025-11-24T11:00:00,
ENR00009699,USR008081,MINDGUARD,active,2025-11-09T07:00:00,
ENR00009700,USR008081,HEALTH_RESERVE,active,2025-11-11T09:00:00,
ENR00009701,USR008082,MINDGUARD,active,2025-12-22T17:00:00,
ENR00009702,USR008082,HEALTH_RESERVE,active,2025-12-21T20:00:00,
ENR00009703,USR008083,MINDGUARD,active,2026-01-19T00:00:00,
ENR00009704,USR008083,HEALTH_RESERVE,active,2026-01-12T06:00:00,
ENR00009705,USR008084,HEALTH_RESERVE,active,2025-11-30T18:00:00,
ENR00009706,USR008085,MINDGUARD,active,2026-01-03T00:00:00,
ENR00009707,USR008086,MINDGUARD,active,2025-11-11T09:00:00,
ENR00009708,USR008087,HEALTH_RESERVE,active,2026-01-13T09:00:00,
ENR00009709,USR008088,MINDGUARD,active,2025-11-23T04:00:00,
ENR00009710,USR008089,MINDGUARD,active,2026-02-04T18:00:00,
ENR00009711,USR008090,MINDGUARD,active,2025-11-09T06:00:00,
ENR00009712,USR008090,HEALTH_RESERVE,active,2025-10-31T09:00:00,
ENR00009713,USR008091,MINDGUARD,active,2025-10-01T16:00:00,
ENR00009714,USR008091,HEALTH_RESERVE,active,2025-10-02T08:00:00,
ENR00009715,USR008092,HEALTH_RESERVE,active,2026-01-17T02:00:00,
ENR00009716,USR008093,MINDGUARD,active,2025-12-29T06:00:00,
ENR00009717,USR008093,HEALTH_RESERVE,active,2026-01-06T16:00:00,
ENR00009718,USR008094,MINDGUARD,active,2025-09-27T09:00:00,
ENR00009719,USR008095,HEALTH_RESERVE,active,2025-11-05T22:00:00,
ENR00009720,USR008096,MINDGUARD,active,2025-12-16T11:00:00,
ENR00009721,USR008096,HEALTH_RESERVE,active,2025-12-14T08:00:00,
ENR00009722,USR008097,HEALTH_RESERVE,active,2025-09-25T19:00:00,
ENR00009723,USR008098,MINDGUARD,active,2025-12-13T05:00:00,
ENR00009724,USR008098,HEALTH_RESERVE,active,2025-12-12T09:00:00,
ENR00009725,USR008099,MINDGUARD,active,2025-12-19T11:00:00,
ENR00009726,USR008100,HEALTH_RESERVE,active,2025-11-14T17:00:00,
ENR00009727,USR008101,MINDGUARD,active,2025-10-19T13:00:00,
ENR00009728,USR008101,HEALTH_RESERVE,active,2025-11-01T21:00:00,
ENR00009729,USR008102,MINDGUARD,active,2026-01-25T12:00:00,
ENR00009730,USR008103,MINDGUARD,active,2026-01-01T08:00:00,
ENR00009731,USR008104,MINDGUARD,active,2025-12-24T20:00:00,
ENR00009732,USR008104,HEALTH_RESERVE,active,2025-12-18T20:00:00,
ENR00009733,USR008105,MINDGUARD,active,2025-12-17T13:00:00,
ENR00009734,USR008106,MINDGUARD,active,2025-11-18T16:00:00,
ENR00009735,USR008107,MINDGUARD,active,2025-11-29T00:00:00,
ENR00009736,USR008108,MINDGUARD,active,2025-12-29T19:00:00,
ENR00009737,USR008108,HEALTH_RESERVE,active,2025-12-23T21:00:00,
ENR00009738,USR008109,MINDGUARD,active,2025-10-18T03:00:00,
ENR00009739,USR008110,MINDGUARD,active,2025-12-02T15:00:00,
ENR00009740,USR008111,MINDGUARD,active,2026-01-29T00:00:00,
ENR00009741,USR008111,HEALTH_RESERVE,active,2026-02-01T01:00:00,
ENR00009742,USR008112,MINDGUARD,active,2025-10-26T16:00:00,
ENR00009743,USR008112,HEALTH_RESERVE,active,2025-10-30T15:00:00,
ENR00009744,USR008113,MINDGUARD,active,2025-09-18T14:00:00,
ENR00009745,USR008114,MINDGUARD,active,2026-02-06T06:00:00,
ENR00009746,USR008114,HEALTH_RESERVE,active,2026-02-16T11:00:00,
ENR00009747,USR008115,MINDGUARD,active,2026-01-22T20:00:00,
ENR00009748,USR008116,MINDGUARD,active,2025-09-28T00:00:00,
ENR00009749,USR008117,MINDGUARD,active,2025-09-27T17:00:00,
ENR00009750,USR008117,HEALTH_RESERVE,active,2025-09-26T21:00:00,
ENR00009751,USR008118,MINDGUARD,active,2026-01-08T04:00:00,
ENR00009752,USR008119,MINDGUARD,active,2025-11-14T14:00:00,
ENR00009753,USR008120,MINDGUARD,active,2025-11-03T13:00:00,
ENR00009754,USR008121,MINDGUARD,active,2026-02-03T05:00:00,
ENR00009755,USR008121,HEALTH_RESERVE,active,2026-02-01T00:00:00,
ENR00009756,USR008122,HEALTH_RESERVE,active,2026-01-14T15:00:00,
ENR00009757,USR008123,MINDGUARD,active,2025-10-22T23:00:00,
ENR00009758,USR008123,HEALTH_RESERVE,active,2025-10-20T14:00:00,
ENR00009759,USR008124,MINDGUARD,active,2026-01-28T17:00:00,
ENR00009760,USR008125,MINDGUARD,active,2025-12-05T11:00:00,
ENR00009761,USR008126,MINDGUARD,active,2026-02-05T18:00:00,
ENR00009762,USR008127,MINDGUARD,active,2025-12-11T11:00:00,
ENR00009763,USR008128,MINDGUARD,active,2025-11-18T10:00:00,
ENR00009764,USR008129,MINDGUARD,active,2025-12-02T19:00:00,
ENR00009765,USR008130,MINDGUARD,active,2025-12-09T16:00:00,
ENR00009766,USR008130,HEALTH_RESERVE,active,2025-12-09T20:00:00,
ENR00009767,USR008131,MINDGUARD,active,2026-02-11T23:00:00,
ENR00009768,USR008131,HEALTH_RESERVE,active,2026-02-12T01:00:00,
ENR00009769,USR008132,MINDGUARD,active,2025-11-12T12:00:00,
ENR00009770,USR008133,MINDGUARD,active,2025-12-26T13:00:00,
ENR00009771,USR008134,HEALTH_RESERVE,active,2026-02-10T08:00:00,
ENR00009772,USR008135,MINDGUARD,active,2025-11-11T13:00:00,
ENR00009773,USR008136,HEALTH_RESERVE,active,2025-10-19T18:00:00,
ENR00009774,USR008137,HEALTH_RESERVE,active,2025-11-16T21:00:00,
ENR00009775,USR008138,MINDGUARD,active,2025-10-09T17:00:00,
ENR00009776,USR008139,MINDGUARD,active,2025-10-24T15:00:00,
ENR00009777,USR008140,MINDGUARD,active,2026-01-20T21:00:00,
ENR00009778,USR008141,HEALTH_RESERVE,active,2026-02-09T20:00:00,
ENR00009779,USR008142,HEALTH_RESERVE,active,2025-10-13T21:00:00,
ENR00009780,USR008143,MINDGUARD,active,2025-12-19T17:00:00,
ENR00009781,USR008144,MINDGUARD,active,2026-01-10T16:00:00,
ENR00009782,USR008144,HEALTH_RESERVE,active,2026-01-10T15:00:00,
ENR00009783,USR008145,MINDGUARD,active,2026-01-16T17:00:00,
ENR00009784,USR008146,HEALTH_RESERVE,active,2025-10-22T12:00:00,
ENR00009785,USR008147,HEALTH_RESERVE,active,2025-09-20T13:00:00,
ENR00009786,USR008148,MINDGUARD,active,2025-09-26T19:00:00,
ENR00009787,USR008148,HEALTH_RESERVE,active,2025-09-29T17:00:00,
ENR00009788,USR008149,MINDGUARD,active,2025-12-10T19:00:00,
ENR00009789,USR008149,HEALTH_RESERVE,active,2025-12-16T02:00:00,
ENR00009790,USR008150,MINDGUARD,active,2026-02-03T12:00:00,
ENR00009791,USR008151,HEALTH_RESERVE,active,2025-11-14T23:00:00,
ENR00009792,USR008152,MINDGUARD,active,2026-01-06T04:00:00,
ENR00009793,USR008153,MINDGUARD,active,2025-11-15T18:00:00,
ENR00009794,USR008154,MINDGUARD,active,2025-11-16T02:00:00,
ENR00009795,USR008155,HEALTH_RESERVE,active,2025-09-28T12:00:00,
ENR00009796,USR008156,MINDGUARD,active,2026-01-11T19:00:00,
ENR00009797,USR008157,HEALTH_RESERVE,active,2025-10-23T19:00:00,
ENR00009798,USR008158,MINDGUARD,active,2025-11-12T21:00:00,
ENR00009799,USR008159,MINDGUARD,active,2025-11-26T15:00:00,
ENR00009800,USR008160,MINDGUARD,active,2025-11-30T07:00:00,
ENR00009801,USR008161,MINDGUARD,active,2025-09-28T10:00:00,
ENR00009802,USR008161,HEALTH_RESERVE,active,2025-09-30T06:00:00,
ENR00009803,USR008162,MINDGUARD,active,2025-11-29T21:00:00,
ENR00009804,USR008163,MINDGUARD,active,2025-12-23T21:00:00,
ENR00009805,USR008163,HEALTH_RESERVE,active,2025-12-25T22:00:00,
ENR00009806,USR008164,MINDGUARD,active,2025-09-25T15:00:00,
ENR00009807,USR008165,MINDGUARD,active,2025-11-20T20:00:00,
ENR00009808,USR008165,HEALTH_RESERVE,active,2025-11-27T17:00:00,
ENR00009809,USR008166,MINDGUARD,active,2025-12-27T14:00:00,
ENR00009810,USR008167,MINDGUARD,active,2026-01-11T11:00:00,
ENR00009811,USR008168,HEALTH_RESERVE,active,2025-11-09T23:00:00,
ENR00009812,USR008169,MINDGUARD,active,2026-02-13T15:00:00,
ENR00009813,USR008170,MINDGUARD,active,2025-09-27T05:00:00,
ENR00009814,USR008171,MINDGUARD,active,2025-10-05T08:00:00,
ENR00009815,USR008172,MINDGUARD,active,2025-11-07T00:00:00,
ENR00009816,USR008172,HEALTH_RESERVE,active,2025-11-05T10:00:00,
ENR00009817,USR008173,MINDGUARD,active,2025-12-27T06:00:00,
ENR00009818,USR008173,HEALTH_RESERVE,active,2025-12-31T08:00:00,
ENR00009819,USR008174,MINDGUARD,active,2025-11-29T23:00:00,
ENR00009820,USR008175,MINDGUARD,active,2025-10-27T22:00:00,
ENR00009821,USR008176,HEALTH_RESERVE,active,2025-10-07T07:00:00,
ENR00009822,USR008177,MINDGUARD,active,2025-12-16T00:00:00,
ENR00009823,USR008178,HEALTH_RESERVE,active,2025-09-27T20:00:00,
ENR00009824,USR008179,HEALTH_RESERVE,active,2026-01-26T10:00:00,
ENR00009825,USR008180,MINDGUARD,active,2025-12-31T22:00:00,
ENR00009826,USR008180,HEALTH_RESERVE,active,2026-01-06T22:00:00,
ENR00009827,USR008181,MINDGUARD,active,2025-12-25T05:00:00,
ENR00009828,USR008182,MINDGUARD,active,2025-10-05T05:00:00,
ENR00009829,USR008183,MINDGUARD,active,2026-01-13T14:00:00,
ENR00009830,USR008184,MINDGUARD,active,2025-11-30T23:00:00,
ENR00009831,USR008185,MINDGUARD,active,2025-12-24T14:00:00,
ENR00009832,USR008185,HEALTH_RESERVE,active,2025-12-14T13:00:00,
ENR00009833,USR008186,HEALTH_RESERVE,active,2026-02-10T01:00:00,
ENR00009834,USR008187,MINDGUARD,active,2025-10-25T00:00:00,
ENR00009835,USR008188,MINDGUARD,active,2026-01-01T17:00:00,
ENR00009836,USR008189,MINDGUARD,active,2025-12-12T07:00:00,
ENR00009837,USR008190,MINDGUARD,active,2026-02-07T04:00:00,
ENR00009838,USR008191,MINDGUARD,active,2025-11-24T20:00:00,
ENR00009839,USR008192,MINDGUARD,active,2026-01-17T22:00:00,
ENR00009840,USR008192,HEALTH_RESERVE,active,2026-01-15T14:00:00,
ENR00009841,USR008193,MINDGUARD,active,2026-01-21T01:00:00,
ENR00009842,USR008194,HEALTH_RESERVE,active,2026-01-17T00:00:00,
ENR00009843,USR008195,MINDGUARD,active,2025-10-18T08:00:00,
ENR00009844,USR008195,HEALTH_RESERVE,active,2025-10-22T10:00:00,
ENR00009845,USR008196,HEALTH_RESERVE,active,2026-01-06T12:00:00,
ENR00009846,USR008197,MINDGUARD,active,2025-10-22T06:00:00,
ENR00009847,USR008198,MINDGUARD,active,2025-11-20T21:00:00,
ENR00009848,USR008199,MINDGUARD,active,2026-02-07T18:00:00,
ENR00009849,USR008200,MINDGUARD,active,2025-12-24T05:00:00,
ENR00009850,USR008201,MINDGUARD,active,2025-10-20T13:00:00,
ENR00009851,USR008202,MINDGUARD,active,2025-12-05T06:00:00,
ENR00009852,USR008203,MINDGUARD,active,2025-09-24T10:00:00,
ENR00009853,USR008204,MINDGUARD,active,2025-10-27T17:00:00,
ENR00009854,USR008204,HEALTH_RESERVE,active,2025-10-30T22:00:00,
ENR00009855,USR008205,MINDGUARD,active,2026-01-28T10:00:00,
ENR00009856,USR008206,MINDGUARD,active,2025-09-20T02:00:00,
ENR00009857,USR008207,HEALTH_RESERVE,active,2025-12-06T09:00:00,
ENR00009858,USR008208,MINDGUARD,active,2025-10-27T21:00:00,
ENR00009859,USR008209,MINDGUARD,active,2025-12-26T19:00:00,
ENR00009860,USR008210,MINDGUARD,active,2025-11-02T10:00:00,
ENR00009861,USR008211,HEALTH_RESERVE,active,2026-01-04T11:00:00,
ENR00009862,USR008212,MINDGUARD,active,2025-10-20T19:00:00,
ENR00009863,USR008212,HEALTH_RESERVE,active,2025-10-20T16:00:00,
ENR00009864,USR008213,MINDGUARD,active,2025-10-18T21:00:00,
ENR00009865,USR008214,HEALTH_RESERVE,active,2025-11-03T06:00:00,
ENR00009866,USR008215,MINDGUARD,active,2025-10-19T12:00:00,
ENR00009867,USR008216,MINDGUARD,active,2025-12-15T05:00:00,
ENR00009868,USR008217,MINDGUARD,active,2025-09-30T13:00:00,
ENR00009869,USR008218,MINDGUARD,active,2026-02-09T03:00:00,
ENR00009870,USR008219,MINDGUARD,active,2025-12-23T05:00:00,
ENR00009871,USR008220,MINDGUARD,active,2025-10-19T05:00:00,
ENR00009872,USR008221,HEALTH_RESERVE,active,2025-11-11T17:00:00,
ENR00009873,USR008222,MINDGUARD,active,2026-02-05T23:00:00,
ENR00009874,USR008222,HEALTH_RESERVE,active,2026-01-27T19:00:00,
ENR00009875,USR008223,MINDGUARD,active,2026-02-01T10:00:00,
ENR00009876,USR008223,HEALTH_RESERVE,active,2026-02-05T10:00:00,
ENR00009877,USR008224,MINDGUARD,active,2025-11-15T05:00:00,
ENR00009878,USR008224,HEALTH_RESERVE,active,2025-11-21T13:00:00,
ENR00009879,USR008225,HEALTH_RESERVE,active,2025-10-07T07:00:00,
ENR00009880,USR008226,HEALTH_RESERVE,active,2025-10-14T14:00:00,
ENR00009881,USR008227,MINDGUARD,discontinued,2025-10-04T07:00:00,2026-06-02T08:16:00
ENR00009882,USR008228,MINDGUARD,active,2025-12-02T01:00:00,
ENR00009883,USR008229,MINDGUARD,active,2025-12-28T21:00:00,
ENR00009884,USR008230,MINDGUARD,active,2026-01-04T00:00:00,
ENR00009885,USR008230,HEALTH_RESERVE,active,2026-01-09T04:00:00,
ENR00009886,USR008231,HEALTH_RESERVE,active,2025-12-29T13:00:00,
ENR00009887,USR008232,MINDGUARD,active,2026-02-14T23:00:00,
ENR00009888,USR008233,MINDGUARD,active,2025-12-12T10:00:00,
ENR00009889,USR008233,HEALTH_RESERVE,active,2025-12-10T15:00:00,
ENR00009890,USR008234,MINDGUARD,active,2025-12-10T13:00:00,
ENR00009891,USR008235,MINDGUARD,active,2025-10-14T07:00:00,
ENR00009892,USR008236,MINDGUARD,active,2026-02-04T10:00:00,
ENR00009893,USR008237,MINDGUARD,active,2025-11-25T02:00:00,
ENR00009894,USR008238,HEALTH_RESERVE,active,2025-11-08T23:00:00,
ENR00009895,USR008239,MINDGUARD,active,2025-10-12T12:00:00,
ENR00009896,USR008239,HEALTH_RESERVE,active,2025-10-04T16:00:00,
ENR00009897,USR008240,MINDGUARD,active,2026-01-25T01:00:00,
ENR00009898,USR008241,MINDGUARD,active,2025-10-23T07:00:00,
ENR00009899,USR008242,MINDGUARD,active,2025-11-01T20:00:00,
ENR00009900,USR008243,MINDGUARD,active,2026-02-11T14:00:00,
ENR00009901,USR008243,HEALTH_RESERVE,active,2026-02-20T12:00:00,
ENR00009902,USR008244,MINDGUARD,active,2025-12-23T03:00:00,
ENR00009903,USR008245,MINDGUARD,active,2026-02-13T12:00:00,
ENR00009904,USR008246,HEALTH_RESERVE,active,2025-11-08T00:00:00,
ENR00009905,USR008247,MINDGUARD,active,2025-11-16T12:00:00,
ENR00009906,USR008248,MINDGUARD,active,2025-12-30T09:00:00,
ENR00009907,USR008249,MINDGUARD,active,2025-11-21T13:00:00,
ENR00009908,USR008250,MINDGUARD,active,2025-11-27T13:00:00,
ENR00009909,USR008251,MINDGUARD,active,2025-12-17T03:00:00,
ENR00009910,USR008252,MINDGUARD,active,2025-10-18T09:00:00,
ENR00009911,USR008253,MINDGUARD,active,2025-10-17T04:00:00,
ENR00009912,USR008254,MINDGUARD,active,2026-01-11T17:00:00,
ENR00009913,USR008255,MINDGUARD,active,2025-12-28T13:00:00,
ENR00009914,USR008256,MINDGUARD,active,2025-09-29T16:00:00,
ENR00009915,USR008257,MINDGUARD,active,2026-01-17T18:00:00,
ENR00009916,USR008258,HEALTH_RESERVE,active,2025-11-13T21:00:00,
ENR00009917,USR008259,MINDGUARD,active,2025-12-08T22:00:00,
ENR00009918,USR008260,MINDGUARD,active,2025-12-27T06:00:00,
ENR00009919,USR008260,HEALTH_RESERVE,active,2025-12-27T06:00:00,
ENR00009920,USR008261,MINDGUARD,active,2025-11-28T11:00:00,
ENR00009921,USR008262,MINDGUARD,active,2025-12-26T08:00:00,
ENR00009922,USR008263,MINDGUARD,active,2025-10-29T07:00:00,
ENR00009923,USR008263,HEALTH_RESERVE,active,2025-10-22T17:00:00,
ENR00009924,USR008264,MINDGUARD,active,2026-01-31T10:00:00,
ENR00009925,USR008264,HEALTH_RESERVE,active,2026-01-20T02:00:00,
ENR00009926,USR008265,MINDGUARD,active,2025-10-06T18:00:00,
ENR00009927,USR008266,MINDGUARD,active,2025-12-01T07:00:00,
ENR00009928,USR008267,MINDGUARD,active,2025-12-04T18:00:00,
ENR00009929,USR008268,MINDGUARD,active,2025-12-22T22:00:00,
ENR00009930,USR008269,HEALTH_RESERVE,active,2025-12-31T13:00:00,
ENR00009931,USR008270,MINDGUARD,active,2025-10-06T18:00:00,
ENR00009932,USR008270,HEALTH_RESERVE,active,2025-10-06T16:00:00,
ENR00009933,USR008271,MINDGUARD,active,2026-01-03T07:00:00,
ENR00009934,USR008272,MINDGUARD,active,2025-10-21T20:00:00,
ENR00009935,USR008273,MINDGUARD,active,2025-11-05T16:00:00,
ENR00009936,USR008274,MINDGUARD,active,2025-11-30T23:00:00,
ENR00009937,USR008275,MINDGUARD,active,2026-01-19T16:00:00,
ENR00009938,USR008276,HEALTH_RESERVE,active,2025-11-05T01:00:00,
ENR00009939,USR008277,MINDGUARD,active,2026-01-08T14:00:00,
ENR00009940,USR008278,MINDGUARD,active,2025-10-17T03:00:00,
ENR00009941,USR008279,MINDGUARD,active,2025-12-20T17:00:00,
ENR00009942,USR008280,MINDGUARD,active,2025-12-03T03:00:00,
ENR00009943,USR008280,HEALTH_RESERVE,active,2025-11-26T04:00:00,
ENR00009944,USR008281,MINDGUARD,active,2026-01-16T05:00:00,
ENR00009945,USR008282,MINDGUARD,active,2025-10-12T03:00:00,
ENR00009946,USR008283,MINDGUARD,active,2025-09-17T15:00:00,
ENR00009947,USR008284,MINDGUARD,active,2026-01-06T12:00:00,
ENR00009948,USR008285,MINDGUARD,active,2025-12-18T17:00:00,
ENR00009949,USR008285,HEALTH_RESERVE,active,2025-12-16T01:00:00,
ENR00009950,USR008286,HEALTH_RESERVE,active,2025-09-26T22:00:00,
ENR00009951,USR008287,MINDGUARD,active,2025-10-10T15:00:00,
ENR00009952,USR008288,MINDGUARD,active,2025-12-11T04:00:00,
ENR00009953,USR008289,MINDGUARD,active,2025-10-18T00:00:00,
ENR00009954,USR008290,MINDGUARD,active,2026-01-13T11:00:00,
ENR00009955,USR008290,HEALTH_RESERVE,active,2026-01-15T15:00:00,
ENR00009956,USR008291,MINDGUARD,active,2025-11-18T01:00:00,
ENR00009957,USR008292,HEALTH_RESERVE,active,2026-02-23T18:00:00,
ENR00009958,USR008293,MINDGUARD,active,2025-10-30T13:00:00,
ENR00009959,USR008293,HEALTH_RESERVE,active,2025-11-01T15:00:00,
ENR00009960,USR008294,MINDGUARD,active,2025-12-19T03:00:00,
ENR00009961,USR008295,HEALTH_RESERVE,active,2025-12-24T22:00:00,
ENR00009962,USR008296,MINDGUARD,active,2025-10-20T07:00:00,
ENR00009963,USR008297,MINDGUARD,active,2025-12-13T02:00:00,
ENR00009964,USR008298,MINDGUARD,active,2025-10-31T04:00:00,
ENR00009965,USR008298,HEALTH_RESERVE,active,2025-11-03T00:00:00,
ENR00009966,USR008299,MINDGUARD,active,2025-10-24T21:00:00,
ENR00009967,USR008300,MINDGUARD,active,2026-02-21T11:00:00,
ENR00009968,USR008301,HEALTH_RESERVE,active,2025-12-25T00:00:00,
ENR00009969,USR008302,MINDGUARD,active,2026-02-08T23:00:00,
ENR00009970,USR008303,MINDGUARD,active,2025-10-26T03:00:00,
ENR00009971,USR008304,MINDGUARD,active,2025-11-03T03:00:00,
ENR00009972,USR008304,HEALTH_RESERVE,active,2025-11-02T05:00:00,
ENR00009973,USR008305,MINDGUARD,active,2025-11-12T05:00:00,
ENR00009974,USR008305,HEALTH_RESERVE,active,2025-11-19T08:00:00,
ENR00009975,USR008306,MINDGUARD,active,2025-11-12T09:00:00,
ENR00009976,USR008307,MINDGUARD,active,2025-10-21T04:00:00,
ENR00009977,USR008307,HEALTH_RESERVE,active,2025-10-28T18:00:00,
ENR00009978,USR008308,MINDGUARD,active,2025-12-03T15:00:00,
ENR00009979,USR008309,MINDGUARD,active,2025-12-07T22:00:00,
ENR00009980,USR008310,MINDGUARD,active,2025-11-27T04:00:00,
ENR00009981,USR008311,MINDGUARD,active,2025-09-25T04:00:00,
ENR00009982,USR008312,MINDGUARD,active,2026-01-14T01:00:00,
ENR00009983,USR008312,HEALTH_RESERVE,active,2026-01-18T16:00:00,
ENR00009984,USR008313,MINDGUARD,active,2026-02-02T05:00:00,
ENR00009985,USR008314,MINDGUARD,active,2026-02-06T03:00:00,
ENR00009986,USR008315,MINDGUARD,active,2025-10-21T14:00:00,
ENR00009987,USR008316,MINDGUARD,active,2026-02-08T03:00:00,
ENR00009988,USR008317,MINDGUARD,active,2025-12-30T03:00:00,
ENR00009989,USR008318,MINDGUARD,active,2025-09-18T20:00:00,
ENR00009990,USR008318,HEALTH_RESERVE,active,2025-09-25T21:00:00,
ENR00009991,USR008319,MINDGUARD,active,2026-01-14T01:00:00,
ENR00009992,USR008320,HEALTH_RESERVE,active,2025-11-07T19:00:00,
ENR00009993,USR008321,MINDGUARD,active,2026-02-05T20:00:00,
ENR00009994,USR008322,MINDGUARD,active,2025-11-21T18:00:00,
ENR00009995,USR008323,MINDGUARD,active,2026-01-21T21:00:00,
ENR00009996,USR008324,MINDGUARD,active,2025-11-21T18:00:00,
ENR00009997,USR008324,HEALTH_RESERVE,active,2025-11-16T16:00:00,
ENR00009998,USR008325,MINDGUARD,active,2025-09-22T18:00:00,
ENR00009999,USR008325,HEALTH_RESERVE,active,2025-09-19T07:00:00,
ENR00010000,USR008326,MINDGUARD,active,2026-02-10T15:00:00,
ENR00010001,USR008327,MINDGUARD,active,2025-12-04T01:00:00,
ENR00010002,USR008328,HEALTH_RESERVE,active,2026-01-22T14:00:00,
ENR00010003,USR008329,HEALTH_RESERVE,active,2025-12-15T05:00:00,
ENR00010004,USR008330,MINDGUARD,active,2025-12-30T23:00:00,
ENR00010005,USR008331,HEALTH_RESERVE,active,2026-01-05T00:00:00,
ENR00010006,USR008332,MINDGUARD,active,2025-11-16T16:00:00,
ENR00010007,USR008333,MINDGUARD,active,2026-01-10T03:00:00,
ENR00010008,USR008334,HEALTH_RESERVE,active,2026-01-31T07:00:00,
ENR00010009,USR008335,MINDGUARD,active,2025-11-22T01:00:00,
ENR00010010,USR008336,MINDGUARD,active,2025-12-16T03:00:00,
ENR00010011,USR008336,HEALTH_RESERVE,active,2025-12-06T04:00:00,
ENR00010012,USR008337,HEALTH_RESERVE,active,2025-11-10T03:00:00,
ENR00010013,USR008338,MINDGUARD,active,2025-12-22T10:00:00,
ENR00010014,USR008339,MINDGUARD,active,2025-11-21T09:00:00,
ENR00010015,USR008339,HEALTH_RESERVE,active,2025-11-20T19:00:00,
ENR00010016,USR008340,MINDGUARD,active,2026-02-02T19:00:00,
ENR00010017,USR008340,HEALTH_RESERVE,active,2026-02-04T01:00:00,
ENR00010018,USR008341,MINDGUARD,active,2025-09-25T22:00:00,
ENR00010019,USR008341,HEALTH_RESERVE,active,2025-09-25T22:00:00,
ENR00010020,USR008342,MINDGUARD,active,2025-10-23T10:00:00,
ENR00010021,USR008343,MINDGUARD,active,2025-11-28T12:00:00,
ENR00010022,USR008344,MINDGUARD,active,2026-02-16T09:00:00,
ENR00010023,USR008345,MINDGUARD,active,2025-09-29T16:00:00,
ENR00010024,USR008346,MINDGUARD,active,2025-11-24T22:00:00,
ENR00010025,USR008347,HEALTH_RESERVE,active,2025-10-30T14:00:00,
ENR00010026,USR008348,MINDGUARD,active,2025-12-14T19:00:00,
ENR00010027,USR008349,MINDGUARD,active,2025-09-22T01:00:00,
ENR00010028,USR008350,MINDGUARD,active,2026-01-08T22:00:00,
ENR00010029,USR008351,MINDGUARD,active,2026-01-08T01:00:00,
ENR00010030,USR008351,HEALTH_RESERVE,active,2026-01-10T06:00:00,
ENR00010031,USR008352,MINDGUARD,active,2025-12-20T03:00:00,
ENR00010032,USR008352,HEALTH_RESERVE,active,2025-12-14T03:00:00,
ENR00010033,USR008353,MINDGUARD,active,2026-01-06T01:00:00,
ENR00010034,USR008354,MINDGUARD,active,2025-10-15T01:00:00,
ENR00010035,USR008354,HEALTH_RESERVE,active,2025-10-18T21:00:00,
ENR00010036,USR008355,MINDGUARD,active,2025-10-10T05:00:00,
ENR00010037,USR008356,HEALTH_RESERVE,active,2025-12-23T04:00:00,
ENR00010038,USR008357,MINDGUARD,active,2026-01-15T16:00:00,
ENR00010039,USR008357,HEALTH_RESERVE,active,2026-01-02T17:00:00,
ENR00010040,USR008358,MINDGUARD,active,2025-11-26T01:00:00,
ENR00010041,USR008359,MINDGUARD,active,2025-12-13T14:00:00,
ENR00010042,USR008360,MINDGUARD,active,2025-12-13T08:00:00,
ENR00010043,USR008361,MINDGUARD,active,2025-10-05T15:00:00,
ENR00010044,USR008362,MINDGUARD,active,2025-12-15T08:00:00,
ENR00010045,USR008363,MINDGUARD,active,2025-12-12T17:00:00,
ENR00010046,USR008364,MINDGUARD,active,2025-12-11T00:00:00,
ENR00010047,USR008365,MINDGUARD,active,2025-11-21T08:00:00,
ENR00010048,USR008365,HEALTH_RESERVE,active,2025-11-09T01:00:00,
ENR00010049,USR008366,MINDGUARD,active,2025-10-12T04:00:00,
ENR00010050,USR008367,MINDGUARD,active,2026-01-07T02:00:00,
ENR00010051,USR008368,MINDGUARD,active,2025-11-19T06:00:00,
ENR00010052,USR008369,MINDGUARD,active,2026-01-20T11:00:00,
ENR00010053,USR008370,MINDGUARD,active,2025-12-29T06:00:00,
ENR00010054,USR008370,HEALTH_RESERVE,active,2026-01-06T05:00:00,
ENR00010055,USR008371,MINDGUARD,active,2025-11-13T07:00:00,
ENR00010056,USR008372,MINDGUARD,active,2025-11-13T22:00:00,
ENR00010057,USR008373,HEALTH_RESERVE,active,2026-02-19T10:00:00,
ENR00010058,USR008374,HEALTH_RESERVE,active,2025-12-31T05:00:00,
ENR00010059,USR008375,HEALTH_RESERVE,active,2025-12-06T19:00:00,
ENR00010060,USR008376,MINDGUARD,active,2026-01-18T16:00:00,
ENR00010061,USR008377,HEALTH_RESERVE,active,2025-09-20T23:00:00,
ENR00010062,USR008378,MINDGUARD,active,2025-10-12T07:00:00,
ENR00010063,USR008378,HEALTH_RESERVE,active,2025-10-10T14:00:00,
ENR00010064,USR008379,MINDGUARD,active,2025-10-16T21:00:00,
ENR00010065,USR008380,MINDGUARD,active,2025-12-04T18:00:00,
ENR00010066,USR008380,HEALTH_RESERVE,active,2025-12-03T16:00:00,
ENR00010067,USR008381,MINDGUARD,active,2025-12-07T05:00:00,
ENR00010068,USR008382,HEALTH_RESERVE,active,2025-11-30T09:00:00,
ENR00010069,USR008383,MINDGUARD,active,2025-10-25T23:00:00,
ENR00010070,USR008384,MINDGUARD,active,2026-02-10T10:00:00,
ENR00010071,USR008385,MINDGUARD,active,2026-02-21T02:00:00,
ENR00010072,USR008386,MINDGUARD,active,2025-10-19T21:00:00,
ENR00010073,USR008387,MINDGUARD,active,2025-10-22T12:00:00,
ENR00010074,USR008388,MINDGUARD,active,2025-10-19T04:00:00,
ENR00010075,USR008388,HEALTH_RESERVE,active,2025-10-12T23:00:00,
ENR00010076,USR008389,MINDGUARD,active,2025-12-13T10:00:00,
ENR00010077,USR008389,HEALTH_RESERVE,active,2025-12-08T03:00:00,
ENR00010078,USR008390,MINDGUARD,active,2025-12-20T15:00:00,
ENR00010079,USR008391,MINDGUARD,active,2025-10-31T06:00:00,
ENR00010080,USR008392,MINDGUARD,active,2025-12-30T16:00:00,
ENR00010081,USR008392,HEALTH_RESERVE,active,2026-01-02T14:00:00,
ENR00010082,USR008393,MINDGUARD,active,2025-10-04T13:00:00,
ENR00010083,USR008394,MINDGUARD,active,2026-01-28T14:00:00,
ENR00010084,USR008395,MINDGUARD,active,2025-11-07T13:00:00,
ENR00010085,USR008395,HEALTH_RESERVE,active,2025-11-03T15:00:00,
ENR00010086,USR008396,MINDGUARD,active,2025-11-30T12:00:00,
ENR00010087,USR008397,HEALTH_RESERVE,active,2025-10-04T16:00:00,
ENR00010088,USR008398,MINDGUARD,active,2025-11-29T00:00:00,
ENR00010089,USR008399,MINDGUARD,active,2025-10-19T12:00:00,
ENR00010090,USR008399,HEALTH_RESERVE,active,2025-10-23T05:00:00,
ENR00010091,USR008400,HEALTH_RESERVE,active,2026-01-13T19:00:00,
ENR00010092,USR008401,MINDGUARD,active,2026-02-06T03:00:00,
ENR00010093,USR008402,MINDGUARD,active,2025-12-12T16:00:00,
ENR00010094,USR008402,HEALTH_RESERVE,active,2025-12-11T00:00:00,
ENR00010095,USR008403,HEALTH_RESERVE,active,2025-10-16T11:00:00,
ENR00010096,USR008404,HEALTH_RESERVE,active,2025-10-18T08:00:00,
ENR00010097,USR008405,HEALTH_RESERVE,active,2025-10-06T04:00:00,
ENR00010098,USR008406,MINDGUARD,active,2025-12-22T01:00:00,
ENR00010099,USR008407,MINDGUARD,active,2025-12-06T14:00:00,
ENR00010100,USR008408,MINDGUARD,active,2026-01-25T07:00:00,
ENR00010101,USR008409,HEALTH_RESERVE,active,2026-02-02T08:00:00,
ENR00010102,USR008410,MINDGUARD,active,2025-10-15T05:00:00,
ENR00010103,USR008411,HEALTH_RESERVE,active,2025-09-26T23:00:00,
ENR00010104,USR008412,MINDGUARD,active,2025-10-06T09:00:00,
ENR00010105,USR008413,HEALTH_RESERVE,active,2025-11-11T17:00:00,
ENR00010106,USR008414,MINDGUARD,active,2025-10-28T05:00:00,
ENR00010107,USR008414,HEALTH_RESERVE,active,2025-11-03T05:00:00,
ENR00010108,USR008415,MINDGUARD,active,2026-02-16T18:00:00,
ENR00010109,USR008416,MINDGUARD,active,2026-02-07T11:00:00,
ENR00010110,USR008416,HEALTH_RESERVE,active,2026-02-08T07:00:00,
ENR00010111,USR008417,MINDGUARD,active,2025-10-03T05:00:00,
ENR00010112,USR008418,MINDGUARD,active,2026-01-19T17:00:00,
ENR00010113,USR008419,MINDGUARD,active,2025-11-17T11:00:00,
ENR00010114,USR008420,MINDGUARD,active,2025-10-04T11:00:00,
ENR00010115,USR008421,MINDGUARD,active,2026-01-15T09:00:00,
ENR00010116,USR008422,MINDGUARD,active,2025-12-01T01:00:00,
ENR00010117,USR008423,MINDGUARD,active,2025-09-27T12:00:00,
ENR00010118,USR008424,MINDGUARD,active,2026-02-08T11:00:00,
ENR00010119,USR008425,HEALTH_RESERVE,active,2025-11-04T16:00:00,
ENR00010120,USR008426,MINDGUARD,active,2025-09-25T00:00:00,
ENR00010121,USR008427,MINDGUARD,discontinued,2025-09-25T09:00:00,2026-04-14T09:56:00
ENR00010122,USR008428,HEALTH_RESERVE,active,2025-10-31T10:00:00,
ENR00010123,USR008429,MINDGUARD,active,2025-11-03T12:00:00,
ENR00010124,USR008429,HEALTH_RESERVE,active,2025-11-06T11:00:00,
ENR00010125,USR008430,MINDGUARD,active,2025-10-12T18:00:00,
ENR00010126,USR008430,HEALTH_RESERVE,active,2025-10-16T18:00:00,
ENR00010127,USR008431,HEALTH_RESERVE,active,2025-12-18T06:00:00,
ENR00010128,USR008432,MINDGUARD,active,2025-12-06T08:00:00,
ENR00010129,USR008432,HEALTH_RESERVE,active,2025-12-01T02:00:00,
ENR00010130,USR008433,MINDGUARD,active,2025-10-15T10:00:00,
ENR00010131,USR008434,MINDGUARD,active,2025-09-20T00:00:00,
ENR00010132,USR008435,HEALTH_RESERVE,active,2025-11-05T06:00:00,
ENR00010133,USR008436,MINDGUARD,active,2025-12-25T14:00:00,
ENR00010134,USR008437,HEALTH_RESERVE,active,2026-01-04T07:00:00,
ENR00010135,USR008438,MINDGUARD,active,2025-11-13T07:00:00,
ENR00010136,USR008439,HEALTH_RESERVE,active,2025-12-05T20:00:00,
ENR00010137,USR008440,MINDGUARD,active,2025-11-09T09:00:00,
ENR00010138,USR008441,MINDGUARD,active,2025-12-30T10:00:00,
ENR00010139,USR008442,MINDGUARD,active,2025-10-06T17:00:00,
ENR00010140,USR008443,MINDGUARD,active,2025-10-26T08:00:00,
ENR00010141,USR008444,HEALTH_RESERVE,active,2025-12-22T22:00:00,
ENR00010142,USR008445,MINDGUARD,active,2026-02-08T14:00:00,
ENR00010143,USR008446,MINDGUARD,discontinued,2025-11-16T03:00:00,2026-06-09T04:18:00
ENR00010144,USR008447,HEALTH_RESERVE,active,2026-01-07T13:00:00,
ENR00010145,USR008448,HEALTH_RESERVE,active,2025-11-07T10:00:00,
ENR00010146,USR008449,MINDGUARD,active,2025-12-13T07:00:00,
ENR00010147,USR008450,MINDGUARD,active,2026-02-08T02:00:00,
ENR00010148,USR008451,HEALTH_RESERVE,active,2025-09-19T10:00:00,
ENR00010149,USR008452,MINDGUARD,active,2025-12-14T12:00:00,
ENR00010150,USR008452,HEALTH_RESERVE,active,2025-12-25T10:00:00,
ENR00010151,USR008453,MINDGUARD,active,2025-10-05T22:00:00,
ENR00010152,USR008454,MINDGUARD,active,2025-10-01T01:00:00,
ENR00010153,USR008455,MINDGUARD,active,2025-11-13T12:00:00,
ENR00010154,USR008455,HEALTH_RESERVE,active,2025-11-13T13:00:00,
ENR00010155,USR008456,MINDGUARD,active,2026-02-12T11:00:00,
ENR00010156,USR008457,HEALTH_RESERVE,active,2025-12-16T13:00:00,
ENR00010157,USR008458,MINDGUARD,active,2025-10-19T11:00:00,
ENR00010158,USR008459,HEALTH_RESERVE,active,2025-11-03T17:00:00,
ENR00010159,USR008460,MINDGUARD,active,2025-10-10T14:00:00,
ENR00010160,USR008461,HEALTH_RESERVE,active,2025-12-04T16:00:00,
ENR00010161,USR008462,MINDGUARD,active,2026-02-03T18:00:00,
ENR00010162,USR008462,HEALTH_RESERVE,active,2026-01-30T17:00:00,
ENR00010163,USR008463,MINDGUARD,active,2025-12-28T06:00:00,
ENR00010164,USR008463,HEALTH_RESERVE,active,2025-12-31T12:00:00,
ENR00010165,USR008464,HEALTH_RESERVE,active,2025-09-29T21:00:00,
ENR00010166,USR008465,MINDGUARD,active,2026-01-04T04:00:00,
ENR00010167,USR008465,HEALTH_RESERVE,active,2026-01-03T01:00:00,
ENR00010168,USR008466,HEALTH_RESERVE,active,2025-11-16T16:00:00,
ENR00010169,USR008467,MINDGUARD,active,2025-11-18T07:00:00,
ENR00010170,USR008468,MINDGUARD,active,2025-09-16T17:00:00,
ENR00010171,USR008469,MINDGUARD,active,2025-11-06T17:00:00,
ENR00010172,USR008470,MINDGUARD,active,2025-11-06T13:00:00,
ENR00010173,USR008471,MINDGUARD,active,2025-10-13T10:00:00,
ENR00010174,USR008471,HEALTH_RESERVE,active,2025-10-22T07:00:00,
ENR00010175,USR008472,MINDGUARD,active,2025-11-07T06:00:00,
ENR00010176,USR008473,MINDGUARD,active,2025-09-27T21:00:00,
ENR00010177,USR008474,HEALTH_RESERVE,active,2025-12-26T05:00:00,
ENR00010178,USR008475,MINDGUARD,active,2025-09-17T12:00:00,
ENR00010179,USR008476,HEALTH_RESERVE,active,2025-11-13T17:00:00,
ENR00010180,USR008477,MINDGUARD,active,2026-02-01T05:00:00,
ENR00010181,USR008478,MINDGUARD,active,2025-12-19T04:00:00,
ENR00010182,USR008479,MINDGUARD,active,2026-01-09T12:00:00,
ENR00010183,USR008480,MINDGUARD,active,2026-01-04T06:00:00,
ENR00010184,USR008481,MINDGUARD,active,2026-01-02T17:00:00,
ENR00010185,USR008482,HEALTH_RESERVE,active,2025-10-28T16:00:00,
ENR00010186,USR008483,HEALTH_RESERVE,active,2025-11-22T09:00:00,
ENR00010187,USR008484,MINDGUARD,active,2026-02-08T06:00:00,
ENR00010188,USR008485,MINDGUARD,active,2025-12-21T16:00:00,
ENR00010189,USR008486,HEALTH_RESERVE,active,2025-11-26T23:00:00,
ENR00010190,USR008487,MINDGUARD,active,2025-12-25T11:00:00,
ENR00010191,USR008488,MINDGUARD,active,2025-12-01T20:00:00,
ENR00010192,USR008489,MINDGUARD,active,2026-01-04T18:00:00,
ENR00010193,USR008490,HEALTH_RESERVE,active,2025-12-27T15:00:00,
ENR00010194,USR008491,MINDGUARD,active,2026-01-18T17:00:00,
ENR00010195,USR008492,HEALTH_RESERVE,active,2025-10-25T12:00:00,
ENR00010196,USR008493,HEALTH_RESERVE,active,2026-01-21T10:00:00,
ENR00010197,USR008494,MINDGUARD,active,2025-10-08T05:00:00,
ENR00010198,USR008495,MINDGUARD,active,2025-11-21T04:00:00,
ENR00010199,USR008496,MINDGUARD,active,2025-10-08T21:00:00,
ENR00010200,USR008497,MINDGUARD,active,2026-01-19T07:00:00,
ENR00010201,USR008498,HEALTH_RESERVE,active,2025-12-16T19:00:00,
ENR00010202,USR008499,MINDGUARD,active,2025-12-01T09:00:00,
ENR00010203,USR008500,MINDGUARD,active,2026-02-01T16:00:00,
ENR00010204,USR008501,MINDGUARD,active,2025-11-01T16:00:00,
ENR00010205,USR008502,MINDGUARD,active,2025-11-24T19:00:00,
ENR00010206,USR008503,MINDGUARD,active,2026-01-16T22:00:00,
ENR00010207,USR008504,HEALTH_RESERVE,active,2025-10-20T18:00:00,
ENR00010208,USR008505,MINDGUARD,active,2025-10-31T11:00:00,
ENR00010209,USR008505,HEALTH_RESERVE,active,2025-10-25T11:00:00,
ENR00010210,USR008506,MINDGUARD,active,2026-01-23T01:00:00,
ENR00010211,USR008507,MINDGUARD,active,2026-01-27T16:00:00,
ENR00010212,USR008508,MINDGUARD,active,2025-12-09T13:00:00,
ENR00010213,USR008509,MINDGUARD,active,2025-11-21T12:00:00,
ENR00010214,USR008510,MINDGUARD,active,2026-02-12T15:00:00,
ENR00010215,USR008511,MINDGUARD,active,2025-12-07T19:00:00,
ENR00010216,USR008512,MINDGUARD,active,2025-09-19T15:00:00,
ENR00010217,USR008513,HEALTH_RESERVE,active,2025-12-10T20:00:00,
ENR00010218,USR008514,MINDGUARD,active,2026-01-25T09:00:00,
ENR00010219,USR008515,MINDGUARD,active,2026-01-13T03:00:00,
ENR00010220,USR008516,MINDGUARD,active,2025-12-18T08:00:00,
ENR00010221,USR008517,MINDGUARD,active,2025-10-17T05:00:00,
ENR00010222,USR008518,HEALTH_RESERVE,active,2025-11-06T01:00:00,
ENR00010223,USR008519,MINDGUARD,active,2025-11-28T18:00:00,
ENR00010224,USR008519,HEALTH_RESERVE,active,2025-11-25T13:00:00,
ENR00010225,USR008520,HEALTH_RESERVE,active,2025-09-20T13:00:00,
ENR00010226,USR008521,MINDGUARD,active,2026-01-14T16:00:00,
ENR00010227,USR008522,MINDGUARD,active,2025-11-07T19:00:00,
ENR00010228,USR008523,HEALTH_RESERVE,active,2025-12-23T16:00:00,
ENR00010229,USR008524,MINDGUARD,active,2025-10-04T09:00:00,
ENR00010230,USR008525,MINDGUARD,active,2026-01-26T14:00:00,
ENR00010231,USR008526,MINDGUARD,active,2026-02-16T18:00:00,
ENR00010232,USR008526,HEALTH_RESERVE,active,2026-02-17T17:00:00,
ENR00010233,USR008527,MINDGUARD,active,2025-10-30T06:00:00,
ENR00010234,USR008528,HEALTH_RESERVE,active,2025-10-20T03:00:00,
ENR00010235,USR008529,MINDGUARD,active,2026-01-12T00:00:00,
ENR00010236,USR008530,MINDGUARD,active,2025-09-25T01:00:00,
ENR00010237,USR008530,HEALTH_RESERVE,active,2025-09-26T18:00:00,
ENR00010238,USR008531,MINDGUARD,active,2025-11-10T02:00:00,
ENR00010239,USR008532,MINDGUARD,active,2025-11-22T13:00:00,
ENR00010240,USR008533,MINDGUARD,active,2025-11-21T20:00:00,
ENR00010241,USR008533,HEALTH_RESERVE,active,2025-12-01T02:00:00,
ENR00010242,USR008534,MINDGUARD,active,2026-02-01T15:00:00,
ENR00010243,USR008534,HEALTH_RESERVE,active,2026-01-30T22:00:00,
ENR00010244,USR008535,MINDGUARD,active,2025-11-11T13:00:00,
ENR00010245,USR008536,HEALTH_RESERVE,active,2026-02-03T23:00:00,
ENR00010246,USR008537,HEALTH_RESERVE,active,2025-10-31T22:00:00,
ENR00010247,USR008538,MINDGUARD,active,2025-10-05T13:00:00,
ENR00010248,USR008539,MINDGUARD,active,2025-12-11T22:00:00,
ENR00010249,USR008540,MINDGUARD,active,2025-09-17T13:00:00,
ENR00010250,USR008541,HEALTH_RESERVE,active,2025-10-05T06:00:00,
ENR00010251,USR008542,MINDGUARD,active,2026-01-11T01:00:00,
ENR00010252,USR008543,MINDGUARD,active,2025-10-24T07:00:00,
ENR00010253,USR008543,HEALTH_RESERVE,active,2025-10-20T02:00:00,
ENR00010254,USR008544,MINDGUARD,active,2025-11-05T02:00:00,
ENR00010255,USR008545,MINDGUARD,active,2025-10-20T03:00:00,
ENR00010256,USR008546,MINDGUARD,active,2025-10-19T16:00:00,
ENR00010257,USR008547,MINDGUARD,active,2025-12-29T18:00:00,
ENR00010258,USR008548,HEALTH_RESERVE,active,2025-12-01T17:00:00,
ENR00010259,USR008549,MINDGUARD,active,2025-12-01T18:00:00,
ENR00010260,USR008550,MINDGUARD,active,2025-11-30T06:00:00,
ENR00010261,USR008551,MINDGUARD,active,2025-10-23T02:00:00,
ENR00010262,USR008552,MINDGUARD,active,2026-01-18T00:00:00,
ENR00010263,USR008553,HEALTH_RESERVE,active,2026-01-05T05:00:00,
ENR00010264,USR008554,MINDGUARD,active,2025-11-20T12:00:00,
ENR00010265,USR008555,MINDGUARD,active,2025-12-29T10:00:00,
ENR00010266,USR008556,HEALTH_RESERVE,active,2026-02-19T11:00:00,
ENR00010267,USR008557,MINDGUARD,active,2025-09-29T06:00:00,
ENR00010268,USR008557,HEALTH_RESERVE,active,2025-09-30T12:00:00,
ENR00010269,USR008558,MINDGUARD,active,2025-12-18T15:00:00,
ENR00010270,USR008559,MINDGUARD,active,2026-02-07T08:00:00,
ENR00010271,USR008560,MINDGUARD,active,2025-12-08T23:00:00,
ENR00010272,USR008561,HEALTH_RESERVE,active,2026-01-17T11:00:00,
ENR00010273,USR008562,MINDGUARD,active,2025-09-17T07:00:00,
ENR00010274,USR008563,MINDGUARD,active,2025-12-09T07:00:00,
ENR00010275,USR008564,MINDGUARD,active,2025-10-18T03:00:00,
ENR00010276,USR008565,HEALTH_RESERVE,active,2025-10-15T14:00:00,
ENR00010277,USR008566,MINDGUARD,active,2025-10-12T06:00:00,
ENR00010278,USR008566,HEALTH_RESERVE,active,2025-10-17T13:00:00,
ENR00010279,USR008567,MINDGUARD,active,2025-12-08T07:00:00,
ENR00010280,USR008567,HEALTH_RESERVE,active,2025-11-26T06:00:00,
ENR00010281,USR008568,MINDGUARD,active,2025-12-04T23:00:00,
ENR00010282,USR008569,MINDGUARD,active,2025-09-30T18:00:00,
ENR00010283,USR008570,HEALTH_RESERVE,active,2025-10-29T03:00:00,
ENR00010284,USR008571,MINDGUARD,active,2025-09-17T05:00:00,
ENR00010285,USR008572,HEALTH_RESERVE,active,2025-11-15T09:00:00,
ENR00010286,USR008573,MINDGUARD,active,2025-12-15T03:00:00,
ENR00010287,USR008574,HEALTH_RESERVE,active,2026-01-23T20:00:00,
ENR00010288,USR008575,MINDGUARD,active,2025-12-27T04:00:00,
ENR00010289,USR008575,HEALTH_RESERVE,active,2025-12-21T22:00:00,
ENR00010290,USR008576,HEALTH_RESERVE,active,2025-10-19T16:00:00,
ENR00010291,USR008577,MINDGUARD,active,2025-09-29T09:00:00,
ENR00010292,USR008578,MINDGUARD,active,2025-10-06T23:00:00,
ENR00010293,USR008579,MINDGUARD,active,2025-09-17T21:00:00,
ENR00010294,USR008580,MINDGUARD,active,2025-11-14T01:00:00,
ENR00010295,USR008580,HEALTH_RESERVE,active,2025-11-06T23:00:00,
ENR00010296,USR008581,MINDGUARD,active,2025-09-27T23:00:00,
ENR00010297,USR008582,MINDGUARD,active,2025-11-01T18:00:00,
ENR00010298,USR008582,HEALTH_RESERVE,active,2025-11-03T05:00:00,
ENR00010299,USR008583,HEALTH_RESERVE,active,2025-12-10T21:00:00,
ENR00010300,USR008584,HEALTH_RESERVE,active,2025-11-17T19:00:00,
ENR00010301,USR008585,MINDGUARD,active,2025-10-04T13:00:00,
ENR00010302,USR008586,HEALTH_RESERVE,active,2025-12-16T03:00:00,
ENR00010303,USR008587,MINDGUARD,active,2026-02-12T01:00:00,
ENR00010304,USR008588,HEALTH_RESERVE,active,2026-01-14T16:00:00,
ENR00010305,USR008589,MINDGUARD,active,2026-01-03T15:00:00,
ENR00010306,USR008590,MINDGUARD,discontinued,2025-11-17T08:00:00,2026-07-13T09:19:00
ENR00010307,USR008591,MINDGUARD,active,2026-01-31T07:00:00,
ENR00010308,USR008592,MINDGUARD,active,2026-01-10T20:00:00,
ENR00010309,USR008593,MINDGUARD,active,2025-11-12T02:00:00,
ENR00010310,USR008593,HEALTH_RESERVE,active,2025-11-14T08:00:00,
ENR00010311,USR008594,MINDGUARD,active,2025-11-14T21:00:00,
ENR00010312,USR008595,MINDGUARD,active,2025-09-30T20:00:00,
ENR00010313,USR008596,MINDGUARD,active,2026-01-20T05:00:00,
ENR00010314,USR008596,HEALTH_RESERVE,active,2026-01-25T02:00:00,
ENR00010315,USR008597,MINDGUARD,active,2026-02-17T14:00:00,
ENR00010316,USR008598,MINDGUARD,active,2025-11-14T09:00:00,
ENR00010317,USR008599,MINDGUARD,active,2026-01-29T18:00:00,
ENR00010318,USR008600,HEALTH_RESERVE,active,2026-01-05T07:00:00,
ENR00010319,USR008601,HEALTH_RESERVE,active,2026-01-07T14:00:00,
ENR00010320,USR008602,MINDGUARD,active,2026-02-12T01:00:00,
ENR00010321,USR008602,HEALTH_RESERVE,active,2026-02-16T04:00:00,
ENR00010322,USR008603,MINDGUARD,active,2026-01-01T22:00:00,
ENR00010323,USR008603,HEALTH_RESERVE,active,2026-01-03T09:00:00,
ENR00010324,USR008604,HEALTH_RESERVE,active,2026-01-20T22:00:00,
ENR00010325,USR008605,MINDGUARD,active,2026-01-21T21:00:00,
ENR00010326,USR008606,MINDGUARD,active,2026-01-06T10:00:00,
ENR00010327,USR008607,HEALTH_RESERVE,active,2026-02-17T13:00:00,
ENR00010328,USR008608,MINDGUARD,active,2026-02-15T13:00:00,
ENR00010329,USR008608,HEALTH_RESERVE,active,2026-02-20T11:00:00,
ENR00010330,USR008609,MINDGUARD,active,2026-02-10T04:00:00,
ENR00010331,USR008609,HEALTH_RESERVE,active,2026-02-06T21:00:00,
ENR00010332,USR008610,MINDGUARD,active,2026-01-01T19:00:00,
ENR00010333,USR008611,MINDGUARD,active,2026-02-10T16:00:00,
ENR00010334,USR008612,MINDGUARD,active,2025-09-20T03:00:00,
ENR00010335,USR008613,MINDGUARD,active,2025-11-02T04:00:00,
ENR00010336,USR008614,MINDGUARD,active,2025-11-14T20:00:00,
ENR00010337,USR008615,MINDGUARD,active,2025-11-22T10:00:00,
ENR00010338,USR008615,HEALTH_RESERVE,active,2025-11-19T04:00:00,
ENR00010339,USR008616,MINDGUARD,active,2025-12-04T14:00:00,
ENR00010340,USR008617,HEALTH_RESERVE,active,2026-01-19T18:00:00,
ENR00010341,USR008618,MINDGUARD,active,2026-02-09T21:00:00,
ENR00010342,USR008619,MINDGUARD,active,2025-12-30T05:00:00,
ENR00010343,USR008620,HEALTH_RESERVE,active,2025-12-23T13:00:00,
ENR00010344,USR008621,MINDGUARD,active,2025-10-13T07:00:00,
ENR00010345,USR008622,HEALTH_RESERVE,active,2026-02-04T03:00:00,
ENR00010346,USR008623,MINDGUARD,active,2026-01-04T02:00:00,
ENR00010347,USR008624,MINDGUARD,active,2025-12-09T06:00:00,
ENR00010348,USR008625,MINDGUARD,active,2025-09-30T14:00:00,
ENR00010349,USR008626,MINDGUARD,active,2026-01-16T06:00:00,
ENR00010350,USR008627,MINDGUARD,active,2025-11-17T11:00:00,
ENR00010351,USR008627,HEALTH_RESERVE,active,2025-11-15T18:00:00,
ENR00010352,USR008628,MINDGUARD,active,2025-11-01T10:00:00,
ENR00010353,USR008629,MINDGUARD,active,2025-10-25T21:00:00,
ENR00010354,USR008630,HEALTH_RESERVE,active,2025-11-26T09:00:00,
ENR00010355,USR008631,HEALTH_RESERVE,active,2025-10-01T15:00:00,
ENR00010356,USR008632,MINDGUARD,active,2025-10-13T19:00:00,
ENR00010357,USR008633,MINDGUARD,active,2025-11-27T22:00:00,
ENR00010358,USR008634,MINDGUARD,active,2026-02-13T21:00:00,
ENR00010359,USR008635,MINDGUARD,active,2025-10-14T14:00:00,
ENR00010360,USR008635,HEALTH_RESERVE,active,2025-10-09T09:00:00,
ENR00010361,USR008636,HEALTH_RESERVE,active,2026-01-03T15:00:00,
ENR00010362,USR008637,MINDGUARD,active,2025-10-05T08:00:00,
ENR00010363,USR008638,HEALTH_RESERVE,active,2026-01-30T07:00:00,
ENR00010364,USR008639,MINDGUARD,active,2026-02-04T21:00:00,
ENR00010365,USR008640,MINDGUARD,active,2025-09-29T13:00:00,
ENR00010366,USR008641,MINDGUARD,active,2025-12-08T11:00:00,
ENR00010367,USR008642,MINDGUARD,active,2025-12-11T03:00:00,
ENR00010368,USR008643,HEALTH_RESERVE,active,2026-01-27T07:00:00,
ENR00010369,USR008644,MINDGUARD,active,2025-10-29T03:00:00,
ENR00010370,USR008645,MINDGUARD,active,2025-11-22T02:00:00,
ENR00010371,USR008645,HEALTH_RESERVE,active,2025-11-21T19:00:00,
ENR00010372,USR008646,MINDGUARD,active,2025-10-06T19:00:00,
ENR00010373,USR008647,MINDGUARD,active,2025-10-25T12:00:00,
ENR00010374,USR008647,HEALTH_RESERVE,active,2025-10-20T18:00:00,
ENR00010375,USR008648,HEALTH_RESERVE,active,2025-11-14T02:00:00,
ENR00010376,USR008649,MINDGUARD,active,2025-10-20T15:00:00,
ENR00010377,USR008650,MINDGUARD,active,2025-11-12T01:00:00,
ENR00010378,USR008650,HEALTH_RESERVE,active,2025-11-17T07:00:00,
ENR00010379,USR008651,MINDGUARD,active,2026-02-21T12:00:00,
ENR00010380,USR008652,MINDGUARD,active,2025-12-07T14:00:00,
ENR00010381,USR008653,MINDGUARD,active,2025-12-12T03:00:00,
ENR00010382,USR008654,MINDGUARD,active,2026-01-25T11:00:00,
ENR00010383,USR008654,HEALTH_RESERVE,active,2026-01-25T12:00:00,
ENR00010384,USR008655,MINDGUARD,active,2025-12-15T03:00:00,
ENR00010385,USR008656,MINDGUARD,active,2025-11-24T05:00:00,
ENR00010386,USR008657,MINDGUARD,active,2026-02-05T20:00:00,
ENR00010387,USR008657,HEALTH_RESERVE,active,2026-02-07T16:00:00,
ENR00010388,USR008658,MINDGUARD,active,2025-12-28T00:00:00,
ENR00010389,USR008659,MINDGUARD,active,2025-11-11T04:00:00,
ENR00010390,USR008659,HEALTH_RESERVE,active,2025-11-15T00:00:00,
ENR00010391,USR008660,MINDGUARD,active,2026-01-23T13:00:00,
ENR00010392,USR008660,HEALTH_RESERVE,active,2026-01-15T08:00:00,
ENR00010393,USR008661,MINDGUARD,active,2025-11-27T10:00:00,
ENR00010394,USR008662,MINDGUARD,active,2026-01-13T07:00:00,
ENR00010395,USR008662,HEALTH_RESERVE,active,2026-01-19T23:00:00,
ENR00010396,USR008663,MINDGUARD,active,2025-11-05T23:00:00,
ENR00010397,USR008663,HEALTH_RESERVE,active,2025-10-25T19:00:00,
ENR00010398,USR008664,MINDGUARD,active,2025-11-10T00:00:00,
ENR00010399,USR008664,HEALTH_RESERVE,active,2025-11-07T02:00:00,
ENR00010400,USR008665,MINDGUARD,active,2026-01-17T18:00:00,
ENR00010401,USR008666,MINDGUARD,active,2025-10-05T20:00:00,
ENR00010402,USR008666,HEALTH_RESERVE,active,2025-10-07T03:00:00,
ENR00010403,USR008667,MINDGUARD,active,2025-12-17T01:00:00,
ENR00010404,USR008668,MINDGUARD,active,2025-12-17T19:00:00,
ENR00010405,USR008669,MINDGUARD,active,2025-11-15T07:00:00,
ENR00010406,USR008669,HEALTH_RESERVE,active,2025-11-12T13:00:00,
ENR00010407,USR008670,MINDGUARD,active,2025-11-12T21:00:00,
ENR00010408,USR008670,HEALTH_RESERVE,active,2025-11-12T01:00:00,
ENR00010409,USR008671,HEALTH_RESERVE,active,2025-09-24T16:00:00,
ENR00010410,USR008672,MINDGUARD,active,2026-01-18T13:00:00,
ENR00010411,USR008673,MINDGUARD,active,2026-01-11T04:00:00,
ENR00010412,USR008674,MINDGUARD,active,2025-12-25T14:00:00,
ENR00010413,USR008675,MINDGUARD,active,2025-11-15T20:00:00,
ENR00010414,USR008676,MINDGUARD,active,2025-09-23T16:00:00,
ENR00010415,USR008677,HEALTH_RESERVE,active,2025-09-23T12:00:00,
ENR00010416,USR008678,MINDGUARD,active,2025-12-25T11:00:00,
ENR00010417,USR008678,HEALTH_RESERVE,active,2025-12-31T17:00:00,
ENR00010418,USR008679,MINDGUARD,active,2026-01-18T09:00:00,
ENR00010419,USR008680,HEALTH_RESERVE,active,2025-10-21T09:00:00,
ENR00010420,USR008681,MINDGUARD,active,2026-02-08T06:00:00,
ENR00010421,USR008682,MINDGUARD,active,2026-01-28T23:00:00,
ENR00010422,USR008683,HEALTH_RESERVE,active,2025-09-24T11:00:00,
ENR00010423,USR008684,HEALTH_RESERVE,active,2025-11-01T10:00:00,
ENR00010424,USR008685,MINDGUARD,active,2025-12-05T17:00:00,
ENR00010425,USR008686,MINDGUARD,active,2025-11-25T04:00:00,
ENR00010426,USR008687,HEALTH_RESERVE,active,2025-10-17T20:00:00,
ENR00010427,USR008688,HEALTH_RESERVE,active,2025-11-09T21:00:00,
ENR00010428,USR008689,MINDGUARD,active,2025-12-27T08:00:00,
ENR00010429,USR008689,HEALTH_RESERVE,active,2025-12-29T03:00:00,
ENR00010430,USR008690,MINDGUARD,active,2025-11-29T03:00:00,
ENR00010431,USR008691,MINDGUARD,active,2025-10-01T06:00:00,
ENR00010432,USR008692,MINDGUARD,active,2025-10-11T08:00:00,
ENR00010433,USR008692,HEALTH_RESERVE,active,2025-10-01T23:00:00,
ENR00010434,USR008693,MINDGUARD,active,2025-12-28T08:00:00,
ENR00010435,USR008694,HEALTH_RESERVE,active,2026-02-03T02:00:00,
ENR00010436,USR008695,HEALTH_RESERVE,active,2025-10-20T03:00:00,
ENR00010437,USR008696,MINDGUARD,active,2026-01-17T10:00:00,
ENR00010438,USR008697,MINDGUARD,active,2025-09-29T23:00:00,
ENR00010439,USR008698,MINDGUARD,active,2025-12-18T02:00:00,
ENR00010440,USR008699,MINDGUARD,active,2026-01-01T09:00:00,
ENR00010441,USR008700,HEALTH_RESERVE,active,2025-10-16T00:00:00,
ENR00010442,USR008701,MINDGUARD,active,2026-02-15T15:00:00,
ENR00010443,USR008701,HEALTH_RESERVE,active,2026-02-10T17:00:00,
ENR00010444,USR008702,MINDGUARD,discontinued,2026-02-09T08:00:00,2026-08-27T09:09:00
ENR00010445,USR008703,MINDGUARD,active,2025-12-05T00:00:00,
ENR00010446,USR008704,MINDGUARD,active,2025-10-22T00:00:00,
ENR00010447,USR008704,HEALTH_RESERVE,active,2025-10-14T05:00:00,
ENR00010448,USR008705,MINDGUARD,active,2025-12-01T12:00:00,
ENR00010449,USR008706,MINDGUARD,active,2025-11-22T00:00:00,
ENR00010450,USR008706,HEALTH_RESERVE,active,2025-11-16T02:00:00,
ENR00010451,USR008707,MINDGUARD,active,2026-02-05T11:00:00,
ENR00010452,USR008708,MINDGUARD,active,2026-01-16T09:00:00,
ENR00010453,USR008709,MINDGUARD,active,2026-02-10T09:00:00,
ENR00010454,USR008710,MINDGUARD,active,2025-09-28T09:00:00,
ENR00010455,USR008710,HEALTH_RESERVE,active,2025-09-25T17:00:00,
ENR00010456,USR008711,MINDGUARD,active,2026-01-02T17:00:00,
ENR00010457,USR008711,HEALTH_RESERVE,active,2025-12-29T17:00:00,
ENR00010458,USR008712,MINDGUARD,active,2025-11-02T19:00:00,
ENR00010459,USR008713,MINDGUARD,active,2025-12-23T06:00:00,
ENR00010460,USR008713,HEALTH_RESERVE,active,2025-12-21T09:00:00,
ENR00010461,USR008714,HEALTH_RESERVE,active,2026-01-24T05:00:00,
ENR00010462,USR008715,MINDGUARD,active,2026-02-04T15:00:00,
ENR00010463,USR008715,HEALTH_RESERVE,active,2026-02-07T05:00:00,
ENR00010464,USR008716,MINDGUARD,active,2025-10-31T21:00:00,
ENR00010465,USR008717,MINDGUARD,active,2026-01-21T23:00:00,
ENR00010466,USR008718,MINDGUARD,active,2025-10-25T04:00:00,
ENR00010467,USR008718,HEALTH_RESERVE,active,2025-10-24T03:00:00,
ENR00010468,USR008719,MINDGUARD,active,2025-11-13T19:00:00,
ENR00010469,USR008720,MINDGUARD,active,2025-12-29T14:00:00,
ENR00010470,USR008721,MINDGUARD,active,2025-11-03T22:00:00,
ENR00010471,USR008722,MINDGUARD,active,2026-01-09T04:00:00,
ENR00010472,USR008723,MINDGUARD,active,2025-10-11T14:00:00,
ENR00010473,USR008723,HEALTH_RESERVE,active,2025-10-14T18:00:00,
ENR00010474,USR008724,MINDGUARD,active,2026-01-16T08:00:00,
ENR00010475,USR008725,MINDGUARD,active,2026-01-01T14:00:00,
ENR00010476,USR008725,HEALTH_RESERVE,active,2025-12-31T09:00:00,
ENR00010477,USR008726,MINDGUARD,active,2025-12-27T18:00:00,
ENR00010478,USR008727,MINDGUARD,active,2025-12-05T12:00:00,
ENR00010479,USR008728,MINDGUARD,active,2026-02-08T21:00:00,
ENR00010480,USR008729,MINDGUARD,active,2025-11-02T02:00:00,
ENR00010481,USR008730,MINDGUARD,active,2026-02-04T02:00:00,
ENR00010482,USR008731,HEALTH_RESERVE,active,2026-01-19T09:00:00,
ENR00010483,USR008732,HEALTH_RESERVE,active,2025-12-20T06:00:00,
ENR00010484,USR008733,MINDGUARD,active,2025-11-09T04:00:00,
ENR00010485,USR008733,HEALTH_RESERVE,active,2025-11-08T01:00:00,
ENR00010486,USR008734,MINDGUARD,active,2025-12-09T01:00:00,
ENR00010487,USR008735,HEALTH_RESERVE,active,2025-11-07T01:00:00,
ENR00010488,USR008736,MINDGUARD,active,2025-12-13T16:00:00,
ENR00010489,USR008737,MINDGUARD,active,2025-11-08T06:00:00,
ENR00010490,USR008738,MINDGUARD,active,2026-02-01T17:00:00,
ENR00010491,USR008739,MINDGUARD,active,2026-02-15T19:00:00,
ENR00010492,USR008740,MINDGUARD,active,2026-02-03T11:00:00,
ENR00010493,USR008741,MINDGUARD,active,2025-10-23T07:00:00,
ENR00010494,USR008742,MINDGUARD,active,2026-01-06T20:00:00,
ENR00010495,USR008743,MINDGUARD,active,2025-12-07T07:00:00,
ENR00010496,USR008744,MINDGUARD,active,2025-10-08T14:00:00,
ENR00010497,USR008745,MINDGUARD,active,2025-11-22T15:00:00,
ENR00010498,USR008746,HEALTH_RESERVE,active,2026-01-14T04:00:00,
ENR00010499,USR008747,MINDGUARD,active,2025-12-01T05:00:00,
ENR00010500,USR008748,MINDGUARD,active,2025-11-10T19:00:00,
ENR00010501,USR008748,HEALTH_RESERVE,active,2025-11-15T20:00:00,
ENR00010502,USR008749,MINDGUARD,active,2025-11-01T01:00:00,
ENR00010503,USR008749,HEALTH_RESERVE,active,2025-11-01T06:00:00,
ENR00010504,USR008750,MINDGUARD,active,2026-02-03T18:00:00,
ENR00010505,USR008751,MINDGUARD,active,2025-09-17T14:00:00,
ENR00010506,USR008752,HEALTH_RESERVE,active,2025-12-20T13:00:00,
ENR00010507,USR008753,MINDGUARD,active,2025-12-19T14:00:00,
ENR00010508,USR008754,HEALTH_RESERVE,active,2025-12-16T15:00:00,
ENR00010509,USR008755,HEALTH_RESERVE,active,2025-12-14T09:00:00,
ENR00010510,USR008756,MINDGUARD,active,2025-11-07T04:00:00,
ENR00010511,USR008757,MINDGUARD,active,2026-02-04T19:00:00,
ENR00010512,USR008758,MINDGUARD,active,2026-02-22T12:00:00,
ENR00010513,USR008759,MINDGUARD,active,2026-02-07T06:00:00,
ENR00010514,USR008759,HEALTH_RESERVE,active,2026-01-26T13:00:00,
ENR00010515,USR008760,MINDGUARD,active,2025-12-31T22:00:00,
ENR00010516,USR008761,MINDGUARD,active,2025-10-18T05:00:00,
ENR00010517,USR008762,MINDGUARD,active,2025-11-28T23:00:00,
ENR00010518,USR008762,HEALTH_RESERVE,active,2025-12-09T20:00:00,
ENR00010519,USR008763,HEALTH_RESERVE,active,2025-09-23T21:00:00,
ENR00010520,USR008764,MINDGUARD,active,2025-09-22T18:00:00,
ENR00010521,USR008764,HEALTH_RESERVE,active,2025-09-21T11:00:00,
ENR00010522,USR008765,MINDGUARD,active,2026-02-09T22:00:00,
ENR00010523,USR008766,MINDGUARD,active,2026-01-08T01:00:00,
ENR00010524,USR008767,MINDGUARD,active,2025-11-21T02:00:00,
ENR00010525,USR008768,MINDGUARD,active,2025-11-30T01:00:00,
ENR00010526,USR008768,HEALTH_RESERVE,active,2025-12-06T00:00:00,
ENR00010527,USR008769,MINDGUARD,active,2025-10-31T20:00:00,
ENR00010528,USR008770,MINDGUARD,active,2026-02-15T10:00:00,
ENR00010529,USR008771,MINDGUARD,active,2025-10-27T07:00:00,
ENR00010530,USR008772,HEALTH_RESERVE,active,2025-10-10T01:00:00,
ENR00010531,USR008773,HEALTH_RESERVE,active,2025-10-14T08:00:00,
ENR00010532,USR008774,HEALTH_RESERVE,active,2026-02-02T12:00:00,
ENR00010533,USR008775,MINDGUARD,active,2026-02-03T10:00:00,
ENR00010534,USR008776,MINDGUARD,active,2025-10-17T00:00:00,
ENR00010535,USR008777,MINDGUARD,active,2025-10-10T03:00:00,
ENR00010536,USR008778,MINDGUARD,active,2025-12-25T20:00:00,
ENR00010537,USR008779,MINDGUARD,active,2025-11-23T14:00:00,
ENR00010538,USR008780,MINDGUARD,active,2025-11-23T07:00:00,
ENR00010539,USR008781,MINDGUARD,active,2025-10-16T06:00:00,
ENR00010540,USR008782,MINDGUARD,active,2025-12-23T17:00:00,
ENR00010541,USR008783,HEALTH_RESERVE,active,2025-11-03T18:00:00,
ENR00010542,USR008784,MINDGUARD,active,2025-10-26T05:00:00,
ENR00010543,USR008785,MINDGUARD,active,2026-01-03T03:00:00,
ENR00010544,USR008786,MINDGUARD,active,2026-02-04T09:00:00,
ENR00010545,USR008786,HEALTH_RESERVE,active,2026-01-29T11:00:00,
ENR00010546,USR008787,MINDGUARD,discontinued,2025-11-13T17:00:00,2026-06-29T17:42:00
ENR00010547,USR008788,MINDGUARD,active,2026-02-19T07:00:00,
ENR00010548,USR008789,MINDGUARD,active,2026-01-15T12:00:00,
ENR00010549,USR008790,MINDGUARD,active,2025-12-18T02:00:00,
ENR00010550,USR008790,HEALTH_RESERVE,active,2025-12-07T00:00:00,
ENR00010551,USR008791,HEALTH_RESERVE,active,2025-12-07T13:00:00,
ENR00010552,USR008792,HEALTH_RESERVE,active,2025-12-18T10:00:00,
ENR00010553,USR008793,MINDGUARD,active,2025-09-29T18:00:00,
ENR00010554,USR008794,MINDGUARD,active,2025-12-12T13:00:00,
ENR00010555,USR008794,HEALTH_RESERVE,active,2025-12-18T11:00:00,
ENR00010556,USR008795,MINDGUARD,active,2026-01-15T08:00:00,
ENR00010557,USR008796,HEALTH_RESERVE,active,2026-01-01T00:00:00,
ENR00010558,USR008797,HEALTH_RESERVE,active,2025-11-17T09:00:00,
ENR00010559,USR008798,MINDGUARD,active,2025-09-20T21:00:00,
ENR00010560,USR008798,HEALTH_RESERVE,active,2025-09-19T11:00:00,
ENR00010561,USR008799,MINDGUARD,active,2026-01-13T20:00:00,
ENR00010562,USR008799,HEALTH_RESERVE,active,2026-01-26T16:00:00,
ENR00010563,USR008800,MINDGUARD,active,2025-12-11T17:00:00,
ENR00010564,USR008801,MINDGUARD,active,2026-02-01T04:00:00,
ENR00010565,USR008801,HEALTH_RESERVE,active,2026-01-18T12:00:00,
ENR00010566,USR008802,MINDGUARD,active,2025-11-30T07:00:00,
ENR00010567,USR008803,MINDGUARD,active,2026-01-29T23:00:00,
ENR00010568,USR008804,MINDGUARD,active,2025-11-03T16:00:00,
ENR00010569,USR008805,MINDGUARD,active,2025-11-19T15:00:00,
ENR00010570,USR008806,HEALTH_RESERVE,active,2025-12-08T06:00:00,
ENR00010571,USR008807,HEALTH_RESERVE,active,2026-01-17T09:00:00,
ENR00010572,USR008808,MINDGUARD,active,2025-10-16T23:00:00,
ENR00010573,USR008809,MINDGUARD,active,2025-12-20T08:00:00,
ENR00010574,USR008810,MINDGUARD,active,2025-10-04T08:00:00,
ENR00010575,USR008811,HEALTH_RESERVE,active,2025-10-02T13:00:00,
ENR00010576,USR008812,MINDGUARD,active,2026-02-15T21:00:00,
ENR00010577,USR008813,MINDGUARD,active,2025-10-31T14:00:00,
ENR00010578,USR008813,HEALTH_RESERVE,active,2025-11-01T17:00:00,
ENR00010579,USR008814,MINDGUARD,active,2025-11-19T00:00:00,
ENR00010580,USR008814,HEALTH_RESERVE,active,2025-11-16T05:00:00,
ENR00010581,USR008815,MINDGUARD,active,2025-09-30T18:00:00,
ENR00010582,USR008816,MINDGUARD,active,2025-11-26T04:00:00,
ENR00010583,USR008817,MINDGUARD,active,2026-02-15T03:00:00,
ENR00010584,USR008818,MINDGUARD,active,2025-10-05T11:00:00,
ENR00010585,USR008819,HEALTH_RESERVE,active,2025-10-09T18:00:00,
ENR00010586,USR008820,MINDGUARD,active,2025-12-19T23:00:00,
ENR00010587,USR008820,HEALTH_RESERVE,active,2025-12-25T01:00:00,
ENR00010588,USR008821,MINDGUARD,active,2025-09-30T17:00:00,
ENR00010589,USR008822,MINDGUARD,active,2025-09-22T14:00:00,
ENR00010590,USR008823,MINDGUARD,active,2025-10-17T11:00:00,
ENR00010591,USR008824,MINDGUARD,active,2025-10-19T13:00:00,
ENR00010592,USR008825,MINDGUARD,active,2026-01-02T22:00:00,
ENR00010593,USR008826,MINDGUARD,active,2025-12-02T06:00:00,
ENR00010594,USR008827,MINDGUARD,active,2025-12-24T03:00:00,
ENR00010595,USR008827,HEALTH_RESERVE,active,2025-12-21T12:00:00,
ENR00010596,USR008828,HEALTH_RESERVE,active,2025-10-13T14:00:00,
ENR00010597,USR008829,MINDGUARD,active,2026-01-30T08:00:00,
ENR00010598,USR008829,HEALTH_RESERVE,active,2026-02-01T22:00:00,
ENR00010599,USR008830,MINDGUARD,active,2026-01-29T15:00:00,
ENR00010600,USR008831,MINDGUARD,active,2025-10-09T03:00:00,
ENR00010601,USR008832,HEALTH_RESERVE,active,2026-01-19T15:00:00,
ENR00010602,USR008833,HEALTH_RESERVE,active,2026-01-04T10:00:00,
ENR00010603,USR008834,MINDGUARD,active,2025-12-22T04:00:00,
ENR00010604,USR008834,HEALTH_RESERVE,active,2025-12-19T03:00:00,
ENR00010605,USR008835,MINDGUARD,active,2025-11-12T12:00:00,
ENR00010606,USR008836,HEALTH_RESERVE,active,2025-10-01T12:00:00,
ENR00010607,USR008837,MINDGUARD,active,2026-01-19T08:00:00,
ENR00010608,USR008838,MINDGUARD,active,2025-11-15T21:00:00,
ENR00010609,USR008839,HEALTH_RESERVE,active,2025-12-09T08:00:00,
ENR00010610,USR008840,HEALTH_RESERVE,active,2026-01-11T22:00:00,
ENR00010611,USR008841,MINDGUARD,active,2025-10-25T02:00:00,
ENR00010612,USR008842,HEALTH_RESERVE,active,2026-01-04T20:00:00,
ENR00010613,USR008843,MINDGUARD,active,2026-01-27T08:00:00,
ENR00010614,USR008843,HEALTH_RESERVE,active,2026-01-19T06:00:00,
ENR00010615,USR008844,HEALTH_RESERVE,active,2025-10-23T23:00:00,
ENR00010616,USR008845,HEALTH_RESERVE,active,2026-01-19T09:00:00,
ENR00010617,USR008846,MINDGUARD,active,2025-09-27T11:00:00,
ENR00010618,USR008847,MINDGUARD,active,2025-10-28T01:00:00,
ENR00010619,USR008848,MINDGUARD,active,2025-11-02T21:00:00,
ENR00010620,USR008849,MINDGUARD,active,2026-02-02T08:00:00,
ENR00010621,USR008850,MINDGUARD,active,2025-10-10T00:00:00,
ENR00010622,USR008851,MINDGUARD,active,2026-01-06T13:00:00,
ENR00010623,USR008852,MINDGUARD,active,2026-02-06T21:00:00,
ENR00010624,USR008853,MINDGUARD,active,2025-10-27T01:00:00,
ENR00010625,USR008853,HEALTH_RESERVE,active,2025-10-29T02:00:00,
ENR00010626,USR008854,MINDGUARD,active,2025-11-10T16:00:00,
ENR00010627,USR008855,HEALTH_RESERVE,active,2025-11-22T22:00:00,
ENR00010628,USR008856,HEALTH_RESERVE,active,2025-11-08T10:00:00,
ENR00010629,USR008857,MINDGUARD,active,2025-09-25T01:00:00,
ENR00010630,USR008857,HEALTH_RESERVE,active,2025-09-26T05:00:00,
ENR00010631,USR008858,MINDGUARD,active,2025-12-22T05:00:00,
ENR00010632,USR008858,HEALTH_RESERVE,active,2025-12-19T21:00:00,
ENR00010633,USR008859,MINDGUARD,active,2026-01-18T03:00:00,
ENR00010634,USR008860,MINDGUARD,active,2025-12-17T13:00:00,
ENR00010635,USR008861,MINDGUARD,active,2026-01-06T17:00:00,
ENR00010636,USR008862,MINDGUARD,active,2025-09-26T02:00:00,
ENR00010637,USR008863,MINDGUARD,active,2025-10-12T17:00:00,
ENR00010638,USR008863,HEALTH_RESERVE,active,2025-10-07T21:00:00,
ENR00010639,USR008864,MINDGUARD,active,2026-02-16T19:00:00,
ENR00010640,USR008865,MINDGUARD,active,2025-12-16T03:00:00,
ENR00010641,USR008866,MINDGUARD,active,2025-10-22T21:00:00,
ENR00010642,USR008866,HEALTH_RESERVE,active,2025-10-28T04:00:00,
ENR00010643,USR008867,MINDGUARD,active,2025-12-31T21:00:00,
ENR00010644,USR008868,MINDGUARD,active,2025-12-14T15:00:00,
ENR00010645,USR008869,MINDGUARD,active,2025-11-29T06:00:00,
ENR00010646,USR008870,MINDGUARD,active,2026-01-16T15:00:00,
ENR00010647,USR008870,HEALTH_RESERVE,active,2026-01-04T12:00:00,
ENR00010648,USR008871,MINDGUARD,active,2025-10-30T23:00:00,
ENR00010649,USR008872,MINDGUARD,active,2025-12-26T11:00:00,
ENR00010650,USR008873,MINDGUARD,active,2025-10-11T18:00:00,
ENR00010651,USR008873,HEALTH_RESERVE,active,2025-09-28T22:00:00,
ENR00010652,USR008874,HEALTH_RESERVE,active,2025-12-24T12:00:00,
ENR00010653,USR008875,MINDGUARD,active,2025-10-01T17:00:00,
ENR00010654,USR008876,HEALTH_RESERVE,active,2025-09-29T21:00:00,
ENR00010655,USR008877,MINDGUARD,active,2026-02-11T00:00:00,
ENR00010656,USR008878,MINDGUARD,active,2025-10-29T22:00:00,
ENR00010657,USR008879,HEALTH_RESERVE,active,2025-12-26T16:00:00,
ENR00010658,USR008880,MINDGUARD,active,2026-01-28T13:00:00,
ENR00010659,USR008881,MINDGUARD,active,2025-11-22T12:00:00,
ENR00010660,USR008882,MINDGUARD,active,2025-12-19T07:00:00,
ENR00010661,USR008883,MINDGUARD,active,2025-09-29T22:00:00,
ENR00010662,USR008884,MINDGUARD,active,2025-10-22T09:00:00,
ENR00010663,USR008884,HEALTH_RESERVE,active,2025-10-14T11:00:00,
ENR00010664,USR008885,MINDGUARD,active,2025-11-23T22:00:00,
ENR00010665,USR008886,MINDGUARD,active,2026-01-18T17:00:00,
ENR00010666,USR008887,MINDGUARD,active,2026-01-23T15:00:00,
ENR00010667,USR008888,MINDGUARD,active,2025-10-14T19:00:00,
ENR00010668,USR008888,HEALTH_RESERVE,active,2025-10-12T21:00:00,
ENR00010669,USR008889,MINDGUARD,active,2026-01-17T09:00:00,
ENR00010670,USR008890,MINDGUARD,active,2026-01-25T20:00:00,
ENR00010671,USR008891,MINDGUARD,active,2025-10-24T16:00:00,
ENR00010672,USR008891,HEALTH_RESERVE,active,2025-10-24T22:00:00,
ENR00010673,USR008892,MINDGUARD,active,2025-10-19T07:00:00,
ENR00010674,USR008893,MINDGUARD,active,2025-12-14T20:00:00,
ENR00010675,USR008893,HEALTH_RESERVE,active,2025-12-16T15:00:00,
ENR00010676,USR008894,HEALTH_RESERVE,active,2026-02-10T19:00:00,
ENR00010677,USR008895,MINDGUARD,active,2025-11-22T09:00:00,
ENR00010678,USR008896,MINDGUARD,active,2025-12-12T13:00:00,
ENR00010679,USR008897,MINDGUARD,active,2025-10-21T13:00:00,
ENR00010680,USR008898,HEALTH_RESERVE,active,2025-09-30T16:00:00,
ENR00010681,USR008899,MINDGUARD,active,2025-10-30T21:00:00,
ENR00010682,USR008899,HEALTH_RESERVE,active,2025-10-30T01:00:00,
ENR00010683,USR008900,MINDGUARD,active,2026-02-06T19:00:00,
ENR00010684,USR008901,MINDGUARD,active,2025-10-02T06:00:00,
ENR00010685,USR008902,HEALTH_RESERVE,active,2025-12-08T05:00:00,
ENR00010686,USR008903,MINDGUARD,active,2025-12-20T13:00:00,
ENR00010687,USR008903,HEALTH_RESERVE,active,2025-12-23T16:00:00,
ENR00010688,USR008904,MINDGUARD,active,2025-10-07T20:00:00,
ENR00010689,USR008905,MINDGUARD,active,2026-01-23T17:00:00,
ENR00010690,USR008906,HEALTH_RESERVE,active,2025-11-23T01:00:00,
ENR00010691,USR008907,MINDGUARD,active,2025-10-18T17:00:00,
ENR00010692,USR008908,MINDGUARD,active,2025-11-04T04:00:00,
ENR00010693,USR008908,HEALTH_RESERVE,active,2025-11-04T04:00:00,
ENR00010694,USR008909,MINDGUARD,active,2025-11-17T07:00:00,
ENR00010695,USR008910,MINDGUARD,active,2026-01-05T11:00:00,
ENR00010696,USR008911,MINDGUARD,active,2025-11-29T22:00:00,
ENR00010697,USR008911,HEALTH_RESERVE,active,2025-12-05T17:00:00,
ENR00010698,USR008912,MINDGUARD,active,2025-11-22T02:00:00,
ENR00010699,USR008912,HEALTH_RESERVE,active,2025-11-25T05:00:00,
ENR00010700,USR008913,HEALTH_RESERVE,active,2025-10-17T08:00:00,
ENR00010701,USR008914,MINDGUARD,active,2025-11-23T16:00:00,
ENR00010702,USR008914,HEALTH_RESERVE,active,2025-11-17T20:00:00,
ENR00010703,USR008915,HEALTH_RESERVE,active,2025-12-28T10:00:00,
ENR00010704,USR008916,MINDGUARD,active,2026-01-13T02:00:00,
ENR00010705,USR008917,HEALTH_RESERVE,active,2025-10-05T11:00:00,
ENR00010706,USR008918,MINDGUARD,active,2025-12-11T15:00:00,
ENR00010707,USR008919,HEALTH_RESERVE,active,2025-12-02T20:00:00,
ENR00010708,USR008920,MINDGUARD,active,2025-10-07T05:00:00,
ENR00010709,USR008921,MINDGUARD,active,2026-01-07T23:00:00,
ENR00010710,USR008922,MINDGUARD,active,2025-10-14T19:00:00,
ENR00010711,USR008923,MINDGUARD,active,2025-12-30T06:00:00,
ENR00010712,USR008924,MINDGUARD,active,2025-11-12T12:00:00,
ENR00010713,USR008925,MINDGUARD,active,2025-10-15T08:00:00,
ENR00010714,USR008926,MINDGUARD,active,2025-10-04T07:00:00,
ENR00010715,USR008927,MINDGUARD,active,2025-10-21T15:00:00,
ENR00010716,USR008928,MINDGUARD,active,2025-11-17T16:00:00,
ENR00010717,USR008929,MINDGUARD,discontinued,2026-01-02T03:00:00,2026-07-10T03:53:00
ENR00010718,USR008930,MINDGUARD,active,2025-10-23T10:00:00,
ENR00010719,USR008931,MINDGUARD,active,2026-02-17T10:00:00,
ENR00010720,USR008932,MINDGUARD,active,2025-10-13T19:00:00,
ENR00010721,USR008933,MINDGUARD,active,2025-12-22T22:00:00,
ENR00010722,USR008934,MINDGUARD,active,2026-02-09T05:00:00,
ENR00010723,USR008935,MINDGUARD,active,2025-11-03T00:00:00,
ENR00010724,USR008936,MINDGUARD,active,2025-10-25T04:00:00,
ENR00010725,USR008937,MINDGUARD,active,2025-09-30T15:00:00,
ENR00010726,USR008938,HEALTH_RESERVE,active,2026-01-09T12:00:00,
ENR00010727,USR008939,MINDGUARD,active,2026-01-03T02:00:00,
ENR00010728,USR008940,MINDGUARD,active,2026-02-01T16:00:00,
ENR00010729,USR008941,MINDGUARD,active,2025-09-26T12:00:00,
ENR00010730,USR008942,MINDGUARD,active,2025-11-01T22:00:00,
ENR00010731,USR008943,MINDGUARD,active,2025-10-31T22:00:00,
ENR00010732,USR008944,MINDGUARD,active,2025-11-20T22:00:00,
ENR00010733,USR008945,MINDGUARD,active,2025-09-16T20:00:00,
ENR00010734,USR008946,HEALTH_RESERVE,active,2025-10-15T13:00:00,
ENR00010735,USR008947,HEALTH_RESERVE,active,2025-11-27T17:00:00,
ENR00010736,USR008948,HEALTH_RESERVE,active,2025-12-28T14:00:00,
ENR00010737,USR008949,MINDGUARD,active,2025-12-05T02:00:00,
ENR00010738,USR008950,MINDGUARD,active,2025-12-02T12:00:00,
ENR00010739,USR008950,HEALTH_RESERVE,active,2025-12-05T12:00:00,
ENR00010740,USR008951,MINDGUARD,active,2025-12-04T02:00:00,
ENR00010741,USR008951,HEALTH_RESERVE,active,2025-11-23T20:00:00,
ENR00010742,USR008952,MINDGUARD,active,2025-11-16T17:00:00,
ENR00010743,USR008952,HEALTH_RESERVE,active,2025-11-18T11:00:00,
ENR00010744,USR008953,MINDGUARD,active,2026-01-29T13:00:00,
ENR00010745,USR008954,MINDGUARD,active,2025-09-29T07:00:00,
ENR00010746,USR008955,HEALTH_RESERVE,active,2025-10-24T13:00:00,
ENR00010747,USR008956,MINDGUARD,active,2025-12-23T17:00:00,
ENR00010748,USR008957,MINDGUARD,active,2025-09-21T06:00:00,
ENR00010749,USR008958,MINDGUARD,active,2025-12-25T18:00:00,
ENR00010750,USR008959,HEALTH_RESERVE,active,2025-10-24T19:00:00,
ENR00010751,USR008960,MINDGUARD,active,2025-12-04T01:00:00,
ENR00010752,USR008961,MINDGUARD,active,2025-10-04T18:00:00,
ENR00010753,USR008962,MINDGUARD,active,2025-11-27T04:00:00,
ENR00010754,USR008963,MINDGUARD,active,2025-12-19T07:00:00,
ENR00010755,USR008964,MINDGUARD,active,2026-01-24T17:00:00,
ENR00010756,USR008965,MINDGUARD,active,2025-11-13T10:00:00,
ENR00010757,USR008966,HEALTH_RESERVE,active,2026-01-05T21:00:00,
ENR00010758,USR008967,MINDGUARD,active,2025-11-14T17:00:00,
ENR00010759,USR008968,MINDGUARD,active,2025-11-01T19:00:00,
ENR00010760,USR008968,HEALTH_RESERVE,active,2025-10-25T17:00:00,
ENR00010761,USR008969,MINDGUARD,active,2026-02-20T19:00:00,
ENR00010762,USR008970,MINDGUARD,active,2025-12-05T11:00:00,
ENR00010763,USR008971,MINDGUARD,active,2025-10-15T19:00:00,
ENR00010764,USR008972,HEALTH_RESERVE,active,2025-10-07T05:00:00,
ENR00010765,USR008973,MINDGUARD,active,2025-11-03T10:00:00,
ENR00010766,USR008974,HEALTH_RESERVE,active,2025-11-07T10:00:00,
ENR00010767,USR008975,HEALTH_RESERVE,active,2025-10-26T00:00:00,
ENR00010768,USR008976,HEALTH_RESERVE,active,2026-02-15T16:00:00,
ENR00010769,USR008977,MINDGUARD,active,2025-12-28T17:00:00,
ENR00010770,USR008978,HEALTH_RESERVE,active,2025-09-22T08:00:00,
ENR00010771,USR008979,MINDGUARD,active,2026-01-02T14:00:00,
ENR00010772,USR008980,MINDGUARD,active,2026-01-10T16:00:00,
ENR00010773,USR008980,HEALTH_RESERVE,active,2026-01-22T17:00:00,
ENR00010774,USR008981,MINDGUARD,active,2025-10-29T08:00:00,
ENR00010775,USR008982,MINDGUARD,active,2026-02-03T13:00:00,
ENR00010776,USR008983,MINDGUARD,active,2026-02-04T16:00:00,
ENR00010777,USR008984,MINDGUARD,active,2025-10-06T07:00:00,
ENR00010778,USR008985,HEALTH_RESERVE,active,2025-10-20T04:00:00,
ENR00010779,USR008986,MINDGUARD,active,2025-12-07T18:00:00,
ENR00010780,USR008987,HEALTH_RESERVE,active,2026-01-05T02:00:00,
ENR00010781,USR008988,HEALTH_RESERVE,active,2025-12-18T03:00:00,
ENR00010782,USR008989,MINDGUARD,active,2025-12-22T18:00:00,
ENR00010783,USR008990,MINDGUARD,active,2026-02-04T06:00:00,
ENR00010784,USR008990,HEALTH_RESERVE,active,2026-02-02T01:00:00,
ENR00010785,USR008991,MINDGUARD,active,2025-10-05T07:00:00,
ENR00010786,USR008992,MINDGUARD,active,2026-01-14T16:00:00,
ENR00010787,USR008993,HEALTH_RESERVE,active,2026-01-30T04:00:00,
ENR00010788,USR008994,HEALTH_RESERVE,active,2026-02-05T23:00:00,
ENR00010789,USR008995,MINDGUARD,active,2026-01-15T05:00:00,
ENR00010790,USR008996,MINDGUARD,active,2026-02-08T22:00:00,
ENR00010791,USR008997,MINDGUARD,active,2026-01-16T16:00:00,
ENR00010792,USR008998,MINDGUARD,active,2026-01-18T15:00:00,
ENR00010793,USR008998,HEALTH_RESERVE,active,2026-01-14T18:00:00,
ENR00010794,USR008999,MINDGUARD,active,2025-12-17T20:00:00,
ENR00010795,USR009000,HEALTH_RESERVE,active,2026-02-09T01:00:00,
ENR00010796,USR009001,MINDGUARD,active,2025-10-10T23:00:00,
ENR00010797,USR009002,MINDGUARD,active,2025-11-03T20:00:00,
ENR00010798,USR009003,HEALTH_RESERVE,active,2025-10-26T09:00:00,
ENR00010799,USR009004,MINDGUARD,active,2026-01-04T01:00:00,
ENR00010800,USR009005,HEALTH_RESERVE,active,2026-01-29T05:00:00,
ENR00010801,USR009006,MINDGUARD,active,2026-01-11T11:00:00,
ENR00010802,USR009007,MINDGUARD,active,2026-01-05T13:00:00,
ENR00010803,USR009007,HEALTH_RESERVE,active,2026-01-04T12:00:00,
ENR00010804,USR009008,MINDGUARD,discontinued,2026-01-07T20:00:00,2026-08-16T20:12:00
ENR00010805,USR009008,HEALTH_RESERVE,active,2026-01-05T12:00:00,
ENR00010806,USR009009,HEALTH_RESERVE,active,2025-10-17T22:00:00,
ENR00010807,USR009010,HEALTH_RESERVE,active,2025-12-28T13:00:00,
ENR00010808,USR009011,MINDGUARD,active,2025-10-28T18:00:00,
ENR00010809,USR009011,HEALTH_RESERVE,active,2025-11-01T17:00:00,
ENR00010810,USR009012,MINDGUARD,active,2026-01-10T02:00:00,
ENR00010811,USR009013,MINDGUARD,active,2026-01-09T03:00:00,
ENR00010812,USR009014,MINDGUARD,active,2025-11-23T00:00:00,
ENR00010813,USR009014,HEALTH_RESERVE,active,2025-12-06T22:00:00,
ENR00010814,USR009015,MINDGUARD,active,2025-12-15T22:00:00,
ENR00010815,USR009016,HEALTH_RESERVE,active,2025-10-31T12:00:00,
ENR00010816,USR009017,MINDGUARD,active,2025-12-12T00:00:00,
ENR00010817,USR009018,MINDGUARD,active,2025-10-08T16:00:00,
ENR00010818,USR009019,MINDGUARD,active,2025-10-27T07:00:00,
ENR00010819,USR009020,HEALTH_RESERVE,active,2025-12-13T13:00:00,
ENR00010820,USR009021,MINDGUARD,active,2026-01-12T17:00:00,
ENR00010821,USR009021,HEALTH_RESERVE,active,2026-01-19T22:00:00,
ENR00010822,USR009022,MINDGUARD,active,2025-11-27T18:00:00,
ENR00010823,USR009023,MINDGUARD,active,2026-02-12T19:00:00,
ENR00010824,USR009024,MINDGUARD,active,2025-12-20T22:00:00,
ENR00010825,USR009025,MINDGUARD,active,2025-11-06T10:00:00,
ENR00010826,USR009026,MINDGUARD,active,2025-10-22T21:00:00,
ENR00010827,USR009027,MINDGUARD,active,2025-11-02T21:00:00,
ENR00010828,USR009028,MINDGUARD,active,2025-10-10T10:00:00,
ENR00010829,USR009029,MINDGUARD,active,2025-12-15T06:00:00,
ENR00010830,USR009030,MINDGUARD,active,2026-01-03T20:00:00,
ENR00010831,USR009031,MINDGUARD,active,2025-11-23T15:00:00,
ENR00010832,USR009032,MINDGUARD,active,2025-09-16T23:00:00,
ENR00010833,USR009032,HEALTH_RESERVE,active,2025-09-15T13:00:00,
ENR00010834,USR009033,MINDGUARD,active,2025-11-18T13:00:00,
ENR00010835,USR009033,HEALTH_RESERVE,active,2025-11-07T11:00:00,
ENR00010836,USR009034,MINDGUARD,active,2025-10-17T17:00:00,
ENR00010837,USR009035,MINDGUARD,active,2025-11-05T13:00:00,
ENR00010838,USR009036,MINDGUARD,active,2026-01-11T11:00:00,
ENR00010839,USR009037,MINDGUARD,active,2025-09-21T15:00:00,
ENR00010840,USR009038,MINDGUARD,active,2025-10-16T13:00:00,
ENR00010841,USR009038,HEALTH_RESERVE,active,2025-10-10T15:00:00,
ENR00010842,USR009039,MINDGUARD,active,2026-02-12T02:00:00,
ENR00010843,USR009040,MINDGUARD,active,2026-01-18T12:00:00,
ENR00010844,USR009041,MINDGUARD,active,2025-12-21T08:00:00,
ENR00010845,USR009042,HEALTH_RESERVE,active,2025-10-18T11:00:00,
ENR00010846,USR009043,HEALTH_RESERVE,active,2025-12-13T18:00:00,
ENR00010847,USR009044,MINDGUARD,active,2025-09-23T20:00:00,
ENR00010848,USR009045,MINDGUARD,active,2026-01-16T19:00:00,
ENR00010849,USR009046,MINDGUARD,active,2026-01-14T02:00:00,
ENR00010850,USR009047,MINDGUARD,active,2025-11-23T06:00:00,
ENR00010851,USR009048,MINDGUARD,discontinued,2025-11-24T19:00:00,2026-07-24T20:14:00
ENR00010852,USR009049,MINDGUARD,discontinued,2025-10-10T02:00:00,2026-06-16T02:54:00
ENR00010853,USR009050,MINDGUARD,discontinued,2025-09-25T19:00:00,2026-06-21T19:41:00
ENR00010854,USR009050,HEALTH_RESERVE,active,2025-09-22T11:00:00,
ENR00010855,USR009051,MINDGUARD,active,2026-02-17T00:00:00,
ENR00010856,USR009052,MINDGUARD,active,2025-11-17T12:00:00,
ENR00010857,USR009052,HEALTH_RESERVE,active,2025-11-17T06:00:00,
ENR00010858,USR009053,MINDGUARD,active,2025-10-13T23:00:00,
ENR00010859,USR009054,MINDGUARD,active,2026-01-24T22:00:00,
ENR00010860,USR009055,HEALTH_RESERVE,active,2025-09-30T11:00:00,
ENR00010861,USR009056,MINDGUARD,active,2025-11-02T16:00:00,
ENR00010862,USR009057,MINDGUARD,active,2025-10-28T02:00:00,
ENR00010863,USR009057,HEALTH_RESERVE,active,2025-10-25T22:00:00,
ENR00010864,USR009058,HEALTH_RESERVE,active,2026-02-11T01:00:00,
ENR00010865,USR009059,MINDGUARD,active,2026-02-13T14:00:00,
ENR00010866,USR009059,HEALTH_RESERVE,active,2026-02-10T00:00:00,
ENR00010867,USR009060,MINDGUARD,active,2025-11-16T13:00:00,
ENR00010868,USR009060,HEALTH_RESERVE,active,2025-11-18T16:00:00,
ENR00010869,USR009061,MINDGUARD,active,2026-02-01T06:00:00,
ENR00010870,USR009062,HEALTH_RESERVE,active,2026-01-03T07:00:00,
ENR00010871,USR009063,MINDGUARD,active,2025-12-09T19:00:00,
ENR00010872,USR009063,HEALTH_RESERVE,active,2025-11-27T18:00:00,
ENR00010873,USR009064,HEALTH_RESERVE,active,2025-11-03T08:00:00,
ENR00010874,USR009065,MINDGUARD,active,2025-10-31T12:00:00,
ENR00010875,USR009066,MINDGUARD,active,2025-11-04T16:00:00,
ENR00010876,USR009067,MINDGUARD,active,2025-10-01T23:00:00,
ENR00010877,USR009068,MINDGUARD,active,2025-12-08T04:00:00,
ENR00010878,USR009068,HEALTH_RESERVE,active,2025-12-17T18:00:00,
ENR00010879,USR009069,MINDGUARD,active,2025-10-31T23:00:00,
ENR00010880,USR009070,MINDGUARD,active,2025-12-07T20:00:00,
ENR00010881,USR009071,MINDGUARD,active,2025-11-17T01:00:00,
ENR00010882,USR009072,MINDGUARD,active,2025-11-18T10:00:00,
ENR00010883,USR009073,MINDGUARD,active,2025-10-16T05:00:00,
ENR00010884,USR009073,HEALTH_RESERVE,active,2025-10-18T05:00:00,
ENR00010885,USR009074,MINDGUARD,active,2025-10-05T19:00:00,
ENR00010886,USR009075,MINDGUARD,active,2025-11-15T13:00:00,
ENR00010887,USR009076,MINDGUARD,active,2026-01-25T01:00:00,
ENR00010888,USR009076,HEALTH_RESERVE,active,2026-01-20T21:00:00,
ENR00010889,USR009077,MINDGUARD,active,2026-02-17T20:00:00,
ENR00010890,USR009078,MINDGUARD,active,2025-10-10T16:00:00,
ENR00010891,USR009079,MINDGUARD,active,2025-12-04T00:00:00,
ENR00010892,USR009080,MINDGUARD,discontinued,2025-10-10T13:00:00,2026-07-19T14:08:00
ENR00010893,USR009081,HEALTH_RESERVE,active,2026-01-13T23:00:00,
ENR00010894,USR009082,HEALTH_RESERVE,active,2025-12-11T01:00:00,
ENR00010895,USR009083,HEALTH_RESERVE,active,2025-11-05T03:00:00,
ENR00010896,USR009084,MINDGUARD,active,2026-02-10T09:00:00,
ENR00010897,USR009085,MINDGUARD,active,2025-10-22T22:00:00,
ENR00010898,USR009086,MINDGUARD,active,2025-12-19T13:00:00,
ENR00010899,USR009087,MINDGUARD,active,2026-02-15T19:00:00,
ENR00010900,USR009088,MINDGUARD,active,2025-12-21T02:00:00,
ENR00010901,USR009089,HEALTH_RESERVE,active,2025-12-09T04:00:00,
ENR00010902,USR009090,MINDGUARD,active,2026-01-21T21:00:00,
ENR00010903,USR009091,MINDGUARD,active,2025-11-13T11:00:00,
ENR00010904,USR009092,HEALTH_RESERVE,active,2025-10-15T04:00:00,
ENR00010905,USR009093,MINDGUARD,active,2025-12-24T12:00:00,
ENR00010906,USR009094,MINDGUARD,active,2026-01-28T23:00:00,
ENR00010907,USR009095,HEALTH_RESERVE,active,2026-01-01T14:00:00,
ENR00010908,USR009096,MINDGUARD,active,2025-12-29T22:00:00,
ENR00010909,USR009096,HEALTH_RESERVE,active,2026-01-03T23:00:00,
ENR00010910,USR009097,MINDGUARD,active,2025-12-29T00:00:00,
ENR00010911,USR009098,MINDGUARD,active,2026-01-20T13:00:00,
ENR00010912,USR009099,MINDGUARD,active,2026-01-31T20:00:00,
ENR00010913,USR009100,MINDGUARD,active,2025-12-01T04:00:00,
ENR00010914,USR009101,MINDGUARD,active,2025-12-02T14:00:00,
ENR00010915,USR009102,MINDGUARD,active,2026-02-09T13:00:00,
ENR00010916,USR009102,HEALTH_RESERVE,active,2026-02-01T11:00:00,
ENR00010917,USR009103,MINDGUARD,active,2026-02-09T03:00:00,
ENR00010918,USR009104,HEALTH_RESERVE,active,2025-12-29T22:00:00,
ENR00010919,USR009105,MINDGUARD,active,2025-10-29T20:00:00,
ENR00010920,USR009106,MINDGUARD,active,2026-02-02T15:00:00,
ENR00010921,USR009107,MINDGUARD,active,2026-02-04T02:00:00,
ENR00010922,USR009108,MINDGUARD,active,2025-12-05T19:00:00,
ENR00010923,USR009109,MINDGUARD,active,2026-01-30T17:00:00,
ENR00010924,USR009110,MINDGUARD,active,2026-01-02T18:00:00,
ENR00010925,USR009110,HEALTH_RESERVE,active,2025-12-29T22:00:00,
ENR00010926,USR009111,HEALTH_RESERVE,active,2025-12-03T16:00:00,
ENR00010927,USR009112,MINDGUARD,active,2025-11-21T00:00:00,
ENR00010928,USR009112,HEALTH_RESERVE,active,2025-11-16T03:00:00,
ENR00010929,USR009113,HEALTH_RESERVE,active,2025-12-04T12:00:00,
ENR00010930,USR009114,MINDGUARD,active,2026-01-29T16:00:00,
ENR00010931,USR009115,MINDGUARD,active,2026-02-13T18:00:00,
ENR00010932,USR009116,MINDGUARD,active,2025-10-31T07:00:00,
ENR00010933,USR009117,MINDGUARD,active,2025-12-15T04:00:00,
ENR00010934,USR009118,HEALTH_RESERVE,active,2025-12-04T22:00:00,
ENR00010935,USR009119,MINDGUARD,active,2026-01-15T02:00:00,
ENR00010936,USR009120,HEALTH_RESERVE,active,2026-01-24T14:00:00,
ENR00010937,USR009121,HEALTH_RESERVE,active,2025-11-11T06:00:00,
ENR00010938,USR009122,MINDGUARD,active,2025-12-30T04:00:00,
ENR00010939,USR009123,MINDGUARD,active,2025-09-20T23:00:00,
ENR00010940,USR009124,MINDGUARD,active,2026-01-27T12:00:00,
ENR00010941,USR009125,MINDGUARD,active,2025-12-15T23:00:00,
ENR00010942,USR009126,MINDGUARD,active,2026-01-20T19:00:00,
ENR00010943,USR009127,MINDGUARD,active,2025-11-09T06:00:00,
ENR00010944,USR009128,HEALTH_RESERVE,active,2026-01-20T18:00:00,
ENR00010945,USR009129,HEALTH_RESERVE,active,2025-12-03T20:00:00,
ENR00010946,USR009130,MINDGUARD,active,2026-01-12T16:00:00,
ENR00010947,USR009130,HEALTH_RESERVE,active,2026-01-12T11:00:00,
ENR00010948,USR009131,HEALTH_RESERVE,active,2025-10-21T17:00:00,
ENR00010949,USR009132,MINDGUARD,active,2025-12-04T07:00:00,
ENR00010950,USR009133,MINDGUARD,active,2025-10-23T06:00:00,
ENR00010951,USR009134,MINDGUARD,active,2025-12-09T05:00:00,
ENR00010952,USR009135,HEALTH_RESERVE,active,2025-10-23T19:00:00,
ENR00010953,USR009136,MINDGUARD,active,2026-02-02T17:00:00,
ENR00010954,USR009136,HEALTH_RESERVE,active,2026-02-04T14:00:00,
ENR00010955,USR009137,MINDGUARD,active,2025-11-25T11:00:00,
ENR00010956,USR009138,HEALTH_RESERVE,active,2026-02-06T00:00:00,
ENR00010957,USR009139,MINDGUARD,active,2026-02-08T01:00:00,
ENR00010958,USR009140,HEALTH_RESERVE,active,2025-10-29T13:00:00,
ENR00010959,USR009141,MINDGUARD,active,2025-11-11T03:00:00,
ENR00010960,USR009142,MINDGUARD,active,2025-12-19T15:00:00,
ENR00010961,USR009142,HEALTH_RESERVE,active,2025-12-18T18:00:00,
ENR00010962,USR009143,MINDGUARD,active,2025-12-20T15:00:00,
ENR00010963,USR009144,MINDGUARD,active,2025-10-28T14:00:00,
ENR00010964,USR009145,MINDGUARD,active,2025-09-23T15:00:00,
ENR00010965,USR009146,MINDGUARD,active,2025-11-20T03:00:00,
ENR00010966,USR009147,HEALTH_RESERVE,active,2026-02-13T23:00:00,
ENR00010967,USR009148,MINDGUARD,active,2025-11-28T22:00:00,
ENR00010968,USR009148,HEALTH_RESERVE,active,2025-12-02T15:00:00,
ENR00010969,USR009149,MINDGUARD,active,2025-11-06T03:00:00,
ENR00010970,USR009150,MINDGUARD,active,2026-01-11T10:00:00,
ENR00010971,USR009150,HEALTH_RESERVE,active,2025-12-31T11:00:00,
ENR00010972,USR009151,MINDGUARD,active,2026-01-09T13:00:00,
ENR00010973,USR009152,MINDGUARD,active,2025-09-26T08:00:00,
ENR00010974,USR009153,MINDGUARD,active,2025-11-20T14:00:00,
ENR00010975,USR009154,HEALTH_RESERVE,active,2025-10-25T19:00:00,
ENR00010976,USR009155,MINDGUARD,active,2025-12-21T09:00:00,
ENR00010977,USR009156,MINDGUARD,active,2025-11-17T16:00:00,
ENR00010978,USR009156,HEALTH_RESERVE,active,2025-11-19T20:00:00,
ENR00010979,USR009157,MINDGUARD,active,2025-10-17T14:00:00,
ENR00010980,USR009158,MINDGUARD,active,2025-11-21T11:00:00,
ENR00010981,USR009159,MINDGUARD,active,2025-11-24T05:00:00,
ENR00010982,USR009160,MINDGUARD,active,2025-09-28T01:00:00,
ENR00010983,USR009161,MINDGUARD,active,2026-02-14T06:00:00,
ENR00010984,USR009162,HEALTH_RESERVE,active,2025-12-30T08:00:00,
ENR00010985,USR009163,MINDGUARD,active,2026-02-12T08:00:00,
ENR00010986,USR009164,HEALTH_RESERVE,active,2026-01-13T09:00:00,
ENR00010987,USR009165,MINDGUARD,active,2026-01-19T06:00:00,
ENR00010988,USR009166,MINDGUARD,active,2025-12-23T06:00:00,
ENR00010989,USR009167,MINDGUARD,active,2025-12-23T04:00:00,
ENR00010990,USR009167,HEALTH_RESERVE,active,2025-12-22T02:00:00,
ENR00010991,USR009168,MINDGUARD,active,2026-02-11T05:00:00,
ENR00010992,USR009169,MINDGUARD,active,2025-11-25T22:00:00,
ENR00010993,USR009170,MINDGUARD,active,2026-01-17T05:00:00,
ENR00010994,USR009170,HEALTH_RESERVE,active,2026-01-21T07:00:00,
ENR00010995,USR009171,MINDGUARD,active,2025-11-29T12:00:00,
ENR00010996,USR009172,HEALTH_RESERVE,active,2025-09-23T08:00:00,
ENR00010997,USR009173,MINDGUARD,active,2025-12-07T20:00:00,
ENR00010998,USR009174,MINDGUARD,active,2025-10-03T00:00:00,
ENR00010999,USR009174,HEALTH_RESERVE,active,2025-09-28T02:00:00,
ENR00011000,USR009175,MINDGUARD,active,2025-12-25T11:00:00,
ENR00011001,USR009176,MINDGUARD,active,2026-02-04T14:00:00,
ENR00011002,USR009177,HEALTH_RESERVE,active,2025-10-01T04:00:00,
ENR00011003,USR009178,HEALTH_RESERVE,active,2026-01-02T16:00:00,
ENR00011004,USR009179,MINDGUARD,active,2025-11-11T17:00:00,
ENR00011005,USR009180,MINDGUARD,active,2025-10-26T05:00:00,
ENR00011006,USR009180,HEALTH_RESERVE,active,2025-10-22T08:00:00,
ENR00011007,USR009181,HEALTH_RESERVE,active,2025-11-04T07:00:00,
ENR00011008,USR009182,MINDGUARD,active,2025-10-26T11:00:00,
ENR00011009,USR009182,HEALTH_RESERVE,active,2025-10-15T09:00:00,
ENR00011010,USR009183,MINDGUARD,active,2025-10-07T09:00:00,
ENR00011011,USR009183,HEALTH_RESERVE,active,2025-10-02T13:00:00,
ENR00011012,USR009184,MINDGUARD,active,2025-12-23T06:00:00,
ENR00011013,USR009185,HEALTH_RESERVE,active,2025-10-22T04:00:00,
ENR00011014,USR009186,MINDGUARD,active,2025-11-18T11:00:00,
ENR00011015,USR009187,MINDGUARD,active,2025-11-27T06:00:00,
ENR00011016,USR009188,MINDGUARD,active,2025-11-12T09:00:00,
ENR00011017,USR009189,MINDGUARD,active,2025-12-25T14:00:00,
ENR00011018,USR009190,HEALTH_RESERVE,active,2025-12-29T13:00:00,
ENR00011019,USR009191,MINDGUARD,active,2026-01-21T20:00:00,
ENR00011020,USR009192,MINDGUARD,active,2025-12-07T02:00:00,
ENR00011021,USR009193,MINDGUARD,active,2026-01-09T06:00:00,
ENR00011022,USR009193,HEALTH_RESERVE,active,2026-01-01T04:00:00,
ENR00011023,USR009194,MINDGUARD,active,2025-09-21T17:00:00,
ENR00011024,USR009195,MINDGUARD,active,2026-01-06T03:00:00,
ENR00011025,USR009196,MINDGUARD,active,2025-11-07T09:00:00,
ENR00011026,USR009197,HEALTH_RESERVE,active,2025-12-29T16:00:00,
ENR00011027,USR009198,MINDGUARD,active,2025-10-21T09:00:00,
ENR00011028,USR009198,HEALTH_RESERVE,active,2025-10-27T17:00:00,
ENR00011029,USR009199,MINDGUARD,active,2026-01-29T15:00:00,
ENR00011030,USR009200,MINDGUARD,active,2026-01-25T05:00:00,
ENR00011031,USR009201,MINDGUARD,active,2026-01-15T18:00:00,
ENR00011032,USR009202,HEALTH_RESERVE,active,2025-10-30T05:00:00,
ENR00011033,USR009203,MINDGUARD,active,2025-09-30T17:00:00,
ENR00011034,USR009204,MINDGUARD,active,2025-11-01T08:00:00,
ENR00011035,USR009205,HEALTH_RESERVE,active,2026-02-01T22:00:00,
ENR00011036,USR009206,MINDGUARD,active,2026-02-06T07:00:00,
ENR00011037,USR009207,MINDGUARD,active,2025-10-03T08:00:00,
ENR00011038,USR009207,HEALTH_RESERVE,active,2025-09-25T08:00:00,
ENR00011039,USR009208,MINDGUARD,active,2026-01-12T15:00:00,
ENR00011040,USR009208,HEALTH_RESERVE,active,2026-01-13T00:00:00,
ENR00011041,USR009209,MINDGUARD,active,2025-12-05T09:00:00,
ENR00011042,USR009210,MINDGUARD,active,2025-09-30T21:00:00,
ENR00011043,USR009211,HEALTH_RESERVE,active,2025-11-24T06:00:00,
ENR00011044,USR009212,MINDGUARD,active,2025-11-02T10:00:00,
ENR00011045,USR009213,MINDGUARD,active,2025-12-24T18:00:00,
ENR00011046,USR009214,MINDGUARD,active,2026-01-19T21:00:00,
ENR00011047,USR009215,MINDGUARD,active,2025-11-01T23:00:00,
ENR00011048,USR009216,MINDGUARD,active,2025-10-29T11:00:00,
ENR00011049,USR009217,MINDGUARD,active,2025-10-27T20:00:00,
ENR00011050,USR009218,MINDGUARD,active,2026-02-02T08:00:00,
ENR00011051,USR009218,HEALTH_RESERVE,active,2026-02-14T06:00:00,
ENR00011052,USR009219,MINDGUARD,active,2026-01-28T17:00:00,
ENR00011053,USR009220,MINDGUARD,active,2025-11-17T07:00:00,
ENR00011054,USR009220,HEALTH_RESERVE,active,2025-11-09T08:00:00,
ENR00011055,USR009221,MINDGUARD,active,2026-01-30T04:00:00,
ENR00011056,USR009221,HEALTH_RESERVE,active,2026-01-30T00:00:00,
ENR00011057,USR009222,MINDGUARD,active,2026-01-28T21:00:00,
ENR00011058,USR009223,MINDGUARD,active,2025-09-22T11:00:00,
ENR00011059,USR009224,MINDGUARD,active,2025-12-09T13:00:00,
ENR00011060,USR009224,HEALTH_RESERVE,active,2025-12-07T19:00:00,
ENR00011061,USR009225,MINDGUARD,active,2025-10-11T09:00:00,
ENR00011062,USR009225,HEALTH_RESERVE,active,2025-10-10T10:00:00,
ENR00011063,USR009226,HEALTH_RESERVE,active,2026-01-07T00:00:00,
ENR00011064,USR009227,MINDGUARD,active,2025-10-02T13:00:00,
ENR00011065,USR009228,MINDGUARD,active,2026-02-05T23:00:00,
ENR00011066,USR009229,MINDGUARD,active,2025-11-18T14:00:00,
ENR00011067,USR009229,HEALTH_RESERVE,active,2025-11-11T14:00:00,
ENR00011068,USR009230,MINDGUARD,active,2025-11-26T06:00:00,
ENR00011069,USR009231,MINDGUARD,active,2025-12-09T07:00:00,
ENR00011070,USR009232,MINDGUARD,active,2025-11-22T19:00:00,
ENR00011071,USR009232,HEALTH_RESERVE,active,2025-12-01T10:00:00,
ENR00011072,USR009233,MINDGUARD,active,2025-11-14T20:00:00,
ENR00011073,USR009234,HEALTH_RESERVE,active,2025-12-18T06:00:00,
ENR00011074,USR009235,MINDGUARD,active,2025-11-27T13:00:00,
ENR00011075,USR009235,HEALTH_RESERVE,active,2025-11-28T11:00:00,
ENR00011076,USR009236,MINDGUARD,active,2025-11-21T14:00:00,
ENR00011077,USR009236,HEALTH_RESERVE,active,2025-11-25T18:00:00,
ENR00011078,USR009237,MINDGUARD,active,2025-11-06T23:00:00,
ENR00011079,USR009238,MINDGUARD,active,2025-10-28T23:00:00,
ENR00011080,USR009239,MINDGUARD,active,2025-11-25T07:00:00,
ENR00011081,USR009239,HEALTH_RESERVE,active,2025-11-25T16:00:00,
ENR00011082,USR009240,HEALTH_RESERVE,active,2026-02-22T03:00:00,
ENR00011083,USR009241,MINDGUARD,active,2026-02-07T02:00:00,
ENR00011084,USR009242,MINDGUARD,active,2025-10-30T18:00:00,
ENR00011085,USR009242,HEALTH_RESERVE,active,2025-10-28T17:00:00,
ENR00011086,USR009243,MINDGUARD,active,2026-02-12T11:00:00,
ENR00011087,USR009244,MINDGUARD,active,2025-10-06T10:00:00,
ENR00011088,USR009244,HEALTH_RESERVE,active,2025-10-07T16:00:00,
ENR00011089,USR009245,MINDGUARD,active,2025-11-25T10:00:00,
ENR00011090,USR009246,MINDGUARD,active,2025-10-13T06:00:00,
ENR00011091,USR009247,MINDGUARD,active,2025-12-06T06:00:00,
ENR00011092,USR009248,HEALTH_RESERVE,active,2026-02-14T17:00:00,
ENR00011093,USR009249,MINDGUARD,active,2025-12-15T19:00:00,
ENR00011094,USR009250,MINDGUARD,active,2025-12-05T19:00:00,
ENR00011095,USR009251,MINDGUARD,active,2025-11-24T06:00:00,
ENR00011096,USR009252,HEALTH_RESERVE,active,2026-02-11T07:00:00,
ENR00011097,USR009253,MINDGUARD,active,2026-02-20T11:00:00,
ENR00011098,USR009253,HEALTH_RESERVE,active,2026-02-14T17:00:00,
ENR00011099,USR009254,HEALTH_RESERVE,active,2026-02-15T11:00:00,
ENR00011100,USR009255,MINDGUARD,active,2026-01-04T19:00:00,
ENR00011101,USR009256,MINDGUARD,active,2026-02-08T01:00:00,
ENR00011102,USR009257,MINDGUARD,active,2025-10-08T04:00:00,
ENR00011103,USR009258,HEALTH_RESERVE,active,2026-01-05T19:00:00,
ENR00011104,USR009259,MINDGUARD,active,2025-10-15T15:00:00,
ENR00011105,USR009260,MINDGUARD,active,2025-12-24T07:00:00,
ENR00011106,USR009260,HEALTH_RESERVE,active,2025-12-23T18:00:00,
ENR00011107,USR009261,MINDGUARD,active,2026-02-02T23:00:00,
ENR00011108,USR009261,HEALTH_RESERVE,active,2026-02-02T06:00:00,
ENR00011109,USR009262,MINDGUARD,active,2025-12-12T21:00:00,
ENR00011110,USR009263,MINDGUARD,active,2025-11-10T01:00:00,
ENR00011111,USR009264,MINDGUARD,active,2025-12-02T03:00:00,
ENR00011112,USR009265,HEALTH_RESERVE,active,2025-10-22T11:00:00,
ENR00011113,USR009266,HEALTH_RESERVE,active,2026-01-10T15:00:00,
ENR00011114,USR009267,MINDGUARD,active,2025-10-07T08:00:00,
ENR00011115,USR009267,HEALTH_RESERVE,active,2025-10-12T03:00:00,
ENR00011116,USR009268,MINDGUARD,active,2025-10-16T17:00:00,
ENR00011117,USR009269,MINDGUARD,active,2025-09-28T09:00:00,
ENR00011118,USR009270,MINDGUARD,active,2025-09-28T03:00:00,
ENR00011119,USR009271,MINDGUARD,active,2026-02-12T18:00:00,
ENR00011120,USR009272,MINDGUARD,active,2025-09-30T07:00:00,
ENR00011121,USR009273,MINDGUARD,active,2025-10-30T17:00:00,
ENR00011122,USR009273,HEALTH_RESERVE,active,2025-11-08T17:00:00,
ENR00011123,USR009274,HEALTH_RESERVE,active,2025-11-21T17:00:00,
ENR00011124,USR009275,MINDGUARD,active,2025-11-08T08:00:00,
ENR00011125,USR009276,MINDGUARD,active,2026-02-06T16:00:00,
ENR00011126,USR009276,HEALTH_RESERVE,active,2026-02-02T12:00:00,
ENR00011127,USR009277,MINDGUARD,active,2026-01-02T23:00:00,
ENR00011128,USR009278,MINDGUARD,active,2025-12-13T09:00:00,
ENR00011129,USR009279,MINDGUARD,active,2025-11-11T12:00:00,
ENR00011130,USR009280,MINDGUARD,active,2025-10-19T21:00:00,
ENR00011131,USR009281,MINDGUARD,active,2026-02-14T15:00:00,
ENR00011132,USR009282,MINDGUARD,active,2026-01-23T11:00:00,
ENR00011133,USR009283,MINDGUARD,active,2025-10-30T11:00:00,
ENR00011134,USR009284,HEALTH_RESERVE,active,2025-12-12T00:00:00,
ENR00011135,USR009285,MINDGUARD,active,2025-10-09T03:00:00,
ENR00011136,USR009286,MINDGUARD,active,2025-11-04T16:00:00,
ENR00011137,USR009287,MINDGUARD,active,2025-12-15T14:00:00,
ENR00011138,USR009287,HEALTH_RESERVE,active,2025-12-03T14:00:00,
ENR00011139,USR009288,HEALTH_RESERVE,active,2025-10-18T04:00:00,
ENR00011140,USR009289,MINDGUARD,active,2025-09-19T17:00:00,
ENR00011141,USR009289,HEALTH_RESERVE,active,2025-09-23T15:00:00,
ENR00011142,USR009290,HEALTH_RESERVE,active,2025-11-19T03:00:00,
ENR00011143,USR009291,HEALTH_RESERVE,active,2026-01-15T08:00:00,
ENR00011144,USR009292,MINDGUARD,active,2026-02-11T23:00:00,
ENR00011145,USR009292,HEALTH_RESERVE,active,2026-02-13T04:00:00,
ENR00011146,USR009293,MINDGUARD,active,2025-12-05T16:00:00,
ENR00011147,USR009293,HEALTH_RESERVE,active,2025-11-30T12:00:00,
ENR00011148,USR009294,MINDGUARD,active,2025-11-25T23:00:00,
ENR00011149,USR009295,MINDGUARD,active,2026-02-11T14:00:00,
ENR00011150,USR009296,MINDGUARD,active,2025-10-31T02:00:00,
ENR00011151,USR009297,HEALTH_RESERVE,active,2025-11-17T02:00:00,
ENR00011152,USR009298,MINDGUARD,active,2025-12-05T15:00:00,
ENR00011153,USR009299,HEALTH_RESERVE,active,2025-11-11T18:00:00,
ENR00011154,USR009300,HEALTH_RESERVE,active,2025-12-15T07:00:00,
ENR00011155,USR009301,MINDGUARD,active,2025-11-30T01:00:00,
ENR00011156,USR009301,HEALTH_RESERVE,active,2025-11-26T15:00:00,
ENR00011157,USR009302,MINDGUARD,active,2026-02-01T17:00:00,
ENR00011158,USR009303,MINDGUARD,active,2025-11-09T11:00:00,
ENR00011159,USR009304,MINDGUARD,active,2026-02-14T13:00:00,
ENR00011160,USR009305,MINDGUARD,active,2025-10-23T08:00:00,
ENR00011161,USR009305,HEALTH_RESERVE,active,2025-10-22T10:00:00,
ENR00011162,USR009306,MINDGUARD,active,2025-11-16T12:00:00,
ENR00011163,USR009307,MINDGUARD,active,2025-10-14T23:00:00,
ENR00011164,USR009308,MINDGUARD,active,2026-01-31T15:00:00,
ENR00011165,USR009309,MINDGUARD,active,2025-11-25T21:00:00,
ENR00011166,USR009309,HEALTH_RESERVE,active,2025-11-26T07:00:00,
ENR00011167,USR009310,HEALTH_RESERVE,active,2026-01-17T05:00:00,
ENR00011168,USR009311,MINDGUARD,active,2025-12-16T14:00:00,
ENR00011169,USR009312,MINDGUARD,active,2025-12-04T05:00:00,
ENR00011170,USR009312,HEALTH_RESERVE,active,2025-12-03T00:00:00,
ENR00011171,USR009313,MINDGUARD,active,2025-09-28T14:00:00,
ENR00011172,USR009314,MINDGUARD,active,2026-01-24T13:00:00,
ENR00011173,USR009314,HEALTH_RESERVE,active,2026-01-21T13:00:00,
ENR00011174,USR009315,MINDGUARD,active,2025-12-12T15:00:00,
ENR00011175,USR009316,MINDGUARD,active,2025-09-23T14:00:00,
ENR00011176,USR009317,MINDGUARD,active,2025-11-26T12:00:00,
ENR00011177,USR009317,HEALTH_RESERVE,active,2025-11-30T15:00:00,
ENR00011178,USR009318,MINDGUARD,active,2025-10-07T08:00:00,
ENR00011179,USR009319,MINDGUARD,active,2025-11-18T07:00:00,
ENR00011180,USR009320,MINDGUARD,active,2025-11-04T16:00:00,
ENR00011181,USR009320,HEALTH_RESERVE,active,2025-10-31T14:00:00,
ENR00011182,USR009321,MINDGUARD,active,2026-01-09T21:00:00,
ENR00011183,USR009322,HEALTH_RESERVE,active,2026-02-16T04:00:00,
ENR00011184,USR009323,MINDGUARD,active,2026-02-05T05:00:00,
ENR00011185,USR009323,HEALTH_RESERVE,active,2026-02-01T08:00:00,
ENR00011186,USR009324,MINDGUARD,active,2026-02-12T03:00:00,
ENR00011187,USR009325,MINDGUARD,active,2026-01-22T22:00:00,
ENR00011188,USR009326,MINDGUARD,active,2026-01-09T21:00:00,
ENR00011189,USR009326,HEALTH_RESERVE,active,2026-01-05T08:00:00,
ENR00011190,USR009327,MINDGUARD,active,2025-12-24T19:00:00,
ENR00011191,USR009328,HEALTH_RESERVE,active,2025-10-18T03:00:00,
ENR00011192,USR009329,MINDGUARD,active,2025-12-26T18:00:00,
ENR00011193,USR009330,MINDGUARD,active,2025-10-14T21:00:00,
ENR00011194,USR009331,MINDGUARD,active,2026-01-11T12:00:00,
ENR00011195,USR009331,HEALTH_RESERVE,active,2026-01-08T12:00:00,
ENR00011196,USR009332,MINDGUARD,active,2025-11-02T20:00:00,
ENR00011197,USR009333,MINDGUARD,active,2026-02-07T14:00:00,
ENR00011198,USR009334,HEALTH_RESERVE,active,2025-11-19T05:00:00,
ENR00011199,USR009335,MINDGUARD,active,2026-01-10T20:00:00,
ENR00011200,USR009335,HEALTH_RESERVE,active,2026-01-07T23:00:00,
ENR00011201,USR009336,MINDGUARD,active,2025-11-09T01:00:00,
ENR00011202,USR009337,HEALTH_RESERVE,active,2025-10-21T00:00:00,
ENR00011203,USR009338,MINDGUARD,active,2025-11-02T10:00:00,
ENR00011204,USR009339,MINDGUARD,active,2026-02-18T03:00:00,
ENR00011205,USR009340,MINDGUARD,active,2025-10-27T11:00:00,
ENR00011206,USR009341,MINDGUARD,active,2026-01-04T12:00:00,
ENR00011207,USR009342,MINDGUARD,active,2026-01-09T00:00:00,
ENR00011208,USR009342,HEALTH_RESERVE,active,2026-01-13T03:00:00,
ENR00011209,USR009343,MINDGUARD,active,2025-12-31T15:00:00,
ENR00011210,USR009344,MINDGUARD,active,2026-01-30T05:00:00,
ENR00011211,USR009344,HEALTH_RESERVE,active,2026-02-06T11:00:00,
ENR00011212,USR009345,MINDGUARD,active,2025-10-31T09:00:00,
ENR00011213,USR009345,HEALTH_RESERVE,active,2025-10-24T14:00:00,
ENR00011214,USR009346,MINDGUARD,active,2025-12-04T11:00:00,
ENR00011215,USR009347,MINDGUARD,active,2025-11-13T23:00:00,
ENR00011216,USR009348,MINDGUARD,active,2026-02-03T14:00:00,
ENR00011217,USR009349,MINDGUARD,active,2026-01-03T06:00:00,
ENR00011218,USR009350,MINDGUARD,active,2025-12-13T18:00:00,
ENR00011219,USR009351,MINDGUARD,active,2026-01-21T06:00:00,
ENR00011220,USR009352,MINDGUARD,discontinued,2025-10-31T02:00:00,2026-05-30T02:23:00
ENR00011221,USR009352,HEALTH_RESERVE,active,2025-11-04T00:00:00,
ENR00011222,USR009353,MINDGUARD,active,2025-12-03T19:00:00,
ENR00011223,USR009354,MINDGUARD,active,2025-12-07T09:00:00,
ENR00011224,USR009354,HEALTH_RESERVE,active,2025-11-30T23:00:00,
ENR00011225,USR009355,MINDGUARD,active,2026-01-12T22:00:00,
ENR00011226,USR009356,MINDGUARD,active,2026-02-12T10:00:00,
ENR00011227,USR009356,HEALTH_RESERVE,active,2026-02-13T14:00:00,
ENR00011228,USR009357,MINDGUARD,active,2025-10-04T13:00:00,
ENR00011229,USR009357,HEALTH_RESERVE,active,2025-10-15T16:00:00,
ENR00011230,USR009358,MINDGUARD,active,2026-01-25T23:00:00,
ENR00011231,USR009359,MINDGUARD,active,2025-10-16T18:00:00,
ENR00011232,USR009360,MINDGUARD,active,2025-10-11T17:00:00,
ENR00011233,USR009361,MINDGUARD,active,2025-10-17T05:00:00,
ENR00011234,USR009362,HEALTH_RESERVE,active,2026-01-20T14:00:00,
ENR00011235,USR009363,HEALTH_RESERVE,active,2025-11-09T12:00:00,
ENR00011236,USR009364,MINDGUARD,active,2025-10-03T17:00:00,
ENR00011237,USR009365,MINDGUARD,active,2025-10-19T16:00:00,
ENR00011238,USR009366,MINDGUARD,active,2025-11-29T16:00:00,
ENR00011239,USR009367,HEALTH_RESERVE,active,2025-11-10T04:00:00,
ENR00011240,USR009368,MINDGUARD,active,2026-01-23T01:00:00,
ENR00011241,USR009369,HEALTH_RESERVE,active,2025-12-28T16:00:00,
ENR00011242,USR009370,MINDGUARD,active,2026-01-11T22:00:00,
ENR00011243,USR009371,HEALTH_RESERVE,active,2026-02-03T23:00:00,
ENR00011244,USR009372,MINDGUARD,active,2025-11-12T05:00:00,
ENR00011245,USR009373,MINDGUARD,active,2026-01-12T18:00:00,
ENR00011246,USR009373,HEALTH_RESERVE,active,2026-01-13T10:00:00,
ENR00011247,USR009374,HEALTH_RESERVE,active,2025-12-31T12:00:00,
ENR00011248,USR009375,MINDGUARD,active,2025-12-09T06:00:00,
ENR00011249,USR009375,HEALTH_RESERVE,active,2025-12-12T04:00:00,
ENR00011250,USR009376,MINDGUARD,active,2025-11-19T10:00:00,
ENR00011251,USR009377,MINDGUARD,active,2025-09-25T07:00:00,
ENR00011252,USR009377,HEALTH_RESERVE,active,2025-10-04T08:00:00,
ENR00011253,USR009378,MINDGUARD,active,2025-12-22T08:00:00,
ENR00011254,USR009379,MINDGUARD,active,2025-10-08T01:00:00,
ENR00011255,USR009380,MINDGUARD,active,2025-12-18T19:00:00,
ENR00011256,USR009380,HEALTH_RESERVE,active,2025-12-17T12:00:00,
ENR00011257,USR009381,MINDGUARD,active,2025-12-02T16:00:00,
ENR00011258,USR009382,MINDGUARD,active,2025-12-11T09:00:00,
ENR00011259,USR009382,HEALTH_RESERVE,active,2025-12-05T19:00:00,
ENR00011260,USR009383,MINDGUARD,active,2026-02-01T17:00:00,
ENR00011261,USR009384,HEALTH_RESERVE,active,2025-12-04T01:00:00,
ENR00011262,USR009385,HEALTH_RESERVE,active,2025-10-24T09:00:00,
ENR00011263,USR009386,MINDGUARD,active,2026-01-13T00:00:00,
ENR00011264,USR009386,HEALTH_RESERVE,active,2026-01-24T15:00:00,
ENR00011265,USR009387,MINDGUARD,active,2025-10-10T22:00:00,
ENR00011266,USR009388,MINDGUARD,active,2026-01-09T17:00:00,
ENR00011267,USR009389,MINDGUARD,active,2026-01-08T15:00:00,
ENR00011268,USR009389,HEALTH_RESERVE,active,2026-01-12T20:00:00,
ENR00011269,USR009390,MINDGUARD,active,2025-11-07T07:00:00,
ENR00011270,USR009390,HEALTH_RESERVE,active,2025-11-08T23:00:00,
ENR00011271,USR009391,MINDGUARD,active,2025-12-21T21:00:00,
ENR00011272,USR009392,MINDGUARD,active,2025-10-27T19:00:00,
ENR00011273,USR009393,MINDGUARD,active,2026-01-28T04:00:00,
ENR00011274,USR009393,HEALTH_RESERVE,active,2026-01-22T04:00:00,
ENR00011275,USR009394,MINDGUARD,active,2026-02-19T01:00:00,
ENR00011276,USR009394,HEALTH_RESERVE,active,2026-02-10T23:00:00,
ENR00011277,USR009395,HEALTH_RESERVE,active,2026-02-13T22:00:00,
ENR00011278,USR009396,MINDGUARD,active,2025-10-01T04:00:00,
ENR00011279,USR009397,MINDGUARD,active,2026-02-16T22:00:00,
ENR00011280,USR009398,MINDGUARD,active,2025-11-12T00:00:00,
ENR00011281,USR009399,MINDGUARD,active,2025-10-21T10:00:00,
ENR00011282,USR009400,MINDGUARD,active,2025-10-24T00:00:00,
ENR00011283,USR009400,HEALTH_RESERVE,active,2025-10-11T13:00:00,
ENR00011284,USR009401,MINDGUARD,active,2025-10-23T17:00:00,
ENR00011285,USR009401,HEALTH_RESERVE,active,2025-11-02T08:00:00,
ENR00011286,USR009402,MINDGUARD,active,2025-10-02T05:00:00,
ENR00011287,USR009403,HEALTH_RESERVE,active,2025-12-05T19:00:00,
ENR00011288,USR009404,MINDGUARD,active,2025-12-16T11:00:00,
ENR00011289,USR009405,MINDGUARD,active,2025-11-06T15:00:00,
ENR00011290,USR009406,MINDGUARD,active,2025-11-10T20:00:00,
ENR00011291,USR009406,HEALTH_RESERVE,active,2025-11-03T17:00:00,
ENR00011292,USR009407,MINDGUARD,active,2026-01-22T05:00:00,
ENR00011293,USR009408,MINDGUARD,active,2025-12-14T22:00:00,
ENR00011294,USR009409,MINDGUARD,active,2025-11-20T05:00:00,
ENR00011295,USR009410,MINDGUARD,active,2025-10-03T14:00:00,
ENR00011296,USR009411,MINDGUARD,active,2026-01-19T05:00:00,
ENR00011297,USR009412,MINDGUARD,active,2025-09-26T17:00:00,
ENR00011298,USR009413,MINDGUARD,active,2025-12-24T23:00:00,
ENR00011299,USR009414,MINDGUARD,active,2025-10-19T02:00:00,
ENR00011300,USR009414,HEALTH_RESERVE,active,2025-10-23T02:00:00,
ENR00011301,USR009415,MINDGUARD,active,2025-09-24T07:00:00,
ENR00011302,USR009416,MINDGUARD,active,2025-11-06T18:00:00,
ENR00011303,USR009417,MINDGUARD,active,2025-12-27T13:00:00,
ENR00011304,USR009418,MINDGUARD,active,2026-01-11T03:00:00,
ENR00011305,USR009419,MINDGUARD,active,2025-10-18T21:00:00,
ENR00011306,USR009420,HEALTH_RESERVE,active,2026-01-17T04:00:00,
ENR00011307,USR009421,MINDGUARD,active,2025-12-23T21:00:00,
ENR00011308,USR009422,HEALTH_RESERVE,active,2025-10-29T22:00:00,
ENR00011309,USR009423,MINDGUARD,active,2025-09-27T08:00:00,
ENR00011310,USR009424,MINDGUARD,active,2025-11-13T00:00:00,
ENR00011311,USR009425,MINDGUARD,active,2025-11-19T00:00:00,
ENR00011312,USR009426,MINDGUARD,active,2026-01-01T01:00:00,
ENR00011313,USR009427,MINDGUARD,active,2025-12-20T07:00:00,
ENR00011314,USR009427,HEALTH_RESERVE,active,2025-12-18T03:00:00,
ENR00011315,USR009428,MINDGUARD,active,2026-01-19T10:00:00,
ENR00011316,USR009429,HEALTH_RESERVE,active,2026-01-21T05:00:00,
ENR00011317,USR009430,MINDGUARD,active,2026-01-21T13:00:00,
ENR00011318,USR009431,MINDGUARD,active,2025-10-05T11:00:00,
ENR00011319,USR009432,MINDGUARD,active,2025-10-11T06:00:00,
ENR00011320,USR009433,MINDGUARD,active,2025-12-09T23:00:00,
ENR00011321,USR009434,MINDGUARD,active,2026-02-04T20:00:00,
ENR00011322,USR009435,MINDGUARD,active,2025-11-10T17:00:00,
ENR00011323,USR009436,HEALTH_RESERVE,active,2025-10-28T11:00:00,
ENR00011324,USR009437,MINDGUARD,active,2026-01-25T17:00:00,
ENR00011325,USR009438,MINDGUARD,active,2025-11-27T11:00:00,
ENR00011326,USR009439,MINDGUARD,active,2025-10-23T13:00:00,
ENR00011327,USR009440,MINDGUARD,active,2025-10-15T10:00:00,
ENR00011328,USR009441,MINDGUARD,active,2025-12-17T07:00:00,
ENR00011329,USR009441,HEALTH_RESERVE,active,2025-12-21T13:00:00,
ENR00011330,USR009442,HEALTH_RESERVE,active,2026-01-22T12:00:00,
ENR00011331,USR009443,MINDGUARD,active,2025-12-21T20:00:00,
ENR00011332,USR009444,MINDGUARD,active,2025-09-20T08:00:00,
ENR00011333,USR009445,MINDGUARD,active,2025-11-17T16:00:00,
ENR00011334,USR009446,MINDGUARD,active,2025-10-02T08:00:00,
ENR00011335,USR009447,MINDGUARD,active,2026-01-06T05:00:00,
ENR00011336,USR009448,MINDGUARD,active,2025-10-26T22:00:00,
ENR00011337,USR009449,MINDGUARD,active,2025-11-12T16:00:00,
ENR00011338,USR009450,MINDGUARD,active,2025-12-31T16:00:00,
ENR00011339,USR009450,HEALTH_RESERVE,active,2026-01-05T17:00:00,
ENR00011340,USR009451,MINDGUARD,active,2025-12-09T02:00:00,
ENR00011341,USR009452,MINDGUARD,active,2026-01-28T01:00:00,
ENR00011342,USR009453,MINDGUARD,active,2026-01-02T07:00:00,
ENR00011343,USR009454,MINDGUARD,active,2025-12-06T22:00:00,
ENR00011344,USR009455,MINDGUARD,active,2026-01-06T08:00:00,
ENR00011345,USR009456,MINDGUARD,active,2026-02-14T05:00:00,
ENR00011346,USR009457,MINDGUARD,active,2026-02-14T14:00:00,
ENR00011347,USR009458,HEALTH_RESERVE,active,2025-12-21T09:00:00,
ENR00011348,USR009459,HEALTH_RESERVE,active,2026-01-27T15:00:00,
ENR00011349,USR009460,HEALTH_RESERVE,active,2025-12-28T20:00:00,
ENR00011350,USR009461,MINDGUARD,active,2026-01-21T23:00:00,
ENR00011351,USR009462,MINDGUARD,active,2025-10-21T19:00:00,
ENR00011352,USR009462,HEALTH_RESERVE,active,2025-10-20T16:00:00,
ENR00011353,USR009463,HEALTH_RESERVE,active,2025-12-19T21:00:00,
ENR00011354,USR009464,MINDGUARD,active,2026-01-22T06:00:00,
ENR00011355,USR009464,HEALTH_RESERVE,active,2026-01-10T15:00:00,
ENR00011356,USR009465,MINDGUARD,active,2025-11-29T15:00:00,
ENR00011357,USR009466,HEALTH_RESERVE,active,2025-12-03T17:00:00,
ENR00011358,USR009467,MINDGUARD,active,2025-10-01T10:00:00,
ENR00011359,USR009468,MINDGUARD,active,2026-01-27T05:00:00,
ENR00011360,USR009468,HEALTH_RESERVE,active,2026-01-22T09:00:00,
ENR00011361,USR009469,HEALTH_RESERVE,active,2025-11-23T00:00:00,
ENR00011362,USR009470,HEALTH_RESERVE,active,2026-01-09T01:00:00,
ENR00011363,USR009471,MINDGUARD,active,2025-10-10T00:00:00,
ENR00011364,USR009472,MINDGUARD,active,2026-01-03T17:00:00,
ENR00011365,USR009473,HEALTH_RESERVE,active,2026-02-01T05:00:00,
ENR00011366,USR009474,HEALTH_RESERVE,active,2025-11-15T14:00:00,
ENR00011367,USR009475,MINDGUARD,active,2025-12-22T21:00:00,
ENR00011368,USR009476,MINDGUARD,active,2026-02-01T23:00:00,
ENR00011369,USR009477,MINDGUARD,active,2025-11-18T13:00:00,
ENR00011370,USR009478,MINDGUARD,active,2025-12-05T04:00:00,
ENR00011371,USR009479,MINDGUARD,active,2025-12-14T18:00:00,
ENR00011372,USR009480,MINDGUARD,active,2026-01-27T05:00:00,
ENR00011373,USR009481,MINDGUARD,active,2025-12-09T06:00:00,
ENR00011374,USR009481,HEALTH_RESERVE,active,2025-12-05T00:00:00,
ENR00011375,USR009482,MINDGUARD,active,2026-01-12T07:00:00,
ENR00011376,USR009483,MINDGUARD,discontinued,2025-11-13T00:00:00,2026-07-30T00:46:00
ENR00011377,USR009484,MINDGUARD,active,2026-01-05T16:00:00,
ENR00011378,USR009485,MINDGUARD,active,2026-01-02T20:00:00,
ENR00011379,USR009485,HEALTH_RESERVE,active,2026-01-02T04:00:00,
ENR00011380,USR009486,MINDGUARD,active,2025-11-09T06:00:00,
ENR00011381,USR009487,MINDGUARD,active,2025-11-12T07:00:00,
ENR00011382,USR009487,HEALTH_RESERVE,active,2025-11-10T02:00:00,
ENR00011383,USR009488,MINDGUARD,active,2025-12-09T07:00:00,
ENR00011384,USR009489,HEALTH_RESERVE,active,2025-10-22T17:00:00,
ENR00011385,USR009490,HEALTH_RESERVE,active,2026-02-05T11:00:00,
ENR00011386,USR009491,MINDGUARD,active,2025-11-03T03:00:00,
ENR00011387,USR009491,HEALTH_RESERVE,active,2025-11-08T08:00:00,
ENR00011388,USR009492,MINDGUARD,active,2026-01-16T10:00:00,
ENR00011389,USR009493,MINDGUARD,active,2026-01-24T01:00:00,
ENR00011390,USR009494,MINDGUARD,active,2025-10-05T09:00:00,
ENR00011391,USR009494,HEALTH_RESERVE,active,2025-10-11T09:00:00,
ENR00011392,USR009495,MINDGUARD,active,2025-11-28T12:00:00,
ENR00011393,USR009495,HEALTH_RESERVE,active,2025-12-06T11:00:00,
ENR00011394,USR009496,MINDGUARD,active,2025-10-20T10:00:00,
ENR00011395,USR009496,HEALTH_RESERVE,active,2025-10-26T09:00:00,
ENR00011396,USR009497,MINDGUARD,active,2025-12-10T02:00:00,
ENR00011397,USR009497,HEALTH_RESERVE,active,2025-12-16T19:00:00,
ENR00011398,USR009498,MINDGUARD,active,2025-10-06T15:00:00,
ENR00011399,USR009499,MINDGUARD,active,2025-11-19T01:00:00,
ENR00011400,USR009500,MINDGUARD,active,2026-02-06T23:00:00,
ENR00011401,USR009501,HEALTH_RESERVE,active,2025-10-04T18:00:00,
ENR00011402,USR009502,HEALTH_RESERVE,active,2026-02-15T10:00:00,
ENR00011403,USR009503,MINDGUARD,active,2025-10-18T08:00:00,
ENR00011404,USR009504,MINDGUARD,active,2025-10-24T18:00:00,
ENR00011405,USR009504,HEALTH_RESERVE,active,2025-10-10T11:00:00,
ENR00011406,USR009505,MINDGUARD,active,2025-12-24T02:00:00,
ENR00011407,USR009506,HEALTH_RESERVE,active,2025-10-01T13:00:00,
ENR00011408,USR009507,MINDGUARD,active,2025-11-07T09:00:00,
ENR00011409,USR009507,HEALTH_RESERVE,active,2025-11-02T19:00:00,
ENR00011410,USR009508,MINDGUARD,active,2026-01-04T23:00:00,
ENR00011411,USR009508,HEALTH_RESERVE,active,2026-01-01T03:00:00,
ENR00011412,USR009509,HEALTH_RESERVE,active,2025-12-14T18:00:00,
ENR00011413,USR009510,MINDGUARD,active,2025-11-29T09:00:00,
ENR00011414,USR009510,HEALTH_RESERVE,active,2025-11-26T14:00:00,
ENR00011415,USR009511,MINDGUARD,active,2025-10-21T04:00:00,
ENR00011416,USR009512,MINDGUARD,active,2025-10-27T20:00:00,
ENR00011417,USR009513,MINDGUARD,discontinued,2025-10-09T10:00:00,2026-04-21T11:25:00
ENR00011418,USR009514,MINDGUARD,active,2025-11-07T20:00:00,
ENR00011419,USR009514,HEALTH_RESERVE,active,2025-11-05T14:00:00,
ENR00011420,USR009515,MINDGUARD,active,2025-10-05T07:00:00,
ENR00011421,USR009516,MINDGUARD,active,2025-12-09T14:00:00,
ENR00011422,USR009517,MINDGUARD,active,2025-11-17T17:00:00,
ENR00011423,USR009518,MINDGUARD,active,2025-11-21T12:00:00,
ENR00011424,USR009519,MINDGUARD,active,2026-01-20T23:00:00,
ENR00011425,USR009520,MINDGUARD,active,2026-02-14T15:00:00,
ENR00011426,USR009521,MINDGUARD,active,2025-12-16T10:00:00,
ENR00011427,USR009522,MINDGUARD,active,2026-01-17T16:00:00,
ENR00011428,USR009522,HEALTH_RESERVE,active,2026-01-28T13:00:00,
ENR00011429,USR009523,MINDGUARD,active,2025-10-10T11:00:00,
ENR00011430,USR009524,MINDGUARD,active,2025-10-27T14:00:00,
ENR00011431,USR009525,MINDGUARD,active,2025-12-13T10:00:00,
ENR00011432,USR009526,HEALTH_RESERVE,active,2025-12-24T02:00:00,
ENR00011433,USR009527,HEALTH_RESERVE,active,2026-01-29T06:00:00,
ENR00011434,USR009528,MINDGUARD,active,2025-09-26T04:00:00,
ENR00011435,USR009529,MINDGUARD,active,2026-01-28T05:00:00,
ENR00011436,USR009529,HEALTH_RESERVE,active,2026-02-02T05:00:00,
ENR00011437,USR009530,MINDGUARD,active,2025-10-28T04:00:00,
ENR00011438,USR009531,MINDGUARD,active,2026-01-08T02:00:00,
ENR00011439,USR009531,HEALTH_RESERVE,active,2025-12-31T19:00:00,
ENR00011440,USR009532,MINDGUARD,active,2025-11-22T20:00:00,
ENR00011441,USR009532,HEALTH_RESERVE,active,2025-12-01T13:00:00,
ENR00011442,USR009533,MINDGUARD,active,2025-10-15T23:00:00,
ENR00011443,USR009534,MINDGUARD,active,2025-10-01T21:00:00,
ENR00011444,USR009535,MINDGUARD,active,2026-01-28T08:00:00,
ENR00011445,USR009536,MINDGUARD,active,2025-09-29T04:00:00,
ENR00011446,USR009537,MINDGUARD,active,2025-10-14T04:00:00,
ENR00011447,USR009538,MINDGUARD,active,2025-12-15T02:00:00,
ENR00011448,USR009538,HEALTH_RESERVE,active,2025-12-25T10:00:00,
ENR00011449,USR009539,MINDGUARD,active,2026-02-03T04:00:00,
ENR00011450,USR009539,HEALTH_RESERVE,active,2026-01-24T02:00:00,
ENR00011451,USR009540,MINDGUARD,active,2025-11-04T18:00:00,
ENR00011452,USR009541,MINDGUARD,active,2025-11-16T07:00:00,
ENR00011453,USR009542,MINDGUARD,active,2025-11-18T16:00:00,
ENR00011454,USR009543,HEALTH_RESERVE,active,2025-10-19T05:00:00,
ENR00011455,USR009544,MINDGUARD,active,2025-09-25T08:00:00,
ENR00011456,USR009545,MINDGUARD,active,2025-11-04T22:00:00,
ENR00011457,USR009546,HEALTH_RESERVE,active,2026-01-31T22:00:00,
ENR00011458,USR009547,MINDGUARD,active,2026-02-12T15:00:00,
ENR00011459,USR009547,HEALTH_RESERVE,active,2026-02-13T16:00:00,
ENR00011460,USR009548,MINDGUARD,active,2025-12-16T17:00:00,
ENR00011461,USR009549,MINDGUARD,active,2025-12-22T21:00:00,
ENR00011462,USR009549,HEALTH_RESERVE,active,2025-12-30T03:00:00,
ENR00011463,USR009550,HEALTH_RESERVE,active,2026-02-12T19:00:00,
ENR00011464,USR009551,HEALTH_RESERVE,active,2026-01-21T08:00:00,
ENR00011465,USR009552,MINDGUARD,active,2025-10-02T05:00:00,
ENR00011466,USR009552,HEALTH_RESERVE,active,2025-09-26T18:00:00,
ENR00011467,USR009553,MINDGUARD,active,2025-12-12T07:00:00,
ENR00011468,USR009554,MINDGUARD,active,2025-11-25T08:00:00,
ENR00011469,USR009555,HEALTH_RESERVE,active,2025-11-20T13:00:00,
ENR00011470,USR009556,HEALTH_RESERVE,active,2025-10-16T16:00:00,
ENR00011471,USR009557,MINDGUARD,active,2026-01-26T19:00:00,
ENR00011472,USR009557,HEALTH_RESERVE,active,2026-01-15T23:00:00,
ENR00011473,USR009558,MINDGUARD,active,2025-10-01T10:00:00,
ENR00011474,USR009559,MINDGUARD,active,2025-11-20T06:00:00,
ENR00011475,USR009560,MINDGUARD,active,2026-01-07T04:00:00,
ENR00011476,USR009561,MINDGUARD,active,2025-11-14T13:00:00,
ENR00011477,USR009562,MINDGUARD,active,2026-02-01T08:00:00,
ENR00011478,USR009563,MINDGUARD,active,2026-02-14T20:00:00,
ENR00011479,USR009563,HEALTH_RESERVE,active,2026-02-09T00:00:00,
ENR00011480,USR009564,MINDGUARD,active,2025-12-08T13:00:00,
ENR00011481,USR009565,MINDGUARD,active,2025-11-14T13:00:00,
ENR00011482,USR009565,HEALTH_RESERVE,active,2025-11-14T18:00:00,
ENR00011483,USR009566,MINDGUARD,active,2026-01-17T13:00:00,
ENR00011484,USR009567,MINDGUARD,active,2025-12-19T09:00:00,
ENR00011485,USR009568,MINDGUARD,active,2025-12-29T08:00:00,
ENR00011486,USR009569,MINDGUARD,active,2026-01-23T15:00:00,
ENR00011487,USR009570,MINDGUARD,active,2026-01-28T22:00:00,
ENR00011488,USR009571,MINDGUARD,active,2025-11-26T12:00:00,
ENR00011489,USR009572,MINDGUARD,active,2025-11-20T01:00:00,
ENR00011490,USR009573,HEALTH_RESERVE,active,2025-12-20T12:00:00,
ENR00011491,USR009574,MINDGUARD,active,2025-11-26T06:00:00,
ENR00011492,USR009575,MINDGUARD,active,2025-11-23T09:00:00,
ENR00011493,USR009576,MINDGUARD,active,2025-09-24T14:00:00,
ENR00011494,USR009577,MINDGUARD,active,2025-12-29T17:00:00,
ENR00011495,USR009578,MINDGUARD,active,2025-12-02T21:00:00,
ENR00011496,USR009578,HEALTH_RESERVE,active,2025-11-28T20:00:00,
ENR00011497,USR009579,MINDGUARD,active,2026-01-30T06:00:00,
ENR00011498,USR009580,MINDGUARD,active,2025-09-29T01:00:00,
ENR00011499,USR009581,MINDGUARD,active,2026-01-03T16:00:00,
ENR00011500,USR009582,MINDGUARD,active,2025-12-04T13:00:00,
ENR00011501,USR009583,MINDGUARD,active,2026-02-19T13:00:00,
ENR00011502,USR009583,HEALTH_RESERVE,active,2026-02-12T08:00:00,
ENR00011503,USR009584,HEALTH_RESERVE,active,2026-01-20T05:00:00,
ENR00011504,USR009585,MINDGUARD,active,2025-10-19T17:00:00,
ENR00011505,USR009586,HEALTH_RESERVE,active,2026-01-04T02:00:00,
ENR00011506,USR009587,MINDGUARD,active,2026-01-31T20:00:00,
ENR00011507,USR009587,HEALTH_RESERVE,active,2026-01-29T00:00:00,
ENR00011508,USR009588,MINDGUARD,active,2025-12-16T15:00:00,
ENR00011509,USR009588,HEALTH_RESERVE,active,2025-12-25T21:00:00,
ENR00011510,USR009589,MINDGUARD,active,2025-11-23T04:00:00,
ENR00011511,USR009590,MINDGUARD,active,2026-01-06T16:00:00,
ENR00011512,USR009591,MINDGUARD,active,2026-01-19T03:00:00,
ENR00011513,USR009592,MINDGUARD,active,2026-01-05T15:00:00,
ENR00011514,USR009593,MINDGUARD,active,2025-09-26T13:00:00,
ENR00011515,USR009593,HEALTH_RESERVE,active,2025-09-27T02:00:00,
ENR00011516,USR009594,HEALTH_RESERVE,active,2025-11-03T13:00:00,
ENR00011517,USR009595,MINDGUARD,active,2026-01-04T06:00:00,
ENR00011518,USR009595,HEALTH_RESERVE,active,2026-01-13T13:00:00,
ENR00011519,USR009596,MINDGUARD,active,2025-09-20T17:00:00,
ENR00011520,USR009596,HEALTH_RESERVE,active,2025-09-17T01:00:00,
ENR00011521,USR009597,MINDGUARD,active,2026-02-16T18:00:00,
ENR00011522,USR009597,HEALTH_RESERVE,active,2026-02-11T19:00:00,
ENR00011523,USR009598,MINDGUARD,active,2025-11-23T17:00:00,
ENR00011524,USR009599,MINDGUARD,active,2025-11-04T19:00:00,
ENR00011525,USR009600,MINDGUARD,active,2025-12-15T01:00:00,
ENR00011526,USR009600,HEALTH_RESERVE,active,2025-12-19T18:00:00,
ENR00011527,USR009601,MINDGUARD,active,2026-01-14T01:00:00,
ENR00011528,USR009601,HEALTH_RESERVE,active,2026-01-13T00:00:00,
ENR00011529,USR009602,MINDGUARD,active,2025-11-30T16:00:00,
ENR00011530,USR009603,HEALTH_RESERVE,active,2026-02-18T20:00:00,
ENR00011531,USR009604,MINDGUARD,active,2025-11-30T22:00:00,
ENR00011532,USR009605,MINDGUARD,active,2025-12-14T10:00:00,
ENR00011533,USR009605,HEALTH_RESERVE,active,2025-12-18T09:00:00,
ENR00011534,USR009606,MINDGUARD,active,2025-11-11T13:00:00,
ENR00011535,USR009606,HEALTH_RESERVE,active,2025-11-15T06:00:00,
ENR00011536,USR009607,HEALTH_RESERVE,active,2026-01-08T20:00:00,
ENR00011537,USR009608,HEALTH_RESERVE,active,2025-11-15T02:00:00,
ENR00011538,USR009609,MINDGUARD,active,2025-11-02T17:00:00,
ENR00011539,USR009609,HEALTH_RESERVE,active,2025-11-03T07:00:00,
ENR00011540,USR009610,MINDGUARD,active,2026-01-21T17:00:00,
ENR00011541,USR009611,MINDGUARD,active,2025-10-17T03:00:00,
ENR00011542,USR009611,HEALTH_RESERVE,active,2025-10-28T23:00:00,
ENR00011543,USR009612,MINDGUARD,active,2025-12-16T13:00:00,
ENR00011544,USR009613,MINDGUARD,active,2026-02-07T17:00:00,
ENR00011545,USR009614,HEALTH_RESERVE,active,2025-09-26T14:00:00,
ENR00011546,USR009615,HEALTH_RESERVE,active,2026-01-31T00:00:00,
ENR00011547,USR009616,HEALTH_RESERVE,active,2025-12-21T22:00:00,
ENR00011548,USR009617,MINDGUARD,active,2025-12-20T14:00:00,
ENR00011549,USR009617,HEALTH_RESERVE,active,2025-12-21T22:00:00,
ENR00011550,USR009618,MINDGUARD,active,2026-01-31T21:00:00,
ENR00011551,USR009618,HEALTH_RESERVE,active,2026-02-11T01:00:00,
ENR00011552,USR009619,MINDGUARD,active,2025-11-09T03:00:00,
ENR00011553,USR009620,MINDGUARD,active,2026-01-17T10:00:00,
ENR00011554,USR009621,HEALTH_RESERVE,active,2025-11-23T09:00:00,
ENR00011555,USR009622,MINDGUARD,active,2026-01-29T05:00:00,
ENR00011556,USR009623,MINDGUARD,active,2026-01-28T22:00:00,
ENR00011557,USR009624,MINDGUARD,active,2025-10-23T07:00:00,
ENR00011558,USR009625,HEALTH_RESERVE,active,2025-10-25T00:00:00,
ENR00011559,USR009626,HEALTH_RESERVE,active,2025-12-09T18:00:00,
ENR00011560,USR009627,HEALTH_RESERVE,active,2025-10-07T21:00:00,
ENR00011561,USR009628,MINDGUARD,active,2025-10-29T12:00:00,
ENR00011562,USR009629,MINDGUARD,active,2025-10-06T23:00:00,
ENR00011563,USR009629,HEALTH_RESERVE,active,2025-10-11T22:00:00,
ENR00011564,USR009630,MINDGUARD,active,2026-01-12T05:00:00,
ENR00011565,USR009631,HEALTH_RESERVE,active,2026-01-30T17:00:00,
ENR00011566,USR009632,HEALTH_RESERVE,active,2025-12-15T21:00:00,
ENR00011567,USR009633,MINDGUARD,active,2026-01-15T21:00:00,
ENR00011568,USR009634,MINDGUARD,active,2026-01-04T01:00:00,
ENR00011569,USR009635,MINDGUARD,active,2026-02-08T18:00:00,
ENR00011570,USR009636,HEALTH_RESERVE,active,2025-11-28T23:00:00,
ENR00011571,USR009637,MINDGUARD,active,2025-12-26T12:00:00,
ENR00011572,USR009638,HEALTH_RESERVE,active,2026-02-09T17:00:00,
ENR00011573,USR009639,MINDGUARD,active,2025-09-25T08:00:00,
ENR00011574,USR009639,HEALTH_RESERVE,active,2025-10-06T04:00:00,
ENR00011575,USR009640,MINDGUARD,active,2025-12-25T05:00:00,
ENR00011576,USR009641,MINDGUARD,active,2025-11-11T02:00:00,
ENR00011577,USR009642,MINDGUARD,active,2025-11-20T15:00:00,
ENR00011578,USR009643,MINDGUARD,active,2025-11-03T11:00:00,
ENR00011579,USR009644,MINDGUARD,active,2025-11-08T23:00:00,
ENR00011580,USR009645,HEALTH_RESERVE,active,2025-10-12T14:00:00,
ENR00011581,USR009646,HEALTH_RESERVE,active,2026-02-18T06:00:00,
ENR00011582,USR009647,MINDGUARD,active,2025-12-08T18:00:00,
ENR00011583,USR009648,HEALTH_RESERVE,active,2025-11-25T22:00:00,
ENR00011584,USR009649,MINDGUARD,active,2026-02-04T04:00:00,
ENR00011585,USR009650,MINDGUARD,active,2026-01-09T20:00:00,
ENR00011586,USR009651,HEALTH_RESERVE,active,2026-02-03T01:00:00,
ENR00011587,USR009652,MINDGUARD,active,2025-12-11T11:00:00,
ENR00011588,USR009652,HEALTH_RESERVE,active,2025-12-16T07:00:00,
ENR00011589,USR009653,MINDGUARD,active,2025-11-11T06:00:00,
ENR00011590,USR009654,MINDGUARD,active,2026-01-26T22:00:00,
ENR00011591,USR009655,HEALTH_RESERVE,active,2025-12-10T08:00:00,
ENR00011592,USR009656,MINDGUARD,active,2026-01-03T19:00:00,
ENR00011593,USR009657,MINDGUARD,active,2025-10-16T14:00:00,
ENR00011594,USR009657,HEALTH_RESERVE,active,2025-10-14T15:00:00,
ENR00011595,USR009658,MINDGUARD,active,2025-10-04T04:00:00,
ENR00011596,USR009658,HEALTH_RESERVE,active,2025-10-02T09:00:00,
ENR00011597,USR009659,MINDGUARD,active,2026-01-12T20:00:00,
ENR00011598,USR009660,MINDGUARD,active,2025-11-29T10:00:00,
ENR00011599,USR009661,MINDGUARD,active,2025-10-16T19:00:00,
ENR00011600,USR009662,MINDGUARD,active,2026-01-19T12:00:00,
ENR00011601,USR009663,HEALTH_RESERVE,active,2026-01-20T18:00:00,
ENR00011602,USR009664,MINDGUARD,active,2026-01-23T08:00:00,
ENR00011603,USR009665,MINDGUARD,active,2025-11-07T21:00:00,
ENR00011604,USR009665,HEALTH_RESERVE,active,2025-11-12T00:00:00,
ENR00011605,USR009666,MINDGUARD,active,2026-01-07T17:00:00,
ENR00011606,USR009666,HEALTH_RESERVE,active,2025-12-26T06:00:00,
ENR00011607,USR009667,HEALTH_RESERVE,active,2025-10-02T20:00:00,
ENR00011608,USR009668,MINDGUARD,active,2025-12-27T18:00:00,
ENR00011609,USR009669,MINDGUARD,active,2025-12-06T08:00:00,
ENR00011610,USR009670,HEALTH_RESERVE,active,2026-02-23T08:00:00,
ENR00011611,USR009671,HEALTH_RESERVE,active,2025-12-10T14:00:00,
ENR00011612,USR009672,HEALTH_RESERVE,active,2025-11-14T19:00:00,
ENR00011613,USR009673,MINDGUARD,active,2025-10-23T10:00:00,
ENR00011614,USR009674,HEALTH_RESERVE,active,2025-11-19T19:00:00,
ENR00011615,USR009675,MINDGUARD,active,2025-10-14T01:00:00,
ENR00011616,USR009676,MINDGUARD,active,2026-01-13T01:00:00,
ENR00011617,USR009677,MINDGUARD,active,2025-09-24T04:00:00,
ENR00011618,USR009677,HEALTH_RESERVE,active,2025-09-18T08:00:00,
ENR00011619,USR009678,MINDGUARD,active,2026-01-13T08:00:00,
ENR00011620,USR009679,MINDGUARD,active,2025-12-31T03:00:00,
ENR00011621,USR009680,MINDGUARD,active,2026-02-02T04:00:00,
ENR00011622,USR009680,HEALTH_RESERVE,active,2026-01-31T22:00:00,
ENR00011623,USR009681,HEALTH_RESERVE,active,2025-10-05T04:00:00,
ENR00011624,USR009682,MINDGUARD,active,2026-01-03T14:00:00,
ENR00011625,USR009683,MINDGUARD,active,2025-10-10T16:00:00,
ENR00011626,USR009684,MINDGUARD,active,2025-10-20T09:00:00,
ENR00011627,USR009685,MINDGUARD,active,2025-09-27T19:00:00,
ENR00011628,USR009686,MINDGUARD,active,2025-12-22T11:00:00,
ENR00011629,USR009687,MINDGUARD,active,2025-10-24T20:00:00,
ENR00011630,USR009688,MINDGUARD,active,2025-11-27T23:00:00,
ENR00011631,USR009689,MINDGUARD,active,2025-11-16T00:00:00,
ENR00011632,USR009690,MINDGUARD,active,2026-01-26T20:00:00,
ENR00011633,USR009691,MINDGUARD,active,2025-11-01T06:00:00,
ENR00011634,USR009692,HEALTH_RESERVE,active,2025-09-20T08:00:00,
ENR00011635,USR009693,MINDGUARD,active,2025-10-03T16:00:00,
ENR00011636,USR009694,MINDGUARD,active,2025-12-11T17:00:00,
ENR00011637,USR009695,MINDGUARD,active,2025-12-15T03:00:00,
ENR00011638,USR009696,MINDGUARD,active,2025-10-14T18:00:00,
ENR00011639,USR009696,HEALTH_RESERVE,active,2025-10-16T21:00:00,
ENR00011640,USR009697,MINDGUARD,active,2025-11-18T07:00:00,
ENR00011641,USR009698,MINDGUARD,active,2025-10-09T12:00:00,
ENR00011642,USR009699,MINDGUARD,active,2026-01-29T03:00:00,
ENR00011643,USR009700,MINDGUARD,active,2025-11-25T22:00:00,
ENR00011644,USR009700,HEALTH_RESERVE,active,2025-11-29T02:00:00,
ENR00011645,USR009701,MINDGUARD,active,2026-02-02T09:00:00,
ENR00011646,USR009702,HEALTH_RESERVE,active,2025-10-09T22:00:00,
ENR00011647,USR009703,MINDGUARD,active,2025-11-10T04:00:00,
ENR00011648,USR009704,MINDGUARD,active,2025-12-30T02:00:00,
ENR00011649,USR009705,MINDGUARD,active,2025-09-28T13:00:00,
ENR00011650,USR009706,MINDGUARD,active,2025-11-23T09:00:00,
ENR00011651,USR009706,HEALTH_RESERVE,active,2025-11-20T08:00:00,
ENR00011652,USR009707,MINDGUARD,active,2026-01-24T03:00:00,
ENR00011653,USR009708,MINDGUARD,active,2026-02-13T10:00:00,
ENR00011654,USR009709,MINDGUARD,active,2026-02-07T19:00:00,
ENR00011655,USR009709,HEALTH_RESERVE,active,2026-02-08T17:00:00,
ENR00011656,USR009710,MINDGUARD,active,2025-12-07T03:00:00,
ENR00011657,USR009711,MINDGUARD,active,2025-12-14T13:00:00,
ENR00011658,USR009711,HEALTH_RESERVE,active,2025-12-16T09:00:00,
ENR00011659,USR009712,MINDGUARD,active,2025-09-25T01:00:00,
ENR00011660,USR009713,MINDGUARD,active,2025-12-01T21:00:00,
ENR00011661,USR009714,MINDGUARD,active,2026-01-26T16:00:00,
ENR00011662,USR009715,MINDGUARD,active,2026-01-09T03:00:00,
ENR00011663,USR009716,MINDGUARD,active,2026-02-05T13:00:00,
ENR00011664,USR009716,HEALTH_RESERVE,active,2026-02-12T14:00:00,
ENR00011665,USR009717,MINDGUARD,active,2025-10-26T21:00:00,
ENR00011666,USR009718,MINDGUARD,active,2025-10-15T11:00:00,
ENR00011667,USR009719,MINDGUARD,active,2025-12-18T19:00:00,
ENR00011668,USR009720,MINDGUARD,active,2025-11-17T12:00:00,
ENR00011669,USR009721,MINDGUARD,active,2026-01-10T11:00:00,
ENR00011670,USR009722,HEALTH_RESERVE,active,2025-11-16T21:00:00,
ENR00011671,USR009723,MINDGUARD,active,2025-12-23T19:00:00,
ENR00011672,USR009724,MINDGUARD,active,2025-12-15T03:00:00,
ENR00011673,USR009725,MINDGUARD,active,2025-10-16T23:00:00,
ENR00011674,USR009726,HEALTH_RESERVE,active,2025-09-30T05:00:00,
ENR00011675,USR009727,MINDGUARD,active,2026-02-16T03:00:00,
ENR00011676,USR009728,MINDGUARD,active,2025-12-07T19:00:00,
ENR00011677,USR009729,MINDGUARD,active,2025-09-24T21:00:00,
ENR00011678,USR009730,MINDGUARD,active,2025-10-08T02:00:00,
ENR00011679,USR009730,HEALTH_RESERVE,active,2025-10-10T05:00:00,
ENR00011680,USR009731,MINDGUARD,active,2025-10-01T14:00:00,
ENR00011681,USR009732,MINDGUARD,active,2026-02-14T15:00:00,
ENR00011682,USR009733,MINDGUARD,active,2025-11-12T02:00:00,
ENR00011683,USR009733,HEALTH_RESERVE,active,2025-11-09T00:00:00,
ENR00011684,USR009734,MINDGUARD,active,2025-09-28T04:00:00,
ENR00011685,USR009734,HEALTH_RESERVE,active,2025-10-12T09:00:00,
ENR00011686,USR009735,MINDGUARD,active,2025-10-02T13:00:00,
ENR00011687,USR009736,MINDGUARD,active,2025-12-19T02:00:00,
ENR00011688,USR009737,MINDGUARD,active,2026-02-15T20:00:00,
ENR00011689,USR009737,HEALTH_RESERVE,active,2026-02-12T06:00:00,
ENR00011690,USR009738,MINDGUARD,active,2025-12-07T05:00:00,
ENR00011691,USR009738,HEALTH_RESERVE,active,2025-11-30T00:00:00,
ENR00011692,USR009739,MINDGUARD,active,2026-01-06T03:00:00,
ENR00011693,USR009739,HEALTH_RESERVE,active,2026-01-05T11:00:00,
ENR00011694,USR009740,MINDGUARD,active,2026-01-31T01:00:00,
ENR00011695,USR009741,MINDGUARD,active,2025-10-28T18:00:00,
ENR00011696,USR009742,MINDGUARD,active,2026-01-12T02:00:00,
ENR00011697,USR009743,HEALTH_RESERVE,active,2026-02-06T05:00:00,
ENR00011698,USR009744,MINDGUARD,active,2025-11-16T09:00:00,
ENR00011699,USR009745,HEALTH_RESERVE,active,2025-11-20T23:00:00,
ENR00011700,USR009746,HEALTH_RESERVE,active,2026-02-11T17:00:00,
ENR00011701,USR009747,MINDGUARD,active,2025-12-16T01:00:00,
ENR00011702,USR009747,HEALTH_RESERVE,active,2025-12-20T14:00:00,
ENR00011703,USR009748,MINDGUARD,active,2025-10-23T14:00:00,
ENR00011704,USR009748,HEALTH_RESERVE,active,2025-10-17T07:00:00,
ENR00011705,USR009749,MINDGUARD,active,2025-11-24T07:00:00,
ENR00011706,USR009750,MINDGUARD,active,2026-01-07T14:00:00,
ENR00011707,USR009750,HEALTH_RESERVE,active,2026-01-03T09:00:00,
ENR00011708,USR009751,MINDGUARD,active,2025-11-12T12:00:00,
ENR00011709,USR009752,MINDGUARD,active,2026-02-09T14:00:00,
ENR00011710,USR009753,MINDGUARD,active,2025-10-25T23:00:00,
ENR00011711,USR009754,HEALTH_RESERVE,active,2025-09-24T05:00:00,
ENR00011712,USR009755,MINDGUARD,active,2026-01-10T03:00:00,
ENR00011713,USR009756,MINDGUARD,active,2025-12-30T06:00:00,
ENR00011714,USR009757,HEALTH_RESERVE,active,2025-12-05T03:00:00,
ENR00011715,USR009758,MINDGUARD,active,2026-01-17T18:00:00,
ENR00011716,USR009758,HEALTH_RESERVE,active,2026-01-29T10:00:00,
ENR00011717,USR009759,HEALTH_RESERVE,active,2025-12-08T09:00:00,
ENR00011718,USR009760,MINDGUARD,active,2026-02-12T15:00:00,
ENR00011719,USR009760,HEALTH_RESERVE,active,2026-02-06T13:00:00,
ENR00011720,USR009761,MINDGUARD,active,2025-11-20T16:00:00,
ENR00011721,USR009762,MINDGUARD,active,2025-10-02T09:00:00,
ENR00011722,USR009763,MINDGUARD,active,2026-01-27T09:00:00,
ENR00011723,USR009764,HEALTH_RESERVE,active,2025-10-03T06:00:00,
ENR00011724,USR009765,MINDGUARD,active,2025-11-27T01:00:00,
ENR00011725,USR009766,MINDGUARD,active,2025-10-21T14:00:00,
ENR00011726,USR009767,HEALTH_RESERVE,active,2026-01-01T13:00:00,
ENR00011727,USR009768,MINDGUARD,active,2025-11-13T20:00:00,
ENR00011728,USR009769,HEALTH_RESERVE,active,2026-01-03T06:00:00,
ENR00011729,USR009770,MINDGUARD,active,2025-11-17T12:00:00,
ENR00011730,USR009771,MINDGUARD,active,2025-11-01T22:00:00,
ENR00011731,USR009772,HEALTH_RESERVE,active,2025-12-22T15:00:00,
ENR00011732,USR009773,MINDGUARD,active,2025-11-03T01:00:00,
ENR00011733,USR009774,HEALTH_RESERVE,active,2025-12-08T14:00:00,
ENR00011734,USR009775,MINDGUARD,active,2026-01-15T11:00:00,
ENR00011735,USR009776,MINDGUARD,active,2025-11-09T08:00:00,
ENR00011736,USR009776,HEALTH_RESERVE,active,2025-11-03T09:00:00,
ENR00011737,USR009777,HEALTH_RESERVE,active,2026-02-01T09:00:00,
ENR00011738,USR009778,MINDGUARD,active,2025-12-18T00:00:00,
ENR00011739,USR009779,MINDGUARD,active,2025-12-16T10:00:00,
ENR00011740,USR009780,MINDGUARD,active,2026-02-22T16:00:00,
ENR00011741,USR009780,HEALTH_RESERVE,active,2026-02-11T21:00:00,
ENR00011742,USR009781,MINDGUARD,active,2025-12-10T08:00:00,
ENR00011743,USR009782,MINDGUARD,active,2026-02-14T20:00:00,
ENR00011744,USR009782,HEALTH_RESERVE,active,2026-02-12T02:00:00,
ENR00011745,USR009783,MINDGUARD,active,2025-11-15T15:00:00,
ENR00011746,USR009783,HEALTH_RESERVE,active,2025-11-17T23:00:00,
ENR00011747,USR009784,MINDGUARD,active,2026-02-15T23:00:00,
ENR00011748,USR009785,MINDGUARD,active,2026-01-02T00:00:00,
ENR00011749,USR009786,MINDGUARD,active,2025-11-14T04:00:00,
ENR00011750,USR009787,MINDGUARD,active,2025-09-24T13:00:00,
ENR00011751,USR009787,HEALTH_RESERVE,active,2025-09-25T15:00:00,
ENR00011752,USR009788,MINDGUARD,active,2026-02-02T09:00:00,
ENR00011753,USR009788,HEALTH_RESERVE,active,2026-01-28T00:00:00,
ENR00011754,USR009789,HEALTH_RESERVE,active,2025-12-07T16:00:00,
ENR00011755,USR009790,MINDGUARD,active,2025-11-30T19:00:00,
ENR00011756,USR009791,HEALTH_RESERVE,active,2025-11-13T23:00:00,
ENR00011757,USR009792,MINDGUARD,active,2026-01-23T17:00:00,
ENR00011758,USR009793,MINDGUARD,active,2026-01-21T00:00:00,
ENR00011759,USR009794,MINDGUARD,active,2025-12-17T06:00:00,
ENR00011760,USR009795,MINDGUARD,active,2025-12-12T11:00:00,
ENR00011761,USR009795,HEALTH_RESERVE,active,2025-12-17T12:00:00,
ENR00011762,USR009796,HEALTH_RESERVE,active,2025-10-03T10:00:00,
ENR00011763,USR009797,MINDGUARD,active,2025-11-03T13:00:00,
ENR00011764,USR009798,MINDGUARD,active,2025-12-24T22:00:00,
ENR00011765,USR009799,MINDGUARD,active,2025-11-05T08:00:00,
ENR00011766,USR009800,MINDGUARD,active,2025-12-04T10:00:00,
ENR00011767,USR009800,HEALTH_RESERVE,active,2025-12-05T01:00:00,
ENR00011768,USR009801,MINDGUARD,active,2025-12-06T02:00:00,
ENR00011769,USR009802,HEALTH_RESERVE,active,2025-11-21T13:00:00,
ENR00011770,USR009803,HEALTH_RESERVE,active,2025-12-07T03:00:00,
ENR00011771,USR009804,HEALTH_RESERVE,active,2025-11-22T01:00:00,
ENR00011772,USR009805,MINDGUARD,active,2026-01-30T20:00:00,
ENR00011773,USR009806,MINDGUARD,active,2026-02-19T05:00:00,
ENR00011774,USR009807,MINDGUARD,active,2026-01-13T19:00:00,
ENR00011775,USR009808,HEALTH_RESERVE,active,2026-01-02T23:00:00,
ENR00011776,USR009809,HEALTH_RESERVE,active,2026-02-14T08:00:00,
ENR00011777,USR009810,MINDGUARD,active,2026-01-03T08:00:00,
ENR00011778,USR009811,HEALTH_RESERVE,active,2025-10-02T06:00:00,
ENR00011779,USR009812,MINDGUARD,active,2025-10-14T21:00:00,
ENR00011780,USR009813,MINDGUARD,active,2026-02-13T21:00:00,
ENR00011781,USR009813,HEALTH_RESERVE,active,2026-02-13T14:00:00,
ENR00011782,USR009814,MINDGUARD,active,2025-11-01T05:00:00,
ENR00011783,USR009814,HEALTH_RESERVE,active,2025-10-23T11:00:00,
ENR00011784,USR009815,MINDGUARD,active,2025-11-16T22:00:00,
ENR00011785,USR009816,MINDGUARD,active,2025-12-11T07:00:00,
ENR00011786,USR009816,HEALTH_RESERVE,active,2025-12-09T12:00:00,
ENR00011787,USR009817,MINDGUARD,active,2026-01-04T16:00:00,
ENR00011788,USR009818,MINDGUARD,active,2025-12-05T06:00:00,
ENR00011789,USR009818,HEALTH_RESERVE,active,2025-12-07T04:00:00,
ENR00011790,USR009819,HEALTH_RESERVE,active,2026-01-09T15:00:00,
ENR00011791,USR009820,HEALTH_RESERVE,active,2025-11-18T16:00:00,
ENR00011792,USR009821,MINDGUARD,active,2026-02-01T04:00:00,
ENR00011793,USR009822,MINDGUARD,active,2026-01-05T10:00:00,
ENR00011794,USR009823,MINDGUARD,active,2026-02-12T03:00:00,
ENR00011795,USR009824,MINDGUARD,active,2025-12-09T02:00:00,
ENR00011796,USR009824,HEALTH_RESERVE,active,2025-12-11T08:00:00,
ENR00011797,USR009825,MINDGUARD,active,2026-01-06T22:00:00,
ENR00011798,USR009826,MINDGUARD,active,2025-12-29T12:00:00,
ENR00011799,USR009827,MINDGUARD,active,2025-10-18T13:00:00,
ENR00011800,USR009828,MINDGUARD,active,2026-01-03T15:00:00,
ENR00011801,USR009829,MINDGUARD,active,2025-09-24T12:00:00,
ENR00011802,USR009830,MINDGUARD,active,2025-10-22T07:00:00,
ENR00011803,USR009831,MINDGUARD,active,2026-01-13T09:00:00,
ENR00011804,USR009832,MINDGUARD,active,2026-01-20T04:00:00,
ENR00011805,USR009833,MINDGUARD,active,2025-12-03T22:00:00,
ENR00011806,USR009834,MINDGUARD,active,2025-11-20T07:00:00,
ENR00011807,USR009835,MINDGUARD,active,2025-10-06T19:00:00,
ENR00011808,USR009836,MINDGUARD,active,2025-11-30T09:00:00,
ENR00011809,USR009837,MINDGUARD,active,2025-11-20T17:00:00,
ENR00011810,USR009838,HEALTH_RESERVE,active,2025-12-04T01:00:00,
ENR00011811,USR009839,MINDGUARD,active,2025-10-19T02:00:00,
ENR00011812,USR009840,MINDGUARD,active,2026-02-04T01:00:00,
ENR00011813,USR009841,HEALTH_RESERVE,active,2025-11-28T00:00:00,
ENR00011814,USR009842,MINDGUARD,active,2026-02-11T07:00:00,
ENR00011815,USR009842,HEALTH_RESERVE,active,2026-02-14T15:00:00,
ENR00011816,USR009843,MINDGUARD,active,2026-01-18T00:00:00,
ENR00011817,USR009844,HEALTH_RESERVE,active,2025-12-09T15:00:00,
ENR00011818,USR009845,MINDGUARD,active,2026-01-25T07:00:00,
ENR00011819,USR009845,HEALTH_RESERVE,active,2026-01-23T04:00:00,
ENR00011820,USR009846,HEALTH_RESERVE,active,2026-01-23T06:00:00,
ENR00011821,USR009847,MINDGUARD,active,2025-11-12T04:00:00,
ENR00011822,USR009848,MINDGUARD,active,2026-01-20T07:00:00,
ENR00011823,USR009849,MINDGUARD,active,2026-01-01T19:00:00,
ENR00011824,USR009850,MINDGUARD,active,2025-12-02T10:00:00,
ENR00011825,USR009850,HEALTH_RESERVE,active,2025-11-30T08:00:00,
ENR00011826,USR009851,MINDGUARD,active,2025-11-07T17:00:00,
ENR00011827,USR009852,MINDGUARD,active,2026-01-19T07:00:00,
ENR00011828,USR009853,MINDGUARD,active,2026-01-11T20:00:00,
ENR00011829,USR009854,MINDGUARD,active,2026-01-16T19:00:00,
ENR00011830,USR009855,MINDGUARD,active,2025-11-29T01:00:00,
ENR00011831,USR009855,HEALTH_RESERVE,active,2025-12-12T21:00:00,
ENR00011832,USR009856,MINDGUARD,active,2026-02-21T03:00:00,
ENR00011833,USR009857,MINDGUARD,active,2025-12-31T00:00:00,
ENR00011834,USR009858,HEALTH_RESERVE,active,2026-02-11T12:00:00,
ENR00011835,USR009859,HEALTH_RESERVE,active,2026-01-18T01:00:00,
ENR00011836,USR009860,HEALTH_RESERVE,active,2025-11-13T22:00:00,
ENR00011837,USR009861,MINDGUARD,active,2025-11-03T06:00:00,
ENR00011838,USR009862,MINDGUARD,active,2025-09-29T09:00:00,
ENR00011839,USR009862,HEALTH_RESERVE,active,2025-10-01T06:00:00,
ENR00011840,USR009863,MINDGUARD,active,2026-02-11T19:00:00,
ENR00011841,USR009863,HEALTH_RESERVE,active,2026-02-03T20:00:00,
ENR00011842,USR009864,MINDGUARD,active,2025-12-29T04:00:00,
ENR00011843,USR009865,MINDGUARD,active,2026-01-20T15:00:00,
ENR00011844,USR009866,HEALTH_RESERVE,active,2026-02-14T18:00:00,
ENR00011845,USR009867,MINDGUARD,active,2025-12-30T17:00:00,
ENR00011846,USR009868,MINDGUARD,active,2025-10-31T05:00:00,
ENR00011847,USR009868,HEALTH_RESERVE,active,2025-10-31T07:00:00,
ENR00011848,USR009869,MINDGUARD,active,2025-12-11T14:00:00,
ENR00011849,USR009870,MINDGUARD,active,2025-12-09T01:00:00,
ENR00011850,USR009871,MINDGUARD,active,2026-02-16T20:00:00,
ENR00011851,USR009872,HEALTH_RESERVE,active,2025-11-30T01:00:00,
ENR00011852,USR009873,MINDGUARD,active,2025-11-01T02:00:00,
ENR00011853,USR009874,MINDGUARD,active,2026-02-08T04:00:00,
ENR00011854,USR009875,MINDGUARD,active,2026-01-21T19:00:00,
ENR00011855,USR009875,HEALTH_RESERVE,active,2026-01-17T23:00:00,
ENR00011856,USR009876,MINDGUARD,active,2026-01-16T14:00:00,
ENR00011857,USR009877,MINDGUARD,active,2025-12-17T09:00:00,
ENR00011858,USR009878,MINDGUARD,active,2026-02-10T22:00:00,
ENR00011859,USR009879,MINDGUARD,active,2025-11-20T09:00:00,
ENR00011860,USR009880,MINDGUARD,active,2025-12-21T01:00:00,
ENR00011861,USR009881,MINDGUARD,active,2025-10-27T14:00:00,
ENR00011862,USR009882,MINDGUARD,active,2025-11-21T22:00:00,
ENR00011863,USR009883,MINDGUARD,active,2025-11-04T05:00:00,
ENR00011864,USR009884,MINDGUARD,active,2026-01-09T08:00:00,
ENR00011865,USR009885,MINDGUARD,active,2026-01-02T21:00:00,
ENR00011866,USR009886,MINDGUARD,active,2025-10-27T16:00:00,
ENR00011867,USR009887,MINDGUARD,active,2025-10-03T06:00:00,
ENR00011868,USR009888,MINDGUARD,active,2026-01-17T04:00:00,
ENR00011869,USR009889,MINDGUARD,active,2025-10-05T22:00:00,
ENR00011870,USR009890,MINDGUARD,active,2025-11-04T09:00:00,
ENR00011871,USR009891,MINDGUARD,active,2025-12-05T20:00:00,
ENR00011872,USR009892,HEALTH_RESERVE,active,2025-11-08T20:00:00,
ENR00011873,USR009893,MINDGUARD,active,2025-09-26T10:00:00,
ENR00011874,USR009893,HEALTH_RESERVE,active,2025-10-02T04:00:00,
ENR00011875,USR009894,MINDGUARD,active,2025-12-22T02:00:00,
ENR00011876,USR009895,MINDGUARD,active,2025-11-27T11:00:00,
ENR00011877,USR009896,HEALTH_RESERVE,active,2026-01-24T22:00:00,
ENR00011878,USR009897,MINDGUARD,active,2025-11-25T04:00:00,
ENR00011879,USR009898,MINDGUARD,active,2025-10-25T11:00:00,
ENR00011880,USR009899,MINDGUARD,active,2025-09-25T05:00:00,
ENR00011881,USR009900,MINDGUARD,active,2025-12-14T22:00:00,
ENR00011882,USR009901,MINDGUARD,active,2025-12-07T15:00:00,
ENR00011883,USR009902,MINDGUARD,active,2025-09-30T08:00:00,
ENR00011884,USR009902,HEALTH_RESERVE,active,2025-10-01T00:00:00,
ENR00011885,USR009903,MINDGUARD,active,2025-11-28T08:00:00,
ENR00011886,USR009904,MINDGUARD,active,2025-11-24T23:00:00,
ENR00011887,USR009905,MINDGUARD,active,2025-11-13T21:00:00,
ENR00011888,USR009905,HEALTH_RESERVE,active,2025-11-20T22:00:00,
ENR00011889,USR009906,MINDGUARD,active,2025-10-24T17:00:00,
ENR00011890,USR009906,HEALTH_RESERVE,active,2025-10-24T02:00:00,
ENR00011891,USR009907,MINDGUARD,active,2026-01-29T23:00:00,
ENR00011892,USR009908,MINDGUARD,active,2025-12-21T07:00:00,
ENR00011893,USR009909,MINDGUARD,active,2026-01-14T20:00:00,
ENR00011894,USR009910,MINDGUARD,active,2025-10-27T21:00:00,
ENR00011895,USR009911,MINDGUARD,active,2025-11-01T07:00:00,
ENR00011896,USR009911,HEALTH_RESERVE,active,2025-10-25T07:00:00,
ENR00011897,USR009912,MINDGUARD,active,2025-10-05T13:00:00,
ENR00011898,USR009912,HEALTH_RESERVE,active,2025-10-01T12:00:00,
ENR00011899,USR009913,MINDGUARD,active,2026-01-09T11:00:00,
ENR00011900,USR009914,MINDGUARD,active,2025-12-22T23:00:00,
ENR00011901,USR009915,MINDGUARD,active,2026-02-23T19:00:00,
ENR00011902,USR009916,MINDGUARD,active,2025-09-21T09:00:00,
ENR00011903,USR009917,MINDGUARD,active,2026-01-14T07:00:00,
ENR00011904,USR009918,MINDGUARD,active,2025-11-24T11:00:00,
ENR00011905,USR009918,HEALTH_RESERVE,active,2025-11-16T10:00:00,
ENR00011906,USR009919,MINDGUARD,active,2026-01-26T06:00:00,
ENR00011907,USR009920,MINDGUARD,active,2025-11-16T14:00:00,
ENR00011908,USR009920,HEALTH_RESERVE,active,2025-11-28T22:00:00,
ENR00011909,USR009921,MINDGUARD,active,2025-10-27T14:00:00,
ENR00011910,USR009921,HEALTH_RESERVE,active,2025-10-25T23:00:00,
ENR00011911,USR009922,MINDGUARD,active,2026-01-30T05:00:00,
ENR00011912,USR009922,HEALTH_RESERVE,active,2026-02-04T06:00:00,
ENR00011913,USR009923,MINDGUARD,active,2025-10-04T18:00:00,
ENR00011914,USR009924,MINDGUARD,active,2026-01-24T17:00:00,
ENR00011915,USR009924,HEALTH_RESERVE,active,2026-01-23T10:00:00,
ENR00011916,USR009925,MINDGUARD,active,2025-10-01T22:00:00,
ENR00011917,USR009926,MINDGUARD,active,2025-12-28T10:00:00,
ENR00011918,USR009927,MINDGUARD,discontinued,2025-11-02T10:00:00,2026-07-19T11:07:00
ENR00011919,USR009928,HEALTH_RESERVE,active,2026-02-17T13:00:00,
ENR00011920,USR009929,MINDGUARD,active,2025-12-22T00:00:00,
ENR00011921,USR009930,HEALTH_RESERVE,active,2025-11-23T07:00:00,
ENR00011922,USR009931,HEALTH_RESERVE,active,2026-01-04T21:00:00,
ENR00011923,USR009932,MINDGUARD,active,2025-12-02T17:00:00,
ENR00011924,USR009933,MINDGUARD,active,2025-09-21T05:00:00,
ENR00011925,USR009934,HEALTH_RESERVE,active,2026-01-14T01:00:00,
ENR00011926,USR009935,MINDGUARD,active,2026-01-25T00:00:00,
ENR00011927,USR009936,MINDGUARD,active,2025-12-15T04:00:00,
ENR00011928,USR009937,MINDGUARD,active,2026-01-09T17:00:00,
ENR00011929,USR009937,HEALTH_RESERVE,active,2026-01-01T23:00:00,
ENR00011930,USR009938,MINDGUARD,active,2026-02-17T07:00:00,
ENR00011931,USR009939,MINDGUARD,active,2025-11-20T00:00:00,
ENR00011932,USR009940,MINDGUARD,active,2025-11-05T00:00:00,
ENR00011933,USR009941,MINDGUARD,active,2025-10-24T19:00:00,
ENR00011934,USR009942,MINDGUARD,active,2026-02-10T11:00:00,
ENR00011935,USR009943,MINDGUARD,active,2025-10-26T23:00:00,
ENR00011936,USR009943,HEALTH_RESERVE,active,2025-10-21T01:00:00,
ENR00011937,USR009944,MINDGUARD,active,2026-01-11T08:00:00,
ENR00011938,USR009945,MINDGUARD,active,2025-09-23T04:00:00,
ENR00011939,USR009946,HEALTH_RESERVE,active,2026-01-04T08:00:00,
ENR00011940,USR009947,HEALTH_RESERVE,active,2026-02-10T05:00:00,
ENR00011941,USR009948,MINDGUARD,active,2026-01-10T02:00:00,
ENR00011942,USR009949,MINDGUARD,active,2026-02-02T13:00:00,
ENR00011943,USR009950,MINDGUARD,active,2026-01-24T03:00:00,
ENR00011944,USR009951,MINDGUARD,active,2026-01-23T21:00:00,
ENR00011945,USR009952,MINDGUARD,active,2025-09-28T07:00:00,
ENR00011946,USR009953,MINDGUARD,active,2025-10-23T18:00:00,
ENR00011947,USR009953,HEALTH_RESERVE,active,2025-10-28T12:00:00,
ENR00011948,USR009954,MINDGUARD,active,2025-11-09T11:00:00,
ENR00011949,USR009955,MINDGUARD,active,2026-01-19T13:00:00,
ENR00011950,USR009956,HEALTH_RESERVE,active,2025-12-21T18:00:00,
ENR00011951,USR009957,HEALTH_RESERVE,active,2025-10-20T01:00:00,
ENR00011952,USR009958,MINDGUARD,active,2025-12-02T04:00:00,
ENR00011953,USR009958,HEALTH_RESERVE,active,2025-12-01T09:00:00,
ENR00011954,USR009959,MINDGUARD,active,2025-09-29T21:00:00,
ENR00011955,USR009960,MINDGUARD,active,2026-01-25T06:00:00,
ENR00011956,USR009961,HEALTH_RESERVE,active,2025-11-09T03:00:00,
ENR00011957,USR009962,MINDGUARD,active,2025-11-25T02:00:00,
ENR00011958,USR009962,HEALTH_RESERVE,active,2025-11-25T21:00:00,
ENR00011959,USR009963,HEALTH_RESERVE,active,2025-11-19T00:00:00,
ENR00011960,USR009964,HEALTH_RESERVE,active,2026-02-14T18:00:00,
ENR00011961,USR009965,MINDGUARD,active,2025-10-28T19:00:00,
ENR00011962,USR009966,MINDGUARD,active,2025-11-13T08:00:00,
ENR00011963,USR009967,MINDGUARD,active,2025-11-28T07:00:00,
ENR00011964,USR009968,MINDGUARD,active,2026-01-06T16:00:00,
ENR00011965,USR009969,MINDGUARD,active,2025-10-26T19:00:00,
ENR00011966,USR009970,MINDGUARD,active,2025-10-14T15:00:00,
ENR00011967,USR009970,HEALTH_RESERVE,active,2025-10-09T13:00:00,
ENR00011968,USR009971,MINDGUARD,active,2025-10-13T19:00:00,
ENR00011969,USR009972,HEALTH_RESERVE,active,2025-11-18T15:00:00,
ENR00011970,USR009973,HEALTH_RESERVE,active,2026-01-11T21:00:00,
ENR00011971,USR009974,HEALTH_RESERVE,active,2026-02-06T19:00:00,
ENR00011972,USR009975,MINDGUARD,active,2026-01-12T07:00:00,
ENR00011973,USR009976,MINDGUARD,active,2025-11-19T02:00:00,
ENR00011974,USR009977,MINDGUARD,active,2026-02-17T00:00:00,
ENR00011975,USR009978,MINDGUARD,active,2025-10-26T21:00:00,
ENR00011976,USR009979,MINDGUARD,active,2025-12-25T03:00:00,
ENR00011977,USR009980,MINDGUARD,active,2026-01-22T02:00:00,
ENR00011978,USR009981,MINDGUARD,active,2026-02-09T06:00:00,
ENR00011979,USR009981,HEALTH_RESERVE,active,2026-02-22T02:00:00,
ENR00011980,USR009982,MINDGUARD,active,2025-10-10T05:00:00,
ENR00011981,USR009982,HEALTH_RESERVE,active,2025-09-29T07:00:00,
ENR00011982,USR009983,MINDGUARD,active,2025-10-28T07:00:00,
ENR00011983,USR009984,MINDGUARD,active,2026-02-08T21:00:00,
ENR00011984,USR009985,MINDGUARD,active,2025-11-19T18:00:00,
ENR00011985,USR009986,MINDGUARD,active,2025-12-05T18:00:00,
ENR00011986,USR009987,HEALTH_RESERVE,active,2025-10-24T21:00:00,
ENR00011987,USR009988,MINDGUARD,active,2026-01-04T21:00:00,
ENR00011988,USR009989,MINDGUARD,active,2025-10-01T05:00:00,
ENR00011989,USR009990,MINDGUARD,active,2026-01-27T16:00:00,
ENR00011990,USR009991,MINDGUARD,active,2025-11-17T11:00:00,
ENR00011991,USR009992,MINDGUARD,active,2025-11-13T19:00:00,
ENR00011992,USR009993,MINDGUARD,active,2026-01-21T06:00:00,
ENR00011993,USR009994,MINDGUARD,active,2025-12-30T16:00:00,
ENR00011994,USR009994,HEALTH_RESERVE,active,2025-12-19T15:00:00,
ENR00011995,USR009995,HEALTH_RESERVE,active,2026-01-18T06:00:00,
ENR00011996,USR009996,HEALTH_RESERVE,active,2025-10-25T01:00:00,
ENR00011997,USR009997,HEALTH_RESERVE,active,2025-10-20T18:00:00,
ENR00011998,USR009998,MINDGUARD,active,2025-10-27T07:00:00,
ENR00011999,USR009999,MINDGUARD,active,2025-12-10T06:00:00,
ENR00012000,USR010000,MINDGUARD,active,2025-10-07T15:00:00,
