recommendation_id,insight_id,user_id,product_code,recommendation_type,recommendation_text,priority,created_at
REC00000001,INS00000001,USR000001,MINDGUARD,repeat_assessment,Repeat the assessment later to add another observation.,low,2026-04-15T11:00:20
REC00000002,INS00000002,USR000002,MINDGUARD,maintain_monitoring,Continue routine monitoring.,low,2026-05-29T18:00:20
REC00000003,INS00000003,USR000004,MINDGUARD,repeat_assessment,Repeat the assessment later to add another observation.,low,2026-04-25T05:00:20
REC00000004,INS00000004,USR000006,HEALTH_RESERVE,review_preparedness_goal,Review the preparedness goal and current buffer.,medium,2026-05-27T01:00:20
REC00000005,INS00000005,USR000008,MINDGUARD,maintain_monitoring,Continue routine monitoring.,low,2026-08-26T03:00:20
REC00000006,INS00000006,USR000011,MINDGUARD,maintain_monitoring,Continue routine monitoring.,low,2026-08-07T07:00:20
REC00000007,INS00000007,USR000012,MINDGUARD,repeat_assessment,Repeat the assessment later to add another observation.,medium,2026-04-17T09:00:20
REC00000008,INS00000008,USR000012,HEALTH_RESERVE,review_preparedness_goal,Review the preparedness goal and current buffer.,low,2026-05-25T03:00:20
REC00000009,INS00000009,USR000013,HEALTH_RESERVE,review_preparedness_goal,Review the preparedness goal and current buffer.,medium,2026-05-24T03:00:20
REC00000010,INS00000010,USR000014,HEALTH_RESERVE,review_healthcare_coverage,Review healthcare coverage information.,low,2026-09-14T12:00:20
REC00000011,INS00000011,USR000015,MINDGUARD,maintain_monitoring,Continue routine monitoring.,low,2026-05-19T15:00:20
REC00000012,INS00000012,USR000017,MINDGUARD,repeat_assessment,Repeat the assessment later to add another observation.,low,2026-03-29T18:00:20
REC00000013,INS00000013,USR000019,MINDGUARD,repeat_assessment,Repeat the assessment later to add another observation.,medium,2026-03-30T18:00:20
REC00000014,INS00000014,USR000020,HEALTH_RESERVE,review_healthcare_coverage,Review healthcare coverage information.,low,2026-07-18T12:00:20
REC00000015,INS00000015,USR000021,MINDGUARD,maintain_monitoring,Continue routine monitoring.,medium,2026-05-07T22:00:20
REC00000016,INS00000016,USR000022,MINDGUARD,maintain_monitoring,Continue routine monitoring.,medium,2026-07-01T05:00:20
REC00000017,INS00000017,USR000022,HEALTH_RESERVE,review_preparedness_goal,Review the preparedness goal and current buffer.,medium,2026-05-24T00:00:20
REC00000018,INS00000018,USR000023,MINDGUARD,maintain_monitoring,Continue routine monitoring.,medium,2026-09-14T12:00:20
REC00000019,INS00000019,USR000024,MINDGUARD,wellbeing_checkin,Complete a wellbeing check-in to add context.,medium,2026-06-23T19:00:20
REC00000020,INS00000020,USR000026,MINDGUARD,repeat_assessment,Repeat the assessment later to add another observation.,low,2026-09-14T12:00:20
REC00000021,INS00000021,USR000028,MINDGUARD,review_sleep,Review recent sleep context and repeat monitoring when convenient.,medium,2026-09-14T12:00:20
REC00000022,INS00000022,USR000028,HEALTH_RESERVE,review_preparedness_goal,Review the preparedness goal and current buffer.,low,2026-07-26T19:00:20
REC00000023,INS00000023,USR000029,MINDGUARD,repeat_assessment,Repeat the assessment later to add another observation.,low,2026-06-25T21:00:20
REC00000024,INS00000024,USR000030,MINDGUARD,maintain_monitoring,Continue routine monitoring.,low,2026-01-31T23:00:20
REC00000025,INS00000025,USR000031,MINDGUARD,repeat_assessment,Repeat the assessment later to add another observation.,low,2026-03-25T19:00:20
REC00000026,INS00000026,USR000031,HEALTH_RESERVE,review_preparedness_goal,Review the preparedness goal and current buffer.,low,2026-01-19T18:00:20
REC00000027,INS00000027,USR000032,MINDGUARD,maintain_monitoring,Continue routine monitoring.,low,2026-05-25T16:00:20
REC00000028,INS00000028,USR000033,MINDGUARD,repeat_assessment,Repeat the assessment later to add another observation.,medium,2026-04-05T23:00:20
REC00000029,INS00000029,USR000033,HEALTH_RESERVE,review_preparedness_goal,Review the preparedness goal and current buffer.,low,2026-07-27T16:00:20
REC00000030,INS00000030,USR000034,MINDGUARD,maintain_monitoring,Continue routine monitoring.,low,2026-05-30T06:00:20
REC00000031,INS00000031,USR000035,MINDGUARD,maintain_monitoring,Continue routine monitoring.,medium,2026-06-30T12:00:20
REC00000032,INS00000032,USR000037,MINDGUARD,repeat_assessment,Repeat the assessment later to add another observation.,medium,2026-04-12T10:00:20
REC00000033,INS00000033,USR000041,MINDGUARD,review_sleep,Review recent sleep context and repeat monitoring when convenient.,low,2026-09-14T12:00:20
REC00000034,INS00000034,USR000042,HEALTH_RESERVE,review_preparedness_goal,Review the preparedness goal and current buffer.,low,2026-06-18T10:00:20
REC00000035,INS00000035,USR000044,MINDGUARD,maintain_monitoring,Continue routine monitoring.,medium,2026-05-21T19:00:20
REC00000036,INS00000036,USR000044,HEALTH_RESERVE,review_preparedness_goal,Review the preparedness goal and current buffer.,low,2026-06-24T14:00:20
REC00000037,INS00000037,USR000045,MINDGUARD,review_sleep,Review recent sleep context and repeat monitoring when convenient.,medium,2026-07-14T23:00:20
REC00000038,INS00000038,USR000046,MINDGUARD,maintain_monitoring,Continue routine monitoring.,medium,2026-06-28T09:00:20
REC00000039,INS00000039,USR000047,MINDGUARD,maintain_monitoring,Continue routine monitoring.,low,2026-08-08T07:00:20
REC00000040,INS00000040,USR000048,HEALTH_RESERVE,review_preparedness_goal,Review the preparedness goal and current buffer.,medium,2026-03-11T20:00:20
REC00000041,INS00000041,USR000049,MINDGUARD,repeat_assessment,Repeat the assessment later to add another observation.,low,2026-04-17T13:00:20
REC00000042,INS00000042,USR000049,HEALTH_RESERVE,review_preparedness_goal,Review the preparedness goal and current buffer.,medium,2026-09-14T12:00:20
REC00000043,INS00000043,USR000051,MINDGUARD,maintain_monitoring,Continue routine monitoring.,medium,2026-09-14T12:00:20
REC00000044,INS00000044,USR000052,MINDGUARD,maintain_monitoring,Continue routine monitoring.,low,2026-06-22T01:00:20
REC00000045,INS00000045,USR000055,HEALTH_RESERVE,review_preparedness_goal,Review the preparedness goal and current buffer.,medium,2026-01-05T22:00:20
REC00000046,INS00000046,USR000061,MINDGUARD,maintain_monitoring,Continue routine monitoring.,low,2026-09-14T12:00:20
REC00000047,INS00000047,USR000062,MINDGUARD,repeat_assessment,Repeat the assessment later to add another observation.,low,2026-02-24T09:00:20
REC00000048,INS00000048,USR000062,HEALTH_RESERVE,review_healthcare_coverage,Review healthcare coverage information.,medium,2026-04-05T04:00:20
REC00000049,INS00000049,USR000063,HEALTH_RESERVE,review_preparedness_goal,Review the preparedness goal and current buffer.,low,2026-05-23T14:00:20
REC00000050,INS00000050,USR000064,MINDGUARD,maintain_monitoring,Continue routine monitoring.,medium,2026-02-09T15:00:20
REC00000051,INS00000051,USR000065,MINDGUARD,maintain_monitoring,Continue routine monitoring.,low,2026-06-10T17:00:20
REC00000052,INS00000052,USR000066,MINDGUARD,repeat_assessment,Repeat the assessment later to add another observation.,medium,2026-03-28T22:00:20
REC00000053,INS00000053,USR000068,MINDGUARD,repeat_assessment,Repeat the assessment later to add another observation.,medium,2026-07-06T02:00:20
REC00000054,INS00000054,USR000069,MINDGUARD,repeat_assessment,Repeat the assessment later to add another observation.,medium,2026-04-09T07:00:20
REC00000055,INS00000055,USR000071,MINDGUARD,repeat_assessment,Repeat the assessment later to add another observation.,low,2026-06-05T22:00:20
REC00000056,INS00000056,USR000072,MINDGUARD,repeat_assessment,Repeat the assessment later to add another observation.,medium,2026-06-05T02:00:20
REC00000057,INS00000057,USR000072,HEALTH_RESERVE,review_preparedness_goal,Review the preparedness goal and current buffer.,medium,2026-03-28T22:00:20
REC00000058,INS00000058,USR000073,MINDGUARD,repeat_assessment,Repeat the assessment later to add another observation.,medium,2026-06-08T19:00:20
REC00000059,INS00000059,USR000075,MINDGUARD,repeat_assessment,Repeat the assessment later to add another observation.,low,2026-08-30T08:00:20
REC00000060,INS00000060,USR000076,MINDGUARD,maintain_monitoring,Continue routine monitoring.,medium,2026-09-14T12:00:20
REC00000061,INS00000061,USR000076,HEALTH_RESERVE,review_preparedness_goal,Review the preparedness goal and current buffer.,low,2026-05-04T04:00:20
REC00000062,INS00000062,USR000077,HEALTH_RESERVE,review_preparedness_goal,Review the preparedness goal and current buffer.,medium,2026-06-18T15:00:20
REC00000063,INS00000063,USR000078,MINDGUARD,maintain_monitoring,Continue routine monitoring.,medium,2026-05-16T19:00:20
REC00000064,INS00000064,USR000081,HEALTH_RESERVE,review_healthcare_coverage,Review healthcare coverage information.,low,2026-04-22T08:00:20
REC00000065,INS00000065,USR000082,MINDGUARD,repeat_assessment,Repeat the assessment later to add another observation.,low,2026-05-20T06:00:20
REC00000066,INS00000066,USR000083,MINDGUARD,repeat_assessment,Repeat the assessment later to add another observation.,medium,2026-02-05T13:00:20
REC00000067,INS00000067,USR000084,HEALTH_RESERVE,review_preparedness_goal,Review the preparedness goal and current buffer.,medium,2026-05-12T10:00:20
REC00000068,INS00000068,USR000085,HEALTH_RESERVE,review_preparedness_goal,Review the preparedness goal and current buffer.,low,2026-05-08T12:00:20
REC00000069,INS00000069,USR000086,MINDGUARD,repeat_assessment,Repeat the assessment later to add another observation.,low,2026-09-06T21:00:20
REC00000070,INS00000070,USR000087,MINDGUARD,repeat_assessment,Repeat the assessment later to add another observation.,low,2026-06-04T05:00:20
REC00000071,INS00000071,USR000088,HEALTH_RESERVE,review_preparedness_goal,Review the preparedness goal and current buffer.,low,2026-09-14T12:00:20
REC00000072,INS00000072,USR000089,MINDGUARD,repeat_assessment,Repeat the assessment later to add another observation.,low,2026-01-08T00:00:20
REC00000073,INS00000073,USR000090,MINDGUARD,maintain_monitoring,Continue routine monitoring.,medium,2026-06-12T23:00:20
REC00000074,INS00000074,USR000092,MINDGUARD,maintain_monitoring,Continue routine monitoring.,low,2026-03-24T10:00:20
REC00000075,INS00000075,USR000093,MINDGUARD,maintain_monitoring,Continue routine monitoring.,low,2026-09-14T12:00:20
REC00000076,INS00000076,USR000093,HEALTH_RESERVE,review_healthcare_coverage,Review healthcare coverage information.,medium,2026-08-29T14:00:20
REC00000077,INS00000077,USR000094,MINDGUARD,review_sleep,Review recent sleep context and repeat monitoring when convenient.,low,2026-09-14T12:00:20
REC00000078,INS00000078,USR000095,MINDGUARD,repeat_assessment,Repeat the assessment later to add another observation.,low,2026-07-31T03:00:20
REC00000079,INS00000079,USR000095,HEALTH_RESERVE,review_preparedness_goal,Review the preparedness goal and current buffer.,medium,2026-02-16T03:00:20
REC00000080,INS00000080,USR000097,MINDGUARD,review_sleep,Review recent sleep context and repeat monitoring when convenient.,medium,2026-06-15T07:00:20
REC00000081,INS00000081,USR000098,MINDGUARD,wellbeing_checkin,Complete a wellbeing check-in to add context.,low,2026-09-11T10:00:20
REC00000082,INS00000082,USR000099,MINDGUARD,wellbeing_checkin,Complete a wellbeing check-in to add context.,low,2026-08-18T22:00:20
REC00000083,INS00000083,USR000099,HEALTH_RESERVE,review_preparedness_goal,Review the preparedness goal and current buffer.,low,2026-06-25T06:00:20
REC00000084,INS00000084,USR000101,MINDGUARD,maintain_monitoring,Continue routine monitoring.,medium,2026-09-14T12:00:20
REC00000085,INS00000085,USR000103,MINDGUARD,maintain_monitoring,Continue routine monitoring.,low,2026-08-27T06:00:20
REC00000086,INS00000086,USR000104,MINDGUARD,repeat_assessment,Repeat the assessment later to add another observation.,medium,2026-03-27T06:00:20
REC00000087,INS00000087,USR000106,HEALTH_RESERVE,review_healthcare_coverage,Review healthcare coverage information.,low,2026-08-08T13:00:20
REC00000088,INS00000088,USR000107,MINDGUARD,repeat_assessment,Repeat the assessment later to add another observation.,medium,2026-09-14T12:00:20
REC00000089,INS00000089,USR000109,MINDGUARD,maintain_monitoring,Continue routine monitoring.,medium,2026-09-11T19:00:20
REC00000090,INS00000090,USR000112,HEALTH_RESERVE,review_preparedness_goal,Review the preparedness goal and current buffer.,medium,2026-04-07T00:00:20
REC00000091,INS00000091,USR000113,MINDGUARD,repeat_assessment,Repeat the assessment later to add another observation.,low,2026-02-15T00:00:20
REC00000092,INS00000092,USR000115,HEALTH_RESERVE,review_preparedness_goal,Review the preparedness goal and current buffer.,medium,2026-06-14T11:00:20
REC00000093,INS00000093,USR000117,MINDGUARD,repeat_assessment,Repeat the assessment later to add another observation.,low,2026-01-02T22:00:20
REC00000094,INS00000094,USR000118,HEALTH_RESERVE,review_preparedness_goal,Review the preparedness goal and current buffer.,low,2026-07-23T14:00:20
REC00000095,INS00000095,USR000119,HEALTH_RESERVE,review_preparedness_goal,Review the preparedness goal and current buffer.,low,2026-02-22T17:00:20
REC00000096,INS00000096,USR000121,MINDGUARD,maintain_monitoring,Continue routine monitoring.,medium,2026-06-06T15:00:20
REC00000097,INS00000097,USR000122,HEALTH_RESERVE,review_preparedness_goal,Review the preparedness goal and current buffer.,low,2026-09-14T12:00:20
REC00000098,INS00000098,USR000123,MINDGUARD,maintain_monitoring,Continue routine monitoring.,medium,2026-06-16T09:00:20
REC00000099,INS00000099,USR000123,HEALTH_RESERVE,review_healthcare_coverage,Review healthcare coverage information.,low,2026-08-03T08:00:20
REC00000100,INS00000100,USR000128,MINDGUARD,review_sleep,Review recent sleep context and repeat monitoring when convenient.,medium,2026-07-14T17:00:20
REC00000101,INS00000101,USR000129,MINDGUARD,maintain_monitoring,Continue routine monitoring.,medium,2026-09-14T12:00:20
REC00000102,INS00000102,USR000130,MINDGUARD,review_sleep,Review recent sleep context and repeat monitoring when convenient.,low,2026-07-20T00:00:20
REC00000103,INS00000103,USR000132,MINDGUARD,repeat_assessment,Repeat the assessment later to add another observation.,low,2026-04-25T21:00:20
REC00000104,INS00000104,USR000132,HEALTH_RESERVE,review_preparedness_goal,Review the preparedness goal and current buffer.,medium,2026-08-18T20:00:20
REC00000105,INS00000105,USR000134,MINDGUARD,review_sleep,Review recent sleep context and repeat monitoring when convenient.,low,2026-01-27T13:00:20
REC00000106,INS00000106,USR000134,HEALTH_RESERVE,review_preparedness_goal,Review the preparedness goal and current buffer.,low,2026-05-08T20:00:20
REC00000107,INS00000107,USR000135,MINDGUARD,maintain_monitoring,Continue routine monitoring.,medium,2026-09-13T03:00:20
REC00000108,INS00000108,USR000135,HEALTH_RESERVE,review_healthcare_coverage,Review healthcare coverage information.,medium,2026-09-14T12:00:20
REC00000109,INS00000109,USR000136,MINDGUARD,maintain_monitoring,Continue routine monitoring.,low,2026-05-04T01:00:20
REC00000110,INS00000110,USR000137,MINDGUARD,review_sleep,Review recent sleep context and repeat monitoring when convenient.,low,2026-08-13T11:00:20
REC00000111,INS00000111,USR000138,MINDGUARD,maintain_monitoring,Continue routine monitoring.,low,2026-09-14T12:00:20
REC00000112,INS00000112,USR000138,HEALTH_RESERVE,review_preparedness_goal,Review the preparedness goal and current buffer.,low,2026-09-14T12:00:20
REC00000113,INS00000113,USR000139,HEALTH_RESERVE,review_preparedness_goal,Review the preparedness goal and current buffer.,medium,2026-07-12T01:00:20
REC00000114,INS00000114,USR000141,MINDGUARD,maintain_monitoring,Continue routine monitoring.,low,2026-03-27T23:00:20
REC00000115,INS00000115,USR000144,MINDGUARD,repeat_assessment,Repeat the assessment later to add another observation.,low,2026-05-02T10:00:20
REC00000116,INS00000116,USR000145,MINDGUARD,repeat_assessment,Repeat the assessment later to add another observation.,medium,2026-04-02T09:00:20
REC00000117,INS00000117,USR000145,HEALTH_RESERVE,review_healthcare_coverage,Review healthcare coverage information.,low,2026-02-23T07:00:20
REC00000118,INS00000118,USR000146,MINDGUARD,repeat_assessment,Repeat the assessment later to add another observation.,low,2026-03-13T13:00:20
REC00000119,INS00000119,USR000146,HEALTH_RESERVE,review_preparedness_goal,Review the preparedness goal and current buffer.,medium,2026-05-01T06:00:20
REC00000120,INS00000120,USR000147,HEALTH_RESERVE,review_preparedness_goal,Review the preparedness goal and current buffer.,medium,2026-03-27T14:00:20
REC00000121,INS00000121,USR000148,MINDGUARD,maintain_monitoring,Continue routine monitoring.,medium,2026-09-14T03:00:20
REC00000122,INS00000122,USR000148,HEALTH_RESERVE,review_preparedness_goal,Review the preparedness goal and current buffer.,medium,2026-06-04T00:00:20
REC00000123,INS00000123,USR000149,MINDGUARD,maintain_monitoring,Continue routine monitoring.,medium,2026-08-15T00:00:20
REC00000124,INS00000124,USR000150,MINDGUARD,review_sleep,Review recent sleep context and repeat monitoring when convenient.,medium,2026-02-21T16:00:20
REC00000125,INS00000125,USR000150,HEALTH_RESERVE,review_preparedness_goal,Review the preparedness goal and current buffer.,medium,2026-01-26T16:00:20
REC00000126,INS00000126,USR000152,MINDGUARD,maintain_monitoring,Continue routine monitoring.,medium,2026-01-09T20:00:20
REC00000127,INS00000127,USR000154,HEALTH_RESERVE,review_preparedness_goal,Review the preparedness goal and current buffer.,low,2026-02-05T12:00:20
REC00000128,INS00000128,USR000155,MINDGUARD,repeat_assessment,Repeat the assessment later to add another observation.,medium,2026-06-12T18:00:20
REC00000129,INS00000129,USR000156,MINDGUARD,repeat_assessment,Repeat the assessment later to add another observation.,low,2026-04-07T23:00:20
REC00000130,INS00000130,USR000158,MINDGUARD,repeat_assessment,Repeat the assessment later to add another observation.,medium,2026-06-07T20:00:20
REC00000131,INS00000131,USR000162,MINDGUARD,maintain_monitoring,Continue routine monitoring.,medium,2026-07-07T19:00:20
REC00000132,INS00000132,USR000166,MINDGUARD,maintain_monitoring,Continue routine monitoring.,medium,2026-07-28T13:00:20
REC00000133,INS00000133,USR000167,MINDGUARD,maintain_monitoring,Continue routine monitoring.,medium,2026-09-08T01:00:20
REC00000134,INS00000134,USR000168,MINDGUARD,repeat_assessment,Repeat the assessment later to add another observation.,medium,2026-06-04T03:00:20
REC00000135,INS00000135,USR000169,MINDGUARD,repeat_assessment,Repeat the assessment later to add another observation.,medium,2026-05-02T12:00:20
REC00000136,INS00000136,USR000170,MINDGUARD,repeat_assessment,Repeat the assessment later to add another observation.,medium,2026-07-16T03:00:20
REC00000137,INS00000137,USR000171,MINDGUARD,repeat_assessment,Repeat the assessment later to add another observation.,medium,2026-06-29T13:00:20
REC00000138,INS00000138,USR000172,MINDGUARD,repeat_assessment,Repeat the assessment later to add another observation.,low,2026-06-05T02:00:20
REC00000139,INS00000139,USR000172,HEALTH_RESERVE,review_preparedness_goal,Review the preparedness goal and current buffer.,low,2026-09-14T12:00:20
REC00000140,INS00000140,USR000173,MINDGUARD,maintain_monitoring,Continue routine monitoring.,medium,2026-06-08T03:00:20
REC00000141,INS00000141,USR000174,HEALTH_RESERVE,review_preparedness_goal,Review the preparedness goal and current buffer.,low,2026-06-24T00:00:20
REC00000142,INS00000142,USR000177,MINDGUARD,wellbeing_checkin,Complete a wellbeing check-in to add context.,low,2026-05-16T15:00:20
REC00000143,INS00000143,USR000178,MINDGUARD,repeat_assessment,Repeat the assessment later to add another observation.,medium,2026-04-06T11:00:20
REC00000144,INS00000144,USR000178,HEALTH_RESERVE,review_preparedness_goal,Review the preparedness goal and current buffer.,low,2026-02-21T08:00:20
REC00000145,INS00000145,USR000180,MINDGUARD,repeat_assessment,Repeat the assessment later to add another observation.,low,2026-07-08T17:00:20
REC00000146,INS00000146,USR000182,MINDGUARD,maintain_monitoring,Continue routine monitoring.,low,2026-09-14T12:00:20
REC00000147,INS00000147,USR000184,MINDGUARD,maintain_monitoring,Continue routine monitoring.,low,2026-06-18T18:00:20
REC00000148,INS00000148,USR000185,MINDGUARD,repeat_assessment,Repeat the assessment later to add another observation.,medium,2026-04-13T01:00:20
REC00000149,INS00000149,USR000187,MINDGUARD,repeat_assessment,Repeat the assessment later to add another observation.,medium,2026-03-11T21:00:20
REC00000150,INS00000150,USR000189,MINDGUARD,repeat_assessment,Repeat the assessment later to add another observation.,low,2026-02-26T20:00:20
REC00000151,INS00000151,USR000189,HEALTH_RESERVE,review_preparedness_goal,Review the preparedness goal and current buffer.,low,2026-04-05T18:00:20
REC00000152,INS00000152,USR000190,MINDGUARD,maintain_monitoring,Continue routine monitoring.,medium,2026-05-16T11:00:20
REC00000153,INS00000153,USR000190,HEALTH_RESERVE,review_preparedness_goal,Review the preparedness goal and current buffer.,medium,2026-05-07T03:00:20
REC00000154,INS00000154,USR000191,HEALTH_RESERVE,review_preparedness_goal,Review the preparedness goal and current buffer.,low,2026-08-09T19:00:20
REC00000155,INS00000155,USR000192,MINDGUARD,maintain_monitoring,Continue routine monitoring.,medium,2026-07-10T13:00:20
REC00000156,INS00000156,USR000193,MINDGUARD,maintain_monitoring,Continue routine monitoring.,low,2026-06-11T03:00:20
REC00000157,INS00000157,USR000195,MINDGUARD,repeat_assessment,Repeat the assessment later to add another observation.,medium,2026-05-02T03:00:20
REC00000158,INS00000158,USR000197,MINDGUARD,repeat_assessment,Repeat the assessment later to add another observation.,low,2026-03-09T12:00:20
REC00000159,INS00000159,USR000198,HEALTH_RESERVE,review_healthcare_coverage,Review healthcare coverage information.,low,2026-08-27T22:00:20
REC00000160,INS00000160,USR000200,HEALTH_RESERVE,review_healthcare_coverage,Review healthcare coverage information.,medium,2026-06-11T06:00:20
REC00000161,INS00000161,USR000203,MINDGUARD,maintain_monitoring,Continue routine monitoring.,medium,2026-09-14T12:00:20
REC00000162,INS00000162,USR000205,MINDGUARD,repeat_assessment,Repeat the assessment later to add another observation.,low,2026-08-06T04:00:20
REC00000163,INS00000163,USR000207,MINDGUARD,repeat_assessment,Repeat the assessment later to add another observation.,medium,2026-03-15T22:00:20
REC00000164,INS00000164,USR000208,MINDGUARD,review_sleep,Review recent sleep context and repeat monitoring when convenient.,low,2026-02-01T07:00:20
REC00000165,INS00000165,USR000210,HEALTH_RESERVE,review_preparedness_goal,Review the preparedness goal and current buffer.,low,2026-05-28T17:00:20
REC00000166,INS00000166,USR000212,MINDGUARD,maintain_monitoring,Continue routine monitoring.,medium,2026-09-14T12:00:20
REC00000167,INS00000167,USR000214,MINDGUARD,maintain_monitoring,Continue routine monitoring.,medium,2026-06-21T03:00:20
REC00000168,INS00000168,USR000215,MINDGUARD,repeat_assessment,Repeat the assessment later to add another observation.,medium,2026-09-14T12:00:20
REC00000169,INS00000169,USR000216,MINDGUARD,repeat_assessment,Repeat the assessment later to add another observation.,medium,2026-09-14T12:00:20
REC00000170,INS00000170,USR000217,MINDGUARD,wellbeing_checkin,Complete a wellbeing check-in to add context.,medium,2026-08-23T08:00:20
REC00000171,INS00000171,USR000218,MINDGUARD,repeat_assessment,Repeat the assessment later to add another observation.,low,2026-06-25T06:00:20
REC00000172,INS00000172,USR000219,MINDGUARD,wellbeing_checkin,Complete a wellbeing check-in to add context.,medium,2026-05-31T22:00:20
REC00000173,INS00000173,USR000219,HEALTH_RESERVE,review_preparedness_goal,Review the preparedness goal and current buffer.,medium,2026-05-04T01:00:20
REC00000174,INS00000174,USR000221,MINDGUARD,repeat_assessment,Repeat the assessment later to add another observation.,low,2026-01-21T08:00:20
REC00000175,INS00000175,USR000222,MINDGUARD,repeat_assessment,Repeat the assessment later to add another observation.,medium,2026-07-25T01:00:20
REC00000176,INS00000176,USR000223,MINDGUARD,maintain_monitoring,Continue routine monitoring.,low,2026-08-16T06:00:20
REC00000177,INS00000177,USR000224,HEALTH_RESERVE,review_preparedness_goal,Review the preparedness goal and current buffer.,low,2026-07-10T07:00:20
REC00000178,INS00000178,USR000226,MINDGUARD,maintain_monitoring,Continue routine monitoring.,medium,2026-09-14T12:00:20
REC00000179,INS00000179,USR000230,MINDGUARD,repeat_assessment,Repeat the assessment later to add another observation.,medium,2026-02-21T00:00:20
REC00000180,INS00000180,USR000232,HEALTH_RESERVE,review_preparedness_goal,Review the preparedness goal and current buffer.,low,2026-03-07T21:00:20
REC00000181,INS00000181,USR000233,MINDGUARD,maintain_monitoring,Continue routine monitoring.,medium,2026-08-19T15:00:20
REC00000182,INS00000182,USR000234,MINDGUARD,maintain_monitoring,Continue routine monitoring.,low,2026-09-14T12:00:20
REC00000183,INS00000183,USR000234,HEALTH_RESERVE,review_preparedness_goal,Review the preparedness goal and current buffer.,low,2026-06-19T06:00:20
REC00000184,INS00000184,USR000242,MINDGUARD,repeat_assessment,Repeat the assessment later to add another observation.,low,2026-07-07T15:00:20
REC00000185,INS00000185,USR000242,HEALTH_RESERVE,review_preparedness_goal,Review the preparedness goal and current buffer.,low,2026-07-04T17:00:20
REC00000186,INS00000186,USR000244,HEALTH_RESERVE,review_healthcare_coverage,Review healthcare coverage information.,medium,2026-07-12T09:00:20
REC00000187,INS00000187,USR000250,HEALTH_RESERVE,review_preparedness_goal,Review the preparedness goal and current buffer.,low,2026-04-21T18:00:20
REC00000188,INS00000188,USR000251,MINDGUARD,repeat_assessment,Repeat the assessment later to add another observation.,low,2026-08-25T17:00:20
REC00000189,INS00000189,USR000253,MINDGUARD,maintain_monitoring,Continue routine monitoring.,medium,2026-05-21T20:00:20
REC00000190,INS00000190,USR000254,MINDGUARD,repeat_assessment,Repeat the assessment later to add another observation.,medium,2026-01-21T17:00:20
REC00000191,INS00000191,USR000256,HEALTH_RESERVE,review_preparedness_goal,Review the preparedness goal and current buffer.,low,2026-01-04T23:00:20
REC00000192,INS00000192,USR000260,HEALTH_RESERVE,review_preparedness_goal,Review the preparedness goal and current buffer.,medium,2026-05-10T07:00:20
REC00000193,INS00000193,USR000261,MINDGUARD,repeat_assessment,Repeat the assessment later to add another observation.,medium,2026-08-01T04:00:20
REC00000194,INS00000194,USR000263,MINDGUARD,maintain_monitoring,Continue routine monitoring.,low,2026-07-14T04:00:20
REC00000195,INS00000195,USR000266,MINDGUARD,repeat_assessment,Repeat the assessment later to add another observation.,low,2026-09-14T12:00:20
REC00000196,INS00000196,USR000267,MINDGUARD,maintain_monitoring,Continue routine monitoring.,low,2026-08-06T06:00:20
REC00000197,INS00000197,USR000269,MINDGUARD,maintain_monitoring,Continue routine monitoring.,low,2026-06-24T23:00:20
REC00000198,INS00000198,USR000271,MINDGUARD,wellbeing_checkin,Complete a wellbeing check-in to add context.,medium,2026-09-14T12:00:20
REC00000199,INS00000199,USR000272,MINDGUARD,maintain_monitoring,Continue routine monitoring.,medium,2026-05-01T14:00:20
REC00000200,INS00000200,USR000274,MINDGUARD,repeat_assessment,Repeat the assessment later to add another observation.,low,2026-04-05T17:00:20
REC00000201,INS00000201,USR000275,HEALTH_RESERVE,review_healthcare_coverage,Review healthcare coverage information.,medium,2026-05-18T15:00:20
REC00000202,INS00000202,USR000276,HEALTH_RESERVE,review_preparedness_goal,Review the preparedness goal and current buffer.,low,2026-04-28T08:00:20
REC00000203,INS00000203,USR000277,MINDGUARD,wellbeing_checkin,Complete a wellbeing check-in to add context.,medium,2026-06-19T16:00:20
REC00000204,INS00000204,USR000278,MINDGUARD,repeat_assessment,Repeat the assessment later to add another observation.,low,2026-04-30T17:00:20
REC00000205,INS00000205,USR000280,HEALTH_RESERVE,review_preparedness_goal,Review the preparedness goal and current buffer.,low,2026-04-03T09:00:20
REC00000206,INS00000206,USR000281,MINDGUARD,repeat_assessment,Repeat the assessment later to add another observation.,medium,2026-01-14T16:00:20
REC00000207,INS00000207,USR000282,MINDGUARD,repeat_assessment,Repeat the assessment later to add another observation.,low,2026-05-16T00:00:20
REC00000208,INS00000208,USR000283,MINDGUARD,wellbeing_checkin,Complete a wellbeing check-in to add context.,medium,2026-09-14T12:00:20
REC00000209,INS00000209,USR000284,MINDGUARD,maintain_monitoring,Continue routine monitoring.,low,2026-02-27T17:00:20
REC00000210,INS00000210,USR000285,MINDGUARD,repeat_assessment,Repeat the assessment later to add another observation.,medium,2026-08-20T10:00:20
REC00000211,INS00000211,USR000286,MINDGUARD,maintain_monitoring,Continue routine monitoring.,medium,2026-09-14T12:00:20
REC00000212,INS00000212,USR000287,MINDGUARD,maintain_monitoring,Continue routine monitoring.,medium,2026-09-14T12:00:20
REC00000213,INS00000213,USR000289,MINDGUARD,maintain_monitoring,Continue routine monitoring.,medium,2026-04-04T08:00:20
REC00000214,INS00000214,USR000290,MINDGUARD,repeat_assessment,Repeat the assessment later to add another observation.,medium,2026-08-06T05:00:20
REC00000215,INS00000215,USR000291,HEALTH_RESERVE,review_preparedness_goal,Review the preparedness goal and current buffer.,low,2026-07-08T22:00:20
REC00000216,INS00000216,USR000292,MINDGUARD,repeat_assessment,Repeat the assessment later to add another observation.,low,2026-08-28T18:00:20
REC00000217,INS00000217,USR000294,HEALTH_RESERVE,review_preparedness_goal,Review the preparedness goal and current buffer.,low,2026-09-14T12:00:20
REC00000218,INS00000218,USR000295,MINDGUARD,repeat_assessment,Repeat the assessment later to add another observation.,low,2026-07-05T20:00:20
REC00000219,INS00000219,USR000298,MINDGUARD,maintain_monitoring,Continue routine monitoring.,low,2026-05-26T06:00:20
REC00000220,INS00000220,USR000299,HEALTH_RESERVE,review_preparedness_goal,Review the preparedness goal and current buffer.,low,2026-08-27T18:00:20
REC00000221,INS00000221,USR000301,HEALTH_RESERVE,review_preparedness_goal,Review the preparedness goal and current buffer.,medium,2026-05-28T15:00:20
REC00000222,INS00000222,USR000302,MINDGUARD,maintain_monitoring,Continue routine monitoring.,low,2026-07-07T05:00:20
REC00000223,INS00000223,USR000309,MINDGUARD,maintain_monitoring,Continue routine monitoring.,low,2026-08-08T11:00:20
REC00000224,INS00000224,USR000311,HEALTH_RESERVE,review_preparedness_goal,Review the preparedness goal and current buffer.,medium,2026-06-02T09:00:20
REC00000225,INS00000225,USR000312,HEALTH_RESERVE,review_healthcare_coverage,Review healthcare coverage information.,medium,2026-09-14T12:00:20
REC00000226,INS00000226,USR000313,MINDGUARD,repeat_assessment,Repeat the assessment later to add another observation.,medium,2026-05-12T10:00:20
REC00000227,INS00000227,USR000314,HEALTH_RESERVE,review_preparedness_goal,Review the preparedness goal and current buffer.,low,2026-08-13T02:00:20
REC00000228,INS00000228,USR000315,HEALTH_RESERVE,review_preparedness_goal,Review the preparedness goal and current buffer.,low,2026-05-01T17:00:20
REC00000229,INS00000229,USR000316,MINDGUARD,repeat_assessment,Repeat the assessment later to add another observation.,medium,2026-05-18T06:00:20
REC00000230,INS00000230,USR000317,MINDGUARD,review_sleep,Review recent sleep context and repeat monitoring when convenient.,low,2026-08-06T10:00:20
REC00000231,INS00000231,USR000317,HEALTH_RESERVE,review_healthcare_coverage,Review healthcare coverage information.,medium,2026-07-02T12:00:20
REC00000232,INS00000232,USR000320,MINDGUARD,repeat_assessment,Repeat the assessment later to add another observation.,medium,2026-05-12T21:00:20
REC00000233,INS00000233,USR000321,MINDGUARD,maintain_monitoring,Continue routine monitoring.,medium,2026-07-09T10:00:20
REC00000234,INS00000234,USR000322,MINDGUARD,maintain_monitoring,Continue routine monitoring.,low,2026-07-23T14:00:20
REC00000235,INS00000235,USR000323,HEALTH_RESERVE,review_healthcare_coverage,Review healthcare coverage information.,low,2026-07-01T18:00:20
REC00000236,INS00000236,USR000324,MINDGUARD,repeat_assessment,Repeat the assessment later to add another observation.,medium,2026-03-13T15:00:20
REC00000237,INS00000237,USR000325,HEALTH_RESERVE,review_preparedness_goal,Review the preparedness goal and current buffer.,medium,2026-06-30T20:00:20
REC00000238,INS00000238,USR000326,HEALTH_RESERVE,review_preparedness_goal,Review the preparedness goal and current buffer.,low,2026-05-11T01:00:20
REC00000239,INS00000239,USR000327,MINDGUARD,maintain_monitoring,Continue routine monitoring.,low,2026-05-20T17:00:20
REC00000240,INS00000240,USR000328,MINDGUARD,repeat_assessment,Repeat the assessment later to add another observation.,medium,2026-06-16T11:00:20
REC00000241,INS00000241,USR000329,MINDGUARD,repeat_assessment,Repeat the assessment later to add another observation.,medium,2026-04-17T18:00:20
REC00000242,INS00000242,USR000330,MINDGUARD,repeat_assessment,Repeat the assessment later to add another observation.,low,2026-01-27T10:00:20
REC00000243,INS00000243,USR000331,MINDGUARD,repeat_assessment,Repeat the assessment later to add another observation.,medium,2026-03-03T23:00:20
REC00000244,INS00000244,USR000332,MINDGUARD,review_sleep,Review recent sleep context and repeat monitoring when convenient.,low,2026-07-23T06:00:20
REC00000245,INS00000245,USR000334,MINDGUARD,repeat_assessment,Repeat the assessment later to add another observation.,low,2026-02-20T13:00:20
REC00000246,INS00000246,USR000335,MINDGUARD,repeat_assessment,Repeat the assessment later to add another observation.,medium,2026-04-13T11:00:20
REC00000247,INS00000247,USR000339,MINDGUARD,repeat_assessment,Repeat the assessment later to add another observation.,medium,2026-04-14T09:00:20
REC00000248,INS00000248,USR000340,MINDGUARD,maintain_monitoring,Continue routine monitoring.,medium,2026-09-14T12:00:20
REC00000249,INS00000249,USR000342,MINDGUARD,maintain_monitoring,Continue routine monitoring.,medium,2026-06-13T22:00:20
REC00000250,INS00000250,USR000342,HEALTH_RESERVE,review_healthcare_coverage,Review healthcare coverage information.,low,2026-08-05T04:00:20
REC00000251,INS00000251,USR000343,HEALTH_RESERVE,review_preparedness_goal,Review the preparedness goal and current buffer.,medium,2026-05-13T13:00:20
REC00000252,INS00000252,USR000346,HEALTH_RESERVE,review_healthcare_coverage,Review healthcare coverage information.,low,2026-03-04T00:00:20
REC00000253,INS00000253,USR000347,MINDGUARD,repeat_assessment,Repeat the assessment later to add another observation.,medium,2026-03-26T06:00:20
REC00000254,INS00000254,USR000348,MINDGUARD,repeat_assessment,Repeat the assessment later to add another observation.,low,2026-01-30T13:00:20
REC00000255,INS00000255,USR000349,HEALTH_RESERVE,review_preparedness_goal,Review the preparedness goal and current buffer.,low,2026-07-14T15:00:20
REC00000256,INS00000256,USR000350,MINDGUARD,repeat_assessment,Repeat the assessment later to add another observation.,low,2026-07-31T06:00:20
REC00000257,INS00000257,USR000351,MINDGUARD,repeat_assessment,Repeat the assessment later to add another observation.,medium,2026-04-04T23:00:20
REC00000258,INS00000258,USR000353,MINDGUARD,maintain_monitoring,Continue routine monitoring.,medium,2026-08-04T05:00:20
REC00000259,INS00000259,USR000355,HEALTH_RESERVE,review_preparedness_goal,Review the preparedness goal and current buffer.,low,2026-09-02T23:00:20
REC00000260,INS00000260,USR000356,HEALTH_RESERVE,review_preparedness_goal,Review the preparedness goal and current buffer.,medium,2026-06-09T00:00:20
REC00000261,INS00000261,USR000357,MINDGUARD,repeat_assessment,Repeat the assessment later to add another observation.,low,2026-05-19T01:00:20
REC00000262,INS00000262,USR000358,MINDGUARD,maintain_monitoring,Continue routine monitoring.,medium,2026-07-27T12:00:20
REC00000263,INS00000263,USR000359,MINDGUARD,repeat_assessment,Repeat the assessment later to add another observation.,medium,2026-06-12T01:00:20
REC00000264,INS00000264,USR000361,HEALTH_RESERVE,review_preparedness_goal,Review the preparedness goal and current buffer.,low,2026-07-11T01:00:20
REC00000265,INS00000265,USR000363,HEALTH_RESERVE,review_preparedness_goal,Review the preparedness goal and current buffer.,low,2026-02-20T20:00:20
REC00000266,INS00000266,USR000365,MINDGUARD,repeat_assessment,Repeat the assessment later to add another observation.,low,2026-06-20T03:00:20
REC00000267,INS00000267,USR000366,MINDGUARD,repeat_assessment,Repeat the assessment later to add another observation.,low,2026-06-18T05:00:20
REC00000268,INS00000268,USR000369,MINDGUARD,review_sleep,Review recent sleep context and repeat monitoring when convenient.,low,2026-09-14T12:00:20
REC00000269,INS00000269,USR000370,MINDGUARD,review_sleep,Review recent sleep context and repeat monitoring when convenient.,medium,2026-04-26T10:00:20
REC00000270,INS00000270,USR000371,MINDGUARD,wellbeing_checkin,Complete a wellbeing check-in to add context.,low,2026-08-06T17:00:20
REC00000271,INS00000271,USR000371,HEALTH_RESERVE,review_preparedness_goal,Review the preparedness goal and current buffer.,medium,2026-07-26T13:00:20
REC00000272,INS00000272,USR000372,MINDGUARD,repeat_assessment,Repeat the assessment later to add another observation.,medium,2026-05-05T22:00:20
REC00000273,INS00000273,USR000374,MINDGUARD,maintain_monitoring,Continue routine monitoring.,low,2026-06-29T05:00:20
REC00000274,INS00000274,USR000375,MINDGUARD,repeat_assessment,Repeat the assessment later to add another observation.,medium,2026-09-14T12:00:20
REC00000275,INS00000275,USR000375,HEALTH_RESERVE,review_preparedness_goal,Review the preparedness goal and current buffer.,low,2026-05-18T21:00:20
REC00000276,INS00000276,USR000377,MINDGUARD,repeat_assessment,Repeat the assessment later to add another observation.,low,2026-05-10T20:00:20
REC00000277,INS00000277,USR000378,MINDGUARD,maintain_monitoring,Continue routine monitoring.,low,2026-03-23T23:00:20
REC00000278,INS00000278,USR000381,MINDGUARD,review_sleep,Review recent sleep context and repeat monitoring when convenient.,medium,2026-07-28T09:00:20
REC00000279,INS00000279,USR000382,HEALTH_RESERVE,review_preparedness_goal,Review the preparedness goal and current buffer.,low,2026-02-09T05:00:20
REC00000280,INS00000280,USR000385,MINDGUARD,repeat_assessment,Repeat the assessment later to add another observation.,medium,2026-03-22T19:00:20
REC00000281,INS00000281,USR000387,MINDGUARD,maintain_monitoring,Continue routine monitoring.,medium,2026-08-15T02:00:20
REC00000282,INS00000282,USR000388,MINDGUARD,repeat_assessment,Repeat the assessment later to add another observation.,medium,2026-04-27T06:00:20
REC00000283,INS00000283,USR000389,MINDGUARD,repeat_assessment,Repeat the assessment later to add another observation.,medium,2026-03-02T06:00:20
REC00000284,INS00000284,USR000390,MINDGUARD,wellbeing_checkin,Complete a wellbeing check-in to add context.,low,2026-08-01T10:00:20
REC00000285,INS00000285,USR000391,MINDGUARD,repeat_assessment,Repeat the assessment later to add another observation.,medium,2026-07-14T20:00:20
REC00000286,INS00000286,USR000393,HEALTH_RESERVE,review_healthcare_coverage,Review healthcare coverage information.,medium,2026-09-14T12:00:20
REC00000287,INS00000287,USR000394,MINDGUARD,maintain_monitoring,Continue routine monitoring.,medium,2026-09-14T12:00:20
REC00000288,INS00000288,USR000394,HEALTH_RESERVE,review_preparedness_goal,Review the preparedness goal and current buffer.,low,2026-06-11T12:00:20
REC00000289,INS00000289,USR000395,MINDGUARD,maintain_monitoring,Continue routine monitoring.,low,2026-03-05T18:00:20
REC00000290,INS00000290,USR000396,MINDGUARD,maintain_monitoring,Continue routine monitoring.,low,2026-05-16T21:00:20
REC00000291,INS00000291,USR000397,HEALTH_RESERVE,review_preparedness_goal,Review the preparedness goal and current buffer.,low,2026-03-20T13:00:20
REC00000292,INS00000292,USR000400,MINDGUARD,maintain_monitoring,Continue routine monitoring.,low,2026-05-03T08:00:20
REC00000293,INS00000293,USR000401,HEALTH_RESERVE,review_preparedness_goal,Review the preparedness goal and current buffer.,medium,2026-09-08T10:00:20
REC00000294,INS00000294,USR000402,MINDGUARD,maintain_monitoring,Continue routine monitoring.,medium,2026-06-06T01:00:20
REC00000295,INS00000295,USR000403,HEALTH_RESERVE,review_preparedness_goal,Review the preparedness goal and current buffer.,medium,2026-03-20T16:00:20
REC00000296,INS00000296,USR000406,HEALTH_RESERVE,review_preparedness_goal,Review the preparedness goal and current buffer.,medium,2026-06-29T12:00:20
REC00000297,INS00000297,USR000410,MINDGUARD,repeat_assessment,Repeat the assessment later to add another observation.,low,2026-04-10T21:00:20
REC00000298,INS00000298,USR000411,MINDGUARD,review_sleep,Review recent sleep context and repeat monitoring when convenient.,medium,2026-04-22T12:00:20
REC00000299,INS00000299,USR000412,MINDGUARD,repeat_assessment,Repeat the assessment later to add another observation.,low,2026-03-23T16:00:20
REC00000300,INS00000300,USR000412,HEALTH_RESERVE,review_healthcare_coverage,Review healthcare coverage information.,medium,2026-08-19T15:00:20
REC00000301,INS00000301,USR000414,HEALTH_RESERVE,review_preparedness_goal,Review the preparedness goal and current buffer.,low,2026-03-18T23:00:20
REC00000302,INS00000302,USR000416,MINDGUARD,repeat_assessment,Repeat the assessment later to add another observation.,medium,2026-03-03T02:00:20
REC00000303,INS00000303,USR000418,MINDGUARD,repeat_assessment,Repeat the assessment later to add another observation.,low,2026-03-05T09:00:20
REC00000304,INS00000304,USR000419,MINDGUARD,maintain_monitoring,Continue routine monitoring.,low,2026-07-05T23:00:20
REC00000305,INS00000305,USR000420,MINDGUARD,repeat_assessment,Repeat the assessment later to add another observation.,medium,2026-01-22T06:00:20
REC00000306,INS00000306,USR000421,MINDGUARD,maintain_monitoring,Continue routine monitoring.,medium,2026-08-04T07:00:20
REC00000307,INS00000307,USR000423,MINDGUARD,repeat_assessment,Repeat the assessment later to add another observation.,medium,2026-05-30T15:00:20
REC00000308,INS00000308,USR000425,MINDGUARD,repeat_assessment,Repeat the assessment later to add another observation.,low,2026-02-02T10:00:20
REC00000309,INS00000309,USR000428,MINDGUARD,maintain_monitoring,Continue routine monitoring.,low,2026-07-23T11:00:20
REC00000310,INS00000310,USR000429,HEALTH_RESERVE,review_preparedness_goal,Review the preparedness goal and current buffer.,medium,2026-09-14T12:00:20
REC00000311,INS00000311,USR000430,MINDGUARD,repeat_assessment,Repeat the assessment later to add another observation.,low,2026-05-14T12:00:20
REC00000312,INS00000312,USR000430,HEALTH_RESERVE,review_healthcare_coverage,Review healthcare coverage information.,medium,2026-08-21T04:00:20
REC00000313,INS00000313,USR000431,MINDGUARD,maintain_monitoring,Continue routine monitoring.,medium,2026-09-11T04:00:20
REC00000314,INS00000314,USR000432,MINDGUARD,maintain_monitoring,Continue routine monitoring.,low,2026-09-14T12:00:20
REC00000315,INS00000315,USR000432,HEALTH_RESERVE,review_preparedness_goal,Review the preparedness goal and current buffer.,medium,2026-09-14T12:00:20
REC00000316,INS00000316,USR000433,MINDGUARD,maintain_monitoring,Continue routine monitoring.,low,2026-07-16T15:00:20
REC00000317,INS00000317,USR000434,MINDGUARD,repeat_assessment,Repeat the assessment later to add another observation.,medium,2026-05-15T15:00:20
REC00000318,INS00000318,USR000435,HEALTH_RESERVE,review_preparedness_goal,Review the preparedness goal and current buffer.,medium,2026-02-15T09:00:20
REC00000319,INS00000319,USR000438,HEALTH_RESERVE,review_preparedness_goal,Review the preparedness goal and current buffer.,low,2026-08-22T12:00:20
REC00000320,INS00000320,USR000443,MINDGUARD,maintain_monitoring,Continue routine monitoring.,low,2026-04-26T14:00:20
REC00000321,INS00000321,USR000445,HEALTH_RESERVE,review_preparedness_goal,Review the preparedness goal and current buffer.,low,2026-03-19T19:00:20
REC00000322,INS00000322,USR000447,MINDGUARD,review_sleep,Review recent sleep context and repeat monitoring when convenient.,medium,2026-02-08T01:00:20
REC00000323,INS00000323,USR000449,HEALTH_RESERVE,review_healthcare_coverage,Review healthcare coverage information.,low,2026-07-11T17:00:20
REC00000324,INS00000324,USR000450,MINDGUARD,repeat_assessment,Repeat the assessment later to add another observation.,low,2026-03-10T22:00:20
REC00000325,INS00000325,USR000451,MINDGUARD,repeat_assessment,Repeat the assessment later to add another observation.,low,2026-07-31T19:00:20
REC00000326,INS00000326,USR000452,MINDGUARD,repeat_assessment,Repeat the assessment later to add another observation.,medium,2026-06-18T06:00:20
REC00000327,INS00000327,USR000455,MINDGUARD,maintain_monitoring,Continue routine monitoring.,low,2026-09-12T02:00:20
REC00000328,INS00000328,USR000458,MINDGUARD,repeat_assessment,Repeat the assessment later to add another observation.,medium,2026-05-05T13:00:20
REC00000329,INS00000329,USR000460,MINDGUARD,repeat_assessment,Repeat the assessment later to add another observation.,medium,2026-03-15T04:00:20
REC00000330,INS00000330,USR000461,MINDGUARD,repeat_assessment,Repeat the assessment later to add another observation.,low,2026-05-27T05:00:20
REC00000331,INS00000331,USR000463,MINDGUARD,repeat_assessment,Repeat the assessment later to add another observation.,medium,2026-05-12T22:00:20
REC00000332,INS00000332,USR000465,MINDGUARD,repeat_assessment,Repeat the assessment later to add another observation.,low,2026-06-09T17:00:20
REC00000333,INS00000333,USR000466,HEALTH_RESERVE,review_healthcare_coverage,Review healthcare coverage information.,low,2026-07-27T14:00:20
REC00000334,INS00000334,USR000468,HEALTH_RESERVE,review_preparedness_goal,Review the preparedness goal and current buffer.,medium,2026-09-14T12:00:20
REC00000335,INS00000335,USR000469,MINDGUARD,repeat_assessment,Repeat the assessment later to add another observation.,medium,2026-04-21T05:00:20
REC00000336,INS00000336,USR000470,MINDGUARD,repeat_assessment,Repeat the assessment later to add another observation.,medium,2026-06-12T08:00:20
REC00000337,INS00000337,USR000471,MINDGUARD,repeat_assessment,Repeat the assessment later to add another observation.,low,2026-03-31T02:00:20
REC00000338,INS00000338,USR000471,HEALTH_RESERVE,review_preparedness_goal,Review the preparedness goal and current buffer.,medium,2026-03-22T19:00:20
REC00000339,INS00000339,USR000472,MINDGUARD,maintain_monitoring,Continue routine monitoring.,medium,2026-09-14T12:00:20
REC00000340,INS00000340,USR000473,MINDGUARD,maintain_monitoring,Continue routine monitoring.,low,2026-05-28T13:00:20
REC00000341,INS00000341,USR000475,MINDGUARD,maintain_monitoring,Continue routine monitoring.,medium,2026-07-11T10:00:20
REC00000342,INS00000342,USR000476,MINDGUARD,maintain_monitoring,Continue routine monitoring.,low,2026-06-11T22:00:20
REC00000343,INS00000343,USR000476,HEALTH_RESERVE,review_preparedness_goal,Review the preparedness goal and current buffer.,low,2026-06-05T15:00:20
REC00000344,INS00000344,USR000477,MINDGUARD,maintain_monitoring,Continue routine monitoring.,low,2026-07-14T02:00:20
REC00000345,INS00000345,USR000478,MINDGUARD,repeat_assessment,Repeat the assessment later to add another observation.,medium,2026-01-29T01:00:20
REC00000346,INS00000346,USR000479,MINDGUARD,maintain_monitoring,Continue routine monitoring.,low,2026-09-14T12:00:20
REC00000347,INS00000347,USR000480,MINDGUARD,maintain_monitoring,Continue routine monitoring.,low,2026-08-01T09:00:20
REC00000348,INS00000348,USR000481,MINDGUARD,repeat_assessment,Repeat the assessment later to add another observation.,low,2026-07-28T14:00:20
REC00000349,INS00000349,USR000482,MINDGUARD,review_sleep,Review recent sleep context and repeat monitoring when convenient.,medium,2026-06-06T05:00:20
REC00000350,INS00000350,USR000487,MINDGUARD,repeat_assessment,Repeat the assessment later to add another observation.,medium,2026-03-28T00:00:20
REC00000351,INS00000351,USR000489,MINDGUARD,maintain_monitoring,Continue routine monitoring.,low,2026-07-23T01:00:20
REC00000352,INS00000352,USR000490,HEALTH_RESERVE,review_preparedness_goal,Review the preparedness goal and current buffer.,low,2026-09-14T12:00:20
REC00000353,INS00000353,USR000491,MINDGUARD,maintain_monitoring,Continue routine monitoring.,medium,2026-09-14T12:00:20
REC00000354,INS00000354,USR000492,MINDGUARD,maintain_monitoring,Continue routine monitoring.,low,2026-09-14T12:00:20
REC00000355,INS00000355,USR000494,MINDGUARD,maintain_monitoring,Continue routine monitoring.,low,2026-05-25T06:00:20
REC00000356,INS00000356,USR000494,HEALTH_RESERVE,review_preparedness_goal,Review the preparedness goal and current buffer.,medium,2026-07-09T10:00:20
REC00000357,INS00000357,USR000496,MINDGUARD,repeat_assessment,Repeat the assessment later to add another observation.,low,2026-05-29T02:00:20
REC00000358,INS00000358,USR000497,MINDGUARD,repeat_assessment,Repeat the assessment later to add another observation.,low,2026-08-05T06:00:20
REC00000359,INS00000359,USR000500,MINDGUARD,maintain_monitoring,Continue routine monitoring.,low,2026-08-04T04:00:20
REC00000360,INS00000360,USR000501,HEALTH_RESERVE,review_healthcare_coverage,Review healthcare coverage information.,low,2026-05-27T19:00:20
REC00000361,INS00000361,USR000506,MINDGUARD,repeat_assessment,Repeat the assessment later to add another observation.,low,2026-09-14T12:00:20
REC00000362,INS00000362,USR000508,MINDGUARD,repeat_assessment,Repeat the assessment later to add another observation.,medium,2026-05-22T03:00:20
REC00000363,INS00000363,USR000508,HEALTH_RESERVE,review_preparedness_goal,Review the preparedness goal and current buffer.,low,2026-07-07T17:00:20
REC00000364,INS00000364,USR000509,MINDGUARD,repeat_assessment,Repeat the assessment later to add another observation.,medium,2026-07-28T19:00:20
REC00000365,INS00000365,USR000510,MINDGUARD,repeat_assessment,Repeat the assessment later to add another observation.,low,2026-07-13T22:00:20
REC00000366,INS00000366,USR000512,MINDGUARD,repeat_assessment,Repeat the assessment later to add another observation.,low,2026-08-30T23:00:20
REC00000367,INS00000367,USR000512,HEALTH_RESERVE,review_preparedness_goal,Review the preparedness goal and current buffer.,medium,2026-05-05T01:00:20
REC00000368,INS00000368,USR000516,MINDGUARD,maintain_monitoring,Continue routine monitoring.,medium,2026-09-14T12:00:20
REC00000369,INS00000369,USR000518,MINDGUARD,maintain_monitoring,Continue routine monitoring.,medium,2026-07-01T02:00:20
REC00000370,INS00000370,USR000519,MINDGUARD,wellbeing_checkin,Complete a wellbeing check-in to add context.,low,2026-03-31T06:00:20
REC00000371,INS00000371,USR000520,MINDGUARD,repeat_assessment,Repeat the assessment later to add another observation.,medium,2026-04-26T14:00:20
REC00000372,INS00000372,USR000522,MINDGUARD,repeat_assessment,Repeat the assessment later to add another observation.,medium,2026-04-17T00:00:20
REC00000373,INS00000373,USR000523,HEALTH_RESERVE,review_preparedness_goal,Review the preparedness goal and current buffer.,low,2026-05-29T15:00:20
REC00000374,INS00000374,USR000525,MINDGUARD,repeat_assessment,Repeat the assessment later to add another observation.,low,2026-09-11T03:00:20
REC00000375,INS00000375,USR000526,MINDGUARD,maintain_monitoring,Continue routine monitoring.,low,2026-03-20T13:00:20
REC00000376,INS00000376,USR000527,MINDGUARD,review_sleep,Review recent sleep context and repeat monitoring when convenient.,low,2026-06-12T02:00:20
REC00000377,INS00000377,USR000528,MINDGUARD,maintain_monitoring,Continue routine monitoring.,low,2026-06-06T16:00:20
REC00000378,INS00000378,USR000529,HEALTH_RESERVE,review_preparedness_goal,Review the preparedness goal and current buffer.,low,2026-02-22T16:00:20
REC00000379,INS00000379,USR000530,MINDGUARD,wellbeing_checkin,Complete a wellbeing check-in to add context.,low,2026-07-17T14:00:20
REC00000380,INS00000380,USR000531,MINDGUARD,repeat_assessment,Repeat the assessment later to add another observation.,medium,2026-09-14T12:00:20
REC00000381,INS00000381,USR000536,MINDGUARD,repeat_assessment,Repeat the assessment later to add another observation.,low,2026-05-18T14:00:20
REC00000382,INS00000382,USR000537,MINDGUARD,maintain_monitoring,Continue routine monitoring.,low,2026-05-13T09:00:20
REC00000383,INS00000383,USR000537,HEALTH_RESERVE,review_preparedness_goal,Review the preparedness goal and current buffer.,low,2026-05-04T14:00:20
REC00000384,INS00000384,USR000538,MINDGUARD,repeat_assessment,Repeat the assessment later to add another observation.,low,2026-05-09T14:00:20
REC00000385,INS00000385,USR000539,HEALTH_RESERVE,review_healthcare_coverage,Review healthcare coverage information.,medium,2026-05-15T09:00:20
REC00000386,INS00000386,USR000541,MINDGUARD,maintain_monitoring,Continue routine monitoring.,medium,2026-09-14T12:00:20
REC00000387,INS00000387,USR000542,MINDGUARD,repeat_assessment,Repeat the assessment later to add another observation.,low,2026-01-24T03:00:20
REC00000388,INS00000388,USR000543,MINDGUARD,maintain_monitoring,Continue routine monitoring.,medium,2026-09-14T12:00:20
REC00000389,INS00000389,USR000545,HEALTH_RESERVE,review_preparedness_goal,Review the preparedness goal and current buffer.,medium,2026-03-12T04:00:20
REC00000390,INS00000390,USR000546,HEALTH_RESERVE,review_preparedness_goal,Review the preparedness goal and current buffer.,low,2026-06-23T10:00:20
REC00000391,INS00000391,USR000548,HEALTH_RESERVE,review_preparedness_goal,Review the preparedness goal and current buffer.,medium,2026-07-19T11:00:20
REC00000392,INS00000392,USR000549,MINDGUARD,wellbeing_checkin,Complete a wellbeing check-in to add context.,low,2026-05-29T12:00:20
REC00000393,INS00000393,USR000550,HEALTH_RESERVE,review_preparedness_goal,Review the preparedness goal and current buffer.,medium,2026-09-03T14:00:20
REC00000394,INS00000394,USR000552,MINDGUARD,maintain_monitoring,Continue routine monitoring.,medium,2026-08-14T01:00:20
REC00000395,INS00000395,USR000553,MINDGUARD,repeat_assessment,Repeat the assessment later to add another observation.,medium,2026-05-30T07:00:20
REC00000396,INS00000396,USR000555,MINDGUARD,repeat_assessment,Repeat the assessment later to add another observation.,medium,2026-04-30T19:00:20
REC00000397,INS00000397,USR000557,MINDGUARD,repeat_assessment,Repeat the assessment later to add another observation.,low,2026-07-01T20:00:20
REC00000398,INS00000398,USR000558,MINDGUARD,repeat_assessment,Repeat the assessment later to add another observation.,medium,2026-03-04T13:00:20
REC00000399,INS00000399,USR000559,MINDGUARD,maintain_monitoring,Continue routine monitoring.,medium,2026-09-14T12:00:20
REC00000400,INS00000400,USR000560,MINDGUARD,repeat_assessment,Repeat the assessment later to add another observation.,low,2026-06-17T02:00:20
REC00000401,INS00000401,USR000562,MINDGUARD,maintain_monitoring,Continue routine monitoring.,low,2026-04-28T22:00:20
REC00000402,INS00000402,USR000563,HEALTH_RESERVE,review_healthcare_coverage,Review healthcare coverage information.,medium,2026-08-27T19:00:20
REC00000403,INS00000403,USR000564,MINDGUARD,repeat_assessment,Repeat the assessment later to add another observation.,medium,2026-03-10T19:00:20
REC00000404,INS00000404,USR000566,MINDGUARD,maintain_monitoring,Continue routine monitoring.,medium,2026-03-22T09:00:20
REC00000405,INS00000405,USR000566,HEALTH_RESERVE,review_preparedness_goal,Review the preparedness goal and current buffer.,low,2026-07-06T00:00:20
REC00000406,INS00000406,USR000567,MINDGUARD,repeat_assessment,Repeat the assessment later to add another observation.,low,2026-04-10T19:00:20
REC00000407,INS00000407,USR000567,HEALTH_RESERVE,review_preparedness_goal,Review the preparedness goal and current buffer.,medium,2026-03-17T21:00:20
REC00000408,INS00000408,USR000570,MINDGUARD,maintain_monitoring,Continue routine monitoring.,low,2026-03-19T10:00:20
REC00000409,INS00000409,USR000572,HEALTH_RESERVE,review_preparedness_goal,Review the preparedness goal and current buffer.,medium,2026-07-20T13:00:20
REC00000410,INS00000410,USR000573,MINDGUARD,repeat_assessment,Repeat the assessment later to add another observation.,medium,2026-08-10T23:00:20
REC00000411,INS00000411,USR000575,MINDGUARD,repeat_assessment,Repeat the assessment later to add another observation.,medium,2026-05-15T14:00:20
REC00000412,INS00000412,USR000577,MINDGUARD,repeat_assessment,Repeat the assessment later to add another observation.,low,2026-07-05T17:00:20
REC00000413,INS00000413,USR000578,MINDGUARD,maintain_monitoring,Continue routine monitoring.,low,2026-08-18T00:00:20
REC00000414,INS00000414,USR000579,MINDGUARD,repeat_assessment,Repeat the assessment later to add another observation.,low,2026-04-06T23:00:20
REC00000415,INS00000415,USR000580,HEALTH_RESERVE,review_preparedness_goal,Review the preparedness goal and current buffer.,low,2026-03-02T08:00:20
REC00000416,INS00000416,USR000581,HEALTH_RESERVE,review_preparedness_goal,Review the preparedness goal and current buffer.,medium,2026-06-25T15:00:20
REC00000417,INS00000417,USR000582,HEALTH_RESERVE,review_preparedness_goal,Review the preparedness goal and current buffer.,medium,2026-09-13T21:00:20
REC00000418,INS00000418,USR000583,MINDGUARD,maintain_monitoring,Continue routine monitoring.,medium,2026-07-30T16:00:20
REC00000419,INS00000419,USR000585,MINDGUARD,maintain_monitoring,Continue routine monitoring.,medium,2026-09-14T12:00:20
REC00000420,INS00000420,USR000590,MINDGUARD,maintain_monitoring,Continue routine monitoring.,medium,2026-08-16T14:00:20
REC00000421,INS00000421,USR000591,MINDGUARD,maintain_monitoring,Continue routine monitoring.,low,2026-03-28T07:00:20
REC00000422,INS00000422,USR000591,HEALTH_RESERVE,review_preparedness_goal,Review the preparedness goal and current buffer.,medium,2026-06-09T08:00:20
REC00000423,INS00000423,USR000592,MINDGUARD,repeat_assessment,Repeat the assessment later to add another observation.,medium,2026-03-25T16:00:20
REC00000424,INS00000424,USR000595,MINDGUARD,maintain_monitoring,Continue routine monitoring.,medium,2026-04-27T01:00:20
REC00000425,INS00000425,USR000597,MINDGUARD,maintain_monitoring,Continue routine monitoring.,low,2026-06-30T11:00:20
REC00000426,INS00000426,USR000598,MINDGUARD,repeat_assessment,Repeat the assessment later to add another observation.,medium,2026-03-04T08:00:20
REC00000427,INS00000427,USR000599,HEALTH_RESERVE,review_healthcare_coverage,Review healthcare coverage information.,low,2026-09-14T12:00:20
REC00000428,INS00000428,USR000602,MINDGUARD,maintain_monitoring,Continue routine monitoring.,medium,2026-03-28T08:00:20
REC00000429,INS00000429,USR000605,MINDGUARD,repeat_assessment,Repeat the assessment later to add another observation.,medium,2026-09-14T12:00:20
REC00000430,INS00000430,USR000605,HEALTH_RESERVE,review_preparedness_goal,Review the preparedness goal and current buffer.,low,2026-08-01T18:00:20
REC00000431,INS00000431,USR000606,HEALTH_RESERVE,review_preparedness_goal,Review the preparedness goal and current buffer.,medium,2026-08-09T11:00:20
REC00000432,INS00000432,USR000607,MINDGUARD,wellbeing_checkin,Complete a wellbeing check-in to add context.,medium,2026-06-16T12:00:20
REC00000433,INS00000433,USR000608,MINDGUARD,repeat_assessment,Repeat the assessment later to add another observation.,low,2026-09-14T12:00:20
REC00000434,INS00000434,USR000610,MINDGUARD,repeat_assessment,Repeat the assessment later to add another observation.,low,2026-05-02T22:00:20
REC00000435,INS00000435,USR000610,HEALTH_RESERVE,review_preparedness_goal,Review the preparedness goal and current buffer.,medium,2026-04-27T20:00:20
REC00000436,INS00000436,USR000611,MINDGUARD,maintain_monitoring,Continue routine monitoring.,low,2026-06-10T13:00:20
REC00000437,INS00000437,USR000612,MINDGUARD,repeat_assessment,Repeat the assessment later to add another observation.,low,2026-06-22T06:00:20
REC00000438,INS00000438,USR000613,HEALTH_RESERVE,review_healthcare_coverage,Review healthcare coverage information.,low,2026-07-04T23:00:20
REC00000439,INS00000439,USR000614,MINDGUARD,maintain_monitoring,Continue routine monitoring.,low,2026-05-06T08:00:20
REC00000440,INS00000440,USR000615,MINDGUARD,maintain_monitoring,Continue routine monitoring.,medium,2026-06-07T14:00:20
REC00000441,INS00000441,USR000616,MINDGUARD,wellbeing_checkin,Complete a wellbeing check-in to add context.,medium,2026-09-04T08:00:20
REC00000442,INS00000442,USR000617,MINDGUARD,review_sleep,Review recent sleep context and repeat monitoring when convenient.,medium,2026-06-22T20:00:20
REC00000443,INS00000443,USR000618,HEALTH_RESERVE,review_preparedness_goal,Review the preparedness goal and current buffer.,low,2026-06-07T12:00:20
REC00000444,INS00000444,USR000620,MINDGUARD,maintain_monitoring,Continue routine monitoring.,medium,2026-06-12T22:00:20
REC00000445,INS00000445,USR000620,HEALTH_RESERVE,review_preparedness_goal,Review the preparedness goal and current buffer.,medium,2026-04-10T01:00:20
REC00000446,INS00000446,USR000621,MINDGUARD,repeat_assessment,Repeat the assessment later to add another observation.,low,2026-03-20T17:00:20
REC00000447,INS00000447,USR000624,HEALTH_RESERVE,review_preparedness_goal,Review the preparedness goal and current buffer.,medium,2026-05-10T08:00:20
REC00000448,INS00000448,USR000628,MINDGUARD,repeat_assessment,Repeat the assessment later to add another observation.,low,2026-04-18T21:00:20
REC00000449,INS00000449,USR000630,MINDGUARD,repeat_assessment,Repeat the assessment later to add another observation.,low,2026-06-09T07:00:20
REC00000450,INS00000450,USR000633,MINDGUARD,review_sleep,Review recent sleep context and repeat monitoring when convenient.,low,2026-04-30T12:00:20
REC00000451,INS00000451,USR000634,MINDGUARD,maintain_monitoring,Continue routine monitoring.,low,2026-08-27T10:00:20
REC00000452,INS00000452,USR000635,MINDGUARD,repeat_assessment,Repeat the assessment later to add another observation.,medium,2026-07-03T03:00:20
REC00000453,INS00000453,USR000636,MINDGUARD,repeat_assessment,Repeat the assessment later to add another observation.,low,2026-07-01T21:00:20
REC00000454,INS00000454,USR000638,HEALTH_RESERVE,review_preparedness_goal,Review the preparedness goal and current buffer.,low,2026-02-07T12:00:20
REC00000455,INS00000455,USR000639,HEALTH_RESERVE,review_preparedness_goal,Review the preparedness goal and current buffer.,low,2026-03-20T17:00:20
REC00000456,INS00000456,USR000640,HEALTH_RESERVE,review_preparedness_goal,Review the preparedness goal and current buffer.,low,2026-09-14T03:00:20
REC00000457,INS00000457,USR000641,MINDGUARD,repeat_assessment,Repeat the assessment later to add another observation.,low,2026-07-14T09:00:20
REC00000458,INS00000458,USR000641,HEALTH_RESERVE,review_preparedness_goal,Review the preparedness goal and current buffer.,low,2026-01-11T03:00:20
REC00000459,INS00000459,USR000642,HEALTH_RESERVE,review_preparedness_goal,Review the preparedness goal and current buffer.,low,2026-05-12T21:00:20
REC00000460,INS00000460,USR000644,MINDGUARD,wellbeing_checkin,Complete a wellbeing check-in to add context.,low,2026-08-29T02:00:20
REC00000461,INS00000461,USR000645,MINDGUARD,repeat_assessment,Repeat the assessment later to add another observation.,low,2026-02-28T20:00:20
REC00000462,INS00000462,USR000647,MINDGUARD,repeat_assessment,Repeat the assessment later to add another observation.,low,2026-04-07T01:00:20
REC00000463,INS00000463,USR000649,MINDGUARD,repeat_assessment,Repeat the assessment later to add another observation.,low,2026-06-18T19:00:20
REC00000464,INS00000464,USR000650,HEALTH_RESERVE,review_preparedness_goal,Review the preparedness goal and current buffer.,low,2026-05-03T14:00:20
REC00000465,INS00000465,USR000651,MINDGUARD,repeat_assessment,Repeat the assessment later to add another observation.,low,2026-04-08T01:00:20
REC00000466,INS00000466,USR000653,MINDGUARD,repeat_assessment,Repeat the assessment later to add another observation.,medium,2026-04-02T18:00:20
REC00000467,INS00000467,USR000653,HEALTH_RESERVE,review_preparedness_goal,Review the preparedness goal and current buffer.,medium,2026-06-30T16:00:20
REC00000468,INS00000468,USR000654,MINDGUARD,repeat_assessment,Repeat the assessment later to add another observation.,low,2026-07-19T16:00:20
REC00000469,INS00000469,USR000655,HEALTH_RESERVE,review_healthcare_coverage,Review healthcare coverage information.,low,2026-05-08T16:00:20
REC00000470,INS00000470,USR000656,MINDGUARD,maintain_monitoring,Continue routine monitoring.,low,2026-05-18T15:00:20
REC00000471,INS00000471,USR000657,MINDGUARD,maintain_monitoring,Continue routine monitoring.,low,2026-08-07T01:00:20
REC00000472,INS00000472,USR000662,MINDGUARD,repeat_assessment,Repeat the assessment later to add another observation.,low,2026-06-09T09:00:20
REC00000473,INS00000473,USR000663,MINDGUARD,repeat_assessment,Repeat the assessment later to add another observation.,medium,2026-06-11T01:00:20
REC00000474,INS00000474,USR000664,MINDGUARD,maintain_monitoring,Continue routine monitoring.,medium,2026-09-14T12:00:20
REC00000475,INS00000475,USR000666,MINDGUARD,maintain_monitoring,Continue routine monitoring.,medium,2026-09-14T12:00:20
REC00000476,INS00000476,USR000667,MINDGUARD,repeat_assessment,Repeat the assessment later to add another observation.,low,2026-09-14T12:00:20
REC00000477,INS00000477,USR000667,HEALTH_RESERVE,review_preparedness_goal,Review the preparedness goal and current buffer.,low,2026-08-02T21:00:20
REC00000478,INS00000478,USR000669,MINDGUARD,repeat_assessment,Repeat the assessment later to add another observation.,medium,2026-05-18T05:00:20
REC00000479,INS00000479,USR000671,HEALTH_RESERVE,review_preparedness_goal,Review the preparedness goal and current buffer.,low,2026-08-09T14:00:20
REC00000480,INS00000480,USR000672,HEALTH_RESERVE,review_preparedness_goal,Review the preparedness goal and current buffer.,medium,2026-04-11T02:00:20
REC00000481,INS00000481,USR000673,MINDGUARD,review_sleep,Review recent sleep context and repeat monitoring when convenient.,medium,2026-05-18T19:00:20
REC00000482,INS00000482,USR000677,MINDGUARD,repeat_assessment,Repeat the assessment later to add another observation.,low,2026-07-24T14:00:20
REC00000483,INS00000483,USR000678,MINDGUARD,review_sleep,Review recent sleep context and repeat monitoring when convenient.,medium,2026-07-25T23:00:20
REC00000484,INS00000484,USR000679,MINDGUARD,review_sleep,Review recent sleep context and repeat monitoring when convenient.,medium,2026-04-28T23:00:20
REC00000485,INS00000485,USR000680,MINDGUARD,repeat_assessment,Repeat the assessment later to add another observation.,medium,2026-03-22T22:00:20
REC00000486,INS00000486,USR000681,MINDGUARD,repeat_assessment,Repeat the assessment later to add another observation.,medium,2026-06-13T22:00:20
REC00000487,INS00000487,USR000682,MINDGUARD,maintain_monitoring,Continue routine monitoring.,medium,2026-08-06T16:00:20
REC00000488,INS00000488,USR000683,MINDGUARD,repeat_assessment,Repeat the assessment later to add another observation.,low,2026-06-30T07:00:20
REC00000489,INS00000489,USR000684,HEALTH_RESERVE,review_preparedness_goal,Review the preparedness goal and current buffer.,low,2026-09-14T12:00:20
REC00000490,INS00000490,USR000685,MINDGUARD,repeat_assessment,Repeat the assessment later to add another observation.,low,2026-03-26T05:00:20
REC00000491,INS00000491,USR000686,HEALTH_RESERVE,review_healthcare_coverage,Review healthcare coverage information.,medium,2026-08-09T12:00:20
REC00000492,INS00000492,USR000687,MINDGUARD,maintain_monitoring,Continue routine monitoring.,medium,2026-05-30T06:00:20
REC00000493,INS00000493,USR000688,MINDGUARD,maintain_monitoring,Continue routine monitoring.,low,2026-09-14T12:00:20
REC00000494,INS00000494,USR000690,MINDGUARD,wellbeing_checkin,Complete a wellbeing check-in to add context.,low,2026-07-03T07:00:20
REC00000495,INS00000495,USR000693,MINDGUARD,repeat_assessment,Repeat the assessment later to add another observation.,medium,2026-04-12T23:00:20
REC00000496,INS00000496,USR000694,HEALTH_RESERVE,review_preparedness_goal,Review the preparedness goal and current buffer.,medium,2026-05-27T01:00:20
REC00000497,INS00000497,USR000695,MINDGUARD,wellbeing_checkin,Complete a wellbeing check-in to add context.,medium,2026-09-14T12:00:20
REC00000498,INS00000498,USR000696,MINDGUARD,maintain_monitoring,Continue routine monitoring.,medium,2026-09-14T12:00:20
REC00000499,INS00000499,USR000698,MINDGUARD,repeat_assessment,Repeat the assessment later to add another observation.,medium,2026-06-11T21:00:20
REC00000500,INS00000500,USR000698,HEALTH_RESERVE,review_healthcare_coverage,Review healthcare coverage information.,low,2026-09-14T06:00:20
REC00000501,INS00000501,USR000699,MINDGUARD,wellbeing_checkin,Complete a wellbeing check-in to add context.,medium,2026-06-21T04:00:20
REC00000502,INS00000502,USR000699,HEALTH_RESERVE,review_preparedness_goal,Review the preparedness goal and current buffer.,low,2026-08-17T07:00:20
REC00000503,INS00000503,USR000701,MINDGUARD,maintain_monitoring,Continue routine monitoring.,medium,2026-03-26T01:00:20
REC00000504,INS00000504,USR000704,MINDGUARD,repeat_assessment,Repeat the assessment later to add another observation.,low,2026-03-26T09:00:20
REC00000505,INS00000505,USR000705,MINDGUARD,repeat_assessment,Repeat the assessment later to add another observation.,low,2026-03-09T09:00:20
REC00000506,INS00000506,USR000707,MINDGUARD,maintain_monitoring,Continue routine monitoring.,low,2026-09-06T07:00:20
REC00000507,INS00000507,USR000707,HEALTH_RESERVE,review_preparedness_goal,Review the preparedness goal and current buffer.,medium,2026-09-14T12:00:20
REC00000508,INS00000508,USR000708,MINDGUARD,wellbeing_checkin,Complete a wellbeing check-in to add context.,low,2026-09-05T04:00:20
REC00000509,INS00000509,USR000709,MINDGUARD,wellbeing_checkin,Complete a wellbeing check-in to add context.,medium,2026-08-07T01:00:20
REC00000510,INS00000510,USR000710,HEALTH_RESERVE,review_preparedness_goal,Review the preparedness goal and current buffer.,medium,2026-01-04T00:00:20
REC00000511,INS00000511,USR000711,HEALTH_RESERVE,review_healthcare_coverage,Review healthcare coverage information.,medium,2026-07-25T17:00:20
REC00000512,INS00000512,USR000712,MINDGUARD,maintain_monitoring,Continue routine monitoring.,medium,2026-05-24T05:00:20
REC00000513,INS00000513,USR000715,HEALTH_RESERVE,review_preparedness_goal,Review the preparedness goal and current buffer.,low,2026-07-28T10:00:20
REC00000514,INS00000514,USR000716,MINDGUARD,repeat_assessment,Repeat the assessment later to add another observation.,low,2026-03-04T08:00:20
REC00000515,INS00000515,USR000718,MINDGUARD,repeat_assessment,Repeat the assessment later to add another observation.,low,2026-09-14T12:00:20
REC00000516,INS00000516,USR000718,HEALTH_RESERVE,review_preparedness_goal,Review the preparedness goal and current buffer.,medium,2026-05-16T09:00:20
REC00000517,INS00000517,USR000720,MINDGUARD,maintain_monitoring,Continue routine monitoring.,medium,2026-05-14T17:00:20
REC00000518,INS00000518,USR000721,MINDGUARD,repeat_assessment,Repeat the assessment later to add another observation.,low,2026-03-21T23:00:20
REC00000519,INS00000519,USR000722,MINDGUARD,maintain_monitoring,Continue routine monitoring.,medium,2026-06-10T13:00:20
REC00000520,INS00000520,USR000723,HEALTH_RESERVE,review_preparedness_goal,Review the preparedness goal and current buffer.,medium,2026-06-30T02:00:20
REC00000521,INS00000521,USR000725,MINDGUARD,maintain_monitoring,Continue routine monitoring.,medium,2026-06-02T11:00:20
REC00000522,INS00000522,USR000729,MINDGUARD,maintain_monitoring,Continue routine monitoring.,low,2026-04-28T07:00:20
REC00000523,INS00000523,USR000729,HEALTH_RESERVE,review_preparedness_goal,Review the preparedness goal and current buffer.,low,2026-08-19T05:00:20
REC00000524,INS00000524,USR000731,HEALTH_RESERVE,review_preparedness_goal,Review the preparedness goal and current buffer.,low,2026-03-21T16:00:20
REC00000525,INS00000525,USR000735,MINDGUARD,wellbeing_checkin,Complete a wellbeing check-in to add context.,low,2026-07-01T09:00:20
REC00000526,INS00000526,USR000735,HEALTH_RESERVE,review_preparedness_goal,Review the preparedness goal and current buffer.,medium,2026-06-02T07:00:20
REC00000527,INS00000527,USR000737,HEALTH_RESERVE,review_preparedness_goal,Review the preparedness goal and current buffer.,medium,2026-06-28T22:00:20
REC00000528,INS00000528,USR000738,MINDGUARD,repeat_assessment,Repeat the assessment later to add another observation.,low,2026-04-30T18:00:20
REC00000529,INS00000529,USR000739,MINDGUARD,maintain_monitoring,Continue routine monitoring.,medium,2026-06-16T09:00:20
REC00000530,INS00000530,USR000740,MINDGUARD,repeat_assessment,Repeat the assessment later to add another observation.,low,2026-04-25T22:00:20
REC00000531,INS00000531,USR000741,MINDGUARD,maintain_monitoring,Continue routine monitoring.,low,2026-09-14T12:00:20
REC00000532,INS00000532,USR000742,HEALTH_RESERVE,review_preparedness_goal,Review the preparedness goal and current buffer.,low,2026-04-08T07:00:20
REC00000533,INS00000533,USR000747,HEALTH_RESERVE,review_healthcare_coverage,Review healthcare coverage information.,medium,2026-09-14T12:00:20
REC00000534,INS00000534,USR000748,HEALTH_RESERVE,review_preparedness_goal,Review the preparedness goal and current buffer.,low,2026-07-29T16:00:20
REC00000535,INS00000535,USR000749,HEALTH_RESERVE,review_preparedness_goal,Review the preparedness goal and current buffer.,low,2026-02-20T14:00:20
REC00000536,INS00000536,USR000752,MINDGUARD,repeat_assessment,Repeat the assessment later to add another observation.,low,2026-01-03T22:00:20
REC00000537,INS00000537,USR000753,MINDGUARD,repeat_assessment,Repeat the assessment later to add another observation.,low,2026-09-13T07:00:20
REC00000538,INS00000538,USR000754,MINDGUARD,review_sleep,Review recent sleep context and repeat monitoring when convenient.,medium,2026-09-04T09:00:20
REC00000539,INS00000539,USR000755,MINDGUARD,repeat_assessment,Repeat the assessment later to add another observation.,low,2026-04-19T08:00:20
REC00000540,INS00000540,USR000755,HEALTH_RESERVE,review_preparedness_goal,Review the preparedness goal and current buffer.,low,2026-08-14T06:00:20
REC00000541,INS00000541,USR000756,MINDGUARD,maintain_monitoring,Continue routine monitoring.,low,2026-09-14T12:00:20
REC00000542,INS00000542,USR000757,HEALTH_RESERVE,review_healthcare_coverage,Review healthcare coverage information.,medium,2026-07-10T01:00:20
REC00000543,INS00000543,USR000758,MINDGUARD,repeat_assessment,Repeat the assessment later to add another observation.,medium,2026-02-22T07:00:20
REC00000544,INS00000544,USR000760,HEALTH_RESERVE,review_preparedness_goal,Review the preparedness goal and current buffer.,low,2026-03-02T02:00:20
REC00000545,INS00000545,USR000761,HEALTH_RESERVE,review_preparedness_goal,Review the preparedness goal and current buffer.,low,2026-09-14T12:00:20
REC00000546,INS00000546,USR000762,MINDGUARD,repeat_assessment,Repeat the assessment later to add another observation.,low,2026-06-12T11:00:20
REC00000547,INS00000547,USR000763,MINDGUARD,repeat_assessment,Repeat the assessment later to add another observation.,medium,2026-05-06T16:00:20
REC00000548,INS00000548,USR000763,HEALTH_RESERVE,review_preparedness_goal,Review the preparedness goal and current buffer.,medium,2026-06-13T21:00:20
REC00000549,INS00000549,USR000764,HEALTH_RESERVE,review_preparedness_goal,Review the preparedness goal and current buffer.,low,2026-06-13T14:00:20
REC00000550,INS00000550,USR000765,MINDGUARD,repeat_assessment,Repeat the assessment later to add another observation.,low,2026-06-30T04:00:20
REC00000551,INS00000551,USR000768,MINDGUARD,repeat_assessment,Repeat the assessment later to add another observation.,medium,2026-07-23T17:00:20
REC00000552,INS00000552,USR000769,MINDGUARD,repeat_assessment,Repeat the assessment later to add another observation.,low,2026-09-14T12:00:20
REC00000553,INS00000553,USR000771,MINDGUARD,maintain_monitoring,Continue routine monitoring.,low,2026-05-22T02:00:20
REC00000554,INS00000554,USR000774,MINDGUARD,maintain_monitoring,Continue routine monitoring.,medium,2026-07-31T04:00:20
REC00000555,INS00000555,USR000775,MINDGUARD,repeat_assessment,Repeat the assessment later to add another observation.,medium,2026-03-24T15:00:20
REC00000556,INS00000556,USR000776,HEALTH_RESERVE,review_preparedness_goal,Review the preparedness goal and current buffer.,low,2026-05-13T06:00:20
REC00000557,INS00000557,USR000777,MINDGUARD,maintain_monitoring,Continue routine monitoring.,medium,2026-06-29T05:00:20
REC00000558,INS00000558,USR000778,MINDGUARD,maintain_monitoring,Continue routine monitoring.,low,2026-09-14T12:00:20
REC00000559,INS00000559,USR000780,MINDGUARD,maintain_monitoring,Continue routine monitoring.,low,2026-06-13T00:00:20
REC00000560,INS00000560,USR000781,MINDGUARD,maintain_monitoring,Continue routine monitoring.,low,2026-05-29T20:00:20
REC00000561,INS00000561,USR000781,HEALTH_RESERVE,review_preparedness_goal,Review the preparedness goal and current buffer.,low,2026-04-08T00:00:20
REC00000562,INS00000562,USR000784,MINDGUARD,repeat_assessment,Repeat the assessment later to add another observation.,medium,2026-09-14T12:00:20
REC00000563,INS00000563,USR000786,HEALTH_RESERVE,review_preparedness_goal,Review the preparedness goal and current buffer.,low,2026-09-14T12:00:20
REC00000564,INS00000564,USR000787,MINDGUARD,wellbeing_checkin,Complete a wellbeing check-in to add context.,low,2026-09-02T04:00:20
REC00000565,INS00000565,USR000788,MINDGUARD,maintain_monitoring,Continue routine monitoring.,low,2026-07-27T01:00:20
REC00000566,INS00000566,USR000790,HEALTH_RESERVE,review_preparedness_goal,Review the preparedness goal and current buffer.,medium,2026-02-24T18:00:20
REC00000567,INS00000567,USR000791,HEALTH_RESERVE,review_healthcare_coverage,Review healthcare coverage information.,low,2026-05-16T08:00:20
REC00000568,INS00000568,USR000794,MINDGUARD,repeat_assessment,Repeat the assessment later to add another observation.,low,2026-01-20T21:00:20
REC00000569,INS00000569,USR000798,MINDGUARD,maintain_monitoring,Continue routine monitoring.,medium,2026-05-17T20:00:20
REC00000570,INS00000570,USR000798,HEALTH_RESERVE,review_preparedness_goal,Review the preparedness goal and current buffer.,low,2026-07-07T01:00:20
REC00000571,INS00000571,USR000799,MINDGUARD,wellbeing_checkin,Complete a wellbeing check-in to add context.,low,2026-07-28T16:00:20
REC00000572,INS00000572,USR000800,MINDGUARD,repeat_assessment,Repeat the assessment later to add another observation.,medium,2026-05-28T08:00:20
REC00000573,INS00000573,USR000800,HEALTH_RESERVE,review_preparedness_goal,Review the preparedness goal and current buffer.,medium,2026-06-21T03:00:20
REC00000574,INS00000574,USR000801,HEALTH_RESERVE,review_healthcare_coverage,Review healthcare coverage information.,medium,2026-06-23T17:00:20
REC00000575,INS00000575,USR000802,MINDGUARD,maintain_monitoring,Continue routine monitoring.,low,2026-07-05T00:00:20
REC00000576,INS00000576,USR000805,MINDGUARD,repeat_assessment,Repeat the assessment later to add another observation.,medium,2026-02-17T10:00:20
REC00000577,INS00000577,USR000805,HEALTH_RESERVE,review_preparedness_goal,Review the preparedness goal and current buffer.,low,2026-05-01T12:00:20
REC00000578,INS00000578,USR000808,MINDGUARD,repeat_assessment,Repeat the assessment later to add another observation.,low,2026-04-12T01:00:20
REC00000579,INS00000579,USR000810,MINDGUARD,maintain_monitoring,Continue routine monitoring.,medium,2026-09-14T09:00:20
REC00000580,INS00000580,USR000811,HEALTH_RESERVE,review_preparedness_goal,Review the preparedness goal and current buffer.,medium,2026-07-01T15:00:20
REC00000581,INS00000581,USR000814,MINDGUARD,maintain_monitoring,Continue routine monitoring.,low,2026-06-28T08:00:20
REC00000582,INS00000582,USR000814,HEALTH_RESERVE,review_healthcare_coverage,Review healthcare coverage information.,medium,2026-05-28T08:00:20
REC00000583,INS00000583,USR000816,MINDGUARD,repeat_assessment,Repeat the assessment later to add another observation.,low,2026-05-04T04:00:20
REC00000584,INS00000584,USR000816,HEALTH_RESERVE,review_preparedness_goal,Review the preparedness goal and current buffer.,medium,2026-06-17T00:00:20
REC00000585,INS00000585,USR000817,MINDGUARD,maintain_monitoring,Continue routine monitoring.,low,2026-07-15T08:00:20
REC00000586,INS00000586,USR000818,HEALTH_RESERVE,review_preparedness_goal,Review the preparedness goal and current buffer.,low,2026-05-08T05:00:20
REC00000587,INS00000587,USR000822,HEALTH_RESERVE,review_preparedness_goal,Review the preparedness goal and current buffer.,medium,2026-06-06T18:00:20
REC00000588,INS00000588,USR000825,MINDGUARD,maintain_monitoring,Continue routine monitoring.,medium,2026-07-31T18:00:20
REC00000589,INS00000589,USR000827,MINDGUARD,repeat_assessment,Repeat the assessment later to add another observation.,low,2026-07-20T03:00:20
REC00000590,INS00000590,USR000828,MINDGUARD,wellbeing_checkin,Complete a wellbeing check-in to add context.,medium,2026-08-31T04:00:20
REC00000591,INS00000591,USR000829,MINDGUARD,maintain_monitoring,Continue routine monitoring.,low,2026-08-14T20:00:20
REC00000592,INS00000592,USR000830,MINDGUARD,repeat_assessment,Repeat the assessment later to add another observation.,medium,2026-09-14T12:00:20
REC00000593,INS00000593,USR000831,MINDGUARD,repeat_assessment,Repeat the assessment later to add another observation.,low,2026-04-27T18:00:20
REC00000594,INS00000594,USR000832,MINDGUARD,wellbeing_checkin,Complete a wellbeing check-in to add context.,medium,2026-09-14T12:00:20
REC00000595,INS00000595,USR000833,MINDGUARD,review_sleep,Review recent sleep context and repeat monitoring when convenient.,low,2026-09-14T12:00:20
REC00000596,INS00000596,USR000834,MINDGUARD,maintain_monitoring,Continue routine monitoring.,low,2026-09-14T12:00:20
REC00000597,INS00000597,USR000837,MINDGUARD,repeat_assessment,Repeat the assessment later to add another observation.,medium,2026-06-09T12:00:20
REC00000598,INS00000598,USR000838,MINDGUARD,maintain_monitoring,Continue routine monitoring.,low,2026-06-10T19:00:20
REC00000599,INS00000599,USR000839,MINDGUARD,repeat_assessment,Repeat the assessment later to add another observation.,medium,2026-02-25T18:00:20
REC00000600,INS00000600,USR000840,MINDGUARD,repeat_assessment,Repeat the assessment later to add another observation.,medium,2026-02-02T22:00:20
REC00000601,INS00000601,USR000842,MINDGUARD,repeat_assessment,Repeat the assessment later to add another observation.,low,2026-08-09T11:00:20
REC00000602,INS00000602,USR000843,MINDGUARD,wellbeing_checkin,Complete a wellbeing check-in to add context.,low,2026-02-24T07:00:20
REC00000603,INS00000603,USR000847,MINDGUARD,review_sleep,Review recent sleep context and repeat monitoring when convenient.,low,2026-06-06T19:00:20
REC00000604,INS00000604,USR000848,MINDGUARD,maintain_monitoring,Continue routine monitoring.,low,2026-05-18T14:00:20
REC00000605,INS00000605,USR000849,MINDGUARD,maintain_monitoring,Continue routine monitoring.,low,2026-06-23T22:00:20
REC00000606,INS00000606,USR000851,MINDGUARD,repeat_assessment,Repeat the assessment later to add another observation.,medium,2026-04-18T01:00:20
REC00000607,INS00000607,USR000852,MINDGUARD,repeat_assessment,Repeat the assessment later to add another observation.,medium,2026-01-30T04:00:20
REC00000608,INS00000608,USR000853,MINDGUARD,maintain_monitoring,Continue routine monitoring.,medium,2026-03-05T01:00:20
REC00000609,INS00000609,USR000855,MINDGUARD,repeat_assessment,Repeat the assessment later to add another observation.,medium,2026-03-24T12:00:20
REC00000610,INS00000610,USR000859,HEALTH_RESERVE,review_preparedness_goal,Review the preparedness goal and current buffer.,medium,2026-03-01T04:00:20
REC00000611,INS00000611,USR000862,MINDGUARD,repeat_assessment,Repeat the assessment later to add another observation.,medium,2026-05-31T16:00:20
REC00000612,INS00000612,USR000863,HEALTH_RESERVE,review_preparedness_goal,Review the preparedness goal and current buffer.,low,2026-06-15T07:00:20
REC00000613,INS00000613,USR000864,HEALTH_RESERVE,review_preparedness_goal,Review the preparedness goal and current buffer.,low,2026-04-03T03:00:20
REC00000614,INS00000614,USR000865,MINDGUARD,repeat_assessment,Repeat the assessment later to add another observation.,medium,2026-08-09T04:00:20
REC00000615,INS00000615,USR000868,MINDGUARD,repeat_assessment,Repeat the assessment later to add another observation.,medium,2026-09-14T12:00:20
REC00000616,INS00000616,USR000870,MINDGUARD,repeat_assessment,Repeat the assessment later to add another observation.,low,2026-01-27T14:00:20
REC00000617,INS00000617,USR000871,MINDGUARD,repeat_assessment,Repeat the assessment later to add another observation.,low,2026-06-21T05:00:20
REC00000618,INS00000618,USR000872,HEALTH_RESERVE,review_preparedness_goal,Review the preparedness goal and current buffer.,low,2026-09-14T12:00:20
REC00000619,INS00000619,USR000873,MINDGUARD,maintain_monitoring,Continue routine monitoring.,medium,2026-03-06T13:00:20
REC00000620,INS00000620,USR000874,MINDGUARD,maintain_monitoring,Continue routine monitoring.,medium,2026-09-14T12:00:20
REC00000621,INS00000621,USR000875,MINDGUARD,repeat_assessment,Repeat the assessment later to add another observation.,low,2026-06-12T08:00:20
REC00000622,INS00000622,USR000877,MINDGUARD,review_sleep,Review recent sleep context and repeat monitoring when convenient.,medium,2026-09-14T12:00:20
REC00000623,INS00000623,USR000878,MINDGUARD,repeat_assessment,Repeat the assessment later to add another observation.,low,2026-07-19T17:00:20
REC00000624,INS00000624,USR000879,HEALTH_RESERVE,review_preparedness_goal,Review the preparedness goal and current buffer.,medium,2026-05-15T12:00:20
REC00000625,INS00000625,USR000880,HEALTH_RESERVE,review_preparedness_goal,Review the preparedness goal and current buffer.,low,2026-06-03T19:00:20
REC00000626,INS00000626,USR000882,HEALTH_RESERVE,review_preparedness_goal,Review the preparedness goal and current buffer.,medium,2026-04-09T08:00:20
REC00000627,INS00000627,USR000883,MINDGUARD,repeat_assessment,Repeat the assessment later to add another observation.,low,2026-09-14T12:00:20
REC00000628,INS00000628,USR000884,MINDGUARD,repeat_assessment,Repeat the assessment later to add another observation.,medium,2026-07-26T19:00:20
REC00000629,INS00000629,USR000889,MINDGUARD,repeat_assessment,Repeat the assessment later to add another observation.,low,2026-05-18T19:00:20
REC00000630,INS00000630,USR000892,HEALTH_RESERVE,review_preparedness_goal,Review the preparedness goal and current buffer.,medium,2026-06-26T21:00:20
REC00000631,INS00000631,USR000893,MINDGUARD,maintain_monitoring,Continue routine monitoring.,medium,2026-02-14T20:00:20
REC00000632,INS00000632,USR000894,MINDGUARD,wellbeing_checkin,Complete a wellbeing check-in to add context.,medium,2026-09-14T12:00:20
REC00000633,INS00000633,USR000895,MINDGUARD,repeat_assessment,Repeat the assessment later to add another observation.,low,2026-03-18T07:00:20
REC00000634,INS00000634,USR000896,HEALTH_RESERVE,review_preparedness_goal,Review the preparedness goal and current buffer.,low,2026-08-23T02:00:20
REC00000635,INS00000635,USR000897,MINDGUARD,maintain_monitoring,Continue routine monitoring.,low,2026-04-30T09:00:20
REC00000636,INS00000636,USR000898,MINDGUARD,repeat_assessment,Repeat the assessment later to add another observation.,low,2026-09-14T12:00:20
REC00000637,INS00000637,USR000899,MINDGUARD,review_sleep,Review recent sleep context and repeat monitoring when convenient.,low,2026-07-01T06:00:20
REC00000638,INS00000638,USR000901,MINDGUARD,maintain_monitoring,Continue routine monitoring.,medium,2026-07-21T17:00:20
REC00000639,INS00000639,USR000902,HEALTH_RESERVE,review_preparedness_goal,Review the preparedness goal and current buffer.,low,2026-02-23T20:00:20
REC00000640,INS00000640,USR000903,MINDGUARD,review_sleep,Review recent sleep context and repeat monitoring when convenient.,medium,2026-09-14T12:00:20
REC00000641,INS00000641,USR000905,MINDGUARD,repeat_assessment,Repeat the assessment later to add another observation.,medium,2026-01-26T06:00:20
REC00000642,INS00000642,USR000909,MINDGUARD,repeat_assessment,Repeat the assessment later to add another observation.,medium,2026-06-07T16:00:20
REC00000643,INS00000643,USR000914,MINDGUARD,maintain_monitoring,Continue routine monitoring.,medium,2026-06-23T04:00:20
REC00000644,INS00000644,USR000917,MINDGUARD,maintain_monitoring,Continue routine monitoring.,low,2026-07-25T08:00:20
REC00000645,INS00000645,USR000918,HEALTH_RESERVE,review_preparedness_goal,Review the preparedness goal and current buffer.,medium,2026-06-20T19:00:20
REC00000646,INS00000646,USR000919,MINDGUARD,maintain_monitoring,Continue routine monitoring.,low,2026-08-06T12:00:20
REC00000647,INS00000647,USR000923,MINDGUARD,maintain_monitoring,Continue routine monitoring.,medium,2026-08-15T06:00:20
REC00000648,INS00000648,USR000926,MINDGUARD,maintain_monitoring,Continue routine monitoring.,medium,2026-04-08T02:00:20
REC00000649,INS00000649,USR000926,HEALTH_RESERVE,review_preparedness_goal,Review the preparedness goal and current buffer.,low,2025-12-27T04:00:20
REC00000650,INS00000650,USR000927,HEALTH_RESERVE,review_preparedness_goal,Review the preparedness goal and current buffer.,low,2026-01-29T12:00:20
REC00000651,INS00000651,USR000928,MINDGUARD,review_sleep,Review recent sleep context and repeat monitoring when convenient.,medium,2026-06-26T11:00:20
REC00000652,INS00000652,USR000930,MINDGUARD,repeat_assessment,Repeat the assessment later to add another observation.,low,2026-04-08T09:00:20
REC00000653,INS00000653,USR000930,HEALTH_RESERVE,review_preparedness_goal,Review the preparedness goal and current buffer.,medium,2026-03-26T09:00:20
REC00000654,INS00000654,USR000933,HEALTH_RESERVE,review_healthcare_coverage,Review healthcare coverage information.,medium,2026-03-03T01:00:20
REC00000655,INS00000655,USR000934,HEALTH_RESERVE,review_preparedness_goal,Review the preparedness goal and current buffer.,medium,2026-03-31T10:00:20
REC00000656,INS00000656,USR000936,MINDGUARD,repeat_assessment,Repeat the assessment later to add another observation.,low,2026-06-17T02:00:20
REC00000657,INS00000657,USR000938,MINDGUARD,maintain_monitoring,Continue routine monitoring.,medium,2026-07-13T14:00:20
REC00000658,INS00000658,USR000938,HEALTH_RESERVE,review_preparedness_goal,Review the preparedness goal and current buffer.,low,2026-06-16T10:00:20
REC00000659,INS00000659,USR000939,MINDGUARD,repeat_assessment,Repeat the assessment later to add another observation.,medium,2026-04-08T11:00:20
REC00000660,INS00000660,USR000940,HEALTH_RESERVE,review_healthcare_coverage,Review healthcare coverage information.,medium,2026-02-24T05:00:20
REC00000661,INS00000661,USR000941,HEALTH_RESERVE,review_preparedness_goal,Review the preparedness goal and current buffer.,low,2026-05-23T06:00:20
REC00000662,INS00000662,USR000942,HEALTH_RESERVE,review_preparedness_goal,Review the preparedness goal and current buffer.,medium,2026-09-14T12:00:20
REC00000663,INS00000663,USR000943,MINDGUARD,maintain_monitoring,Continue routine monitoring.,medium,2026-09-14T12:00:20
REC00000664,INS00000664,USR000947,HEALTH_RESERVE,review_healthcare_coverage,Review healthcare coverage information.,medium,2026-05-07T15:00:20
REC00000665,INS00000665,USR000949,MINDGUARD,repeat_assessment,Repeat the assessment later to add another observation.,medium,2026-07-06T15:00:20
REC00000666,INS00000666,USR000950,MINDGUARD,maintain_monitoring,Continue routine monitoring.,medium,2026-09-14T12:00:20
REC00000667,INS00000667,USR000951,MINDGUARD,repeat_assessment,Repeat the assessment later to add another observation.,low,2026-08-05T08:00:20
REC00000668,INS00000668,USR000953,MINDGUARD,repeat_assessment,Repeat the assessment later to add another observation.,low,2026-06-19T06:00:20
REC00000669,INS00000669,USR000954,HEALTH_RESERVE,review_preparedness_goal,Review the preparedness goal and current buffer.,medium,2026-08-01T19:00:20
REC00000670,INS00000670,USR000955,MINDGUARD,maintain_monitoring,Continue routine monitoring.,medium,2026-06-06T06:00:20
REC00000671,INS00000671,USR000956,HEALTH_RESERVE,review_preparedness_goal,Review the preparedness goal and current buffer.,low,2026-04-11T14:00:20
REC00000672,INS00000672,USR000957,MINDGUARD,repeat_assessment,Repeat the assessment later to add another observation.,low,2026-03-20T18:00:20
REC00000673,INS00000673,USR000958,HEALTH_RESERVE,review_preparedness_goal,Review the preparedness goal and current buffer.,medium,2026-06-21T07:00:20
REC00000674,INS00000674,USR000960,HEALTH_RESERVE,review_preparedness_goal,Review the preparedness goal and current buffer.,medium,2026-01-23T10:00:20
REC00000675,INS00000675,USR000961,MINDGUARD,repeat_assessment,Repeat the assessment later to add another observation.,low,2026-02-02T18:00:20
REC00000676,INS00000676,USR000962,HEALTH_RESERVE,review_healthcare_coverage,Review healthcare coverage information.,medium,2026-06-18T06:00:20
REC00000677,INS00000677,USR000964,MINDGUARD,maintain_monitoring,Continue routine monitoring.,medium,2026-06-18T20:00:20
REC00000678,INS00000678,USR000966,MINDGUARD,wellbeing_checkin,Complete a wellbeing check-in to add context.,medium,2026-08-01T10:00:20
REC00000679,INS00000679,USR000967,MINDGUARD,repeat_assessment,Repeat the assessment later to add another observation.,low,2026-05-13T15:00:20
REC00000680,INS00000680,USR000968,HEALTH_RESERVE,review_preparedness_goal,Review the preparedness goal and current buffer.,medium,2026-05-02T17:00:20
REC00000681,INS00000681,USR000969,MINDGUARD,repeat_assessment,Repeat the assessment later to add another observation.,low,2026-01-06T16:00:20
REC00000682,INS00000682,USR000970,HEALTH_RESERVE,review_healthcare_coverage,Review healthcare coverage information.,low,2026-08-08T05:00:20
REC00000683,INS00000683,USR000971,HEALTH_RESERVE,review_preparedness_goal,Review the preparedness goal and current buffer.,low,2026-05-20T15:00:20
REC00000684,INS00000684,USR000972,MINDGUARD,maintain_monitoring,Continue routine monitoring.,low,2026-06-17T08:00:20
REC00000685,INS00000685,USR000976,MINDGUARD,review_sleep,Review recent sleep context and repeat monitoring when convenient.,medium,2026-06-23T03:00:20
REC00000686,INS00000686,USR000978,MINDGUARD,repeat_assessment,Repeat the assessment later to add another observation.,low,2026-06-23T11:00:20
REC00000687,INS00000687,USR000979,MINDGUARD,repeat_assessment,Repeat the assessment later to add another observation.,low,2026-09-14T12:00:20
REC00000688,INS00000688,USR000980,MINDGUARD,repeat_assessment,Repeat the assessment later to add another observation.,medium,2026-09-14T12:00:20
REC00000689,INS00000689,USR000988,HEALTH_RESERVE,review_healthcare_coverage,Review healthcare coverage information.,medium,2026-05-20T21:00:20
REC00000690,INS00000690,USR000989,HEALTH_RESERVE,review_preparedness_goal,Review the preparedness goal and current buffer.,medium,2026-08-29T05:00:20
REC00000691,INS00000691,USR000990,HEALTH_RESERVE,review_preparedness_goal,Review the preparedness goal and current buffer.,low,2026-09-14T12:00:20
REC00000692,INS00000692,USR000994,HEALTH_RESERVE,review_preparedness_goal,Review the preparedness goal and current buffer.,low,2026-03-14T03:00:20
REC00000693,INS00000693,USR000995,MINDGUARD,repeat_assessment,Repeat the assessment later to add another observation.,low,2026-07-22T10:00:20
REC00000694,INS00000694,USR000995,HEALTH_RESERVE,review_preparedness_goal,Review the preparedness goal and current buffer.,medium,2026-05-06T15:00:20
REC00000695,INS00000695,USR000996,MINDGUARD,review_sleep,Review recent sleep context and repeat monitoring when convenient.,low,2026-09-14T12:00:20
REC00000696,INS00000696,USR000996,HEALTH_RESERVE,review_preparedness_goal,Review the preparedness goal and current buffer.,medium,2026-04-27T02:00:20
REC00000697,INS00000697,USR000997,HEALTH_RESERVE,review_healthcare_coverage,Review healthcare coverage information.,medium,2026-09-14T12:00:20
REC00000698,INS00000698,USR000998,MINDGUARD,maintain_monitoring,Continue routine monitoring.,medium,2026-09-04T09:00:20
REC00000699,INS00000699,USR000999,MINDGUARD,maintain_monitoring,Continue routine monitoring.,low,2026-07-26T17:00:20
REC00000700,INS00000700,USR001000,HEALTH_RESERVE,review_preparedness_goal,Review the preparedness goal and current buffer.,medium,2026-03-27T18:00:20
REC00000701,INS00000701,USR001003,MINDGUARD,maintain_monitoring,Continue routine monitoring.,medium,2026-05-10T15:00:20
REC00000702,INS00000702,USR001004,MINDGUARD,repeat_assessment,Repeat the assessment later to add another observation.,low,2026-04-23T15:00:20
REC00000703,INS00000703,USR001005,MINDGUARD,repeat_assessment,Repeat the assessment later to add another observation.,medium,2026-03-18T07:00:20
REC00000704,INS00000704,USR001006,MINDGUARD,maintain_monitoring,Continue routine monitoring.,medium,2026-06-06T12:00:20
REC00000705,INS00000705,USR001008,MINDGUARD,repeat_assessment,Repeat the assessment later to add another observation.,low,2026-02-21T21:00:20
REC00000706,INS00000706,USR001010,MINDGUARD,review_sleep,Review recent sleep context and repeat monitoring when convenient.,medium,2026-07-06T16:00:20
REC00000707,INS00000707,USR001011,MINDGUARD,repeat_assessment,Repeat the assessment later to add another observation.,low,2026-07-02T00:00:20
REC00000708,INS00000708,USR001012,HEALTH_RESERVE,review_preparedness_goal,Review the preparedness goal and current buffer.,low,2026-06-17T11:00:20
REC00000709,INS00000709,USR001013,MINDGUARD,maintain_monitoring,Continue routine monitoring.,low,2026-06-06T22:00:20
REC00000710,INS00000710,USR001014,HEALTH_RESERVE,review_preparedness_goal,Review the preparedness goal and current buffer.,low,2026-03-04T02:00:20
REC00000711,INS00000711,USR001019,MINDGUARD,maintain_monitoring,Continue routine monitoring.,low,2026-07-20T13:00:20
REC00000712,INS00000712,USR001021,MINDGUARD,maintain_monitoring,Continue routine monitoring.,medium,2026-07-27T04:00:20
REC00000713,INS00000713,USR001022,HEALTH_RESERVE,review_preparedness_goal,Review the preparedness goal and current buffer.,low,2026-06-08T04:00:20
REC00000714,INS00000714,USR001023,MINDGUARD,maintain_monitoring,Continue routine monitoring.,medium,2026-07-27T02:00:20
REC00000715,INS00000715,USR001023,HEALTH_RESERVE,review_preparedness_goal,Review the preparedness goal and current buffer.,low,2026-07-23T21:00:20
REC00000716,INS00000716,USR001025,HEALTH_RESERVE,review_healthcare_coverage,Review healthcare coverage information.,low,2026-04-22T20:00:20
REC00000717,INS00000717,USR001027,HEALTH_RESERVE,review_preparedness_goal,Review the preparedness goal and current buffer.,medium,2026-09-14T12:00:20
REC00000718,INS00000718,USR001028,MINDGUARD,repeat_assessment,Repeat the assessment later to add another observation.,medium,2026-04-11T21:00:20
REC00000719,INS00000719,USR001030,HEALTH_RESERVE,review_preparedness_goal,Review the preparedness goal and current buffer.,medium,2026-06-13T15:00:20
REC00000720,INS00000720,USR001031,MINDGUARD,maintain_monitoring,Continue routine monitoring.,low,2026-09-14T12:00:20
REC00000721,INS00000721,USR001032,HEALTH_RESERVE,review_preparedness_goal,Review the preparedness goal and current buffer.,low,2026-07-08T12:00:20
REC00000722,INS00000722,USR001036,MINDGUARD,maintain_monitoring,Continue routine monitoring.,medium,2026-05-28T04:00:20
REC00000723,INS00000723,USR001038,MINDGUARD,repeat_assessment,Repeat the assessment later to add another observation.,medium,2026-05-25T18:00:20
REC00000724,INS00000724,USR001041,MINDGUARD,repeat_assessment,Repeat the assessment later to add another observation.,low,2026-08-08T04:00:20
REC00000725,INS00000725,USR001043,MINDGUARD,maintain_monitoring,Continue routine monitoring.,low,2026-03-10T04:00:20
REC00000726,INS00000726,USR001044,MINDGUARD,review_sleep,Review recent sleep context and repeat monitoring when convenient.,medium,2026-05-05T21:00:20
REC00000727,INS00000727,USR001046,HEALTH_RESERVE,review_preparedness_goal,Review the preparedness goal and current buffer.,low,2026-03-19T09:00:20
REC00000728,INS00000728,USR001048,MINDGUARD,repeat_assessment,Repeat the assessment later to add another observation.,low,2026-04-07T13:00:20
REC00000729,INS00000729,USR001050,HEALTH_RESERVE,review_preparedness_goal,Review the preparedness goal and current buffer.,low,2026-07-15T14:00:20
REC00000730,INS00000730,USR001052,HEALTH_RESERVE,review_preparedness_goal,Review the preparedness goal and current buffer.,low,2026-04-04T19:00:20
REC00000731,INS00000731,USR001053,MINDGUARD,maintain_monitoring,Continue routine monitoring.,medium,2026-09-14T12:00:20
REC00000732,INS00000732,USR001055,MINDGUARD,repeat_assessment,Repeat the assessment later to add another observation.,low,2026-08-17T16:00:20
REC00000733,INS00000733,USR001058,MINDGUARD,review_sleep,Review recent sleep context and repeat monitoring when convenient.,low,2026-06-30T06:00:20
REC00000734,INS00000734,USR001059,MINDGUARD,maintain_monitoring,Continue routine monitoring.,medium,2026-07-10T11:00:20
REC00000735,INS00000735,USR001061,MINDGUARD,maintain_monitoring,Continue routine monitoring.,low,2026-05-08T21:00:20
REC00000736,INS00000736,USR001062,MINDGUARD,maintain_monitoring,Continue routine monitoring.,low,2026-05-10T17:00:20
REC00000737,INS00000737,USR001065,HEALTH_RESERVE,review_preparedness_goal,Review the preparedness goal and current buffer.,low,2026-09-14T12:00:20
REC00000738,INS00000738,USR001066,HEALTH_RESERVE,review_preparedness_goal,Review the preparedness goal and current buffer.,low,2026-09-14T12:00:20
REC00000739,INS00000739,USR001067,MINDGUARD,repeat_assessment,Repeat the assessment later to add another observation.,medium,2026-01-10T00:00:20
REC00000740,INS00000740,USR001068,MINDGUARD,maintain_monitoring,Continue routine monitoring.,medium,2026-09-14T12:00:20
REC00000741,INS00000741,USR001069,HEALTH_RESERVE,review_healthcare_coverage,Review healthcare coverage information.,low,2026-09-14T12:00:20
REC00000742,INS00000742,USR001070,MINDGUARD,review_sleep,Review recent sleep context and repeat monitoring when convenient.,medium,2026-08-29T03:00:20
REC00000743,INS00000743,USR001074,HEALTH_RESERVE,review_preparedness_goal,Review the preparedness goal and current buffer.,low,2026-02-18T13:00:20
REC00000744,INS00000744,USR001075,MINDGUARD,repeat_assessment,Repeat the assessment later to add another observation.,medium,2026-03-17T09:00:20
REC00000745,INS00000745,USR001081,MINDGUARD,repeat_assessment,Repeat the assessment later to add another observation.,low,2026-05-24T02:00:20
REC00000746,INS00000746,USR001083,MINDGUARD,repeat_assessment,Repeat the assessment later to add another observation.,low,2026-08-18T11:00:20
REC00000747,INS00000747,USR001085,MINDGUARD,repeat_assessment,Repeat the assessment later to add another observation.,low,2026-07-05T05:00:20
REC00000748,INS00000748,USR001087,MINDGUARD,maintain_monitoring,Continue routine monitoring.,low,2026-07-25T20:00:20
REC00000749,INS00000749,USR001088,MINDGUARD,repeat_assessment,Repeat the assessment later to add another observation.,medium,2026-01-14T21:00:20
REC00000750,INS00000750,USR001089,MINDGUARD,repeat_assessment,Repeat the assessment later to add another observation.,medium,2026-05-05T19:00:20
REC00000751,INS00000751,USR001090,MINDGUARD,repeat_assessment,Repeat the assessment later to add another observation.,low,2026-03-27T06:00:20
REC00000752,INS00000752,USR001091,HEALTH_RESERVE,review_preparedness_goal,Review the preparedness goal and current buffer.,medium,2026-04-15T08:00:20
REC00000753,INS00000753,USR001094,MINDGUARD,repeat_assessment,Repeat the assessment later to add another observation.,medium,2026-02-07T14:00:20
REC00000754,INS00000754,USR001095,MINDGUARD,maintain_monitoring,Continue routine monitoring.,medium,2026-07-14T12:00:20
REC00000755,INS00000755,USR001095,HEALTH_RESERVE,review_healthcare_coverage,Review healthcare coverage information.,low,2026-09-14T12:00:20
REC00000756,INS00000756,USR001097,HEALTH_RESERVE,review_preparedness_goal,Review the preparedness goal and current buffer.,medium,2026-05-31T21:00:20
REC00000757,INS00000757,USR001099,MINDGUARD,review_sleep,Review recent sleep context and repeat monitoring when convenient.,medium,2026-08-21T17:00:20
REC00000758,INS00000758,USR001099,HEALTH_RESERVE,review_preparedness_goal,Review the preparedness goal and current buffer.,low,2026-06-17T20:00:20
REC00000759,INS00000759,USR001101,MINDGUARD,repeat_assessment,Repeat the assessment later to add another observation.,low,2026-04-07T13:00:20
REC00000760,INS00000760,USR001102,MINDGUARD,maintain_monitoring,Continue routine monitoring.,medium,2026-06-26T05:00:20
REC00000761,INS00000761,USR001104,MINDGUARD,review_sleep,Review recent sleep context and repeat monitoring when convenient.,medium,2026-08-05T11:00:20
REC00000762,INS00000762,USR001105,MINDGUARD,repeat_assessment,Repeat the assessment later to add another observation.,medium,2026-07-07T06:00:20
REC00000763,INS00000763,USR001106,HEALTH_RESERVE,review_preparedness_goal,Review the preparedness goal and current buffer.,low,2026-09-14T12:00:20
REC00000764,INS00000764,USR001107,HEALTH_RESERVE,review_preparedness_goal,Review the preparedness goal and current buffer.,low,2026-06-01T00:00:20
REC00000765,INS00000765,USR001108,MINDGUARD,maintain_monitoring,Continue routine monitoring.,low,2026-09-04T22:00:20
REC00000766,INS00000766,USR001110,MINDGUARD,repeat_assessment,Repeat the assessment later to add another observation.,low,2026-07-17T11:00:20
REC00000767,INS00000767,USR001111,MINDGUARD,maintain_monitoring,Continue routine monitoring.,low,2026-07-11T04:00:20
REC00000768,INS00000768,USR001112,HEALTH_RESERVE,review_healthcare_coverage,Review healthcare coverage information.,medium,2026-07-15T01:00:20
REC00000769,INS00000769,USR001114,MINDGUARD,repeat_assessment,Repeat the assessment later to add another observation.,medium,2026-09-14T12:00:20
REC00000770,INS00000770,USR001115,MINDGUARD,wellbeing_checkin,Complete a wellbeing check-in to add context.,low,2026-08-24T04:00:20
REC00000771,INS00000771,USR001116,MINDGUARD,repeat_assessment,Repeat the assessment later to add another observation.,medium,2026-05-24T13:00:20
REC00000772,INS00000772,USR001118,MINDGUARD,maintain_monitoring,Continue routine monitoring.,medium,2026-05-02T08:00:20
REC00000773,INS00000773,USR001119,MINDGUARD,repeat_assessment,Repeat the assessment later to add another observation.,medium,2026-05-14T23:00:20
REC00000774,INS00000774,USR001121,MINDGUARD,review_sleep,Review recent sleep context and repeat monitoring when convenient.,medium,2026-08-03T18:00:20
REC00000775,INS00000775,USR001122,HEALTH_RESERVE,review_preparedness_goal,Review the preparedness goal and current buffer.,medium,2026-03-12T16:00:20
REC00000776,INS00000776,USR001124,MINDGUARD,repeat_assessment,Repeat the assessment later to add another observation.,low,2026-07-30T10:00:20
REC00000777,INS00000777,USR001124,HEALTH_RESERVE,review_healthcare_coverage,Review healthcare coverage information.,low,2026-02-22T19:00:20
REC00000778,INS00000778,USR001126,MINDGUARD,repeat_assessment,Repeat the assessment later to add another observation.,medium,2026-02-26T11:00:20
REC00000779,INS00000779,USR001127,MINDGUARD,repeat_assessment,Repeat the assessment later to add another observation.,medium,2026-02-07T22:00:20
REC00000780,INS00000780,USR001132,MINDGUARD,repeat_assessment,Repeat the assessment later to add another observation.,medium,2026-07-18T10:00:20
REC00000781,INS00000781,USR001133,HEALTH_RESERVE,review_preparedness_goal,Review the preparedness goal and current buffer.,low,2026-09-14T12:00:20
REC00000782,INS00000782,USR001134,HEALTH_RESERVE,review_healthcare_coverage,Review healthcare coverage information.,low,2026-05-21T12:00:20
REC00000783,INS00000783,USR001135,MINDGUARD,maintain_monitoring,Continue routine monitoring.,medium,2026-07-10T08:00:20
REC00000784,INS00000784,USR001138,HEALTH_RESERVE,review_healthcare_coverage,Review healthcare coverage information.,low,2026-04-29T10:00:20
REC00000785,INS00000785,USR001139,MINDGUARD,maintain_monitoring,Continue routine monitoring.,medium,2026-07-03T17:00:20
REC00000786,INS00000786,USR001140,MINDGUARD,maintain_monitoring,Continue routine monitoring.,medium,2026-08-05T10:00:20
REC00000787,INS00000787,USR001142,MINDGUARD,review_sleep,Review recent sleep context and repeat monitoring when convenient.,low,2026-08-08T21:00:20
REC00000788,INS00000788,USR001143,MINDGUARD,maintain_monitoring,Continue routine monitoring.,medium,2026-04-28T11:00:20
REC00000789,INS00000789,USR001144,HEALTH_RESERVE,review_healthcare_coverage,Review healthcare coverage information.,medium,2026-04-05T16:00:20
REC00000790,INS00000790,USR001145,MINDGUARD,repeat_assessment,Repeat the assessment later to add another observation.,medium,2026-08-19T14:00:20
REC00000791,INS00000791,USR001147,MINDGUARD,maintain_monitoring,Continue routine monitoring.,medium,2026-07-15T12:00:20
REC00000792,INS00000792,USR001148,MINDGUARD,review_sleep,Review recent sleep context and repeat monitoring when convenient.,medium,2026-06-22T07:00:20
REC00000793,INS00000793,USR001151,MINDGUARD,maintain_monitoring,Continue routine monitoring.,low,2026-07-02T13:00:20
REC00000794,INS00000794,USR001151,HEALTH_RESERVE,review_preparedness_goal,Review the preparedness goal and current buffer.,medium,2026-09-12T17:00:20
REC00000795,INS00000795,USR001153,MINDGUARD,repeat_assessment,Repeat the assessment later to add another observation.,medium,2026-07-17T17:00:20
REC00000796,INS00000796,USR001162,MINDGUARD,wellbeing_checkin,Complete a wellbeing check-in to add context.,medium,2026-06-23T16:00:20
REC00000797,INS00000797,USR001164,MINDGUARD,repeat_assessment,Repeat the assessment later to add another observation.,low,2026-09-14T12:00:20
REC00000798,INS00000798,USR001166,MINDGUARD,repeat_assessment,Repeat the assessment later to add another observation.,low,2026-01-28T06:00:20
REC00000799,INS00000799,USR001168,MINDGUARD,review_sleep,Review recent sleep context and repeat monitoring when convenient.,medium,2026-09-14T12:00:20
REC00000800,INS00000800,USR001168,HEALTH_RESERVE,review_healthcare_coverage,Review healthcare coverage information.,low,2026-07-24T04:00:20
REC00000801,INS00000801,USR001169,MINDGUARD,maintain_monitoring,Continue routine monitoring.,low,2026-03-01T19:00:20
REC00000802,INS00000802,USR001169,HEALTH_RESERVE,review_preparedness_goal,Review the preparedness goal and current buffer.,low,2026-03-28T15:00:20
REC00000803,INS00000803,USR001170,MINDGUARD,repeat_assessment,Repeat the assessment later to add another observation.,medium,2026-03-18T23:00:20
REC00000804,INS00000804,USR001171,HEALTH_RESERVE,review_preparedness_goal,Review the preparedness goal and current buffer.,low,2026-07-06T15:00:20
REC00000805,INS00000805,USR001172,HEALTH_RESERVE,review_preparedness_goal,Review the preparedness goal and current buffer.,low,2026-09-14T12:00:20
REC00000806,INS00000806,USR001176,MINDGUARD,repeat_assessment,Repeat the assessment later to add another observation.,medium,2026-02-03T10:00:20
REC00000807,INS00000807,USR001177,MINDGUARD,repeat_assessment,Repeat the assessment later to add another observation.,medium,2026-04-26T07:00:20
REC00000808,INS00000808,USR001179,HEALTH_RESERVE,review_preparedness_goal,Review the preparedness goal and current buffer.,low,2026-06-01T22:00:20
REC00000809,INS00000809,USR001180,MINDGUARD,repeat_assessment,Repeat the assessment later to add another observation.,medium,2026-05-05T05:00:20
REC00000810,INS00000810,USR001182,HEALTH_RESERVE,review_preparedness_goal,Review the preparedness goal and current buffer.,low,2026-03-12T01:00:20
REC00000811,INS00000811,USR001184,MINDGUARD,maintain_monitoring,Continue routine monitoring.,low,2026-08-24T12:00:20
REC00000812,INS00000812,USR001185,HEALTH_RESERVE,review_preparedness_goal,Review the preparedness goal and current buffer.,low,2026-04-09T12:00:20
REC00000813,INS00000813,USR001187,HEALTH_RESERVE,review_preparedness_goal,Review the preparedness goal and current buffer.,medium,2026-05-27T08:00:20
REC00000814,INS00000814,USR001188,MINDGUARD,repeat_assessment,Repeat the assessment later to add another observation.,medium,2026-09-14T12:00:20
REC00000815,INS00000815,USR001190,MINDGUARD,repeat_assessment,Repeat the assessment later to add another observation.,medium,2026-08-29T04:00:20
REC00000816,INS00000816,USR001191,HEALTH_RESERVE,review_preparedness_goal,Review the preparedness goal and current buffer.,medium,2026-09-14T12:00:20
REC00000817,INS00000817,USR001192,MINDGUARD,repeat_assessment,Repeat the assessment later to add another observation.,low,2026-07-24T07:00:20
REC00000818,INS00000818,USR001193,HEALTH_RESERVE,review_healthcare_coverage,Review healthcare coverage information.,low,2026-08-27T13:00:20
REC00000819,INS00000819,USR001194,HEALTH_RESERVE,review_preparedness_goal,Review the preparedness goal and current buffer.,low,2026-08-10T06:00:20
REC00000820,INS00000820,USR001195,MINDGUARD,repeat_assessment,Repeat the assessment later to add another observation.,medium,2026-06-23T07:00:20
REC00000821,INS00000821,USR001196,MINDGUARD,maintain_monitoring,Continue routine monitoring.,medium,2026-08-03T03:00:20
REC00000822,INS00000822,USR001197,MINDGUARD,maintain_monitoring,Continue routine monitoring.,medium,2026-07-15T17:00:20
REC00000823,INS00000823,USR001198,MINDGUARD,repeat_assessment,Repeat the assessment later to add another observation.,low,2026-06-13T08:00:20
REC00000824,INS00000824,USR001199,MINDGUARD,repeat_assessment,Repeat the assessment later to add another observation.,medium,2026-07-05T20:00:20
REC00000825,INS00000825,USR001201,MINDGUARD,maintain_monitoring,Continue routine monitoring.,medium,2026-06-03T21:00:20
REC00000826,INS00000826,USR001201,HEALTH_RESERVE,review_preparedness_goal,Review the preparedness goal and current buffer.,low,2026-07-07T02:00:20
REC00000827,INS00000827,USR001202,MINDGUARD,maintain_monitoring,Continue routine monitoring.,medium,2026-09-14T12:00:20
REC00000828,INS00000828,USR001203,MINDGUARD,repeat_assessment,Repeat the assessment later to add another observation.,medium,2026-01-15T23:00:20
REC00000829,INS00000829,USR001203,HEALTH_RESERVE,review_preparedness_goal,Review the preparedness goal and current buffer.,medium,2026-04-19T23:00:20
REC00000830,INS00000830,USR001206,MINDGUARD,maintain_monitoring,Continue routine monitoring.,low,2026-08-26T13:00:20
REC00000831,INS00000831,USR001207,HEALTH_RESERVE,review_preparedness_goal,Review the preparedness goal and current buffer.,low,2026-05-26T13:00:20
REC00000832,INS00000832,USR001210,MINDGUARD,repeat_assessment,Repeat the assessment later to add another observation.,medium,2026-05-21T08:00:20
REC00000833,INS00000833,USR001212,HEALTH_RESERVE,review_healthcare_coverage,Review healthcare coverage information.,medium,2026-09-12T05:00:20
REC00000834,INS00000834,USR001213,MINDGUARD,maintain_monitoring,Continue routine monitoring.,medium,2026-09-14T12:00:20
REC00000835,INS00000835,USR001220,MINDGUARD,repeat_assessment,Repeat the assessment later to add another observation.,low,2026-06-18T11:00:20
REC00000836,INS00000836,USR001221,MINDGUARD,review_sleep,Review recent sleep context and repeat monitoring when convenient.,low,2026-06-09T21:00:20
REC00000837,INS00000837,USR001222,MINDGUARD,repeat_assessment,Repeat the assessment later to add another observation.,low,2026-09-14T12:00:20
REC00000838,INS00000838,USR001223,MINDGUARD,repeat_assessment,Repeat the assessment later to add another observation.,low,2026-02-02T21:00:20
REC00000839,INS00000839,USR001224,MINDGUARD,repeat_assessment,Repeat the assessment later to add another observation.,medium,2026-05-08T23:00:20
REC00000840,INS00000840,USR001224,HEALTH_RESERVE,review_preparedness_goal,Review the preparedness goal and current buffer.,medium,2026-05-05T02:00:20
REC00000841,INS00000841,USR001225,MINDGUARD,repeat_assessment,Repeat the assessment later to add another observation.,low,2026-08-28T11:00:20
REC00000842,INS00000842,USR001225,HEALTH_RESERVE,review_preparedness_goal,Review the preparedness goal and current buffer.,low,2026-09-14T12:00:20
REC00000843,INS00000843,USR001227,MINDGUARD,maintain_monitoring,Continue routine monitoring.,medium,2026-07-27T13:00:20
REC00000844,INS00000844,USR001228,MINDGUARD,repeat_assessment,Repeat the assessment later to add another observation.,low,2026-02-12T08:00:20
REC00000845,INS00000845,USR001229,MINDGUARD,repeat_assessment,Repeat the assessment later to add another observation.,low,2026-05-07T15:00:20
REC00000846,INS00000846,USR001230,MINDGUARD,maintain_monitoring,Continue routine monitoring.,low,2026-08-04T03:00:20
REC00000847,INS00000847,USR001230,HEALTH_RESERVE,review_preparedness_goal,Review the preparedness goal and current buffer.,medium,2026-06-08T05:00:20
REC00000848,INS00000848,USR001232,HEALTH_RESERVE,review_preparedness_goal,Review the preparedness goal and current buffer.,low,2026-05-13T07:00:20
REC00000849,INS00000849,USR001234,HEALTH_RESERVE,review_preparedness_goal,Review the preparedness goal and current buffer.,low,2026-09-14T12:00:20
REC00000850,INS00000850,USR001236,MINDGUARD,repeat_assessment,Repeat the assessment later to add another observation.,low,2026-02-05T15:00:20
REC00000851,INS00000851,USR001236,HEALTH_RESERVE,review_preparedness_goal,Review the preparedness goal and current buffer.,low,2025-12-30T15:00:20
REC00000852,INS00000852,USR001238,MINDGUARD,repeat_assessment,Repeat the assessment later to add another observation.,medium,2026-04-08T20:00:20
REC00000853,INS00000853,USR001238,HEALTH_RESERVE,review_preparedness_goal,Review the preparedness goal and current buffer.,low,2026-03-03T19:00:20
REC00000854,INS00000854,USR001239,MINDGUARD,maintain_monitoring,Continue routine monitoring.,medium,2026-06-25T17:00:20
REC00000855,INS00000855,USR001242,MINDGUARD,repeat_assessment,Repeat the assessment later to add another observation.,medium,2026-03-17T09:00:20
REC00000856,INS00000856,USR001242,HEALTH_RESERVE,review_preparedness_goal,Review the preparedness goal and current buffer.,low,2026-05-25T10:00:20
REC00000857,INS00000857,USR001243,MINDGUARD,maintain_monitoring,Continue routine monitoring.,low,2026-07-13T02:00:20
REC00000858,INS00000858,USR001244,MINDGUARD,repeat_assessment,Repeat the assessment later to add another observation.,medium,2026-08-15T20:00:20
REC00000859,INS00000859,USR001245,MINDGUARD,wellbeing_checkin,Complete a wellbeing check-in to add context.,low,2026-09-14T12:00:20
REC00000860,INS00000860,USR001246,MINDGUARD,repeat_assessment,Repeat the assessment later to add another observation.,medium,2026-05-30T12:00:20
REC00000861,INS00000861,USR001247,MINDGUARD,repeat_assessment,Repeat the assessment later to add another observation.,medium,2026-03-02T11:00:20
REC00000862,INS00000862,USR001248,MINDGUARD,repeat_assessment,Repeat the assessment later to add another observation.,medium,2026-09-14T12:00:20
REC00000863,INS00000863,USR001249,MINDGUARD,repeat_assessment,Repeat the assessment later to add another observation.,low,2026-05-06T06:00:20
REC00000864,INS00000864,USR001251,MINDGUARD,repeat_assessment,Repeat the assessment later to add another observation.,low,2026-05-26T06:00:20
REC00000865,INS00000865,USR001252,MINDGUARD,review_sleep,Review recent sleep context and repeat monitoring when convenient.,medium,2026-09-14T12:00:20
REC00000866,INS00000866,USR001253,MINDGUARD,repeat_assessment,Repeat the assessment later to add another observation.,medium,2026-04-15T16:00:20
REC00000867,INS00000867,USR001255,MINDGUARD,repeat_assessment,Repeat the assessment later to add another observation.,low,2026-04-06T19:00:20
REC00000868,INS00000868,USR001257,MINDGUARD,maintain_monitoring,Continue routine monitoring.,low,2026-06-09T19:00:20
REC00000869,INS00000869,USR001260,MINDGUARD,repeat_assessment,Repeat the assessment later to add another observation.,medium,2026-02-11T20:00:20
REC00000870,INS00000870,USR001261,MINDGUARD,maintain_monitoring,Continue routine monitoring.,low,2026-09-14T12:00:20
REC00000871,INS00000871,USR001263,MINDGUARD,repeat_assessment,Repeat the assessment later to add another observation.,low,2026-05-11T02:00:20
REC00000872,INS00000872,USR001264,MINDGUARD,maintain_monitoring,Continue routine monitoring.,medium,2026-09-14T12:00:20
REC00000873,INS00000873,USR001264,HEALTH_RESERVE,review_preparedness_goal,Review the preparedness goal and current buffer.,medium,2026-05-24T17:00:20
REC00000874,INS00000874,USR001265,HEALTH_RESERVE,review_preparedness_goal,Review the preparedness goal and current buffer.,low,2026-08-04T19:00:20
REC00000875,INS00000875,USR001266,HEALTH_RESERVE,review_preparedness_goal,Review the preparedness goal and current buffer.,low,2026-04-13T11:00:20
REC00000876,INS00000876,USR001268,MINDGUARD,repeat_assessment,Repeat the assessment later to add another observation.,low,2026-06-05T19:00:20
REC00000877,INS00000877,USR001268,HEALTH_RESERVE,review_preparedness_goal,Review the preparedness goal and current buffer.,medium,2026-05-19T03:00:20
REC00000878,INS00000878,USR001269,HEALTH_RESERVE,review_preparedness_goal,Review the preparedness goal and current buffer.,medium,2026-03-14T01:00:20
REC00000879,INS00000879,USR001270,MINDGUARD,maintain_monitoring,Continue routine monitoring.,medium,2026-08-16T01:00:20
REC00000880,INS00000880,USR001271,MINDGUARD,repeat_assessment,Repeat the assessment later to add another observation.,medium,2026-09-14T12:00:20
REC00000881,INS00000881,USR001272,HEALTH_RESERVE,review_preparedness_goal,Review the preparedness goal and current buffer.,low,2026-07-12T14:00:20
REC00000882,INS00000882,USR001274,HEALTH_RESERVE,review_preparedness_goal,Review the preparedness goal and current buffer.,low,2026-06-23T09:00:20
REC00000883,INS00000883,USR001275,MINDGUARD,repeat_assessment,Repeat the assessment later to add another observation.,low,2026-03-19T22:00:20
REC00000884,INS00000884,USR001275,HEALTH_RESERVE,review_preparedness_goal,Review the preparedness goal and current buffer.,low,2026-06-27T20:00:20
REC00000885,INS00000885,USR001278,MINDGUARD,repeat_assessment,Repeat the assessment later to add another observation.,medium,2026-07-26T14:00:20
REC00000886,INS00000886,USR001281,MINDGUARD,maintain_monitoring,Continue routine monitoring.,medium,2026-05-02T00:00:20
REC00000887,INS00000887,USR001283,MINDGUARD,wellbeing_checkin,Complete a wellbeing check-in to add context.,medium,2026-07-26T12:00:20
REC00000888,INS00000888,USR001284,HEALTH_RESERVE,review_preparedness_goal,Review the preparedness goal and current buffer.,medium,2026-09-14T12:00:20
REC00000889,INS00000889,USR001286,MINDGUARD,maintain_monitoring,Continue routine monitoring.,medium,2026-08-02T19:00:20
REC00000890,INS00000890,USR001287,MINDGUARD,repeat_assessment,Repeat the assessment later to add another observation.,low,2026-03-09T10:00:20
REC00000891,INS00000891,USR001288,MINDGUARD,repeat_assessment,Repeat the assessment later to add another observation.,low,2026-02-13T15:00:20
REC00000892,INS00000892,USR001290,HEALTH_RESERVE,review_preparedness_goal,Review the preparedness goal and current buffer.,medium,2026-06-08T02:00:20
REC00000893,INS00000893,USR001291,HEALTH_RESERVE,review_preparedness_goal,Review the preparedness goal and current buffer.,low,2026-05-17T09:00:20
REC00000894,INS00000894,USR001293,HEALTH_RESERVE,review_preparedness_goal,Review the preparedness goal and current buffer.,low,2026-02-09T11:00:20
REC00000895,INS00000895,USR001295,MINDGUARD,repeat_assessment,Repeat the assessment later to add another observation.,medium,2026-05-09T13:00:20
REC00000896,INS00000896,USR001297,HEALTH_RESERVE,review_preparedness_goal,Review the preparedness goal and current buffer.,medium,2026-05-27T07:00:20
REC00000897,INS00000897,USR001298,HEALTH_RESERVE,review_preparedness_goal,Review the preparedness goal and current buffer.,low,2026-04-23T01:00:20
REC00000898,INS00000898,USR001300,MINDGUARD,repeat_assessment,Repeat the assessment later to add another observation.,low,2026-07-01T02:00:20
REC00000899,INS00000899,USR001303,MINDGUARD,repeat_assessment,Repeat the assessment later to add another observation.,low,2026-04-30T23:00:20
REC00000900,INS00000900,USR001304,MINDGUARD,wellbeing_checkin,Complete a wellbeing check-in to add context.,low,2026-09-14T12:00:20
REC00000901,INS00000901,USR001305,HEALTH_RESERVE,review_preparedness_goal,Review the preparedness goal and current buffer.,low,2026-04-25T16:00:20
REC00000902,INS00000902,USR001306,MINDGUARD,maintain_monitoring,Continue routine monitoring.,low,2026-02-18T11:00:20
REC00000903,INS00000903,USR001307,MINDGUARD,repeat_assessment,Repeat the assessment later to add another observation.,low,2026-03-12T05:00:20
REC00000904,INS00000904,USR001308,MINDGUARD,repeat_assessment,Repeat the assessment later to add another observation.,low,2026-06-10T11:00:20
REC00000905,INS00000905,USR001309,MINDGUARD,maintain_monitoring,Continue routine monitoring.,medium,2026-05-27T18:00:20
REC00000906,INS00000906,USR001312,MINDGUARD,maintain_monitoring,Continue routine monitoring.,low,2026-09-14T12:00:20
REC00000907,INS00000907,USR001314,MINDGUARD,wellbeing_checkin,Complete a wellbeing check-in to add context.,medium,2026-05-16T20:00:20
REC00000908,INS00000908,USR001315,MINDGUARD,repeat_assessment,Repeat the assessment later to add another observation.,low,2026-04-30T11:00:20
REC00000909,INS00000909,USR001316,MINDGUARD,maintain_monitoring,Continue routine monitoring.,medium,2026-08-26T17:00:20
REC00000910,INS00000910,USR001319,MINDGUARD,repeat_assessment,Repeat the assessment later to add another observation.,low,2026-03-06T10:00:20
REC00000911,INS00000911,USR001320,MINDGUARD,maintain_monitoring,Continue routine monitoring.,medium,2026-09-14T12:00:20
REC00000912,INS00000912,USR001321,MINDGUARD,review_sleep,Review recent sleep context and repeat monitoring when convenient.,medium,2026-08-09T13:00:20
REC00000913,INS00000913,USR001323,MINDGUARD,repeat_assessment,Repeat the assessment later to add another observation.,low,2026-08-28T05:00:20
REC00000914,INS00000914,USR001323,HEALTH_RESERVE,review_preparedness_goal,Review the preparedness goal and current buffer.,low,2026-05-01T04:00:20
REC00000915,INS00000915,USR001324,MINDGUARD,maintain_monitoring,Continue routine monitoring.,medium,2026-04-04T19:00:20
REC00000916,INS00000916,USR001325,MINDGUARD,repeat_assessment,Repeat the assessment later to add another observation.,medium,2026-04-27T21:00:20
REC00000917,INS00000917,USR001326,MINDGUARD,repeat_assessment,Repeat the assessment later to add another observation.,medium,2026-05-25T17:00:20
REC00000918,INS00000918,USR001326,HEALTH_RESERVE,review_healthcare_coverage,Review healthcare coverage information.,medium,2026-07-08T17:00:20
REC00000919,INS00000919,USR001327,HEALTH_RESERVE,review_preparedness_goal,Review the preparedness goal and current buffer.,medium,2026-09-14T12:00:20
REC00000920,INS00000920,USR001328,HEALTH_RESERVE,review_preparedness_goal,Review the preparedness goal and current buffer.,low,2026-09-14T12:00:20
REC00000921,INS00000921,USR001329,MINDGUARD,maintain_monitoring,Continue routine monitoring.,medium,2026-03-27T12:00:20
REC00000922,INS00000922,USR001330,MINDGUARD,maintain_monitoring,Continue routine monitoring.,medium,2026-09-14T12:00:20
REC00000923,INS00000923,USR001333,MINDGUARD,repeat_assessment,Repeat the assessment later to add another observation.,low,2026-09-14T12:00:20
REC00000924,INS00000924,USR001334,MINDGUARD,repeat_assessment,Repeat the assessment later to add another observation.,low,2026-05-09T17:00:20
REC00000925,INS00000925,USR001336,HEALTH_RESERVE,review_healthcare_coverage,Review healthcare coverage information.,medium,2026-06-19T17:00:20
REC00000926,INS00000926,USR001337,MINDGUARD,maintain_monitoring,Continue routine monitoring.,medium,2026-07-19T16:00:20
REC00000927,INS00000927,USR001339,MINDGUARD,wellbeing_checkin,Complete a wellbeing check-in to add context.,medium,2026-05-24T03:00:20
REC00000928,INS00000928,USR001340,MINDGUARD,repeat_assessment,Repeat the assessment later to add another observation.,medium,2026-06-10T06:00:20
REC00000929,INS00000929,USR001342,MINDGUARD,repeat_assessment,Repeat the assessment later to add another observation.,medium,2026-08-10T05:00:20
REC00000930,INS00000930,USR001343,MINDGUARD,repeat_assessment,Repeat the assessment later to add another observation.,low,2026-04-08T08:00:20
REC00000931,INS00000931,USR001344,HEALTH_RESERVE,review_preparedness_goal,Review the preparedness goal and current buffer.,low,2026-08-08T17:00:20
REC00000932,INS00000932,USR001345,MINDGUARD,wellbeing_checkin,Complete a wellbeing check-in to add context.,low,2026-06-18T16:00:20
REC00000933,INS00000933,USR001348,HEALTH_RESERVE,review_preparedness_goal,Review the preparedness goal and current buffer.,medium,2026-03-06T08:00:20
REC00000934,INS00000934,USR001349,MINDGUARD,maintain_monitoring,Continue routine monitoring.,low,2026-07-04T12:00:20
REC00000935,INS00000935,USR001350,MINDGUARD,repeat_assessment,Repeat the assessment later to add another observation.,medium,2026-03-14T20:00:20
REC00000936,INS00000936,USR001351,HEALTH_RESERVE,review_preparedness_goal,Review the preparedness goal and current buffer.,medium,2026-03-10T23:00:20
REC00000937,INS00000937,USR001352,HEALTH_RESERVE,review_healthcare_coverage,Review healthcare coverage information.,medium,2026-05-18T12:00:20
REC00000938,INS00000938,USR001353,MINDGUARD,maintain_monitoring,Continue routine monitoring.,medium,2026-07-15T09:00:20
REC00000939,INS00000939,USR001354,MINDGUARD,wellbeing_checkin,Complete a wellbeing check-in to add context.,medium,2026-05-22T11:00:20
REC00000940,INS00000940,USR001356,HEALTH_RESERVE,review_preparedness_goal,Review the preparedness goal and current buffer.,low,2026-05-21T21:00:20
REC00000941,INS00000941,USR001357,HEALTH_RESERVE,review_preparedness_goal,Review the preparedness goal and current buffer.,medium,2026-04-16T00:00:20
REC00000942,INS00000942,USR001358,MINDGUARD,repeat_assessment,Repeat the assessment later to add another observation.,low,2026-09-09T02:00:20
REC00000943,INS00000943,USR001362,MINDGUARD,repeat_assessment,Repeat the assessment later to add another observation.,medium,2026-07-25T21:00:20
REC00000944,INS00000944,USR001363,HEALTH_RESERVE,review_preparedness_goal,Review the preparedness goal and current buffer.,medium,2026-09-14T12:00:20
REC00000945,INS00000945,USR001365,MINDGUARD,maintain_monitoring,Continue routine monitoring.,medium,2026-08-05T07:00:20
REC00000946,INS00000946,USR001368,MINDGUARD,repeat_assessment,Repeat the assessment later to add another observation.,low,2026-05-12T08:00:20
REC00000947,INS00000947,USR001370,MINDGUARD,repeat_assessment,Repeat the assessment later to add another observation.,low,2026-02-17T20:00:20
REC00000948,INS00000948,USR001371,MINDGUARD,maintain_monitoring,Continue routine monitoring.,low,2026-09-14T12:00:20
REC00000949,INS00000949,USR001372,MINDGUARD,repeat_assessment,Repeat the assessment later to add another observation.,medium,2026-01-20T22:00:20
REC00000950,INS00000950,USR001373,MINDGUARD,maintain_monitoring,Continue routine monitoring.,medium,2026-04-08T10:00:20
REC00000951,INS00000951,USR001374,HEALTH_RESERVE,review_preparedness_goal,Review the preparedness goal and current buffer.,medium,2026-09-14T12:00:20
REC00000952,INS00000952,USR001375,HEALTH_RESERVE,review_preparedness_goal,Review the preparedness goal and current buffer.,low,2026-06-15T10:00:20
REC00000953,INS00000953,USR001376,MINDGUARD,maintain_monitoring,Continue routine monitoring.,low,2026-04-15T10:00:20
REC00000954,INS00000954,USR001379,MINDGUARD,repeat_assessment,Repeat the assessment later to add another observation.,low,2026-06-26T04:00:20
REC00000955,INS00000955,USR001381,MINDGUARD,maintain_monitoring,Continue routine monitoring.,low,2026-08-06T07:00:20
REC00000956,INS00000956,USR001386,HEALTH_RESERVE,review_preparedness_goal,Review the preparedness goal and current buffer.,medium,2026-04-13T08:00:20
REC00000957,INS00000957,USR001387,MINDGUARD,maintain_monitoring,Continue routine monitoring.,medium,2026-09-12T14:00:20
REC00000958,INS00000958,USR001388,MINDGUARD,review_sleep,Review recent sleep context and repeat monitoring when convenient.,low,2026-06-08T07:00:20
REC00000959,INS00000959,USR001388,HEALTH_RESERVE,review_healthcare_coverage,Review healthcare coverage information.,medium,2026-08-03T09:00:20
REC00000960,INS00000960,USR001390,MINDGUARD,wellbeing_checkin,Complete a wellbeing check-in to add context.,low,2026-07-08T18:00:20
REC00000961,INS00000961,USR001392,MINDGUARD,repeat_assessment,Repeat the assessment later to add another observation.,medium,2026-05-04T08:00:20
REC00000962,INS00000962,USR001394,MINDGUARD,wellbeing_checkin,Complete a wellbeing check-in to add context.,low,2026-08-30T14:00:20
REC00000963,INS00000963,USR001398,MINDGUARD,repeat_assessment,Repeat the assessment later to add another observation.,medium,2026-03-22T00:00:20
REC00000964,INS00000964,USR001400,MINDGUARD,wellbeing_checkin,Complete a wellbeing check-in to add context.,medium,2026-07-30T20:00:20
REC00000965,INS00000965,USR001404,HEALTH_RESERVE,review_preparedness_goal,Review the preparedness goal and current buffer.,medium,2026-09-14T12:00:20
REC00000966,INS00000966,USR001405,MINDGUARD,review_sleep,Review recent sleep context and repeat monitoring when convenient.,low,2026-05-20T19:00:20
REC00000967,INS00000967,USR001406,MINDGUARD,repeat_assessment,Repeat the assessment later to add another observation.,medium,2026-03-14T03:00:20
REC00000968,INS00000968,USR001407,MINDGUARD,maintain_monitoring,Continue routine monitoring.,low,2026-09-14T12:00:20
REC00000969,INS00000969,USR001408,MINDGUARD,repeat_assessment,Repeat the assessment later to add another observation.,medium,2026-05-24T22:00:20
REC00000970,INS00000970,USR001409,MINDGUARD,repeat_assessment,Repeat the assessment later to add another observation.,medium,2026-01-06T12:00:20
REC00000971,INS00000971,USR001410,MINDGUARD,maintain_monitoring,Continue routine monitoring.,medium,2026-02-08T17:00:20
REC00000972,INS00000972,USR001412,HEALTH_RESERVE,review_preparedness_goal,Review the preparedness goal and current buffer.,medium,2026-08-01T17:00:20
REC00000973,INS00000973,USR001414,MINDGUARD,review_sleep,Review recent sleep context and repeat monitoring when convenient.,medium,2026-05-19T12:00:20
REC00000974,INS00000974,USR001418,HEALTH_RESERVE,review_preparedness_goal,Review the preparedness goal and current buffer.,medium,2026-04-18T07:00:20
REC00000975,INS00000975,USR001419,MINDGUARD,repeat_assessment,Repeat the assessment later to add another observation.,medium,2026-01-23T08:00:20
REC00000976,INS00000976,USR001420,MINDGUARD,maintain_monitoring,Continue routine monitoring.,low,2026-05-25T12:00:20
REC00000977,INS00000977,USR001422,MINDGUARD,maintain_monitoring,Continue routine monitoring.,medium,2026-09-14T12:00:20
REC00000978,INS00000978,USR001422,HEALTH_RESERVE,review_preparedness_goal,Review the preparedness goal and current buffer.,medium,2026-09-14T12:00:20
REC00000979,INS00000979,USR001423,MINDGUARD,repeat_assessment,Repeat the assessment later to add another observation.,low,2026-07-13T17:00:20
REC00000980,INS00000980,USR001425,HEALTH_RESERVE,review_preparedness_goal,Review the preparedness goal and current buffer.,low,2026-06-12T04:00:20
REC00000981,INS00000981,USR001427,MINDGUARD,repeat_assessment,Repeat the assessment later to add another observation.,low,2026-04-01T09:00:20
REC00000982,INS00000982,USR001429,MINDGUARD,repeat_assessment,Repeat the assessment later to add another observation.,low,2026-07-24T07:00:20
REC00000983,INS00000983,USR001432,HEALTH_RESERVE,review_preparedness_goal,Review the preparedness goal and current buffer.,low,2026-07-07T16:00:20
REC00000984,INS00000984,USR001434,MINDGUARD,maintain_monitoring,Continue routine monitoring.,low,2026-08-03T08:00:20
REC00000985,INS00000985,USR001435,HEALTH_RESERVE,review_healthcare_coverage,Review healthcare coverage information.,low,2026-09-14T12:00:20
REC00000986,INS00000986,USR001436,HEALTH_RESERVE,review_preparedness_goal,Review the preparedness goal and current buffer.,low,2026-08-01T16:00:20
REC00000987,INS00000987,USR001438,MINDGUARD,maintain_monitoring,Continue routine monitoring.,medium,2026-07-17T05:00:20
REC00000988,INS00000988,USR001439,MINDGUARD,repeat_assessment,Repeat the assessment later to add another observation.,medium,2026-02-19T02:00:20
REC00000989,INS00000989,USR001440,HEALTH_RESERVE,review_preparedness_goal,Review the preparedness goal and current buffer.,medium,2026-05-05T09:00:20
REC00000990,INS00000990,USR001441,MINDGUARD,repeat_assessment,Repeat the assessment later to add another observation.,low,2026-04-12T23:00:20
REC00000991,INS00000991,USR001442,MINDGUARD,repeat_assessment,Repeat the assessment later to add another observation.,medium,2026-05-03T22:00:20
REC00000992,INS00000992,USR001443,HEALTH_RESERVE,review_preparedness_goal,Review the preparedness goal and current buffer.,medium,2026-08-29T13:00:20
REC00000993,INS00000993,USR001444,MINDGUARD,wellbeing_checkin,Complete a wellbeing check-in to add context.,low,2026-09-14T12:00:20
REC00000994,INS00000994,USR001446,HEALTH_RESERVE,review_preparedness_goal,Review the preparedness goal and current buffer.,medium,2026-05-06T19:00:20
REC00000995,INS00000995,USR001451,HEALTH_RESERVE,review_preparedness_goal,Review the preparedness goal and current buffer.,medium,2026-09-08T02:00:20
REC00000996,INS00000996,USR001452,MINDGUARD,repeat_assessment,Repeat the assessment later to add another observation.,medium,2026-05-12T02:00:20
REC00000997,INS00000997,USR001453,MINDGUARD,repeat_assessment,Repeat the assessment later to add another observation.,low,2026-04-12T19:00:20
REC00000998,INS00000998,USR001455,HEALTH_RESERVE,review_healthcare_coverage,Review healthcare coverage information.,low,2026-08-23T12:00:20
REC00000999,INS00000999,USR001458,HEALTH_RESERVE,review_healthcare_coverage,Review healthcare coverage information.,low,2026-07-12T03:00:20
REC00001000,INS00001000,USR001463,MINDGUARD,repeat_assessment,Repeat the assessment later to add another observation.,medium,2026-04-22T19:00:20
REC00001001,INS00001001,USR001463,HEALTH_RESERVE,review_preparedness_goal,Review the preparedness goal and current buffer.,medium,2026-01-12T15:00:20
REC00001002,INS00001002,USR001464,HEALTH_RESERVE,review_preparedness_goal,Review the preparedness goal and current buffer.,low,2026-05-05T04:00:20
REC00001003,INS00001003,USR001465,MINDGUARD,repeat_assessment,Repeat the assessment later to add another observation.,low,2026-06-11T01:00:20
REC00001004,INS00001004,USR001466,HEALTH_RESERVE,review_preparedness_goal,Review the preparedness goal and current buffer.,medium,2026-03-10T15:00:20
REC00001005,INS00001005,USR001467,MINDGUARD,maintain_monitoring,Continue routine monitoring.,low,2026-05-04T05:00:20
REC00001006,INS00001006,USR001467,HEALTH_RESERVE,review_preparedness_goal,Review the preparedness goal and current buffer.,medium,2026-03-15T05:00:20
REC00001007,INS00001007,USR001468,HEALTH_RESERVE,review_preparedness_goal,Review the preparedness goal and current buffer.,low,2026-05-02T01:00:20
REC00001008,INS00001008,USR001469,MINDGUARD,repeat_assessment,Repeat the assessment later to add another observation.,medium,2026-06-29T07:00:20
REC00001009,INS00001009,USR001470,HEALTH_RESERVE,review_preparedness_goal,Review the preparedness goal and current buffer.,medium,2026-05-01T22:00:20
REC00001010,INS00001010,USR001471,MINDGUARD,repeat_assessment,Repeat the assessment later to add another observation.,medium,2026-01-04T13:00:20
REC00001011,INS00001011,USR001473,HEALTH_RESERVE,review_healthcare_coverage,Review healthcare coverage information.,medium,2026-09-14T12:00:20
REC00001012,INS00001012,USR001474,MINDGUARD,maintain_monitoring,Continue routine monitoring.,low,2026-04-12T00:00:20
REC00001013,INS00001013,USR001476,MINDGUARD,maintain_monitoring,Continue routine monitoring.,medium,2026-08-07T15:00:20
REC00001014,INS00001014,USR001479,MINDGUARD,repeat_assessment,Repeat the assessment later to add another observation.,medium,2026-06-29T04:00:20
REC00001015,INS00001015,USR001480,HEALTH_RESERVE,review_preparedness_goal,Review the preparedness goal and current buffer.,low,2026-04-26T15:00:20
REC00001016,INS00001016,USR001481,MINDGUARD,maintain_monitoring,Continue routine monitoring.,low,2026-03-13T15:00:20
REC00001017,INS00001017,USR001485,MINDGUARD,repeat_assessment,Repeat the assessment later to add another observation.,medium,2026-01-21T17:00:20
REC00001018,INS00001018,USR001486,MINDGUARD,maintain_monitoring,Continue routine monitoring.,medium,2026-09-14T12:00:20
REC00001019,INS00001019,USR001486,HEALTH_RESERVE,review_preparedness_goal,Review the preparedness goal and current buffer.,low,2026-09-14T12:00:20
REC00001020,INS00001020,USR001489,MINDGUARD,repeat_assessment,Repeat the assessment later to add another observation.,low,2026-08-04T17:00:20
REC00001021,INS00001021,USR001490,MINDGUARD,repeat_assessment,Repeat the assessment later to add another observation.,low,2026-03-26T06:00:20
REC00001022,INS00001022,USR001491,MINDGUARD,maintain_monitoring,Continue routine monitoring.,low,2026-03-07T05:00:20
REC00001023,INS00001023,USR001492,MINDGUARD,maintain_monitoring,Continue routine monitoring.,medium,2026-05-31T17:00:20
REC00001024,INS00001024,USR001495,HEALTH_RESERVE,review_preparedness_goal,Review the preparedness goal and current buffer.,medium,2026-09-14T12:00:20
REC00001025,INS00001025,USR001496,HEALTH_RESERVE,review_preparedness_goal,Review the preparedness goal and current buffer.,low,2026-06-06T10:00:20
REC00001026,INS00001026,USR001497,MINDGUARD,review_sleep,Review recent sleep context and repeat monitoring when convenient.,medium,2026-08-10T15:00:20
REC00001027,INS00001027,USR001498,MINDGUARD,maintain_monitoring,Continue routine monitoring.,medium,2026-09-14T12:00:20
REC00001028,INS00001028,USR001499,MINDGUARD,repeat_assessment,Repeat the assessment later to add another observation.,medium,2026-05-07T03:00:20
REC00001029,INS00001029,USR001501,MINDGUARD,wellbeing_checkin,Complete a wellbeing check-in to add context.,medium,2026-04-07T23:00:20
REC00001030,INS00001030,USR001504,MINDGUARD,maintain_monitoring,Continue routine monitoring.,low,2026-07-01T01:00:20
REC00001031,INS00001031,USR001505,HEALTH_RESERVE,review_preparedness_goal,Review the preparedness goal and current buffer.,low,2026-06-05T22:00:20
REC00001032,INS00001032,USR001506,MINDGUARD,wellbeing_checkin,Complete a wellbeing check-in to add context.,medium,2026-04-23T02:00:20
REC00001033,INS00001033,USR001507,HEALTH_RESERVE,review_preparedness_goal,Review the preparedness goal and current buffer.,low,2026-07-09T23:00:20
REC00001034,INS00001034,USR001508,HEALTH_RESERVE,review_preparedness_goal,Review the preparedness goal and current buffer.,medium,2026-08-20T19:00:20
REC00001035,INS00001035,USR001509,MINDGUARD,maintain_monitoring,Continue routine monitoring.,medium,2026-05-19T09:00:20
REC00001036,INS00001036,USR001510,HEALTH_RESERVE,review_preparedness_goal,Review the preparedness goal and current buffer.,medium,2026-05-08T09:00:20
REC00001037,INS00001037,USR001514,MINDGUARD,maintain_monitoring,Continue routine monitoring.,low,2026-09-11T07:00:20
REC00001038,INS00001038,USR001515,HEALTH_RESERVE,review_healthcare_coverage,Review healthcare coverage information.,low,2026-06-13T16:00:20
REC00001039,INS00001039,USR001517,HEALTH_RESERVE,review_preparedness_goal,Review the preparedness goal and current buffer.,low,2026-03-28T05:00:20
REC00001040,INS00001040,USR001518,HEALTH_RESERVE,review_preparedness_goal,Review the preparedness goal and current buffer.,low,2026-03-18T12:00:20
REC00001041,INS00001041,USR001519,MINDGUARD,repeat_assessment,Repeat the assessment later to add another observation.,medium,2026-08-30T04:00:20
REC00001042,INS00001042,USR001521,HEALTH_RESERVE,review_preparedness_goal,Review the preparedness goal and current buffer.,low,2026-03-11T18:00:20
REC00001043,INS00001043,USR001522,MINDGUARD,repeat_assessment,Repeat the assessment later to add another observation.,low,2026-07-06T11:00:20
REC00001044,INS00001044,USR001523,MINDGUARD,wellbeing_checkin,Complete a wellbeing check-in to add context.,low,2026-08-13T20:00:20
REC00001045,INS00001045,USR001524,MINDGUARD,wellbeing_checkin,Complete a wellbeing check-in to add context.,low,2026-09-02T06:00:20
REC00001046,INS00001046,USR001526,HEALTH_RESERVE,review_preparedness_goal,Review the preparedness goal and current buffer.,medium,2026-02-11T16:00:20
REC00001047,INS00001047,USR001528,MINDGUARD,repeat_assessment,Repeat the assessment later to add another observation.,low,2026-06-07T22:00:20
REC00001048,INS00001048,USR001528,HEALTH_RESERVE,review_preparedness_goal,Review the preparedness goal and current buffer.,medium,2026-06-09T01:00:20
REC00001049,INS00001049,USR001529,MINDGUARD,maintain_monitoring,Continue routine monitoring.,medium,2026-08-06T03:00:20
REC00001050,INS00001050,USR001531,MINDGUARD,repeat_assessment,Repeat the assessment later to add another observation.,medium,2026-06-03T12:00:20
REC00001051,INS00001051,USR001532,MINDGUARD,maintain_monitoring,Continue routine monitoring.,low,2026-08-02T19:00:20
REC00001052,INS00001052,USR001533,MINDGUARD,repeat_assessment,Repeat the assessment later to add another observation.,medium,2026-03-22T19:00:20
REC00001053,INS00001053,USR001535,HEALTH_RESERVE,review_preparedness_goal,Review the preparedness goal and current buffer.,medium,2026-05-08T20:00:20
REC00001054,INS00001054,USR001536,HEALTH_RESERVE,review_preparedness_goal,Review the preparedness goal and current buffer.,medium,2026-08-14T16:00:20
REC00001055,INS00001055,USR001537,HEALTH_RESERVE,review_healthcare_coverage,Review healthcare coverage information.,medium,2026-05-21T16:00:20
REC00001056,INS00001056,USR001538,MINDGUARD,maintain_monitoring,Continue routine monitoring.,medium,2026-07-15T23:00:20
REC00001057,INS00001057,USR001539,MINDGUARD,repeat_assessment,Repeat the assessment later to add another observation.,medium,2026-05-17T23:00:20
REC00001058,INS00001058,USR001540,MINDGUARD,maintain_monitoring,Continue routine monitoring.,medium,2026-09-14T12:00:20
REC00001059,INS00001059,USR001543,MINDGUARD,maintain_monitoring,Continue routine monitoring.,medium,2026-07-05T13:00:20
REC00001060,INS00001060,USR001543,HEALTH_RESERVE,review_preparedness_goal,Review the preparedness goal and current buffer.,medium,2026-06-20T05:00:20
REC00001061,INS00001061,USR001544,MINDGUARD,repeat_assessment,Repeat the assessment later to add another observation.,medium,2026-03-23T20:00:20
REC00001062,INS00001062,USR001545,MINDGUARD,repeat_assessment,Repeat the assessment later to add another observation.,medium,2026-05-22T02:00:20
REC00001063,INS00001063,USR001547,HEALTH_RESERVE,review_healthcare_coverage,Review healthcare coverage information.,low,2026-08-22T11:00:20
REC00001064,INS00001064,USR001550,MINDGUARD,repeat_assessment,Repeat the assessment later to add another observation.,medium,2026-05-25T03:00:20
REC00001065,INS00001065,USR001551,MINDGUARD,repeat_assessment,Repeat the assessment later to add another observation.,medium,2026-04-20T17:00:20
REC00001066,INS00001066,USR001553,HEALTH_RESERVE,review_preparedness_goal,Review the preparedness goal and current buffer.,medium,2026-06-03T10:00:20
REC00001067,INS00001067,USR001554,MINDGUARD,repeat_assessment,Repeat the assessment later to add another observation.,medium,2026-05-27T19:00:20
REC00001068,INS00001068,USR001556,MINDGUARD,repeat_assessment,Repeat the assessment later to add another observation.,low,2026-08-15T23:00:20
REC00001069,INS00001069,USR001559,HEALTH_RESERVE,review_preparedness_goal,Review the preparedness goal and current buffer.,medium,2026-08-10T07:00:20
REC00001070,INS00001070,USR001560,MINDGUARD,repeat_assessment,Repeat the assessment later to add another observation.,low,2026-03-17T23:00:20
REC00001071,INS00001071,USR001561,MINDGUARD,repeat_assessment,Repeat the assessment later to add another observation.,low,2026-08-06T01:00:20
REC00001072,INS00001072,USR001563,MINDGUARD,maintain_monitoring,Continue routine monitoring.,medium,2026-09-14T12:00:20
REC00001073,INS00001073,USR001567,MINDGUARD,repeat_assessment,Repeat the assessment later to add another observation.,low,2026-05-03T14:00:20
REC00001074,INS00001074,USR001567,HEALTH_RESERVE,review_preparedness_goal,Review the preparedness goal and current buffer.,low,2026-07-17T14:00:20
REC00001075,INS00001075,USR001568,MINDGUARD,repeat_assessment,Repeat the assessment later to add another observation.,low,2026-09-08T11:00:20
REC00001076,INS00001076,USR001568,HEALTH_RESERVE,review_preparedness_goal,Review the preparedness goal and current buffer.,medium,2026-04-07T05:00:20
REC00001077,INS00001077,USR001569,MINDGUARD,repeat_assessment,Repeat the assessment later to add another observation.,low,2026-03-03T01:00:20
REC00001078,INS00001078,USR001571,MINDGUARD,repeat_assessment,Repeat the assessment later to add another observation.,medium,2026-08-18T02:00:20
REC00001079,INS00001079,USR001571,HEALTH_RESERVE,review_healthcare_coverage,Review healthcare coverage information.,medium,2026-06-04T03:00:20
REC00001080,INS00001080,USR001573,MINDGUARD,repeat_assessment,Repeat the assessment later to add another observation.,medium,2026-03-20T09:00:20
REC00001081,INS00001081,USR001574,MINDGUARD,repeat_assessment,Repeat the assessment later to add another observation.,low,2026-02-01T00:00:20
REC00001082,INS00001082,USR001575,HEALTH_RESERVE,review_preparedness_goal,Review the preparedness goal and current buffer.,low,2026-09-06T09:00:20
REC00001083,INS00001083,USR001576,MINDGUARD,repeat_assessment,Repeat the assessment later to add another observation.,low,2026-06-23T07:00:20
REC00001084,INS00001084,USR001577,HEALTH_RESERVE,review_preparedness_goal,Review the preparedness goal and current buffer.,medium,2026-04-29T05:00:20
REC00001085,INS00001085,USR001578,HEALTH_RESERVE,review_preparedness_goal,Review the preparedness goal and current buffer.,medium,2026-04-04T18:00:20
REC00001086,INS00001086,USR001579,MINDGUARD,repeat_assessment,Repeat the assessment later to add another observation.,low,2026-03-03T20:00:20
REC00001087,INS00001087,USR001580,HEALTH_RESERVE,review_preparedness_goal,Review the preparedness goal and current buffer.,medium,2026-01-16T14:00:20
REC00001088,INS00001088,USR001584,MINDGUARD,repeat_assessment,Repeat the assessment later to add another observation.,low,2026-02-11T06:00:20
REC00001089,INS00001089,USR001585,MINDGUARD,repeat_assessment,Repeat the assessment later to add another observation.,medium,2026-07-04T04:00:20
REC00001090,INS00001090,USR001589,HEALTH_RESERVE,review_healthcare_coverage,Review healthcare coverage information.,low,2026-06-13T14:00:20
REC00001091,INS00001091,USR001591,MINDGUARD,repeat_assessment,Repeat the assessment later to add another observation.,medium,2026-03-23T05:00:20
REC00001092,INS00001092,USR001592,MINDGUARD,review_sleep,Review recent sleep context and repeat monitoring when convenient.,low,2026-07-30T03:00:20
REC00001093,INS00001093,USR001595,HEALTH_RESERVE,review_healthcare_coverage,Review healthcare coverage information.,low,2026-05-10T13:00:20
REC00001094,INS00001094,USR001601,MINDGUARD,maintain_monitoring,Continue routine monitoring.,low,2026-05-18T00:00:20
REC00001095,INS00001095,USR001602,HEALTH_RESERVE,review_healthcare_coverage,Review healthcare coverage information.,medium,2026-08-22T03:00:20
REC00001096,INS00001096,USR001605,MINDGUARD,repeat_assessment,Repeat the assessment later to add another observation.,low,2026-07-06T19:00:20
REC00001097,INS00001097,USR001606,HEALTH_RESERVE,review_preparedness_goal,Review the preparedness goal and current buffer.,low,2026-03-10T08:00:20
REC00001098,INS00001098,USR001607,MINDGUARD,repeat_assessment,Repeat the assessment later to add another observation.,medium,2026-08-17T22:00:20
REC00001099,INS00001099,USR001607,HEALTH_RESERVE,review_preparedness_goal,Review the preparedness goal and current buffer.,low,2026-06-22T19:00:20
REC00001100,INS00001100,USR001610,MINDGUARD,maintain_monitoring,Continue routine monitoring.,medium,2026-09-11T19:00:20
REC00001101,INS00001101,USR001612,MINDGUARD,review_sleep,Review recent sleep context and repeat monitoring when convenient.,medium,2026-07-25T04:00:20
REC00001102,INS00001102,USR001615,MINDGUARD,repeat_assessment,Repeat the assessment later to add another observation.,medium,2026-05-10T03:00:20
REC00001103,INS00001103,USR001616,HEALTH_RESERVE,review_preparedness_goal,Review the preparedness goal and current buffer.,medium,2026-09-02T18:00:20
REC00001104,INS00001104,USR001618,HEALTH_RESERVE,review_preparedness_goal,Review the preparedness goal and current buffer.,medium,2026-07-01T00:00:20
REC00001105,INS00001105,USR001619,MINDGUARD,maintain_monitoring,Continue routine monitoring.,medium,2026-05-13T03:00:20
REC00001106,INS00001106,USR001620,MINDGUARD,repeat_assessment,Repeat the assessment later to add another observation.,low,2026-04-01T23:00:20
REC00001107,INS00001107,USR001624,MINDGUARD,repeat_assessment,Repeat the assessment later to add another observation.,low,2026-06-03T16:00:20
REC00001108,INS00001108,USR001627,MINDGUARD,maintain_monitoring,Continue routine monitoring.,low,2026-09-14T12:00:20
REC00001109,INS00001109,USR001628,MINDGUARD,repeat_assessment,Repeat the assessment later to add another observation.,low,2026-05-27T22:00:20
REC00001110,INS00001110,USR001629,HEALTH_RESERVE,review_preparedness_goal,Review the preparedness goal and current buffer.,medium,2026-06-15T20:00:20
REC00001111,INS00001111,USR001630,MINDGUARD,repeat_assessment,Repeat the assessment later to add another observation.,low,2026-05-19T01:00:20
REC00001112,INS00001112,USR001633,MINDGUARD,repeat_assessment,Repeat the assessment later to add another observation.,low,2026-05-05T08:00:20
REC00001113,INS00001113,USR001634,MINDGUARD,maintain_monitoring,Continue routine monitoring.,low,2026-09-14T12:00:20
REC00001114,INS00001114,USR001635,MINDGUARD,review_sleep,Review recent sleep context and repeat monitoring when convenient.,low,2026-05-24T20:00:20
REC00001115,INS00001115,USR001640,MINDGUARD,repeat_assessment,Repeat the assessment later to add another observation.,low,2026-09-14T12:00:20
REC00001116,INS00001116,USR001641,MINDGUARD,repeat_assessment,Repeat the assessment later to add another observation.,medium,2026-04-03T14:00:20
REC00001117,INS00001117,USR001641,HEALTH_RESERVE,review_healthcare_coverage,Review healthcare coverage information.,low,2026-07-07T08:00:20
REC00001118,INS00001118,USR001644,HEALTH_RESERVE,review_preparedness_goal,Review the preparedness goal and current buffer.,medium,2026-02-05T10:00:20
REC00001119,INS00001119,USR001645,MINDGUARD,maintain_monitoring,Continue routine monitoring.,low,2026-06-21T03:00:20
REC00001120,INS00001120,USR001646,MINDGUARD,repeat_assessment,Repeat the assessment later to add another observation.,medium,2026-05-06T09:00:20
REC00001121,INS00001121,USR001648,HEALTH_RESERVE,review_preparedness_goal,Review the preparedness goal and current buffer.,medium,2026-03-01T11:00:20
REC00001122,INS00001122,USR001649,MINDGUARD,maintain_monitoring,Continue routine monitoring.,medium,2026-09-14T12:00:20
REC00001123,INS00001123,USR001650,MINDGUARD,repeat_assessment,Repeat the assessment later to add another observation.,low,2026-04-04T15:00:20
REC00001124,INS00001124,USR001650,HEALTH_RESERVE,review_preparedness_goal,Review the preparedness goal and current buffer.,low,2026-07-29T12:00:20
REC00001125,INS00001125,USR001651,MINDGUARD,maintain_monitoring,Continue routine monitoring.,medium,2026-06-23T09:00:20
REC00001126,INS00001126,USR001652,MINDGUARD,repeat_assessment,Repeat the assessment later to add another observation.,low,2026-05-06T23:00:20
REC00001127,INS00001127,USR001652,HEALTH_RESERVE,review_preparedness_goal,Review the preparedness goal and current buffer.,medium,2026-04-04T21:00:20
REC00001128,INS00001128,USR001653,HEALTH_RESERVE,review_preparedness_goal,Review the preparedness goal and current buffer.,low,2026-07-22T10:00:20
REC00001129,INS00001129,USR001654,MINDGUARD,repeat_assessment,Repeat the assessment later to add another observation.,medium,2026-05-14T16:00:20
REC00001130,INS00001130,USR001655,HEALTH_RESERVE,review_preparedness_goal,Review the preparedness goal and current buffer.,low,2026-07-27T00:00:20
REC00001131,INS00001131,USR001656,MINDGUARD,maintain_monitoring,Continue routine monitoring.,low,2026-09-14T12:00:20
REC00001132,INS00001132,USR001657,MINDGUARD,maintain_monitoring,Continue routine monitoring.,medium,2026-06-08T04:00:20
REC00001133,INS00001133,USR001659,MINDGUARD,repeat_assessment,Repeat the assessment later to add another observation.,medium,2026-06-03T14:00:20
REC00001134,INS00001134,USR001661,MINDGUARD,repeat_assessment,Repeat the assessment later to add another observation.,low,2026-09-14T12:00:20
REC00001135,INS00001135,USR001662,HEALTH_RESERVE,review_healthcare_coverage,Review healthcare coverage information.,medium,2026-05-16T22:00:20
REC00001136,INS00001136,USR001663,MINDGUARD,repeat_assessment,Repeat the assessment later to add another observation.,low,2026-03-11T08:00:20
REC00001137,INS00001137,USR001664,MINDGUARD,maintain_monitoring,Continue routine monitoring.,low,2026-07-09T12:00:20
REC00001138,INS00001138,USR001664,HEALTH_RESERVE,review_preparedness_goal,Review the preparedness goal and current buffer.,low,2026-06-11T04:00:20
REC00001139,INS00001139,USR001666,MINDGUARD,maintain_monitoring,Continue routine monitoring.,medium,2026-09-14T12:00:20
REC00001140,INS00001140,USR001668,MINDGUARD,maintain_monitoring,Continue routine monitoring.,medium,2026-05-30T03:00:20
REC00001141,INS00001141,USR001670,MINDGUARD,maintain_monitoring,Continue routine monitoring.,low,2026-06-20T22:00:20
REC00001142,INS00001142,USR001671,MINDGUARD,maintain_monitoring,Continue routine monitoring.,low,2026-06-22T03:00:20
REC00001143,INS00001143,USR001672,MINDGUARD,repeat_assessment,Repeat the assessment later to add another observation.,low,2026-04-27T14:00:20
REC00001144,INS00001144,USR001673,MINDGUARD,maintain_monitoring,Continue routine monitoring.,low,2026-09-14T12:00:20
REC00001145,INS00001145,USR001675,MINDGUARD,repeat_assessment,Repeat the assessment later to add another observation.,low,2026-06-13T18:00:20
REC00001146,INS00001146,USR001676,MINDGUARD,review_sleep,Review recent sleep context and repeat monitoring when convenient.,medium,2026-07-08T09:00:20
REC00001147,INS00001147,USR001679,MINDGUARD,maintain_monitoring,Continue routine monitoring.,medium,2026-09-14T12:00:20
REC00001148,INS00001148,USR001680,HEALTH_RESERVE,review_preparedness_goal,Review the preparedness goal and current buffer.,low,2026-03-16T15:00:20
REC00001149,INS00001149,USR001683,MINDGUARD,maintain_monitoring,Continue routine monitoring.,low,2026-07-07T15:00:20
REC00001150,INS00001150,USR001684,MINDGUARD,repeat_assessment,Repeat the assessment later to add another observation.,low,2026-06-12T19:00:20
REC00001151,INS00001151,USR001684,HEALTH_RESERVE,review_preparedness_goal,Review the preparedness goal and current buffer.,low,2026-09-14T12:00:20
REC00001152,INS00001152,USR001685,MINDGUARD,repeat_assessment,Repeat the assessment later to add another observation.,medium,2026-03-19T06:00:20
REC00001153,INS00001153,USR001686,MINDGUARD,repeat_assessment,Repeat the assessment later to add another observation.,medium,2026-05-18T10:00:20
REC00001154,INS00001154,USR001688,MINDGUARD,repeat_assessment,Repeat the assessment later to add another observation.,medium,2026-03-18T10:00:20
REC00001155,INS00001155,USR001689,MINDGUARD,maintain_monitoring,Continue routine monitoring.,low,2026-09-14T12:00:20
REC00001156,INS00001156,USR001692,MINDGUARD,repeat_assessment,Repeat the assessment later to add another observation.,low,2026-08-18T13:00:20
REC00001157,INS00001157,USR001693,MINDGUARD,maintain_monitoring,Continue routine monitoring.,low,2026-08-11T07:00:20
REC00001158,INS00001158,USR001693,HEALTH_RESERVE,review_preparedness_goal,Review the preparedness goal and current buffer.,low,2026-04-06T15:00:20
REC00001159,INS00001159,USR001694,HEALTH_RESERVE,review_preparedness_goal,Review the preparedness goal and current buffer.,low,2026-02-23T04:00:20
REC00001160,INS00001160,USR001697,HEALTH_RESERVE,review_healthcare_coverage,Review healthcare coverage information.,low,2026-08-26T12:00:20
REC00001161,INS00001161,USR001699,HEALTH_RESERVE,review_preparedness_goal,Review the preparedness goal and current buffer.,medium,2026-05-26T11:00:20
REC00001162,INS00001162,USR001701,MINDGUARD,maintain_monitoring,Continue routine monitoring.,low,2026-02-04T00:00:20
REC00001163,INS00001163,USR001702,MINDGUARD,maintain_monitoring,Continue routine monitoring.,medium,2026-06-01T05:00:20
REC00001164,INS00001164,USR001706,MINDGUARD,repeat_assessment,Repeat the assessment later to add another observation.,medium,2026-02-15T06:00:20
REC00001165,INS00001165,USR001707,HEALTH_RESERVE,review_preparedness_goal,Review the preparedness goal and current buffer.,low,2026-04-25T04:00:20
REC00001166,INS00001166,USR001708,MINDGUARD,maintain_monitoring,Continue routine monitoring.,low,2026-07-12T05:00:20
REC00001167,INS00001167,USR001709,MINDGUARD,maintain_monitoring,Continue routine monitoring.,medium,2026-07-05T11:00:20
REC00001168,INS00001168,USR001710,MINDGUARD,repeat_assessment,Repeat the assessment later to add another observation.,low,2026-02-14T13:00:20
REC00001169,INS00001169,USR001712,MINDGUARD,wellbeing_checkin,Complete a wellbeing check-in to add context.,medium,2026-08-14T19:00:20
REC00001170,INS00001170,USR001714,HEALTH_RESERVE,review_preparedness_goal,Review the preparedness goal and current buffer.,medium,2026-04-21T16:00:20
REC00001171,INS00001171,USR001715,MINDGUARD,maintain_monitoring,Continue routine monitoring.,low,2026-09-14T12:00:20
REC00001172,INS00001172,USR001716,MINDGUARD,wellbeing_checkin,Complete a wellbeing check-in to add context.,medium,2026-09-14T12:00:20
REC00001173,INS00001173,USR001717,MINDGUARD,repeat_assessment,Repeat the assessment later to add another observation.,medium,2026-07-08T11:00:20
REC00001174,INS00001174,USR001718,MINDGUARD,repeat_assessment,Repeat the assessment later to add another observation.,low,2026-08-31T18:00:20
REC00001175,INS00001175,USR001720,HEALTH_RESERVE,review_preparedness_goal,Review the preparedness goal and current buffer.,low,2026-09-14T12:00:20
REC00001176,INS00001176,USR001721,HEALTH_RESERVE,review_preparedness_goal,Review the preparedness goal and current buffer.,medium,2026-07-11T10:00:20
REC00001177,INS00001177,USR001722,MINDGUARD,maintain_monitoring,Continue routine monitoring.,medium,2026-07-29T12:00:20
REC00001178,INS00001178,USR001724,MINDGUARD,repeat_assessment,Repeat the assessment later to add another observation.,low,2026-04-04T07:00:20
REC00001179,INS00001179,USR001724,HEALTH_RESERVE,review_healthcare_coverage,Review healthcare coverage information.,low,2026-03-31T07:00:20
REC00001180,INS00001180,USR001725,MINDGUARD,repeat_assessment,Repeat the assessment later to add another observation.,medium,2026-06-16T08:00:20
REC00001181,INS00001181,USR001726,MINDGUARD,repeat_assessment,Repeat the assessment later to add another observation.,low,2026-03-23T19:00:20
REC00001182,INS00001182,USR001728,MINDGUARD,repeat_assessment,Repeat the assessment later to add another observation.,low,2026-03-16T10:00:20
REC00001183,INS00001183,USR001729,HEALTH_RESERVE,review_preparedness_goal,Review the preparedness goal and current buffer.,low,2026-08-23T13:00:20
REC00001184,INS00001184,USR001730,HEALTH_RESERVE,review_preparedness_goal,Review the preparedness goal and current buffer.,medium,2026-06-23T01:00:20
REC00001185,INS00001185,USR001733,MINDGUARD,repeat_assessment,Repeat the assessment later to add another observation.,medium,2026-09-14T12:00:20
REC00001186,INS00001186,USR001735,HEALTH_RESERVE,review_preparedness_goal,Review the preparedness goal and current buffer.,low,2026-05-31T00:00:20
REC00001187,INS00001187,USR001736,HEALTH_RESERVE,review_healthcare_coverage,Review healthcare coverage information.,medium,2026-06-04T09:00:20
REC00001188,INS00001188,USR001739,MINDGUARD,maintain_monitoring,Continue routine monitoring.,low,2026-09-14T12:00:20
REC00001189,INS00001189,USR001739,HEALTH_RESERVE,review_preparedness_goal,Review the preparedness goal and current buffer.,medium,2026-06-28T17:00:20
REC00001190,INS00001190,USR001741,MINDGUARD,repeat_assessment,Repeat the assessment later to add another observation.,low,2026-05-15T13:00:20
REC00001191,INS00001191,USR001743,HEALTH_RESERVE,review_preparedness_goal,Review the preparedness goal and current buffer.,low,2026-09-14T12:00:20
REC00001192,INS00001192,USR001744,MINDGUARD,repeat_assessment,Repeat the assessment later to add another observation.,medium,2026-02-06T14:00:20
REC00001193,INS00001193,USR001746,MINDGUARD,repeat_assessment,Repeat the assessment later to add another observation.,medium,2026-03-22T07:00:20
REC00001194,INS00001194,USR001747,HEALTH_RESERVE,review_preparedness_goal,Review the preparedness goal and current buffer.,medium,2026-05-01T14:00:20
REC00001195,INS00001195,USR001748,MINDGUARD,wellbeing_checkin,Complete a wellbeing check-in to add context.,low,2026-08-22T23:00:20
REC00001196,INS00001196,USR001749,MINDGUARD,maintain_monitoring,Continue routine monitoring.,medium,2026-09-14T12:00:20
REC00001197,INS00001197,USR001750,MINDGUARD,repeat_assessment,Repeat the assessment later to add another observation.,low,2026-06-15T19:00:20
REC00001198,INS00001198,USR001757,MINDGUARD,repeat_assessment,Repeat the assessment later to add another observation.,low,2026-01-09T09:00:20
REC00001199,INS00001199,USR001758,MINDGUARD,repeat_assessment,Repeat the assessment later to add another observation.,low,2026-05-05T20:00:20
REC00001200,INS00001200,USR001760,MINDGUARD,maintain_monitoring,Continue routine monitoring.,medium,2026-05-29T20:00:20
REC00001201,INS00001201,USR001760,HEALTH_RESERVE,review_preparedness_goal,Review the preparedness goal and current buffer.,low,2026-05-31T20:00:20
REC00001202,INS00001202,USR001761,MINDGUARD,maintain_monitoring,Continue routine monitoring.,low,2026-09-14T12:00:20
REC00001203,INS00001203,USR001762,HEALTH_RESERVE,review_preparedness_goal,Review the preparedness goal and current buffer.,low,2026-06-03T03:00:20
REC00001204,INS00001204,USR001764,MINDGUARD,maintain_monitoring,Continue routine monitoring.,low,2026-03-01T03:00:20
REC00001205,INS00001205,USR001765,MINDGUARD,wellbeing_checkin,Complete a wellbeing check-in to add context.,medium,2026-03-29T20:00:20
REC00001206,INS00001206,USR001766,HEALTH_RESERVE,review_preparedness_goal,Review the preparedness goal and current buffer.,medium,2026-03-25T23:00:20
REC00001207,INS00001207,USR001768,MINDGUARD,repeat_assessment,Repeat the assessment later to add another observation.,low,2026-07-16T03:00:20
REC00001208,INS00001208,USR001771,MINDGUARD,maintain_monitoring,Continue routine monitoring.,medium,2026-05-27T17:00:20
REC00001209,INS00001209,USR001772,MINDGUARD,repeat_assessment,Repeat the assessment later to add another observation.,low,2026-08-06T19:00:20
REC00001210,INS00001210,USR001774,MINDGUARD,maintain_monitoring,Continue routine monitoring.,medium,2026-05-28T04:00:20
REC00001211,INS00001211,USR001775,MINDGUARD,wellbeing_checkin,Complete a wellbeing check-in to add context.,low,2026-05-14T15:00:20
REC00001212,INS00001212,USR001775,HEALTH_RESERVE,review_preparedness_goal,Review the preparedness goal and current buffer.,low,2026-08-30T10:00:20
REC00001213,INS00001213,USR001776,MINDGUARD,maintain_monitoring,Continue routine monitoring.,medium,2026-05-27T10:00:20
REC00001214,INS00001214,USR001777,HEALTH_RESERVE,review_preparedness_goal,Review the preparedness goal and current buffer.,low,2026-03-09T02:00:20
REC00001215,INS00001215,USR001778,MINDGUARD,maintain_monitoring,Continue routine monitoring.,medium,2026-09-14T12:00:20
REC00001216,INS00001216,USR001781,MINDGUARD,repeat_assessment,Repeat the assessment later to add another observation.,medium,2026-08-10T02:00:20
REC00001217,INS00001217,USR001782,HEALTH_RESERVE,review_preparedness_goal,Review the preparedness goal and current buffer.,medium,2026-03-16T15:00:20
REC00001218,INS00001218,USR001783,MINDGUARD,review_sleep,Review recent sleep context and repeat monitoring when convenient.,medium,2026-07-16T06:00:20
REC00001219,INS00001219,USR001784,MINDGUARD,maintain_monitoring,Continue routine monitoring.,medium,2026-08-10T21:00:20
REC00001220,INS00001220,USR001787,MINDGUARD,review_sleep,Review recent sleep context and repeat monitoring when convenient.,low,2026-08-18T01:00:20
REC00001221,INS00001221,USR001787,HEALTH_RESERVE,review_preparedness_goal,Review the preparedness goal and current buffer.,low,2026-09-08T06:00:20
REC00001222,INS00001222,USR001789,MINDGUARD,maintain_monitoring,Continue routine monitoring.,medium,2026-03-11T16:00:20
REC00001223,INS00001223,USR001792,MINDGUARD,wellbeing_checkin,Complete a wellbeing check-in to add context.,medium,2026-05-01T20:00:20
REC00001224,INS00001224,USR001795,HEALTH_RESERVE,review_preparedness_goal,Review the preparedness goal and current buffer.,medium,2026-05-20T08:00:20
REC00001225,INS00001225,USR001797,HEALTH_RESERVE,review_healthcare_coverage,Review healthcare coverage information.,medium,2026-06-22T13:00:20
REC00001226,INS00001226,USR001798,MINDGUARD,maintain_monitoring,Continue routine monitoring.,medium,2026-04-06T09:00:20
REC00001227,INS00001227,USR001798,HEALTH_RESERVE,review_preparedness_goal,Review the preparedness goal and current buffer.,low,2026-05-24T03:00:20
REC00001228,INS00001228,USR001799,MINDGUARD,repeat_assessment,Repeat the assessment later to add another observation.,low,2026-07-06T18:00:20
REC00001229,INS00001229,USR001803,MINDGUARD,maintain_monitoring,Continue routine monitoring.,medium,2026-06-28T00:00:20
REC00001230,INS00001230,USR001804,MINDGUARD,maintain_monitoring,Continue routine monitoring.,medium,2026-03-13T06:00:20
REC00001231,INS00001231,USR001805,MINDGUARD,maintain_monitoring,Continue routine monitoring.,medium,2026-07-28T03:00:20
REC00001232,INS00001232,USR001806,HEALTH_RESERVE,review_preparedness_goal,Review the preparedness goal and current buffer.,low,2026-08-06T11:00:20
REC00001233,INS00001233,USR001807,MINDGUARD,repeat_assessment,Repeat the assessment later to add another observation.,low,2026-06-19T10:00:20
REC00001234,INS00001234,USR001809,HEALTH_RESERVE,review_preparedness_goal,Review the preparedness goal and current buffer.,low,2026-09-05T12:00:20
REC00001235,INS00001235,USR001810,HEALTH_RESERVE,review_preparedness_goal,Review the preparedness goal and current buffer.,low,2026-06-05T21:00:20
REC00001236,INS00001236,USR001811,MINDGUARD,maintain_monitoring,Continue routine monitoring.,low,2026-09-09T02:00:20
REC00001237,INS00001237,USR001812,MINDGUARD,repeat_assessment,Repeat the assessment later to add another observation.,low,2026-05-22T11:00:20
REC00001238,INS00001238,USR001812,HEALTH_RESERVE,review_healthcare_coverage,Review healthcare coverage information.,medium,2026-09-14T12:00:20
REC00001239,INS00001239,USR001813,MINDGUARD,maintain_monitoring,Continue routine monitoring.,low,2026-08-25T22:00:20
REC00001240,INS00001240,USR001814,MINDGUARD,repeat_assessment,Repeat the assessment later to add another observation.,low,2026-05-07T00:00:20
REC00001241,INS00001241,USR001815,MINDGUARD,maintain_monitoring,Continue routine monitoring.,medium,2026-09-14T12:00:20
REC00001242,INS00001242,USR001818,MINDGUARD,maintain_monitoring,Continue routine monitoring.,medium,2026-06-30T19:00:20
REC00001243,INS00001243,USR001820,HEALTH_RESERVE,review_preparedness_goal,Review the preparedness goal and current buffer.,medium,2026-05-01T20:00:20
REC00001244,INS00001244,USR001825,MINDGUARD,maintain_monitoring,Continue routine monitoring.,medium,2026-04-29T12:00:20
REC00001245,INS00001245,USR001827,HEALTH_RESERVE,review_preparedness_goal,Review the preparedness goal and current buffer.,medium,2026-08-24T03:00:20
REC00001246,INS00001246,USR001828,MINDGUARD,repeat_assessment,Repeat the assessment later to add another observation.,medium,2026-03-31T21:00:20
REC00001247,INS00001247,USR001831,HEALTH_RESERVE,review_preparedness_goal,Review the preparedness goal and current buffer.,low,2026-07-20T03:00:20
REC00001248,INS00001248,USR001832,MINDGUARD,repeat_assessment,Repeat the assessment later to add another observation.,medium,2026-04-12T05:00:20
REC00001249,INS00001249,USR001833,HEALTH_RESERVE,review_preparedness_goal,Review the preparedness goal and current buffer.,low,2026-04-22T18:00:20
REC00001250,INS00001250,USR001834,MINDGUARD,repeat_assessment,Repeat the assessment later to add another observation.,low,2026-03-16T21:00:20
REC00001251,INS00001251,USR001835,MINDGUARD,review_sleep,Review recent sleep context and repeat monitoring when convenient.,low,2026-06-26T18:00:20
REC00001252,INS00001252,USR001837,MINDGUARD,review_sleep,Review recent sleep context and repeat monitoring when convenient.,medium,2026-05-13T15:00:20
REC00001253,INS00001253,USR001839,HEALTH_RESERVE,review_preparedness_goal,Review the preparedness goal and current buffer.,low,2026-02-15T04:00:20
REC00001254,INS00001254,USR001841,HEALTH_RESERVE,review_preparedness_goal,Review the preparedness goal and current buffer.,low,2026-08-28T07:00:20
REC00001255,INS00001255,USR001842,MINDGUARD,repeat_assessment,Repeat the assessment later to add another observation.,low,2026-06-06T23:00:20
REC00001256,INS00001256,USR001846,MINDGUARD,repeat_assessment,Repeat the assessment later to add another observation.,low,2026-08-08T16:00:20
REC00001257,INS00001257,USR001848,MINDGUARD,maintain_monitoring,Continue routine monitoring.,medium,2026-04-26T08:00:20
REC00001258,INS00001258,USR001850,MINDGUARD,maintain_monitoring,Continue routine monitoring.,medium,2026-06-09T14:00:20
REC00001259,INS00001259,USR001850,HEALTH_RESERVE,review_preparedness_goal,Review the preparedness goal and current buffer.,medium,2026-03-20T14:00:20
REC00001260,INS00001260,USR001851,MINDGUARD,repeat_assessment,Repeat the assessment later to add another observation.,low,2026-06-10T02:00:20
REC00001261,INS00001261,USR001852,MINDGUARD,maintain_monitoring,Continue routine monitoring.,low,2026-04-13T22:00:20
REC00001262,INS00001262,USR001852,HEALTH_RESERVE,review_preparedness_goal,Review the preparedness goal and current buffer.,medium,2026-06-04T22:00:20
REC00001263,INS00001263,USR001854,MINDGUARD,repeat_assessment,Repeat the assessment later to add another observation.,low,2026-05-14T12:00:20
REC00001264,INS00001264,USR001855,HEALTH_RESERVE,review_healthcare_coverage,Review healthcare coverage information.,low,2026-06-13T10:00:20
REC00001265,INS00001265,USR001857,MINDGUARD,maintain_monitoring,Continue routine monitoring.,medium,2026-07-12T09:00:20
REC00001266,INS00001266,USR001859,MINDGUARD,maintain_monitoring,Continue routine monitoring.,medium,2026-04-01T21:00:20
REC00001267,INS00001267,USR001860,MINDGUARD,repeat_assessment,Repeat the assessment later to add another observation.,low,2026-07-15T18:00:20
REC00001268,INS00001268,USR001864,MINDGUARD,repeat_assessment,Repeat the assessment later to add another observation.,medium,2026-03-05T03:00:20
REC00001269,INS00001269,USR001864,HEALTH_RESERVE,review_preparedness_goal,Review the preparedness goal and current buffer.,low,2026-04-19T09:00:20
REC00001270,INS00001270,USR001865,HEALTH_RESERVE,review_preparedness_goal,Review the preparedness goal and current buffer.,low,2026-08-09T13:00:20
REC00001271,INS00001271,USR001868,HEALTH_RESERVE,review_preparedness_goal,Review the preparedness goal and current buffer.,medium,2026-02-17T17:00:20
REC00001272,INS00001272,USR001869,HEALTH_RESERVE,review_preparedness_goal,Review the preparedness goal and current buffer.,medium,2026-04-11T07:00:20
REC00001273,INS00001273,USR001870,MINDGUARD,maintain_monitoring,Continue routine monitoring.,medium,2026-09-14T12:00:20
REC00001274,INS00001274,USR001873,MINDGUARD,repeat_assessment,Repeat the assessment later to add another observation.,low,2026-06-29T19:00:20
REC00001275,INS00001275,USR001874,MINDGUARD,repeat_assessment,Repeat the assessment later to add another observation.,low,2026-06-03T15:00:20
REC00001276,INS00001276,USR001874,HEALTH_RESERVE,review_preparedness_goal,Review the preparedness goal and current buffer.,medium,2026-07-16T16:00:20
REC00001277,INS00001277,USR001875,MINDGUARD,review_sleep,Review recent sleep context and repeat monitoring when convenient.,low,2026-07-25T10:00:20
REC00001278,INS00001278,USR001876,MINDGUARD,repeat_assessment,Repeat the assessment later to add another observation.,medium,2026-06-13T01:00:20
REC00001279,INS00001279,USR001877,MINDGUARD,repeat_assessment,Repeat the assessment later to add another observation.,low,2026-03-14T19:00:20
REC00001280,INS00001280,USR001880,MINDGUARD,repeat_assessment,Repeat the assessment later to add another observation.,medium,2026-05-25T09:00:20
REC00001281,INS00001281,USR001881,MINDGUARD,maintain_monitoring,Continue routine monitoring.,medium,2026-09-09T21:00:20
REC00001282,INS00001282,USR001881,HEALTH_RESERVE,review_preparedness_goal,Review the preparedness goal and current buffer.,low,2026-09-12T19:00:20
REC00001283,INS00001283,USR001882,MINDGUARD,review_sleep,Review recent sleep context and repeat monitoring when convenient.,low,2026-07-27T11:00:20
REC00001284,INS00001284,USR001884,MINDGUARD,repeat_assessment,Repeat the assessment later to add another observation.,low,2026-08-22T23:00:20
REC00001285,INS00001285,USR001885,MINDGUARD,repeat_assessment,Repeat the assessment later to add another observation.,medium,2026-07-21T07:00:20
REC00001286,INS00001286,USR001885,HEALTH_RESERVE,review_preparedness_goal,Review the preparedness goal and current buffer.,medium,2026-09-14T12:00:20
REC00001287,INS00001287,USR001886,MINDGUARD,maintain_monitoring,Continue routine monitoring.,low,2026-07-29T09:00:20
REC00001288,INS00001288,USR001889,MINDGUARD,repeat_assessment,Repeat the assessment later to add another observation.,medium,2026-01-28T20:00:20
REC00001289,INS00001289,USR001890,MINDGUARD,repeat_assessment,Repeat the assessment later to add another observation.,low,2026-03-28T14:00:20
REC00001290,INS00001290,USR001893,MINDGUARD,maintain_monitoring,Continue routine monitoring.,medium,2026-08-24T19:00:20
REC00001291,INS00001291,USR001895,MINDGUARD,repeat_assessment,Repeat the assessment later to add another observation.,medium,2026-09-14T12:00:20
REC00001292,INS00001292,USR001896,MINDGUARD,repeat_assessment,Repeat the assessment later to add another observation.,medium,2026-07-02T11:00:20
REC00001293,INS00001293,USR001898,MINDGUARD,wellbeing_checkin,Complete a wellbeing check-in to add context.,medium,2026-06-27T00:00:20
REC00001294,INS00001294,USR001899,MINDGUARD,maintain_monitoring,Continue routine monitoring.,medium,2026-05-23T18:00:20
REC00001295,INS00001295,USR001906,MINDGUARD,repeat_assessment,Repeat the assessment later to add another observation.,medium,2026-04-27T03:00:20
REC00001296,INS00001296,USR001906,HEALTH_RESERVE,review_preparedness_goal,Review the preparedness goal and current buffer.,medium,2026-07-25T14:00:20
REC00001297,INS00001297,USR001908,MINDGUARD,repeat_assessment,Repeat the assessment later to add another observation.,medium,2026-07-24T12:00:20
REC00001298,INS00001298,USR001909,MINDGUARD,repeat_assessment,Repeat the assessment later to add another observation.,low,2026-06-13T19:00:20
REC00001299,INS00001299,USR001913,MINDGUARD,repeat_assessment,Repeat the assessment later to add another observation.,low,2026-05-17T16:00:20
REC00001300,INS00001300,USR001914,MINDGUARD,repeat_assessment,Repeat the assessment later to add another observation.,low,2026-04-09T17:00:20
REC00001301,INS00001301,USR001915,HEALTH_RESERVE,review_healthcare_coverage,Review healthcare coverage information.,low,2026-07-22T18:00:20
REC00001302,INS00001302,USR001918,MINDGUARD,wellbeing_checkin,Complete a wellbeing check-in to add context.,medium,2026-08-21T14:00:20
REC00001303,INS00001303,USR001918,HEALTH_RESERVE,review_preparedness_goal,Review the preparedness goal and current buffer.,low,2026-05-29T09:00:20
REC00001304,INS00001304,USR001919,HEALTH_RESERVE,review_preparedness_goal,Review the preparedness goal and current buffer.,medium,2026-09-14T12:00:20
REC00001305,INS00001305,USR001921,MINDGUARD,maintain_monitoring,Continue routine monitoring.,low,2026-09-14T12:00:20
REC00001306,INS00001306,USR001922,MINDGUARD,repeat_assessment,Repeat the assessment later to add another observation.,low,2026-09-08T04:00:20
REC00001307,INS00001307,USR001923,MINDGUARD,repeat_assessment,Repeat the assessment later to add another observation.,low,2026-05-11T00:00:20
REC00001308,INS00001308,USR001925,MINDGUARD,review_sleep,Review recent sleep context and repeat monitoring when convenient.,low,2026-04-02T06:00:20
REC00001309,INS00001309,USR001926,MINDGUARD,wellbeing_checkin,Complete a wellbeing check-in to add context.,low,2026-07-24T06:00:20
REC00001310,INS00001310,USR001927,MINDGUARD,wellbeing_checkin,Complete a wellbeing check-in to add context.,medium,2026-03-03T19:00:20
REC00001311,INS00001311,USR001929,HEALTH_RESERVE,review_preparedness_goal,Review the preparedness goal and current buffer.,low,2026-08-17T03:00:20
REC00001312,INS00001312,USR001930,MINDGUARD,maintain_monitoring,Continue routine monitoring.,low,2026-04-23T00:00:20
REC00001313,INS00001313,USR001931,HEALTH_RESERVE,review_preparedness_goal,Review the preparedness goal and current buffer.,medium,2026-09-14T12:00:20
REC00001314,INS00001314,USR001932,MINDGUARD,repeat_assessment,Repeat the assessment later to add another observation.,medium,2026-07-31T04:00:20
REC00001315,INS00001315,USR001933,HEALTH_RESERVE,review_healthcare_coverage,Review healthcare coverage information.,low,2026-05-17T11:00:20
REC00001316,INS00001316,USR001934,HEALTH_RESERVE,review_preparedness_goal,Review the preparedness goal and current buffer.,low,2026-03-28T16:00:20
REC00001317,INS00001317,USR001937,MINDGUARD,repeat_assessment,Repeat the assessment later to add another observation.,medium,2026-06-27T19:00:20
REC00001318,INS00001318,USR001940,MINDGUARD,maintain_monitoring,Continue routine monitoring.,low,2026-04-19T20:00:20
REC00001319,INS00001319,USR001940,HEALTH_RESERVE,review_preparedness_goal,Review the preparedness goal and current buffer.,low,2026-05-28T19:00:20
REC00001320,INS00001320,USR001943,HEALTH_RESERVE,review_preparedness_goal,Review the preparedness goal and current buffer.,medium,2026-06-27T03:00:20
REC00001321,INS00001321,USR001946,MINDGUARD,maintain_monitoring,Continue routine monitoring.,low,2026-09-01T01:00:20
REC00001322,INS00001322,USR001946,HEALTH_RESERVE,review_healthcare_coverage,Review healthcare coverage information.,medium,2026-09-14T12:00:20
REC00001323,INS00001323,USR001948,HEALTH_RESERVE,review_preparedness_goal,Review the preparedness goal and current buffer.,low,2026-05-17T03:00:20
REC00001324,INS00001324,USR001951,MINDGUARD,maintain_monitoring,Continue routine monitoring.,medium,2026-08-15T02:00:20
REC00001325,INS00001325,USR001952,MINDGUARD,repeat_assessment,Repeat the assessment later to add another observation.,low,2026-05-22T07:00:20
REC00001326,INS00001326,USR001952,HEALTH_RESERVE,review_preparedness_goal,Review the preparedness goal and current buffer.,medium,2026-04-23T05:00:20
REC00001327,INS00001327,USR001953,MINDGUARD,repeat_assessment,Repeat the assessment later to add another observation.,low,2026-03-27T02:00:20
REC00001328,INS00001328,USR001955,MINDGUARD,repeat_assessment,Repeat the assessment later to add another observation.,medium,2026-09-14T12:00:20
REC00001329,INS00001329,USR001957,MINDGUARD,wellbeing_checkin,Complete a wellbeing check-in to add context.,low,2026-06-07T00:00:20
REC00001330,INS00001330,USR001960,MINDGUARD,repeat_assessment,Repeat the assessment later to add another observation.,medium,2026-02-24T15:00:20
REC00001331,INS00001331,USR001960,HEALTH_RESERVE,review_preparedness_goal,Review the preparedness goal and current buffer.,low,2026-02-15T01:00:20
REC00001332,INS00001332,USR001961,MINDGUARD,maintain_monitoring,Continue routine monitoring.,medium,2026-05-10T02:00:20
REC00001333,INS00001333,USR001963,HEALTH_RESERVE,review_preparedness_goal,Review the preparedness goal and current buffer.,medium,2026-04-14T17:00:20
REC00001334,INS00001334,USR001964,MINDGUARD,maintain_monitoring,Continue routine monitoring.,low,2026-09-14T12:00:20
REC00001335,INS00001335,USR001965,MINDGUARD,repeat_assessment,Repeat the assessment later to add another observation.,medium,2026-04-28T17:00:20
REC00001336,INS00001336,USR001966,HEALTH_RESERVE,review_healthcare_coverage,Review healthcare coverage information.,low,2026-05-23T14:00:20
REC00001337,INS00001337,USR001968,HEALTH_RESERVE,review_preparedness_goal,Review the preparedness goal and current buffer.,low,2026-06-27T20:00:20
REC00001338,INS00001338,USR001969,MINDGUARD,repeat_assessment,Repeat the assessment later to add another observation.,low,2026-06-25T14:00:20
REC00001339,INS00001339,USR001970,MINDGUARD,maintain_monitoring,Continue routine monitoring.,low,2026-06-19T14:00:20
REC00001340,INS00001340,USR001972,MINDGUARD,repeat_assessment,Repeat the assessment later to add another observation.,medium,2026-03-19T04:00:20
REC00001341,INS00001341,USR001973,MINDGUARD,maintain_monitoring,Continue routine monitoring.,medium,2026-09-14T12:00:20
REC00001342,INS00001342,USR001975,MINDGUARD,repeat_assessment,Repeat the assessment later to add another observation.,low,2026-03-27T05:00:20
REC00001343,INS00001343,USR001978,HEALTH_RESERVE,review_preparedness_goal,Review the preparedness goal and current buffer.,low,2026-08-23T10:00:20
REC00001344,INS00001344,USR001979,MINDGUARD,repeat_assessment,Repeat the assessment later to add another observation.,medium,2026-07-28T11:00:20
REC00001345,INS00001345,USR001979,HEALTH_RESERVE,review_healthcare_coverage,Review healthcare coverage information.,medium,2026-01-13T03:00:20
REC00001346,INS00001346,USR001980,MINDGUARD,maintain_monitoring,Continue routine monitoring.,low,2026-07-29T08:00:20
REC00001347,INS00001347,USR001981,HEALTH_RESERVE,review_healthcare_coverage,Review healthcare coverage information.,medium,2026-05-17T00:00:20
REC00001348,INS00001348,USR001982,MINDGUARD,repeat_assessment,Repeat the assessment later to add another observation.,medium,2026-07-22T22:00:20
REC00001349,INS00001349,USR001983,MINDGUARD,maintain_monitoring,Continue routine monitoring.,low,2026-08-09T16:00:20
REC00001350,INS00001350,USR001984,MINDGUARD,repeat_assessment,Repeat the assessment later to add another observation.,low,2026-01-04T21:00:20
REC00001351,INS00001351,USR001985,MINDGUARD,maintain_monitoring,Continue routine monitoring.,medium,2026-05-12T16:00:20
REC00001352,INS00001352,USR001985,HEALTH_RESERVE,review_preparedness_goal,Review the preparedness goal and current buffer.,low,2026-07-02T12:00:20
REC00001353,INS00001353,USR001986,HEALTH_RESERVE,review_preparedness_goal,Review the preparedness goal and current buffer.,low,2026-04-22T13:00:20
REC00001354,INS00001354,USR001988,HEALTH_RESERVE,review_preparedness_goal,Review the preparedness goal and current buffer.,medium,2026-06-26T15:00:20
REC00001355,INS00001355,USR001991,HEALTH_RESERVE,review_preparedness_goal,Review the preparedness goal and current buffer.,low,2026-02-08T22:00:20
REC00001356,INS00001356,USR001994,MINDGUARD,maintain_monitoring,Continue routine monitoring.,low,2026-07-08T22:00:20
REC00001357,INS00001357,USR001994,HEALTH_RESERVE,review_healthcare_coverage,Review healthcare coverage information.,low,2026-04-04T00:00:20
REC00001358,INS00001358,USR001995,MINDGUARD,repeat_assessment,Repeat the assessment later to add another observation.,low,2026-06-06T05:00:20
REC00001359,INS00001359,USR001996,MINDGUARD,repeat_assessment,Repeat the assessment later to add another observation.,medium,2026-05-29T07:00:20
REC00001360,INS00001360,USR001997,MINDGUARD,maintain_monitoring,Continue routine monitoring.,low,2026-09-12T06:00:20
REC00001361,INS00001361,USR001999,MINDGUARD,maintain_monitoring,Continue routine monitoring.,low,2026-06-22T18:00:20
REC00001362,INS00001362,USR002001,MINDGUARD,repeat_assessment,Repeat the assessment later to add another observation.,low,2026-03-10T12:00:20
REC00001363,INS00001363,USR002002,MINDGUARD,wellbeing_checkin,Complete a wellbeing check-in to add context.,low,2026-06-11T01:00:20
REC00001364,INS00001364,USR002003,MINDGUARD,maintain_monitoring,Continue routine monitoring.,medium,2026-07-12T21:00:20
REC00001365,INS00001365,USR002005,MINDGUARD,wellbeing_checkin,Complete a wellbeing check-in to add context.,medium,2026-03-21T21:00:20
REC00001366,INS00001366,USR002009,MINDGUARD,maintain_monitoring,Continue routine monitoring.,medium,2026-09-04T18:00:20
REC00001367,INS00001367,USR002010,MINDGUARD,repeat_assessment,Repeat the assessment later to add another observation.,low,2026-04-25T09:00:20
REC00001368,INS00001368,USR002011,HEALTH_RESERVE,review_preparedness_goal,Review the preparedness goal and current buffer.,low,2026-04-19T12:00:20
REC00001369,INS00001369,USR002012,MINDGUARD,maintain_monitoring,Continue routine monitoring.,medium,2026-09-14T12:00:20
REC00001370,INS00001370,USR002013,MINDGUARD,repeat_assessment,Repeat the assessment later to add another observation.,medium,2026-09-14T12:00:20
REC00001371,INS00001371,USR002013,HEALTH_RESERVE,review_preparedness_goal,Review the preparedness goal and current buffer.,low,2026-05-22T04:00:20
REC00001372,INS00001372,USR002014,MINDGUARD,repeat_assessment,Repeat the assessment later to add another observation.,low,2026-05-18T05:00:20
REC00001373,INS00001373,USR002017,HEALTH_RESERVE,review_preparedness_goal,Review the preparedness goal and current buffer.,low,2026-09-14T12:00:20
REC00001374,INS00001374,USR002018,MINDGUARD,maintain_monitoring,Continue routine monitoring.,low,2026-09-14T12:00:20
REC00001375,INS00001375,USR002019,HEALTH_RESERVE,review_preparedness_goal,Review the preparedness goal and current buffer.,medium,2026-07-10T20:00:20
REC00001376,INS00001376,USR002020,MINDGUARD,repeat_assessment,Repeat the assessment later to add another observation.,medium,2026-06-09T04:00:20
REC00001377,INS00001377,USR002020,HEALTH_RESERVE,review_preparedness_goal,Review the preparedness goal and current buffer.,medium,2026-09-14T12:00:20
REC00001378,INS00001378,USR002021,MINDGUARD,repeat_assessment,Repeat the assessment later to add another observation.,low,2026-08-22T00:00:20
REC00001379,INS00001379,USR002022,HEALTH_RESERVE,review_preparedness_goal,Review the preparedness goal and current buffer.,medium,2026-06-27T06:00:20
REC00001380,INS00001380,USR002023,HEALTH_RESERVE,review_preparedness_goal,Review the preparedness goal and current buffer.,medium,2026-08-10T07:00:20
REC00001381,INS00001381,USR002024,HEALTH_RESERVE,review_preparedness_goal,Review the preparedness goal and current buffer.,medium,2026-08-18T08:00:20
REC00001382,INS00001382,USR002025,MINDGUARD,maintain_monitoring,Continue routine monitoring.,medium,2026-06-26T09:00:20
REC00001383,INS00001383,USR002025,HEALTH_RESERVE,review_preparedness_goal,Review the preparedness goal and current buffer.,medium,2026-09-14T12:00:20
REC00001384,INS00001384,USR002027,MINDGUARD,repeat_assessment,Repeat the assessment later to add another observation.,medium,2026-03-29T20:00:20
REC00001385,INS00001385,USR002027,HEALTH_RESERVE,review_preparedness_goal,Review the preparedness goal and current buffer.,low,2026-04-09T22:00:20
REC00001386,INS00001386,USR002029,HEALTH_RESERVE,review_healthcare_coverage,Review healthcare coverage information.,low,2026-08-04T22:00:20
REC00001387,INS00001387,USR002030,HEALTH_RESERVE,review_preparedness_goal,Review the preparedness goal and current buffer.,medium,2026-03-14T07:00:20
REC00001388,INS00001388,USR002031,HEALTH_RESERVE,review_preparedness_goal,Review the preparedness goal and current buffer.,low,2026-05-30T05:00:20
REC00001389,INS00001389,USR002033,HEALTH_RESERVE,review_preparedness_goal,Review the preparedness goal and current buffer.,low,2026-03-28T18:00:20
REC00001390,INS00001390,USR002035,MINDGUARD,maintain_monitoring,Continue routine monitoring.,low,2026-03-31T00:00:20
REC00001391,INS00001391,USR002036,MINDGUARD,maintain_monitoring,Continue routine monitoring.,medium,2026-08-07T10:00:20
REC00001392,INS00001392,USR002037,MINDGUARD,repeat_assessment,Repeat the assessment later to add another observation.,medium,2026-04-15T17:00:20
REC00001393,INS00001393,USR002038,HEALTH_RESERVE,review_preparedness_goal,Review the preparedness goal and current buffer.,low,2026-03-19T11:00:20
REC00001394,INS00001394,USR002040,MINDGUARD,repeat_assessment,Repeat the assessment later to add another observation.,low,2026-01-23T00:00:20
REC00001395,INS00001395,USR002042,MINDGUARD,maintain_monitoring,Continue routine monitoring.,low,2026-05-02T17:00:20
REC00001396,INS00001396,USR002044,MINDGUARD,maintain_monitoring,Continue routine monitoring.,medium,2026-09-14T12:00:20
REC00001397,INS00001397,USR002045,MINDGUARD,maintain_monitoring,Continue routine monitoring.,low,2026-05-05T13:00:20
REC00001398,INS00001398,USR002053,HEALTH_RESERVE,review_preparedness_goal,Review the preparedness goal and current buffer.,medium,2026-06-05T16:00:20
REC00001399,INS00001399,USR002054,MINDGUARD,maintain_monitoring,Continue routine monitoring.,low,2026-07-30T13:00:20
REC00001400,INS00001400,USR002055,MINDGUARD,repeat_assessment,Repeat the assessment later to add another observation.,low,2026-06-28T15:00:20
REC00001401,INS00001401,USR002056,HEALTH_RESERVE,review_preparedness_goal,Review the preparedness goal and current buffer.,medium,2026-07-28T18:00:20
REC00001402,INS00001402,USR002057,MINDGUARD,maintain_monitoring,Continue routine monitoring.,low,2026-07-25T06:00:20
REC00001403,INS00001403,USR002057,HEALTH_RESERVE,review_preparedness_goal,Review the preparedness goal and current buffer.,medium,2026-09-14T12:00:20
REC00001404,INS00001404,USR002058,MINDGUARD,maintain_monitoring,Continue routine monitoring.,low,2026-09-14T12:00:20
REC00001405,INS00001405,USR002058,HEALTH_RESERVE,review_preparedness_goal,Review the preparedness goal and current buffer.,low,2026-06-15T03:00:20
REC00001406,INS00001406,USR002059,MINDGUARD,repeat_assessment,Repeat the assessment later to add another observation.,medium,2026-03-24T15:00:20
REC00001407,INS00001407,USR002059,HEALTH_RESERVE,review_preparedness_goal,Review the preparedness goal and current buffer.,low,2026-03-24T14:00:20
REC00001408,INS00001408,USR002060,MINDGUARD,maintain_monitoring,Continue routine monitoring.,low,2026-09-03T06:00:20
REC00001409,INS00001409,USR002061,HEALTH_RESERVE,review_preparedness_goal,Review the preparedness goal and current buffer.,medium,2026-06-24T22:00:20
REC00001410,INS00001410,USR002062,MINDGUARD,repeat_assessment,Repeat the assessment later to add another observation.,medium,2026-05-06T04:00:20
REC00001411,INS00001411,USR002065,HEALTH_RESERVE,review_preparedness_goal,Review the preparedness goal and current buffer.,medium,2026-04-07T09:00:20
REC00001412,INS00001412,USR002066,MINDGUARD,maintain_monitoring,Continue routine monitoring.,low,2026-06-27T13:00:20
REC00001413,INS00001413,USR002066,HEALTH_RESERVE,review_preparedness_goal,Review the preparedness goal and current buffer.,low,2026-06-09T14:00:20
REC00001414,INS00001414,USR002067,HEALTH_RESERVE,review_preparedness_goal,Review the preparedness goal and current buffer.,medium,2026-05-12T07:00:20
REC00001415,INS00001415,USR002070,MINDGUARD,repeat_assessment,Repeat the assessment later to add another observation.,low,2026-08-30T14:00:20
REC00001416,INS00001416,USR002071,MINDGUARD,maintain_monitoring,Continue routine monitoring.,low,2026-09-14T12:00:20
REC00001417,INS00001417,USR002074,MINDGUARD,maintain_monitoring,Continue routine monitoring.,medium,2026-09-14T12:00:20
REC00001418,INS00001418,USR002074,HEALTH_RESERVE,review_preparedness_goal,Review the preparedness goal and current buffer.,medium,2026-09-14T12:00:20
REC00001419,INS00001419,USR002075,MINDGUARD,repeat_assessment,Repeat the assessment later to add another observation.,medium,2026-09-14T12:00:20
REC00001420,INS00001420,USR002077,MINDGUARD,repeat_assessment,Repeat the assessment later to add another observation.,medium,2026-05-05T04:00:20
REC00001421,INS00001421,USR002078,MINDGUARD,maintain_monitoring,Continue routine monitoring.,low,2026-09-07T11:00:20
REC00001422,INS00001422,USR002082,MINDGUARD,maintain_monitoring,Continue routine monitoring.,low,2026-06-21T13:00:20
REC00001423,INS00001423,USR002085,HEALTH_RESERVE,review_preparedness_goal,Review the preparedness goal and current buffer.,low,2026-07-23T17:00:20
REC00001424,INS00001424,USR002086,MINDGUARD,maintain_monitoring,Continue routine monitoring.,medium,2026-05-02T12:00:20
REC00001425,INS00001425,USR002086,HEALTH_RESERVE,review_preparedness_goal,Review the preparedness goal and current buffer.,low,2026-01-10T22:00:20
REC00001426,INS00001426,USR002087,HEALTH_RESERVE,review_preparedness_goal,Review the preparedness goal and current buffer.,low,2026-05-19T07:00:20
REC00001427,INS00001427,USR002090,HEALTH_RESERVE,review_healthcare_coverage,Review healthcare coverage information.,low,2026-08-03T05:00:20
REC00001428,INS00001428,USR002092,MINDGUARD,repeat_assessment,Repeat the assessment later to add another observation.,medium,2026-02-17T12:00:20
REC00001429,INS00001429,USR002093,MINDGUARD,repeat_assessment,Repeat the assessment later to add another observation.,low,2026-03-22T19:00:20
REC00001430,INS00001430,USR002094,HEALTH_RESERVE,review_preparedness_goal,Review the preparedness goal and current buffer.,medium,2026-07-12T06:00:20
REC00001431,INS00001431,USR002095,MINDGUARD,repeat_assessment,Repeat the assessment later to add another observation.,medium,2026-05-18T05:00:20
REC00001432,INS00001432,USR002097,MINDGUARD,repeat_assessment,Repeat the assessment later to add another observation.,medium,2026-09-14T12:00:20
REC00001433,INS00001433,USR002097,HEALTH_RESERVE,review_preparedness_goal,Review the preparedness goal and current buffer.,low,2026-08-19T04:00:20
REC00001434,INS00001434,USR002098,MINDGUARD,repeat_assessment,Repeat the assessment later to add another observation.,low,2026-05-25T22:00:20
REC00001435,INS00001435,USR002098,HEALTH_RESERVE,review_preparedness_goal,Review the preparedness goal and current buffer.,medium,2026-07-25T21:00:20
REC00001436,INS00001436,USR002100,MINDGUARD,repeat_assessment,Repeat the assessment later to add another observation.,low,2026-06-07T11:00:20
REC00001437,INS00001437,USR002100,HEALTH_RESERVE,review_preparedness_goal,Review the preparedness goal and current buffer.,medium,2026-08-04T02:00:20
REC00001438,INS00001438,USR002102,MINDGUARD,repeat_assessment,Repeat the assessment later to add another observation.,low,2026-04-28T00:00:20
REC00001439,INS00001439,USR002105,MINDGUARD,maintain_monitoring,Continue routine monitoring.,low,2026-01-31T00:00:20
REC00001440,INS00001440,USR002106,MINDGUARD,maintain_monitoring,Continue routine monitoring.,low,2026-09-14T12:00:20
REC00001441,INS00001441,USR002109,MINDGUARD,repeat_assessment,Repeat the assessment later to add another observation.,low,2026-08-25T00:00:20
REC00001442,INS00001442,USR002110,HEALTH_RESERVE,review_preparedness_goal,Review the preparedness goal and current buffer.,low,2026-08-05T21:00:20
REC00001443,INS00001443,USR002113,HEALTH_RESERVE,review_preparedness_goal,Review the preparedness goal and current buffer.,low,2026-03-27T02:00:20
REC00001444,INS00001444,USR002115,HEALTH_RESERVE,review_healthcare_coverage,Review healthcare coverage information.,low,2026-09-14T12:00:20
REC00001445,INS00001445,USR002117,MINDGUARD,repeat_assessment,Repeat the assessment later to add another observation.,medium,2026-03-14T06:00:20
REC00001446,INS00001446,USR002119,MINDGUARD,maintain_monitoring,Continue routine monitoring.,low,2026-08-06T21:00:20
REC00001447,INS00001447,USR002119,HEALTH_RESERVE,review_preparedness_goal,Review the preparedness goal and current buffer.,medium,2026-02-28T05:00:20
REC00001448,INS00001448,USR002121,MINDGUARD,repeat_assessment,Repeat the assessment later to add another observation.,low,2026-04-19T18:00:20
REC00001449,INS00001449,USR002123,MINDGUARD,maintain_monitoring,Continue routine monitoring.,low,2026-08-19T13:00:20
REC00001450,INS00001450,USR002125,MINDGUARD,repeat_assessment,Repeat the assessment later to add another observation.,medium,2026-09-14T12:00:20
REC00001451,INS00001451,USR002128,MINDGUARD,maintain_monitoring,Continue routine monitoring.,medium,2026-06-01T02:00:20
REC00001452,INS00001452,USR002129,MINDGUARD,wellbeing_checkin,Complete a wellbeing check-in to add context.,low,2026-02-13T06:00:20
REC00001453,INS00001453,USR002130,MINDGUARD,repeat_assessment,Repeat the assessment later to add another observation.,low,2026-03-24T21:00:20
REC00001454,INS00001454,USR002132,HEALTH_RESERVE,review_healthcare_coverage,Review healthcare coverage information.,low,2026-06-05T21:00:20
REC00001455,INS00001455,USR002134,MINDGUARD,maintain_monitoring,Continue routine monitoring.,medium,2026-04-26T09:00:20
REC00001456,INS00001456,USR002135,HEALTH_RESERVE,review_healthcare_coverage,Review healthcare coverage information.,low,2026-09-04T07:00:20
REC00001457,INS00001457,USR002136,MINDGUARD,maintain_monitoring,Continue routine monitoring.,medium,2026-09-14T12:00:20
REC00001458,INS00001458,USR002137,MINDGUARD,repeat_assessment,Repeat the assessment later to add another observation.,low,2026-01-03T14:00:20
REC00001459,INS00001459,USR002138,MINDGUARD,repeat_assessment,Repeat the assessment later to add another observation.,low,2026-02-19T06:00:20
REC00001460,INS00001460,USR002140,HEALTH_RESERVE,review_healthcare_coverage,Review healthcare coverage information.,low,2026-08-12T09:00:20
REC00001461,INS00001461,USR002141,MINDGUARD,repeat_assessment,Repeat the assessment later to add another observation.,low,2026-03-20T11:00:20
REC00001462,INS00001462,USR002141,HEALTH_RESERVE,review_preparedness_goal,Review the preparedness goal and current buffer.,low,2026-08-02T18:00:20
REC00001463,INS00001463,USR002142,MINDGUARD,maintain_monitoring,Continue routine monitoring.,low,2026-09-14T12:00:20
REC00001464,INS00001464,USR002143,HEALTH_RESERVE,review_preparedness_goal,Review the preparedness goal and current buffer.,medium,2026-04-11T16:00:20
REC00001465,INS00001465,USR002146,MINDGUARD,repeat_assessment,Repeat the assessment later to add another observation.,low,2026-04-01T08:00:20
REC00001466,INS00001466,USR002148,HEALTH_RESERVE,review_preparedness_goal,Review the preparedness goal and current buffer.,low,2026-06-26T19:00:20
REC00001467,INS00001467,USR002149,MINDGUARD,maintain_monitoring,Continue routine monitoring.,low,2026-05-20T22:00:20
REC00001468,INS00001468,USR002152,MINDGUARD,wellbeing_checkin,Complete a wellbeing check-in to add context.,medium,2026-05-24T21:00:20
REC00001469,INS00001469,USR002154,MINDGUARD,maintain_monitoring,Continue routine monitoring.,medium,2026-05-25T10:00:20
REC00001470,INS00001470,USR002156,HEALTH_RESERVE,review_preparedness_goal,Review the preparedness goal and current buffer.,low,2026-05-15T06:00:20
REC00001471,INS00001471,USR002159,MINDGUARD,maintain_monitoring,Continue routine monitoring.,medium,2026-09-14T12:00:20
REC00001472,INS00001472,USR002160,MINDGUARD,repeat_assessment,Repeat the assessment later to add another observation.,low,2026-06-22T13:00:20
REC00001473,INS00001473,USR002161,MINDGUARD,maintain_monitoring,Continue routine monitoring.,low,2026-09-14T12:00:20
REC00001474,INS00001474,USR002162,HEALTH_RESERVE,review_preparedness_goal,Review the preparedness goal and current buffer.,medium,2026-04-04T18:00:20
REC00001475,INS00001475,USR002164,MINDGUARD,maintain_monitoring,Continue routine monitoring.,medium,2026-08-10T02:00:20
REC00001476,INS00001476,USR002167,MINDGUARD,repeat_assessment,Repeat the assessment later to add another observation.,medium,2026-04-17T00:00:20
REC00001477,INS00001477,USR002169,HEALTH_RESERVE,review_preparedness_goal,Review the preparedness goal and current buffer.,medium,2026-09-14T12:00:20
REC00001478,INS00001478,USR002170,MINDGUARD,maintain_monitoring,Continue routine monitoring.,low,2026-03-26T11:00:20
REC00001479,INS00001479,USR002170,HEALTH_RESERVE,review_preparedness_goal,Review the preparedness goal and current buffer.,low,2026-04-29T08:00:20
REC00001480,INS00001480,USR002172,MINDGUARD,maintain_monitoring,Continue routine monitoring.,low,2026-09-14T12:00:20
REC00001481,INS00001481,USR002174,HEALTH_RESERVE,review_preparedness_goal,Review the preparedness goal and current buffer.,medium,2026-07-23T00:00:20
REC00001482,INS00001482,USR002175,MINDGUARD,maintain_monitoring,Continue routine monitoring.,low,2026-03-31T00:00:20
REC00001483,INS00001483,USR002177,MINDGUARD,review_sleep,Review recent sleep context and repeat monitoring when convenient.,low,2026-08-29T14:00:20
REC00001484,INS00001484,USR002178,MINDGUARD,repeat_assessment,Repeat the assessment later to add another observation.,medium,2026-04-04T16:00:20
REC00001485,INS00001485,USR002179,MINDGUARD,repeat_assessment,Repeat the assessment later to add another observation.,low,2026-04-22T08:00:20
REC00001486,INS00001486,USR002181,MINDGUARD,maintain_monitoring,Continue routine monitoring.,medium,2026-09-14T12:00:20
REC00001487,INS00001487,USR002182,MINDGUARD,maintain_monitoring,Continue routine monitoring.,medium,2026-06-05T16:00:20
REC00001488,INS00001488,USR002183,MINDGUARD,repeat_assessment,Repeat the assessment later to add another observation.,low,2026-03-16T04:00:20
REC00001489,INS00001489,USR002183,HEALTH_RESERVE,review_preparedness_goal,Review the preparedness goal and current buffer.,low,2026-08-10T00:00:20
REC00001490,INS00001490,USR002185,MINDGUARD,maintain_monitoring,Continue routine monitoring.,low,2026-03-30T09:00:20
REC00001491,INS00001491,USR002186,HEALTH_RESERVE,review_healthcare_coverage,Review healthcare coverage information.,low,2026-07-11T23:00:20
REC00001492,INS00001492,USR002187,MINDGUARD,review_sleep,Review recent sleep context and repeat monitoring when convenient.,medium,2026-08-14T19:00:20
REC00001493,INS00001493,USR002188,MINDGUARD,repeat_assessment,Repeat the assessment later to add another observation.,medium,2026-04-08T08:00:20
REC00001494,INS00001494,USR002190,MINDGUARD,repeat_assessment,Repeat the assessment later to add another observation.,low,2026-03-04T06:00:20
REC00001495,INS00001495,USR002193,MINDGUARD,repeat_assessment,Repeat the assessment later to add another observation.,low,2026-03-26T08:00:20
REC00001496,INS00001496,USR002197,HEALTH_RESERVE,review_preparedness_goal,Review the preparedness goal and current buffer.,medium,2026-04-25T03:00:20
REC00001497,INS00001497,USR002198,MINDGUARD,maintain_monitoring,Continue routine monitoring.,low,2026-07-23T00:00:20
REC00001498,INS00001498,USR002200,MINDGUARD,repeat_assessment,Repeat the assessment later to add another observation.,medium,2026-03-09T03:00:20
REC00001499,INS00001499,USR002203,MINDGUARD,repeat_assessment,Repeat the assessment later to add another observation.,low,2026-09-14T12:00:20
REC00001500,INS00001500,USR002204,HEALTH_RESERVE,review_preparedness_goal,Review the preparedness goal and current buffer.,low,2026-07-16T03:00:20
REC00001501,INS00001501,USR002205,MINDGUARD,repeat_assessment,Repeat the assessment later to add another observation.,low,2026-09-07T09:00:20
REC00001502,INS00001502,USR002210,MINDGUARD,maintain_monitoring,Continue routine monitoring.,low,2026-08-21T19:00:20
REC00001503,INS00001503,USR002211,MINDGUARD,repeat_assessment,Repeat the assessment later to add another observation.,low,2026-05-02T08:00:20
REC00001504,INS00001504,USR002213,MINDGUARD,repeat_assessment,Repeat the assessment later to add another observation.,low,2026-02-02T12:00:20
REC00001505,INS00001505,USR002215,HEALTH_RESERVE,review_preparedness_goal,Review the preparedness goal and current buffer.,low,2026-04-29T11:00:20
REC00001506,INS00001506,USR002218,HEALTH_RESERVE,review_preparedness_goal,Review the preparedness goal and current buffer.,medium,2026-03-10T06:00:20
REC00001507,INS00001507,USR002219,MINDGUARD,repeat_assessment,Repeat the assessment later to add another observation.,medium,2026-08-29T14:00:20
REC00001508,INS00001508,USR002221,MINDGUARD,review_sleep,Review recent sleep context and repeat monitoring when convenient.,low,2026-06-06T11:00:20
REC00001509,INS00001509,USR002223,MINDGUARD,maintain_monitoring,Continue routine monitoring.,low,2026-09-14T12:00:20
REC00001510,INS00001510,USR002225,MINDGUARD,maintain_monitoring,Continue routine monitoring.,medium,2026-07-16T02:00:20
REC00001511,INS00001511,USR002226,HEALTH_RESERVE,review_preparedness_goal,Review the preparedness goal and current buffer.,medium,2026-09-14T12:00:20
REC00001512,INS00001512,USR002227,MINDGUARD,maintain_monitoring,Continue routine monitoring.,low,2026-08-14T12:00:20
REC00001513,INS00001513,USR002228,MINDGUARD,repeat_assessment,Repeat the assessment later to add another observation.,low,2026-04-14T18:00:20
REC00001514,INS00001514,USR002230,MINDGUARD,repeat_assessment,Repeat the assessment later to add another observation.,medium,2026-06-14T04:00:20
REC00001515,INS00001515,USR002231,HEALTH_RESERVE,review_healthcare_coverage,Review healthcare coverage information.,medium,2026-05-20T05:00:20
REC00001516,INS00001516,USR002232,MINDGUARD,maintain_monitoring,Continue routine monitoring.,low,2026-04-13T21:00:20
REC00001517,INS00001517,USR002235,MINDGUARD,repeat_assessment,Repeat the assessment later to add another observation.,low,2026-04-26T15:00:20
REC00001518,INS00001518,USR002236,HEALTH_RESERVE,review_healthcare_coverage,Review healthcare coverage information.,low,2026-06-07T22:00:20
REC00001519,INS00001519,USR002237,MINDGUARD,repeat_assessment,Repeat the assessment later to add another observation.,low,2026-05-02T18:00:20
REC00001520,INS00001520,USR002238,MINDGUARD,repeat_assessment,Repeat the assessment later to add another observation.,medium,2026-06-19T17:00:20
REC00001521,INS00001521,USR002238,HEALTH_RESERVE,review_preparedness_goal,Review the preparedness goal and current buffer.,medium,2026-07-28T09:00:20
REC00001522,INS00001522,USR002239,HEALTH_RESERVE,review_preparedness_goal,Review the preparedness goal and current buffer.,low,2026-04-20T00:00:20
REC00001523,INS00001523,USR002240,MINDGUARD,repeat_assessment,Repeat the assessment later to add another observation.,medium,2026-06-17T18:00:20
REC00001524,INS00001524,USR002241,MINDGUARD,maintain_monitoring,Continue routine monitoring.,low,2026-09-10T09:00:20
REC00001525,INS00001525,USR002241,HEALTH_RESERVE,review_preparedness_goal,Review the preparedness goal and current buffer.,medium,2026-05-25T11:00:20
REC00001526,INS00001526,USR002242,MINDGUARD,maintain_monitoring,Continue routine monitoring.,low,2026-03-28T17:00:20
REC00001527,INS00001527,USR002244,MINDGUARD,repeat_assessment,Repeat the assessment later to add another observation.,low,2026-04-19T01:00:20
REC00001528,INS00001528,USR002245,MINDGUARD,repeat_assessment,Repeat the assessment later to add another observation.,medium,2026-06-15T22:00:20
REC00001529,INS00001529,USR002246,MINDGUARD,maintain_monitoring,Continue routine monitoring.,medium,2026-07-04T10:00:20
REC00001530,INS00001530,USR002248,HEALTH_RESERVE,review_preparedness_goal,Review the preparedness goal and current buffer.,low,2026-05-25T21:00:20
REC00001531,INS00001531,USR002249,HEALTH_RESERVE,review_healthcare_coverage,Review healthcare coverage information.,medium,2026-06-24T19:00:20
REC00001532,INS00001532,USR002251,MINDGUARD,maintain_monitoring,Continue routine monitoring.,medium,2026-09-04T18:00:20
REC00001533,INS00001533,USR002253,MINDGUARD,maintain_monitoring,Continue routine monitoring.,medium,2026-05-22T00:00:20
REC00001534,INS00001534,USR002255,MINDGUARD,repeat_assessment,Repeat the assessment later to add another observation.,low,2026-07-17T18:00:20
REC00001535,INS00001535,USR002256,MINDGUARD,review_sleep,Review recent sleep context and repeat monitoring when convenient.,low,2026-07-03T06:00:20
REC00001536,INS00001536,USR002256,HEALTH_RESERVE,review_healthcare_coverage,Review healthcare coverage information.,medium,2026-06-21T14:00:20
REC00001537,INS00001537,USR002257,MINDGUARD,repeat_assessment,Repeat the assessment later to add another observation.,low,2026-01-22T04:00:20
REC00001538,INS00001538,USR002258,HEALTH_RESERVE,review_preparedness_goal,Review the preparedness goal and current buffer.,medium,2026-09-14T12:00:20
REC00001539,INS00001539,USR002261,MINDGUARD,maintain_monitoring,Continue routine monitoring.,medium,2026-05-27T13:00:20
REC00001540,INS00001540,USR002262,MINDGUARD,maintain_monitoring,Continue routine monitoring.,medium,2026-06-15T17:00:20
REC00001541,INS00001541,USR002263,HEALTH_RESERVE,review_preparedness_goal,Review the preparedness goal and current buffer.,medium,2026-07-07T09:00:20
REC00001542,INS00001542,USR002266,HEALTH_RESERVE,review_healthcare_coverage,Review healthcare coverage information.,low,2026-05-25T19:00:20
REC00001543,INS00001543,USR002267,HEALTH_RESERVE,review_preparedness_goal,Review the preparedness goal and current buffer.,low,2026-07-15T11:00:20
REC00001544,INS00001544,USR002268,HEALTH_RESERVE,review_preparedness_goal,Review the preparedness goal and current buffer.,low,2026-08-31T04:00:20
REC00001545,INS00001545,USR002269,MINDGUARD,repeat_assessment,Repeat the assessment later to add another observation.,low,2026-04-14T06:00:20
REC00001546,INS00001546,USR002270,HEALTH_RESERVE,review_preparedness_goal,Review the preparedness goal and current buffer.,low,2026-09-14T12:00:20
REC00001547,INS00001547,USR002271,MINDGUARD,repeat_assessment,Repeat the assessment later to add another observation.,medium,2026-06-16T14:00:20
REC00001548,INS00001548,USR002272,MINDGUARD,repeat_assessment,Repeat the assessment later to add another observation.,low,2026-03-27T17:00:20
REC00001549,INS00001549,USR002273,HEALTH_RESERVE,review_preparedness_goal,Review the preparedness goal and current buffer.,low,2026-04-03T23:00:20
REC00001550,INS00001550,USR002274,MINDGUARD,repeat_assessment,Repeat the assessment later to add another observation.,low,2026-08-21T05:00:20
REC00001551,INS00001551,USR002274,HEALTH_RESERVE,review_preparedness_goal,Review the preparedness goal and current buffer.,medium,2026-09-14T12:00:20
REC00001552,INS00001552,USR002275,MINDGUARD,repeat_assessment,Repeat the assessment later to add another observation.,low,2026-04-15T02:00:20
REC00001553,INS00001553,USR002276,HEALTH_RESERVE,review_preparedness_goal,Review the preparedness goal and current buffer.,medium,2026-04-22T08:00:20
REC00001554,INS00001554,USR002278,HEALTH_RESERVE,review_preparedness_goal,Review the preparedness goal and current buffer.,medium,2026-05-18T17:00:20
REC00001555,INS00001555,USR002279,MINDGUARD,repeat_assessment,Repeat the assessment later to add another observation.,low,2026-06-30T06:00:20
REC00001556,INS00001556,USR002280,HEALTH_RESERVE,review_preparedness_goal,Review the preparedness goal and current buffer.,medium,2026-04-06T11:00:20
REC00001557,INS00001557,USR002281,MINDGUARD,repeat_assessment,Repeat the assessment later to add another observation.,medium,2026-03-03T09:00:20
REC00001558,INS00001558,USR002281,HEALTH_RESERVE,review_healthcare_coverage,Review healthcare coverage information.,medium,2026-08-21T08:00:20
REC00001559,INS00001559,USR002284,HEALTH_RESERVE,review_preparedness_goal,Review the preparedness goal and current buffer.,low,2026-09-14T12:00:20
REC00001560,INS00001560,USR002286,MINDGUARD,maintain_monitoring,Continue routine monitoring.,medium,2026-03-21T07:00:20
REC00001561,INS00001561,USR002287,HEALTH_RESERVE,review_healthcare_coverage,Review healthcare coverage information.,medium,2026-09-14T12:00:20
REC00001562,INS00001562,USR002288,HEALTH_RESERVE,review_preparedness_goal,Review the preparedness goal and current buffer.,low,2026-04-16T15:00:20
REC00001563,INS00001563,USR002289,MINDGUARD,repeat_assessment,Repeat the assessment later to add another observation.,low,2026-05-18T03:00:20
REC00001564,INS00001564,USR002290,MINDGUARD,repeat_assessment,Repeat the assessment later to add another observation.,low,2026-08-29T05:00:20
REC00001565,INS00001565,USR002291,MINDGUARD,repeat_assessment,Repeat the assessment later to add another observation.,medium,2026-07-27T08:00:20
REC00001566,INS00001566,USR002292,MINDGUARD,maintain_monitoring,Continue routine monitoring.,low,2026-08-29T21:00:20
REC00001567,INS00001567,USR002292,HEALTH_RESERVE,review_preparedness_goal,Review the preparedness goal and current buffer.,low,2026-09-14T12:00:20
REC00001568,INS00001568,USR002293,MINDGUARD,maintain_monitoring,Continue routine monitoring.,medium,2026-09-14T12:00:20
REC00001569,INS00001569,USR002294,MINDGUARD,maintain_monitoring,Continue routine monitoring.,medium,2026-07-28T02:00:20
REC00001570,INS00001570,USR002295,MINDGUARD,maintain_monitoring,Continue routine monitoring.,medium,2026-09-01T02:00:20
REC00001571,INS00001571,USR002296,MINDGUARD,maintain_monitoring,Continue routine monitoring.,medium,2026-09-14T12:00:20
REC00001572,INS00001572,USR002297,MINDGUARD,repeat_assessment,Repeat the assessment later to add another observation.,medium,2026-03-16T07:00:20
REC00001573,INS00001573,USR002298,MINDGUARD,repeat_assessment,Repeat the assessment later to add another observation.,medium,2025-12-21T14:00:20
REC00001574,INS00001574,USR002299,MINDGUARD,repeat_assessment,Repeat the assessment later to add another observation.,medium,2026-05-06T06:00:20
REC00001575,INS00001575,USR002302,MINDGUARD,repeat_assessment,Repeat the assessment later to add another observation.,medium,2026-05-01T21:00:20
REC00001576,INS00001576,USR002302,HEALTH_RESERVE,review_preparedness_goal,Review the preparedness goal and current buffer.,medium,2026-04-24T23:00:20
REC00001577,INS00001577,USR002303,MINDGUARD,maintain_monitoring,Continue routine monitoring.,medium,2026-07-03T03:00:20
REC00001578,INS00001578,USR002304,HEALTH_RESERVE,review_preparedness_goal,Review the preparedness goal and current buffer.,low,2026-02-17T21:00:20
REC00001579,INS00001579,USR002305,MINDGUARD,review_sleep,Review recent sleep context and repeat monitoring when convenient.,medium,2026-08-02T23:00:20
REC00001580,INS00001580,USR002306,MINDGUARD,maintain_monitoring,Continue routine monitoring.,low,2026-07-16T18:00:20
REC00001581,INS00001581,USR002308,MINDGUARD,repeat_assessment,Repeat the assessment later to add another observation.,medium,2026-06-07T00:00:20
REC00001582,INS00001582,USR002310,HEALTH_RESERVE,review_healthcare_coverage,Review healthcare coverage information.,medium,2026-07-24T11:00:20
REC00001583,INS00001583,USR002316,MINDGUARD,review_sleep,Review recent sleep context and repeat monitoring when convenient.,low,2026-06-08T19:00:20
REC00001584,INS00001584,USR002317,MINDGUARD,maintain_monitoring,Continue routine monitoring.,low,2026-08-13T11:00:20
REC00001585,INS00001585,USR002318,HEALTH_RESERVE,review_preparedness_goal,Review the preparedness goal and current buffer.,medium,2026-06-29T07:00:20
REC00001586,INS00001586,USR002319,MINDGUARD,repeat_assessment,Repeat the assessment later to add another observation.,low,2026-06-09T23:00:20
REC00001587,INS00001587,USR002319,HEALTH_RESERVE,review_preparedness_goal,Review the preparedness goal and current buffer.,medium,2026-09-14T12:00:20
REC00001588,INS00001588,USR002321,MINDGUARD,repeat_assessment,Repeat the assessment later to add another observation.,medium,2026-04-12T11:00:20
REC00001589,INS00001589,USR002322,HEALTH_RESERVE,review_preparedness_goal,Review the preparedness goal and current buffer.,low,2026-04-30T02:00:20
REC00001590,INS00001590,USR002325,HEALTH_RESERVE,review_preparedness_goal,Review the preparedness goal and current buffer.,medium,2026-05-06T23:00:20
REC00001591,INS00001591,USR002326,MINDGUARD,review_sleep,Review recent sleep context and repeat monitoring when convenient.,low,2026-02-20T07:00:20
REC00001592,INS00001592,USR002329,MINDGUARD,repeat_assessment,Repeat the assessment later to add another observation.,medium,2026-06-06T14:00:20
REC00001593,INS00001593,USR002329,HEALTH_RESERVE,review_preparedness_goal,Review the preparedness goal and current buffer.,low,2026-07-26T12:00:20
REC00001594,INS00001594,USR002331,MINDGUARD,maintain_monitoring,Continue routine monitoring.,medium,2026-06-14T18:00:20
REC00001595,INS00001595,USR002333,MINDGUARD,repeat_assessment,Repeat the assessment later to add another observation.,low,2026-09-14T12:00:20
REC00001596,INS00001596,USR002334,MINDGUARD,maintain_monitoring,Continue routine monitoring.,medium,2026-04-26T02:00:20
REC00001597,INS00001597,USR002335,MINDGUARD,maintain_monitoring,Continue routine monitoring.,medium,2026-09-11T15:00:20
REC00001598,INS00001598,USR002336,MINDGUARD,maintain_monitoring,Continue routine monitoring.,medium,2026-08-10T13:00:20
REC00001599,INS00001599,USR002337,HEALTH_RESERVE,review_preparedness_goal,Review the preparedness goal and current buffer.,medium,2026-03-05T10:00:20
REC00001600,INS00001600,USR002339,MINDGUARD,repeat_assessment,Repeat the assessment later to add another observation.,low,2026-05-29T14:00:20
REC00001601,INS00001601,USR002340,MINDGUARD,maintain_monitoring,Continue routine monitoring.,medium,2026-07-13T12:00:20
REC00001602,INS00001602,USR002342,HEALTH_RESERVE,review_preparedness_goal,Review the preparedness goal and current buffer.,medium,2026-02-04T17:00:20
REC00001603,INS00001603,USR002344,HEALTH_RESERVE,review_healthcare_coverage,Review healthcare coverage information.,low,2026-01-02T03:00:20
REC00001604,INS00001604,USR002349,MINDGUARD,maintain_monitoring,Continue routine monitoring.,medium,2026-07-04T09:00:20
REC00001605,INS00001605,USR002352,MINDGUARD,repeat_assessment,Repeat the assessment later to add another observation.,low,2026-06-13T22:00:20
REC00001606,INS00001606,USR002353,MINDGUARD,repeat_assessment,Repeat the assessment later to add another observation.,medium,2026-05-23T01:00:20
REC00001607,INS00001607,USR002355,MINDGUARD,repeat_assessment,Repeat the assessment later to add another observation.,low,2026-09-14T12:00:20
REC00001608,INS00001608,USR002356,HEALTH_RESERVE,review_preparedness_goal,Review the preparedness goal and current buffer.,medium,2026-09-13T03:00:20
REC00001609,INS00001609,USR002357,MINDGUARD,repeat_assessment,Repeat the assessment later to add another observation.,low,2026-08-14T01:00:20
REC00001610,INS00001610,USR002359,HEALTH_RESERVE,review_preparedness_goal,Review the preparedness goal and current buffer.,low,2026-09-14T12:00:20
REC00001611,INS00001611,USR002360,MINDGUARD,repeat_assessment,Repeat the assessment later to add another observation.,medium,2026-04-12T19:00:20
REC00001612,INS00001612,USR002362,HEALTH_RESERVE,review_healthcare_coverage,Review healthcare coverage information.,low,2026-07-11T19:00:20
REC00001613,INS00001613,USR002363,MINDGUARD,repeat_assessment,Repeat the assessment later to add another observation.,medium,2026-08-01T16:00:20
REC00001614,INS00001614,USR002365,MINDGUARD,repeat_assessment,Repeat the assessment later to add another observation.,medium,2026-08-28T09:00:20
REC00001615,INS00001615,USR002367,MINDGUARD,maintain_monitoring,Continue routine monitoring.,medium,2026-03-04T22:00:20
REC00001616,INS00001616,USR002371,MINDGUARD,review_sleep,Review recent sleep context and repeat monitoring when convenient.,medium,2026-06-08T05:00:20
REC00001617,INS00001617,USR002372,MINDGUARD,repeat_assessment,Repeat the assessment later to add another observation.,low,2026-09-04T14:00:20
REC00001618,INS00001618,USR002373,MINDGUARD,maintain_monitoring,Continue routine monitoring.,low,2026-07-02T05:00:20
REC00001619,INS00001619,USR002374,MINDGUARD,repeat_assessment,Repeat the assessment later to add another observation.,low,2026-08-11T17:00:20
REC00001620,INS00001620,USR002374,HEALTH_RESERVE,review_preparedness_goal,Review the preparedness goal and current buffer.,low,2026-07-02T19:00:20
REC00001621,INS00001621,USR002376,MINDGUARD,maintain_monitoring,Continue routine monitoring.,low,2026-07-13T23:00:20
REC00001622,INS00001622,USR002377,MINDGUARD,wellbeing_checkin,Complete a wellbeing check-in to add context.,medium,2026-04-01T02:00:20
REC00001623,INS00001623,USR002380,MINDGUARD,repeat_assessment,Repeat the assessment later to add another observation.,low,2026-04-15T10:00:20
REC00001624,INS00001624,USR002380,HEALTH_RESERVE,review_preparedness_goal,Review the preparedness goal and current buffer.,low,2026-04-05T02:00:20
REC00001625,INS00001625,USR002382,MINDGUARD,review_sleep,Review recent sleep context and repeat monitoring when convenient.,low,2026-08-14T23:00:20
REC00001626,INS00001626,USR002382,HEALTH_RESERVE,review_preparedness_goal,Review the preparedness goal and current buffer.,medium,2026-05-27T00:00:20
REC00001627,INS00001627,USR002384,MINDGUARD,maintain_monitoring,Continue routine monitoring.,medium,2026-05-31T08:00:20
REC00001628,INS00001628,USR002384,HEALTH_RESERVE,review_preparedness_goal,Review the preparedness goal and current buffer.,low,2026-01-28T05:00:20
REC00001629,INS00001629,USR002385,MINDGUARD,maintain_monitoring,Continue routine monitoring.,low,2026-05-27T01:00:20
REC00001630,INS00001630,USR002387,MINDGUARD,maintain_monitoring,Continue routine monitoring.,medium,2026-05-27T21:00:20
REC00001631,INS00001631,USR002388,MINDGUARD,maintain_monitoring,Continue routine monitoring.,low,2026-08-13T00:00:20
REC00001632,INS00001632,USR002389,MINDGUARD,review_sleep,Review recent sleep context and repeat monitoring when convenient.,low,2026-05-22T00:00:20
REC00001633,INS00001633,USR002390,MINDGUARD,repeat_assessment,Repeat the assessment later to add another observation.,medium,2026-08-21T07:00:20
REC00001634,INS00001634,USR002391,MINDGUARD,repeat_assessment,Repeat the assessment later to add another observation.,low,2026-09-14T12:00:20
REC00001635,INS00001635,USR002395,HEALTH_RESERVE,review_preparedness_goal,Review the preparedness goal and current buffer.,medium,2026-06-21T18:00:20
REC00001636,INS00001636,USR002397,MINDGUARD,repeat_assessment,Repeat the assessment later to add another observation.,medium,2026-01-22T20:00:20
REC00001637,INS00001637,USR002399,MINDGUARD,repeat_assessment,Repeat the assessment later to add another observation.,medium,2026-04-23T09:00:20
REC00001638,INS00001638,USR002400,MINDGUARD,repeat_assessment,Repeat the assessment later to add another observation.,medium,2026-04-20T19:00:20
REC00001639,INS00001639,USR002402,MINDGUARD,repeat_assessment,Repeat the assessment later to add another observation.,low,2026-04-26T07:00:20
REC00001640,INS00001640,USR002406,MINDGUARD,repeat_assessment,Repeat the assessment later to add another observation.,medium,2026-02-27T11:00:20
REC00001641,INS00001641,USR002408,MINDGUARD,repeat_assessment,Repeat the assessment later to add another observation.,low,2026-08-13T17:00:20
REC00001642,INS00001642,USR002411,MINDGUARD,review_sleep,Review recent sleep context and repeat monitoring when convenient.,medium,2026-09-14T12:00:20
REC00001643,INS00001643,USR002412,MINDGUARD,maintain_monitoring,Continue routine monitoring.,medium,2026-07-13T21:00:20
REC00001644,INS00001644,USR002413,MINDGUARD,review_sleep,Review recent sleep context and repeat monitoring when convenient.,medium,2026-07-17T13:00:20
REC00001645,INS00001645,USR002416,HEALTH_RESERVE,review_healthcare_coverage,Review healthcare coverage information.,low,2026-09-14T12:00:20
REC00001646,INS00001646,USR002417,HEALTH_RESERVE,review_healthcare_coverage,Review healthcare coverage information.,low,2026-09-14T12:00:20
REC00001647,INS00001647,USR002418,MINDGUARD,maintain_monitoring,Continue routine monitoring.,low,2026-07-04T03:00:20
REC00001648,INS00001648,USR002419,HEALTH_RESERVE,review_healthcare_coverage,Review healthcare coverage information.,medium,2026-09-14T12:00:20
REC00001649,INS00001649,USR002423,MINDGUARD,repeat_assessment,Repeat the assessment later to add another observation.,low,2026-09-14T12:00:20
REC00001650,INS00001650,USR002423,HEALTH_RESERVE,review_preparedness_goal,Review the preparedness goal and current buffer.,medium,2026-09-14T12:00:20
REC00001651,INS00001651,USR002425,HEALTH_RESERVE,review_preparedness_goal,Review the preparedness goal and current buffer.,low,2026-09-14T12:00:20
REC00001652,INS00001652,USR002426,MINDGUARD,maintain_monitoring,Continue routine monitoring.,medium,2026-08-06T22:00:20
REC00001653,INS00001653,USR002427,HEALTH_RESERVE,review_preparedness_goal,Review the preparedness goal and current buffer.,medium,2026-07-12T07:00:20
REC00001654,INS00001654,USR002429,MINDGUARD,repeat_assessment,Repeat the assessment later to add another observation.,medium,2026-07-02T05:00:20
REC00001655,INS00001655,USR002430,MINDGUARD,repeat_assessment,Repeat the assessment later to add another observation.,low,2026-09-14T12:00:20
REC00001656,INS00001656,USR002431,MINDGUARD,maintain_monitoring,Continue routine monitoring.,medium,2026-09-14T12:00:20
REC00001657,INS00001657,USR002432,MINDGUARD,review_sleep,Review recent sleep context and repeat monitoring when convenient.,medium,2026-04-22T19:00:20
REC00001658,INS00001658,USR002432,HEALTH_RESERVE,review_preparedness_goal,Review the preparedness goal and current buffer.,low,2026-08-10T20:00:20
REC00001659,INS00001659,USR002433,MINDGUARD,maintain_monitoring,Continue routine monitoring.,low,2026-05-08T08:00:20
REC00001660,INS00001660,USR002433,HEALTH_RESERVE,review_preparedness_goal,Review the preparedness goal and current buffer.,low,2026-07-08T10:00:20
REC00001661,INS00001661,USR002434,MINDGUARD,repeat_assessment,Repeat the assessment later to add another observation.,low,2026-01-25T21:00:20
REC00001662,INS00001662,USR002435,HEALTH_RESERVE,review_healthcare_coverage,Review healthcare coverage information.,low,2026-09-14T12:00:20
REC00001663,INS00001663,USR002437,MINDGUARD,wellbeing_checkin,Complete a wellbeing check-in to add context.,medium,2026-05-04T00:00:20
REC00001664,INS00001664,USR002439,MINDGUARD,repeat_assessment,Repeat the assessment later to add another observation.,low,2026-09-14T12:00:20
REC00001665,INS00001665,USR002442,HEALTH_RESERVE,review_preparedness_goal,Review the preparedness goal and current buffer.,medium,2026-03-20T00:00:20
REC00001666,INS00001666,USR002443,MINDGUARD,repeat_assessment,Repeat the assessment later to add another observation.,low,2026-03-13T06:00:20
REC00001667,INS00001667,USR002443,HEALTH_RESERVE,review_preparedness_goal,Review the preparedness goal and current buffer.,low,2026-02-15T22:00:20
REC00001668,INS00001668,USR002444,MINDGUARD,maintain_monitoring,Continue routine monitoring.,low,2026-09-14T12:00:20
REC00001669,INS00001669,USR002444,HEALTH_RESERVE,review_preparedness_goal,Review the preparedness goal and current buffer.,low,2026-05-25T06:00:20
REC00001670,INS00001670,USR002447,MINDGUARD,repeat_assessment,Repeat the assessment later to add another observation.,medium,2026-02-24T22:00:20
REC00001671,INS00001671,USR002448,MINDGUARD,maintain_monitoring,Continue routine monitoring.,low,2026-05-23T13:00:20
REC00001672,INS00001672,USR002449,MINDGUARD,repeat_assessment,Repeat the assessment later to add another observation.,low,2026-01-26T12:00:20
REC00001673,INS00001673,USR002450,HEALTH_RESERVE,review_preparedness_goal,Review the preparedness goal and current buffer.,low,2026-06-28T22:00:20
REC00001674,INS00001674,USR002452,MINDGUARD,maintain_monitoring,Continue routine monitoring.,medium,2026-09-14T12:00:20
REC00001675,INS00001675,USR002453,MINDGUARD,wellbeing_checkin,Complete a wellbeing check-in to add context.,medium,2026-08-05T13:00:20
REC00001676,INS00001676,USR002455,MINDGUARD,review_sleep,Review recent sleep context and repeat monitoring when convenient.,medium,2026-07-06T03:00:20
REC00001677,INS00001677,USR002459,HEALTH_RESERVE,review_preparedness_goal,Review the preparedness goal and current buffer.,medium,2026-08-20T02:00:20
REC00001678,INS00001678,USR002460,MINDGUARD,repeat_assessment,Repeat the assessment later to add another observation.,medium,2026-04-27T17:00:20
REC00001679,INS00001679,USR002464,HEALTH_RESERVE,review_preparedness_goal,Review the preparedness goal and current buffer.,low,2026-04-24T21:00:20
REC00001680,INS00001680,USR002465,MINDGUARD,repeat_assessment,Repeat the assessment later to add another observation.,medium,2026-04-04T23:00:20
REC00001681,INS00001681,USR002466,MINDGUARD,repeat_assessment,Repeat the assessment later to add another observation.,low,2026-09-14T12:00:20
REC00001682,INS00001682,USR002467,MINDGUARD,repeat_assessment,Repeat the assessment later to add another observation.,low,2026-01-27T03:00:20
REC00001683,INS00001683,USR002467,HEALTH_RESERVE,review_preparedness_goal,Review the preparedness goal and current buffer.,low,2025-12-23T04:00:20
REC00001684,INS00001684,USR002469,HEALTH_RESERVE,review_preparedness_goal,Review the preparedness goal and current buffer.,low,2026-07-10T06:00:20
REC00001685,INS00001685,USR002471,MINDGUARD,repeat_assessment,Repeat the assessment later to add another observation.,medium,2026-02-10T15:00:20
REC00001686,INS00001686,USR002474,MINDGUARD,repeat_assessment,Repeat the assessment later to add another observation.,medium,2026-04-30T06:00:20
REC00001687,INS00001687,USR002477,HEALTH_RESERVE,review_preparedness_goal,Review the preparedness goal and current buffer.,medium,2026-04-03T12:00:20
REC00001688,INS00001688,USR002479,MINDGUARD,repeat_assessment,Repeat the assessment later to add another observation.,medium,2026-01-30T08:00:20
REC00001689,INS00001689,USR002481,MINDGUARD,repeat_assessment,Repeat the assessment later to add another observation.,medium,2026-04-03T04:00:20
REC00001690,INS00001690,USR002481,HEALTH_RESERVE,review_preparedness_goal,Review the preparedness goal and current buffer.,medium,2026-04-27T04:00:20
REC00001691,INS00001691,USR002483,MINDGUARD,repeat_assessment,Repeat the assessment later to add another observation.,medium,2026-07-20T02:00:20
REC00001692,INS00001692,USR002485,MINDGUARD,repeat_assessment,Repeat the assessment later to add another observation.,medium,2026-07-14T15:00:20
REC00001693,INS00001693,USR002487,MINDGUARD,repeat_assessment,Repeat the assessment later to add another observation.,low,2026-02-12T20:00:20
REC00001694,INS00001694,USR002488,HEALTH_RESERVE,review_preparedness_goal,Review the preparedness goal and current buffer.,low,2026-04-11T22:00:20
REC00001695,INS00001695,USR002490,MINDGUARD,maintain_monitoring,Continue routine monitoring.,medium,2026-07-27T19:00:20
REC00001696,INS00001696,USR002490,HEALTH_RESERVE,review_preparedness_goal,Review the preparedness goal and current buffer.,low,2026-09-14T12:00:20
REC00001697,INS00001697,USR002492,HEALTH_RESERVE,review_preparedness_goal,Review the preparedness goal and current buffer.,medium,2026-05-28T06:00:20
REC00001698,INS00001698,USR002493,HEALTH_RESERVE,review_preparedness_goal,Review the preparedness goal and current buffer.,low,2026-03-22T06:00:20
REC00001699,INS00001699,USR002494,MINDGUARD,maintain_monitoring,Continue routine monitoring.,medium,2026-08-17T06:00:20
REC00001700,INS00001700,USR002496,MINDGUARD,repeat_assessment,Repeat the assessment later to add another observation.,medium,2026-06-27T13:00:20
REC00001701,INS00001701,USR002500,MINDGUARD,repeat_assessment,Repeat the assessment later to add another observation.,low,2026-08-26T04:00:20
REC00001702,INS00001702,USR002501,MINDGUARD,review_sleep,Review recent sleep context and repeat monitoring when convenient.,low,2026-09-14T12:00:20
REC00001703,INS00001703,USR002502,MINDGUARD,review_sleep,Review recent sleep context and repeat monitoring when convenient.,medium,2026-08-21T12:00:20
REC00001704,INS00001704,USR002503,MINDGUARD,wellbeing_checkin,Complete a wellbeing check-in to add context.,medium,2026-06-22T07:00:20
REC00001705,INS00001705,USR002505,MINDGUARD,repeat_assessment,Repeat the assessment later to add another observation.,low,2026-07-17T05:00:20
REC00001706,INS00001706,USR002506,MINDGUARD,repeat_assessment,Repeat the assessment later to add another observation.,medium,2026-09-13T20:00:20
REC00001707,INS00001707,USR002506,HEALTH_RESERVE,review_preparedness_goal,Review the preparedness goal and current buffer.,medium,2026-05-27T18:00:20
REC00001708,INS00001708,USR002507,HEALTH_RESERVE,review_healthcare_coverage,Review healthcare coverage information.,medium,2026-09-14T12:00:20
REC00001709,INS00001709,USR002512,MINDGUARD,repeat_assessment,Repeat the assessment later to add another observation.,medium,2026-04-10T05:00:20
REC00001710,INS00001710,USR002514,MINDGUARD,repeat_assessment,Repeat the assessment later to add another observation.,low,2026-03-09T11:00:20
REC00001711,INS00001711,USR002516,HEALTH_RESERVE,review_healthcare_coverage,Review healthcare coverage information.,medium,2026-08-02T11:00:20
REC00001712,INS00001712,USR002517,MINDGUARD,repeat_assessment,Repeat the assessment later to add another observation.,medium,2026-07-27T03:00:20
REC00001713,INS00001713,USR002519,MINDGUARD,maintain_monitoring,Continue routine monitoring.,medium,2026-05-18T01:00:20
REC00001714,INS00001714,USR002520,HEALTH_RESERVE,review_preparedness_goal,Review the preparedness goal and current buffer.,low,2026-03-26T05:00:20
REC00001715,INS00001715,USR002521,MINDGUARD,repeat_assessment,Repeat the assessment later to add another observation.,low,2026-07-26T06:00:20
REC00001716,INS00001716,USR002524,MINDGUARD,repeat_assessment,Repeat the assessment later to add another observation.,low,2026-03-25T01:00:20
REC00001717,INS00001717,USR002525,HEALTH_RESERVE,review_preparedness_goal,Review the preparedness goal and current buffer.,low,2026-06-15T17:00:20
REC00001718,INS00001718,USR002526,MINDGUARD,repeat_assessment,Repeat the assessment later to add another observation.,low,2026-02-22T01:00:20
REC00001719,INS00001719,USR002527,HEALTH_RESERVE,review_preparedness_goal,Review the preparedness goal and current buffer.,medium,2026-02-21T17:00:20
REC00001720,INS00001720,USR002528,MINDGUARD,repeat_assessment,Repeat the assessment later to add another observation.,medium,2026-04-19T19:00:20
REC00001721,INS00001721,USR002528,HEALTH_RESERVE,review_preparedness_goal,Review the preparedness goal and current buffer.,medium,2026-08-09T19:00:20
REC00001722,INS00001722,USR002529,MINDGUARD,review_sleep,Review recent sleep context and repeat monitoring when convenient.,low,2026-04-21T05:00:20
REC00001723,INS00001723,USR002531,MINDGUARD,maintain_monitoring,Continue routine monitoring.,low,2026-09-14T12:00:20
REC00001724,INS00001724,USR002534,MINDGUARD,repeat_assessment,Repeat the assessment later to add another observation.,low,2026-04-18T01:00:20
REC00001725,INS00001725,USR002536,HEALTH_RESERVE,review_preparedness_goal,Review the preparedness goal and current buffer.,medium,2026-08-23T15:00:20
REC00001726,INS00001726,USR002539,MINDGUARD,maintain_monitoring,Continue routine monitoring.,low,2026-03-06T06:00:20
REC00001727,INS00001727,USR002541,MINDGUARD,repeat_assessment,Repeat the assessment later to add another observation.,medium,2026-07-28T07:00:20
REC00001728,INS00001728,USR002543,HEALTH_RESERVE,review_preparedness_goal,Review the preparedness goal and current buffer.,low,2026-06-19T21:00:20
REC00001729,INS00001729,USR002544,MINDGUARD,wellbeing_checkin,Complete a wellbeing check-in to add context.,medium,2026-09-07T07:00:20
REC00001730,INS00001730,USR002548,MINDGUARD,maintain_monitoring,Continue routine monitoring.,medium,2026-09-14T12:00:20
REC00001731,INS00001731,USR002555,MINDGUARD,repeat_assessment,Repeat the assessment later to add another observation.,medium,2026-04-11T17:00:20
REC00001732,INS00001732,USR002555,HEALTH_RESERVE,review_preparedness_goal,Review the preparedness goal and current buffer.,low,2026-01-16T03:00:20
REC00001733,INS00001733,USR002556,MINDGUARD,maintain_monitoring,Continue routine monitoring.,low,2026-09-14T12:00:20
REC00001734,INS00001734,USR002558,MINDGUARD,repeat_assessment,Repeat the assessment later to add another observation.,low,2026-06-12T01:00:20
REC00001735,INS00001735,USR002560,MINDGUARD,repeat_assessment,Repeat the assessment later to add another observation.,medium,2026-03-03T14:00:20
REC00001736,INS00001736,USR002562,HEALTH_RESERVE,review_preparedness_goal,Review the preparedness goal and current buffer.,medium,2026-08-01T04:00:20
REC00001737,INS00001737,USR002563,MINDGUARD,maintain_monitoring,Continue routine monitoring.,medium,2026-05-17T09:00:20
REC00001738,INS00001738,USR002563,HEALTH_RESERVE,review_preparedness_goal,Review the preparedness goal and current buffer.,medium,2026-07-21T18:00:20
REC00001739,INS00001739,USR002567,MINDGUARD,maintain_monitoring,Continue routine monitoring.,low,2026-07-18T14:00:20
REC00001740,INS00001740,USR002569,MINDGUARD,repeat_assessment,Repeat the assessment later to add another observation.,medium,2026-07-09T11:00:20
REC00001741,INS00001741,USR002570,MINDGUARD,maintain_monitoring,Continue routine monitoring.,low,2026-07-24T02:00:20
REC00001742,INS00001742,USR002571,MINDGUARD,repeat_assessment,Repeat the assessment later to add another observation.,low,2026-04-14T09:00:20
REC00001743,INS00001743,USR002572,MINDGUARD,maintain_monitoring,Continue routine monitoring.,low,2026-03-04T11:00:20
REC00001744,INS00001744,USR002572,HEALTH_RESERVE,review_preparedness_goal,Review the preparedness goal and current buffer.,low,2026-05-29T13:00:20
REC00001745,INS00001745,USR002574,MINDGUARD,review_sleep,Review recent sleep context and repeat monitoring when convenient.,medium,2026-02-16T10:00:20
REC00001746,INS00001746,USR002580,MINDGUARD,repeat_assessment,Repeat the assessment later to add another observation.,low,2026-05-17T13:00:20
REC00001747,INS00001747,USR002583,HEALTH_RESERVE,review_preparedness_goal,Review the preparedness goal and current buffer.,low,2026-06-20T06:00:20
REC00001748,INS00001748,USR002585,MINDGUARD,repeat_assessment,Repeat the assessment later to add another observation.,low,2026-04-04T08:00:20
REC00001749,INS00001749,USR002586,HEALTH_RESERVE,review_preparedness_goal,Review the preparedness goal and current buffer.,medium,2026-09-14T12:00:20
REC00001750,INS00001750,USR002589,MINDGUARD,maintain_monitoring,Continue routine monitoring.,low,2026-03-02T12:00:20
REC00001751,INS00001751,USR002590,MINDGUARD,maintain_monitoring,Continue routine monitoring.,low,2026-08-28T10:00:20
REC00001752,INS00001752,USR002591,MINDGUARD,maintain_monitoring,Continue routine monitoring.,low,2026-09-14T12:00:20
REC00001753,INS00001753,USR002592,MINDGUARD,repeat_assessment,Repeat the assessment later to add another observation.,low,2026-06-14T07:00:20
REC00001754,INS00001754,USR002594,MINDGUARD,repeat_assessment,Repeat the assessment later to add another observation.,low,2026-04-29T19:00:20
REC00001755,INS00001755,USR002596,MINDGUARD,repeat_assessment,Repeat the assessment later to add another observation.,low,2026-04-22T12:00:20
REC00001756,INS00001756,USR002597,MINDGUARD,maintain_monitoring,Continue routine monitoring.,low,2026-06-06T16:00:20
REC00001757,INS00001757,USR002598,MINDGUARD,repeat_assessment,Repeat the assessment later to add another observation.,low,2026-08-13T22:00:20
REC00001758,INS00001758,USR002601,HEALTH_RESERVE,review_preparedness_goal,Review the preparedness goal and current buffer.,medium,2026-03-11T21:00:20
REC00001759,INS00001759,USR002602,MINDGUARD,maintain_monitoring,Continue routine monitoring.,medium,2026-08-25T19:00:20
REC00001760,INS00001760,USR002604,MINDGUARD,review_sleep,Review recent sleep context and repeat monitoring when convenient.,medium,2026-06-26T03:00:20
REC00001761,INS00001761,USR002609,HEALTH_RESERVE,review_preparedness_goal,Review the preparedness goal and current buffer.,low,2026-04-23T10:00:20
REC00001762,INS00001762,USR002610,MINDGUARD,wellbeing_checkin,Complete a wellbeing check-in to add context.,medium,2026-02-14T04:00:20
REC00001763,INS00001763,USR002611,HEALTH_RESERVE,review_healthcare_coverage,Review healthcare coverage information.,medium,2026-07-31T12:00:20
REC00001764,INS00001764,USR002613,MINDGUARD,repeat_assessment,Repeat the assessment later to add another observation.,medium,2026-07-15T11:00:20
REC00001765,INS00001765,USR002617,MINDGUARD,repeat_assessment,Repeat the assessment later to add another observation.,medium,2026-03-30T05:00:20
REC00001766,INS00001766,USR002618,MINDGUARD,repeat_assessment,Repeat the assessment later to add another observation.,low,2026-05-17T18:00:20
REC00001767,INS00001767,USR002618,HEALTH_RESERVE,review_preparedness_goal,Review the preparedness goal and current buffer.,low,2026-02-26T19:00:20
REC00001768,INS00001768,USR002622,MINDGUARD,repeat_assessment,Repeat the assessment later to add another observation.,medium,2026-09-14T12:00:20
REC00001769,INS00001769,USR002622,HEALTH_RESERVE,review_preparedness_goal,Review the preparedness goal and current buffer.,low,2026-06-19T20:00:20
REC00001770,INS00001770,USR002623,HEALTH_RESERVE,review_preparedness_goal,Review the preparedness goal and current buffer.,medium,2026-08-11T08:00:20
REC00001771,INS00001771,USR002624,MINDGUARD,repeat_assessment,Repeat the assessment later to add another observation.,medium,2026-05-11T20:00:20
REC00001772,INS00001772,USR002625,MINDGUARD,repeat_assessment,Repeat the assessment later to add another observation.,medium,2026-05-07T03:00:20
REC00001773,INS00001773,USR002626,MINDGUARD,repeat_assessment,Repeat the assessment later to add another observation.,medium,2026-05-27T11:00:20
REC00001774,INS00001774,USR002628,MINDGUARD,repeat_assessment,Repeat the assessment later to add another observation.,medium,2026-02-22T00:00:20
REC00001775,INS00001775,USR002628,HEALTH_RESERVE,review_preparedness_goal,Review the preparedness goal and current buffer.,medium,2026-02-23T00:00:20
REC00001776,INS00001776,USR002629,MINDGUARD,wellbeing_checkin,Complete a wellbeing check-in to add context.,low,2026-05-14T23:00:20
REC00001777,INS00001777,USR002630,MINDGUARD,maintain_monitoring,Continue routine monitoring.,medium,2026-06-16T14:00:20
REC00001778,INS00001778,USR002634,MINDGUARD,wellbeing_checkin,Complete a wellbeing check-in to add context.,low,2026-05-16T07:00:20
REC00001779,INS00001779,USR002635,MINDGUARD,repeat_assessment,Repeat the assessment later to add another observation.,low,2026-04-27T02:00:20
REC00001780,INS00001780,USR002637,MINDGUARD,maintain_monitoring,Continue routine monitoring.,low,2026-09-14T12:00:20
REC00001781,INS00001781,USR002637,HEALTH_RESERVE,review_preparedness_goal,Review the preparedness goal and current buffer.,low,2026-08-30T11:00:20
REC00001782,INS00001782,USR002638,MINDGUARD,maintain_monitoring,Continue routine monitoring.,low,2026-04-03T13:00:20
REC00001783,INS00001783,USR002639,MINDGUARD,wellbeing_checkin,Complete a wellbeing check-in to add context.,low,2026-06-19T20:00:20
REC00001784,INS00001784,USR002640,MINDGUARD,repeat_assessment,Repeat the assessment later to add another observation.,medium,2026-09-14T12:00:20
REC00001785,INS00001785,USR002641,MINDGUARD,maintain_monitoring,Continue routine monitoring.,low,2026-08-05T04:00:20
REC00001786,INS00001786,USR002643,MINDGUARD,wellbeing_checkin,Complete a wellbeing check-in to add context.,medium,2026-05-05T16:00:20
REC00001787,INS00001787,USR002643,HEALTH_RESERVE,review_preparedness_goal,Review the preparedness goal and current buffer.,low,2026-09-14T12:00:20
REC00001788,INS00001788,USR002645,MINDGUARD,repeat_assessment,Repeat the assessment later to add another observation.,medium,2026-07-19T17:00:20
REC00001789,INS00001789,USR002647,MINDGUARD,review_sleep,Review recent sleep context and repeat monitoring when convenient.,low,2026-05-05T21:00:20
REC00001790,INS00001790,USR002649,MINDGUARD,repeat_assessment,Repeat the assessment later to add another observation.,low,2026-05-08T20:00:20
REC00001791,INS00001791,USR002650,MINDGUARD,review_sleep,Review recent sleep context and repeat monitoring when convenient.,medium,2026-08-14T14:00:20
REC00001792,INS00001792,USR002651,MINDGUARD,repeat_assessment,Repeat the assessment later to add another observation.,low,2026-05-04T19:00:20
REC00001793,INS00001793,USR002652,MINDGUARD,repeat_assessment,Repeat the assessment later to add another observation.,medium,2026-04-27T11:00:20
REC00001794,INS00001794,USR002653,HEALTH_RESERVE,review_preparedness_goal,Review the preparedness goal and current buffer.,medium,2026-01-03T07:00:20
REC00001795,INS00001795,USR002654,MINDGUARD,maintain_monitoring,Continue routine monitoring.,low,2026-09-02T19:00:20
REC00001796,INS00001796,USR002656,MINDGUARD,repeat_assessment,Repeat the assessment later to add another observation.,low,2026-07-19T07:00:20
REC00001797,INS00001797,USR002657,MINDGUARD,repeat_assessment,Repeat the assessment later to add another observation.,low,2026-04-26T12:00:20
REC00001798,INS00001798,USR002659,MINDGUARD,repeat_assessment,Repeat the assessment later to add another observation.,low,2026-07-09T09:00:20
REC00001799,INS00001799,USR002661,HEALTH_RESERVE,review_preparedness_goal,Review the preparedness goal and current buffer.,low,2026-09-14T12:00:20
REC00001800,INS00001800,USR002662,HEALTH_RESERVE,review_preparedness_goal,Review the preparedness goal and current buffer.,medium,2026-06-05T01:00:20
REC00001801,INS00001801,USR002663,MINDGUARD,repeat_assessment,Repeat the assessment later to add another observation.,low,2026-07-31T03:00:20
REC00001802,INS00001802,USR002664,MINDGUARD,repeat_assessment,Repeat the assessment later to add another observation.,medium,2026-08-17T08:00:20
REC00001803,INS00001803,USR002666,MINDGUARD,repeat_assessment,Repeat the assessment later to add another observation.,low,2026-06-04T16:00:20
REC00001804,INS00001804,USR002667,MINDGUARD,repeat_assessment,Repeat the assessment later to add another observation.,medium,2026-07-01T20:00:20
REC00001805,INS00001805,USR002668,MINDGUARD,maintain_monitoring,Continue routine monitoring.,medium,2026-07-27T18:00:20
REC00001806,INS00001806,USR002669,HEALTH_RESERVE,review_healthcare_coverage,Review healthcare coverage information.,low,2026-07-27T01:00:20
REC00001807,INS00001807,USR002670,MINDGUARD,repeat_assessment,Repeat the assessment later to add another observation.,low,2026-02-16T00:00:20
REC00001808,INS00001808,USR002671,MINDGUARD,review_sleep,Review recent sleep context and repeat monitoring when convenient.,medium,2026-07-30T10:00:20
REC00001809,INS00001809,USR002674,MINDGUARD,repeat_assessment,Repeat the assessment later to add another observation.,low,2026-04-21T18:00:20
REC00001810,INS00001810,USR002675,HEALTH_RESERVE,review_preparedness_goal,Review the preparedness goal and current buffer.,low,2026-04-18T09:00:20
REC00001811,INS00001811,USR002679,HEALTH_RESERVE,review_preparedness_goal,Review the preparedness goal and current buffer.,low,2026-07-03T16:00:20
REC00001812,INS00001812,USR002680,MINDGUARD,maintain_monitoring,Continue routine monitoring.,low,2026-07-31T08:00:20
REC00001813,INS00001813,USR002680,HEALTH_RESERVE,review_preparedness_goal,Review the preparedness goal and current buffer.,low,2026-02-16T19:00:20
REC00001814,INS00001814,USR002681,HEALTH_RESERVE,review_preparedness_goal,Review the preparedness goal and current buffer.,medium,2026-09-12T11:00:20
REC00001815,INS00001815,USR002682,MINDGUARD,repeat_assessment,Repeat the assessment later to add another observation.,medium,2026-04-08T06:00:20
REC00001816,INS00001816,USR002683,MINDGUARD,maintain_monitoring,Continue routine monitoring.,medium,2026-05-15T11:00:20
REC00001817,INS00001817,USR002687,MINDGUARD,repeat_assessment,Repeat the assessment later to add another observation.,medium,2026-05-18T12:00:20
REC00001818,INS00001818,USR002688,MINDGUARD,maintain_monitoring,Continue routine monitoring.,medium,2026-09-14T12:00:20
REC00001819,INS00001819,USR002689,HEALTH_RESERVE,review_preparedness_goal,Review the preparedness goal and current buffer.,low,2026-06-17T20:00:20
REC00001820,INS00001820,USR002690,MINDGUARD,repeat_assessment,Repeat the assessment later to add another observation.,low,2026-03-24T19:00:20
REC00001821,INS00001821,USR002691,MINDGUARD,maintain_monitoring,Continue routine monitoring.,medium,2026-06-18T04:00:20
REC00001822,INS00001822,USR002692,MINDGUARD,repeat_assessment,Repeat the assessment later to add another observation.,low,2026-06-08T11:00:20
REC00001823,INS00001823,USR002692,HEALTH_RESERVE,review_preparedness_goal,Review the preparedness goal and current buffer.,low,2026-06-29T13:00:20
REC00001824,INS00001824,USR002693,MINDGUARD,maintain_monitoring,Continue routine monitoring.,low,2026-09-14T12:00:20
REC00001825,INS00001825,USR002694,HEALTH_RESERVE,review_preparedness_goal,Review the preparedness goal and current buffer.,low,2026-04-24T12:00:20
REC00001826,INS00001826,USR002695,MINDGUARD,maintain_monitoring,Continue routine monitoring.,medium,2026-04-29T08:00:20
REC00001827,INS00001827,USR002696,HEALTH_RESERVE,review_preparedness_goal,Review the preparedness goal and current buffer.,medium,2026-07-21T07:00:20
REC00001828,INS00001828,USR002697,MINDGUARD,maintain_monitoring,Continue routine monitoring.,low,2026-09-14T12:00:20
REC00001829,INS00001829,USR002697,HEALTH_RESERVE,review_preparedness_goal,Review the preparedness goal and current buffer.,low,2026-08-23T05:00:20
REC00001830,INS00001830,USR002698,MINDGUARD,review_sleep,Review recent sleep context and repeat monitoring when convenient.,low,2026-09-14T12:00:20
REC00001831,INS00001831,USR002698,HEALTH_RESERVE,review_preparedness_goal,Review the preparedness goal and current buffer.,low,2026-09-11T14:00:20
REC00001832,INS00001832,USR002701,MINDGUARD,repeat_assessment,Repeat the assessment later to add another observation.,low,2026-02-15T02:00:20
REC00001833,INS00001833,USR002702,HEALTH_RESERVE,review_preparedness_goal,Review the preparedness goal and current buffer.,medium,2026-06-20T14:00:20
REC00001834,INS00001834,USR002703,MINDGUARD,repeat_assessment,Repeat the assessment later to add another observation.,medium,2026-04-20T18:00:20
REC00001835,INS00001835,USR002704,MINDGUARD,repeat_assessment,Repeat the assessment later to add another observation.,low,2026-05-17T00:00:20
REC00001836,INS00001836,USR002704,HEALTH_RESERVE,review_preparedness_goal,Review the preparedness goal and current buffer.,low,2026-07-07T04:00:20
REC00001837,INS00001837,USR002706,HEALTH_RESERVE,review_preparedness_goal,Review the preparedness goal and current buffer.,low,2026-04-04T06:00:20
REC00001838,INS00001838,USR002707,MINDGUARD,wellbeing_checkin,Complete a wellbeing check-in to add context.,low,2026-08-05T23:00:20
REC00001839,INS00001839,USR002708,MINDGUARD,repeat_assessment,Repeat the assessment later to add another observation.,medium,2026-07-03T15:00:20
REC00001840,INS00001840,USR002708,HEALTH_RESERVE,review_preparedness_goal,Review the preparedness goal and current buffer.,low,2026-05-26T18:00:20
REC00001841,INS00001841,USR002709,MINDGUARD,maintain_monitoring,Continue routine monitoring.,medium,2026-04-14T01:00:20
REC00001842,INS00001842,USR002712,MINDGUARD,maintain_monitoring,Continue routine monitoring.,medium,2026-09-02T00:00:20
REC00001843,INS00001843,USR002713,HEALTH_RESERVE,review_healthcare_coverage,Review healthcare coverage information.,medium,2026-06-06T01:00:20
REC00001844,INS00001844,USR002714,MINDGUARD,repeat_assessment,Repeat the assessment later to add another observation.,medium,2026-09-14T12:00:20
REC00001845,INS00001845,USR002716,HEALTH_RESERVE,review_preparedness_goal,Review the preparedness goal and current buffer.,low,2026-07-06T14:00:20
REC00001846,INS00001846,USR002719,MINDGUARD,maintain_monitoring,Continue routine monitoring.,medium,2026-03-01T18:00:20
REC00001847,INS00001847,USR002722,MINDGUARD,maintain_monitoring,Continue routine monitoring.,medium,2026-08-12T16:00:20
REC00001848,INS00001848,USR002723,HEALTH_RESERVE,review_preparedness_goal,Review the preparedness goal and current buffer.,medium,2026-08-13T07:00:20
REC00001849,INS00001849,USR002724,MINDGUARD,maintain_monitoring,Continue routine monitoring.,medium,2026-07-01T13:00:20
REC00001850,INS00001850,USR002727,HEALTH_RESERVE,review_healthcare_coverage,Review healthcare coverage information.,medium,2026-06-14T11:00:20
REC00001851,INS00001851,USR002728,HEALTH_RESERVE,review_preparedness_goal,Review the preparedness goal and current buffer.,low,2026-04-09T21:00:20
REC00001852,INS00001852,USR002731,HEALTH_RESERVE,review_preparedness_goal,Review the preparedness goal and current buffer.,low,2026-06-22T17:00:20
REC00001853,INS00001853,USR002733,MINDGUARD,review_sleep,Review recent sleep context and repeat monitoring when convenient.,low,2026-09-14T12:00:20
REC00001854,INS00001854,USR002734,MINDGUARD,maintain_monitoring,Continue routine monitoring.,medium,2026-08-30T18:00:20
REC00001855,INS00001855,USR002736,MINDGUARD,repeat_assessment,Repeat the assessment later to add another observation.,low,2026-05-02T15:00:20
REC00001856,INS00001856,USR002738,MINDGUARD,maintain_monitoring,Continue routine monitoring.,medium,2026-09-14T12:00:20
REC00001857,INS00001857,USR002739,HEALTH_RESERVE,review_preparedness_goal,Review the preparedness goal and current buffer.,low,2026-05-13T00:00:20
REC00001858,INS00001858,USR002741,MINDGUARD,repeat_assessment,Repeat the assessment later to add another observation.,medium,2026-03-25T10:00:20
REC00001859,INS00001859,USR002744,MINDGUARD,maintain_monitoring,Continue routine monitoring.,low,2026-09-14T12:00:20
REC00001860,INS00001860,USR002745,MINDGUARD,repeat_assessment,Repeat the assessment later to add another observation.,low,2026-05-17T20:00:20
REC00001861,INS00001861,USR002746,MINDGUARD,wellbeing_checkin,Complete a wellbeing check-in to add context.,low,2026-08-12T03:00:20
REC00001862,INS00001862,USR002748,MINDGUARD,repeat_assessment,Repeat the assessment later to add another observation.,medium,2026-09-10T12:00:20
REC00001863,INS00001863,USR002751,MINDGUARD,wellbeing_checkin,Complete a wellbeing check-in to add context.,medium,2026-08-16T11:00:20
REC00001864,INS00001864,USR002752,HEALTH_RESERVE,review_healthcare_coverage,Review healthcare coverage information.,medium,2026-08-06T21:00:20
REC00001865,INS00001865,USR002754,MINDGUARD,review_sleep,Review recent sleep context and repeat monitoring when convenient.,low,2026-09-14T12:00:20
REC00001866,INS00001866,USR002755,MINDGUARD,maintain_monitoring,Continue routine monitoring.,low,2026-03-31T00:00:20
REC00001867,INS00001867,USR002755,HEALTH_RESERVE,review_healthcare_coverage,Review healthcare coverage information.,medium,2026-03-25T19:00:20
REC00001868,INS00001868,USR002756,MINDGUARD,maintain_monitoring,Continue routine monitoring.,medium,2026-04-19T08:00:20
REC00001869,INS00001869,USR002757,MINDGUARD,maintain_monitoring,Continue routine monitoring.,medium,2026-03-20T11:00:20
REC00001870,INS00001870,USR002758,MINDGUARD,repeat_assessment,Repeat the assessment later to add another observation.,medium,2026-01-30T15:00:20
REC00001871,INS00001871,USR002759,MINDGUARD,repeat_assessment,Repeat the assessment later to add another observation.,medium,2026-06-01T17:00:20
REC00001872,INS00001872,USR002760,HEALTH_RESERVE,review_preparedness_goal,Review the preparedness goal and current buffer.,medium,2026-07-28T00:00:20
REC00001873,INS00001873,USR002762,MINDGUARD,repeat_assessment,Repeat the assessment later to add another observation.,medium,2026-06-17T19:00:20
REC00001874,INS00001874,USR002768,MINDGUARD,repeat_assessment,Repeat the assessment later to add another observation.,low,2026-06-23T09:00:20
REC00001875,INS00001875,USR002770,HEALTH_RESERVE,review_preparedness_goal,Review the preparedness goal and current buffer.,low,2026-04-04T04:00:20
REC00001876,INS00001876,USR002772,MINDGUARD,maintain_monitoring,Continue routine monitoring.,low,2026-05-21T05:00:20
REC00001877,INS00001877,USR002773,MINDGUARD,repeat_assessment,Repeat the assessment later to add another observation.,low,2026-07-27T15:00:20
REC00001878,INS00001878,USR002774,HEALTH_RESERVE,review_healthcare_coverage,Review healthcare coverage information.,low,2026-02-25T22:00:20
REC00001879,INS00001879,USR002775,MINDGUARD,repeat_assessment,Repeat the assessment later to add another observation.,medium,2026-08-17T22:00:20
REC00001880,INS00001880,USR002776,MINDGUARD,maintain_monitoring,Continue routine monitoring.,low,2026-09-14T12:00:20
REC00001881,INS00001881,USR002776,HEALTH_RESERVE,review_preparedness_goal,Review the preparedness goal and current buffer.,medium,2026-09-14T12:00:20
REC00001882,INS00001882,USR002778,MINDGUARD,repeat_assessment,Repeat the assessment later to add another observation.,medium,2026-06-30T00:00:20
REC00001883,INS00001883,USR002779,MINDGUARD,repeat_assessment,Repeat the assessment later to add another observation.,low,2026-05-16T09:00:20
REC00001884,INS00001884,USR002780,MINDGUARD,repeat_assessment,Repeat the assessment later to add another observation.,low,2026-04-03T09:00:20
REC00001885,INS00001885,USR002780,HEALTH_RESERVE,review_preparedness_goal,Review the preparedness goal and current buffer.,low,2026-09-14T12:00:20
REC00001886,INS00001886,USR002781,MINDGUARD,repeat_assessment,Repeat the assessment later to add another observation.,medium,2026-05-22T10:00:20
REC00001887,INS00001887,USR002789,HEALTH_RESERVE,review_preparedness_goal,Review the preparedness goal and current buffer.,medium,2026-05-27T22:00:20
REC00001888,INS00001888,USR002790,MINDGUARD,repeat_assessment,Repeat the assessment later to add another observation.,low,2026-04-22T03:00:20
REC00001889,INS00001889,USR002791,MINDGUARD,repeat_assessment,Repeat the assessment later to add another observation.,medium,2026-01-15T22:00:20
REC00001890,INS00001890,USR002793,MINDGUARD,repeat_assessment,Repeat the assessment later to add another observation.,low,2026-08-05T10:00:20
REC00001891,INS00001891,USR002794,MINDGUARD,maintain_monitoring,Continue routine monitoring.,medium,2026-09-14T12:00:20
REC00001892,INS00001892,USR002800,HEALTH_RESERVE,review_preparedness_goal,Review the preparedness goal and current buffer.,medium,2026-09-14T12:00:20
REC00001893,INS00001893,USR002801,MINDGUARD,repeat_assessment,Repeat the assessment later to add another observation.,medium,2026-03-11T18:00:20
REC00001894,INS00001894,USR002801,HEALTH_RESERVE,review_healthcare_coverage,Review healthcare coverage information.,low,2026-03-26T13:00:20
REC00001895,INS00001895,USR002802,MINDGUARD,review_sleep,Review recent sleep context and repeat monitoring when convenient.,medium,2026-04-27T02:00:20
REC00001896,INS00001896,USR002803,MINDGUARD,maintain_monitoring,Continue routine monitoring.,low,2026-05-24T21:00:20
REC00001897,INS00001897,USR002804,MINDGUARD,maintain_monitoring,Continue routine monitoring.,medium,2026-09-14T01:00:20
REC00001898,INS00001898,USR002806,HEALTH_RESERVE,review_healthcare_coverage,Review healthcare coverage information.,medium,2026-04-11T09:00:20
REC00001899,INS00001899,USR002808,HEALTH_RESERVE,review_healthcare_coverage,Review healthcare coverage information.,low,2026-05-30T03:00:20
REC00001900,INS00001900,USR002809,MINDGUARD,maintain_monitoring,Continue routine monitoring.,low,2026-06-02T20:00:20
REC00001901,INS00001901,USR002810,MINDGUARD,repeat_assessment,Repeat the assessment later to add another observation.,medium,2026-03-27T08:00:20
REC00001902,INS00001902,USR002811,MINDGUARD,repeat_assessment,Repeat the assessment later to add another observation.,low,2026-05-06T07:00:20
REC00001903,INS00001903,USR002812,HEALTH_RESERVE,review_preparedness_goal,Review the preparedness goal and current buffer.,low,2026-05-29T13:00:20
REC00001904,INS00001904,USR002814,HEALTH_RESERVE,review_preparedness_goal,Review the preparedness goal and current buffer.,medium,2026-08-08T20:00:20
REC00001905,INS00001905,USR002817,HEALTH_RESERVE,review_preparedness_goal,Review the preparedness goal and current buffer.,low,2026-05-17T15:00:20
REC00001906,INS00001906,USR002818,MINDGUARD,maintain_monitoring,Continue routine monitoring.,medium,2026-09-01T12:00:20
REC00001907,INS00001907,USR002819,MINDGUARD,repeat_assessment,Repeat the assessment later to add another observation.,low,2026-08-11T12:00:20
REC00001908,INS00001908,USR002819,HEALTH_RESERVE,review_preparedness_goal,Review the preparedness goal and current buffer.,low,2026-08-18T19:00:20
REC00001909,INS00001909,USR002823,MINDGUARD,repeat_assessment,Repeat the assessment later to add another observation.,low,2026-04-07T02:00:20
REC00001910,INS00001910,USR002824,MINDGUARD,maintain_monitoring,Continue routine monitoring.,low,2026-09-14T12:00:20
REC00001911,INS00001911,USR002828,MINDGUARD,maintain_monitoring,Continue routine monitoring.,medium,2026-06-17T21:00:20
REC00001912,INS00001912,USR002829,HEALTH_RESERVE,review_preparedness_goal,Review the preparedness goal and current buffer.,low,2026-06-02T01:00:20
REC00001913,INS00001913,USR002830,MINDGUARD,maintain_monitoring,Continue routine monitoring.,low,2026-05-27T01:00:20
REC00001914,INS00001914,USR002832,MINDGUARD,repeat_assessment,Repeat the assessment later to add another observation.,low,2026-04-06T04:00:20
REC00001915,INS00001915,USR002835,MINDGUARD,repeat_assessment,Repeat the assessment later to add another observation.,low,2026-06-22T19:00:20
REC00001916,INS00001916,USR002837,HEALTH_RESERVE,review_preparedness_goal,Review the preparedness goal and current buffer.,medium,2026-04-02T10:00:20
REC00001917,INS00001917,USR002838,MINDGUARD,repeat_assessment,Repeat the assessment later to add another observation.,medium,2026-05-13T10:00:20
REC00001918,INS00001918,USR002840,MINDGUARD,maintain_monitoring,Continue routine monitoring.,medium,2026-05-19T17:00:20
REC00001919,INS00001919,USR002841,HEALTH_RESERVE,review_preparedness_goal,Review the preparedness goal and current buffer.,medium,2026-07-08T21:00:20
REC00001920,INS00001920,USR002842,MINDGUARD,maintain_monitoring,Continue routine monitoring.,low,2026-09-14T12:00:20
REC00001921,INS00001921,USR002843,MINDGUARD,maintain_monitoring,Continue routine monitoring.,low,2026-08-08T02:00:20
REC00001922,INS00001922,USR002844,MINDGUARD,repeat_assessment,Repeat the assessment later to add another observation.,medium,2026-04-02T17:00:20
REC00001923,INS00001923,USR002846,MINDGUARD,maintain_monitoring,Continue routine monitoring.,medium,2026-07-17T21:00:20
REC00001924,INS00001924,USR002847,MINDGUARD,repeat_assessment,Repeat the assessment later to add another observation.,medium,2026-05-12T01:00:20
REC00001925,INS00001925,USR002850,MINDGUARD,maintain_monitoring,Continue routine monitoring.,low,2026-08-05T12:00:20
REC00001926,INS00001926,USR002853,MINDGUARD,maintain_monitoring,Continue routine monitoring.,medium,2026-09-01T15:00:20
REC00001927,INS00001927,USR002854,MINDGUARD,repeat_assessment,Repeat the assessment later to add another observation.,medium,2026-03-17T11:00:20
REC00001928,INS00001928,USR002856,MINDGUARD,repeat_assessment,Repeat the assessment later to add another observation.,medium,2026-03-23T06:00:20
REC00001929,INS00001929,USR002858,MINDGUARD,repeat_assessment,Repeat the assessment later to add another observation.,medium,2026-04-24T21:00:20
REC00001930,INS00001930,USR002858,HEALTH_RESERVE,review_preparedness_goal,Review the preparedness goal and current buffer.,medium,2026-01-14T07:00:20
REC00001931,INS00001931,USR002859,MINDGUARD,repeat_assessment,Repeat the assessment later to add another observation.,medium,2026-04-24T15:00:20
REC00001932,INS00001932,USR002860,HEALTH_RESERVE,review_preparedness_goal,Review the preparedness goal and current buffer.,medium,2026-06-28T13:00:20
REC00001933,INS00001933,USR002861,MINDGUARD,maintain_monitoring,Continue routine monitoring.,low,2026-09-14T12:00:20
REC00001934,INS00001934,USR002861,HEALTH_RESERVE,review_preparedness_goal,Review the preparedness goal and current buffer.,medium,2026-09-14T12:00:20
REC00001935,INS00001935,USR002865,MINDGUARD,repeat_assessment,Repeat the assessment later to add another observation.,low,2026-06-11T09:00:20
REC00001936,INS00001936,USR002865,HEALTH_RESERVE,review_preparedness_goal,Review the preparedness goal and current buffer.,low,2026-03-01T13:00:20
REC00001937,INS00001937,USR002866,MINDGUARD,maintain_monitoring,Continue routine monitoring.,low,2026-09-14T12:00:20
REC00001938,INS00001938,USR002866,HEALTH_RESERVE,review_preparedness_goal,Review the preparedness goal and current buffer.,medium,2026-09-14T12:00:20
REC00001939,INS00001939,USR002869,HEALTH_RESERVE,review_preparedness_goal,Review the preparedness goal and current buffer.,low,2026-06-28T14:00:20
REC00001940,INS00001940,USR002871,MINDGUARD,repeat_assessment,Repeat the assessment later to add another observation.,medium,2026-05-07T04:00:20
REC00001941,INS00001941,USR002872,MINDGUARD,maintain_monitoring,Continue routine monitoring.,medium,2026-09-14T12:00:20
REC00001942,INS00001942,USR002873,MINDGUARD,repeat_assessment,Repeat the assessment later to add another observation.,medium,2026-07-01T14:00:20
REC00001943,INS00001943,USR002874,MINDGUARD,repeat_assessment,Repeat the assessment later to add another observation.,low,2026-05-14T22:00:20
REC00001944,INS00001944,USR002874,HEALTH_RESERVE,review_healthcare_coverage,Review healthcare coverage information.,low,2026-01-29T08:00:20
REC00001945,INS00001945,USR002875,MINDGUARD,repeat_assessment,Repeat the assessment later to add another observation.,medium,2026-03-26T20:00:20
REC00001946,INS00001946,USR002877,MINDGUARD,wellbeing_checkin,Complete a wellbeing check-in to add context.,medium,2026-08-29T17:00:20
REC00001947,INS00001947,USR002878,MINDGUARD,maintain_monitoring,Continue routine monitoring.,low,2026-08-08T10:00:20
REC00001948,INS00001948,USR002879,MINDGUARD,review_sleep,Review recent sleep context and repeat monitoring when convenient.,medium,2026-07-08T17:00:20
REC00001949,INS00001949,USR002880,MINDGUARD,maintain_monitoring,Continue routine monitoring.,low,2026-09-14T12:00:20
REC00001950,INS00001950,USR002882,MINDGUARD,repeat_assessment,Repeat the assessment later to add another observation.,medium,2026-08-23T18:00:20
REC00001951,INS00001951,USR002884,MINDGUARD,repeat_assessment,Repeat the assessment later to add another observation.,medium,2026-06-15T10:00:20
REC00001952,INS00001952,USR002885,MINDGUARD,maintain_monitoring,Continue routine monitoring.,low,2026-08-19T00:00:20
REC00001953,INS00001953,USR002886,MINDGUARD,maintain_monitoring,Continue routine monitoring.,low,2026-07-04T15:00:20
REC00001954,INS00001954,USR002887,MINDGUARD,repeat_assessment,Repeat the assessment later to add another observation.,low,2026-06-21T08:00:20
REC00001955,INS00001955,USR002887,HEALTH_RESERVE,review_preparedness_goal,Review the preparedness goal and current buffer.,low,2026-09-14T12:00:20
REC00001956,INS00001956,USR002888,MINDGUARD,maintain_monitoring,Continue routine monitoring.,low,2026-05-06T02:00:20
REC00001957,INS00001957,USR002889,MINDGUARD,review_sleep,Review recent sleep context and repeat monitoring when convenient.,low,2026-06-10T12:00:20
REC00001958,INS00001958,USR002890,HEALTH_RESERVE,review_healthcare_coverage,Review healthcare coverage information.,medium,2026-03-02T03:00:20
REC00001959,INS00001959,USR002891,MINDGUARD,review_sleep,Review recent sleep context and repeat monitoring when convenient.,medium,2026-09-14T12:00:20
REC00001960,INS00001960,USR002891,HEALTH_RESERVE,review_preparedness_goal,Review the preparedness goal and current buffer.,low,2026-07-19T02:00:20
REC00001961,INS00001961,USR002893,HEALTH_RESERVE,review_preparedness_goal,Review the preparedness goal and current buffer.,low,2026-03-29T16:00:20
REC00001962,INS00001962,USR002894,HEALTH_RESERVE,review_preparedness_goal,Review the preparedness goal and current buffer.,medium,2026-09-14T12:00:20
REC00001963,INS00001963,USR002897,MINDGUARD,maintain_monitoring,Continue routine monitoring.,low,2026-08-19T07:00:20
REC00001964,INS00001964,USR002900,HEALTH_RESERVE,review_preparedness_goal,Review the preparedness goal and current buffer.,low,2026-08-18T18:00:20
REC00001965,INS00001965,USR002901,MINDGUARD,repeat_assessment,Repeat the assessment later to add another observation.,medium,2026-09-13T07:00:20
REC00001966,INS00001966,USR002904,HEALTH_RESERVE,review_healthcare_coverage,Review healthcare coverage information.,low,2026-04-10T04:00:20
REC00001967,INS00001967,USR002905,HEALTH_RESERVE,review_preparedness_goal,Review the preparedness goal and current buffer.,low,2026-07-08T19:00:20
REC00001968,INS00001968,USR002906,MINDGUARD,review_sleep,Review recent sleep context and repeat monitoring when convenient.,low,2026-09-14T12:00:20
REC00001969,INS00001969,USR002909,MINDGUARD,repeat_assessment,Repeat the assessment later to add another observation.,low,2026-05-21T05:00:20
REC00001970,INS00001970,USR002910,MINDGUARD,review_sleep,Review recent sleep context and repeat monitoring when convenient.,low,2026-07-12T17:00:20
REC00001971,INS00001971,USR002911,MINDGUARD,maintain_monitoring,Continue routine monitoring.,low,2026-05-19T12:00:20
REC00001972,INS00001972,USR002913,MINDGUARD,review_sleep,Review recent sleep context and repeat monitoring when convenient.,medium,2026-04-18T18:00:20
REC00001973,INS00001973,USR002914,MINDGUARD,repeat_assessment,Repeat the assessment later to add another observation.,medium,2026-03-17T13:00:20
REC00001974,INS00001974,USR002918,MINDGUARD,repeat_assessment,Repeat the assessment later to add another observation.,medium,2026-04-18T04:00:20
REC00001975,INS00001975,USR002919,MINDGUARD,review_sleep,Review recent sleep context and repeat monitoring when convenient.,low,2026-08-01T20:00:20
REC00001976,INS00001976,USR002923,MINDGUARD,repeat_assessment,Repeat the assessment later to add another observation.,low,2026-08-12T20:00:20
REC00001977,INS00001977,USR002924,MINDGUARD,maintain_monitoring,Continue routine monitoring.,medium,2026-06-01T06:00:20
REC00001978,INS00001978,USR002925,MINDGUARD,repeat_assessment,Repeat the assessment later to add another observation.,low,2026-03-29T01:00:20
REC00001979,INS00001979,USR002927,MINDGUARD,maintain_monitoring,Continue routine monitoring.,medium,2026-04-25T13:00:20
REC00001980,INS00001980,USR002927,HEALTH_RESERVE,review_preparedness_goal,Review the preparedness goal and current buffer.,medium,2026-02-02T11:00:20
REC00001981,INS00001981,USR002928,MINDGUARD,review_sleep,Review recent sleep context and repeat monitoring when convenient.,medium,2026-06-07T16:00:20
REC00001982,INS00001982,USR002931,MINDGUARD,repeat_assessment,Repeat the assessment later to add another observation.,medium,2026-03-28T02:00:20
REC00001983,INS00001983,USR002932,HEALTH_RESERVE,review_preparedness_goal,Review the preparedness goal and current buffer.,medium,2026-07-21T21:00:20
REC00001984,INS00001984,USR002935,HEALTH_RESERVE,review_preparedness_goal,Review the preparedness goal and current buffer.,medium,2026-03-28T18:00:20
REC00001985,INS00001985,USR002936,HEALTH_RESERVE,review_healthcare_coverage,Review healthcare coverage information.,medium,2026-05-27T23:00:20
REC00001986,INS00001986,USR002937,MINDGUARD,maintain_monitoring,Continue routine monitoring.,low,2026-08-15T03:00:20
REC00001987,INS00001987,USR002938,MINDGUARD,repeat_assessment,Repeat the assessment later to add another observation.,medium,2025-12-16T09:00:20
REC00001988,INS00001988,USR002939,HEALTH_RESERVE,review_preparedness_goal,Review the preparedness goal and current buffer.,low,2026-09-14T12:00:20
REC00001989,INS00001989,USR002940,MINDGUARD,review_sleep,Review recent sleep context and repeat monitoring when convenient.,medium,2026-09-14T12:00:20
REC00001990,INS00001990,USR002940,HEALTH_RESERVE,review_healthcare_coverage,Review healthcare coverage information.,medium,2026-07-18T10:00:20
REC00001991,INS00001991,USR002941,MINDGUARD,maintain_monitoring,Continue routine monitoring.,medium,2026-06-18T03:00:20
REC00001992,INS00001992,USR002945,HEALTH_RESERVE,review_preparedness_goal,Review the preparedness goal and current buffer.,low,2026-06-16T17:00:20
REC00001993,INS00001993,USR002946,HEALTH_RESERVE,review_preparedness_goal,Review the preparedness goal and current buffer.,medium,2026-07-17T19:00:20
REC00001994,INS00001994,USR002947,HEALTH_RESERVE,review_preparedness_goal,Review the preparedness goal and current buffer.,low,2026-07-08T22:00:20
REC00001995,INS00001995,USR002948,HEALTH_RESERVE,review_healthcare_coverage,Review healthcare coverage information.,medium,2026-05-28T07:00:20
REC00001996,INS00001996,USR002949,HEALTH_RESERVE,review_preparedness_goal,Review the preparedness goal and current buffer.,medium,2026-01-22T00:00:20
REC00001997,INS00001997,USR002950,HEALTH_RESERVE,review_preparedness_goal,Review the preparedness goal and current buffer.,low,2026-06-24T16:00:20
REC00001998,INS00001998,USR002951,HEALTH_RESERVE,review_preparedness_goal,Review the preparedness goal and current buffer.,low,2026-08-19T10:00:20
REC00001999,INS00001999,USR002954,MINDGUARD,repeat_assessment,Repeat the assessment later to add another observation.,medium,2026-05-17T14:00:20
REC00002000,INS00002000,USR002956,MINDGUARD,maintain_monitoring,Continue routine monitoring.,medium,2026-08-28T13:00:20
REC00002001,INS00002001,USR002956,HEALTH_RESERVE,review_preparedness_goal,Review the preparedness goal and current buffer.,medium,2026-09-03T22:00:20
REC00002002,INS00002002,USR002960,MINDGUARD,review_sleep,Review recent sleep context and repeat monitoring when convenient.,medium,2026-08-09T13:00:20
REC00002003,INS00002003,USR002961,MINDGUARD,maintain_monitoring,Continue routine monitoring.,medium,2026-07-07T08:00:20
REC00002004,INS00002004,USR002963,HEALTH_RESERVE,review_preparedness_goal,Review the preparedness goal and current buffer.,low,2026-03-03T10:00:20
REC00002005,INS00002005,USR002964,HEALTH_RESERVE,review_preparedness_goal,Review the preparedness goal and current buffer.,low,2026-03-08T07:00:20
REC00002006,INS00002006,USR002965,MINDGUARD,review_sleep,Review recent sleep context and repeat monitoring when convenient.,low,2026-07-14T12:00:20
REC00002007,INS00002007,USR002966,MINDGUARD,repeat_assessment,Repeat the assessment later to add another observation.,medium,2026-02-02T10:00:20
REC00002008,INS00002008,USR002967,HEALTH_RESERVE,review_preparedness_goal,Review the preparedness goal and current buffer.,medium,2026-04-14T04:00:20
REC00002009,INS00002009,USR002968,MINDGUARD,maintain_monitoring,Continue routine monitoring.,medium,2026-08-27T13:00:20
REC00002010,INS00002010,USR002970,MINDGUARD,review_sleep,Review recent sleep context and repeat monitoring when convenient.,low,2026-09-14T12:00:20
REC00002011,INS00002011,USR002971,MINDGUARD,maintain_monitoring,Continue routine monitoring.,low,2026-01-29T20:00:20
REC00002012,INS00002012,USR002973,MINDGUARD,repeat_assessment,Repeat the assessment later to add another observation.,medium,2026-09-14T00:00:20
REC00002013,INS00002013,USR002974,MINDGUARD,maintain_monitoring,Continue routine monitoring.,low,2026-06-24T15:00:20
REC00002014,INS00002014,USR002975,HEALTH_RESERVE,review_healthcare_coverage,Review healthcare coverage information.,medium,2026-07-24T07:00:20
REC00002015,INS00002015,USR002976,MINDGUARD,review_sleep,Review recent sleep context and repeat monitoring when convenient.,low,2026-09-03T12:00:20
REC00002016,INS00002016,USR002977,MINDGUARD,wellbeing_checkin,Complete a wellbeing check-in to add context.,low,2026-06-05T19:00:20
REC00002017,INS00002017,USR002979,MINDGUARD,review_sleep,Review recent sleep context and repeat monitoring when convenient.,low,2026-05-18T04:00:20
REC00002018,INS00002018,USR002981,MINDGUARD,repeat_assessment,Repeat the assessment later to add another observation.,medium,2026-03-28T18:00:20
REC00002019,INS00002019,USR002982,MINDGUARD,maintain_monitoring,Continue routine monitoring.,low,2026-09-14T12:00:20
REC00002020,INS00002020,USR002985,MINDGUARD,repeat_assessment,Repeat the assessment later to add another observation.,medium,2026-05-07T15:00:20
REC00002021,INS00002021,USR002986,MINDGUARD,review_sleep,Review recent sleep context and repeat monitoring when convenient.,medium,2026-08-01T07:00:20
REC00002022,INS00002022,USR002987,MINDGUARD,repeat_assessment,Repeat the assessment later to add another observation.,low,2026-09-14T12:00:20
REC00002023,INS00002023,USR002987,HEALTH_RESERVE,review_preparedness_goal,Review the preparedness goal and current buffer.,medium,2026-04-28T23:00:20
REC00002024,INS00002024,USR002989,MINDGUARD,repeat_assessment,Repeat the assessment later to add another observation.,medium,2026-09-14T12:00:20
REC00002025,INS00002025,USR002991,MINDGUARD,repeat_assessment,Repeat the assessment later to add another observation.,medium,2026-08-07T04:00:20
REC00002026,INS00002026,USR002993,MINDGUARD,repeat_assessment,Repeat the assessment later to add another observation.,medium,2026-04-08T07:00:20
REC00002027,INS00002027,USR002994,MINDGUARD,repeat_assessment,Repeat the assessment later to add another observation.,low,2026-07-02T05:00:20
REC00002028,INS00002028,USR002995,MINDGUARD,repeat_assessment,Repeat the assessment later to add another observation.,medium,2026-04-16T05:00:20
REC00002029,INS00002029,USR002996,HEALTH_RESERVE,review_healthcare_coverage,Review healthcare coverage information.,medium,2026-06-27T10:00:20
REC00002030,INS00002030,USR002997,HEALTH_RESERVE,review_healthcare_coverage,Review healthcare coverage information.,medium,2026-09-14T12:00:20
REC00002031,INS00002031,USR002998,MINDGUARD,maintain_monitoring,Continue routine monitoring.,low,2026-09-14T12:00:20
REC00002032,INS00002032,USR002999,MINDGUARD,repeat_assessment,Repeat the assessment later to add another observation.,medium,2026-01-20T07:00:20
REC00002033,INS00002033,USR003000,MINDGUARD,maintain_monitoring,Continue routine monitoring.,medium,2026-06-09T14:00:20
REC00002034,INS00002034,USR003004,HEALTH_RESERVE,review_preparedness_goal,Review the preparedness goal and current buffer.,medium,2026-05-31T23:00:20
REC00002035,INS00002035,USR003006,MINDGUARD,repeat_assessment,Repeat the assessment later to add another observation.,low,2026-05-12T18:00:20
REC00002036,INS00002036,USR003009,MINDGUARD,repeat_assessment,Repeat the assessment later to add another observation.,low,2026-02-24T09:00:20
REC00002037,INS00002037,USR003010,HEALTH_RESERVE,review_preparedness_goal,Review the preparedness goal and current buffer.,medium,2026-09-14T12:00:20
REC00002038,INS00002038,USR003011,MINDGUARD,repeat_assessment,Repeat the assessment later to add another observation.,medium,2026-07-27T07:00:20
REC00002039,INS00002039,USR003012,MINDGUARD,maintain_monitoring,Continue routine monitoring.,medium,2026-02-15T22:00:20
REC00002040,INS00002040,USR003014,MINDGUARD,repeat_assessment,Repeat the assessment later to add another observation.,medium,2026-06-21T12:00:20
REC00002041,INS00002041,USR003015,MINDGUARD,maintain_monitoring,Continue routine monitoring.,medium,2026-06-03T02:00:20
REC00002042,INS00002042,USR003016,MINDGUARD,repeat_assessment,Repeat the assessment later to add another observation.,low,2026-08-20T02:00:20
REC00002043,INS00002043,USR003018,MINDGUARD,repeat_assessment,Repeat the assessment later to add another observation.,low,2026-05-26T07:00:20
REC00002044,INS00002044,USR003019,HEALTH_RESERVE,review_preparedness_goal,Review the preparedness goal and current buffer.,low,2026-09-01T14:00:20
REC00002045,INS00002045,USR003021,MINDGUARD,repeat_assessment,Repeat the assessment later to add another observation.,low,2026-04-15T01:00:20
REC00002046,INS00002046,USR003021,HEALTH_RESERVE,review_healthcare_coverage,Review healthcare coverage information.,low,2026-06-15T04:00:20
REC00002047,INS00002047,USR003022,MINDGUARD,review_sleep,Review recent sleep context and repeat monitoring when convenient.,low,2026-07-11T23:00:20
REC00002048,INS00002048,USR003024,MINDGUARD,review_sleep,Review recent sleep context and repeat monitoring when convenient.,medium,2026-08-08T14:00:20
REC00002049,INS00002049,USR003025,MINDGUARD,repeat_assessment,Repeat the assessment later to add another observation.,medium,2026-08-01T09:00:20
REC00002050,INS00002050,USR003026,HEALTH_RESERVE,review_preparedness_goal,Review the preparedness goal and current buffer.,medium,2026-07-22T12:00:20
REC00002051,INS00002051,USR003027,HEALTH_RESERVE,review_preparedness_goal,Review the preparedness goal and current buffer.,low,2026-09-14T12:00:20
REC00002052,INS00002052,USR003028,MINDGUARD,maintain_monitoring,Continue routine monitoring.,medium,2026-08-10T00:00:20
REC00002053,INS00002053,USR003030,HEALTH_RESERVE,review_preparedness_goal,Review the preparedness goal and current buffer.,low,2026-02-04T01:00:20
REC00002054,INS00002054,USR003034,MINDGUARD,wellbeing_checkin,Complete a wellbeing check-in to add context.,medium,2026-09-14T12:00:20
REC00002055,INS00002055,USR003035,MINDGUARD,repeat_assessment,Repeat the assessment later to add another observation.,medium,2026-02-13T07:00:20
REC00002056,INS00002056,USR003036,HEALTH_RESERVE,review_preparedness_goal,Review the preparedness goal and current buffer.,low,2026-06-18T04:00:20
REC00002057,INS00002057,USR003037,MINDGUARD,repeat_assessment,Repeat the assessment later to add another observation.,low,2026-08-15T06:00:20
REC00002058,INS00002058,USR003037,HEALTH_RESERVE,review_preparedness_goal,Review the preparedness goal and current buffer.,low,2026-07-01T05:00:20
REC00002059,INS00002059,USR003040,HEALTH_RESERVE,review_healthcare_coverage,Review healthcare coverage information.,medium,2026-09-14T12:00:20
REC00002060,INS00002060,USR003041,MINDGUARD,repeat_assessment,Repeat the assessment later to add another observation.,medium,2026-05-08T18:00:20
REC00002061,INS00002061,USR003042,MINDGUARD,repeat_assessment,Repeat the assessment later to add another observation.,medium,2026-02-22T09:00:20
REC00002062,INS00002062,USR003043,MINDGUARD,maintain_monitoring,Continue routine monitoring.,low,2026-05-22T03:00:20
REC00002063,INS00002063,USR003046,MINDGUARD,review_sleep,Review recent sleep context and repeat monitoring when convenient.,medium,2026-07-26T14:00:20
REC00002064,INS00002064,USR003049,MINDGUARD,repeat_assessment,Repeat the assessment later to add another observation.,low,2026-07-05T20:00:20
REC00002065,INS00002065,USR003050,MINDGUARD,review_sleep,Review recent sleep context and repeat monitoring when convenient.,medium,2026-08-13T15:00:20
REC00002066,INS00002066,USR003050,HEALTH_RESERVE,review_preparedness_goal,Review the preparedness goal and current buffer.,medium,2026-09-14T12:00:20
REC00002067,INS00002067,USR003053,MINDGUARD,repeat_assessment,Repeat the assessment later to add another observation.,low,2026-07-30T00:00:20
REC00002068,INS00002068,USR003054,MINDGUARD,repeat_assessment,Repeat the assessment later to add another observation.,medium,2026-03-20T12:00:20
REC00002069,INS00002069,USR003054,HEALTH_RESERVE,review_preparedness_goal,Review the preparedness goal and current buffer.,low,2026-02-05T12:00:20
REC00002070,INS00002070,USR003055,MINDGUARD,repeat_assessment,Repeat the assessment later to add another observation.,medium,2026-07-17T11:00:20
REC00002071,INS00002071,USR003057,MINDGUARD,repeat_assessment,Repeat the assessment later to add another observation.,medium,2026-02-04T15:00:20
REC00002072,INS00002072,USR003058,HEALTH_RESERVE,review_preparedness_goal,Review the preparedness goal and current buffer.,medium,2026-04-15T09:00:20
REC00002073,INS00002073,USR003062,MINDGUARD,wellbeing_checkin,Complete a wellbeing check-in to add context.,low,2026-09-14T12:00:20
REC00002074,INS00002074,USR003064,MINDGUARD,repeat_assessment,Repeat the assessment later to add another observation.,medium,2026-09-14T12:00:20
REC00002075,INS00002075,USR003065,MINDGUARD,repeat_assessment,Repeat the assessment later to add another observation.,low,2026-03-06T16:00:20
REC00002076,INS00002076,USR003075,MINDGUARD,wellbeing_checkin,Complete a wellbeing check-in to add context.,low,2026-07-21T22:00:20
REC00002077,INS00002077,USR003077,MINDGUARD,maintain_monitoring,Continue routine monitoring.,low,2026-09-14T12:00:20
REC00002078,INS00002078,USR003078,MINDGUARD,repeat_assessment,Repeat the assessment later to add another observation.,medium,2026-05-11T18:00:20
REC00002079,INS00002079,USR003079,MINDGUARD,maintain_monitoring,Continue routine monitoring.,low,2026-06-02T10:00:20
REC00002080,INS00002080,USR003080,MINDGUARD,repeat_assessment,Repeat the assessment later to add another observation.,medium,2026-05-20T19:00:20
REC00002081,INS00002081,USR003081,MINDGUARD,maintain_monitoring,Continue routine monitoring.,medium,2026-05-21T11:00:20
REC00002082,INS00002082,USR003082,MINDGUARD,maintain_monitoring,Continue routine monitoring.,medium,2026-04-21T10:00:20
REC00002083,INS00002083,USR003083,MINDGUARD,repeat_assessment,Repeat the assessment later to add another observation.,medium,2026-07-22T02:00:20
REC00002084,INS00002084,USR003084,MINDGUARD,maintain_monitoring,Continue routine monitoring.,low,2026-09-14T12:00:20
REC00002085,INS00002085,USR003085,MINDGUARD,maintain_monitoring,Continue routine monitoring.,low,2026-06-29T15:00:20
REC00002086,INS00002086,USR003086,HEALTH_RESERVE,review_preparedness_goal,Review the preparedness goal and current buffer.,low,2026-04-25T01:00:20
REC00002087,INS00002087,USR003087,HEALTH_RESERVE,review_preparedness_goal,Review the preparedness goal and current buffer.,low,2026-03-14T21:00:20
REC00002088,INS00002088,USR003088,MINDGUARD,maintain_monitoring,Continue routine monitoring.,medium,2026-07-05T07:00:20
REC00002089,INS00002089,USR003090,MINDGUARD,wellbeing_checkin,Complete a wellbeing check-in to add context.,medium,2026-07-12T23:00:20
REC00002090,INS00002090,USR003092,HEALTH_RESERVE,review_preparedness_goal,Review the preparedness goal and current buffer.,medium,2026-06-01T00:00:20
REC00002091,INS00002091,USR003093,HEALTH_RESERVE,review_preparedness_goal,Review the preparedness goal and current buffer.,low,2026-05-27T16:00:20
REC00002092,INS00002092,USR003095,MINDGUARD,repeat_assessment,Repeat the assessment later to add another observation.,low,2026-03-12T16:00:20
REC00002093,INS00002093,USR003096,MINDGUARD,maintain_monitoring,Continue routine monitoring.,low,2026-07-12T19:00:20
REC00002094,INS00002094,USR003097,MINDGUARD,maintain_monitoring,Continue routine monitoring.,medium,2026-09-03T04:00:20
REC00002095,INS00002095,USR003098,MINDGUARD,repeat_assessment,Repeat the assessment later to add another observation.,low,2026-02-08T00:00:20
REC00002096,INS00002096,USR003100,HEALTH_RESERVE,review_preparedness_goal,Review the preparedness goal and current buffer.,medium,2026-05-12T06:00:20
REC00002097,INS00002097,USR003101,MINDGUARD,maintain_monitoring,Continue routine monitoring.,low,2026-08-06T02:00:20
REC00002098,INS00002098,USR003104,MINDGUARD,repeat_assessment,Repeat the assessment later to add another observation.,low,2026-04-08T23:00:20
REC00002099,INS00002099,USR003105,MINDGUARD,maintain_monitoring,Continue routine monitoring.,low,2026-07-21T00:00:20
REC00002100,INS00002100,USR003105,HEALTH_RESERVE,review_preparedness_goal,Review the preparedness goal and current buffer.,medium,2026-05-16T21:00:20
REC00002101,INS00002101,USR003107,MINDGUARD,repeat_assessment,Repeat the assessment later to add another observation.,medium,2026-06-03T04:00:20
REC00002102,INS00002102,USR003109,HEALTH_RESERVE,review_preparedness_goal,Review the preparedness goal and current buffer.,low,2026-09-14T12:00:20
REC00002103,INS00002103,USR003110,MINDGUARD,repeat_assessment,Repeat the assessment later to add another observation.,low,2026-09-14T12:00:20
REC00002104,INS00002104,USR003113,MINDGUARD,repeat_assessment,Repeat the assessment later to add another observation.,low,2026-03-13T15:00:20
REC00002105,INS00002105,USR003113,HEALTH_RESERVE,review_preparedness_goal,Review the preparedness goal and current buffer.,low,2026-02-12T11:00:20
REC00002106,INS00002106,USR003114,HEALTH_RESERVE,review_preparedness_goal,Review the preparedness goal and current buffer.,low,2026-09-14T12:00:20
REC00002107,INS00002107,USR003117,MINDGUARD,repeat_assessment,Repeat the assessment later to add another observation.,low,2026-02-28T15:00:20
REC00002108,INS00002108,USR003118,MINDGUARD,repeat_assessment,Repeat the assessment later to add another observation.,low,2026-04-16T05:00:20
REC00002109,INS00002109,USR003120,MINDGUARD,repeat_assessment,Repeat the assessment later to add another observation.,medium,2026-04-04T11:00:20
REC00002110,INS00002110,USR003121,MINDGUARD,repeat_assessment,Repeat the assessment later to add another observation.,medium,2026-01-07T02:00:20
REC00002111,INS00002111,USR003121,HEALTH_RESERVE,review_preparedness_goal,Review the preparedness goal and current buffer.,low,2026-05-23T03:00:20
REC00002112,INS00002112,USR003122,MINDGUARD,repeat_assessment,Repeat the assessment later to add another observation.,low,2026-08-11T07:00:20
REC00002113,INS00002113,USR003123,MINDGUARD,repeat_assessment,Repeat the assessment later to add another observation.,medium,2026-08-24T09:00:20
REC00002114,INS00002114,USR003123,HEALTH_RESERVE,review_preparedness_goal,Review the preparedness goal and current buffer.,low,2026-09-14T12:00:20
REC00002115,INS00002115,USR003125,MINDGUARD,repeat_assessment,Repeat the assessment later to add another observation.,low,2026-03-26T19:00:20
REC00002116,INS00002116,USR003126,MINDGUARD,repeat_assessment,Repeat the assessment later to add another observation.,low,2026-02-02T03:00:20
REC00002117,INS00002117,USR003127,HEALTH_RESERVE,review_preparedness_goal,Review the preparedness goal and current buffer.,medium,2026-06-17T14:00:20
REC00002118,INS00002118,USR003133,MINDGUARD,repeat_assessment,Repeat the assessment later to add another observation.,low,2026-07-15T22:00:20
REC00002119,INS00002119,USR003135,MINDGUARD,maintain_monitoring,Continue routine monitoring.,medium,2026-08-28T06:00:20
REC00002120,INS00002120,USR003139,MINDGUARD,review_sleep,Review recent sleep context and repeat monitoring when convenient.,low,2026-08-30T23:00:20
REC00002121,INS00002121,USR003140,MINDGUARD,maintain_monitoring,Continue routine monitoring.,low,2026-06-30T17:00:20
REC00002122,INS00002122,USR003141,HEALTH_RESERVE,review_preparedness_goal,Review the preparedness goal and current buffer.,low,2026-05-19T23:00:20
REC00002123,INS00002123,USR003142,MINDGUARD,repeat_assessment,Repeat the assessment later to add another observation.,low,2026-06-23T03:00:20
REC00002124,INS00002124,USR003143,MINDGUARD,review_sleep,Review recent sleep context and repeat monitoring when convenient.,medium,2026-09-14T12:00:20
REC00002125,INS00002125,USR003145,MINDGUARD,maintain_monitoring,Continue routine monitoring.,medium,2026-07-23T09:00:20
REC00002126,INS00002126,USR003146,MINDGUARD,maintain_monitoring,Continue routine monitoring.,medium,2026-05-14T19:00:20
REC00002127,INS00002127,USR003147,MINDGUARD,repeat_assessment,Repeat the assessment later to add another observation.,low,2026-03-14T22:00:20
REC00002128,INS00002128,USR003149,MINDGUARD,repeat_assessment,Repeat the assessment later to add another observation.,low,2026-04-07T19:00:20
REC00002129,INS00002129,USR003151,MINDGUARD,maintain_monitoring,Continue routine monitoring.,medium,2026-02-16T07:00:20
REC00002130,INS00002130,USR003153,HEALTH_RESERVE,review_healthcare_coverage,Review healthcare coverage information.,medium,2026-08-10T12:00:20
REC00002131,INS00002131,USR003154,HEALTH_RESERVE,review_preparedness_goal,Review the preparedness goal and current buffer.,low,2026-06-21T09:00:20
REC00002132,INS00002132,USR003156,MINDGUARD,maintain_monitoring,Continue routine monitoring.,low,2026-08-12T02:00:20
REC00002133,INS00002133,USR003160,MINDGUARD,wellbeing_checkin,Complete a wellbeing check-in to add context.,low,2026-08-04T13:00:20
REC00002134,INS00002134,USR003160,HEALTH_RESERVE,review_preparedness_goal,Review the preparedness goal and current buffer.,low,2026-05-14T12:00:20
REC00002135,INS00002135,USR003162,HEALTH_RESERVE,review_preparedness_goal,Review the preparedness goal and current buffer.,low,2026-06-18T18:00:20
REC00002136,INS00002136,USR003163,HEALTH_RESERVE,review_preparedness_goal,Review the preparedness goal and current buffer.,low,2026-06-10T13:00:20
REC00002137,INS00002137,USR003164,MINDGUARD,maintain_monitoring,Continue routine monitoring.,low,2026-08-15T01:00:20
REC00002138,INS00002138,USR003165,MINDGUARD,repeat_assessment,Repeat the assessment later to add another observation.,medium,2026-05-07T21:00:20
REC00002139,INS00002139,USR003168,MINDGUARD,repeat_assessment,Repeat the assessment later to add another observation.,medium,2026-07-27T06:00:20
REC00002140,INS00002140,USR003169,HEALTH_RESERVE,review_healthcare_coverage,Review healthcare coverage information.,low,2026-05-07T02:00:20
REC00002141,INS00002141,USR003171,MINDGUARD,review_sleep,Review recent sleep context and repeat monitoring when convenient.,low,2026-08-13T23:00:20
REC00002142,INS00002142,USR003172,MINDGUARD,repeat_assessment,Repeat the assessment later to add another observation.,low,2026-08-03T00:00:20
REC00002143,INS00002143,USR003174,MINDGUARD,maintain_monitoring,Continue routine monitoring.,medium,2026-09-10T23:00:20
REC00002144,INS00002144,USR003175,MINDGUARD,repeat_assessment,Repeat the assessment later to add another observation.,medium,2026-04-27T22:00:20
REC00002145,INS00002145,USR003177,MINDGUARD,review_sleep,Review recent sleep context and repeat monitoring when convenient.,medium,2026-09-14T12:00:20
REC00002146,INS00002146,USR003178,MINDGUARD,maintain_monitoring,Continue routine monitoring.,medium,2026-07-03T19:00:20
REC00002147,INS00002147,USR003179,MINDGUARD,maintain_monitoring,Continue routine monitoring.,medium,2026-05-09T22:00:20
REC00002148,INS00002148,USR003180,MINDGUARD,repeat_assessment,Repeat the assessment later to add another observation.,low,2026-04-09T15:00:20
REC00002149,INS00002149,USR003181,MINDGUARD,repeat_assessment,Repeat the assessment later to add another observation.,medium,2026-05-15T15:00:20
REC00002150,INS00002150,USR003182,MINDGUARD,repeat_assessment,Repeat the assessment later to add another observation.,medium,2026-05-01T18:00:20
REC00002151,INS00002151,USR003184,HEALTH_RESERVE,review_preparedness_goal,Review the preparedness goal and current buffer.,low,2026-04-12T23:00:20
REC00002152,INS00002152,USR003185,MINDGUARD,maintain_monitoring,Continue routine monitoring.,medium,2026-04-09T02:00:20
REC00002153,INS00002153,USR003186,HEALTH_RESERVE,review_preparedness_goal,Review the preparedness goal and current buffer.,medium,2026-09-14T12:00:20
REC00002154,INS00002154,USR003187,HEALTH_RESERVE,review_preparedness_goal,Review the preparedness goal and current buffer.,low,2026-02-08T16:00:20
REC00002155,INS00002155,USR003188,MINDGUARD,repeat_assessment,Repeat the assessment later to add another observation.,low,2026-02-08T02:00:20
REC00002156,INS00002156,USR003190,HEALTH_RESERVE,review_preparedness_goal,Review the preparedness goal and current buffer.,low,2026-07-02T20:00:20
REC00002157,INS00002157,USR003191,MINDGUARD,repeat_assessment,Repeat the assessment later to add another observation.,low,2026-05-25T10:00:20
REC00002158,INS00002158,USR003194,HEALTH_RESERVE,review_preparedness_goal,Review the preparedness goal and current buffer.,medium,2026-02-17T09:00:20
REC00002159,INS00002159,USR003195,MINDGUARD,repeat_assessment,Repeat the assessment later to add another observation.,medium,2026-05-11T18:00:20
REC00002160,INS00002160,USR003196,MINDGUARD,wellbeing_checkin,Complete a wellbeing check-in to add context.,low,2026-08-19T16:00:20
REC00002161,INS00002161,USR003197,MINDGUARD,repeat_assessment,Repeat the assessment later to add another observation.,low,2025-12-31T13:00:20
REC00002162,INS00002162,USR003198,HEALTH_RESERVE,review_preparedness_goal,Review the preparedness goal and current buffer.,low,2026-07-06T08:00:20
REC00002163,INS00002163,USR003200,MINDGUARD,wellbeing_checkin,Complete a wellbeing check-in to add context.,medium,2026-07-21T16:00:20
REC00002164,INS00002164,USR003201,MINDGUARD,review_sleep,Review recent sleep context and repeat monitoring when convenient.,low,2026-07-14T14:00:20
REC00002165,INS00002165,USR003206,MINDGUARD,repeat_assessment,Repeat the assessment later to add another observation.,low,2026-02-06T05:00:20
REC00002166,INS00002166,USR003207,MINDGUARD,repeat_assessment,Repeat the assessment later to add another observation.,medium,2026-03-02T11:00:20
REC00002167,INS00002167,USR003211,MINDGUARD,repeat_assessment,Repeat the assessment later to add another observation.,low,2026-07-20T04:00:20
REC00002168,INS00002168,USR003212,HEALTH_RESERVE,review_preparedness_goal,Review the preparedness goal and current buffer.,medium,2026-07-19T12:00:20
REC00002169,INS00002169,USR003213,MINDGUARD,repeat_assessment,Repeat the assessment later to add another observation.,low,2026-06-11T21:00:20
REC00002170,INS00002170,USR003213,HEALTH_RESERVE,review_preparedness_goal,Review the preparedness goal and current buffer.,medium,2026-06-01T17:00:20
REC00002171,INS00002171,USR003214,MINDGUARD,repeat_assessment,Repeat the assessment later to add another observation.,medium,2026-05-10T13:00:20
REC00002172,INS00002172,USR003215,MINDGUARD,repeat_assessment,Repeat the assessment later to add another observation.,medium,2026-06-17T05:00:20
REC00002173,INS00002173,USR003216,MINDGUARD,repeat_assessment,Repeat the assessment later to add another observation.,low,2026-05-11T01:00:20
REC00002174,INS00002174,USR003217,MINDGUARD,repeat_assessment,Repeat the assessment later to add another observation.,medium,2026-03-07T18:00:20
REC00002175,INS00002175,USR003218,MINDGUARD,maintain_monitoring,Continue routine monitoring.,medium,2026-07-07T04:00:20
REC00002176,INS00002176,USR003219,MINDGUARD,maintain_monitoring,Continue routine monitoring.,medium,2026-07-24T08:00:20
REC00002177,INS00002177,USR003221,MINDGUARD,wellbeing_checkin,Complete a wellbeing check-in to add context.,low,2026-06-28T16:00:20
REC00002178,INS00002178,USR003222,HEALTH_RESERVE,review_preparedness_goal,Review the preparedness goal and current buffer.,medium,2026-04-10T21:00:20
REC00002179,INS00002179,USR003223,MINDGUARD,wellbeing_checkin,Complete a wellbeing check-in to add context.,medium,2026-05-27T09:00:20
REC00002180,INS00002180,USR003225,MINDGUARD,repeat_assessment,Repeat the assessment later to add another observation.,medium,2026-03-15T18:00:20
REC00002181,INS00002181,USR003226,HEALTH_RESERVE,review_preparedness_goal,Review the preparedness goal and current buffer.,medium,2026-03-11T08:00:20
REC00002182,INS00002182,USR003227,MINDGUARD,maintain_monitoring,Continue routine monitoring.,medium,2026-08-25T15:00:20
REC00002183,INS00002183,USR003230,MINDGUARD,repeat_assessment,Repeat the assessment later to add another observation.,low,2026-04-30T07:00:20
REC00002184,INS00002184,USR003231,MINDGUARD,repeat_assessment,Repeat the assessment later to add another observation.,medium,2026-05-03T13:00:20
REC00002185,INS00002185,USR003232,MINDGUARD,maintain_monitoring,Continue routine monitoring.,low,2026-06-21T00:00:20
REC00002186,INS00002186,USR003233,HEALTH_RESERVE,review_preparedness_goal,Review the preparedness goal and current buffer.,medium,2026-07-10T01:00:20
REC00002187,INS00002187,USR003234,HEALTH_RESERVE,review_preparedness_goal,Review the preparedness goal and current buffer.,low,2026-04-27T06:00:20
REC00002188,INS00002188,USR003239,MINDGUARD,repeat_assessment,Repeat the assessment later to add another observation.,medium,2026-07-16T09:00:20
REC00002189,INS00002189,USR003240,MINDGUARD,maintain_monitoring,Continue routine monitoring.,medium,2026-09-08T08:00:20
REC00002190,INS00002190,USR003241,MINDGUARD,repeat_assessment,Repeat the assessment later to add another observation.,low,2026-05-12T15:00:20
REC00002191,INS00002191,USR003242,MINDGUARD,repeat_assessment,Repeat the assessment later to add another observation.,low,2026-02-11T06:00:20
REC00002192,INS00002192,USR003242,HEALTH_RESERVE,review_preparedness_goal,Review the preparedness goal and current buffer.,medium,2026-08-09T22:00:20
REC00002193,INS00002193,USR003243,HEALTH_RESERVE,review_preparedness_goal,Review the preparedness goal and current buffer.,low,2026-03-27T10:00:20
REC00002194,INS00002194,USR003244,MINDGUARD,repeat_assessment,Repeat the assessment later to add another observation.,low,2026-05-30T12:00:20
REC00002195,INS00002195,USR003245,MINDGUARD,repeat_assessment,Repeat the assessment later to add another observation.,medium,2026-02-23T11:00:20
REC00002196,INS00002196,USR003246,MINDGUARD,repeat_assessment,Repeat the assessment later to add another observation.,low,2026-02-27T16:00:20
REC00002197,INS00002197,USR003248,HEALTH_RESERVE,review_preparedness_goal,Review the preparedness goal and current buffer.,medium,2026-02-15T12:00:20
REC00002198,INS00002198,USR003251,HEALTH_RESERVE,review_preparedness_goal,Review the preparedness goal and current buffer.,medium,2026-03-04T17:00:20
REC00002199,INS00002199,USR003252,MINDGUARD,repeat_assessment,Repeat the assessment later to add another observation.,low,2026-04-17T04:00:20
REC00002200,INS00002200,USR003253,MINDGUARD,maintain_monitoring,Continue routine monitoring.,low,2026-08-28T17:00:20
REC00002201,INS00002201,USR003254,MINDGUARD,maintain_monitoring,Continue routine monitoring.,medium,2026-06-16T21:00:20
REC00002202,INS00002202,USR003255,MINDGUARD,repeat_assessment,Repeat the assessment later to add another observation.,medium,2026-05-04T08:00:20
REC00002203,INS00002203,USR003258,MINDGUARD,review_sleep,Review recent sleep context and repeat monitoring when convenient.,medium,2026-04-26T07:00:20
REC00002204,INS00002204,USR003260,MINDGUARD,maintain_monitoring,Continue routine monitoring.,medium,2026-07-11T14:00:20
REC00002205,INS00002205,USR003261,MINDGUARD,repeat_assessment,Repeat the assessment later to add another observation.,medium,2026-07-02T10:00:20
REC00002206,INS00002206,USR003263,MINDGUARD,wellbeing_checkin,Complete a wellbeing check-in to add context.,low,2026-06-14T01:00:20
REC00002207,INS00002207,USR003264,MINDGUARD,repeat_assessment,Repeat the assessment later to add another observation.,medium,2026-04-20T02:00:20
REC00002208,INS00002208,USR003265,MINDGUARD,repeat_assessment,Repeat the assessment later to add another observation.,low,2026-08-28T23:00:20
REC00002209,INS00002209,USR003265,HEALTH_RESERVE,review_preparedness_goal,Review the preparedness goal and current buffer.,medium,2026-06-01T23:00:20
REC00002210,INS00002210,USR003267,MINDGUARD,maintain_monitoring,Continue routine monitoring.,low,2026-08-30T00:00:20
REC00002211,INS00002211,USR003268,MINDGUARD,repeat_assessment,Repeat the assessment later to add another observation.,low,2026-01-13T17:00:20
REC00002212,INS00002212,USR003269,HEALTH_RESERVE,review_preparedness_goal,Review the preparedness goal and current buffer.,low,2026-07-27T23:00:20
REC00002213,INS00002213,USR003270,MINDGUARD,repeat_assessment,Repeat the assessment later to add another observation.,medium,2026-03-24T07:00:20
REC00002214,INS00002214,USR003271,MINDGUARD,repeat_assessment,Repeat the assessment later to add another observation.,medium,2026-03-20T07:00:20
REC00002215,INS00002215,USR003273,MINDGUARD,maintain_monitoring,Continue routine monitoring.,low,2026-09-14T12:00:20
REC00002216,INS00002216,USR003274,MINDGUARD,repeat_assessment,Repeat the assessment later to add another observation.,medium,2026-05-29T16:00:20
REC00002217,INS00002217,USR003275,HEALTH_RESERVE,review_preparedness_goal,Review the preparedness goal and current buffer.,low,2026-01-28T08:00:20
REC00002218,INS00002218,USR003277,MINDGUARD,repeat_assessment,Repeat the assessment later to add another observation.,low,2026-02-28T06:00:20
REC00002219,INS00002219,USR003278,MINDGUARD,maintain_monitoring,Continue routine monitoring.,medium,2026-09-14T12:00:20
REC00002220,INS00002220,USR003278,HEALTH_RESERVE,review_healthcare_coverage,Review healthcare coverage information.,low,2026-05-12T12:00:20
REC00002221,INS00002221,USR003280,HEALTH_RESERVE,review_preparedness_goal,Review the preparedness goal and current buffer.,medium,2026-08-21T21:00:20
REC00002222,INS00002222,USR003283,MINDGUARD,repeat_assessment,Repeat the assessment later to add another observation.,low,2026-04-13T17:00:20
REC00002223,INS00002223,USR003284,HEALTH_RESERVE,review_healthcare_coverage,Review healthcare coverage information.,medium,2026-07-24T18:00:20
REC00002224,INS00002224,USR003287,HEALTH_RESERVE,review_healthcare_coverage,Review healthcare coverage information.,medium,2026-03-21T13:00:20
REC00002225,INS00002225,USR003288,MINDGUARD,maintain_monitoring,Continue routine monitoring.,low,2026-04-15T09:00:20
REC00002226,INS00002226,USR003289,MINDGUARD,maintain_monitoring,Continue routine monitoring.,low,2026-09-06T20:00:20
REC00002227,INS00002227,USR003290,MINDGUARD,wellbeing_checkin,Complete a wellbeing check-in to add context.,low,2026-06-19T10:00:20
REC00002228,INS00002228,USR003291,MINDGUARD,repeat_assessment,Repeat the assessment later to add another observation.,medium,2026-05-28T18:00:20
REC00002229,INS00002229,USR003293,HEALTH_RESERVE,review_preparedness_goal,Review the preparedness goal and current buffer.,medium,2026-03-07T11:00:20
REC00002230,INS00002230,USR003294,HEALTH_RESERVE,review_healthcare_coverage,Review healthcare coverage information.,low,2026-07-17T13:00:20
REC00002231,INS00002231,USR003295,MINDGUARD,repeat_assessment,Repeat the assessment later to add another observation.,low,2026-09-14T12:00:20
REC00002232,INS00002232,USR003298,MINDGUARD,repeat_assessment,Repeat the assessment later to add another observation.,medium,2026-07-21T03:00:20
REC00002233,INS00002233,USR003299,HEALTH_RESERVE,review_preparedness_goal,Review the preparedness goal and current buffer.,medium,2026-04-15T14:00:20
REC00002234,INS00002234,USR003300,MINDGUARD,maintain_monitoring,Continue routine monitoring.,medium,2026-09-14T12:00:20
REC00002235,INS00002235,USR003301,MINDGUARD,maintain_monitoring,Continue routine monitoring.,low,2026-03-15T10:00:20
REC00002236,INS00002236,USR003304,MINDGUARD,maintain_monitoring,Continue routine monitoring.,medium,2026-09-08T00:00:20
REC00002237,INS00002237,USR003304,HEALTH_RESERVE,review_healthcare_coverage,Review healthcare coverage information.,low,2026-08-08T21:00:20
REC00002238,INS00002238,USR003306,MINDGUARD,repeat_assessment,Repeat the assessment later to add another observation.,medium,2026-08-06T18:00:20
REC00002239,INS00002239,USR003307,MINDGUARD,repeat_assessment,Repeat the assessment later to add another observation.,medium,2026-09-14T12:00:20
REC00002240,INS00002240,USR003308,HEALTH_RESERVE,review_preparedness_goal,Review the preparedness goal and current buffer.,medium,2026-09-14T12:00:20
REC00002241,INS00002241,USR003310,MINDGUARD,repeat_assessment,Repeat the assessment later to add another observation.,medium,2026-07-17T19:00:20
REC00002242,INS00002242,USR003312,MINDGUARD,maintain_monitoring,Continue routine monitoring.,low,2026-07-12T09:00:20
REC00002243,INS00002243,USR003312,HEALTH_RESERVE,review_preparedness_goal,Review the preparedness goal and current buffer.,medium,2026-07-07T09:00:20
REC00002244,INS00002244,USR003314,MINDGUARD,repeat_assessment,Repeat the assessment later to add another observation.,low,2026-05-15T10:00:20
REC00002245,INS00002245,USR003315,MINDGUARD,repeat_assessment,Repeat the assessment later to add another observation.,medium,2026-09-02T16:00:20
REC00002246,INS00002246,USR003316,MINDGUARD,repeat_assessment,Repeat the assessment later to add another observation.,medium,2026-07-26T23:00:20
REC00002247,INS00002247,USR003316,HEALTH_RESERVE,review_preparedness_goal,Review the preparedness goal and current buffer.,low,2026-05-22T18:00:20
REC00002248,INS00002248,USR003317,MINDGUARD,repeat_assessment,Repeat the assessment later to add another observation.,low,2026-09-14T12:00:20
REC00002249,INS00002249,USR003321,MINDGUARD,repeat_assessment,Repeat the assessment later to add another observation.,medium,2026-03-11T06:00:20
REC00002250,INS00002250,USR003322,HEALTH_RESERVE,review_preparedness_goal,Review the preparedness goal and current buffer.,medium,2026-02-22T10:00:20
REC00002251,INS00002251,USR003327,MINDGUARD,repeat_assessment,Repeat the assessment later to add another observation.,medium,2026-07-03T14:00:20
REC00002252,INS00002252,USR003328,MINDGUARD,repeat_assessment,Repeat the assessment later to add another observation.,low,2026-02-02T13:00:20
REC00002253,INS00002253,USR003329,HEALTH_RESERVE,review_preparedness_goal,Review the preparedness goal and current buffer.,medium,2026-09-14T12:00:20
REC00002254,INS00002254,USR003330,MINDGUARD,repeat_assessment,Repeat the assessment later to add another observation.,low,2026-04-21T05:00:20
REC00002255,INS00002255,USR003331,MINDGUARD,repeat_assessment,Repeat the assessment later to add another observation.,low,2026-08-24T06:00:20
REC00002256,INS00002256,USR003332,MINDGUARD,maintain_monitoring,Continue routine monitoring.,low,2026-06-29T14:00:20
REC00002257,INS00002257,USR003334,MINDGUARD,repeat_assessment,Repeat the assessment later to add another observation.,medium,2026-04-25T03:00:20
REC00002258,INS00002258,USR003337,MINDGUARD,repeat_assessment,Repeat the assessment later to add another observation.,medium,2026-04-17T02:00:20
REC00002259,INS00002259,USR003338,HEALTH_RESERVE,review_preparedness_goal,Review the preparedness goal and current buffer.,low,2026-09-14T12:00:20
REC00002260,INS00002260,USR003339,MINDGUARD,review_sleep,Review recent sleep context and repeat monitoring when convenient.,low,2026-09-07T23:00:20
REC00002261,INS00002261,USR003340,MINDGUARD,maintain_monitoring,Continue routine monitoring.,medium,2026-07-28T00:00:20
REC00002262,INS00002262,USR003341,HEALTH_RESERVE,review_healthcare_coverage,Review healthcare coverage information.,medium,2026-09-14T12:00:20
REC00002263,INS00002263,USR003342,MINDGUARD,wellbeing_checkin,Complete a wellbeing check-in to add context.,medium,2026-08-21T08:00:20
REC00002264,INS00002264,USR003346,MINDGUARD,maintain_monitoring,Continue routine monitoring.,medium,2026-09-14T12:00:20
REC00002265,INS00002265,USR003348,HEALTH_RESERVE,review_preparedness_goal,Review the preparedness goal and current buffer.,low,2026-04-10T22:00:20
REC00002266,INS00002266,USR003349,MINDGUARD,maintain_monitoring,Continue routine monitoring.,low,2026-06-17T06:00:20
REC00002267,INS00002267,USR003352,MINDGUARD,maintain_monitoring,Continue routine monitoring.,low,2026-08-21T07:00:20
REC00002268,INS00002268,USR003352,HEALTH_RESERVE,review_preparedness_goal,Review the preparedness goal and current buffer.,low,2026-07-02T09:00:20
REC00002269,INS00002269,USR003353,MINDGUARD,repeat_assessment,Repeat the assessment later to add another observation.,low,2026-07-18T20:00:20
REC00002270,INS00002270,USR003355,MINDGUARD,wellbeing_checkin,Complete a wellbeing check-in to add context.,low,2026-07-05T19:00:20
REC00002271,INS00002271,USR003357,HEALTH_RESERVE,review_preparedness_goal,Review the preparedness goal and current buffer.,low,2026-06-13T21:00:20
REC00002272,INS00002272,USR003360,HEALTH_RESERVE,review_preparedness_goal,Review the preparedness goal and current buffer.,medium,2026-06-13T20:00:20
REC00002273,INS00002273,USR003363,MINDGUARD,repeat_assessment,Repeat the assessment later to add another observation.,medium,2026-08-20T00:00:20
REC00002274,INS00002274,USR003367,MINDGUARD,repeat_assessment,Repeat the assessment later to add another observation.,low,2026-03-31T13:00:20
REC00002275,INS00002275,USR003368,MINDGUARD,review_sleep,Review recent sleep context and repeat monitoring when convenient.,low,2026-02-10T00:00:20
REC00002276,INS00002276,USR003370,MINDGUARD,repeat_assessment,Repeat the assessment later to add another observation.,low,2026-03-22T04:00:20
REC00002277,INS00002277,USR003372,MINDGUARD,repeat_assessment,Repeat the assessment later to add another observation.,medium,2026-05-04T05:00:20
REC00002278,INS00002278,USR003372,HEALTH_RESERVE,review_preparedness_goal,Review the preparedness goal and current buffer.,low,2026-04-27T02:00:20
REC00002279,INS00002279,USR003374,MINDGUARD,wellbeing_checkin,Complete a wellbeing check-in to add context.,medium,2026-07-28T12:00:20
REC00002280,INS00002280,USR003376,HEALTH_RESERVE,review_healthcare_coverage,Review healthcare coverage information.,medium,2026-06-19T22:00:20
REC00002281,INS00002281,USR003378,MINDGUARD,maintain_monitoring,Continue routine monitoring.,medium,2026-04-28T04:00:20
REC00002282,INS00002282,USR003380,MINDGUARD,maintain_monitoring,Continue routine monitoring.,medium,2026-06-20T23:00:20
REC00002283,INS00002283,USR003381,MINDGUARD,maintain_monitoring,Continue routine monitoring.,medium,2026-09-14T12:00:20
REC00002284,INS00002284,USR003383,MINDGUARD,maintain_monitoring,Continue routine monitoring.,low,2026-06-14T07:00:20
REC00002285,INS00002285,USR003383,HEALTH_RESERVE,review_healthcare_coverage,Review healthcare coverage information.,low,2026-06-21T12:00:20
REC00002286,INS00002286,USR003386,MINDGUARD,repeat_assessment,Repeat the assessment later to add another observation.,low,2026-04-28T01:00:20
REC00002287,INS00002287,USR003388,HEALTH_RESERVE,review_preparedness_goal,Review the preparedness goal and current buffer.,low,2026-07-22T01:00:20
REC00002288,INS00002288,USR003392,MINDGUARD,repeat_assessment,Repeat the assessment later to add another observation.,medium,2026-02-24T13:00:20
REC00002289,INS00002289,USR003394,MINDGUARD,maintain_monitoring,Continue routine monitoring.,medium,2026-07-15T04:00:20
REC00002290,INS00002290,USR003398,HEALTH_RESERVE,review_preparedness_goal,Review the preparedness goal and current buffer.,low,2026-04-23T03:00:20
REC00002291,INS00002291,USR003399,HEALTH_RESERVE,review_preparedness_goal,Review the preparedness goal and current buffer.,low,2026-08-13T17:00:20
REC00002292,INS00002292,USR003401,MINDGUARD,repeat_assessment,Repeat the assessment later to add another observation.,low,2026-02-07T20:00:20
REC00002293,INS00002293,USR003402,HEALTH_RESERVE,review_preparedness_goal,Review the preparedness goal and current buffer.,low,2026-08-19T11:00:20
REC00002294,INS00002294,USR003403,HEALTH_RESERVE,review_preparedness_goal,Review the preparedness goal and current buffer.,medium,2026-06-21T15:00:20
REC00002295,INS00002295,USR003406,MINDGUARD,repeat_assessment,Repeat the assessment later to add another observation.,low,2026-04-21T02:00:20
REC00002296,INS00002296,USR003408,MINDGUARD,wellbeing_checkin,Complete a wellbeing check-in to add context.,medium,2026-09-13T07:00:20
REC00002297,INS00002297,USR003409,MINDGUARD,repeat_assessment,Repeat the assessment later to add another observation.,medium,2026-01-11T00:00:20
REC00002298,INS00002298,USR003410,HEALTH_RESERVE,review_preparedness_goal,Review the preparedness goal and current buffer.,low,2026-05-31T12:00:20
REC00002299,INS00002299,USR003411,MINDGUARD,maintain_monitoring,Continue routine monitoring.,low,2026-06-11T11:00:20
REC00002300,INS00002300,USR003412,MINDGUARD,maintain_monitoring,Continue routine monitoring.,medium,2026-04-05T05:00:20
REC00002301,INS00002301,USR003413,HEALTH_RESERVE,review_healthcare_coverage,Review healthcare coverage information.,medium,2026-09-02T03:00:20
REC00002302,INS00002302,USR003415,MINDGUARD,repeat_assessment,Repeat the assessment later to add another observation.,medium,2026-09-14T12:00:20
REC00002303,INS00002303,USR003417,MINDGUARD,maintain_monitoring,Continue routine monitoring.,low,2026-05-29T02:00:20
REC00002304,INS00002304,USR003418,HEALTH_RESERVE,review_preparedness_goal,Review the preparedness goal and current buffer.,low,2026-02-02T03:00:20
REC00002305,INS00002305,USR003419,MINDGUARD,review_sleep,Review recent sleep context and repeat monitoring when convenient.,low,2026-06-11T10:00:20
REC00002306,INS00002306,USR003422,MINDGUARD,repeat_assessment,Repeat the assessment later to add another observation.,low,2026-05-13T10:00:20
REC00002307,INS00002307,USR003423,MINDGUARD,maintain_monitoring,Continue routine monitoring.,medium,2026-07-08T05:00:20
REC00002308,INS00002308,USR003425,HEALTH_RESERVE,review_preparedness_goal,Review the preparedness goal and current buffer.,low,2026-07-29T21:00:20
REC00002309,INS00002309,USR003426,HEALTH_RESERVE,review_preparedness_goal,Review the preparedness goal and current buffer.,low,2026-05-31T16:00:20
REC00002310,INS00002310,USR003430,HEALTH_RESERVE,review_preparedness_goal,Review the preparedness goal and current buffer.,low,2026-02-27T14:00:20
REC00002311,INS00002311,USR003431,MINDGUARD,wellbeing_checkin,Complete a wellbeing check-in to add context.,low,2026-06-09T21:00:20
REC00002312,INS00002312,USR003437,MINDGUARD,repeat_assessment,Repeat the assessment later to add another observation.,low,2026-02-22T06:00:20
REC00002313,INS00002313,USR003437,HEALTH_RESERVE,review_preparedness_goal,Review the preparedness goal and current buffer.,low,2026-03-10T01:00:20
REC00002314,INS00002314,USR003438,MINDGUARD,repeat_assessment,Repeat the assessment later to add another observation.,medium,2026-04-09T13:00:20
REC00002315,INS00002315,USR003440,HEALTH_RESERVE,review_healthcare_coverage,Review healthcare coverage information.,low,2026-07-05T16:00:20
REC00002316,INS00002316,USR003442,HEALTH_RESERVE,review_preparedness_goal,Review the preparedness goal and current buffer.,medium,2026-02-18T11:00:20
REC00002317,INS00002317,USR003446,HEALTH_RESERVE,review_preparedness_goal,Review the preparedness goal and current buffer.,low,2026-02-06T01:00:20
REC00002318,INS00002318,USR003447,MINDGUARD,wellbeing_checkin,Complete a wellbeing check-in to add context.,low,2026-04-30T03:00:20
REC00002319,INS00002319,USR003448,HEALTH_RESERVE,review_preparedness_goal,Review the preparedness goal and current buffer.,medium,2026-05-17T09:00:20
REC00002320,INS00002320,USR003449,HEALTH_RESERVE,review_healthcare_coverage,Review healthcare coverage information.,low,2026-08-06T13:00:20
REC00002321,INS00002321,USR003451,HEALTH_RESERVE,review_preparedness_goal,Review the preparedness goal and current buffer.,medium,2026-05-17T02:00:20
REC00002322,INS00002322,USR003454,HEALTH_RESERVE,review_preparedness_goal,Review the preparedness goal and current buffer.,low,2026-04-06T08:00:20
REC00002323,INS00002323,USR003456,MINDGUARD,repeat_assessment,Repeat the assessment later to add another observation.,low,2026-04-11T05:00:20
REC00002324,INS00002324,USR003459,MINDGUARD,maintain_monitoring,Continue routine monitoring.,medium,2026-09-14T12:00:20
REC00002325,INS00002325,USR003463,MINDGUARD,wellbeing_checkin,Complete a wellbeing check-in to add context.,medium,2026-07-24T20:00:20
REC00002326,INS00002326,USR003464,HEALTH_RESERVE,review_preparedness_goal,Review the preparedness goal and current buffer.,medium,2026-04-08T16:00:20
REC00002327,INS00002327,USR003467,MINDGUARD,repeat_assessment,Repeat the assessment later to add another observation.,medium,2026-03-05T13:00:20
REC00002328,INS00002328,USR003467,HEALTH_RESERVE,review_preparedness_goal,Review the preparedness goal and current buffer.,medium,2026-02-26T07:00:20
REC00002329,INS00002329,USR003468,HEALTH_RESERVE,review_preparedness_goal,Review the preparedness goal and current buffer.,low,2026-04-12T02:00:20
REC00002330,INS00002330,USR003470,MINDGUARD,repeat_assessment,Repeat the assessment later to add another observation.,low,2026-03-30T10:00:20
REC00002331,INS00002331,USR003471,MINDGUARD,maintain_monitoring,Continue routine monitoring.,low,2026-07-18T17:00:20
REC00002332,INS00002332,USR003472,MINDGUARD,repeat_assessment,Repeat the assessment later to add another observation.,medium,2026-01-20T20:00:20
REC00002333,INS00002333,USR003474,MINDGUARD,maintain_monitoring,Continue routine monitoring.,low,2026-04-22T09:00:20
REC00002334,INS00002334,USR003476,HEALTH_RESERVE,review_preparedness_goal,Review the preparedness goal and current buffer.,medium,2026-04-21T08:00:20
REC00002335,INS00002335,USR003479,HEALTH_RESERVE,review_healthcare_coverage,Review healthcare coverage information.,low,2026-04-21T07:00:20
REC00002336,INS00002336,USR003480,MINDGUARD,repeat_assessment,Repeat the assessment later to add another observation.,low,2026-09-14T12:00:20
REC00002337,INS00002337,USR003482,HEALTH_RESERVE,review_healthcare_coverage,Review healthcare coverage information.,medium,2026-06-20T06:00:20
REC00002338,INS00002338,USR003483,MINDGUARD,repeat_assessment,Repeat the assessment later to add another observation.,medium,2026-04-14T06:00:20
REC00002339,INS00002339,USR003484,HEALTH_RESERVE,review_preparedness_goal,Review the preparedness goal and current buffer.,low,2026-05-17T07:00:20
REC00002340,INS00002340,USR003485,HEALTH_RESERVE,review_preparedness_goal,Review the preparedness goal and current buffer.,medium,2026-03-03T10:00:20
REC00002341,INS00002341,USR003487,MINDGUARD,maintain_monitoring,Continue routine monitoring.,medium,2026-08-03T13:00:20
REC00002342,INS00002342,USR003487,HEALTH_RESERVE,review_preparedness_goal,Review the preparedness goal and current buffer.,low,2026-03-05T13:00:20
REC00002343,INS00002343,USR003489,HEALTH_RESERVE,review_preparedness_goal,Review the preparedness goal and current buffer.,low,2026-04-15T10:00:20
REC00002344,INS00002344,USR003490,HEALTH_RESERVE,review_preparedness_goal,Review the preparedness goal and current buffer.,medium,2026-04-17T17:00:20
REC00002345,INS00002345,USR003491,MINDGUARD,repeat_assessment,Repeat the assessment later to add another observation.,low,2026-08-20T09:00:20
REC00002346,INS00002346,USR003491,HEALTH_RESERVE,review_preparedness_goal,Review the preparedness goal and current buffer.,low,2026-04-11T17:00:20
REC00002347,INS00002347,USR003492,MINDGUARD,repeat_assessment,Repeat the assessment later to add another observation.,low,2026-05-29T12:00:20
REC00002348,INS00002348,USR003493,MINDGUARD,repeat_assessment,Repeat the assessment later to add another observation.,low,2026-08-27T08:00:20
REC00002349,INS00002349,USR003494,MINDGUARD,repeat_assessment,Repeat the assessment later to add another observation.,medium,2026-07-06T10:00:20
REC00002350,INS00002350,USR003496,MINDGUARD,maintain_monitoring,Continue routine monitoring.,medium,2026-04-05T15:00:20
REC00002351,INS00002351,USR003499,MINDGUARD,repeat_assessment,Repeat the assessment later to add another observation.,low,2026-07-24T05:00:20
REC00002352,INS00002352,USR003500,HEALTH_RESERVE,review_preparedness_goal,Review the preparedness goal and current buffer.,medium,2026-04-29T11:00:20
REC00002353,INS00002353,USR003501,HEALTH_RESERVE,review_preparedness_goal,Review the preparedness goal and current buffer.,medium,2026-08-12T20:00:20
REC00002354,INS00002354,USR003502,HEALTH_RESERVE,review_preparedness_goal,Review the preparedness goal and current buffer.,medium,2026-09-14T12:00:20
REC00002355,INS00002355,USR003503,MINDGUARD,maintain_monitoring,Continue routine monitoring.,medium,2026-08-21T15:00:20
REC00002356,INS00002356,USR003504,MINDGUARD,repeat_assessment,Repeat the assessment later to add another observation.,low,2026-04-18T04:00:20
REC00002357,INS00002357,USR003504,HEALTH_RESERVE,review_preparedness_goal,Review the preparedness goal and current buffer.,medium,2026-06-25T10:00:20
REC00002358,INS00002358,USR003506,HEALTH_RESERVE,review_preparedness_goal,Review the preparedness goal and current buffer.,low,2026-07-01T15:00:20
REC00002359,INS00002359,USR003507,MINDGUARD,repeat_assessment,Repeat the assessment later to add another observation.,medium,2026-09-14T12:00:20
REC00002360,INS00002360,USR003508,MINDGUARD,repeat_assessment,Repeat the assessment later to add another observation.,low,2026-03-31T11:00:20
REC00002361,INS00002361,USR003511,MINDGUARD,repeat_assessment,Repeat the assessment later to add another observation.,medium,2026-04-20T20:00:20
REC00002362,INS00002362,USR003513,MINDGUARD,repeat_assessment,Repeat the assessment later to add another observation.,medium,2026-06-24T07:00:20
REC00002363,INS00002363,USR003514,MINDGUARD,maintain_monitoring,Continue routine monitoring.,low,2026-07-28T20:00:20
REC00002364,INS00002364,USR003518,MINDGUARD,maintain_monitoring,Continue routine monitoring.,medium,2026-05-04T00:00:20
REC00002365,INS00002365,USR003519,MINDGUARD,maintain_monitoring,Continue routine monitoring.,low,2026-06-21T19:00:20
REC00002366,INS00002366,USR003519,HEALTH_RESERVE,review_preparedness_goal,Review the preparedness goal and current buffer.,low,2026-09-14T12:00:20
REC00002367,INS00002367,USR003521,MINDGUARD,repeat_assessment,Repeat the assessment later to add another observation.,medium,2026-03-20T00:00:20
REC00002368,INS00002368,USR003523,MINDGUARD,repeat_assessment,Repeat the assessment later to add another observation.,low,2026-01-25T23:00:20
REC00002369,INS00002369,USR003524,MINDGUARD,repeat_assessment,Repeat the assessment later to add another observation.,medium,2026-04-01T06:00:20
REC00002370,INS00002370,USR003526,MINDGUARD,wellbeing_checkin,Complete a wellbeing check-in to add context.,medium,2026-07-28T21:00:20
REC00002371,INS00002371,USR003528,MINDGUARD,repeat_assessment,Repeat the assessment later to add another observation.,low,2026-03-17T21:00:20
REC00002372,INS00002372,USR003529,HEALTH_RESERVE,review_preparedness_goal,Review the preparedness goal and current buffer.,low,2026-03-23T11:00:20
REC00002373,INS00002373,USR003531,HEALTH_RESERVE,review_preparedness_goal,Review the preparedness goal and current buffer.,medium,2026-03-01T15:00:20
REC00002374,INS00002374,USR003532,MINDGUARD,repeat_assessment,Repeat the assessment later to add another observation.,low,2026-05-03T21:00:20
REC00002375,INS00002375,USR003533,MINDGUARD,repeat_assessment,Repeat the assessment later to add another observation.,low,2026-04-23T06:00:20
REC00002376,INS00002376,USR003533,HEALTH_RESERVE,review_preparedness_goal,Review the preparedness goal and current buffer.,low,2026-07-16T12:00:20
REC00002377,INS00002377,USR003535,HEALTH_RESERVE,review_preparedness_goal,Review the preparedness goal and current buffer.,medium,2026-07-28T17:00:20
REC00002378,INS00002378,USR003536,MINDGUARD,repeat_assessment,Repeat the assessment later to add another observation.,medium,2026-08-21T07:00:20
REC00002379,INS00002379,USR003541,MINDGUARD,maintain_monitoring,Continue routine monitoring.,medium,2026-09-14T12:00:20
REC00002380,INS00002380,USR003541,HEALTH_RESERVE,review_preparedness_goal,Review the preparedness goal and current buffer.,low,2026-06-16T12:00:20
REC00002381,INS00002381,USR003542,MINDGUARD,repeat_assessment,Repeat the assessment later to add another observation.,low,2026-06-24T06:00:20
REC00002382,INS00002382,USR003543,MINDGUARD,maintain_monitoring,Continue routine monitoring.,medium,2026-09-14T12:00:20
REC00002383,INS00002383,USR003544,MINDGUARD,maintain_monitoring,Continue routine monitoring.,medium,2026-08-03T14:00:20
REC00002384,INS00002384,USR003544,HEALTH_RESERVE,review_preparedness_goal,Review the preparedness goal and current buffer.,low,2026-08-11T17:00:20
REC00002385,INS00002385,USR003549,HEALTH_RESERVE,review_preparedness_goal,Review the preparedness goal and current buffer.,low,2026-08-02T20:00:20
REC00002386,INS00002386,USR003550,MINDGUARD,wellbeing_checkin,Complete a wellbeing check-in to add context.,low,2026-08-21T18:00:20
REC00002387,INS00002387,USR003552,MINDGUARD,repeat_assessment,Repeat the assessment later to add another observation.,low,2026-02-10T02:00:20
REC00002388,INS00002388,USR003554,HEALTH_RESERVE,review_healthcare_coverage,Review healthcare coverage information.,medium,2026-05-07T16:00:20
REC00002389,INS00002389,USR003555,MINDGUARD,review_sleep,Review recent sleep context and repeat monitoring when convenient.,medium,2026-09-14T12:00:20
REC00002390,INS00002390,USR003556,HEALTH_RESERVE,review_preparedness_goal,Review the preparedness goal and current buffer.,low,2026-05-05T13:00:20
REC00002391,INS00002391,USR003558,HEALTH_RESERVE,review_preparedness_goal,Review the preparedness goal and current buffer.,low,2026-05-29T14:00:20
REC00002392,INS00002392,USR003559,MINDGUARD,maintain_monitoring,Continue routine monitoring.,medium,2026-05-25T22:00:20
REC00002393,INS00002393,USR003560,HEALTH_RESERVE,review_preparedness_goal,Review the preparedness goal and current buffer.,medium,2026-05-29T05:00:20
REC00002394,INS00002394,USR003561,MINDGUARD,repeat_assessment,Repeat the assessment later to add another observation.,low,2025-12-30T09:00:20
REC00002395,INS00002395,USR003562,HEALTH_RESERVE,review_preparedness_goal,Review the preparedness goal and current buffer.,low,2026-08-01T15:00:20
REC00002396,INS00002396,USR003563,HEALTH_RESERVE,review_preparedness_goal,Review the preparedness goal and current buffer.,medium,2026-09-13T22:00:20
REC00002397,INS00002397,USR003564,MINDGUARD,repeat_assessment,Repeat the assessment later to add another observation.,low,2026-06-07T06:00:20
REC00002398,INS00002398,USR003564,HEALTH_RESERVE,review_preparedness_goal,Review the preparedness goal and current buffer.,low,2026-07-07T08:00:20
REC00002399,INS00002399,USR003567,HEALTH_RESERVE,review_preparedness_goal,Review the preparedness goal and current buffer.,low,2026-04-27T02:00:20
REC00002400,INS00002400,USR003570,MINDGUARD,repeat_assessment,Repeat the assessment later to add another observation.,medium,2026-06-05T08:00:20
REC00002401,INS00002401,USR003572,HEALTH_RESERVE,review_healthcare_coverage,Review healthcare coverage information.,medium,2026-06-16T08:00:20
REC00002402,INS00002402,USR003574,MINDGUARD,maintain_monitoring,Continue routine monitoring.,low,2026-09-03T12:00:20
REC00002403,INS00002403,USR003575,MINDGUARD,wellbeing_checkin,Complete a wellbeing check-in to add context.,medium,2026-09-14T12:00:20
REC00002404,INS00002404,USR003578,MINDGUARD,maintain_monitoring,Continue routine monitoring.,medium,2026-08-22T05:00:20
REC00002405,INS00002405,USR003580,MINDGUARD,maintain_monitoring,Continue routine monitoring.,medium,2026-03-09T12:00:20
REC00002406,INS00002406,USR003580,HEALTH_RESERVE,review_preparedness_goal,Review the preparedness goal and current buffer.,medium,2026-06-01T12:00:20
REC00002407,INS00002407,USR003584,HEALTH_RESERVE,review_preparedness_goal,Review the preparedness goal and current buffer.,low,2026-03-18T19:00:20
REC00002408,INS00002408,USR003587,MINDGUARD,repeat_assessment,Repeat the assessment later to add another observation.,medium,2026-03-24T05:00:20
REC00002409,INS00002409,USR003588,MINDGUARD,maintain_monitoring,Continue routine monitoring.,low,2026-03-24T20:00:20
REC00002410,INS00002410,USR003590,MINDGUARD,repeat_assessment,Repeat the assessment later to add another observation.,medium,2026-07-06T15:00:20
REC00002411,INS00002411,USR003591,MINDGUARD,repeat_assessment,Repeat the assessment later to add another observation.,medium,2026-05-11T06:00:20
REC00002412,INS00002412,USR003591,HEALTH_RESERVE,review_preparedness_goal,Review the preparedness goal and current buffer.,low,2026-07-29T06:00:20
REC00002413,INS00002413,USR003592,MINDGUARD,repeat_assessment,Repeat the assessment later to add another observation.,low,2026-06-18T20:00:20
REC00002414,INS00002414,USR003593,MINDGUARD,maintain_monitoring,Continue routine monitoring.,medium,2026-06-28T18:00:20
REC00002415,INS00002415,USR003596,MINDGUARD,repeat_assessment,Repeat the assessment later to add another observation.,medium,2026-03-27T14:00:20
REC00002416,INS00002416,USR003597,MINDGUARD,wellbeing_checkin,Complete a wellbeing check-in to add context.,medium,2026-03-21T21:00:20
REC00002417,INS00002417,USR003598,MINDGUARD,repeat_assessment,Repeat the assessment later to add another observation.,low,2026-05-20T06:00:20
REC00002418,INS00002418,USR003599,MINDGUARD,repeat_assessment,Repeat the assessment later to add another observation.,medium,2026-05-27T22:00:20
REC00002419,INS00002419,USR003600,MINDGUARD,wellbeing_checkin,Complete a wellbeing check-in to add context.,low,2026-09-14T12:00:20
REC00002420,INS00002420,USR003604,MINDGUARD,maintain_monitoring,Continue routine monitoring.,low,2026-06-24T03:00:20
REC00002421,INS00002421,USR003604,HEALTH_RESERVE,review_preparedness_goal,Review the preparedness goal and current buffer.,low,2026-08-08T22:00:20
REC00002422,INS00002422,USR003605,MINDGUARD,repeat_assessment,Repeat the assessment later to add another observation.,medium,2026-05-26T17:00:20
REC00002423,INS00002423,USR003609,MINDGUARD,repeat_assessment,Repeat the assessment later to add another observation.,medium,2026-06-29T15:00:20
REC00002424,INS00002424,USR003610,MINDGUARD,repeat_assessment,Repeat the assessment later to add another observation.,low,2026-07-11T19:00:20
REC00002425,INS00002425,USR003610,HEALTH_RESERVE,review_healthcare_coverage,Review healthcare coverage information.,low,2026-09-14T12:00:20
REC00002426,INS00002426,USR003611,MINDGUARD,maintain_monitoring,Continue routine monitoring.,medium,2026-03-20T22:00:20
REC00002427,INS00002427,USR003612,HEALTH_RESERVE,review_healthcare_coverage,Review healthcare coverage information.,low,2026-06-15T14:00:20
REC00002428,INS00002428,USR003613,HEALTH_RESERVE,review_preparedness_goal,Review the preparedness goal and current buffer.,low,2026-05-09T06:00:20
REC00002429,INS00002429,USR003614,MINDGUARD,repeat_assessment,Repeat the assessment later to add another observation.,low,2026-09-14T12:00:20
REC00002430,INS00002430,USR003615,MINDGUARD,maintain_monitoring,Continue routine monitoring.,medium,2026-08-11T20:00:20
REC00002431,INS00002431,USR003616,HEALTH_RESERVE,review_preparedness_goal,Review the preparedness goal and current buffer.,low,2026-03-11T05:00:20
REC00002432,INS00002432,USR003617,HEALTH_RESERVE,review_preparedness_goal,Review the preparedness goal and current buffer.,low,2026-07-11T22:00:20
REC00002433,INS00002433,USR003619,MINDGUARD,repeat_assessment,Repeat the assessment later to add another observation.,medium,2026-06-14T06:00:20
REC00002434,INS00002434,USR003619,HEALTH_RESERVE,review_preparedness_goal,Review the preparedness goal and current buffer.,medium,2026-07-16T08:00:20
REC00002435,INS00002435,USR003620,MINDGUARD,repeat_assessment,Repeat the assessment later to add another observation.,medium,2026-05-05T17:00:20
REC00002436,INS00002436,USR003622,MINDGUARD,review_sleep,Review recent sleep context and repeat monitoring when convenient.,low,2026-09-14T12:00:20
REC00002437,INS00002437,USR003622,HEALTH_RESERVE,review_preparedness_goal,Review the preparedness goal and current buffer.,low,2026-08-20T13:00:20
REC00002438,INS00002438,USR003623,MINDGUARD,repeat_assessment,Repeat the assessment later to add another observation.,medium,2026-06-01T02:00:20
REC00002439,INS00002439,USR003624,HEALTH_RESERVE,review_preparedness_goal,Review the preparedness goal and current buffer.,low,2026-09-14T12:00:20
REC00002440,INS00002440,USR003625,MINDGUARD,repeat_assessment,Repeat the assessment later to add another observation.,medium,2026-04-04T04:00:20
REC00002441,INS00002441,USR003625,HEALTH_RESERVE,review_preparedness_goal,Review the preparedness goal and current buffer.,low,2026-02-03T02:00:20
REC00002442,INS00002442,USR003626,HEALTH_RESERVE,review_preparedness_goal,Review the preparedness goal and current buffer.,low,2026-06-03T14:00:20
REC00002443,INS00002443,USR003628,HEALTH_RESERVE,review_preparedness_goal,Review the preparedness goal and current buffer.,low,2026-09-08T05:00:20
REC00002444,INS00002444,USR003629,MINDGUARD,repeat_assessment,Repeat the assessment later to add another observation.,medium,2026-07-02T03:00:20
REC00002445,INS00002445,USR003630,MINDGUARD,maintain_monitoring,Continue routine monitoring.,medium,2026-06-28T05:00:20
REC00002446,INS00002446,USR003631,MINDGUARD,maintain_monitoring,Continue routine monitoring.,low,2026-09-14T12:00:20
REC00002447,INS00002447,USR003633,MINDGUARD,review_sleep,Review recent sleep context and repeat monitoring when convenient.,low,2026-06-01T10:00:20
REC00002448,INS00002448,USR003634,MINDGUARD,repeat_assessment,Repeat the assessment later to add another observation.,medium,2026-07-26T15:00:20
REC00002449,INS00002449,USR003635,MINDGUARD,maintain_monitoring,Continue routine monitoring.,medium,2026-06-29T07:00:20
REC00002450,INS00002450,USR003635,HEALTH_RESERVE,review_preparedness_goal,Review the preparedness goal and current buffer.,low,2026-07-12T05:00:20
REC00002451,INS00002451,USR003636,HEALTH_RESERVE,review_preparedness_goal,Review the preparedness goal and current buffer.,low,2026-03-19T14:00:20
REC00002452,INS00002452,USR003637,HEALTH_RESERVE,review_preparedness_goal,Review the preparedness goal and current buffer.,low,2026-08-11T07:00:20
REC00002453,INS00002453,USR003639,MINDGUARD,repeat_assessment,Repeat the assessment later to add another observation.,medium,2026-09-14T12:00:20
REC00002454,INS00002454,USR003640,MINDGUARD,repeat_assessment,Repeat the assessment later to add another observation.,medium,2026-07-19T07:00:20
REC00002455,INS00002455,USR003642,MINDGUARD,maintain_monitoring,Continue routine monitoring.,low,2026-09-05T15:00:20
REC00002456,INS00002456,USR003644,MINDGUARD,review_sleep,Review recent sleep context and repeat monitoring when convenient.,low,2026-04-25T11:00:20
REC00002457,INS00002457,USR003646,MINDGUARD,repeat_assessment,Repeat the assessment later to add another observation.,medium,2026-07-16T07:00:20
REC00002458,INS00002458,USR003647,HEALTH_RESERVE,review_preparedness_goal,Review the preparedness goal and current buffer.,low,2026-07-16T02:00:20
REC00002459,INS00002459,USR003651,HEALTH_RESERVE,review_preparedness_goal,Review the preparedness goal and current buffer.,low,2026-02-15T18:00:20
REC00002460,INS00002460,USR003652,MINDGUARD,review_sleep,Review recent sleep context and repeat monitoring when convenient.,medium,2026-05-06T21:00:20
REC00002461,INS00002461,USR003652,HEALTH_RESERVE,review_preparedness_goal,Review the preparedness goal and current buffer.,medium,2026-06-06T00:00:20
REC00002462,INS00002462,USR003653,MINDGUARD,repeat_assessment,Repeat the assessment later to add another observation.,low,2026-04-13T19:00:20
REC00002463,INS00002463,USR003657,MINDGUARD,repeat_assessment,Repeat the assessment later to add another observation.,low,2026-08-01T10:00:20
REC00002464,INS00002464,USR003658,MINDGUARD,repeat_assessment,Repeat the assessment later to add another observation.,medium,2026-04-28T11:00:20
REC00002465,INS00002465,USR003660,MINDGUARD,repeat_assessment,Repeat the assessment later to add another observation.,low,2026-09-09T09:00:20
REC00002466,INS00002466,USR003661,HEALTH_RESERVE,review_preparedness_goal,Review the preparedness goal and current buffer.,medium,2026-07-05T22:00:20
REC00002467,INS00002467,USR003662,MINDGUARD,maintain_monitoring,Continue routine monitoring.,medium,2026-06-29T13:00:20
REC00002468,INS00002468,USR003663,MINDGUARD,maintain_monitoring,Continue routine monitoring.,low,2026-07-16T21:00:20
REC00002469,INS00002469,USR003665,MINDGUARD,repeat_assessment,Repeat the assessment later to add another observation.,low,2026-06-14T10:00:20
REC00002470,INS00002470,USR003666,HEALTH_RESERVE,review_healthcare_coverage,Review healthcare coverage information.,medium,2026-05-21T17:00:20
REC00002471,INS00002471,USR003669,MINDGUARD,repeat_assessment,Repeat the assessment later to add another observation.,medium,2026-03-03T20:00:20
REC00002472,INS00002472,USR003670,HEALTH_RESERVE,review_preparedness_goal,Review the preparedness goal and current buffer.,medium,2026-03-11T02:00:20
REC00002473,INS00002473,USR003672,MINDGUARD,repeat_assessment,Repeat the assessment later to add another observation.,medium,2026-09-14T12:00:20
REC00002474,INS00002474,USR003672,HEALTH_RESERVE,review_preparedness_goal,Review the preparedness goal and current buffer.,medium,2026-06-26T06:00:20
REC00002475,INS00002475,USR003674,HEALTH_RESERVE,review_preparedness_goal,Review the preparedness goal and current buffer.,medium,2026-05-21T22:00:20
REC00002476,INS00002476,USR003675,MINDGUARD,wellbeing_checkin,Complete a wellbeing check-in to add context.,medium,2026-09-14T12:00:20
REC00002477,INS00002477,USR003677,MINDGUARD,repeat_assessment,Repeat the assessment later to add another observation.,low,2026-06-20T09:00:20
REC00002478,INS00002478,USR003677,HEALTH_RESERVE,review_preparedness_goal,Review the preparedness goal and current buffer.,medium,2026-08-03T14:00:20
REC00002479,INS00002479,USR003678,MINDGUARD,repeat_assessment,Repeat the assessment later to add another observation.,medium,2026-09-02T17:00:20
REC00002480,INS00002480,USR003680,MINDGUARD,review_sleep,Review recent sleep context and repeat monitoring when convenient.,low,2026-05-05T23:00:20
REC00002481,INS00002481,USR003681,MINDGUARD,repeat_assessment,Repeat the assessment later to add another observation.,low,2026-02-06T02:00:20
REC00002482,INS00002482,USR003681,HEALTH_RESERVE,review_preparedness_goal,Review the preparedness goal and current buffer.,low,2026-07-27T01:00:20
REC00002483,INS00002483,USR003685,MINDGUARD,repeat_assessment,Repeat the assessment later to add another observation.,medium,2026-04-28T04:00:20
REC00002484,INS00002484,USR003685,HEALTH_RESERVE,review_preparedness_goal,Review the preparedness goal and current buffer.,medium,2026-06-02T17:00:20
REC00002485,INS00002485,USR003688,MINDGUARD,repeat_assessment,Repeat the assessment later to add another observation.,low,2026-08-04T23:00:20
REC00002486,INS00002486,USR003688,HEALTH_RESERVE,review_healthcare_coverage,Review healthcare coverage information.,medium,2026-08-22T21:00:20
REC00002487,INS00002487,USR003689,HEALTH_RESERVE,review_preparedness_goal,Review the preparedness goal and current buffer.,medium,2026-09-14T12:00:20
REC00002488,INS00002488,USR003690,MINDGUARD,maintain_monitoring,Continue routine monitoring.,medium,2026-06-07T23:00:20
REC00002489,INS00002489,USR003696,MINDGUARD,maintain_monitoring,Continue routine monitoring.,medium,2026-09-14T12:00:20
REC00002490,INS00002490,USR003696,HEALTH_RESERVE,review_preparedness_goal,Review the preparedness goal and current buffer.,medium,2026-07-18T04:00:20
REC00002491,INS00002491,USR003699,HEALTH_RESERVE,review_preparedness_goal,Review the preparedness goal and current buffer.,low,2026-03-22T21:00:20
REC00002492,INS00002492,USR003706,MINDGUARD,maintain_monitoring,Continue routine monitoring.,medium,2026-06-22T00:00:20
REC00002493,INS00002493,USR003707,MINDGUARD,maintain_monitoring,Continue routine monitoring.,low,2026-09-14T12:00:20
REC00002494,INS00002494,USR003708,MINDGUARD,repeat_assessment,Repeat the assessment later to add another observation.,low,2026-03-29T15:00:20
REC00002495,INS00002495,USR003711,HEALTH_RESERVE,review_preparedness_goal,Review the preparedness goal and current buffer.,medium,2026-08-04T04:00:20
REC00002496,INS00002496,USR003714,HEALTH_RESERVE,review_preparedness_goal,Review the preparedness goal and current buffer.,medium,2026-06-30T23:00:20
REC00002497,INS00002497,USR003716,HEALTH_RESERVE,review_preparedness_goal,Review the preparedness goal and current buffer.,medium,2026-04-21T04:00:20
REC00002498,INS00002498,USR003718,MINDGUARD,repeat_assessment,Repeat the assessment later to add another observation.,low,2026-09-14T12:00:20
REC00002499,INS00002499,USR003719,MINDGUARD,maintain_monitoring,Continue routine monitoring.,low,2026-09-14T12:00:20
REC00002500,INS00002500,USR003720,MINDGUARD,maintain_monitoring,Continue routine monitoring.,medium,2026-08-24T07:00:20
REC00002501,INS00002501,USR003721,MINDGUARD,maintain_monitoring,Continue routine monitoring.,medium,2026-09-14T12:00:20
REC00002502,INS00002502,USR003722,HEALTH_RESERVE,review_preparedness_goal,Review the preparedness goal and current buffer.,medium,2026-09-14T12:00:20
REC00002503,INS00002503,USR003725,HEALTH_RESERVE,review_preparedness_goal,Review the preparedness goal and current buffer.,medium,2026-05-29T11:00:20
REC00002504,INS00002504,USR003726,HEALTH_RESERVE,review_healthcare_coverage,Review healthcare coverage information.,low,2026-06-28T01:00:20
REC00002505,INS00002505,USR003728,MINDGUARD,review_sleep,Review recent sleep context and repeat monitoring when convenient.,medium,2026-05-14T00:00:20
REC00002506,INS00002506,USR003728,HEALTH_RESERVE,review_preparedness_goal,Review the preparedness goal and current buffer.,medium,2026-09-14T12:00:20
REC00002507,INS00002507,USR003729,MINDGUARD,review_sleep,Review recent sleep context and repeat monitoring when convenient.,medium,2026-06-28T02:00:20
REC00002508,INS00002508,USR003730,MINDGUARD,review_sleep,Review recent sleep context and repeat monitoring when convenient.,medium,2026-08-31T20:00:20
REC00002509,INS00002509,USR003731,MINDGUARD,repeat_assessment,Repeat the assessment later to add another observation.,low,2026-03-01T13:00:20
REC00002510,INS00002510,USR003732,HEALTH_RESERVE,review_preparedness_goal,Review the preparedness goal and current buffer.,medium,2026-09-14T12:00:20
REC00002511,INS00002511,USR003733,MINDGUARD,repeat_assessment,Repeat the assessment later to add another observation.,medium,2026-05-06T23:00:20
REC00002512,INS00002512,USR003734,MINDGUARD,review_sleep,Review recent sleep context and repeat monitoring when convenient.,medium,2026-09-13T16:00:20
REC00002513,INS00002513,USR003736,MINDGUARD,repeat_assessment,Repeat the assessment later to add another observation.,medium,2026-03-28T10:00:20
REC00002514,INS00002514,USR003737,MINDGUARD,repeat_assessment,Repeat the assessment later to add another observation.,low,2026-05-03T01:00:20
REC00002515,INS00002515,USR003741,MINDGUARD,maintain_monitoring,Continue routine monitoring.,low,2026-08-22T22:00:20
REC00002516,INS00002516,USR003743,MINDGUARD,maintain_monitoring,Continue routine monitoring.,medium,2026-07-25T14:00:20
REC00002517,INS00002517,USR003745,MINDGUARD,wellbeing_checkin,Complete a wellbeing check-in to add context.,medium,2026-09-14T12:00:20
REC00002518,INS00002518,USR003746,MINDGUARD,maintain_monitoring,Continue routine monitoring.,low,2026-08-25T08:00:20
REC00002519,INS00002519,USR003748,MINDGUARD,repeat_assessment,Repeat the assessment later to add another observation.,medium,2026-07-23T16:00:20
REC00002520,INS00002520,USR003750,MINDGUARD,review_sleep,Review recent sleep context and repeat monitoring when convenient.,medium,2026-06-05T05:00:20
REC00002521,INS00002521,USR003753,MINDGUARD,repeat_assessment,Repeat the assessment later to add another observation.,low,2026-06-05T16:00:20
REC00002522,INS00002522,USR003754,MINDGUARD,wellbeing_checkin,Complete a wellbeing check-in to add context.,low,2026-09-14T12:00:20
REC00002523,INS00002523,USR003755,MINDGUARD,maintain_monitoring,Continue routine monitoring.,low,2026-07-20T20:00:20
REC00002524,INS00002524,USR003757,MINDGUARD,maintain_monitoring,Continue routine monitoring.,low,2026-06-21T05:00:20
REC00002525,INS00002525,USR003760,MINDGUARD,repeat_assessment,Repeat the assessment later to add another observation.,medium,2026-09-14T12:00:20
REC00002526,INS00002526,USR003762,MINDGUARD,repeat_assessment,Repeat the assessment later to add another observation.,medium,2026-08-06T00:00:20
REC00002527,INS00002527,USR003763,MINDGUARD,repeat_assessment,Repeat the assessment later to add another observation.,low,2026-08-29T23:00:20
REC00002528,INS00002528,USR003767,HEALTH_RESERVE,review_preparedness_goal,Review the preparedness goal and current buffer.,medium,2026-08-29T00:00:20
REC00002529,INS00002529,USR003768,MINDGUARD,repeat_assessment,Repeat the assessment later to add another observation.,medium,2026-07-04T13:00:20
REC00002530,INS00002530,USR003770,MINDGUARD,maintain_monitoring,Continue routine monitoring.,low,2026-07-23T13:00:20
REC00002531,INS00002531,USR003772,MINDGUARD,repeat_assessment,Repeat the assessment later to add another observation.,medium,2026-04-02T22:00:20
REC00002532,INS00002532,USR003773,MINDGUARD,repeat_assessment,Repeat the assessment later to add another observation.,low,2026-05-09T19:00:20
REC00002533,INS00002533,USR003773,HEALTH_RESERVE,review_preparedness_goal,Review the preparedness goal and current buffer.,low,2026-06-26T22:00:20
REC00002534,INS00002534,USR003775,MINDGUARD,repeat_assessment,Repeat the assessment later to add another observation.,low,2026-05-25T15:00:20
REC00002535,INS00002535,USR003781,MINDGUARD,review_sleep,Review recent sleep context and repeat monitoring when convenient.,medium,2026-08-11T05:00:20
REC00002536,INS00002536,USR003781,HEALTH_RESERVE,review_preparedness_goal,Review the preparedness goal and current buffer.,low,2026-04-30T06:00:20
REC00002537,INS00002537,USR003782,MINDGUARD,repeat_assessment,Repeat the assessment later to add another observation.,medium,2026-07-22T23:00:20
REC00002538,INS00002538,USR003783,HEALTH_RESERVE,review_preparedness_goal,Review the preparedness goal and current buffer.,low,2026-08-27T03:00:20
REC00002539,INS00002539,USR003784,HEALTH_RESERVE,review_healthcare_coverage,Review healthcare coverage information.,medium,2026-09-07T10:00:20
REC00002540,INS00002540,USR003787,MINDGUARD,repeat_assessment,Repeat the assessment later to add another observation.,low,2026-05-02T00:00:20
REC00002541,INS00002541,USR003788,MINDGUARD,repeat_assessment,Repeat the assessment later to add another observation.,low,2026-05-10T14:00:20
REC00002542,INS00002542,USR003789,MINDGUARD,repeat_assessment,Repeat the assessment later to add another observation.,medium,2026-02-05T12:00:20
REC00002543,INS00002543,USR003791,MINDGUARD,repeat_assessment,Repeat the assessment later to add another observation.,low,2026-05-02T18:00:20
REC00002544,INS00002544,USR003794,MINDGUARD,wellbeing_checkin,Complete a wellbeing check-in to add context.,medium,2026-09-14T12:00:20
REC00002545,INS00002545,USR003796,HEALTH_RESERVE,review_preparedness_goal,Review the preparedness goal and current buffer.,low,2026-05-20T15:00:20
REC00002546,INS00002546,USR003797,MINDGUARD,review_sleep,Review recent sleep context and repeat monitoring when convenient.,medium,2026-07-12T14:00:20
REC00002547,INS00002547,USR003798,MINDGUARD,repeat_assessment,Repeat the assessment later to add another observation.,medium,2026-06-11T14:00:20
REC00002548,INS00002548,USR003799,MINDGUARD,repeat_assessment,Repeat the assessment later to add another observation.,low,2026-02-16T17:00:20
REC00002549,INS00002549,USR003801,MINDGUARD,repeat_assessment,Repeat the assessment later to add another observation.,medium,2026-05-12T19:00:20
REC00002550,INS00002550,USR003804,MINDGUARD,repeat_assessment,Repeat the assessment later to add another observation.,medium,2026-06-10T19:00:20
REC00002551,INS00002551,USR003806,MINDGUARD,maintain_monitoring,Continue routine monitoring.,medium,2026-07-31T20:00:20
REC00002552,INS00002552,USR003810,MINDGUARD,wellbeing_checkin,Complete a wellbeing check-in to add context.,low,2026-05-13T12:00:20
REC00002553,INS00002553,USR003812,HEALTH_RESERVE,review_preparedness_goal,Review the preparedness goal and current buffer.,low,2026-05-28T06:00:20
REC00002554,INS00002554,USR003815,HEALTH_RESERVE,review_preparedness_goal,Review the preparedness goal and current buffer.,medium,2026-04-25T01:00:20
REC00002555,INS00002555,USR003818,MINDGUARD,repeat_assessment,Repeat the assessment later to add another observation.,medium,2026-03-19T22:00:20
REC00002556,INS00002556,USR003819,MINDGUARD,repeat_assessment,Repeat the assessment later to add another observation.,medium,2026-06-12T10:00:20
REC00002557,INS00002557,USR003819,HEALTH_RESERVE,review_preparedness_goal,Review the preparedness goal and current buffer.,low,2026-08-14T02:00:20
REC00002558,INS00002558,USR003820,HEALTH_RESERVE,review_preparedness_goal,Review the preparedness goal and current buffer.,medium,2026-06-14T00:00:20
REC00002559,INS00002559,USR003821,HEALTH_RESERVE,review_preparedness_goal,Review the preparedness goal and current buffer.,medium,2026-04-05T01:00:20
REC00002560,INS00002560,USR003824,MINDGUARD,repeat_assessment,Repeat the assessment later to add another observation.,low,2026-02-21T20:00:20
REC00002561,INS00002561,USR003825,MINDGUARD,repeat_assessment,Repeat the assessment later to add another observation.,low,2026-06-10T12:00:20
REC00002562,INS00002562,USR003826,MINDGUARD,repeat_assessment,Repeat the assessment later to add another observation.,low,2026-01-28T13:00:20
REC00002563,INS00002563,USR003827,MINDGUARD,repeat_assessment,Repeat the assessment later to add another observation.,low,2026-07-24T17:00:20
REC00002564,INS00002564,USR003828,HEALTH_RESERVE,review_preparedness_goal,Review the preparedness goal and current buffer.,medium,2026-08-31T17:00:20
REC00002565,INS00002565,USR003829,HEALTH_RESERVE,review_preparedness_goal,Review the preparedness goal and current buffer.,low,2026-06-02T18:00:20
REC00002566,INS00002566,USR003833,MINDGUARD,repeat_assessment,Repeat the assessment later to add another observation.,low,2026-09-14T12:00:20
REC00002567,INS00002567,USR003833,HEALTH_RESERVE,review_preparedness_goal,Review the preparedness goal and current buffer.,low,2026-04-06T19:00:20
REC00002568,INS00002568,USR003834,MINDGUARD,maintain_monitoring,Continue routine monitoring.,low,2026-08-23T07:00:20
REC00002569,INS00002569,USR003835,MINDGUARD,repeat_assessment,Repeat the assessment later to add another observation.,low,2026-05-11T04:00:20
REC00002570,INS00002570,USR003836,HEALTH_RESERVE,review_preparedness_goal,Review the preparedness goal and current buffer.,medium,2026-02-17T07:00:20
REC00002571,INS00002571,USR003837,MINDGUARD,maintain_monitoring,Continue routine monitoring.,low,2026-05-09T01:00:20
REC00002572,INS00002572,USR003837,HEALTH_RESERVE,review_preparedness_goal,Review the preparedness goal and current buffer.,low,2026-04-12T20:00:20
REC00002573,INS00002573,USR003841,HEALTH_RESERVE,review_preparedness_goal,Review the preparedness goal and current buffer.,low,2026-04-06T09:00:20
REC00002574,INS00002574,USR003843,MINDGUARD,repeat_assessment,Repeat the assessment later to add another observation.,low,2026-07-02T22:00:20
REC00002575,INS00002575,USR003843,HEALTH_RESERVE,review_preparedness_goal,Review the preparedness goal and current buffer.,low,2026-04-13T16:00:20
REC00002576,INS00002576,USR003844,HEALTH_RESERVE,review_preparedness_goal,Review the preparedness goal and current buffer.,low,2026-05-16T08:00:20
REC00002577,INS00002577,USR003847,HEALTH_RESERVE,review_preparedness_goal,Review the preparedness goal and current buffer.,low,2026-06-28T07:00:20
REC00002578,INS00002578,USR003849,MINDGUARD,maintain_monitoring,Continue routine monitoring.,low,2026-06-30T17:00:20
REC00002579,INS00002579,USR003852,HEALTH_RESERVE,review_preparedness_goal,Review the preparedness goal and current buffer.,medium,2026-07-26T04:00:20
REC00002580,INS00002580,USR003853,HEALTH_RESERVE,review_preparedness_goal,Review the preparedness goal and current buffer.,low,2026-03-18T07:00:20
REC00002581,INS00002581,USR003854,MINDGUARD,repeat_assessment,Repeat the assessment later to add another observation.,low,2026-07-21T14:00:20
REC00002582,INS00002582,USR003856,MINDGUARD,wellbeing_checkin,Complete a wellbeing check-in to add context.,medium,2026-05-15T11:00:20
REC00002583,INS00002583,USR003857,HEALTH_RESERVE,review_preparedness_goal,Review the preparedness goal and current buffer.,medium,2026-06-07T12:00:20
REC00002584,INS00002584,USR003859,MINDGUARD,repeat_assessment,Repeat the assessment later to add another observation.,low,2026-06-04T09:00:20
REC00002585,INS00002585,USR003860,MINDGUARD,maintain_monitoring,Continue routine monitoring.,medium,2026-08-10T03:00:20
REC00002586,INS00002586,USR003860,HEALTH_RESERVE,review_preparedness_goal,Review the preparedness goal and current buffer.,medium,2026-07-30T02:00:20
REC00002587,INS00002587,USR003861,MINDGUARD,repeat_assessment,Repeat the assessment later to add another observation.,low,2026-07-28T01:00:20
REC00002588,INS00002588,USR003861,HEALTH_RESERVE,review_preparedness_goal,Review the preparedness goal and current buffer.,medium,2026-05-25T07:00:20
REC00002589,INS00002589,USR003862,MINDGUARD,maintain_monitoring,Continue routine monitoring.,medium,2026-07-07T07:00:20
REC00002590,INS00002590,USR003862,HEALTH_RESERVE,review_preparedness_goal,Review the preparedness goal and current buffer.,medium,2026-05-05T07:00:20
REC00002591,INS00002591,USR003863,MINDGUARD,maintain_monitoring,Continue routine monitoring.,medium,2026-07-05T17:00:20
REC00002592,INS00002592,USR003863,HEALTH_RESERVE,review_preparedness_goal,Review the preparedness goal and current buffer.,medium,2026-06-15T18:00:20
REC00002593,INS00002593,USR003864,MINDGUARD,repeat_assessment,Repeat the assessment later to add another observation.,low,2026-07-03T07:00:20
REC00002594,INS00002594,USR003865,MINDGUARD,maintain_monitoring,Continue routine monitoring.,medium,2026-04-03T05:00:20
REC00002595,INS00002595,USR003866,MINDGUARD,maintain_monitoring,Continue routine monitoring.,medium,2026-09-14T12:00:20
REC00002596,INS00002596,USR003868,MINDGUARD,repeat_assessment,Repeat the assessment later to add another observation.,medium,2026-06-22T08:00:20
REC00002597,INS00002597,USR003869,HEALTH_RESERVE,review_preparedness_goal,Review the preparedness goal and current buffer.,medium,2026-06-29T11:00:20
REC00002598,INS00002598,USR003870,MINDGUARD,maintain_monitoring,Continue routine monitoring.,low,2026-05-02T05:00:20
REC00002599,INS00002599,USR003871,MINDGUARD,maintain_monitoring,Continue routine monitoring.,low,2026-05-13T05:00:20
REC00002600,INS00002600,USR003873,MINDGUARD,maintain_monitoring,Continue routine monitoring.,medium,2026-09-06T22:00:20
REC00002601,INS00002601,USR003875,MINDGUARD,repeat_assessment,Repeat the assessment later to add another observation.,low,2026-04-24T11:00:20
REC00002602,INS00002602,USR003876,MINDGUARD,repeat_assessment,Repeat the assessment later to add another observation.,low,2026-05-29T04:00:20
REC00002603,INS00002603,USR003878,MINDGUARD,repeat_assessment,Repeat the assessment later to add another observation.,low,2026-07-28T18:00:20
REC00002604,INS00002604,USR003878,HEALTH_RESERVE,review_healthcare_coverage,Review healthcare coverage information.,medium,2026-05-25T15:00:20
REC00002605,INS00002605,USR003880,MINDGUARD,repeat_assessment,Repeat the assessment later to add another observation.,low,2026-05-29T06:00:20
REC00002606,INS00002606,USR003882,HEALTH_RESERVE,review_healthcare_coverage,Review healthcare coverage information.,medium,2026-09-14T12:00:20
REC00002607,INS00002607,USR003883,MINDGUARD,maintain_monitoring,Continue routine monitoring.,low,2026-09-14T12:00:20
REC00002608,INS00002608,USR003883,HEALTH_RESERVE,review_preparedness_goal,Review the preparedness goal and current buffer.,low,2026-09-14T12:00:20
REC00002609,INS00002609,USR003884,HEALTH_RESERVE,review_healthcare_coverage,Review healthcare coverage information.,low,2026-07-06T11:00:20
REC00002610,INS00002610,USR003885,MINDGUARD,repeat_assessment,Repeat the assessment later to add another observation.,low,2026-06-16T07:00:20
REC00002611,INS00002611,USR003886,MINDGUARD,maintain_monitoring,Continue routine monitoring.,medium,2026-05-26T08:00:20
REC00002612,INS00002612,USR003887,MINDGUARD,repeat_assessment,Repeat the assessment later to add another observation.,low,2026-07-28T03:00:20
REC00002613,INS00002613,USR003889,MINDGUARD,repeat_assessment,Repeat the assessment later to add another observation.,medium,2026-05-21T11:00:20
REC00002614,INS00002614,USR003890,MINDGUARD,repeat_assessment,Repeat the assessment later to add another observation.,medium,2026-06-16T10:00:20
REC00002615,INS00002615,USR003892,MINDGUARD,maintain_monitoring,Continue routine monitoring.,medium,2026-06-06T05:00:20
REC00002616,INS00002616,USR003893,MINDGUARD,maintain_monitoring,Continue routine monitoring.,medium,2026-08-17T18:00:20
REC00002617,INS00002617,USR003894,MINDGUARD,maintain_monitoring,Continue routine monitoring.,medium,2026-05-08T14:00:20
REC00002618,INS00002618,USR003897,HEALTH_RESERVE,review_preparedness_goal,Review the preparedness goal and current buffer.,medium,2026-08-31T13:00:20
REC00002619,INS00002619,USR003898,HEALTH_RESERVE,review_healthcare_coverage,Review healthcare coverage information.,low,2026-08-05T18:00:20
REC00002620,INS00002620,USR003899,MINDGUARD,repeat_assessment,Repeat the assessment later to add another observation.,medium,2026-04-15T18:00:20
REC00002621,INS00002621,USR003902,MINDGUARD,repeat_assessment,Repeat the assessment later to add another observation.,medium,2026-04-20T14:00:20
REC00002622,INS00002622,USR003903,MINDGUARD,maintain_monitoring,Continue routine monitoring.,low,2026-09-14T12:00:20
REC00002623,INS00002623,USR003905,MINDGUARD,maintain_monitoring,Continue routine monitoring.,medium,2026-05-29T12:00:20
REC00002624,INS00002624,USR003907,MINDGUARD,repeat_assessment,Repeat the assessment later to add another observation.,medium,2026-08-30T05:00:20
REC00002625,INS00002625,USR003907,HEALTH_RESERVE,review_preparedness_goal,Review the preparedness goal and current buffer.,low,2026-07-24T04:00:20
REC00002626,INS00002626,USR003909,MINDGUARD,maintain_monitoring,Continue routine monitoring.,low,2026-09-14T12:00:20
REC00002627,INS00002627,USR003914,MINDGUARD,review_sleep,Review recent sleep context and repeat monitoring when convenient.,low,2026-06-08T06:00:20
REC00002628,INS00002628,USR003915,MINDGUARD,maintain_monitoring,Continue routine monitoring.,low,2026-04-14T14:00:20
REC00002629,INS00002629,USR003921,HEALTH_RESERVE,review_preparedness_goal,Review the preparedness goal and current buffer.,low,2026-01-21T13:00:20
REC00002630,INS00002630,USR003922,MINDGUARD,maintain_monitoring,Continue routine monitoring.,medium,2026-09-14T05:00:20
REC00002631,INS00002631,USR003923,HEALTH_RESERVE,review_preparedness_goal,Review the preparedness goal and current buffer.,medium,2026-03-29T06:00:20
REC00002632,INS00002632,USR003924,HEALTH_RESERVE,review_preparedness_goal,Review the preparedness goal and current buffer.,medium,2026-03-12T01:00:20
REC00002633,INS00002633,USR003927,HEALTH_RESERVE,review_preparedness_goal,Review the preparedness goal and current buffer.,medium,2026-06-21T08:00:20
REC00002634,INS00002634,USR003932,HEALTH_RESERVE,review_preparedness_goal,Review the preparedness goal and current buffer.,medium,2026-05-31T05:00:20
REC00002635,INS00002635,USR003935,MINDGUARD,maintain_monitoring,Continue routine monitoring.,medium,2026-06-28T02:00:20
REC00002636,INS00002636,USR003936,MINDGUARD,maintain_monitoring,Continue routine monitoring.,medium,2026-07-30T09:00:20
REC00002637,INS00002637,USR003937,HEALTH_RESERVE,review_healthcare_coverage,Review healthcare coverage information.,low,2026-08-12T05:00:20
REC00002638,INS00002638,USR003941,HEALTH_RESERVE,review_preparedness_goal,Review the preparedness goal and current buffer.,low,2026-09-01T17:00:20
REC00002639,INS00002639,USR003942,MINDGUARD,repeat_assessment,Repeat the assessment later to add another observation.,low,2026-09-14T12:00:20
REC00002640,INS00002640,USR003943,MINDGUARD,repeat_assessment,Repeat the assessment later to add another observation.,medium,2026-03-14T06:00:20
REC00002641,INS00002641,USR003944,MINDGUARD,maintain_monitoring,Continue routine monitoring.,medium,2026-05-13T22:00:20
REC00002642,INS00002642,USR003945,HEALTH_RESERVE,review_preparedness_goal,Review the preparedness goal and current buffer.,medium,2026-07-20T12:00:20
REC00002643,INS00002643,USR003946,MINDGUARD,maintain_monitoring,Continue routine monitoring.,medium,2026-07-07T07:00:20
REC00002644,INS00002644,USR003947,MINDGUARD,repeat_assessment,Repeat the assessment later to add another observation.,medium,2026-03-14T19:00:20
REC00002645,INS00002645,USR003948,MINDGUARD,maintain_monitoring,Continue routine monitoring.,medium,2026-09-14T12:00:20
REC00002646,INS00002646,USR003950,HEALTH_RESERVE,review_healthcare_coverage,Review healthcare coverage information.,medium,2026-09-14T12:00:20
REC00002647,INS00002647,USR003951,HEALTH_RESERVE,review_preparedness_goal,Review the preparedness goal and current buffer.,low,2026-05-30T12:00:20
REC00002648,INS00002648,USR003952,MINDGUARD,maintain_monitoring,Continue routine monitoring.,low,2026-05-19T17:00:20
REC00002649,INS00002649,USR003952,HEALTH_RESERVE,review_healthcare_coverage,Review healthcare coverage information.,medium,2026-05-05T11:00:20
REC00002650,INS00002650,USR003953,MINDGUARD,maintain_monitoring,Continue routine monitoring.,low,2026-08-25T09:00:20
REC00002651,INS00002651,USR003953,HEALTH_RESERVE,review_preparedness_goal,Review the preparedness goal and current buffer.,low,2026-04-05T09:00:20
REC00002652,INS00002652,USR003954,HEALTH_RESERVE,review_preparedness_goal,Review the preparedness goal and current buffer.,medium,2026-09-08T18:00:20
REC00002653,INS00002653,USR003955,MINDGUARD,maintain_monitoring,Continue routine monitoring.,medium,2026-06-27T19:00:20
REC00002654,INS00002654,USR003956,HEALTH_RESERVE,review_preparedness_goal,Review the preparedness goal and current buffer.,medium,2026-05-08T12:00:20
REC00002655,INS00002655,USR003959,MINDGUARD,repeat_assessment,Repeat the assessment later to add another observation.,medium,2026-01-04T04:00:20
REC00002656,INS00002656,USR003961,MINDGUARD,maintain_monitoring,Continue routine monitoring.,medium,2026-06-12T22:00:20
REC00002657,INS00002657,USR003963,MINDGUARD,repeat_assessment,Repeat the assessment later to add another observation.,low,2026-02-18T14:00:20
REC00002658,INS00002658,USR003965,MINDGUARD,maintain_monitoring,Continue routine monitoring.,low,2026-07-27T17:00:20
REC00002659,INS00002659,USR003966,MINDGUARD,repeat_assessment,Repeat the assessment later to add another observation.,medium,2026-05-30T09:00:20
REC00002660,INS00002660,USR003967,HEALTH_RESERVE,review_preparedness_goal,Review the preparedness goal and current buffer.,low,2026-06-14T11:00:20
REC00002661,INS00002661,USR003970,MINDGUARD,maintain_monitoring,Continue routine monitoring.,medium,2026-07-12T05:00:20
REC00002662,INS00002662,USR003971,MINDGUARD,maintain_monitoring,Continue routine monitoring.,low,2026-09-08T15:00:20
REC00002663,INS00002663,USR003972,MINDGUARD,repeat_assessment,Repeat the assessment later to add another observation.,low,2026-01-17T01:00:20
REC00002664,INS00002664,USR003972,HEALTH_RESERVE,review_preparedness_goal,Review the preparedness goal and current buffer.,low,2026-01-22T01:00:20
REC00002665,INS00002665,USR003973,MINDGUARD,repeat_assessment,Repeat the assessment later to add another observation.,low,2026-03-19T14:00:20
REC00002666,INS00002666,USR003974,MINDGUARD,repeat_assessment,Repeat the assessment later to add another observation.,low,2026-05-27T08:00:20
REC00002667,INS00002667,USR003975,HEALTH_RESERVE,review_preparedness_goal,Review the preparedness goal and current buffer.,medium,2026-03-10T20:00:20
REC00002668,INS00002668,USR003976,MINDGUARD,repeat_assessment,Repeat the assessment later to add another observation.,medium,2026-08-04T22:00:20
REC00002669,INS00002669,USR003977,MINDGUARD,repeat_assessment,Repeat the assessment later to add another observation.,low,2026-07-10T05:00:20
REC00002670,INS00002670,USR003978,HEALTH_RESERVE,review_preparedness_goal,Review the preparedness goal and current buffer.,medium,2026-01-19T04:00:20
REC00002671,INS00002671,USR003982,MINDGUARD,repeat_assessment,Repeat the assessment later to add another observation.,low,2026-08-27T04:00:20
REC00002672,INS00002672,USR003983,MINDGUARD,maintain_monitoring,Continue routine monitoring.,low,2026-05-17T12:00:20
REC00002673,INS00002673,USR003985,MINDGUARD,maintain_monitoring,Continue routine monitoring.,medium,2026-09-14T12:00:20
REC00002674,INS00002674,USR003987,MINDGUARD,maintain_monitoring,Continue routine monitoring.,medium,2026-04-15T00:00:20
REC00002675,INS00002675,USR003987,HEALTH_RESERVE,review_healthcare_coverage,Review healthcare coverage information.,low,2026-08-09T22:00:20
REC00002676,INS00002676,USR003988,HEALTH_RESERVE,review_preparedness_goal,Review the preparedness goal and current buffer.,low,2026-06-28T01:00:20
REC00002677,INS00002677,USR003990,MINDGUARD,repeat_assessment,Repeat the assessment later to add another observation.,medium,2026-03-16T06:00:20
REC00002678,INS00002678,USR003991,MINDGUARD,maintain_monitoring,Continue routine monitoring.,low,2026-08-08T09:00:20
REC00002679,INS00002679,USR003992,MINDGUARD,repeat_assessment,Repeat the assessment later to add another observation.,medium,2026-09-14T12:00:20
REC00002680,INS00002680,USR003993,MINDGUARD,repeat_assessment,Repeat the assessment later to add another observation.,medium,2026-04-26T15:00:20
REC00002681,INS00002681,USR003995,MINDGUARD,maintain_monitoring,Continue routine monitoring.,medium,2026-07-23T21:00:20
REC00002682,INS00002682,USR003997,MINDGUARD,repeat_assessment,Repeat the assessment later to add another observation.,low,2026-04-08T04:00:20
REC00002683,INS00002683,USR003998,HEALTH_RESERVE,review_preparedness_goal,Review the preparedness goal and current buffer.,medium,2026-06-24T01:00:20
REC00002684,INS00002684,USR004000,MINDGUARD,repeat_assessment,Repeat the assessment later to add another observation.,medium,2026-06-12T21:00:20
REC00002685,INS00002685,USR004002,MINDGUARD,maintain_monitoring,Continue routine monitoring.,medium,2026-09-14T12:00:20
REC00002686,INS00002686,USR004005,MINDGUARD,repeat_assessment,Repeat the assessment later to add another observation.,low,2026-06-11T09:00:20
REC00002687,INS00002687,USR004005,HEALTH_RESERVE,review_preparedness_goal,Review the preparedness goal and current buffer.,low,2026-07-08T12:00:20
REC00002688,INS00002688,USR004006,MINDGUARD,maintain_monitoring,Continue routine monitoring.,low,2026-07-04T18:00:20
REC00002689,INS00002689,USR004008,MINDGUARD,repeat_assessment,Repeat the assessment later to add another observation.,low,2026-04-07T21:00:20
REC00002690,INS00002690,USR004009,MINDGUARD,repeat_assessment,Repeat the assessment later to add another observation.,low,2026-05-11T02:00:20
REC00002691,INS00002691,USR004010,MINDGUARD,maintain_monitoring,Continue routine monitoring.,low,2026-09-08T17:00:20
REC00002692,INS00002692,USR004011,MINDGUARD,repeat_assessment,Repeat the assessment later to add another observation.,low,2026-05-22T11:00:20
REC00002693,INS00002693,USR004015,MINDGUARD,repeat_assessment,Repeat the assessment later to add another observation.,medium,2026-02-28T21:00:20
REC00002694,INS00002694,USR004016,MINDGUARD,repeat_assessment,Repeat the assessment later to add another observation.,low,2026-09-14T12:00:20
REC00002695,INS00002695,USR004016,HEALTH_RESERVE,review_preparedness_goal,Review the preparedness goal and current buffer.,medium,2026-05-23T02:00:20
REC00002696,INS00002696,USR004017,MINDGUARD,wellbeing_checkin,Complete a wellbeing check-in to add context.,low,2026-07-11T04:00:20
REC00002697,INS00002697,USR004018,HEALTH_RESERVE,review_preparedness_goal,Review the preparedness goal and current buffer.,low,2026-04-02T04:00:20
REC00002698,INS00002698,USR004019,MINDGUARD,repeat_assessment,Repeat the assessment later to add another observation.,medium,2026-03-13T09:00:20
REC00002699,INS00002699,USR004020,MINDGUARD,wellbeing_checkin,Complete a wellbeing check-in to add context.,low,2026-05-15T21:00:20
REC00002700,INS00002700,USR004021,MINDGUARD,repeat_assessment,Repeat the assessment later to add another observation.,low,2026-06-15T07:00:20
REC00002701,INS00002701,USR004023,MINDGUARD,review_sleep,Review recent sleep context and repeat monitoring when convenient.,medium,2026-08-23T03:00:20
REC00002702,INS00002702,USR004026,MINDGUARD,maintain_monitoring,Continue routine monitoring.,low,2026-09-14T12:00:20
REC00002703,INS00002703,USR004029,MINDGUARD,repeat_assessment,Repeat the assessment later to add another observation.,low,2026-08-19T16:00:20
REC00002704,INS00002704,USR004030,MINDGUARD,review_sleep,Review recent sleep context and repeat monitoring when convenient.,low,2026-02-21T15:00:20
REC00002705,INS00002705,USR004031,MINDGUARD,wellbeing_checkin,Complete a wellbeing check-in to add context.,low,2026-05-13T00:00:20
REC00002706,INS00002706,USR004032,MINDGUARD,repeat_assessment,Repeat the assessment later to add another observation.,medium,2026-08-20T06:00:20
REC00002707,INS00002707,USR004034,HEALTH_RESERVE,review_preparedness_goal,Review the preparedness goal and current buffer.,low,2026-05-04T00:00:20
REC00002708,INS00002708,USR004036,MINDGUARD,maintain_monitoring,Continue routine monitoring.,low,2026-07-20T19:00:20
REC00002709,INS00002709,USR004037,MINDGUARD,repeat_assessment,Repeat the assessment later to add another observation.,medium,2026-02-07T16:00:20
REC00002710,INS00002710,USR004039,HEALTH_RESERVE,review_preparedness_goal,Review the preparedness goal and current buffer.,low,2026-08-08T17:00:20
REC00002711,INS00002711,USR004040,MINDGUARD,wellbeing_checkin,Complete a wellbeing check-in to add context.,medium,2026-06-03T06:00:20
REC00002712,INS00002712,USR004041,MINDGUARD,review_sleep,Review recent sleep context and repeat monitoring when convenient.,medium,2026-05-09T13:00:20
REC00002713,INS00002713,USR004042,HEALTH_RESERVE,review_preparedness_goal,Review the preparedness goal and current buffer.,medium,2026-05-14T06:00:20
REC00002714,INS00002714,USR004045,MINDGUARD,review_sleep,Review recent sleep context and repeat monitoring when convenient.,low,2026-08-08T01:00:20
REC00002715,INS00002715,USR004045,HEALTH_RESERVE,review_preparedness_goal,Review the preparedness goal and current buffer.,medium,2026-09-14T12:00:20
REC00002716,INS00002716,USR004047,HEALTH_RESERVE,review_preparedness_goal,Review the preparedness goal and current buffer.,medium,2026-05-04T18:00:20
REC00002717,INS00002717,USR004048,HEALTH_RESERVE,review_preparedness_goal,Review the preparedness goal and current buffer.,low,2026-07-17T13:00:20
REC00002718,INS00002718,USR004049,MINDGUARD,repeat_assessment,Repeat the assessment later to add another observation.,medium,2026-01-19T02:00:20
REC00002719,INS00002719,USR004050,HEALTH_RESERVE,review_healthcare_coverage,Review healthcare coverage information.,medium,2026-03-16T12:00:20
REC00002720,INS00002720,USR004051,HEALTH_RESERVE,review_preparedness_goal,Review the preparedness goal and current buffer.,medium,2026-01-30T08:00:20
REC00002721,INS00002721,USR004052,MINDGUARD,repeat_assessment,Repeat the assessment later to add another observation.,medium,2026-02-03T23:00:20
REC00002722,INS00002722,USR004055,MINDGUARD,wellbeing_checkin,Complete a wellbeing check-in to add context.,medium,2026-05-26T07:00:20
REC00002723,INS00002723,USR004056,HEALTH_RESERVE,review_healthcare_coverage,Review healthcare coverage information.,medium,2026-09-08T20:00:20
REC00002724,INS00002724,USR004057,HEALTH_RESERVE,review_preparedness_goal,Review the preparedness goal and current buffer.,medium,2026-05-02T04:00:20
REC00002725,INS00002725,USR004058,MINDGUARD,repeat_assessment,Repeat the assessment later to add another observation.,low,2026-07-30T09:00:20
REC00002726,INS00002726,USR004059,HEALTH_RESERVE,review_preparedness_goal,Review the preparedness goal and current buffer.,low,2026-07-17T13:00:20
REC00002727,INS00002727,USR004060,MINDGUARD,repeat_assessment,Repeat the assessment later to add another observation.,low,2026-09-14T12:00:20
REC00002728,INS00002728,USR004061,MINDGUARD,wellbeing_checkin,Complete a wellbeing check-in to add context.,medium,2026-07-25T02:00:20
REC00002729,INS00002729,USR004062,HEALTH_RESERVE,review_preparedness_goal,Review the preparedness goal and current buffer.,medium,2026-05-03T23:00:20
REC00002730,INS00002730,USR004063,HEALTH_RESERVE,review_healthcare_coverage,Review healthcare coverage information.,low,2026-09-14T12:00:20
REC00002731,INS00002731,USR004066,MINDGUARD,maintain_monitoring,Continue routine monitoring.,medium,2026-08-22T19:00:20
REC00002732,INS00002732,USR004067,MINDGUARD,review_sleep,Review recent sleep context and repeat monitoring when convenient.,medium,2026-09-14T12:00:20
REC00002733,INS00002733,USR004069,HEALTH_RESERVE,review_healthcare_coverage,Review healthcare coverage information.,medium,2026-06-13T07:00:20
REC00002734,INS00002734,USR004071,MINDGUARD,maintain_monitoring,Continue routine monitoring.,medium,2026-09-14T12:00:20
REC00002735,INS00002735,USR004073,MINDGUARD,repeat_assessment,Repeat the assessment later to add another observation.,medium,2026-06-24T23:00:20
REC00002736,INS00002736,USR004074,MINDGUARD,repeat_assessment,Repeat the assessment later to add another observation.,low,2026-07-10T11:00:20
REC00002737,INS00002737,USR004075,MINDGUARD,repeat_assessment,Repeat the assessment later to add another observation.,low,2026-09-01T05:00:20
REC00002738,INS00002738,USR004076,MINDGUARD,repeat_assessment,Repeat the assessment later to add another observation.,medium,2026-09-14T12:00:20
REC00002739,INS00002739,USR004077,MINDGUARD,repeat_assessment,Repeat the assessment later to add another observation.,medium,2026-02-02T22:00:20
REC00002740,INS00002740,USR004079,MINDGUARD,maintain_monitoring,Continue routine monitoring.,medium,2026-06-18T03:00:20
REC00002741,INS00002741,USR004082,MINDGUARD,maintain_monitoring,Continue routine monitoring.,low,2026-04-12T09:00:20
REC00002742,INS00002742,USR004084,MINDGUARD,repeat_assessment,Repeat the assessment later to add another observation.,medium,2026-03-18T10:00:20
REC00002743,INS00002743,USR004086,HEALTH_RESERVE,review_preparedness_goal,Review the preparedness goal and current buffer.,low,2026-05-12T18:00:20
REC00002744,INS00002744,USR004089,MINDGUARD,maintain_monitoring,Continue routine monitoring.,medium,2026-07-16T14:00:20
REC00002745,INS00002745,USR004091,MINDGUARD,repeat_assessment,Repeat the assessment later to add another observation.,medium,2026-05-03T21:00:20
REC00002746,INS00002746,USR004092,MINDGUARD,repeat_assessment,Repeat the assessment later to add another observation.,low,2026-03-15T21:00:20
REC00002747,INS00002747,USR004093,MINDGUARD,repeat_assessment,Repeat the assessment later to add another observation.,low,2026-05-10T02:00:20
REC00002748,INS00002748,USR004094,HEALTH_RESERVE,review_healthcare_coverage,Review healthcare coverage information.,low,2026-04-12T09:00:20
REC00002749,INS00002749,USR004095,HEALTH_RESERVE,review_preparedness_goal,Review the preparedness goal and current buffer.,low,2026-06-26T00:00:20
REC00002750,INS00002750,USR004096,HEALTH_RESERVE,review_preparedness_goal,Review the preparedness goal and current buffer.,medium,2026-02-24T11:00:20
REC00002751,INS00002751,USR004097,HEALTH_RESERVE,review_healthcare_coverage,Review healthcare coverage information.,medium,2026-09-02T15:00:20
REC00002752,INS00002752,USR004098,MINDGUARD,maintain_monitoring,Continue routine monitoring.,medium,2026-04-09T15:00:20
REC00002753,INS00002753,USR004099,MINDGUARD,maintain_monitoring,Continue routine monitoring.,low,2026-09-14T12:00:20
REC00002754,INS00002754,USR004100,MINDGUARD,review_sleep,Review recent sleep context and repeat monitoring when convenient.,medium,2026-08-07T20:00:20
REC00002755,INS00002755,USR004106,MINDGUARD,maintain_monitoring,Continue routine monitoring.,low,2026-08-15T23:00:20
REC00002756,INS00002756,USR004111,MINDGUARD,maintain_monitoring,Continue routine monitoring.,low,2026-04-30T14:00:20
REC00002757,INS00002757,USR004112,MINDGUARD,review_sleep,Review recent sleep context and repeat monitoring when convenient.,low,2026-08-04T03:00:20
REC00002758,INS00002758,USR004113,MINDGUARD,maintain_monitoring,Continue routine monitoring.,low,2026-06-10T11:00:20
REC00002759,INS00002759,USR004114,MINDGUARD,repeat_assessment,Repeat the assessment later to add another observation.,medium,2026-04-07T07:00:20
REC00002760,INS00002760,USR004115,MINDGUARD,maintain_monitoring,Continue routine monitoring.,low,2026-07-22T08:00:20
REC00002761,INS00002761,USR004116,MINDGUARD,review_sleep,Review recent sleep context and repeat monitoring when convenient.,medium,2026-05-26T11:00:20
REC00002762,INS00002762,USR004117,HEALTH_RESERVE,review_preparedness_goal,Review the preparedness goal and current buffer.,low,2026-09-14T12:00:20
REC00002763,INS00002763,USR004122,MINDGUARD,repeat_assessment,Repeat the assessment later to add another observation.,medium,2026-07-15T12:00:20
REC00002764,INS00002764,USR004123,MINDGUARD,maintain_monitoring,Continue routine monitoring.,medium,2026-09-14T12:00:20
REC00002765,INS00002765,USR004125,MINDGUARD,maintain_monitoring,Continue routine monitoring.,medium,2026-09-01T05:00:20
REC00002766,INS00002766,USR004126,MINDGUARD,repeat_assessment,Repeat the assessment later to add another observation.,medium,2026-06-18T16:00:20
REC00002767,INS00002767,USR004128,MINDGUARD,maintain_monitoring,Continue routine monitoring.,medium,2026-09-14T12:00:20
REC00002768,INS00002768,USR004129,HEALTH_RESERVE,review_preparedness_goal,Review the preparedness goal and current buffer.,medium,2026-03-02T02:00:20
REC00002769,INS00002769,USR004130,MINDGUARD,maintain_monitoring,Continue routine monitoring.,low,2026-09-14T12:00:20
REC00002770,INS00002770,USR004131,MINDGUARD,repeat_assessment,Repeat the assessment later to add another observation.,medium,2026-04-11T21:00:20
REC00002771,INS00002771,USR004131,HEALTH_RESERVE,review_preparedness_goal,Review the preparedness goal and current buffer.,medium,2026-09-05T00:00:20
REC00002772,INS00002772,USR004132,HEALTH_RESERVE,review_preparedness_goal,Review the preparedness goal and current buffer.,medium,2026-09-14T12:00:20
REC00002773,INS00002773,USR004134,MINDGUARD,maintain_monitoring,Continue routine monitoring.,low,2026-07-18T00:00:20
REC00002774,INS00002774,USR004137,MINDGUARD,repeat_assessment,Repeat the assessment later to add another observation.,medium,2026-05-01T10:00:20
REC00002775,INS00002775,USR004142,MINDGUARD,repeat_assessment,Repeat the assessment later to add another observation.,low,2026-03-23T05:00:20
REC00002776,INS00002776,USR004143,MINDGUARD,maintain_monitoring,Continue routine monitoring.,medium,2026-05-12T17:00:20
REC00002777,INS00002777,USR004144,HEALTH_RESERVE,review_healthcare_coverage,Review healthcare coverage information.,low,2026-09-03T16:00:20
REC00002778,INS00002778,USR004145,HEALTH_RESERVE,review_preparedness_goal,Review the preparedness goal and current buffer.,low,2026-07-28T04:00:20
REC00002779,INS00002779,USR004146,MINDGUARD,repeat_assessment,Repeat the assessment later to add another observation.,low,2026-07-11T11:00:20
REC00002780,INS00002780,USR004149,HEALTH_RESERVE,review_preparedness_goal,Review the preparedness goal and current buffer.,medium,2026-06-20T20:00:20
REC00002781,INS00002781,USR004150,MINDGUARD,repeat_assessment,Repeat the assessment later to add another observation.,low,2026-04-12T01:00:20
REC00002782,INS00002782,USR004151,MINDGUARD,repeat_assessment,Repeat the assessment later to add another observation.,low,2026-07-21T23:00:20
REC00002783,INS00002783,USR004153,HEALTH_RESERVE,review_preparedness_goal,Review the preparedness goal and current buffer.,medium,2026-08-20T21:00:20
REC00002784,INS00002784,USR004154,MINDGUARD,repeat_assessment,Repeat the assessment later to add another observation.,medium,2026-06-10T13:00:20
REC00002785,INS00002785,USR004158,MINDGUARD,repeat_assessment,Repeat the assessment later to add another observation.,low,2026-03-30T02:00:20
REC00002786,INS00002786,USR004160,MINDGUARD,repeat_assessment,Repeat the assessment later to add another observation.,low,2026-07-13T05:00:20
REC00002787,INS00002787,USR004162,HEALTH_RESERVE,review_healthcare_coverage,Review healthcare coverage information.,medium,2026-06-26T05:00:20
REC00002788,INS00002788,USR004164,HEALTH_RESERVE,review_preparedness_goal,Review the preparedness goal and current buffer.,low,2026-06-27T17:00:20
REC00002789,INS00002789,USR004165,MINDGUARD,maintain_monitoring,Continue routine monitoring.,medium,2026-04-07T22:00:20
REC00002790,INS00002790,USR004166,MINDGUARD,repeat_assessment,Repeat the assessment later to add another observation.,low,2026-08-11T08:00:20
REC00002791,INS00002791,USR004166,HEALTH_RESERVE,review_preparedness_goal,Review the preparedness goal and current buffer.,low,2026-04-13T10:00:20
REC00002792,INS00002792,USR004171,HEALTH_RESERVE,review_preparedness_goal,Review the preparedness goal and current buffer.,medium,2026-02-27T18:00:20
REC00002793,INS00002793,USR004172,HEALTH_RESERVE,review_preparedness_goal,Review the preparedness goal and current buffer.,low,2026-08-03T19:00:20
REC00002794,INS00002794,USR004173,MINDGUARD,repeat_assessment,Repeat the assessment later to add another observation.,low,2026-03-16T07:00:20
REC00002795,INS00002795,USR004173,HEALTH_RESERVE,review_preparedness_goal,Review the preparedness goal and current buffer.,medium,2026-07-23T09:00:20
REC00002796,INS00002796,USR004175,HEALTH_RESERVE,review_preparedness_goal,Review the preparedness goal and current buffer.,medium,2026-09-14T12:00:20
REC00002797,INS00002797,USR004176,MINDGUARD,maintain_monitoring,Continue routine monitoring.,low,2026-06-15T21:00:20
REC00002798,INS00002798,USR004178,MINDGUARD,repeat_assessment,Repeat the assessment later to add another observation.,medium,2026-07-26T02:00:20
REC00002799,INS00002799,USR004178,HEALTH_RESERVE,review_preparedness_goal,Review the preparedness goal and current buffer.,medium,2026-09-14T12:00:20
REC00002800,INS00002800,USR004179,MINDGUARD,repeat_assessment,Repeat the assessment later to add another observation.,medium,2026-05-10T20:00:20
REC00002801,INS00002801,USR004180,MINDGUARD,repeat_assessment,Repeat the assessment later to add another observation.,low,2026-05-15T18:00:20
REC00002802,INS00002802,USR004181,HEALTH_RESERVE,review_preparedness_goal,Review the preparedness goal and current buffer.,low,2026-06-01T07:00:20
REC00002803,INS00002803,USR004182,MINDGUARD,repeat_assessment,Repeat the assessment later to add another observation.,low,2026-01-19T19:00:20
REC00002804,INS00002804,USR004183,MINDGUARD,repeat_assessment,Repeat the assessment later to add another observation.,low,2026-05-05T19:00:20
REC00002805,INS00002805,USR004183,HEALTH_RESERVE,review_preparedness_goal,Review the preparedness goal and current buffer.,medium,2026-05-07T00:00:20
REC00002806,INS00002806,USR004184,MINDGUARD,maintain_monitoring,Continue routine monitoring.,low,2026-08-20T05:00:20
REC00002807,INS00002807,USR004187,HEALTH_RESERVE,review_healthcare_coverage,Review healthcare coverage information.,medium,2026-04-26T03:00:20
REC00002808,INS00002808,USR004189,MINDGUARD,wellbeing_checkin,Complete a wellbeing check-in to add context.,medium,2026-02-28T05:00:20
REC00002809,INS00002809,USR004189,HEALTH_RESERVE,review_preparedness_goal,Review the preparedness goal and current buffer.,medium,2026-05-20T03:00:20
REC00002810,INS00002810,USR004190,MINDGUARD,wellbeing_checkin,Complete a wellbeing check-in to add context.,medium,2026-05-23T17:00:20
REC00002811,INS00002811,USR004191,MINDGUARD,maintain_monitoring,Continue routine monitoring.,low,2026-07-12T14:00:20
REC00002812,INS00002812,USR004192,MINDGUARD,review_sleep,Review recent sleep context and repeat monitoring when convenient.,medium,2026-06-01T11:00:20
REC00002813,INS00002813,USR004195,MINDGUARD,maintain_monitoring,Continue routine monitoring.,medium,2026-09-06T21:00:20
REC00002814,INS00002814,USR004197,HEALTH_RESERVE,review_preparedness_goal,Review the preparedness goal and current buffer.,medium,2026-05-05T07:00:20
REC00002815,INS00002815,USR004198,HEALTH_RESERVE,review_preparedness_goal,Review the preparedness goal and current buffer.,low,2026-07-29T07:00:20
REC00002816,INS00002816,USR004199,MINDGUARD,maintain_monitoring,Continue routine monitoring.,low,2026-09-14T12:00:20
REC00002817,INS00002817,USR004200,MINDGUARD,repeat_assessment,Repeat the assessment later to add another observation.,medium,2026-03-02T17:00:20
REC00002818,INS00002818,USR004202,HEALTH_RESERVE,review_healthcare_coverage,Review healthcare coverage information.,medium,2026-05-29T17:00:20
REC00002819,INS00002819,USR004205,MINDGUARD,repeat_assessment,Repeat the assessment later to add another observation.,medium,2026-09-14T12:00:20
REC00002820,INS00002820,USR004205,HEALTH_RESERVE,review_preparedness_goal,Review the preparedness goal and current buffer.,medium,2026-07-03T04:00:20
REC00002821,INS00002821,USR004207,MINDGUARD,repeat_assessment,Repeat the assessment later to add another observation.,medium,2026-03-28T03:00:20
REC00002822,INS00002822,USR004208,MINDGUARD,repeat_assessment,Repeat the assessment later to add another observation.,medium,2026-05-04T22:00:20
REC00002823,INS00002823,USR004209,MINDGUARD,repeat_assessment,Repeat the assessment later to add another observation.,medium,2026-08-08T03:00:20
REC00002824,INS00002824,USR004211,MINDGUARD,maintain_monitoring,Continue routine monitoring.,medium,2026-09-14T12:00:20
REC00002825,INS00002825,USR004212,MINDGUARD,maintain_monitoring,Continue routine monitoring.,medium,2026-03-04T15:00:20
REC00002826,INS00002826,USR004213,MINDGUARD,maintain_monitoring,Continue routine monitoring.,medium,2026-07-27T09:00:20
REC00002827,INS00002827,USR004214,MINDGUARD,repeat_assessment,Repeat the assessment later to add another observation.,medium,2026-09-14T12:00:20
REC00002828,INS00002828,USR004218,HEALTH_RESERVE,review_healthcare_coverage,Review healthcare coverage information.,low,2026-07-23T00:00:20
REC00002829,INS00002829,USR004222,MINDGUARD,maintain_monitoring,Continue routine monitoring.,low,2026-08-25T19:00:20
REC00002830,INS00002830,USR004224,MINDGUARD,repeat_assessment,Repeat the assessment later to add another observation.,medium,2026-04-10T13:00:20
REC00002831,INS00002831,USR004225,MINDGUARD,wellbeing_checkin,Complete a wellbeing check-in to add context.,medium,2026-05-02T11:00:20
REC00002832,INS00002832,USR004227,HEALTH_RESERVE,review_preparedness_goal,Review the preparedness goal and current buffer.,medium,2026-01-03T02:00:20
REC00002833,INS00002833,USR004232,HEALTH_RESERVE,review_preparedness_goal,Review the preparedness goal and current buffer.,low,2026-08-07T18:00:20
REC00002834,INS00002834,USR004233,MINDGUARD,maintain_monitoring,Continue routine monitoring.,low,2026-03-31T04:00:20
REC00002835,INS00002835,USR004234,MINDGUARD,maintain_monitoring,Continue routine monitoring.,medium,2026-01-25T22:00:20
REC00002836,INS00002836,USR004234,HEALTH_RESERVE,review_healthcare_coverage,Review healthcare coverage information.,medium,2026-06-15T18:00:20
REC00002837,INS00002837,USR004237,MINDGUARD,maintain_monitoring,Continue routine monitoring.,medium,2026-09-03T14:00:20
REC00002838,INS00002838,USR004238,MINDGUARD,maintain_monitoring,Continue routine monitoring.,medium,2026-09-05T05:00:20
REC00002839,INS00002839,USR004239,HEALTH_RESERVE,review_preparedness_goal,Review the preparedness goal and current buffer.,medium,2026-06-12T22:00:20
REC00002840,INS00002840,USR004240,HEALTH_RESERVE,review_preparedness_goal,Review the preparedness goal and current buffer.,medium,2026-05-05T05:00:20
REC00002841,INS00002841,USR004243,MINDGUARD,repeat_assessment,Repeat the assessment later to add another observation.,low,2026-04-10T16:00:20
REC00002842,INS00002842,USR004243,HEALTH_RESERVE,review_preparedness_goal,Review the preparedness goal and current buffer.,medium,2026-05-02T12:00:20
REC00002843,INS00002843,USR004244,MINDGUARD,maintain_monitoring,Continue routine monitoring.,medium,2026-08-14T01:00:20
REC00002844,INS00002844,USR004245,MINDGUARD,repeat_assessment,Repeat the assessment later to add another observation.,medium,2026-09-12T22:00:20
REC00002845,INS00002845,USR004248,MINDGUARD,review_sleep,Review recent sleep context and repeat monitoring when convenient.,medium,2026-06-18T17:00:20
REC00002846,INS00002846,USR004250,MINDGUARD,repeat_assessment,Repeat the assessment later to add another observation.,medium,2026-02-03T04:00:20
REC00002847,INS00002847,USR004254,MINDGUARD,repeat_assessment,Repeat the assessment later to add another observation.,low,2026-08-24T12:00:20
REC00002848,INS00002848,USR004255,MINDGUARD,repeat_assessment,Repeat the assessment later to add another observation.,low,2026-06-01T08:00:20
REC00002849,INS00002849,USR004258,MINDGUARD,maintain_monitoring,Continue routine monitoring.,low,2026-03-30T06:00:20
REC00002850,INS00002850,USR004259,MINDGUARD,repeat_assessment,Repeat the assessment later to add another observation.,low,2026-03-19T05:00:20
REC00002851,INS00002851,USR004262,HEALTH_RESERVE,review_preparedness_goal,Review the preparedness goal and current buffer.,medium,2026-04-07T04:00:20
REC00002852,INS00002852,USR004263,HEALTH_RESERVE,review_preparedness_goal,Review the preparedness goal and current buffer.,medium,2026-09-14T12:00:20
REC00002853,INS00002853,USR004264,MINDGUARD,wellbeing_checkin,Complete a wellbeing check-in to add context.,medium,2026-09-14T12:00:20
REC00002854,INS00002854,USR004264,HEALTH_RESERVE,review_preparedness_goal,Review the preparedness goal and current buffer.,low,2026-05-31T21:00:20
REC00002855,INS00002855,USR004265,MINDGUARD,maintain_monitoring,Continue routine monitoring.,low,2026-03-31T06:00:20
REC00002856,INS00002856,USR004267,MINDGUARD,repeat_assessment,Repeat the assessment later to add another observation.,low,2026-05-15T00:00:20
REC00002857,INS00002857,USR004268,MINDGUARD,repeat_assessment,Repeat the assessment later to add another observation.,low,2026-05-30T08:00:20
REC00002858,INS00002858,USR004268,HEALTH_RESERVE,review_preparedness_goal,Review the preparedness goal and current buffer.,medium,2026-09-14T12:00:20
REC00002859,INS00002859,USR004269,MINDGUARD,maintain_monitoring,Continue routine monitoring.,low,2026-06-25T20:00:20
REC00002860,INS00002860,USR004270,MINDGUARD,repeat_assessment,Repeat the assessment later to add another observation.,medium,2026-02-09T04:00:20
REC00002861,INS00002861,USR004270,HEALTH_RESERVE,review_preparedness_goal,Review the preparedness goal and current buffer.,low,2026-01-25T05:00:20
REC00002862,INS00002862,USR004272,MINDGUARD,wellbeing_checkin,Complete a wellbeing check-in to add context.,low,2026-05-11T09:00:20
REC00002863,INS00002863,USR004275,MINDGUARD,maintain_monitoring,Continue routine monitoring.,medium,2026-07-23T01:00:20
REC00002864,INS00002864,USR004277,MINDGUARD,repeat_assessment,Repeat the assessment later to add another observation.,medium,2026-06-24T02:00:20
REC00002865,INS00002865,USR004278,MINDGUARD,maintain_monitoring,Continue routine monitoring.,low,2026-09-14T12:00:20
REC00002866,INS00002866,USR004279,MINDGUARD,maintain_monitoring,Continue routine monitoring.,medium,2026-08-08T07:00:20
REC00002867,INS00002867,USR004279,HEALTH_RESERVE,review_preparedness_goal,Review the preparedness goal and current buffer.,low,2026-04-16T07:00:20
REC00002868,INS00002868,USR004280,MINDGUARD,repeat_assessment,Repeat the assessment later to add another observation.,low,2026-06-11T04:00:20
REC00002869,INS00002869,USR004281,MINDGUARD,repeat_assessment,Repeat the assessment later to add another observation.,low,2026-02-23T04:00:20
REC00002870,INS00002870,USR004281,HEALTH_RESERVE,review_healthcare_coverage,Review healthcare coverage information.,medium,2026-04-07T22:00:20
REC00002871,INS00002871,USR004283,MINDGUARD,repeat_assessment,Repeat the assessment later to add another observation.,medium,2026-05-30T14:00:20
REC00002872,INS00002872,USR004285,MINDGUARD,repeat_assessment,Repeat the assessment later to add another observation.,medium,2026-06-11T22:00:20
REC00002873,INS00002873,USR004286,MINDGUARD,repeat_assessment,Repeat the assessment later to add another observation.,medium,2026-04-29T16:00:20
REC00002874,INS00002874,USR004288,HEALTH_RESERVE,review_preparedness_goal,Review the preparedness goal and current buffer.,medium,2026-09-14T12:00:20
REC00002875,INS00002875,USR004290,MINDGUARD,repeat_assessment,Repeat the assessment later to add another observation.,low,2026-09-14T12:00:20
REC00002876,INS00002876,USR004291,MINDGUARD,maintain_monitoring,Continue routine monitoring.,medium,2026-07-29T14:00:20
REC00002877,INS00002877,USR004293,MINDGUARD,repeat_assessment,Repeat the assessment later to add another observation.,low,2026-01-31T10:00:20
REC00002878,INS00002878,USR004296,MINDGUARD,repeat_assessment,Repeat the assessment later to add another observation.,low,2026-02-28T14:00:20
REC00002879,INS00002879,USR004297,MINDGUARD,maintain_monitoring,Continue routine monitoring.,low,2026-05-01T08:00:20
REC00002880,INS00002880,USR004299,MINDGUARD,maintain_monitoring,Continue routine monitoring.,low,2026-08-08T15:00:20
REC00002881,INS00002881,USR004300,MINDGUARD,maintain_monitoring,Continue routine monitoring.,low,2026-04-13T08:00:20
REC00002882,INS00002882,USR004302,MINDGUARD,wellbeing_checkin,Complete a wellbeing check-in to add context.,low,2026-06-11T05:00:20
REC00002883,INS00002883,USR004303,MINDGUARD,maintain_monitoring,Continue routine monitoring.,medium,2026-05-29T15:00:20
REC00002884,INS00002884,USR004304,MINDGUARD,maintain_monitoring,Continue routine monitoring.,medium,2026-09-13T00:00:20
REC00002885,INS00002885,USR004304,HEALTH_RESERVE,review_healthcare_coverage,Review healthcare coverage information.,medium,2026-08-06T02:00:20
REC00002886,INS00002886,USR004305,MINDGUARD,wellbeing_checkin,Complete a wellbeing check-in to add context.,medium,2026-09-12T15:00:20
REC00002887,INS00002887,USR004305,HEALTH_RESERVE,review_preparedness_goal,Review the preparedness goal and current buffer.,low,2026-07-14T13:00:20
REC00002888,INS00002888,USR004307,HEALTH_RESERVE,review_preparedness_goal,Review the preparedness goal and current buffer.,medium,2026-09-03T20:00:20
REC00002889,INS00002889,USR004308,MINDGUARD,repeat_assessment,Repeat the assessment later to add another observation.,low,2026-04-01T16:00:20
REC00002890,INS00002890,USR004308,HEALTH_RESERVE,review_preparedness_goal,Review the preparedness goal and current buffer.,medium,2026-05-10T12:00:20
REC00002891,INS00002891,USR004309,MINDGUARD,repeat_assessment,Repeat the assessment later to add another observation.,medium,2026-05-27T23:00:20
REC00002892,INS00002892,USR004310,MINDGUARD,review_sleep,Review recent sleep context and repeat monitoring when convenient.,low,2026-08-21T02:00:20
REC00002893,INS00002893,USR004313,MINDGUARD,repeat_assessment,Repeat the assessment later to add another observation.,low,2026-02-15T14:00:20
REC00002894,INS00002894,USR004314,HEALTH_RESERVE,review_preparedness_goal,Review the preparedness goal and current buffer.,low,2026-05-04T10:00:20
REC00002895,INS00002895,USR004315,MINDGUARD,maintain_monitoring,Continue routine monitoring.,medium,2026-05-01T16:00:20
REC00002896,INS00002896,USR004318,MINDGUARD,repeat_assessment,Repeat the assessment later to add another observation.,medium,2026-01-29T00:00:20
REC00002897,INS00002897,USR004319,HEALTH_RESERVE,review_preparedness_goal,Review the preparedness goal and current buffer.,medium,2026-09-14T12:00:20
REC00002898,INS00002898,USR004320,MINDGUARD,maintain_monitoring,Continue routine monitoring.,medium,2026-05-02T09:00:20
REC00002899,INS00002899,USR004323,MINDGUARD,repeat_assessment,Repeat the assessment later to add another observation.,low,2026-03-12T07:00:20
REC00002900,INS00002900,USR004325,HEALTH_RESERVE,review_preparedness_goal,Review the preparedness goal and current buffer.,low,2026-05-26T14:00:20
REC00002901,INS00002901,USR004327,HEALTH_RESERVE,review_preparedness_goal,Review the preparedness goal and current buffer.,low,2026-07-15T18:00:20
REC00002902,INS00002902,USR004328,HEALTH_RESERVE,review_preparedness_goal,Review the preparedness goal and current buffer.,medium,2026-06-30T14:00:20
REC00002903,INS00002903,USR004329,MINDGUARD,wellbeing_checkin,Complete a wellbeing check-in to add context.,medium,2026-09-14T12:00:20
REC00002904,INS00002904,USR004329,HEALTH_RESERVE,review_preparedness_goal,Review the preparedness goal and current buffer.,medium,2026-07-31T11:00:20
REC00002905,INS00002905,USR004331,MINDGUARD,maintain_monitoring,Continue routine monitoring.,medium,2026-09-05T14:00:20
REC00002906,INS00002906,USR004332,MINDGUARD,repeat_assessment,Repeat the assessment later to add another observation.,low,2026-06-04T14:00:20
REC00002907,INS00002907,USR004332,HEALTH_RESERVE,review_preparedness_goal,Review the preparedness goal and current buffer.,medium,2026-08-10T22:00:20
REC00002908,INS00002908,USR004336,MINDGUARD,review_sleep,Review recent sleep context and repeat monitoring when convenient.,medium,2026-08-16T20:00:20
REC00002909,INS00002909,USR004338,MINDGUARD,maintain_monitoring,Continue routine monitoring.,medium,2026-06-24T16:00:20
REC00002910,INS00002910,USR004341,MINDGUARD,maintain_monitoring,Continue routine monitoring.,medium,2026-09-07T15:00:20
REC00002911,INS00002911,USR004342,MINDGUARD,maintain_monitoring,Continue routine monitoring.,low,2026-09-14T08:00:20
REC00002912,INS00002912,USR004344,MINDGUARD,repeat_assessment,Repeat the assessment later to add another observation.,low,2026-02-13T16:00:20
REC00002913,INS00002913,USR004345,MINDGUARD,repeat_assessment,Repeat the assessment later to add another observation.,low,2026-08-01T09:00:20
REC00002914,INS00002914,USR004347,MINDGUARD,maintain_monitoring,Continue routine monitoring.,low,2026-09-14T12:00:20
REC00002915,INS00002915,USR004348,MINDGUARD,maintain_monitoring,Continue routine monitoring.,low,2026-09-01T18:00:20
REC00002916,INS00002916,USR004349,HEALTH_RESERVE,review_preparedness_goal,Review the preparedness goal and current buffer.,medium,2026-07-10T06:00:20
REC00002917,INS00002917,USR004350,MINDGUARD,maintain_monitoring,Continue routine monitoring.,medium,2026-09-14T12:00:20
REC00002918,INS00002918,USR004351,HEALTH_RESERVE,review_preparedness_goal,Review the preparedness goal and current buffer.,low,2026-02-13T22:00:20
REC00002919,INS00002919,USR004353,HEALTH_RESERVE,review_healthcare_coverage,Review healthcare coverage information.,low,2026-09-14T12:00:20
REC00002920,INS00002920,USR004354,MINDGUARD,repeat_assessment,Repeat the assessment later to add another observation.,medium,2026-05-09T04:00:20
REC00002921,INS00002921,USR004355,MINDGUARD,repeat_assessment,Repeat the assessment later to add another observation.,low,2026-04-07T17:00:20
REC00002922,INS00002922,USR004356,MINDGUARD,wellbeing_checkin,Complete a wellbeing check-in to add context.,medium,2026-04-27T01:00:20
REC00002923,INS00002923,USR004358,MINDGUARD,repeat_assessment,Repeat the assessment later to add another observation.,medium,2026-06-02T23:00:20
REC00002924,INS00002924,USR004358,HEALTH_RESERVE,review_preparedness_goal,Review the preparedness goal and current buffer.,medium,2026-09-14T12:00:20
REC00002925,INS00002925,USR004359,MINDGUARD,repeat_assessment,Repeat the assessment later to add another observation.,low,2026-02-23T02:00:20
REC00002926,INS00002926,USR004359,HEALTH_RESERVE,review_preparedness_goal,Review the preparedness goal and current buffer.,medium,2026-01-30T18:00:20
REC00002927,INS00002927,USR004360,MINDGUARD,repeat_assessment,Repeat the assessment later to add another observation.,low,2026-07-08T08:00:20
REC00002928,INS00002928,USR004361,MINDGUARD,repeat_assessment,Repeat the assessment later to add another observation.,medium,2026-07-16T12:00:20
REC00002929,INS00002929,USR004363,MINDGUARD,maintain_monitoring,Continue routine monitoring.,low,2026-07-01T03:00:20
REC00002930,INS00002930,USR004366,MINDGUARD,repeat_assessment,Repeat the assessment later to add another observation.,low,2026-09-14T12:00:20
REC00002931,INS00002931,USR004368,MINDGUARD,maintain_monitoring,Continue routine monitoring.,medium,2026-09-02T23:00:20
REC00002932,INS00002932,USR004369,MINDGUARD,repeat_assessment,Repeat the assessment later to add another observation.,low,2026-03-02T05:00:20
REC00002933,INS00002933,USR004371,MINDGUARD,maintain_monitoring,Continue routine monitoring.,low,2026-07-16T19:00:20
REC00002934,INS00002934,USR004372,HEALTH_RESERVE,review_preparedness_goal,Review the preparedness goal and current buffer.,low,2026-04-23T20:00:20
REC00002935,INS00002935,USR004373,MINDGUARD,maintain_monitoring,Continue routine monitoring.,low,2026-04-11T06:00:20
REC00002936,INS00002936,USR004374,HEALTH_RESERVE,review_preparedness_goal,Review the preparedness goal and current buffer.,low,2026-03-09T06:00:20
REC00002937,INS00002937,USR004376,MINDGUARD,maintain_monitoring,Continue routine monitoring.,medium,2026-06-07T04:00:20
REC00002938,INS00002938,USR004376,HEALTH_RESERVE,review_preparedness_goal,Review the preparedness goal and current buffer.,medium,2026-06-21T11:00:20
REC00002939,INS00002939,USR004377,HEALTH_RESERVE,review_preparedness_goal,Review the preparedness goal and current buffer.,low,2026-04-30T00:00:20
REC00002940,INS00002940,USR004378,MINDGUARD,wellbeing_checkin,Complete a wellbeing check-in to add context.,medium,2026-06-27T02:00:20
REC00002941,INS00002941,USR004379,MINDGUARD,repeat_assessment,Repeat the assessment later to add another observation.,low,2026-02-07T18:00:20
REC00002942,INS00002942,USR004380,MINDGUARD,maintain_monitoring,Continue routine monitoring.,medium,2026-09-05T17:00:20
REC00002943,INS00002943,USR004380,HEALTH_RESERVE,review_preparedness_goal,Review the preparedness goal and current buffer.,low,2026-09-06T21:00:20
REC00002944,INS00002944,USR004383,MINDGUARD,maintain_monitoring,Continue routine monitoring.,low,2026-05-26T14:00:20
REC00002945,INS00002945,USR004384,MINDGUARD,repeat_assessment,Repeat the assessment later to add another observation.,medium,2026-01-01T23:00:20
REC00002946,INS00002946,USR004385,MINDGUARD,maintain_monitoring,Continue routine monitoring.,low,2026-08-18T20:00:20
REC00002947,INS00002947,USR004386,MINDGUARD,review_sleep,Review recent sleep context and repeat monitoring when convenient.,medium,2026-01-02T14:00:20
REC00002948,INS00002948,USR004389,MINDGUARD,maintain_monitoring,Continue routine monitoring.,medium,2026-09-14T12:00:20
REC00002949,INS00002949,USR004392,MINDGUARD,review_sleep,Review recent sleep context and repeat monitoring when convenient.,low,2026-09-14T12:00:20
REC00002950,INS00002950,USR004393,MINDGUARD,repeat_assessment,Repeat the assessment later to add another observation.,low,2026-03-21T11:00:20
REC00002951,INS00002951,USR004397,MINDGUARD,maintain_monitoring,Continue routine monitoring.,low,2026-07-20T20:00:20
REC00002952,INS00002952,USR004397,HEALTH_RESERVE,review_preparedness_goal,Review the preparedness goal and current buffer.,low,2026-09-14T12:00:20
REC00002953,INS00002953,USR004398,MINDGUARD,maintain_monitoring,Continue routine monitoring.,medium,2026-09-14T12:00:20
REC00002954,INS00002954,USR004401,MINDGUARD,wellbeing_checkin,Complete a wellbeing check-in to add context.,medium,2026-03-29T11:00:20
REC00002955,INS00002955,USR004403,MINDGUARD,repeat_assessment,Repeat the assessment later to add another observation.,low,2026-03-01T20:00:20
REC00002956,INS00002956,USR004403,HEALTH_RESERVE,review_preparedness_goal,Review the preparedness goal and current buffer.,low,2026-08-01T00:00:20
REC00002957,INS00002957,USR004404,HEALTH_RESERVE,review_preparedness_goal,Review the preparedness goal and current buffer.,medium,2026-06-28T18:00:20
REC00002958,INS00002958,USR004405,HEALTH_RESERVE,review_preparedness_goal,Review the preparedness goal and current buffer.,medium,2026-04-02T02:00:20
REC00002959,INS00002959,USR004406,MINDGUARD,maintain_monitoring,Continue routine monitoring.,low,2026-07-03T18:00:20
REC00002960,INS00002960,USR004406,HEALTH_RESERVE,review_preparedness_goal,Review the preparedness goal and current buffer.,low,2026-09-14T12:00:20
REC00002961,INS00002961,USR004408,MINDGUARD,maintain_monitoring,Continue routine monitoring.,low,2026-05-12T08:00:20
REC00002962,INS00002962,USR004409,MINDGUARD,maintain_monitoring,Continue routine monitoring.,medium,2026-09-14T12:00:20
REC00002963,INS00002963,USR004410,HEALTH_RESERVE,review_preparedness_goal,Review the preparedness goal and current buffer.,low,2026-08-21T14:00:20
REC00002964,INS00002964,USR004411,MINDGUARD,repeat_assessment,Repeat the assessment later to add another observation.,medium,2026-09-14T12:00:20
REC00002965,INS00002965,USR004413,HEALTH_RESERVE,review_preparedness_goal,Review the preparedness goal and current buffer.,low,2026-04-25T20:00:20
REC00002966,INS00002966,USR004414,MINDGUARD,maintain_monitoring,Continue routine monitoring.,low,2026-03-26T19:00:20
REC00002967,INS00002967,USR004415,MINDGUARD,wellbeing_checkin,Complete a wellbeing check-in to add context.,medium,2026-07-26T05:00:20
REC00002968,INS00002968,USR004418,MINDGUARD,repeat_assessment,Repeat the assessment later to add another observation.,low,2026-05-12T05:00:20
REC00002969,INS00002969,USR004419,MINDGUARD,maintain_monitoring,Continue routine monitoring.,low,2026-05-24T08:00:20
REC00002970,INS00002970,USR004421,MINDGUARD,repeat_assessment,Repeat the assessment later to add another observation.,medium,2026-05-19T09:00:20
REC00002971,INS00002971,USR004422,MINDGUARD,repeat_assessment,Repeat the assessment later to add another observation.,low,2026-02-23T00:00:20
REC00002972,INS00002972,USR004424,HEALTH_RESERVE,review_preparedness_goal,Review the preparedness goal and current buffer.,low,2026-03-26T22:00:20
REC00002973,INS00002973,USR004427,MINDGUARD,repeat_assessment,Repeat the assessment later to add another observation.,low,2026-05-27T04:00:20
REC00002974,INS00002974,USR004428,MINDGUARD,repeat_assessment,Repeat the assessment later to add another observation.,medium,2026-06-04T06:00:20
REC00002975,INS00002975,USR004430,MINDGUARD,review_sleep,Review recent sleep context and repeat monitoring when convenient.,medium,2026-07-16T19:00:20
REC00002976,INS00002976,USR004430,HEALTH_RESERVE,review_preparedness_goal,Review the preparedness goal and current buffer.,low,2026-07-05T13:00:20
REC00002977,INS00002977,USR004431,HEALTH_RESERVE,review_preparedness_goal,Review the preparedness goal and current buffer.,low,2026-05-06T02:00:20
REC00002978,INS00002978,USR004432,MINDGUARD,repeat_assessment,Repeat the assessment later to add another observation.,low,2026-05-07T20:00:20
REC00002979,INS00002979,USR004433,MINDGUARD,maintain_monitoring,Continue routine monitoring.,medium,2026-02-17T16:00:20
REC00002980,INS00002980,USR004434,MINDGUARD,repeat_assessment,Repeat the assessment later to add another observation.,medium,2026-04-19T17:00:20
REC00002981,INS00002981,USR004435,MINDGUARD,repeat_assessment,Repeat the assessment later to add another observation.,medium,2026-06-09T16:00:20
REC00002982,INS00002982,USR004436,MINDGUARD,maintain_monitoring,Continue routine monitoring.,low,2026-04-09T06:00:20
REC00002983,INS00002983,USR004437,HEALTH_RESERVE,review_preparedness_goal,Review the preparedness goal and current buffer.,low,2026-07-11T14:00:20
REC00002984,INS00002984,USR004438,MINDGUARD,wellbeing_checkin,Complete a wellbeing check-in to add context.,medium,2026-07-15T08:00:20
REC00002985,INS00002985,USR004441,MINDGUARD,maintain_monitoring,Continue routine monitoring.,medium,2026-04-23T11:00:20
REC00002986,INS00002986,USR004442,HEALTH_RESERVE,review_preparedness_goal,Review the preparedness goal and current buffer.,low,2026-09-14T12:00:20
REC00002987,INS00002987,USR004443,MINDGUARD,repeat_assessment,Repeat the assessment later to add another observation.,medium,2026-05-07T14:00:20
REC00002988,INS00002988,USR004448,MINDGUARD,repeat_assessment,Repeat the assessment later to add another observation.,medium,2026-05-18T09:00:20
REC00002989,INS00002989,USR004450,MINDGUARD,wellbeing_checkin,Complete a wellbeing check-in to add context.,low,2026-09-14T12:00:20
REC00002990,INS00002990,USR004451,MINDGUARD,repeat_assessment,Repeat the assessment later to add another observation.,low,2026-06-12T14:00:20
REC00002991,INS00002991,USR004452,HEALTH_RESERVE,review_preparedness_goal,Review the preparedness goal and current buffer.,medium,2026-03-14T09:00:20
REC00002992,INS00002992,USR004455,MINDGUARD,maintain_monitoring,Continue routine monitoring.,low,2026-09-14T12:00:20
REC00002993,INS00002993,USR004456,MINDGUARD,repeat_assessment,Repeat the assessment later to add another observation.,medium,2026-08-29T06:00:20
REC00002994,INS00002994,USR004456,HEALTH_RESERVE,review_healthcare_coverage,Review healthcare coverage information.,low,2026-08-10T02:00:20
REC00002995,INS00002995,USR004458,MINDGUARD,repeat_assessment,Repeat the assessment later to add another observation.,medium,2026-09-02T08:00:20
REC00002996,INS00002996,USR004460,MINDGUARD,repeat_assessment,Repeat the assessment later to add another observation.,low,2026-04-06T23:00:20
REC00002997,INS00002997,USR004461,MINDGUARD,repeat_assessment,Repeat the assessment later to add another observation.,low,2026-04-10T22:00:20
REC00002998,INS00002998,USR004462,MINDGUARD,repeat_assessment,Repeat the assessment later to add another observation.,low,2026-03-18T23:00:20
REC00002999,INS00002999,USR004464,MINDGUARD,repeat_assessment,Repeat the assessment later to add another observation.,medium,2026-03-12T22:00:20
REC00003000,INS00003000,USR004466,MINDGUARD,maintain_monitoring,Continue routine monitoring.,medium,2026-07-11T10:00:20
REC00003001,INS00003001,USR004467,HEALTH_RESERVE,review_preparedness_goal,Review the preparedness goal and current buffer.,medium,2026-05-11T02:00:20
REC00003002,INS00003002,USR004468,HEALTH_RESERVE,review_preparedness_goal,Review the preparedness goal and current buffer.,medium,2026-04-29T09:00:20
REC00003003,INS00003003,USR004470,MINDGUARD,wellbeing_checkin,Complete a wellbeing check-in to add context.,medium,2026-07-24T08:00:20
REC00003004,INS00003004,USR004471,MINDGUARD,repeat_assessment,Repeat the assessment later to add another observation.,medium,2026-07-16T13:00:20
REC00003005,INS00003005,USR004472,MINDGUARD,maintain_monitoring,Continue routine monitoring.,medium,2026-09-14T12:00:20
REC00003006,INS00003006,USR004473,MINDGUARD,repeat_assessment,Repeat the assessment later to add another observation.,low,2026-03-22T05:00:20
REC00003007,INS00003007,USR004475,MINDGUARD,repeat_assessment,Repeat the assessment later to add another observation.,low,2026-06-18T00:00:20
REC00003008,INS00003008,USR004477,MINDGUARD,wellbeing_checkin,Complete a wellbeing check-in to add context.,low,2026-08-23T07:00:20
REC00003009,INS00003009,USR004478,HEALTH_RESERVE,review_healthcare_coverage,Review healthcare coverage information.,low,2026-06-28T07:00:20
REC00003010,INS00003010,USR004479,HEALTH_RESERVE,review_healthcare_coverage,Review healthcare coverage information.,low,2026-08-25T13:00:20
REC00003011,INS00003011,USR004480,MINDGUARD,repeat_assessment,Repeat the assessment later to add another observation.,medium,2026-01-12T21:00:20
REC00003012,INS00003012,USR004481,MINDGUARD,repeat_assessment,Repeat the assessment later to add another observation.,low,2026-08-12T07:00:20
REC00003013,INS00003013,USR004482,MINDGUARD,maintain_monitoring,Continue routine monitoring.,low,2026-07-24T17:00:20
REC00003014,INS00003014,USR004483,MINDGUARD,repeat_assessment,Repeat the assessment later to add another observation.,low,2026-02-25T15:00:20
REC00003015,INS00003015,USR004484,MINDGUARD,maintain_monitoring,Continue routine monitoring.,low,2026-05-29T08:00:20
REC00003016,INS00003016,USR004485,MINDGUARD,maintain_monitoring,Continue routine monitoring.,low,2026-09-14T12:00:20
REC00003017,INS00003017,USR004487,MINDGUARD,maintain_monitoring,Continue routine monitoring.,low,2026-05-01T12:00:20
REC00003018,INS00003018,USR004489,MINDGUARD,repeat_assessment,Repeat the assessment later to add another observation.,low,2026-02-08T10:00:20
REC00003019,INS00003019,USR004491,HEALTH_RESERVE,review_preparedness_goal,Review the preparedness goal and current buffer.,medium,2026-07-25T14:00:20
REC00003020,INS00003020,USR004492,HEALTH_RESERVE,review_preparedness_goal,Review the preparedness goal and current buffer.,medium,2026-06-29T04:00:20
REC00003021,INS00003021,USR004493,HEALTH_RESERVE,review_preparedness_goal,Review the preparedness goal and current buffer.,low,2026-06-27T11:00:20
REC00003022,INS00003022,USR004495,MINDGUARD,maintain_monitoring,Continue routine monitoring.,low,2026-03-07T11:00:20
REC00003023,INS00003023,USR004496,MINDGUARD,repeat_assessment,Repeat the assessment later to add another observation.,medium,2026-06-11T22:00:20
REC00003024,INS00003024,USR004499,MINDGUARD,repeat_assessment,Repeat the assessment later to add another observation.,low,2026-07-15T12:00:20
REC00003025,INS00003025,USR004500,MINDGUARD,repeat_assessment,Repeat the assessment later to add another observation.,medium,2026-03-05T14:00:20
REC00003026,INS00003026,USR004503,MINDGUARD,repeat_assessment,Repeat the assessment later to add another observation.,low,2026-06-25T10:00:20
REC00003027,INS00003027,USR004506,MINDGUARD,repeat_assessment,Repeat the assessment later to add another observation.,low,2026-03-20T11:00:20
REC00003028,INS00003028,USR004508,MINDGUARD,repeat_assessment,Repeat the assessment later to add another observation.,low,2025-12-30T00:00:20
REC00003029,INS00003029,USR004509,MINDGUARD,maintain_monitoring,Continue routine monitoring.,medium,2026-05-14T18:00:20
REC00003030,INS00003030,USR004511,HEALTH_RESERVE,review_healthcare_coverage,Review healthcare coverage information.,low,2026-08-22T10:00:20
REC00003031,INS00003031,USR004514,MINDGUARD,review_sleep,Review recent sleep context and repeat monitoring when convenient.,low,2026-03-09T17:00:20
REC00003032,INS00003032,USR004515,MINDGUARD,repeat_assessment,Repeat the assessment later to add another observation.,low,2026-06-23T16:00:20
REC00003033,INS00003033,USR004516,MINDGUARD,repeat_assessment,Repeat the assessment later to add another observation.,medium,2026-02-27T19:00:20
REC00003034,INS00003034,USR004520,MINDGUARD,maintain_monitoring,Continue routine monitoring.,low,2026-09-12T17:00:20
REC00003035,INS00003035,USR004523,HEALTH_RESERVE,review_preparedness_goal,Review the preparedness goal and current buffer.,low,2026-08-07T08:00:20
REC00003036,INS00003036,USR004524,MINDGUARD,repeat_assessment,Repeat the assessment later to add another observation.,low,2026-07-21T10:00:20
REC00003037,INS00003037,USR004526,MINDGUARD,maintain_monitoring,Continue routine monitoring.,medium,2026-03-23T02:00:20
REC00003038,INS00003038,USR004528,MINDGUARD,maintain_monitoring,Continue routine monitoring.,low,2026-06-07T21:00:20
REC00003039,INS00003039,USR004528,HEALTH_RESERVE,review_preparedness_goal,Review the preparedness goal and current buffer.,low,2026-08-07T04:00:20
REC00003040,INS00003040,USR004530,MINDGUARD,repeat_assessment,Repeat the assessment later to add another observation.,medium,2026-04-15T04:00:20
REC00003041,INS00003041,USR004531,HEALTH_RESERVE,review_preparedness_goal,Review the preparedness goal and current buffer.,low,2026-08-07T08:00:20
REC00003042,INS00003042,USR004536,HEALTH_RESERVE,review_healthcare_coverage,Review healthcare coverage information.,medium,2026-05-08T12:00:20
REC00003043,INS00003043,USR004537,MINDGUARD,maintain_monitoring,Continue routine monitoring.,low,2026-08-11T23:00:20
REC00003044,INS00003044,USR004538,HEALTH_RESERVE,review_preparedness_goal,Review the preparedness goal and current buffer.,medium,2026-09-14T12:00:20
REC00003045,INS00003045,USR004540,MINDGUARD,repeat_assessment,Repeat the assessment later to add another observation.,medium,2026-02-12T19:00:20
REC00003046,INS00003046,USR004541,MINDGUARD,repeat_assessment,Repeat the assessment later to add another observation.,medium,2026-06-03T14:00:20
REC00003047,INS00003047,USR004542,MINDGUARD,repeat_assessment,Repeat the assessment later to add another observation.,medium,2026-08-27T04:00:20
REC00003048,INS00003048,USR004542,HEALTH_RESERVE,review_preparedness_goal,Review the preparedness goal and current buffer.,medium,2026-07-08T05:00:20
REC00003049,INS00003049,USR004543,MINDGUARD,repeat_assessment,Repeat the assessment later to add another observation.,low,2026-05-19T02:00:20
REC00003050,INS00003050,USR004544,HEALTH_RESERVE,review_preparedness_goal,Review the preparedness goal and current buffer.,medium,2026-08-21T15:00:20
REC00003051,INS00003051,USR004545,MINDGUARD,wellbeing_checkin,Complete a wellbeing check-in to add context.,low,2026-05-26T08:00:20
REC00003052,INS00003052,USR004546,HEALTH_RESERVE,review_preparedness_goal,Review the preparedness goal and current buffer.,low,2026-07-03T05:00:20
REC00003053,INS00003053,USR004548,MINDGUARD,maintain_monitoring,Continue routine monitoring.,medium,2026-09-14T12:00:20
REC00003054,INS00003054,USR004549,MINDGUARD,maintain_monitoring,Continue routine monitoring.,medium,2026-05-15T19:00:20
REC00003055,INS00003055,USR004555,MINDGUARD,repeat_assessment,Repeat the assessment later to add another observation.,low,2026-05-20T04:00:20
REC00003056,INS00003056,USR004555,HEALTH_RESERVE,review_healthcare_coverage,Review healthcare coverage information.,low,2026-04-05T18:00:20
REC00003057,INS00003057,USR004556,HEALTH_RESERVE,review_preparedness_goal,Review the preparedness goal and current buffer.,medium,2026-03-07T00:00:20
REC00003058,INS00003058,USR004557,HEALTH_RESERVE,review_preparedness_goal,Review the preparedness goal and current buffer.,low,2026-07-24T07:00:20
REC00003059,INS00003059,USR004562,MINDGUARD,maintain_monitoring,Continue routine monitoring.,medium,2026-08-20T06:00:20
REC00003060,INS00003060,USR004563,MINDGUARD,maintain_monitoring,Continue routine monitoring.,low,2026-05-28T16:00:20
REC00003061,INS00003061,USR004564,MINDGUARD,maintain_monitoring,Continue routine monitoring.,medium,2026-09-14T12:00:20
REC00003062,INS00003062,USR004566,MINDGUARD,maintain_monitoring,Continue routine monitoring.,low,2026-09-03T02:00:20
REC00003063,INS00003063,USR004567,HEALTH_RESERVE,review_preparedness_goal,Review the preparedness goal and current buffer.,medium,2026-05-26T01:00:20
REC00003064,INS00003064,USR004568,MINDGUARD,repeat_assessment,Repeat the assessment later to add another observation.,low,2026-06-16T05:00:20
REC00003065,INS00003065,USR004569,MINDGUARD,repeat_assessment,Repeat the assessment later to add another observation.,medium,2026-03-29T05:00:20
REC00003066,INS00003066,USR004570,HEALTH_RESERVE,review_preparedness_goal,Review the preparedness goal and current buffer.,low,2026-09-10T04:00:20
REC00003067,INS00003067,USR004572,MINDGUARD,review_sleep,Review recent sleep context and repeat monitoring when convenient.,medium,2026-07-04T12:00:20
REC00003068,INS00003068,USR004575,MINDGUARD,repeat_assessment,Repeat the assessment later to add another observation.,low,2026-08-31T16:00:20
REC00003069,INS00003069,USR004576,HEALTH_RESERVE,review_preparedness_goal,Review the preparedness goal and current buffer.,medium,2026-07-08T04:00:20
REC00003070,INS00003070,USR004577,MINDGUARD,maintain_monitoring,Continue routine monitoring.,low,2026-08-31T22:00:20
REC00003071,INS00003071,USR004577,HEALTH_RESERVE,review_preparedness_goal,Review the preparedness goal and current buffer.,low,2026-03-21T03:00:20
REC00003072,INS00003072,USR004579,MINDGUARD,repeat_assessment,Repeat the assessment later to add another observation.,medium,2026-09-14T12:00:20
REC00003073,INS00003073,USR004580,HEALTH_RESERVE,review_healthcare_coverage,Review healthcare coverage information.,medium,2026-08-13T02:00:20
REC00003074,INS00003074,USR004581,MINDGUARD,review_sleep,Review recent sleep context and repeat monitoring when convenient.,low,2026-05-03T00:00:20
REC00003075,INS00003075,USR004582,MINDGUARD,repeat_assessment,Repeat the assessment later to add another observation.,low,2026-06-22T21:00:20
REC00003076,INS00003076,USR004584,MINDGUARD,maintain_monitoring,Continue routine monitoring.,medium,2026-03-24T00:00:20
REC00003077,INS00003077,USR004587,MINDGUARD,repeat_assessment,Repeat the assessment later to add another observation.,low,2026-08-27T00:00:20
REC00003078,INS00003078,USR004589,MINDGUARD,maintain_monitoring,Continue routine monitoring.,medium,2026-09-06T07:00:20
REC00003079,INS00003079,USR004590,HEALTH_RESERVE,review_healthcare_coverage,Review healthcare coverage information.,low,2026-07-08T11:00:20
REC00003080,INS00003080,USR004591,MINDGUARD,maintain_monitoring,Continue routine monitoring.,low,2026-09-14T12:00:20
REC00003081,INS00003081,USR004592,MINDGUARD,repeat_assessment,Repeat the assessment later to add another observation.,medium,2026-09-07T09:00:20
REC00003082,INS00003082,USR004592,HEALTH_RESERVE,review_preparedness_goal,Review the preparedness goal and current buffer.,low,2026-06-23T14:00:20
REC00003083,INS00003083,USR004594,HEALTH_RESERVE,review_preparedness_goal,Review the preparedness goal and current buffer.,low,2026-03-25T21:00:20
REC00003084,INS00003084,USR004596,HEALTH_RESERVE,review_preparedness_goal,Review the preparedness goal and current buffer.,low,2026-05-06T01:00:20
REC00003085,INS00003085,USR004597,HEALTH_RESERVE,review_preparedness_goal,Review the preparedness goal and current buffer.,medium,2026-09-09T04:00:20
REC00003086,INS00003086,USR004600,MINDGUARD,repeat_assessment,Repeat the assessment later to add another observation.,medium,2026-05-19T18:00:20
REC00003087,INS00003087,USR004600,HEALTH_RESERVE,review_preparedness_goal,Review the preparedness goal and current buffer.,low,2026-04-17T13:00:20
REC00003088,INS00003088,USR004603,MINDGUARD,review_sleep,Review recent sleep context and repeat monitoring when convenient.,low,2026-08-31T13:00:20
REC00003089,INS00003089,USR004606,MINDGUARD,repeat_assessment,Repeat the assessment later to add another observation.,low,2026-07-31T01:00:20
REC00003090,INS00003090,USR004607,HEALTH_RESERVE,review_preparedness_goal,Review the preparedness goal and current buffer.,low,2026-02-13T18:00:20
REC00003091,INS00003091,USR004608,MINDGUARD,review_sleep,Review recent sleep context and repeat monitoring when convenient.,low,2026-07-18T03:00:20
REC00003092,INS00003092,USR004610,HEALTH_RESERVE,review_preparedness_goal,Review the preparedness goal and current buffer.,medium,2026-09-14T12:00:20
REC00003093,INS00003093,USR004611,MINDGUARD,wellbeing_checkin,Complete a wellbeing check-in to add context.,medium,2026-08-01T06:00:20
REC00003094,INS00003094,USR004612,MINDGUARD,repeat_assessment,Repeat the assessment later to add another observation.,medium,2026-05-01T15:00:20
REC00003095,INS00003095,USR004615,MINDGUARD,wellbeing_checkin,Complete a wellbeing check-in to add context.,low,2026-09-05T14:00:20
REC00003096,INS00003096,USR004616,MINDGUARD,maintain_monitoring,Continue routine monitoring.,low,2026-06-17T14:00:20
REC00003097,INS00003097,USR004616,HEALTH_RESERVE,review_preparedness_goal,Review the preparedness goal and current buffer.,medium,2026-07-02T21:00:20
REC00003098,INS00003098,USR004617,MINDGUARD,maintain_monitoring,Continue routine monitoring.,medium,2026-02-08T06:00:20
REC00003099,INS00003099,USR004618,HEALTH_RESERVE,review_healthcare_coverage,Review healthcare coverage information.,medium,2026-07-26T05:00:20
REC00003100,INS00003100,USR004620,MINDGUARD,repeat_assessment,Repeat the assessment later to add another observation.,low,2026-05-03T11:00:20
REC00003101,INS00003101,USR004622,MINDGUARD,maintain_monitoring,Continue routine monitoring.,low,2026-05-22T01:00:20
REC00003102,INS00003102,USR004623,HEALTH_RESERVE,review_preparedness_goal,Review the preparedness goal and current buffer.,medium,2026-06-15T19:00:20
REC00003103,INS00003103,USR004624,MINDGUARD,repeat_assessment,Repeat the assessment later to add another observation.,low,2026-05-24T05:00:20
REC00003104,INS00003104,USR004625,MINDGUARD,wellbeing_checkin,Complete a wellbeing check-in to add context.,low,2026-06-05T13:00:20
REC00003105,INS00003105,USR004627,MINDGUARD,wellbeing_checkin,Complete a wellbeing check-in to add context.,medium,2026-05-30T09:00:20
REC00003106,INS00003106,USR004630,MINDGUARD,repeat_assessment,Repeat the assessment later to add another observation.,medium,2026-01-23T03:00:20
REC00003107,INS00003107,USR004630,HEALTH_RESERVE,review_healthcare_coverage,Review healthcare coverage information.,low,2026-06-02T04:00:20
REC00003108,INS00003108,USR004631,MINDGUARD,maintain_monitoring,Continue routine monitoring.,medium,2026-05-20T04:00:20
REC00003109,INS00003109,USR004635,MINDGUARD,repeat_assessment,Repeat the assessment later to add another observation.,low,2026-05-07T03:00:20
REC00003110,INS00003110,USR004635,HEALTH_RESERVE,review_preparedness_goal,Review the preparedness goal and current buffer.,medium,2026-06-10T05:00:20
REC00003111,INS00003111,USR004636,MINDGUARD,maintain_monitoring,Continue routine monitoring.,low,2026-08-23T05:00:20
REC00003112,INS00003112,USR004637,MINDGUARD,repeat_assessment,Repeat the assessment later to add another observation.,low,2026-06-20T12:00:20
REC00003113,INS00003113,USR004639,MINDGUARD,wellbeing_checkin,Complete a wellbeing check-in to add context.,low,2026-09-14T12:00:20
REC00003114,INS00003114,USR004640,HEALTH_RESERVE,review_healthcare_coverage,Review healthcare coverage information.,medium,2026-06-07T18:00:20
REC00003115,INS00003115,USR004641,HEALTH_RESERVE,review_preparedness_goal,Review the preparedness goal and current buffer.,medium,2026-02-21T03:00:20
REC00003116,INS00003116,USR004642,HEALTH_RESERVE,review_preparedness_goal,Review the preparedness goal and current buffer.,medium,2026-09-14T12:00:20
REC00003117,INS00003117,USR004643,HEALTH_RESERVE,review_healthcare_coverage,Review healthcare coverage information.,low,2026-06-28T01:00:20
REC00003118,INS00003118,USR004644,MINDGUARD,maintain_monitoring,Continue routine monitoring.,medium,2026-06-12T21:00:20
REC00003119,INS00003119,USR004645,HEALTH_RESERVE,review_preparedness_goal,Review the preparedness goal and current buffer.,medium,2026-06-04T15:00:20
REC00003120,INS00003120,USR004646,MINDGUARD,maintain_monitoring,Continue routine monitoring.,medium,2026-07-08T02:00:20
REC00003121,INS00003121,USR004647,MINDGUARD,maintain_monitoring,Continue routine monitoring.,low,2026-09-14T12:00:20
REC00003122,INS00003122,USR004648,MINDGUARD,maintain_monitoring,Continue routine monitoring.,low,2026-07-27T14:00:20
REC00003123,INS00003123,USR004650,MINDGUARD,wellbeing_checkin,Complete a wellbeing check-in to add context.,medium,2026-04-28T02:00:20
REC00003124,INS00003124,USR004650,HEALTH_RESERVE,review_preparedness_goal,Review the preparedness goal and current buffer.,low,2026-09-14T12:00:20
REC00003125,INS00003125,USR004652,MINDGUARD,maintain_monitoring,Continue routine monitoring.,low,2026-01-13T09:00:20
REC00003126,INS00003126,USR004656,MINDGUARD,repeat_assessment,Repeat the assessment later to add another observation.,medium,2026-04-03T01:00:20
REC00003127,INS00003127,USR004656,HEALTH_RESERVE,review_preparedness_goal,Review the preparedness goal and current buffer.,medium,2026-06-11T04:00:20
REC00003128,INS00003128,USR004657,MINDGUARD,maintain_monitoring,Continue routine monitoring.,medium,2026-07-19T22:00:20
REC00003129,INS00003129,USR004658,MINDGUARD,repeat_assessment,Repeat the assessment later to add another observation.,low,2026-04-06T04:00:20
REC00003130,INS00003130,USR004659,MINDGUARD,maintain_monitoring,Continue routine monitoring.,medium,2026-08-16T23:00:20
REC00003131,INS00003131,USR004660,MINDGUARD,repeat_assessment,Repeat the assessment later to add another observation.,low,2026-05-22T23:00:20
REC00003132,INS00003132,USR004661,MINDGUARD,repeat_assessment,Repeat the assessment later to add another observation.,low,2026-09-14T12:00:20
REC00003133,INS00003133,USR004663,MINDGUARD,repeat_assessment,Repeat the assessment later to add another observation.,low,2026-05-02T18:00:20
REC00003134,INS00003134,USR004664,HEALTH_RESERVE,review_preparedness_goal,Review the preparedness goal and current buffer.,medium,2026-03-16T14:00:20
REC00003135,INS00003135,USR004665,MINDGUARD,maintain_monitoring,Continue routine monitoring.,medium,2026-09-14T12:00:20
REC00003136,INS00003136,USR004666,MINDGUARD,maintain_monitoring,Continue routine monitoring.,low,2026-08-06T22:00:20
REC00003137,INS00003137,USR004667,MINDGUARD,maintain_monitoring,Continue routine monitoring.,medium,2026-07-25T00:00:20
REC00003138,INS00003138,USR004668,MINDGUARD,repeat_assessment,Repeat the assessment later to add another observation.,medium,2026-07-26T23:00:20
REC00003139,INS00003139,USR004669,HEALTH_RESERVE,review_preparedness_goal,Review the preparedness goal and current buffer.,medium,2026-06-06T06:00:20
REC00003140,INS00003140,USR004670,HEALTH_RESERVE,review_preparedness_goal,Review the preparedness goal and current buffer.,low,2026-01-16T01:00:20
REC00003141,INS00003141,USR004671,MINDGUARD,repeat_assessment,Repeat the assessment later to add another observation.,low,2026-09-14T12:00:20
REC00003142,INS00003142,USR004674,MINDGUARD,repeat_assessment,Repeat the assessment later to add another observation.,medium,2026-09-08T19:00:20
REC00003143,INS00003143,USR004676,MINDGUARD,repeat_assessment,Repeat the assessment later to add another observation.,low,2026-06-06T11:00:20
REC00003144,INS00003144,USR004678,MINDGUARD,maintain_monitoring,Continue routine monitoring.,low,2026-03-31T12:00:20
REC00003145,INS00003145,USR004679,MINDGUARD,repeat_assessment,Repeat the assessment later to add another observation.,low,2026-02-11T19:00:20
REC00003146,INS00003146,USR004680,HEALTH_RESERVE,review_healthcare_coverage,Review healthcare coverage information.,medium,2026-05-12T13:00:20
REC00003147,INS00003147,USR004681,HEALTH_RESERVE,review_preparedness_goal,Review the preparedness goal and current buffer.,medium,2026-09-14T12:00:20
REC00003148,INS00003148,USR004682,HEALTH_RESERVE,review_preparedness_goal,Review the preparedness goal and current buffer.,medium,2026-08-13T12:00:20
REC00003149,INS00003149,USR004683,HEALTH_RESERVE,review_preparedness_goal,Review the preparedness goal and current buffer.,medium,2026-09-07T00:00:20
REC00003150,INS00003150,USR004687,MINDGUARD,review_sleep,Review recent sleep context and repeat monitoring when convenient.,low,2026-06-24T15:00:20
REC00003151,INS00003151,USR004689,MINDGUARD,maintain_monitoring,Continue routine monitoring.,medium,2026-09-14T12:00:20
REC00003152,INS00003152,USR004690,HEALTH_RESERVE,review_preparedness_goal,Review the preparedness goal and current buffer.,low,2026-03-28T04:00:20
REC00003153,INS00003153,USR004692,MINDGUARD,repeat_assessment,Repeat the assessment later to add another observation.,low,2026-05-27T14:00:20
REC00003154,INS00003154,USR004693,MINDGUARD,review_sleep,Review recent sleep context and repeat monitoring when convenient.,low,2026-05-02T20:00:20
REC00003155,INS00003155,USR004694,MINDGUARD,maintain_monitoring,Continue routine monitoring.,medium,2026-09-14T12:00:20
REC00003156,INS00003156,USR004695,MINDGUARD,maintain_monitoring,Continue routine monitoring.,low,2026-09-14T12:00:20
REC00003157,INS00003157,USR004695,HEALTH_RESERVE,review_preparedness_goal,Review the preparedness goal and current buffer.,low,2026-09-14T12:00:20
REC00003158,INS00003158,USR004696,MINDGUARD,repeat_assessment,Repeat the assessment later to add another observation.,low,2026-05-01T23:00:20
REC00003159,INS00003159,USR004698,MINDGUARD,maintain_monitoring,Continue routine monitoring.,low,2026-09-14T12:00:20
REC00003160,INS00003160,USR004699,HEALTH_RESERVE,review_healthcare_coverage,Review healthcare coverage information.,low,2026-06-24T09:00:20
REC00003161,INS00003161,USR004701,MINDGUARD,repeat_assessment,Repeat the assessment later to add another observation.,low,2026-05-22T19:00:20
REC00003162,INS00003162,USR004703,MINDGUARD,repeat_assessment,Repeat the assessment later to add another observation.,medium,2026-04-20T00:00:20
REC00003163,INS00003163,USR004703,HEALTH_RESERVE,review_preparedness_goal,Review the preparedness goal and current buffer.,low,2026-07-15T04:00:20
REC00003164,INS00003164,USR004705,MINDGUARD,repeat_assessment,Repeat the assessment later to add another observation.,medium,2026-06-18T02:00:20
REC00003165,INS00003165,USR004708,MINDGUARD,repeat_assessment,Repeat the assessment later to add another observation.,low,2026-06-09T19:00:20
REC00003166,INS00003166,USR004709,HEALTH_RESERVE,review_preparedness_goal,Review the preparedness goal and current buffer.,medium,2026-05-07T10:00:20
REC00003167,INS00003167,USR004711,MINDGUARD,maintain_monitoring,Continue routine monitoring.,medium,2026-07-22T10:00:20
REC00003168,INS00003168,USR004713,HEALTH_RESERVE,review_healthcare_coverage,Review healthcare coverage information.,medium,2026-05-04T03:00:20
REC00003169,INS00003169,USR004717,MINDGUARD,repeat_assessment,Repeat the assessment later to add another observation.,medium,2026-06-02T00:00:20
REC00003170,INS00003170,USR004719,MINDGUARD,repeat_assessment,Repeat the assessment later to add another observation.,medium,2026-04-15T17:00:20
REC00003171,INS00003171,USR004720,MINDGUARD,repeat_assessment,Repeat the assessment later to add another observation.,low,2026-09-14T12:00:20
REC00003172,INS00003172,USR004720,HEALTH_RESERVE,review_healthcare_coverage,Review healthcare coverage information.,low,2026-06-02T20:00:20
REC00003173,INS00003173,USR004721,MINDGUARD,maintain_monitoring,Continue routine monitoring.,medium,2026-07-29T21:00:20
REC00003174,INS00003174,USR004722,HEALTH_RESERVE,review_preparedness_goal,Review the preparedness goal and current buffer.,low,2026-02-21T14:00:20
REC00003175,INS00003175,USR004724,HEALTH_RESERVE,review_preparedness_goal,Review the preparedness goal and current buffer.,low,2026-06-08T08:00:20
REC00003176,INS00003176,USR004726,MINDGUARD,wellbeing_checkin,Complete a wellbeing check-in to add context.,low,2026-04-26T23:00:20
REC00003177,INS00003177,USR004727,HEALTH_RESERVE,review_preparedness_goal,Review the preparedness goal and current buffer.,low,2026-04-10T22:00:20
REC00003178,INS00003178,USR004730,MINDGUARD,repeat_assessment,Repeat the assessment later to add another observation.,low,2026-01-24T17:00:20
REC00003179,INS00003179,USR004732,MINDGUARD,repeat_assessment,Repeat the assessment later to add another observation.,low,2026-06-16T06:00:20
REC00003180,INS00003180,USR004733,HEALTH_RESERVE,review_preparedness_goal,Review the preparedness goal and current buffer.,medium,2026-09-14T12:00:20
REC00003181,INS00003181,USR004737,MINDGUARD,maintain_monitoring,Continue routine monitoring.,low,2026-05-28T07:00:20
REC00003182,INS00003182,USR004738,MINDGUARD,maintain_monitoring,Continue routine monitoring.,medium,2026-09-14T12:00:20
REC00003183,INS00003183,USR004739,MINDGUARD,repeat_assessment,Repeat the assessment later to add another observation.,low,2026-06-23T09:00:20
REC00003184,INS00003184,USR004741,MINDGUARD,review_sleep,Review recent sleep context and repeat monitoring when convenient.,medium,2026-09-14T12:00:20
REC00003185,INS00003185,USR004743,MINDGUARD,repeat_assessment,Repeat the assessment later to add another observation.,medium,2026-05-17T09:00:20
REC00003186,INS00003186,USR004744,MINDGUARD,maintain_monitoring,Continue routine monitoring.,medium,2026-09-14T12:00:20
REC00003187,INS00003187,USR004744,HEALTH_RESERVE,review_preparedness_goal,Review the preparedness goal and current buffer.,medium,2026-08-03T02:00:20
REC00003188,INS00003188,USR004746,MINDGUARD,review_sleep,Review recent sleep context and repeat monitoring when convenient.,low,2026-06-18T11:00:20
REC00003189,INS00003189,USR004748,MINDGUARD,repeat_assessment,Repeat the assessment later to add another observation.,medium,2026-02-28T22:00:20
REC00003190,INS00003190,USR004749,HEALTH_RESERVE,review_preparedness_goal,Review the preparedness goal and current buffer.,medium,2026-07-25T23:00:20
REC00003191,INS00003191,USR004751,MINDGUARD,maintain_monitoring,Continue routine monitoring.,low,2026-06-27T22:00:20
REC00003192,INS00003192,USR004752,HEALTH_RESERVE,review_preparedness_goal,Review the preparedness goal and current buffer.,low,2026-07-31T02:00:20
REC00003193,INS00003193,USR004756,HEALTH_RESERVE,review_preparedness_goal,Review the preparedness goal and current buffer.,low,2026-07-11T23:00:20
REC00003194,INS00003194,USR004757,MINDGUARD,maintain_monitoring,Continue routine monitoring.,low,2026-05-19T19:00:20
REC00003195,INS00003195,USR004759,HEALTH_RESERVE,review_preparedness_goal,Review the preparedness goal and current buffer.,medium,2026-01-03T17:00:20
REC00003196,INS00003196,USR004760,MINDGUARD,maintain_monitoring,Continue routine monitoring.,low,2026-07-13T09:00:20
REC00003197,INS00003197,USR004761,HEALTH_RESERVE,review_preparedness_goal,Review the preparedness goal and current buffer.,medium,2026-09-08T06:00:20
REC00003198,INS00003198,USR004762,HEALTH_RESERVE,review_preparedness_goal,Review the preparedness goal and current buffer.,medium,2026-09-14T12:00:20
REC00003199,INS00003199,USR004763,MINDGUARD,maintain_monitoring,Continue routine monitoring.,medium,2026-06-12T20:00:20
REC00003200,INS00003200,USR004763,HEALTH_RESERVE,review_preparedness_goal,Review the preparedness goal and current buffer.,medium,2026-03-13T14:00:20
REC00003201,INS00003201,USR004764,HEALTH_RESERVE,review_preparedness_goal,Review the preparedness goal and current buffer.,medium,2026-09-14T12:00:20
REC00003202,INS00003202,USR004765,MINDGUARD,repeat_assessment,Repeat the assessment later to add another observation.,low,2026-01-14T13:00:20
REC00003203,INS00003203,USR004766,HEALTH_RESERVE,review_preparedness_goal,Review the preparedness goal and current buffer.,medium,2026-04-14T03:00:20
REC00003204,INS00003204,USR004768,HEALTH_RESERVE,review_healthcare_coverage,Review healthcare coverage information.,medium,2026-08-05T02:00:20
REC00003205,INS00003205,USR004769,MINDGUARD,wellbeing_checkin,Complete a wellbeing check-in to add context.,medium,2026-09-14T12:00:20
REC00003206,INS00003206,USR004772,MINDGUARD,maintain_monitoring,Continue routine monitoring.,low,2026-07-06T05:00:20
REC00003207,INS00003207,USR004773,MINDGUARD,repeat_assessment,Repeat the assessment later to add another observation.,medium,2026-08-13T00:00:20
REC00003208,INS00003208,USR004774,MINDGUARD,repeat_assessment,Repeat the assessment later to add another observation.,medium,2026-03-08T10:00:20
REC00003209,INS00003209,USR004774,HEALTH_RESERVE,review_preparedness_goal,Review the preparedness goal and current buffer.,low,2026-07-21T14:00:20
REC00003210,INS00003210,USR004775,MINDGUARD,repeat_assessment,Repeat the assessment later to add another observation.,low,2026-05-09T20:00:20
REC00003211,INS00003211,USR004776,MINDGUARD,repeat_assessment,Repeat the assessment later to add another observation.,low,2026-05-21T09:00:20
REC00003212,INS00003212,USR004778,MINDGUARD,repeat_assessment,Repeat the assessment later to add another observation.,medium,2026-09-07T07:00:20
REC00003213,INS00003213,USR004779,MINDGUARD,maintain_monitoring,Continue routine monitoring.,medium,2026-08-04T01:00:20
REC00003214,INS00003214,USR004780,HEALTH_RESERVE,review_preparedness_goal,Review the preparedness goal and current buffer.,medium,2026-07-05T07:00:20
REC00003215,INS00003215,USR004783,MINDGUARD,maintain_monitoring,Continue routine monitoring.,medium,2026-02-03T02:00:20
REC00003216,INS00003216,USR004784,HEALTH_RESERVE,review_preparedness_goal,Review the preparedness goal and current buffer.,medium,2026-08-04T07:00:20
REC00003217,INS00003217,USR004786,MINDGUARD,repeat_assessment,Repeat the assessment later to add another observation.,medium,2026-08-24T11:00:20
REC00003218,INS00003218,USR004787,MINDGUARD,repeat_assessment,Repeat the assessment later to add another observation.,medium,2026-05-31T13:00:20
REC00003219,INS00003219,USR004788,MINDGUARD,repeat_assessment,Repeat the assessment later to add another observation.,low,2026-06-11T05:00:20
REC00003220,INS00003220,USR004789,MINDGUARD,repeat_assessment,Repeat the assessment later to add another observation.,medium,2026-06-22T22:00:20
REC00003221,INS00003221,USR004789,HEALTH_RESERVE,review_preparedness_goal,Review the preparedness goal and current buffer.,medium,2026-06-03T16:00:20
REC00003222,INS00003222,USR004790,MINDGUARD,review_sleep,Review recent sleep context and repeat monitoring when convenient.,low,2026-05-18T17:00:20
REC00003223,INS00003223,USR004790,HEALTH_RESERVE,review_healthcare_coverage,Review healthcare coverage information.,low,2026-09-14T12:00:20
REC00003224,INS00003224,USR004791,MINDGUARD,maintain_monitoring,Continue routine monitoring.,medium,2026-09-14T12:00:20
REC00003225,INS00003225,USR004794,MINDGUARD,wellbeing_checkin,Complete a wellbeing check-in to add context.,low,2026-06-24T14:00:20
REC00003226,INS00003226,USR004795,MINDGUARD,repeat_assessment,Repeat the assessment later to add another observation.,low,2026-03-11T01:00:20
REC00003227,INS00003227,USR004795,HEALTH_RESERVE,review_preparedness_goal,Review the preparedness goal and current buffer.,medium,2026-04-09T02:00:20
REC00003228,INS00003228,USR004798,MINDGUARD,review_sleep,Review recent sleep context and repeat monitoring when convenient.,low,2026-04-11T05:00:20
REC00003229,INS00003229,USR004799,MINDGUARD,repeat_assessment,Repeat the assessment later to add another observation.,low,2026-02-19T14:00:20
REC00003230,INS00003230,USR004800,HEALTH_RESERVE,review_healthcare_coverage,Review healthcare coverage information.,low,2026-06-10T20:00:20
REC00003231,INS00003231,USR004801,MINDGUARD,repeat_assessment,Repeat the assessment later to add another observation.,medium,2026-09-14T12:00:20
REC00003232,INS00003232,USR004802,MINDGUARD,maintain_monitoring,Continue routine monitoring.,low,2026-08-18T08:00:20
REC00003233,INS00003233,USR004803,MINDGUARD,review_sleep,Review recent sleep context and repeat monitoring when convenient.,low,2026-03-07T07:00:20
REC00003234,INS00003234,USR004804,MINDGUARD,maintain_monitoring,Continue routine monitoring.,medium,2026-05-29T16:00:20
REC00003235,INS00003235,USR004805,MINDGUARD,repeat_assessment,Repeat the assessment later to add another observation.,low,2026-06-01T23:00:20
REC00003236,INS00003236,USR004806,MINDGUARD,maintain_monitoring,Continue routine monitoring.,low,2026-09-14T12:00:20
REC00003237,INS00003237,USR004806,HEALTH_RESERVE,review_preparedness_goal,Review the preparedness goal and current buffer.,medium,2026-08-26T11:00:20
REC00003238,INS00003238,USR004807,MINDGUARD,repeat_assessment,Repeat the assessment later to add another observation.,low,2026-03-30T01:00:20
REC00003239,INS00003239,USR004808,MINDGUARD,wellbeing_checkin,Complete a wellbeing check-in to add context.,low,2026-04-07T09:00:20
REC00003240,INS00003240,USR004809,HEALTH_RESERVE,review_preparedness_goal,Review the preparedness goal and current buffer.,medium,2026-03-24T02:00:20
REC00003241,INS00003241,USR004811,MINDGUARD,repeat_assessment,Repeat the assessment later to add another observation.,low,2026-02-20T16:00:20
REC00003242,INS00003242,USR004811,HEALTH_RESERVE,review_preparedness_goal,Review the preparedness goal and current buffer.,medium,2026-03-18T14:00:20
REC00003243,INS00003243,USR004812,MINDGUARD,maintain_monitoring,Continue routine monitoring.,low,2026-04-16T16:00:20
REC00003244,INS00003244,USR004812,HEALTH_RESERVE,review_preparedness_goal,Review the preparedness goal and current buffer.,medium,2026-04-15T17:00:20
REC00003245,INS00003245,USR004813,MINDGUARD,review_sleep,Review recent sleep context and repeat monitoring when convenient.,low,2026-04-05T06:00:20
REC00003246,INS00003246,USR004816,MINDGUARD,wellbeing_checkin,Complete a wellbeing check-in to add context.,medium,2026-04-29T04:00:20
REC00003247,INS00003247,USR004817,HEALTH_RESERVE,review_healthcare_coverage,Review healthcare coverage information.,medium,2026-05-22T05:00:20
REC00003248,INS00003248,USR004820,MINDGUARD,repeat_assessment,Repeat the assessment later to add another observation.,low,2026-04-02T12:00:20
REC00003249,INS00003249,USR004821,MINDGUARD,repeat_assessment,Repeat the assessment later to add another observation.,medium,2026-06-25T05:00:20
REC00003250,INS00003250,USR004823,MINDGUARD,repeat_assessment,Repeat the assessment later to add another observation.,low,2026-05-02T03:00:20
REC00003251,INS00003251,USR004824,MINDGUARD,maintain_monitoring,Continue routine monitoring.,medium,2026-06-14T08:00:20
REC00003252,INS00003252,USR004825,MINDGUARD,maintain_monitoring,Continue routine monitoring.,medium,2026-04-26T00:00:20
REC00003253,INS00003253,USR004830,MINDGUARD,review_sleep,Review recent sleep context and repeat monitoring when convenient.,low,2026-07-03T19:00:20
REC00003254,INS00003254,USR004832,MINDGUARD,repeat_assessment,Repeat the assessment later to add another observation.,medium,2026-06-12T21:00:20
REC00003255,INS00003255,USR004833,MINDGUARD,review_sleep,Review recent sleep context and repeat monitoring when convenient.,low,2026-04-17T14:00:20
REC00003256,INS00003256,USR004835,MINDGUARD,repeat_assessment,Repeat the assessment later to add another observation.,medium,2026-04-25T16:00:20
REC00003257,INS00003257,USR004836,MINDGUARD,maintain_monitoring,Continue routine monitoring.,low,2026-04-27T09:00:20
REC00003258,INS00003258,USR004837,MINDGUARD,repeat_assessment,Repeat the assessment later to add another observation.,medium,2026-06-20T05:00:20
REC00003259,INS00003259,USR004840,MINDGUARD,repeat_assessment,Repeat the assessment later to add another observation.,medium,2026-08-14T19:00:20
REC00003260,INS00003260,USR004841,MINDGUARD,repeat_assessment,Repeat the assessment later to add another observation.,medium,2026-09-14T12:00:20
REC00003261,INS00003261,USR004842,HEALTH_RESERVE,review_preparedness_goal,Review the preparedness goal and current buffer.,medium,2026-05-23T09:00:20
REC00003262,INS00003262,USR004846,MINDGUARD,maintain_monitoring,Continue routine monitoring.,low,2026-09-14T12:00:20
REC00003263,INS00003263,USR004848,MINDGUARD,repeat_assessment,Repeat the assessment later to add another observation.,low,2026-05-26T19:00:20
REC00003264,INS00003264,USR004849,MINDGUARD,maintain_monitoring,Continue routine monitoring.,low,2026-07-19T04:00:20
REC00003265,INS00003265,USR004852,HEALTH_RESERVE,review_preparedness_goal,Review the preparedness goal and current buffer.,low,2026-08-19T09:00:20
REC00003266,INS00003266,USR004854,MINDGUARD,repeat_assessment,Repeat the assessment later to add another observation.,low,2026-08-12T17:00:20
REC00003267,INS00003267,USR004855,MINDGUARD,maintain_monitoring,Continue routine monitoring.,low,2026-04-18T07:00:20
REC00003268,INS00003268,USR004860,MINDGUARD,repeat_assessment,Repeat the assessment later to add another observation.,medium,2026-05-23T19:00:20
REC00003269,INS00003269,USR004862,MINDGUARD,repeat_assessment,Repeat the assessment later to add another observation.,medium,2026-05-07T12:00:20
REC00003270,INS00003270,USR004863,HEALTH_RESERVE,review_preparedness_goal,Review the preparedness goal and current buffer.,low,2026-08-07T02:00:20
REC00003271,INS00003271,USR004869,MINDGUARD,repeat_assessment,Repeat the assessment later to add another observation.,low,2026-07-11T09:00:20
REC00003272,INS00003272,USR004870,MINDGUARD,maintain_monitoring,Continue routine monitoring.,medium,2026-07-20T23:00:20
REC00003273,INS00003273,USR004871,MINDGUARD,repeat_assessment,Repeat the assessment later to add another observation.,medium,2026-08-31T08:00:20
REC00003274,INS00003274,USR004872,MINDGUARD,maintain_monitoring,Continue routine monitoring.,low,2026-07-15T22:00:20
REC00003275,INS00003275,USR004873,MINDGUARD,maintain_monitoring,Continue routine monitoring.,medium,2026-05-22T09:00:20
REC00003276,INS00003276,USR004875,MINDGUARD,wellbeing_checkin,Complete a wellbeing check-in to add context.,medium,2026-05-31T04:00:20
REC00003277,INS00003277,USR004875,HEALTH_RESERVE,review_healthcare_coverage,Review healthcare coverage information.,low,2026-03-12T02:00:20
REC00003278,INS00003278,USR004876,MINDGUARD,maintain_monitoring,Continue routine monitoring.,low,2026-09-14T12:00:20
REC00003279,INS00003279,USR004877,MINDGUARD,review_sleep,Review recent sleep context and repeat monitoring when convenient.,low,2026-05-14T23:00:20
REC00003280,INS00003280,USR004878,MINDGUARD,repeat_assessment,Repeat the assessment later to add another observation.,medium,2026-08-09T03:00:20
REC00003281,INS00003281,USR004879,MINDGUARD,repeat_assessment,Repeat the assessment later to add another observation.,low,2026-09-14T12:00:20
REC00003282,INS00003282,USR004880,MINDGUARD,review_sleep,Review recent sleep context and repeat monitoring when convenient.,low,2026-02-26T18:00:20
REC00003283,INS00003283,USR004881,MINDGUARD,repeat_assessment,Repeat the assessment later to add another observation.,low,2026-02-03T02:00:20
REC00003284,INS00003284,USR004882,HEALTH_RESERVE,review_preparedness_goal,Review the preparedness goal and current buffer.,medium,2026-05-14T17:00:20
REC00003285,INS00003285,USR004883,MINDGUARD,repeat_assessment,Repeat the assessment later to add another observation.,medium,2026-03-30T09:00:20
REC00003286,INS00003286,USR004884,HEALTH_RESERVE,review_preparedness_goal,Review the preparedness goal and current buffer.,medium,2026-01-30T22:00:20
REC00003287,INS00003287,USR004885,MINDGUARD,repeat_assessment,Repeat the assessment later to add another observation.,medium,2026-04-01T20:00:20
REC00003288,INS00003288,USR004886,MINDGUARD,maintain_monitoring,Continue routine monitoring.,medium,2026-07-20T18:00:20
REC00003289,INS00003289,USR004887,HEALTH_RESERVE,review_preparedness_goal,Review the preparedness goal and current buffer.,medium,2026-03-10T07:00:20
REC00003290,INS00003290,USR004888,MINDGUARD,maintain_monitoring,Continue routine monitoring.,medium,2026-05-03T04:00:20
REC00003291,INS00003291,USR004889,MINDGUARD,repeat_assessment,Repeat the assessment later to add another observation.,low,2026-01-31T06:00:20
REC00003292,INS00003292,USR004890,MINDGUARD,repeat_assessment,Repeat the assessment later to add another observation.,medium,2026-09-14T12:00:20
REC00003293,INS00003293,USR004893,MINDGUARD,repeat_assessment,Repeat the assessment later to add another observation.,low,2026-06-28T16:00:20
REC00003294,INS00003294,USR004894,MINDGUARD,review_sleep,Review recent sleep context and repeat monitoring when convenient.,medium,2026-07-16T14:00:20
REC00003295,INS00003295,USR004899,MINDGUARD,maintain_monitoring,Continue routine monitoring.,medium,2026-06-12T09:00:20
REC00003296,INS00003296,USR004900,HEALTH_RESERVE,review_preparedness_goal,Review the preparedness goal and current buffer.,low,2026-05-29T23:00:20
REC00003297,INS00003297,USR004901,MINDGUARD,maintain_monitoring,Continue routine monitoring.,low,2026-08-22T08:00:20
REC00003298,INS00003298,USR004902,MINDGUARD,maintain_monitoring,Continue routine monitoring.,low,2026-07-11T08:00:20
REC00003299,INS00003299,USR004903,MINDGUARD,review_sleep,Review recent sleep context and repeat monitoring when convenient.,medium,2026-08-04T21:00:20
REC00003300,INS00003300,USR004904,MINDGUARD,repeat_assessment,Repeat the assessment later to add another observation.,medium,2026-06-06T01:00:20
REC00003301,INS00003301,USR004904,HEALTH_RESERVE,review_preparedness_goal,Review the preparedness goal and current buffer.,low,2026-05-11T22:00:20
REC00003302,INS00003302,USR004905,MINDGUARD,repeat_assessment,Repeat the assessment later to add another observation.,low,2026-04-15T02:00:20
REC00003303,INS00003303,USR004907,MINDGUARD,maintain_monitoring,Continue routine monitoring.,medium,2026-05-07T13:00:20
REC00003304,INS00003304,USR004908,MINDGUARD,repeat_assessment,Repeat the assessment later to add another observation.,medium,2026-02-28T01:00:20
REC00003305,INS00003305,USR004908,HEALTH_RESERVE,review_healthcare_coverage,Review healthcare coverage information.,medium,2026-08-18T07:00:20
REC00003306,INS00003306,USR004910,MINDGUARD,repeat_assessment,Repeat the assessment later to add another observation.,medium,2026-09-14T12:00:20
REC00003307,INS00003307,USR004910,HEALTH_RESERVE,review_preparedness_goal,Review the preparedness goal and current buffer.,low,2026-05-24T15:00:20
REC00003308,INS00003308,USR004911,MINDGUARD,repeat_assessment,Repeat the assessment later to add another observation.,medium,2026-01-04T16:00:20
REC00003309,INS00003309,USR004913,MINDGUARD,wellbeing_checkin,Complete a wellbeing check-in to add context.,medium,2026-09-14T12:00:20
REC00003310,INS00003310,USR004914,MINDGUARD,maintain_monitoring,Continue routine monitoring.,low,2026-07-14T17:00:20
REC00003311,INS00003311,USR004915,MINDGUARD,repeat_assessment,Repeat the assessment later to add another observation.,low,2026-07-22T05:00:20
REC00003312,INS00003312,USR004917,MINDGUARD,repeat_assessment,Repeat the assessment later to add another observation.,medium,2026-09-14T12:00:20
REC00003313,INS00003313,USR004919,MINDGUARD,maintain_monitoring,Continue routine monitoring.,low,2026-05-30T04:00:20
REC00003314,INS00003314,USR004920,MINDGUARD,maintain_monitoring,Continue routine monitoring.,low,2026-07-14T02:00:20
REC00003315,INS00003315,USR004921,MINDGUARD,maintain_monitoring,Continue routine monitoring.,low,2026-04-14T00:00:20
REC00003316,INS00003316,USR004923,HEALTH_RESERVE,review_preparedness_goal,Review the preparedness goal and current buffer.,medium,2026-06-19T22:00:20
REC00003317,INS00003317,USR004924,MINDGUARD,repeat_assessment,Repeat the assessment later to add another observation.,medium,2026-08-23T16:00:20
REC00003318,INS00003318,USR004925,MINDGUARD,repeat_assessment,Repeat the assessment later to add another observation.,low,2026-05-03T23:00:20
REC00003319,INS00003319,USR004926,MINDGUARD,wellbeing_checkin,Complete a wellbeing check-in to add context.,low,2026-09-14T12:00:20
REC00003320,INS00003320,USR004927,MINDGUARD,maintain_monitoring,Continue routine monitoring.,low,2026-03-06T11:00:20
REC00003321,INS00003321,USR004931,HEALTH_RESERVE,review_preparedness_goal,Review the preparedness goal and current buffer.,medium,2026-06-06T02:00:20
REC00003322,INS00003322,USR004934,MINDGUARD,repeat_assessment,Repeat the assessment later to add another observation.,low,2026-03-21T23:00:20
REC00003323,INS00003323,USR004935,HEALTH_RESERVE,review_healthcare_coverage,Review healthcare coverage information.,medium,2026-08-28T03:00:20
REC00003324,INS00003324,USR004936,MINDGUARD,review_sleep,Review recent sleep context and repeat monitoring when convenient.,low,2026-04-20T12:00:20
REC00003325,INS00003325,USR004939,HEALTH_RESERVE,review_preparedness_goal,Review the preparedness goal and current buffer.,medium,2026-07-02T06:00:20
REC00003326,INS00003326,USR004941,HEALTH_RESERVE,review_preparedness_goal,Review the preparedness goal and current buffer.,medium,2026-09-02T21:00:20
REC00003327,INS00003327,USR004942,MINDGUARD,maintain_monitoring,Continue routine monitoring.,low,2026-03-09T20:00:20
REC00003328,INS00003328,USR004942,HEALTH_RESERVE,review_preparedness_goal,Review the preparedness goal and current buffer.,low,2026-06-18T17:00:20
REC00003329,INS00003329,USR004944,HEALTH_RESERVE,review_preparedness_goal,Review the preparedness goal and current buffer.,medium,2026-05-01T09:00:20
REC00003330,INS00003330,USR004948,MINDGUARD,repeat_assessment,Repeat the assessment later to add another observation.,medium,2026-04-03T10:00:20
REC00003331,INS00003331,USR004951,MINDGUARD,repeat_assessment,Repeat the assessment later to add another observation.,low,2026-03-19T20:00:20
REC00003332,INS00003332,USR004952,MINDGUARD,repeat_assessment,Repeat the assessment later to add another observation.,medium,2026-06-18T15:00:20
REC00003333,INS00003333,USR004952,HEALTH_RESERVE,review_healthcare_coverage,Review healthcare coverage information.,low,2026-07-24T17:00:20
REC00003334,INS00003334,USR004953,MINDGUARD,repeat_assessment,Repeat the assessment later to add another observation.,low,2026-04-23T06:00:20
REC00003335,INS00003335,USR004954,MINDGUARD,maintain_monitoring,Continue routine monitoring.,medium,2026-06-21T00:00:20
REC00003336,INS00003336,USR004957,MINDGUARD,maintain_monitoring,Continue routine monitoring.,low,2026-04-06T12:00:20
REC00003337,INS00003337,USR004958,MINDGUARD,repeat_assessment,Repeat the assessment later to add another observation.,low,2026-02-18T21:00:20
REC00003338,INS00003338,USR004960,MINDGUARD,maintain_monitoring,Continue routine monitoring.,medium,2026-09-14T12:00:20
REC00003339,INS00003339,USR004961,MINDGUARD,repeat_assessment,Repeat the assessment later to add another observation.,medium,2026-07-04T00:00:20
REC00003340,INS00003340,USR004963,HEALTH_RESERVE,review_preparedness_goal,Review the preparedness goal and current buffer.,medium,2026-09-05T08:00:20
REC00003341,INS00003341,USR004965,HEALTH_RESERVE,review_preparedness_goal,Review the preparedness goal and current buffer.,low,2026-07-01T13:00:20
REC00003342,INS00003342,USR004966,HEALTH_RESERVE,review_preparedness_goal,Review the preparedness goal and current buffer.,medium,2026-04-25T06:00:20
REC00003343,INS00003343,USR004970,HEALTH_RESERVE,review_preparedness_goal,Review the preparedness goal and current buffer.,medium,2026-09-14T12:00:20
REC00003344,INS00003344,USR004971,HEALTH_RESERVE,review_preparedness_goal,Review the preparedness goal and current buffer.,low,2026-08-11T15:00:20
REC00003345,INS00003345,USR004973,MINDGUARD,maintain_monitoring,Continue routine monitoring.,low,2026-07-08T03:00:20
REC00003346,INS00003346,USR004973,HEALTH_RESERVE,review_preparedness_goal,Review the preparedness goal and current buffer.,low,2026-08-18T20:00:20
REC00003347,INS00003347,USR004974,MINDGUARD,repeat_assessment,Repeat the assessment later to add another observation.,medium,2026-07-15T06:00:20
REC00003348,INS00003348,USR004975,MINDGUARD,repeat_assessment,Repeat the assessment later to add another observation.,low,2026-05-06T22:00:20
REC00003349,INS00003349,USR004977,HEALTH_RESERVE,review_preparedness_goal,Review the preparedness goal and current buffer.,low,2026-06-07T17:00:20
REC00003350,INS00003350,USR004978,MINDGUARD,repeat_assessment,Repeat the assessment later to add another observation.,medium,2026-03-25T10:00:20
REC00003351,INS00003351,USR004978,HEALTH_RESERVE,review_healthcare_coverage,Review healthcare coverage information.,medium,2026-08-29T03:00:20
REC00003352,INS00003352,USR004979,HEALTH_RESERVE,review_healthcare_coverage,Review healthcare coverage information.,low,2026-08-25T07:00:20
REC00003353,INS00003353,USR004981,MINDGUARD,repeat_assessment,Repeat the assessment later to add another observation.,medium,2026-05-13T22:00:20
REC00003354,INS00003354,USR004982,MINDGUARD,maintain_monitoring,Continue routine monitoring.,medium,2026-05-19T14:00:20
REC00003355,INS00003355,USR004984,MINDGUARD,maintain_monitoring,Continue routine monitoring.,low,2026-06-04T07:00:20
REC00003356,INS00003356,USR004986,MINDGUARD,repeat_assessment,Repeat the assessment later to add another observation.,low,2026-05-15T13:00:20
REC00003357,INS00003357,USR004986,HEALTH_RESERVE,review_preparedness_goal,Review the preparedness goal and current buffer.,low,2026-04-12T03:00:20
REC00003358,INS00003358,USR004987,MINDGUARD,repeat_assessment,Repeat the assessment later to add another observation.,medium,2026-03-14T05:00:20
REC00003359,INS00003359,USR004989,MINDGUARD,wellbeing_checkin,Complete a wellbeing check-in to add context.,medium,2026-07-23T02:00:20
REC00003360,INS00003360,USR004989,HEALTH_RESERVE,review_preparedness_goal,Review the preparedness goal and current buffer.,medium,2026-06-13T09:00:20
REC00003361,INS00003361,USR004991,MINDGUARD,repeat_assessment,Repeat the assessment later to add another observation.,medium,2026-08-15T02:00:20
REC00003362,INS00003362,USR004994,HEALTH_RESERVE,review_preparedness_goal,Review the preparedness goal and current buffer.,medium,2026-05-01T06:00:20
REC00003363,INS00003363,USR004995,MINDGUARD,maintain_monitoring,Continue routine monitoring.,medium,2026-07-27T21:00:20
REC00003364,INS00003364,USR004999,MINDGUARD,wellbeing_checkin,Complete a wellbeing check-in to add context.,medium,2026-08-29T18:00:20
REC00003365,INS00003365,USR005002,MINDGUARD,maintain_monitoring,Continue routine monitoring.,low,2026-09-14T12:00:20
REC00003366,INS00003366,USR005002,HEALTH_RESERVE,review_preparedness_goal,Review the preparedness goal and current buffer.,medium,2026-06-23T20:00:20
REC00003367,INS00003367,USR005003,MINDGUARD,repeat_assessment,Repeat the assessment later to add another observation.,medium,2026-07-10T01:00:20
REC00003368,INS00003368,USR005004,MINDGUARD,repeat_assessment,Repeat the assessment later to add another observation.,low,2026-06-07T13:00:20
REC00003369,INS00003369,USR005005,HEALTH_RESERVE,review_preparedness_goal,Review the preparedness goal and current buffer.,low,2026-05-09T04:00:20
REC00003370,INS00003370,USR005006,MINDGUARD,maintain_monitoring,Continue routine monitoring.,medium,2026-07-12T19:00:20
REC00003371,INS00003371,USR005006,HEALTH_RESERVE,review_preparedness_goal,Review the preparedness goal and current buffer.,medium,2026-06-17T15:00:20
REC00003372,INS00003372,USR005007,MINDGUARD,maintain_monitoring,Continue routine monitoring.,medium,2026-07-09T08:00:20
REC00003373,INS00003373,USR005008,HEALTH_RESERVE,review_preparedness_goal,Review the preparedness goal and current buffer.,medium,2026-06-30T19:00:20
REC00003374,INS00003374,USR005010,MINDGUARD,repeat_assessment,Repeat the assessment later to add another observation.,medium,2026-03-18T01:00:20
REC00003375,INS00003375,USR005011,MINDGUARD,maintain_monitoring,Continue routine monitoring.,medium,2026-06-28T07:00:20
REC00003376,INS00003376,USR005012,MINDGUARD,maintain_monitoring,Continue routine monitoring.,medium,2026-06-27T15:00:20
REC00003377,INS00003377,USR005018,MINDGUARD,repeat_assessment,Repeat the assessment later to add another observation.,medium,2026-03-21T23:00:20
REC00003378,INS00003378,USR005022,MINDGUARD,maintain_monitoring,Continue routine monitoring.,low,2026-03-09T17:00:20
REC00003379,INS00003379,USR005023,MINDGUARD,review_sleep,Review recent sleep context and repeat monitoring when convenient.,low,2026-09-14T12:00:20
REC00003380,INS00003380,USR005024,MINDGUARD,maintain_monitoring,Continue routine monitoring.,low,2026-09-14T12:00:20
REC00003381,INS00003381,USR005030,MINDGUARD,wellbeing_checkin,Complete a wellbeing check-in to add context.,medium,2026-04-06T10:00:20
REC00003382,INS00003382,USR005031,MINDGUARD,maintain_monitoring,Continue routine monitoring.,medium,2026-05-12T08:00:20
REC00003383,INS00003383,USR005032,HEALTH_RESERVE,review_preparedness_goal,Review the preparedness goal and current buffer.,low,2026-03-11T23:00:20
REC00003384,INS00003384,USR005033,MINDGUARD,maintain_monitoring,Continue routine monitoring.,low,2026-09-14T12:00:20
REC00003385,INS00003385,USR005034,MINDGUARD,repeat_assessment,Repeat the assessment later to add another observation.,low,2026-01-22T22:00:20
REC00003386,INS00003386,USR005034,HEALTH_RESERVE,review_preparedness_goal,Review the preparedness goal and current buffer.,medium,2026-07-14T17:00:20
REC00003387,INS00003387,USR005035,MINDGUARD,repeat_assessment,Repeat the assessment later to add another observation.,medium,2026-08-08T07:00:20
REC00003388,INS00003388,USR005037,MINDGUARD,maintain_monitoring,Continue routine monitoring.,low,2026-03-08T18:00:20
REC00003389,INS00003389,USR005039,MINDGUARD,wellbeing_checkin,Complete a wellbeing check-in to add context.,medium,2026-08-14T00:00:20
REC00003390,INS00003390,USR005040,MINDGUARD,repeat_assessment,Repeat the assessment later to add another observation.,medium,2026-05-04T16:00:20
REC00003391,INS00003391,USR005041,MINDGUARD,maintain_monitoring,Continue routine monitoring.,low,2026-06-05T09:00:20
REC00003392,INS00003392,USR005043,MINDGUARD,maintain_monitoring,Continue routine monitoring.,medium,2026-04-20T07:00:20
REC00003393,INS00003393,USR005043,HEALTH_RESERVE,review_healthcare_coverage,Review healthcare coverage information.,low,2026-07-24T23:00:20
REC00003394,INS00003394,USR005046,HEALTH_RESERVE,review_preparedness_goal,Review the preparedness goal and current buffer.,low,2026-01-08T18:00:20
REC00003395,INS00003395,USR005047,MINDGUARD,repeat_assessment,Repeat the assessment later to add another observation.,low,2026-04-19T19:00:20
REC00003396,INS00003396,USR005047,HEALTH_RESERVE,review_preparedness_goal,Review the preparedness goal and current buffer.,medium,2026-09-14T12:00:20
REC00003397,INS00003397,USR005048,MINDGUARD,wellbeing_checkin,Complete a wellbeing check-in to add context.,low,2026-08-29T07:00:20
REC00003398,INS00003398,USR005050,MINDGUARD,review_sleep,Review recent sleep context and repeat monitoring when convenient.,medium,2026-07-25T14:00:20
REC00003399,INS00003399,USR005050,HEALTH_RESERVE,review_preparedness_goal,Review the preparedness goal and current buffer.,low,2026-05-01T20:00:20
REC00003400,INS00003400,USR005051,MINDGUARD,repeat_assessment,Repeat the assessment later to add another observation.,medium,2026-09-14T12:00:20
REC00003401,INS00003401,USR005051,HEALTH_RESERVE,review_preparedness_goal,Review the preparedness goal and current buffer.,low,2026-09-14T12:00:20
REC00003402,INS00003402,USR005052,MINDGUARD,repeat_assessment,Repeat the assessment later to add another observation.,medium,2026-06-02T21:00:20
REC00003403,INS00003403,USR005052,HEALTH_RESERVE,review_preparedness_goal,Review the preparedness goal and current buffer.,low,2026-03-01T16:00:20
REC00003404,INS00003404,USR005055,MINDGUARD,repeat_assessment,Repeat the assessment later to add another observation.,low,2026-07-07T20:00:20
REC00003405,INS00003405,USR005057,MINDGUARD,wellbeing_checkin,Complete a wellbeing check-in to add context.,low,2026-08-31T04:00:20
REC00003406,INS00003406,USR005058,MINDGUARD,repeat_assessment,Repeat the assessment later to add another observation.,medium,2026-08-13T21:00:20
REC00003407,INS00003407,USR005060,MINDGUARD,maintain_monitoring,Continue routine monitoring.,medium,2026-06-23T07:00:20
REC00003408,INS00003408,USR005061,MINDGUARD,repeat_assessment,Repeat the assessment later to add another observation.,low,2026-05-16T23:00:20
REC00003409,INS00003409,USR005063,MINDGUARD,maintain_monitoring,Continue routine monitoring.,medium,2026-09-14T12:00:20
REC00003410,INS00003410,USR005064,HEALTH_RESERVE,review_preparedness_goal,Review the preparedness goal and current buffer.,medium,2026-01-30T11:00:20
REC00003411,INS00003411,USR005065,MINDGUARD,maintain_monitoring,Continue routine monitoring.,medium,2026-07-12T14:00:20
REC00003412,INS00003412,USR005065,HEALTH_RESERVE,review_preparedness_goal,Review the preparedness goal and current buffer.,low,2026-08-26T21:00:20
REC00003413,INS00003413,USR005067,MINDGUARD,wellbeing_checkin,Complete a wellbeing check-in to add context.,low,2026-09-07T07:00:20
REC00003414,INS00003414,USR005067,HEALTH_RESERVE,review_preparedness_goal,Review the preparedness goal and current buffer.,medium,2026-04-30T05:00:20
REC00003415,INS00003415,USR005068,HEALTH_RESERVE,review_preparedness_goal,Review the preparedness goal and current buffer.,low,2026-08-10T11:00:20
REC00003416,INS00003416,USR005069,MINDGUARD,maintain_monitoring,Continue routine monitoring.,medium,2026-05-04T19:00:20
REC00003417,INS00003417,USR005071,MINDGUARD,maintain_monitoring,Continue routine monitoring.,low,2026-05-24T21:00:20
REC00003418,INS00003418,USR005074,HEALTH_RESERVE,review_healthcare_coverage,Review healthcare coverage information.,medium,2026-04-20T02:00:20
REC00003419,INS00003419,USR005077,MINDGUARD,repeat_assessment,Repeat the assessment later to add another observation.,medium,2026-09-14T12:00:20
REC00003420,INS00003420,USR005078,HEALTH_RESERVE,review_preparedness_goal,Review the preparedness goal and current buffer.,low,2026-08-25T03:00:20
REC00003421,INS00003421,USR005079,MINDGUARD,review_sleep,Review recent sleep context and repeat monitoring when convenient.,low,2026-07-07T09:00:20
REC00003422,INS00003422,USR005081,HEALTH_RESERVE,review_preparedness_goal,Review the preparedness goal and current buffer.,low,2026-08-26T15:00:20
REC00003423,INS00003423,USR005082,MINDGUARD,repeat_assessment,Repeat the assessment later to add another observation.,low,2026-01-02T07:00:20
REC00003424,INS00003424,USR005082,HEALTH_RESERVE,review_preparedness_goal,Review the preparedness goal and current buffer.,medium,2026-02-25T02:00:20
REC00003425,INS00003425,USR005086,MINDGUARD,wellbeing_checkin,Complete a wellbeing check-in to add context.,low,2026-07-06T20:00:20
REC00003426,INS00003426,USR005087,MINDGUARD,maintain_monitoring,Continue routine monitoring.,low,2026-06-09T22:00:20
REC00003427,INS00003427,USR005088,MINDGUARD,maintain_monitoring,Continue routine monitoring.,low,2026-07-25T20:00:20
REC00003428,INS00003428,USR005090,HEALTH_RESERVE,review_preparedness_goal,Review the preparedness goal and current buffer.,low,2026-07-30T16:00:20
REC00003429,INS00003429,USR005093,HEALTH_RESERVE,review_preparedness_goal,Review the preparedness goal and current buffer.,low,2026-09-14T12:00:20
REC00003430,INS00003430,USR005096,MINDGUARD,repeat_assessment,Repeat the assessment later to add another observation.,low,2026-04-04T14:00:20
REC00003431,INS00003431,USR005098,MINDGUARD,repeat_assessment,Repeat the assessment later to add another observation.,low,2026-07-17T20:00:20
REC00003432,INS00003432,USR005101,MINDGUARD,repeat_assessment,Repeat the assessment later to add another observation.,medium,2026-07-30T10:00:20
REC00003433,INS00003433,USR005102,HEALTH_RESERVE,review_preparedness_goal,Review the preparedness goal and current buffer.,low,2026-08-27T06:00:20
REC00003434,INS00003434,USR005103,MINDGUARD,maintain_monitoring,Continue routine monitoring.,low,2026-06-16T21:00:20
REC00003435,INS00003435,USR005105,HEALTH_RESERVE,review_preparedness_goal,Review the preparedness goal and current buffer.,low,2026-04-02T10:00:20
REC00003436,INS00003436,USR005106,MINDGUARD,repeat_assessment,Repeat the assessment later to add another observation.,medium,2026-06-14T04:00:20
REC00003437,INS00003437,USR005107,MINDGUARD,repeat_assessment,Repeat the assessment later to add another observation.,low,2026-01-28T06:00:20
REC00003438,INS00003438,USR005107,HEALTH_RESERVE,review_preparedness_goal,Review the preparedness goal and current buffer.,medium,2026-05-02T02:00:20
REC00003439,INS00003439,USR005109,HEALTH_RESERVE,review_preparedness_goal,Review the preparedness goal and current buffer.,low,2026-03-29T09:00:20
REC00003440,INS00003440,USR005113,MINDGUARD,maintain_monitoring,Continue routine monitoring.,low,2026-06-04T09:00:20
REC00003441,INS00003441,USR005115,MINDGUARD,repeat_assessment,Repeat the assessment later to add another observation.,low,2026-06-13T03:00:20
REC00003442,INS00003442,USR005119,MINDGUARD,repeat_assessment,Repeat the assessment later to add another observation.,low,2026-02-06T13:00:20
REC00003443,INS00003443,USR005119,HEALTH_RESERVE,review_healthcare_coverage,Review healthcare coverage information.,low,2026-06-14T18:00:20
REC00003444,INS00003444,USR005120,HEALTH_RESERVE,review_preparedness_goal,Review the preparedness goal and current buffer.,medium,2026-05-28T19:00:20
REC00003445,INS00003445,USR005121,MINDGUARD,repeat_assessment,Repeat the assessment later to add another observation.,medium,2026-05-26T14:00:20
REC00003446,INS00003446,USR005122,HEALTH_RESERVE,review_preparedness_goal,Review the preparedness goal and current buffer.,medium,2026-04-16T17:00:20
REC00003447,INS00003447,USR005123,HEALTH_RESERVE,review_preparedness_goal,Review the preparedness goal and current buffer.,low,2026-08-26T05:00:20
REC00003448,INS00003448,USR005125,HEALTH_RESERVE,review_preparedness_goal,Review the preparedness goal and current buffer.,medium,2026-09-14T12:00:20
REC00003449,INS00003449,USR005126,MINDGUARD,repeat_assessment,Repeat the assessment later to add another observation.,medium,2026-07-01T22:00:20
REC00003450,INS00003450,USR005129,MINDGUARD,maintain_monitoring,Continue routine monitoring.,low,2026-09-14T12:00:20
REC00003451,INS00003451,USR005132,MINDGUARD,maintain_monitoring,Continue routine monitoring.,low,2026-02-15T18:00:20
REC00003452,INS00003452,USR005134,MINDGUARD,review_sleep,Review recent sleep context and repeat monitoring when convenient.,medium,2026-07-02T22:00:20
REC00003453,INS00003453,USR005134,HEALTH_RESERVE,review_preparedness_goal,Review the preparedness goal and current buffer.,medium,2026-06-12T20:00:20
REC00003454,INS00003454,USR005135,MINDGUARD,maintain_monitoring,Continue routine monitoring.,medium,2026-07-05T12:00:20
REC00003455,INS00003455,USR005136,MINDGUARD,maintain_monitoring,Continue routine monitoring.,low,2026-03-14T12:00:20
REC00003456,INS00003456,USR005136,HEALTH_RESERVE,review_preparedness_goal,Review the preparedness goal and current buffer.,low,2026-04-27T08:00:20
REC00003457,INS00003457,USR005137,HEALTH_RESERVE,review_preparedness_goal,Review the preparedness goal and current buffer.,medium,2026-09-14T12:00:20
REC00003458,INS00003458,USR005143,MINDGUARD,repeat_assessment,Repeat the assessment later to add another observation.,low,2026-03-26T07:00:20
REC00003459,INS00003459,USR005144,MINDGUARD,repeat_assessment,Repeat the assessment later to add another observation.,low,2026-04-29T00:00:20
REC00003460,INS00003460,USR005145,MINDGUARD,repeat_assessment,Repeat the assessment later to add another observation.,medium,2026-04-23T02:00:20
REC00003461,INS00003461,USR005146,HEALTH_RESERVE,review_preparedness_goal,Review the preparedness goal and current buffer.,medium,2026-07-19T01:00:20
REC00003462,INS00003462,USR005147,HEALTH_RESERVE,review_preparedness_goal,Review the preparedness goal and current buffer.,low,2026-07-03T04:00:20
REC00003463,INS00003463,USR005153,MINDGUARD,maintain_monitoring,Continue routine monitoring.,low,2026-06-22T06:00:20
REC00003464,INS00003464,USR005156,MINDGUARD,maintain_monitoring,Continue routine monitoring.,low,2026-06-27T02:00:20
REC00003465,INS00003465,USR005158,HEALTH_RESERVE,review_preparedness_goal,Review the preparedness goal and current buffer.,medium,2026-06-10T14:00:20
REC00003466,INS00003466,USR005160,HEALTH_RESERVE,review_preparedness_goal,Review the preparedness goal and current buffer.,medium,2026-02-25T14:00:20
REC00003467,INS00003467,USR005161,HEALTH_RESERVE,review_preparedness_goal,Review the preparedness goal and current buffer.,medium,2026-04-02T14:00:20
REC00003468,INS00003468,USR005162,MINDGUARD,repeat_assessment,Repeat the assessment later to add another observation.,medium,2026-05-29T11:00:20
REC00003469,INS00003469,USR005164,MINDGUARD,maintain_monitoring,Continue routine monitoring.,medium,2026-08-13T20:00:20
REC00003470,INS00003470,USR005165,HEALTH_RESERVE,review_preparedness_goal,Review the preparedness goal and current buffer.,medium,2026-08-23T23:00:20
REC00003471,INS00003471,USR005166,MINDGUARD,repeat_assessment,Repeat the assessment later to add another observation.,medium,2026-04-10T00:00:20
REC00003472,INS00003472,USR005169,HEALTH_RESERVE,review_preparedness_goal,Review the preparedness goal and current buffer.,low,2026-03-14T02:00:20
REC00003473,INS00003473,USR005170,MINDGUARD,repeat_assessment,Repeat the assessment later to add another observation.,medium,2026-07-23T03:00:20
REC00003474,INS00003474,USR005171,MINDGUARD,repeat_assessment,Repeat the assessment later to add another observation.,low,2026-04-19T12:00:20
REC00003475,INS00003475,USR005173,MINDGUARD,repeat_assessment,Repeat the assessment later to add another observation.,medium,2026-01-21T06:00:20
REC00003476,INS00003476,USR005174,HEALTH_RESERVE,review_preparedness_goal,Review the preparedness goal and current buffer.,low,2026-03-25T03:00:20
REC00003477,INS00003477,USR005175,MINDGUARD,repeat_assessment,Repeat the assessment later to add another observation.,low,2026-07-05T17:00:20
REC00003478,INS00003478,USR005176,MINDGUARD,maintain_monitoring,Continue routine monitoring.,medium,2026-09-06T16:00:20
REC00003479,INS00003479,USR005179,HEALTH_RESERVE,review_preparedness_goal,Review the preparedness goal and current buffer.,medium,2026-08-05T21:00:20
REC00003480,INS00003480,USR005181,MINDGUARD,maintain_monitoring,Continue routine monitoring.,medium,2026-07-17T08:00:20
REC00003481,INS00003481,USR005182,HEALTH_RESERVE,review_preparedness_goal,Review the preparedness goal and current buffer.,low,2026-07-11T22:00:20
REC00003482,INS00003482,USR005183,MINDGUARD,repeat_assessment,Repeat the assessment later to add another observation.,medium,2026-02-16T00:00:20
REC00003483,INS00003483,USR005183,HEALTH_RESERVE,review_preparedness_goal,Review the preparedness goal and current buffer.,low,2026-01-27T05:00:20
REC00003484,INS00003484,USR005184,MINDGUARD,maintain_monitoring,Continue routine monitoring.,medium,2026-09-11T01:00:20
REC00003485,INS00003485,USR005185,MINDGUARD,maintain_monitoring,Continue routine monitoring.,medium,2026-05-22T06:00:20
REC00003486,INS00003486,USR005185,HEALTH_RESERVE,review_preparedness_goal,Review the preparedness goal and current buffer.,medium,2026-07-08T02:00:20
REC00003487,INS00003487,USR005186,MINDGUARD,repeat_assessment,Repeat the assessment later to add another observation.,medium,2026-06-20T12:00:20
REC00003488,INS00003488,USR005188,HEALTH_RESERVE,review_preparedness_goal,Review the preparedness goal and current buffer.,medium,2026-04-02T10:00:20
REC00003489,INS00003489,USR005192,HEALTH_RESERVE,review_healthcare_coverage,Review healthcare coverage information.,low,2026-06-18T00:00:20
REC00003490,INS00003490,USR005193,MINDGUARD,repeat_assessment,Repeat the assessment later to add another observation.,low,2026-06-23T06:00:20
REC00003491,INS00003491,USR005195,MINDGUARD,wellbeing_checkin,Complete a wellbeing check-in to add context.,low,2026-09-14T12:00:20
REC00003492,INS00003492,USR005198,MINDGUARD,repeat_assessment,Repeat the assessment later to add another observation.,medium,2025-12-24T23:00:20
REC00003493,INS00003493,USR005200,MINDGUARD,repeat_assessment,Repeat the assessment later to add another observation.,medium,2026-04-02T16:00:20
REC00003494,INS00003494,USR005201,MINDGUARD,repeat_assessment,Repeat the assessment later to add another observation.,low,2026-06-07T10:00:20
REC00003495,INS00003495,USR005202,MINDGUARD,repeat_assessment,Repeat the assessment later to add another observation.,medium,2026-09-14T12:00:20
REC00003496,INS00003496,USR005203,MINDGUARD,repeat_assessment,Repeat the assessment later to add another observation.,low,2026-09-14T12:00:20
REC00003497,INS00003497,USR005206,HEALTH_RESERVE,review_preparedness_goal,Review the preparedness goal and current buffer.,medium,2026-09-05T08:00:20
REC00003498,INS00003498,USR005208,HEALTH_RESERVE,review_preparedness_goal,Review the preparedness goal and current buffer.,medium,2026-07-22T10:00:20
REC00003499,INS00003499,USR005209,MINDGUARD,maintain_monitoring,Continue routine monitoring.,medium,2026-06-29T00:00:20
REC00003500,INS00003500,USR005210,MINDGUARD,repeat_assessment,Repeat the assessment later to add another observation.,medium,2026-06-12T03:00:20
REC00003501,INS00003501,USR005210,HEALTH_RESERVE,review_preparedness_goal,Review the preparedness goal and current buffer.,medium,2026-07-13T07:00:20
REC00003502,INS00003502,USR005211,MINDGUARD,review_sleep,Review recent sleep context and repeat monitoring when convenient.,low,2026-07-08T01:00:20
REC00003503,INS00003503,USR005212,MINDGUARD,maintain_monitoring,Continue routine monitoring.,medium,2026-07-18T10:00:20
REC00003504,INS00003504,USR005214,MINDGUARD,maintain_monitoring,Continue routine monitoring.,medium,2026-04-26T22:00:20
REC00003505,INS00003505,USR005217,MINDGUARD,repeat_assessment,Repeat the assessment later to add another observation.,low,2026-05-02T00:00:20
REC00003506,INS00003506,USR005219,MINDGUARD,maintain_monitoring,Continue routine monitoring.,low,2026-07-03T00:00:20
REC00003507,INS00003507,USR005220,MINDGUARD,maintain_monitoring,Continue routine monitoring.,medium,2026-09-14T12:00:20
REC00003508,INS00003508,USR005225,MINDGUARD,review_sleep,Review recent sleep context and repeat monitoring when convenient.,medium,2026-06-06T14:00:20
REC00003509,INS00003509,USR005226,MINDGUARD,repeat_assessment,Repeat the assessment later to add another observation.,medium,2026-09-14T12:00:20
REC00003510,INS00003510,USR005227,MINDGUARD,review_sleep,Review recent sleep context and repeat monitoring when convenient.,low,2026-04-21T07:00:20
REC00003511,INS00003511,USR005232,MINDGUARD,repeat_assessment,Repeat the assessment later to add another observation.,medium,2026-05-26T18:00:20
REC00003512,INS00003512,USR005235,MINDGUARD,repeat_assessment,Repeat the assessment later to add another observation.,medium,2026-01-05T19:00:20
REC00003513,INS00003513,USR005236,MINDGUARD,repeat_assessment,Repeat the assessment later to add another observation.,low,2026-09-05T03:00:20
REC00003514,INS00003514,USR005237,MINDGUARD,wellbeing_checkin,Complete a wellbeing check-in to add context.,medium,2026-08-19T08:00:20
REC00003515,INS00003515,USR005238,MINDGUARD,maintain_monitoring,Continue routine monitoring.,medium,2026-06-30T15:00:20
REC00003516,INS00003516,USR005238,HEALTH_RESERVE,review_healthcare_coverage,Review healthcare coverage information.,medium,2026-07-24T00:00:20
REC00003517,INS00003517,USR005240,HEALTH_RESERVE,review_healthcare_coverage,Review healthcare coverage information.,medium,2026-09-07T10:00:20
REC00003518,INS00003518,USR005242,MINDGUARD,repeat_assessment,Repeat the assessment later to add another observation.,medium,2026-03-05T09:00:20
REC00003519,INS00003519,USR005245,HEALTH_RESERVE,review_preparedness_goal,Review the preparedness goal and current buffer.,medium,2026-05-10T17:00:20
REC00003520,INS00003520,USR005246,MINDGUARD,maintain_monitoring,Continue routine monitoring.,low,2026-08-03T05:00:20
REC00003521,INS00003521,USR005247,MINDGUARD,repeat_assessment,Repeat the assessment later to add another observation.,low,2026-09-07T00:00:20
REC00003522,INS00003522,USR005247,HEALTH_RESERVE,review_preparedness_goal,Review the preparedness goal and current buffer.,low,2026-09-14T12:00:20
REC00003523,INS00003523,USR005249,MINDGUARD,repeat_assessment,Repeat the assessment later to add another observation.,medium,2026-05-20T17:00:20
REC00003524,INS00003524,USR005249,HEALTH_RESERVE,review_preparedness_goal,Review the preparedness goal and current buffer.,low,2026-09-14T12:00:20
REC00003525,INS00003525,USR005250,MINDGUARD,maintain_monitoring,Continue routine monitoring.,medium,2026-06-17T06:00:20
REC00003526,INS00003526,USR005252,MINDGUARD,maintain_monitoring,Continue routine monitoring.,low,2026-07-09T17:00:20
REC00003527,INS00003527,USR005255,MINDGUARD,review_sleep,Review recent sleep context and repeat monitoring when convenient.,medium,2026-06-06T15:00:20
REC00003528,INS00003528,USR005256,MINDGUARD,review_sleep,Review recent sleep context and repeat monitoring when convenient.,low,2026-09-14T12:00:20
REC00003529,INS00003529,USR005257,MINDGUARD,maintain_monitoring,Continue routine monitoring.,low,2026-03-25T09:00:20
REC00003530,INS00003530,USR005259,HEALTH_RESERVE,review_preparedness_goal,Review the preparedness goal and current buffer.,low,2026-05-01T13:00:20
REC00003531,INS00003531,USR005260,HEALTH_RESERVE,review_preparedness_goal,Review the preparedness goal and current buffer.,low,2026-04-15T20:00:20
REC00003532,INS00003532,USR005263,MINDGUARD,repeat_assessment,Repeat the assessment later to add another observation.,medium,2026-03-11T02:00:20
REC00003533,INS00003533,USR005263,HEALTH_RESERVE,review_preparedness_goal,Review the preparedness goal and current buffer.,medium,2026-01-10T06:00:20
REC00003534,INS00003534,USR005264,HEALTH_RESERVE,review_preparedness_goal,Review the preparedness goal and current buffer.,medium,2026-06-22T17:00:20
REC00003535,INS00003535,USR005265,MINDGUARD,repeat_assessment,Repeat the assessment later to add another observation.,low,2026-05-02T19:00:20
REC00003536,INS00003536,USR005267,MINDGUARD,maintain_monitoring,Continue routine monitoring.,medium,2026-09-09T20:00:20
REC00003537,INS00003537,USR005269,MINDGUARD,maintain_monitoring,Continue routine monitoring.,medium,2026-06-13T12:00:20
REC00003538,INS00003538,USR005270,MINDGUARD,maintain_monitoring,Continue routine monitoring.,low,2026-03-20T13:00:20
REC00003539,INS00003539,USR005273,MINDGUARD,wellbeing_checkin,Complete a wellbeing check-in to add context.,low,2026-02-21T12:00:20
REC00003540,INS00003540,USR005274,MINDGUARD,maintain_monitoring,Continue routine monitoring.,medium,2026-08-27T13:00:20
REC00003541,INS00003541,USR005276,HEALTH_RESERVE,review_preparedness_goal,Review the preparedness goal and current buffer.,low,2026-04-28T17:00:20
REC00003542,INS00003542,USR005277,HEALTH_RESERVE,review_preparedness_goal,Review the preparedness goal and current buffer.,low,2026-07-22T05:00:20
REC00003543,INS00003543,USR005279,MINDGUARD,repeat_assessment,Repeat the assessment later to add another observation.,medium,2026-06-25T10:00:20
REC00003544,INS00003544,USR005280,HEALTH_RESERVE,review_preparedness_goal,Review the preparedness goal and current buffer.,medium,2026-05-26T00:00:20
REC00003545,INS00003545,USR005283,MINDGUARD,maintain_monitoring,Continue routine monitoring.,medium,2026-09-14T12:00:20
REC00003546,INS00003546,USR005285,MINDGUARD,repeat_assessment,Repeat the assessment later to add another observation.,medium,2026-03-28T19:00:20
REC00003547,INS00003547,USR005287,MINDGUARD,wellbeing_checkin,Complete a wellbeing check-in to add context.,low,2026-09-02T21:00:20
REC00003548,INS00003548,USR005288,MINDGUARD,repeat_assessment,Repeat the assessment later to add another observation.,medium,2026-04-11T22:00:20
REC00003549,INS00003549,USR005289,HEALTH_RESERVE,review_preparedness_goal,Review the preparedness goal and current buffer.,low,2026-08-04T02:00:20
REC00003550,INS00003550,USR005291,MINDGUARD,repeat_assessment,Repeat the assessment later to add another observation.,low,2026-07-26T03:00:20
REC00003551,INS00003551,USR005292,HEALTH_RESERVE,review_preparedness_goal,Review the preparedness goal and current buffer.,low,2026-03-24T07:00:20
REC00003552,INS00003552,USR005293,MINDGUARD,maintain_monitoring,Continue routine monitoring.,medium,2026-06-30T05:00:20
REC00003553,INS00003553,USR005295,MINDGUARD,repeat_assessment,Repeat the assessment later to add another observation.,medium,2026-07-10T09:00:20
REC00003554,INS00003554,USR005296,MINDGUARD,repeat_assessment,Repeat the assessment later to add another observation.,low,2026-06-20T07:00:20
REC00003555,INS00003555,USR005298,HEALTH_RESERVE,review_preparedness_goal,Review the preparedness goal and current buffer.,low,2026-04-04T06:00:20
REC00003556,INS00003556,USR005301,HEALTH_RESERVE,review_preparedness_goal,Review the preparedness goal and current buffer.,low,2026-09-14T12:00:20
REC00003557,INS00003557,USR005302,MINDGUARD,repeat_assessment,Repeat the assessment later to add another observation.,low,2026-01-21T12:00:20
REC00003558,INS00003558,USR005303,HEALTH_RESERVE,review_preparedness_goal,Review the preparedness goal and current buffer.,medium,2026-07-02T16:00:20
REC00003559,INS00003559,USR005305,MINDGUARD,maintain_monitoring,Continue routine monitoring.,low,2026-08-09T10:00:20
REC00003560,INS00003560,USR005307,HEALTH_RESERVE,review_preparedness_goal,Review the preparedness goal and current buffer.,low,2026-04-29T07:00:20
REC00003561,INS00003561,USR005309,MINDGUARD,repeat_assessment,Repeat the assessment later to add another observation.,low,2026-03-07T23:00:20
REC00003562,INS00003562,USR005310,MINDGUARD,maintain_monitoring,Continue routine monitoring.,low,2026-06-21T00:00:20
REC00003563,INS00003563,USR005310,HEALTH_RESERVE,review_preparedness_goal,Review the preparedness goal and current buffer.,medium,2026-04-05T18:00:20
REC00003564,INS00003564,USR005311,MINDGUARD,repeat_assessment,Repeat the assessment later to add another observation.,medium,2026-07-20T08:00:20
REC00003565,INS00003565,USR005313,MINDGUARD,repeat_assessment,Repeat the assessment later to add another observation.,medium,2026-02-23T02:00:20
REC00003566,INS00003566,USR005315,MINDGUARD,maintain_monitoring,Continue routine monitoring.,medium,2026-04-15T12:00:20
REC00003567,INS00003567,USR005317,MINDGUARD,maintain_monitoring,Continue routine monitoring.,low,2026-08-08T20:00:20
REC00003568,INS00003568,USR005318,MINDGUARD,maintain_monitoring,Continue routine monitoring.,medium,2026-06-27T09:00:20
REC00003569,INS00003569,USR005318,HEALTH_RESERVE,review_preparedness_goal,Review the preparedness goal and current buffer.,low,2026-07-23T09:00:20
REC00003570,INS00003570,USR005321,MINDGUARD,maintain_monitoring,Continue routine monitoring.,medium,2026-09-14T12:00:20
REC00003571,INS00003571,USR005322,MINDGUARD,review_sleep,Review recent sleep context and repeat monitoring when convenient.,low,2026-08-28T04:00:20
REC00003572,INS00003572,USR005323,MINDGUARD,maintain_monitoring,Continue routine monitoring.,low,2026-07-20T14:00:20
REC00003573,INS00003573,USR005324,MINDGUARD,repeat_assessment,Repeat the assessment later to add another observation.,low,2026-06-07T05:00:20
REC00003574,INS00003574,USR005324,HEALTH_RESERVE,review_preparedness_goal,Review the preparedness goal and current buffer.,low,2026-07-01T06:00:20
REC00003575,INS00003575,USR005325,HEALTH_RESERVE,review_preparedness_goal,Review the preparedness goal and current buffer.,low,2026-04-21T10:00:20
REC00003576,INS00003576,USR005326,MINDGUARD,maintain_monitoring,Continue routine monitoring.,low,2026-09-13T17:00:20
REC00003577,INS00003577,USR005327,MINDGUARD,repeat_assessment,Repeat the assessment later to add another observation.,medium,2026-02-04T16:00:20
REC00003578,INS00003578,USR005328,MINDGUARD,repeat_assessment,Repeat the assessment later to add another observation.,low,2026-06-04T03:00:20
REC00003579,INS00003579,USR005331,MINDGUARD,repeat_assessment,Repeat the assessment later to add another observation.,low,2026-04-20T16:00:20
REC00003580,INS00003580,USR005333,MINDGUARD,review_sleep,Review recent sleep context and repeat monitoring when convenient.,low,2026-09-14T12:00:20
REC00003581,INS00003581,USR005336,HEALTH_RESERVE,review_preparedness_goal,Review the preparedness goal and current buffer.,medium,2026-05-23T08:00:20
REC00003582,INS00003582,USR005337,HEALTH_RESERVE,review_preparedness_goal,Review the preparedness goal and current buffer.,low,2026-06-25T20:00:20
REC00003583,INS00003583,USR005338,HEALTH_RESERVE,review_healthcare_coverage,Review healthcare coverage information.,medium,2026-07-30T03:00:20
REC00003584,INS00003584,USR005341,HEALTH_RESERVE,review_preparedness_goal,Review the preparedness goal and current buffer.,medium,2026-07-06T08:00:20
REC00003585,INS00003585,USR005342,MINDGUARD,repeat_assessment,Repeat the assessment later to add another observation.,low,2026-05-25T11:00:20
REC00003586,INS00003586,USR005343,MINDGUARD,maintain_monitoring,Continue routine monitoring.,low,2026-06-23T19:00:20
REC00003587,INS00003587,USR005344,HEALTH_RESERVE,review_preparedness_goal,Review the preparedness goal and current buffer.,low,2026-06-02T01:00:20
REC00003588,INS00003588,USR005345,HEALTH_RESERVE,review_preparedness_goal,Review the preparedness goal and current buffer.,low,2026-02-25T02:00:20
REC00003589,INS00003589,USR005346,MINDGUARD,review_sleep,Review recent sleep context and repeat monitoring when convenient.,low,2026-06-29T23:00:20
REC00003590,INS00003590,USR005348,HEALTH_RESERVE,review_preparedness_goal,Review the preparedness goal and current buffer.,medium,2026-04-26T02:00:20
REC00003591,INS00003591,USR005349,MINDGUARD,wellbeing_checkin,Complete a wellbeing check-in to add context.,low,2026-07-06T02:00:20
REC00003592,INS00003592,USR005350,MINDGUARD,repeat_assessment,Repeat the assessment later to add another observation.,low,2026-09-02T02:00:20
REC00003593,INS00003593,USR005355,HEALTH_RESERVE,review_preparedness_goal,Review the preparedness goal and current buffer.,medium,2026-02-17T04:00:20
REC00003594,INS00003594,USR005356,MINDGUARD,review_sleep,Review recent sleep context and repeat monitoring when convenient.,low,2026-09-14T12:00:20
REC00003595,INS00003595,USR005361,MINDGUARD,review_sleep,Review recent sleep context and repeat monitoring when convenient.,medium,2026-09-11T15:00:20
REC00003596,INS00003596,USR005362,HEALTH_RESERVE,review_preparedness_goal,Review the preparedness goal and current buffer.,medium,2026-04-23T19:00:20
REC00003597,INS00003597,USR005364,MINDGUARD,repeat_assessment,Repeat the assessment later to add another observation.,low,2026-04-01T15:00:20
REC00003598,INS00003598,USR005366,HEALTH_RESERVE,review_healthcare_coverage,Review healthcare coverage information.,low,2026-04-28T16:00:20
REC00003599,INS00003599,USR005367,MINDGUARD,maintain_monitoring,Continue routine monitoring.,low,2026-07-07T06:00:20
REC00003600,INS00003600,USR005368,MINDGUARD,review_sleep,Review recent sleep context and repeat monitoring when convenient.,low,2026-07-01T02:00:20
REC00003601,INS00003601,USR005369,HEALTH_RESERVE,review_preparedness_goal,Review the preparedness goal and current buffer.,low,2026-08-09T18:00:20
REC00003602,INS00003602,USR005370,HEALTH_RESERVE,review_preparedness_goal,Review the preparedness goal and current buffer.,medium,2026-05-19T22:00:20
REC00003603,INS00003603,USR005371,MINDGUARD,maintain_monitoring,Continue routine monitoring.,medium,2026-07-04T19:00:20
REC00003604,INS00003604,USR005373,MINDGUARD,repeat_assessment,Repeat the assessment later to add another observation.,low,2026-04-07T05:00:20
REC00003605,INS00003605,USR005374,MINDGUARD,maintain_monitoring,Continue routine monitoring.,medium,2026-02-04T17:00:20
REC00003606,INS00003606,USR005375,MINDGUARD,repeat_assessment,Repeat the assessment later to add another observation.,low,2026-05-12T05:00:20
REC00003607,INS00003607,USR005378,MINDGUARD,repeat_assessment,Repeat the assessment later to add another observation.,low,2026-04-18T09:00:20
REC00003608,INS00003608,USR005381,MINDGUARD,repeat_assessment,Repeat the assessment later to add another observation.,medium,2026-04-05T12:00:20
REC00003609,INS00003609,USR005383,MINDGUARD,repeat_assessment,Repeat the assessment later to add another observation.,low,2026-07-19T12:00:20
REC00003610,INS00003610,USR005383,HEALTH_RESERVE,review_preparedness_goal,Review the preparedness goal and current buffer.,medium,2026-08-17T13:00:20
REC00003611,INS00003611,USR005384,HEALTH_RESERVE,review_preparedness_goal,Review the preparedness goal and current buffer.,low,2026-07-04T22:00:20
REC00003612,INS00003612,USR005385,HEALTH_RESERVE,review_preparedness_goal,Review the preparedness goal and current buffer.,low,2026-04-21T11:00:20
REC00003613,INS00003613,USR005388,HEALTH_RESERVE,review_preparedness_goal,Review the preparedness goal and current buffer.,low,2026-07-04T06:00:20
REC00003614,INS00003614,USR005389,MINDGUARD,wellbeing_checkin,Complete a wellbeing check-in to add context.,medium,2026-09-14T12:00:20
REC00003615,INS00003615,USR005390,HEALTH_RESERVE,review_preparedness_goal,Review the preparedness goal and current buffer.,low,2026-03-25T18:00:20
REC00003616,INS00003616,USR005391,MINDGUARD,review_sleep,Review recent sleep context and repeat monitoring when convenient.,low,2026-04-02T16:00:20
REC00003617,INS00003617,USR005392,HEALTH_RESERVE,review_preparedness_goal,Review the preparedness goal and current buffer.,medium,2026-08-13T04:00:20
REC00003618,INS00003618,USR005393,MINDGUARD,repeat_assessment,Repeat the assessment later to add another observation.,medium,2026-08-06T22:00:20
REC00003619,INS00003619,USR005397,MINDGUARD,maintain_monitoring,Continue routine monitoring.,medium,2026-02-16T12:00:20
REC00003620,INS00003620,USR005399,HEALTH_RESERVE,review_preparedness_goal,Review the preparedness goal and current buffer.,low,2026-06-03T21:00:20
REC00003621,INS00003621,USR005400,HEALTH_RESERVE,review_preparedness_goal,Review the preparedness goal and current buffer.,medium,2026-03-27T12:00:20
REC00003622,INS00003622,USR005401,MINDGUARD,repeat_assessment,Repeat the assessment later to add another observation.,medium,2026-06-11T00:00:20
REC00003623,INS00003623,USR005403,MINDGUARD,wellbeing_checkin,Complete a wellbeing check-in to add context.,low,2026-05-27T18:00:20
REC00003624,INS00003624,USR005403,HEALTH_RESERVE,review_preparedness_goal,Review the preparedness goal and current buffer.,medium,2026-04-15T23:00:20
REC00003625,INS00003625,USR005404,MINDGUARD,repeat_assessment,Repeat the assessment later to add another observation.,medium,2026-09-13T12:00:20
REC00003626,INS00003626,USR005405,MINDGUARD,maintain_monitoring,Continue routine monitoring.,medium,2026-09-10T11:00:20
REC00003627,INS00003627,USR005406,HEALTH_RESERVE,review_preparedness_goal,Review the preparedness goal and current buffer.,low,2026-02-16T02:00:20
REC00003628,INS00003628,USR005410,HEALTH_RESERVE,review_preparedness_goal,Review the preparedness goal and current buffer.,medium,2026-08-23T07:00:20
REC00003629,INS00003629,USR005412,MINDGUARD,repeat_assessment,Repeat the assessment later to add another observation.,medium,2026-02-17T11:00:20
REC00003630,INS00003630,USR005415,MINDGUARD,maintain_monitoring,Continue routine monitoring.,medium,2026-06-16T04:00:20
REC00003631,INS00003631,USR005416,MINDGUARD,repeat_assessment,Repeat the assessment later to add another observation.,medium,2026-04-21T04:00:20
REC00003632,INS00003632,USR005422,HEALTH_RESERVE,review_healthcare_coverage,Review healthcare coverage information.,medium,2026-08-30T09:00:20
REC00003633,INS00003633,USR005424,HEALTH_RESERVE,review_preparedness_goal,Review the preparedness goal and current buffer.,medium,2026-02-17T17:00:20
REC00003634,INS00003634,USR005425,HEALTH_RESERVE,review_preparedness_goal,Review the preparedness goal and current buffer.,medium,2026-09-14T12:00:20
REC00003635,INS00003635,USR005428,MINDGUARD,maintain_monitoring,Continue routine monitoring.,low,2026-09-14T12:00:20
REC00003636,INS00003636,USR005429,MINDGUARD,maintain_monitoring,Continue routine monitoring.,medium,2026-09-14T12:00:20
REC00003637,INS00003637,USR005431,MINDGUARD,repeat_assessment,Repeat the assessment later to add another observation.,low,2026-05-13T10:00:20
REC00003638,INS00003638,USR005433,MINDGUARD,repeat_assessment,Repeat the assessment later to add another observation.,medium,2026-09-14T12:00:20
REC00003639,INS00003639,USR005436,HEALTH_RESERVE,review_preparedness_goal,Review the preparedness goal and current buffer.,medium,2026-04-12T02:00:20
REC00003640,INS00003640,USR005438,MINDGUARD,maintain_monitoring,Continue routine monitoring.,low,2026-03-09T20:00:20
REC00003641,INS00003641,USR005439,MINDGUARD,maintain_monitoring,Continue routine monitoring.,low,2026-07-09T04:00:20
REC00003642,INS00003642,USR005440,MINDGUARD,repeat_assessment,Repeat the assessment later to add another observation.,medium,2026-07-12T01:00:20
REC00003643,INS00003643,USR005442,MINDGUARD,maintain_monitoring,Continue routine monitoring.,low,2026-09-14T12:00:20
REC00003644,INS00003644,USR005443,MINDGUARD,wellbeing_checkin,Complete a wellbeing check-in to add context.,medium,2026-05-08T03:00:20
REC00003645,INS00003645,USR005447,MINDGUARD,maintain_monitoring,Continue routine monitoring.,low,2026-08-22T14:00:20
REC00003646,INS00003646,USR005450,MINDGUARD,maintain_monitoring,Continue routine monitoring.,low,2026-07-15T22:00:20
REC00003647,INS00003647,USR005453,MINDGUARD,maintain_monitoring,Continue routine monitoring.,medium,2026-07-27T10:00:20
REC00003648,INS00003648,USR005454,MINDGUARD,repeat_assessment,Repeat the assessment later to add another observation.,medium,2026-09-14T12:00:20
REC00003649,INS00003649,USR005455,HEALTH_RESERVE,review_preparedness_goal,Review the preparedness goal and current buffer.,medium,2026-05-25T03:00:20
REC00003650,INS00003650,USR005456,MINDGUARD,maintain_monitoring,Continue routine monitoring.,low,2026-07-13T18:00:20
REC00003651,INS00003651,USR005457,HEALTH_RESERVE,review_preparedness_goal,Review the preparedness goal and current buffer.,low,2026-07-01T19:00:20
REC00003652,INS00003652,USR005458,MINDGUARD,maintain_monitoring,Continue routine monitoring.,medium,2026-09-14T12:00:20
REC00003653,INS00003653,USR005459,HEALTH_RESERVE,review_preparedness_goal,Review the preparedness goal and current buffer.,medium,2026-09-06T23:00:20
REC00003654,INS00003654,USR005460,MINDGUARD,maintain_monitoring,Continue routine monitoring.,low,2026-07-26T23:00:20
REC00003655,INS00003655,USR005461,MINDGUARD,repeat_assessment,Repeat the assessment later to add another observation.,low,2026-05-22T13:00:20
REC00003656,INS00003656,USR005462,MINDGUARD,maintain_monitoring,Continue routine monitoring.,low,2026-09-14T12:00:20
REC00003657,INS00003657,USR005463,MINDGUARD,maintain_monitoring,Continue routine monitoring.,low,2026-07-13T10:00:20
REC00003658,INS00003658,USR005464,HEALTH_RESERVE,review_preparedness_goal,Review the preparedness goal and current buffer.,low,2026-09-07T12:00:20
REC00003659,INS00003659,USR005465,MINDGUARD,maintain_monitoring,Continue routine monitoring.,medium,2026-07-21T07:00:20
REC00003660,INS00003660,USR005466,MINDGUARD,maintain_monitoring,Continue routine monitoring.,low,2026-05-04T14:00:20
REC00003661,INS00003661,USR005469,HEALTH_RESERVE,review_preparedness_goal,Review the preparedness goal and current buffer.,medium,2026-06-27T04:00:20
REC00003662,INS00003662,USR005472,MINDGUARD,maintain_monitoring,Continue routine monitoring.,medium,2026-07-10T16:00:20
REC00003663,INS00003663,USR005473,MINDGUARD,repeat_assessment,Repeat the assessment later to add another observation.,low,2026-05-04T00:00:20
REC00003664,INS00003664,USR005475,MINDGUARD,maintain_monitoring,Continue routine monitoring.,medium,2026-04-29T10:00:20
REC00003665,INS00003665,USR005476,MINDGUARD,repeat_assessment,Repeat the assessment later to add another observation.,low,2026-04-20T12:00:20
REC00003666,INS00003666,USR005477,MINDGUARD,repeat_assessment,Repeat the assessment later to add another observation.,medium,2026-03-29T03:00:20
REC00003667,INS00003667,USR005478,HEALTH_RESERVE,review_preparedness_goal,Review the preparedness goal and current buffer.,medium,2026-08-08T20:00:20
REC00003668,INS00003668,USR005480,MINDGUARD,maintain_monitoring,Continue routine monitoring.,low,2026-09-14T12:00:20
REC00003669,INS00003669,USR005483,MINDGUARD,repeat_assessment,Repeat the assessment later to add another observation.,medium,2026-04-16T21:00:20
REC00003670,INS00003670,USR005484,MINDGUARD,repeat_assessment,Repeat the assessment later to add another observation.,low,2026-01-11T02:00:20
REC00003671,INS00003671,USR005485,HEALTH_RESERVE,review_preparedness_goal,Review the preparedness goal and current buffer.,low,2026-07-02T05:00:20
REC00003672,INS00003672,USR005487,MINDGUARD,repeat_assessment,Repeat the assessment later to add another observation.,low,2026-06-28T10:00:20
REC00003673,INS00003673,USR005488,MINDGUARD,repeat_assessment,Repeat the assessment later to add another observation.,medium,2026-09-14T12:00:20
REC00003674,INS00003674,USR005488,HEALTH_RESERVE,review_preparedness_goal,Review the preparedness goal and current buffer.,low,2026-09-14T12:00:20
REC00003675,INS00003675,USR005489,HEALTH_RESERVE,review_preparedness_goal,Review the preparedness goal and current buffer.,low,2026-04-24T21:00:20
REC00003676,INS00003676,USR005493,HEALTH_RESERVE,review_preparedness_goal,Review the preparedness goal and current buffer.,medium,2026-02-17T10:00:20
REC00003677,INS00003677,USR005494,MINDGUARD,repeat_assessment,Repeat the assessment later to add another observation.,low,2026-03-03T13:00:20
REC00003678,INS00003678,USR005494,HEALTH_RESERVE,review_preparedness_goal,Review the preparedness goal and current buffer.,low,2026-03-12T06:00:20
REC00003679,INS00003679,USR005495,MINDGUARD,repeat_assessment,Repeat the assessment later to add another observation.,low,2026-05-12T17:00:20
REC00003680,INS00003680,USR005496,HEALTH_RESERVE,review_preparedness_goal,Review the preparedness goal and current buffer.,medium,2026-03-02T10:00:20
REC00003681,INS00003681,USR005498,MINDGUARD,maintain_monitoring,Continue routine monitoring.,medium,2026-09-14T12:00:20
REC00003682,INS00003682,USR005499,HEALTH_RESERVE,review_preparedness_goal,Review the preparedness goal and current buffer.,low,2026-09-14T12:00:20
REC00003683,INS00003683,USR005500,MINDGUARD,review_sleep,Review recent sleep context and repeat monitoring when convenient.,low,2026-09-14T12:00:20
REC00003684,INS00003684,USR005502,MINDGUARD,maintain_monitoring,Continue routine monitoring.,medium,2026-06-15T19:00:20
REC00003685,INS00003685,USR005503,MINDGUARD,maintain_monitoring,Continue routine monitoring.,low,2026-08-08T12:00:20
REC00003686,INS00003686,USR005504,HEALTH_RESERVE,review_healthcare_coverage,Review healthcare coverage information.,low,2026-03-26T16:00:20
REC00003687,INS00003687,USR005505,MINDGUARD,repeat_assessment,Repeat the assessment later to add another observation.,medium,2026-01-14T06:00:20
REC00003688,INS00003688,USR005506,MINDGUARD,repeat_assessment,Repeat the assessment later to add another observation.,low,2026-07-05T15:00:20
REC00003689,INS00003689,USR005507,MINDGUARD,maintain_monitoring,Continue routine monitoring.,low,2026-09-03T16:00:20
REC00003690,INS00003690,USR005507,HEALTH_RESERVE,review_preparedness_goal,Review the preparedness goal and current buffer.,low,2026-07-21T18:00:20
REC00003691,INS00003691,USR005508,MINDGUARD,maintain_monitoring,Continue routine monitoring.,low,2026-09-14T12:00:20
REC00003692,INS00003692,USR005508,HEALTH_RESERVE,review_healthcare_coverage,Review healthcare coverage information.,low,2026-06-30T14:00:20
REC00003693,INS00003693,USR005510,MINDGUARD,maintain_monitoring,Continue routine monitoring.,low,2026-06-10T10:00:20
REC00003694,INS00003694,USR005510,HEALTH_RESERVE,review_preparedness_goal,Review the preparedness goal and current buffer.,medium,2026-08-05T05:00:20
REC00003695,INS00003695,USR005511,MINDGUARD,repeat_assessment,Repeat the assessment later to add another observation.,medium,2026-06-14T16:00:20
REC00003696,INS00003696,USR005513,MINDGUARD,maintain_monitoring,Continue routine monitoring.,medium,2026-07-25T00:00:20
REC00003697,INS00003697,USR005514,MINDGUARD,maintain_monitoring,Continue routine monitoring.,medium,2026-07-21T00:00:20
REC00003698,INS00003698,USR005514,HEALTH_RESERVE,review_preparedness_goal,Review the preparedness goal and current buffer.,medium,2026-05-20T05:00:20
REC00003699,INS00003699,USR005515,HEALTH_RESERVE,review_preparedness_goal,Review the preparedness goal and current buffer.,medium,2026-08-01T19:00:20
REC00003700,INS00003700,USR005516,MINDGUARD,maintain_monitoring,Continue routine monitoring.,low,2026-05-04T00:00:20
REC00003701,INS00003701,USR005518,MINDGUARD,maintain_monitoring,Continue routine monitoring.,low,2026-09-05T04:00:20
REC00003702,INS00003702,USR005522,MINDGUARD,maintain_monitoring,Continue routine monitoring.,medium,2026-09-14T12:00:20
REC00003703,INS00003703,USR005523,MINDGUARD,repeat_assessment,Repeat the assessment later to add another observation.,low,2026-05-30T15:00:20
REC00003704,INS00003704,USR005523,HEALTH_RESERVE,review_preparedness_goal,Review the preparedness goal and current buffer.,low,2026-07-24T10:00:20
REC00003705,INS00003705,USR005527,MINDGUARD,review_sleep,Review recent sleep context and repeat monitoring when convenient.,medium,2026-06-07T22:00:20
REC00003706,INS00003706,USR005531,MINDGUARD,wellbeing_checkin,Complete a wellbeing check-in to add context.,low,2026-09-03T11:00:20
REC00003707,INS00003707,USR005536,MINDGUARD,maintain_monitoring,Continue routine monitoring.,low,2026-09-14T12:00:20
REC00003708,INS00003708,USR005537,MINDGUARD,review_sleep,Review recent sleep context and repeat monitoring when convenient.,medium,2026-09-03T05:00:20
REC00003709,INS00003709,USR005538,MINDGUARD,review_sleep,Review recent sleep context and repeat monitoring when convenient.,medium,2026-09-14T12:00:20
REC00003710,INS00003710,USR005539,MINDGUARD,maintain_monitoring,Continue routine monitoring.,medium,2026-06-02T13:00:20
REC00003711,INS00003711,USR005540,MINDGUARD,repeat_assessment,Repeat the assessment later to add another observation.,low,2026-06-30T14:00:20
REC00003712,INS00003712,USR005541,HEALTH_RESERVE,review_preparedness_goal,Review the preparedness goal and current buffer.,medium,2026-09-07T00:00:20
REC00003713,INS00003713,USR005544,HEALTH_RESERVE,review_preparedness_goal,Review the preparedness goal and current buffer.,medium,2026-04-02T16:00:20
REC00003714,INS00003714,USR005546,MINDGUARD,maintain_monitoring,Continue routine monitoring.,medium,2026-09-14T12:00:20
REC00003715,INS00003715,USR005547,MINDGUARD,repeat_assessment,Repeat the assessment later to add another observation.,low,2026-04-07T10:00:20
REC00003716,INS00003716,USR005550,MINDGUARD,repeat_assessment,Repeat the assessment later to add another observation.,medium,2026-03-01T14:00:20
REC00003717,INS00003717,USR005550,HEALTH_RESERVE,review_preparedness_goal,Review the preparedness goal and current buffer.,low,2026-02-27T17:00:20
REC00003718,INS00003718,USR005551,MINDGUARD,repeat_assessment,Repeat the assessment later to add another observation.,medium,2026-06-06T19:00:20
REC00003719,INS00003719,USR005553,MINDGUARD,maintain_monitoring,Continue routine monitoring.,low,2026-09-14T12:00:20
REC00003720,INS00003720,USR005554,HEALTH_RESERVE,review_preparedness_goal,Review the preparedness goal and current buffer.,medium,2026-07-06T02:00:20
REC00003721,INS00003721,USR005556,MINDGUARD,review_sleep,Review recent sleep context and repeat monitoring when convenient.,medium,2026-09-14T12:00:20
REC00003722,INS00003722,USR005556,HEALTH_RESERVE,review_preparedness_goal,Review the preparedness goal and current buffer.,low,2026-09-08T15:00:20
REC00003723,INS00003723,USR005558,MINDGUARD,maintain_monitoring,Continue routine monitoring.,low,2026-09-14T12:00:20
REC00003724,INS00003724,USR005559,MINDGUARD,repeat_assessment,Repeat the assessment later to add another observation.,medium,2026-08-24T23:00:20
REC00003725,INS00003725,USR005560,MINDGUARD,maintain_monitoring,Continue routine monitoring.,low,2026-07-26T12:00:20
REC00003726,INS00003726,USR005560,HEALTH_RESERVE,review_preparedness_goal,Review the preparedness goal and current buffer.,medium,2026-06-15T13:00:20
REC00003727,INS00003727,USR005561,MINDGUARD,repeat_assessment,Repeat the assessment later to add another observation.,low,2026-06-16T21:00:20
REC00003728,INS00003728,USR005562,MINDGUARD,maintain_monitoring,Continue routine monitoring.,low,2026-07-27T14:00:20
REC00003729,INS00003729,USR005563,MINDGUARD,maintain_monitoring,Continue routine monitoring.,low,2026-09-01T20:00:20
REC00003730,INS00003730,USR005563,HEALTH_RESERVE,review_preparedness_goal,Review the preparedness goal and current buffer.,medium,2026-09-14T12:00:20
REC00003731,INS00003731,USR005566,MINDGUARD,maintain_monitoring,Continue routine monitoring.,medium,2026-06-03T02:00:20
REC00003732,INS00003732,USR005569,MINDGUARD,wellbeing_checkin,Complete a wellbeing check-in to add context.,low,2026-04-16T13:00:20
REC00003733,INS00003733,USR005570,MINDGUARD,maintain_monitoring,Continue routine monitoring.,low,2026-06-02T12:00:20
REC00003734,INS00003734,USR005571,MINDGUARD,wellbeing_checkin,Complete a wellbeing check-in to add context.,low,2026-05-12T05:00:20
REC00003735,INS00003735,USR005573,MINDGUARD,repeat_assessment,Repeat the assessment later to add another observation.,medium,2026-05-16T06:00:20
REC00003736,INS00003736,USR005574,MINDGUARD,wellbeing_checkin,Complete a wellbeing check-in to add context.,low,2026-03-23T12:00:20
REC00003737,INS00003737,USR005576,HEALTH_RESERVE,review_preparedness_goal,Review the preparedness goal and current buffer.,low,2026-09-14T12:00:20
REC00003738,INS00003738,USR005577,MINDGUARD,maintain_monitoring,Continue routine monitoring.,low,2026-07-16T03:00:20
REC00003739,INS00003739,USR005578,MINDGUARD,repeat_assessment,Repeat the assessment later to add another observation.,low,2026-07-14T01:00:20
REC00003740,INS00003740,USR005579,HEALTH_RESERVE,review_preparedness_goal,Review the preparedness goal and current buffer.,low,2026-05-10T21:00:20
REC00003741,INS00003741,USR005580,MINDGUARD,maintain_monitoring,Continue routine monitoring.,medium,2026-04-26T15:00:20
REC00003742,INS00003742,USR005582,MINDGUARD,maintain_monitoring,Continue routine monitoring.,medium,2026-07-27T06:00:20
REC00003743,INS00003743,USR005585,MINDGUARD,maintain_monitoring,Continue routine monitoring.,low,2026-09-14T12:00:20
REC00003744,INS00003744,USR005585,HEALTH_RESERVE,review_preparedness_goal,Review the preparedness goal and current buffer.,medium,2026-08-14T00:00:20
REC00003745,INS00003745,USR005587,HEALTH_RESERVE,review_preparedness_goal,Review the preparedness goal and current buffer.,low,2026-05-18T12:00:20
REC00003746,INS00003746,USR005590,MINDGUARD,repeat_assessment,Repeat the assessment later to add another observation.,medium,2026-06-30T07:00:20
REC00003747,INS00003747,USR005593,HEALTH_RESERVE,review_preparedness_goal,Review the preparedness goal and current buffer.,low,2026-07-05T20:00:20
REC00003748,INS00003748,USR005594,MINDGUARD,repeat_assessment,Repeat the assessment later to add another observation.,low,2026-03-03T00:00:20
REC00003749,INS00003749,USR005595,MINDGUARD,repeat_assessment,Repeat the assessment later to add another observation.,low,2026-02-15T13:00:20
REC00003750,INS00003750,USR005597,HEALTH_RESERVE,review_preparedness_goal,Review the preparedness goal and current buffer.,medium,2026-05-03T13:00:20
REC00003751,INS00003751,USR005599,MINDGUARD,maintain_monitoring,Continue routine monitoring.,medium,2026-08-10T07:00:20
REC00003752,INS00003752,USR005603,MINDGUARD,repeat_assessment,Repeat the assessment later to add another observation.,low,2026-09-12T22:00:20
REC00003753,INS00003753,USR005605,MINDGUARD,repeat_assessment,Repeat the assessment later to add another observation.,low,2026-04-16T11:00:20
REC00003754,INS00003754,USR005606,MINDGUARD,review_sleep,Review recent sleep context and repeat monitoring when convenient.,low,2026-07-20T04:00:20
REC00003755,INS00003755,USR005606,HEALTH_RESERVE,review_preparedness_goal,Review the preparedness goal and current buffer.,medium,2026-03-15T02:00:20
REC00003756,INS00003756,USR005607,MINDGUARD,review_sleep,Review recent sleep context and repeat monitoring when convenient.,medium,2026-09-14T12:00:20
REC00003757,INS00003757,USR005607,HEALTH_RESERVE,review_preparedness_goal,Review the preparedness goal and current buffer.,medium,2026-06-10T02:00:20
REC00003758,INS00003758,USR005612,MINDGUARD,maintain_monitoring,Continue routine monitoring.,low,2026-08-11T10:00:20
REC00003759,INS00003759,USR005613,MINDGUARD,review_sleep,Review recent sleep context and repeat monitoring when convenient.,medium,2026-09-07T04:00:20
REC00003760,INS00003760,USR005614,HEALTH_RESERVE,review_preparedness_goal,Review the preparedness goal and current buffer.,low,2026-09-14T11:00:20
REC00003761,INS00003761,USR005615,HEALTH_RESERVE,review_preparedness_goal,Review the preparedness goal and current buffer.,low,2026-08-13T08:00:20
REC00003762,INS00003762,USR005616,MINDGUARD,repeat_assessment,Repeat the assessment later to add another observation.,medium,2026-07-02T10:00:20
REC00003763,INS00003763,USR005619,MINDGUARD,repeat_assessment,Repeat the assessment later to add another observation.,medium,2026-09-14T12:00:20
REC00003764,INS00003764,USR005620,MINDGUARD,repeat_assessment,Repeat the assessment later to add another observation.,medium,2026-09-03T19:00:20
REC00003765,INS00003765,USR005622,MINDGUARD,repeat_assessment,Repeat the assessment later to add another observation.,low,2026-05-16T12:00:20
REC00003766,INS00003766,USR005626,MINDGUARD,maintain_monitoring,Continue routine monitoring.,low,2026-03-01T02:00:20
REC00003767,INS00003767,USR005626,HEALTH_RESERVE,review_preparedness_goal,Review the preparedness goal and current buffer.,low,2026-07-23T04:00:20
REC00003768,INS00003768,USR005627,MINDGUARD,maintain_monitoring,Continue routine monitoring.,low,2026-09-14T12:00:20
REC00003769,INS00003769,USR005627,HEALTH_RESERVE,review_preparedness_goal,Review the preparedness goal and current buffer.,medium,2026-06-08T00:00:20
REC00003770,INS00003770,USR005629,HEALTH_RESERVE,review_preparedness_goal,Review the preparedness goal and current buffer.,low,2026-04-16T07:00:20
REC00003771,INS00003771,USR005630,HEALTH_RESERVE,review_healthcare_coverage,Review healthcare coverage information.,low,2026-07-14T09:00:20
REC00003772,INS00003772,USR005631,HEALTH_RESERVE,review_preparedness_goal,Review the preparedness goal and current buffer.,medium,2026-01-22T21:00:20
REC00003773,INS00003773,USR005633,MINDGUARD,wellbeing_checkin,Complete a wellbeing check-in to add context.,medium,2026-06-06T17:00:20
REC00003774,INS00003774,USR005634,MINDGUARD,maintain_monitoring,Continue routine monitoring.,medium,2026-05-21T07:00:20
REC00003775,INS00003775,USR005636,MINDGUARD,maintain_monitoring,Continue routine monitoring.,medium,2026-09-14T12:00:20
REC00003776,INS00003776,USR005637,MINDGUARD,maintain_monitoring,Continue routine monitoring.,medium,2026-09-10T19:00:20
REC00003777,INS00003777,USR005638,MINDGUARD,repeat_assessment,Repeat the assessment later to add another observation.,medium,2026-04-08T19:00:20
REC00003778,INS00003778,USR005639,MINDGUARD,wellbeing_checkin,Complete a wellbeing check-in to add context.,low,2026-09-07T02:00:20
REC00003779,INS00003779,USR005640,MINDGUARD,repeat_assessment,Repeat the assessment later to add another observation.,medium,2026-04-11T23:00:20
REC00003780,INS00003780,USR005641,MINDGUARD,maintain_monitoring,Continue routine monitoring.,medium,2026-06-02T21:00:20
REC00003781,INS00003781,USR005643,MINDGUARD,repeat_assessment,Repeat the assessment later to add another observation.,medium,2026-06-29T10:00:20
REC00003782,INS00003782,USR005644,HEALTH_RESERVE,review_preparedness_goal,Review the preparedness goal and current buffer.,low,2026-05-02T04:00:20
REC00003783,INS00003783,USR005651,HEALTH_RESERVE,review_preparedness_goal,Review the preparedness goal and current buffer.,low,2026-05-24T01:00:20
REC00003784,INS00003784,USR005653,MINDGUARD,repeat_assessment,Repeat the assessment later to add another observation.,low,2026-08-19T12:00:20
REC00003785,INS00003785,USR005654,HEALTH_RESERVE,review_preparedness_goal,Review the preparedness goal and current buffer.,medium,2026-03-24T18:00:20
REC00003786,INS00003786,USR005655,MINDGUARD,maintain_monitoring,Continue routine monitoring.,low,2026-07-27T15:00:20
REC00003787,INS00003787,USR005656,MINDGUARD,repeat_assessment,Repeat the assessment later to add another observation.,medium,2026-09-14T12:00:20
REC00003788,INS00003788,USR005657,MINDGUARD,maintain_monitoring,Continue routine monitoring.,medium,2026-06-19T01:00:20
REC00003789,INS00003789,USR005658,HEALTH_RESERVE,review_healthcare_coverage,Review healthcare coverage information.,low,2026-07-30T20:00:20
REC00003790,INS00003790,USR005659,MINDGUARD,repeat_assessment,Repeat the assessment later to add another observation.,medium,2026-05-21T00:00:20
REC00003791,INS00003791,USR005661,MINDGUARD,review_sleep,Review recent sleep context and repeat monitoring when convenient.,medium,2026-07-20T02:00:20
REC00003792,INS00003792,USR005662,HEALTH_RESERVE,review_preparedness_goal,Review the preparedness goal and current buffer.,low,2026-04-15T07:00:20
REC00003793,INS00003793,USR005663,MINDGUARD,repeat_assessment,Repeat the assessment later to add another observation.,medium,2026-02-16T20:00:20
REC00003794,INS00003794,USR005664,MINDGUARD,review_sleep,Review recent sleep context and repeat monitoring when convenient.,medium,2026-06-24T02:00:20
REC00003795,INS00003795,USR005665,MINDGUARD,maintain_monitoring,Continue routine monitoring.,medium,2026-08-14T10:00:20
REC00003796,INS00003796,USR005666,MINDGUARD,repeat_assessment,Repeat the assessment later to add another observation.,medium,2026-05-20T00:00:20
REC00003797,INS00003797,USR005667,HEALTH_RESERVE,review_preparedness_goal,Review the preparedness goal and current buffer.,low,2026-09-14T12:00:20
REC00003798,INS00003798,USR005668,MINDGUARD,repeat_assessment,Repeat the assessment later to add another observation.,low,2026-02-26T04:00:20
REC00003799,INS00003799,USR005670,MINDGUARD,repeat_assessment,Repeat the assessment later to add another observation.,medium,2026-04-20T10:00:20
REC00003800,INS00003800,USR005672,MINDGUARD,repeat_assessment,Repeat the assessment later to add another observation.,medium,2026-06-26T15:00:20
REC00003801,INS00003801,USR005675,MINDGUARD,repeat_assessment,Repeat the assessment later to add another observation.,low,2026-04-03T05:00:20
REC00003802,INS00003802,USR005675,HEALTH_RESERVE,review_preparedness_goal,Review the preparedness goal and current buffer.,low,2026-06-07T06:00:20
REC00003803,INS00003803,USR005676,MINDGUARD,repeat_assessment,Repeat the assessment later to add another observation.,medium,2026-04-25T13:00:20
REC00003804,INS00003804,USR005677,MINDGUARD,review_sleep,Review recent sleep context and repeat monitoring when convenient.,medium,2026-06-06T13:00:20
REC00003805,INS00003805,USR005678,HEALTH_RESERVE,review_preparedness_goal,Review the preparedness goal and current buffer.,low,2026-06-02T10:00:20
REC00003806,INS00003806,USR005679,HEALTH_RESERVE,review_healthcare_coverage,Review healthcare coverage information.,medium,2026-09-14T12:00:20
REC00003807,INS00003807,USR005681,HEALTH_RESERVE,review_preparedness_goal,Review the preparedness goal and current buffer.,medium,2026-04-14T21:00:20
REC00003808,INS00003808,USR005683,HEALTH_RESERVE,review_preparedness_goal,Review the preparedness goal and current buffer.,medium,2026-04-09T10:00:20
REC00003809,INS00003809,USR005684,MINDGUARD,repeat_assessment,Repeat the assessment later to add another observation.,medium,2026-03-17T22:00:20
REC00003810,INS00003810,USR005686,HEALTH_RESERVE,review_preparedness_goal,Review the preparedness goal and current buffer.,low,2026-05-20T14:00:20
REC00003811,INS00003811,USR005691,MINDGUARD,maintain_monitoring,Continue routine monitoring.,low,2026-08-03T08:00:20
REC00003812,INS00003812,USR005691,HEALTH_RESERVE,review_preparedness_goal,Review the preparedness goal and current buffer.,low,2026-03-14T03:00:20
REC00003813,INS00003813,USR005693,MINDGUARD,maintain_monitoring,Continue routine monitoring.,medium,2026-09-14T12:00:20
REC00003814,INS00003814,USR005696,HEALTH_RESERVE,review_preparedness_goal,Review the preparedness goal and current buffer.,medium,2026-08-07T08:00:20
REC00003815,INS00003815,USR005697,HEALTH_RESERVE,review_preparedness_goal,Review the preparedness goal and current buffer.,low,2026-01-29T22:00:20
REC00003816,INS00003816,USR005698,MINDGUARD,maintain_monitoring,Continue routine monitoring.,medium,2026-09-14T12:00:20
REC00003817,INS00003817,USR005700,MINDGUARD,repeat_assessment,Repeat the assessment later to add another observation.,medium,2026-07-11T19:00:20
REC00003818,INS00003818,USR005700,HEALTH_RESERVE,review_preparedness_goal,Review the preparedness goal and current buffer.,low,2026-02-03T20:00:20
REC00003819,INS00003819,USR005702,MINDGUARD,repeat_assessment,Repeat the assessment later to add another observation.,low,2026-06-20T03:00:20
REC00003820,INS00003820,USR005703,MINDGUARD,maintain_monitoring,Continue routine monitoring.,medium,2026-06-19T22:00:20
REC00003821,INS00003821,USR005703,HEALTH_RESERVE,review_preparedness_goal,Review the preparedness goal and current buffer.,low,2026-09-14T12:00:20
REC00003822,INS00003822,USR005704,MINDGUARD,maintain_monitoring,Continue routine monitoring.,low,2026-09-01T04:00:20
REC00003823,INS00003823,USR005705,HEALTH_RESERVE,review_preparedness_goal,Review the preparedness goal and current buffer.,low,2026-07-28T04:00:20
REC00003824,INS00003824,USR005707,HEALTH_RESERVE,review_healthcare_coverage,Review healthcare coverage information.,medium,2026-06-09T18:00:20
REC00003825,INS00003825,USR005708,MINDGUARD,repeat_assessment,Repeat the assessment later to add another observation.,medium,2026-07-25T16:00:20
REC00003826,INS00003826,USR005709,MINDGUARD,repeat_assessment,Repeat the assessment later to add another observation.,low,2026-04-22T16:00:20
REC00003827,INS00003827,USR005710,MINDGUARD,maintain_monitoring,Continue routine monitoring.,medium,2026-07-24T17:00:20
REC00003828,INS00003828,USR005712,MINDGUARD,maintain_monitoring,Continue routine monitoring.,low,2026-07-12T00:00:20
REC00003829,INS00003829,USR005713,HEALTH_RESERVE,review_preparedness_goal,Review the preparedness goal and current buffer.,low,2026-04-01T23:00:20
REC00003830,INS00003830,USR005714,HEALTH_RESERVE,review_healthcare_coverage,Review healthcare coverage information.,low,2026-07-28T16:00:20
REC00003831,INS00003831,USR005717,HEALTH_RESERVE,review_preparedness_goal,Review the preparedness goal and current buffer.,low,2026-08-07T18:00:20
REC00003832,INS00003832,USR005718,MINDGUARD,repeat_assessment,Repeat the assessment later to add another observation.,low,2026-03-04T15:00:20
REC00003833,INS00003833,USR005720,MINDGUARD,repeat_assessment,Repeat the assessment later to add another observation.,low,2026-07-14T15:00:20
REC00003834,INS00003834,USR005721,MINDGUARD,maintain_monitoring,Continue routine monitoring.,medium,2026-09-04T00:00:20
REC00003835,INS00003835,USR005721,HEALTH_RESERVE,review_healthcare_coverage,Review healthcare coverage information.,low,2026-09-14T12:00:20
REC00003836,INS00003836,USR005722,HEALTH_RESERVE,review_healthcare_coverage,Review healthcare coverage information.,low,2026-06-04T10:00:20
REC00003837,INS00003837,USR005723,HEALTH_RESERVE,review_preparedness_goal,Review the preparedness goal and current buffer.,medium,2026-05-11T23:00:20
REC00003838,INS00003838,USR005724,MINDGUARD,maintain_monitoring,Continue routine monitoring.,low,2026-05-17T02:00:20
REC00003839,INS00003839,USR005727,MINDGUARD,review_sleep,Review recent sleep context and repeat monitoring when convenient.,medium,2026-09-14T12:00:20
REC00003840,INS00003840,USR005728,MINDGUARD,repeat_assessment,Repeat the assessment later to add another observation.,low,2026-07-29T10:00:20
REC00003841,INS00003841,USR005729,HEALTH_RESERVE,review_preparedness_goal,Review the preparedness goal and current buffer.,medium,2026-05-17T17:00:20
REC00003842,INS00003842,USR005731,MINDGUARD,repeat_assessment,Repeat the assessment later to add another observation.,low,2026-06-28T01:00:20
REC00003843,INS00003843,USR005733,HEALTH_RESERVE,review_preparedness_goal,Review the preparedness goal and current buffer.,low,2026-05-06T16:00:20
REC00003844,INS00003844,USR005736,HEALTH_RESERVE,review_preparedness_goal,Review the preparedness goal and current buffer.,low,2026-08-29T00:00:20
REC00003845,INS00003845,USR005737,MINDGUARD,wellbeing_checkin,Complete a wellbeing check-in to add context.,low,2026-07-11T18:00:20
REC00003846,INS00003846,USR005737,HEALTH_RESERVE,review_preparedness_goal,Review the preparedness goal and current buffer.,medium,2026-08-13T22:00:20
REC00003847,INS00003847,USR005739,MINDGUARD,maintain_monitoring,Continue routine monitoring.,low,2026-09-14T12:00:20
REC00003848,INS00003848,USR005743,MINDGUARD,maintain_monitoring,Continue routine monitoring.,low,2026-09-11T03:00:20
REC00003849,INS00003849,USR005744,MINDGUARD,maintain_monitoring,Continue routine monitoring.,medium,2026-03-23T08:00:20
REC00003850,INS00003850,USR005744,HEALTH_RESERVE,review_preparedness_goal,Review the preparedness goal and current buffer.,low,2026-02-12T09:00:20
REC00003851,INS00003851,USR005745,HEALTH_RESERVE,review_preparedness_goal,Review the preparedness goal and current buffer.,low,2026-06-01T09:00:20
REC00003852,INS00003852,USR005746,HEALTH_RESERVE,review_preparedness_goal,Review the preparedness goal and current buffer.,low,2026-09-05T16:00:20
REC00003853,INS00003853,USR005747,MINDGUARD,repeat_assessment,Repeat the assessment later to add another observation.,low,2026-06-08T01:00:20
REC00003854,INS00003854,USR005748,HEALTH_RESERVE,review_healthcare_coverage,Review healthcare coverage information.,medium,2026-05-18T05:00:20
REC00003855,INS00003855,USR005749,MINDGUARD,repeat_assessment,Repeat the assessment later to add another observation.,medium,2026-05-04T16:00:20
REC00003856,INS00003856,USR005750,HEALTH_RESERVE,review_preparedness_goal,Review the preparedness goal and current buffer.,low,2026-05-22T22:00:20
REC00003857,INS00003857,USR005752,MINDGUARD,repeat_assessment,Repeat the assessment later to add another observation.,low,2026-02-11T15:00:20
REC00003858,INS00003858,USR005755,MINDGUARD,wellbeing_checkin,Complete a wellbeing check-in to add context.,low,2026-06-14T00:00:20
REC00003859,INS00003859,USR005757,MINDGUARD,maintain_monitoring,Continue routine monitoring.,low,2026-08-13T21:00:20
REC00003860,INS00003860,USR005758,MINDGUARD,maintain_monitoring,Continue routine monitoring.,low,2026-09-14T12:00:20
REC00003861,INS00003861,USR005759,MINDGUARD,maintain_monitoring,Continue routine monitoring.,low,2026-04-26T23:00:20
REC00003862,INS00003862,USR005761,MINDGUARD,maintain_monitoring,Continue routine monitoring.,medium,2026-05-10T00:00:20
REC00003863,INS00003863,USR005761,HEALTH_RESERVE,review_preparedness_goal,Review the preparedness goal and current buffer.,low,2026-06-27T03:00:20
REC00003864,INS00003864,USR005762,MINDGUARD,repeat_assessment,Repeat the assessment later to add another observation.,medium,2026-02-22T10:00:20
REC00003865,INS00003865,USR005763,MINDGUARD,maintain_monitoring,Continue routine monitoring.,medium,2026-07-03T23:00:20
REC00003866,INS00003866,USR005764,MINDGUARD,maintain_monitoring,Continue routine monitoring.,low,2026-09-02T04:00:20
REC00003867,INS00003867,USR005765,MINDGUARD,maintain_monitoring,Continue routine monitoring.,medium,2026-09-14T12:00:20
REC00003868,INS00003868,USR005765,HEALTH_RESERVE,review_preparedness_goal,Review the preparedness goal and current buffer.,medium,2026-05-28T02:00:20
REC00003869,INS00003869,USR005766,MINDGUARD,maintain_monitoring,Continue routine monitoring.,low,2026-03-30T03:00:20
REC00003870,INS00003870,USR005766,HEALTH_RESERVE,review_preparedness_goal,Review the preparedness goal and current buffer.,medium,2026-02-10T08:00:20
REC00003871,INS00003871,USR005767,MINDGUARD,maintain_monitoring,Continue routine monitoring.,medium,2026-09-14T12:00:20
REC00003872,INS00003872,USR005768,MINDGUARD,maintain_monitoring,Continue routine monitoring.,medium,2026-08-21T15:00:20
REC00003873,INS00003873,USR005769,HEALTH_RESERVE,review_preparedness_goal,Review the preparedness goal and current buffer.,low,2026-08-19T00:00:20
REC00003874,INS00003874,USR005770,HEALTH_RESERVE,review_healthcare_coverage,Review healthcare coverage information.,low,2026-07-07T03:00:20
REC00003875,INS00003875,USR005771,HEALTH_RESERVE,review_preparedness_goal,Review the preparedness goal and current buffer.,medium,2026-03-23T02:00:20
REC00003876,INS00003876,USR005772,HEALTH_RESERVE,review_preparedness_goal,Review the preparedness goal and current buffer.,low,2026-03-28T00:00:20
REC00003877,INS00003877,USR005773,MINDGUARD,repeat_assessment,Repeat the assessment later to add another observation.,low,2026-06-13T03:00:20
REC00003878,INS00003878,USR005774,MINDGUARD,repeat_assessment,Repeat the assessment later to add another observation.,medium,2026-07-24T00:00:20
REC00003879,INS00003879,USR005775,MINDGUARD,maintain_monitoring,Continue routine monitoring.,low,2026-08-12T00:00:20
REC00003880,INS00003880,USR005776,MINDGUARD,repeat_assessment,Repeat the assessment later to add another observation.,low,2026-09-14T12:00:20
REC00003881,INS00003881,USR005777,MINDGUARD,repeat_assessment,Repeat the assessment later to add another observation.,medium,2026-05-29T17:00:20
REC00003882,INS00003882,USR005778,MINDGUARD,repeat_assessment,Repeat the assessment later to add another observation.,medium,2026-02-01T14:00:20
REC00003883,INS00003883,USR005779,MINDGUARD,maintain_monitoring,Continue routine monitoring.,medium,2026-09-12T12:00:20
REC00003884,INS00003884,USR005779,HEALTH_RESERVE,review_healthcare_coverage,Review healthcare coverage information.,medium,2026-05-14T20:00:20
REC00003885,INS00003885,USR005780,MINDGUARD,repeat_assessment,Repeat the assessment later to add another observation.,medium,2026-01-09T18:00:20
REC00003886,INS00003886,USR005781,MINDGUARD,wellbeing_checkin,Complete a wellbeing check-in to add context.,medium,2026-06-17T20:00:20
REC00003887,INS00003887,USR005781,HEALTH_RESERVE,review_healthcare_coverage,Review healthcare coverage information.,medium,2026-04-19T05:00:20
REC00003888,INS00003888,USR005782,MINDGUARD,maintain_monitoring,Continue routine monitoring.,medium,2026-07-25T19:00:20
REC00003889,INS00003889,USR005786,MINDGUARD,maintain_monitoring,Continue routine monitoring.,low,2026-07-19T08:00:20
REC00003890,INS00003890,USR005787,MINDGUARD,repeat_assessment,Repeat the assessment later to add another observation.,medium,2026-07-04T22:00:20
REC00003891,INS00003891,USR005790,MINDGUARD,maintain_monitoring,Continue routine monitoring.,low,2026-09-13T20:00:20
REC00003892,INS00003892,USR005793,HEALTH_RESERVE,review_preparedness_goal,Review the preparedness goal and current buffer.,low,2026-05-05T09:00:20
REC00003893,INS00003893,USR005796,MINDGUARD,review_sleep,Review recent sleep context and repeat monitoring when convenient.,low,2026-09-14T12:00:20
REC00003894,INS00003894,USR005799,HEALTH_RESERVE,review_preparedness_goal,Review the preparedness goal and current buffer.,medium,2026-06-29T04:00:20
REC00003895,INS00003895,USR005800,MINDGUARD,review_sleep,Review recent sleep context and repeat monitoring when convenient.,medium,2026-08-15T20:00:20
REC00003896,INS00003896,USR005801,MINDGUARD,maintain_monitoring,Continue routine monitoring.,medium,2026-06-27T21:00:20
REC00003897,INS00003897,USR005802,HEALTH_RESERVE,review_preparedness_goal,Review the preparedness goal and current buffer.,low,2026-06-21T04:00:20
REC00003898,INS00003898,USR005803,MINDGUARD,repeat_assessment,Repeat the assessment later to add another observation.,low,2026-01-04T19:00:20
REC00003899,INS00003899,USR005804,HEALTH_RESERVE,review_preparedness_goal,Review the preparedness goal and current buffer.,medium,2026-09-04T09:00:20
REC00003900,INS00003900,USR005805,MINDGUARD,maintain_monitoring,Continue routine monitoring.,low,2026-07-06T13:00:20
REC00003901,INS00003901,USR005807,MINDGUARD,repeat_assessment,Repeat the assessment later to add another observation.,low,2026-09-14T12:00:20
REC00003902,INS00003902,USR005808,MINDGUARD,repeat_assessment,Repeat the assessment later to add another observation.,low,2026-06-21T01:00:20
REC00003903,INS00003903,USR005811,HEALTH_RESERVE,review_preparedness_goal,Review the preparedness goal and current buffer.,medium,2026-05-01T20:00:20
REC00003904,INS00003904,USR005812,MINDGUARD,wellbeing_checkin,Complete a wellbeing check-in to add context.,low,2026-07-23T10:00:20
REC00003905,INS00003905,USR005814,MINDGUARD,maintain_monitoring,Continue routine monitoring.,medium,2026-07-14T03:00:20
REC00003906,INS00003906,USR005815,MINDGUARD,wellbeing_checkin,Complete a wellbeing check-in to add context.,low,2026-07-26T23:00:20
REC00003907,INS00003907,USR005815,HEALTH_RESERVE,review_preparedness_goal,Review the preparedness goal and current buffer.,medium,2026-02-01T22:00:20
REC00003908,INS00003908,USR005816,MINDGUARD,repeat_assessment,Repeat the assessment later to add another observation.,low,2026-05-27T00:00:20
REC00003909,INS00003909,USR005816,HEALTH_RESERVE,review_healthcare_coverage,Review healthcare coverage information.,medium,2026-06-16T19:00:20
REC00003910,INS00003910,USR005817,HEALTH_RESERVE,review_preparedness_goal,Review the preparedness goal and current buffer.,medium,2026-05-29T17:00:20
REC00003911,INS00003911,USR005820,HEALTH_RESERVE,review_healthcare_coverage,Review healthcare coverage information.,medium,2026-06-30T14:00:20
REC00003912,INS00003912,USR005822,MINDGUARD,maintain_monitoring,Continue routine monitoring.,medium,2026-09-14T12:00:20
REC00003913,INS00003913,USR005825,MINDGUARD,repeat_assessment,Repeat the assessment later to add another observation.,low,2026-01-31T02:00:20
REC00003914,INS00003914,USR005826,MINDGUARD,maintain_monitoring,Continue routine monitoring.,low,2026-09-14T12:00:20
REC00003915,INS00003915,USR005829,MINDGUARD,repeat_assessment,Repeat the assessment later to add another observation.,medium,2026-05-09T14:00:20
REC00003916,INS00003916,USR005830,MINDGUARD,maintain_monitoring,Continue routine monitoring.,medium,2026-08-28T04:00:20
REC00003917,INS00003917,USR005831,MINDGUARD,review_sleep,Review recent sleep context and repeat monitoring when convenient.,low,2026-08-20T14:00:20
REC00003918,INS00003918,USR005833,MINDGUARD,maintain_monitoring,Continue routine monitoring.,low,2026-04-11T22:00:20
REC00003919,INS00003919,USR005835,HEALTH_RESERVE,review_preparedness_goal,Review the preparedness goal and current buffer.,medium,2026-02-26T02:00:20
REC00003920,INS00003920,USR005838,MINDGUARD,maintain_monitoring,Continue routine monitoring.,medium,2026-05-12T00:00:20
REC00003921,INS00003921,USR005839,MINDGUARD,maintain_monitoring,Continue routine monitoring.,medium,2026-09-14T12:00:20
REC00003922,INS00003922,USR005840,MINDGUARD,review_sleep,Review recent sleep context and repeat monitoring when convenient.,medium,2026-09-14T12:00:20
REC00003923,INS00003923,USR005841,MINDGUARD,repeat_assessment,Repeat the assessment later to add another observation.,medium,2026-03-25T12:00:20
REC00003924,INS00003924,USR005842,MINDGUARD,repeat_assessment,Repeat the assessment later to add another observation.,medium,2026-02-08T05:00:20
REC00003925,INS00003925,USR005843,HEALTH_RESERVE,review_preparedness_goal,Review the preparedness goal and current buffer.,medium,2026-02-27T13:00:20
REC00003926,INS00003926,USR005844,MINDGUARD,repeat_assessment,Repeat the assessment later to add another observation.,low,2026-06-15T17:00:20
REC00003927,INS00003927,USR005845,HEALTH_RESERVE,review_preparedness_goal,Review the preparedness goal and current buffer.,low,2026-05-21T11:00:20
REC00003928,INS00003928,USR005846,MINDGUARD,repeat_assessment,Repeat the assessment later to add another observation.,medium,2026-03-26T11:00:20
REC00003929,INS00003929,USR005847,MINDGUARD,maintain_monitoring,Continue routine monitoring.,low,2026-09-14T12:00:20
REC00003930,INS00003930,USR005850,MINDGUARD,repeat_assessment,Repeat the assessment later to add another observation.,low,2026-05-26T00:00:20
REC00003931,INS00003931,USR005852,MINDGUARD,maintain_monitoring,Continue routine monitoring.,medium,2026-06-04T20:00:20
REC00003932,INS00003932,USR005854,MINDGUARD,wellbeing_checkin,Complete a wellbeing check-in to add context.,medium,2026-05-23T22:00:20
REC00003933,INS00003933,USR005856,HEALTH_RESERVE,review_healthcare_coverage,Review healthcare coverage information.,low,2026-07-14T10:00:20
REC00003934,INS00003934,USR005864,MINDGUARD,repeat_assessment,Repeat the assessment later to add another observation.,medium,2026-04-14T02:00:20
REC00003935,INS00003935,USR005865,MINDGUARD,maintain_monitoring,Continue routine monitoring.,low,2026-02-01T00:00:20
REC00003936,INS00003936,USR005865,HEALTH_RESERVE,review_preparedness_goal,Review the preparedness goal and current buffer.,medium,2026-06-15T06:00:20
REC00003937,INS00003937,USR005867,MINDGUARD,maintain_monitoring,Continue routine monitoring.,low,2026-07-20T08:00:20
REC00003938,INS00003938,USR005868,HEALTH_RESERVE,review_preparedness_goal,Review the preparedness goal and current buffer.,medium,2026-07-07T19:00:20
REC00003939,INS00003939,USR005869,MINDGUARD,review_sleep,Review recent sleep context and repeat monitoring when convenient.,medium,2026-05-02T22:00:20
REC00003940,INS00003940,USR005870,MINDGUARD,repeat_assessment,Repeat the assessment later to add another observation.,medium,2026-04-25T22:00:20
REC00003941,INS00003941,USR005871,MINDGUARD,repeat_assessment,Repeat the assessment later to add another observation.,medium,2026-06-19T19:00:20
REC00003942,INS00003942,USR005872,MINDGUARD,repeat_assessment,Repeat the assessment later to add another observation.,low,2026-05-22T02:00:20
REC00003943,INS00003943,USR005875,MINDGUARD,maintain_monitoring,Continue routine monitoring.,low,2026-05-12T06:00:20
REC00003944,INS00003944,USR005876,HEALTH_RESERVE,review_preparedness_goal,Review the preparedness goal and current buffer.,low,2026-06-12T03:00:20
REC00003945,INS00003945,USR005877,MINDGUARD,repeat_assessment,Repeat the assessment later to add another observation.,medium,2026-02-23T00:00:20
REC00003946,INS00003946,USR005878,HEALTH_RESERVE,review_preparedness_goal,Review the preparedness goal and current buffer.,low,2026-07-16T01:00:20
REC00003947,INS00003947,USR005881,MINDGUARD,repeat_assessment,Repeat the assessment later to add another observation.,medium,2026-03-07T01:00:20
REC00003948,INS00003948,USR005882,MINDGUARD,maintain_monitoring,Continue routine monitoring.,low,2026-08-01T06:00:20
REC00003949,INS00003949,USR005884,MINDGUARD,review_sleep,Review recent sleep context and repeat monitoring when convenient.,medium,2026-07-07T02:00:20
REC00003950,INS00003950,USR005887,MINDGUARD,wellbeing_checkin,Complete a wellbeing check-in to add context.,medium,2026-05-30T12:00:20
REC00003951,INS00003951,USR005892,HEALTH_RESERVE,review_preparedness_goal,Review the preparedness goal and current buffer.,low,2026-06-12T02:00:20
REC00003952,INS00003952,USR005894,HEALTH_RESERVE,review_preparedness_goal,Review the preparedness goal and current buffer.,low,2026-09-05T23:00:20
REC00003953,INS00003953,USR005895,MINDGUARD,review_sleep,Review recent sleep context and repeat monitoring when convenient.,medium,2026-03-15T06:00:20
REC00003954,INS00003954,USR005896,MINDGUARD,maintain_monitoring,Continue routine monitoring.,medium,2026-06-19T03:00:20
REC00003955,INS00003955,USR005896,HEALTH_RESERVE,review_preparedness_goal,Review the preparedness goal and current buffer.,low,2026-06-05T03:00:20
REC00003956,INS00003956,USR005897,HEALTH_RESERVE,review_preparedness_goal,Review the preparedness goal and current buffer.,low,2026-06-10T04:00:20
REC00003957,INS00003957,USR005898,MINDGUARD,maintain_monitoring,Continue routine monitoring.,low,2026-05-28T07:00:20
REC00003958,INS00003958,USR005899,MINDGUARD,repeat_assessment,Repeat the assessment later to add another observation.,low,2026-05-28T03:00:20
REC00003959,INS00003959,USR005900,MINDGUARD,maintain_monitoring,Continue routine monitoring.,medium,2026-02-16T14:00:20
REC00003960,INS00003960,USR005901,MINDGUARD,maintain_monitoring,Continue routine monitoring.,medium,2026-08-12T23:00:20
REC00003961,INS00003961,USR005902,MINDGUARD,maintain_monitoring,Continue routine monitoring.,low,2026-09-01T22:00:20
REC00003962,INS00003962,USR005903,MINDGUARD,maintain_monitoring,Continue routine monitoring.,medium,2026-03-10T02:00:20
REC00003963,INS00003963,USR005907,MINDGUARD,maintain_monitoring,Continue routine monitoring.,low,2026-07-26T06:00:20
REC00003964,INS00003964,USR005908,MINDGUARD,wellbeing_checkin,Complete a wellbeing check-in to add context.,medium,2026-09-14T12:00:20
REC00003965,INS00003965,USR005910,HEALTH_RESERVE,review_preparedness_goal,Review the preparedness goal and current buffer.,low,2026-08-03T09:00:20
REC00003966,INS00003966,USR005911,HEALTH_RESERVE,review_preparedness_goal,Review the preparedness goal and current buffer.,medium,2026-04-25T09:00:20
REC00003967,INS00003967,USR005915,HEALTH_RESERVE,review_preparedness_goal,Review the preparedness goal and current buffer.,medium,2026-06-15T07:00:20
REC00003968,INS00003968,USR005920,HEALTH_RESERVE,review_preparedness_goal,Review the preparedness goal and current buffer.,low,2026-05-31T14:00:20
REC00003969,INS00003969,USR005922,MINDGUARD,review_sleep,Review recent sleep context and repeat monitoring when convenient.,low,2026-09-14T12:00:20
REC00003970,INS00003970,USR005923,MINDGUARD,maintain_monitoring,Continue routine monitoring.,medium,2026-06-18T19:00:20
REC00003971,INS00003971,USR005924,MINDGUARD,maintain_monitoring,Continue routine monitoring.,low,2026-09-14T12:00:20
REC00003972,INS00003972,USR005925,MINDGUARD,repeat_assessment,Repeat the assessment later to add another observation.,low,2026-02-02T22:00:20
REC00003973,INS00003973,USR005926,HEALTH_RESERVE,review_preparedness_goal,Review the preparedness goal and current buffer.,low,2026-09-14T12:00:20
REC00003974,INS00003974,USR005927,MINDGUARD,repeat_assessment,Repeat the assessment later to add another observation.,low,2026-08-22T20:00:20
REC00003975,INS00003975,USR005927,HEALTH_RESERVE,review_healthcare_coverage,Review healthcare coverage information.,low,2026-07-27T21:00:20
REC00003976,INS00003976,USR005930,MINDGUARD,maintain_monitoring,Continue routine monitoring.,medium,2026-06-13T04:00:20
REC00003977,INS00003977,USR005932,MINDGUARD,repeat_assessment,Repeat the assessment later to add another observation.,low,2026-09-14T12:00:20
REC00003978,INS00003978,USR005933,MINDGUARD,maintain_monitoring,Continue routine monitoring.,medium,2026-08-30T02:00:20
REC00003979,INS00003979,USR005934,HEALTH_RESERVE,review_preparedness_goal,Review the preparedness goal and current buffer.,low,2026-02-19T17:00:20
REC00003980,INS00003980,USR005935,MINDGUARD,maintain_monitoring,Continue routine monitoring.,low,2026-08-03T17:00:20
REC00003981,INS00003981,USR005936,MINDGUARD,maintain_monitoring,Continue routine monitoring.,low,2026-03-29T03:00:20
REC00003982,INS00003982,USR005938,MINDGUARD,repeat_assessment,Repeat the assessment later to add another observation.,low,2026-05-12T22:00:20
REC00003983,INS00003983,USR005940,MINDGUARD,maintain_monitoring,Continue routine monitoring.,medium,2026-06-25T19:00:20
REC00003984,INS00003984,USR005941,MINDGUARD,repeat_assessment,Repeat the assessment later to add another observation.,medium,2026-03-19T05:00:20
REC00003985,INS00003985,USR005942,MINDGUARD,repeat_assessment,Repeat the assessment later to add another observation.,medium,2026-05-13T03:00:20
REC00003986,INS00003986,USR005943,HEALTH_RESERVE,review_preparedness_goal,Review the preparedness goal and current buffer.,low,2026-07-01T21:00:20
REC00003987,INS00003987,USR005945,HEALTH_RESERVE,review_healthcare_coverage,Review healthcare coverage information.,medium,2026-07-24T14:00:20
REC00003988,INS00003988,USR005947,MINDGUARD,maintain_monitoring,Continue routine monitoring.,medium,2026-08-31T06:00:20
REC00003989,INS00003989,USR005948,MINDGUARD,maintain_monitoring,Continue routine monitoring.,low,2026-07-19T05:00:20
REC00003990,INS00003990,USR005948,HEALTH_RESERVE,review_preparedness_goal,Review the preparedness goal and current buffer.,low,2026-05-22T05:00:20
REC00003991,INS00003991,USR005950,HEALTH_RESERVE,review_preparedness_goal,Review the preparedness goal and current buffer.,medium,2026-03-30T00:00:20
REC00003992,INS00003992,USR005951,MINDGUARD,maintain_monitoring,Continue routine monitoring.,medium,2026-06-01T11:00:20
REC00003993,INS00003993,USR005952,MINDGUARD,maintain_monitoring,Continue routine monitoring.,low,2026-09-14T12:00:20
REC00003994,INS00003994,USR005953,HEALTH_RESERVE,review_healthcare_coverage,Review healthcare coverage information.,low,2026-06-22T10:00:20
REC00003995,INS00003995,USR005955,MINDGUARD,maintain_monitoring,Continue routine monitoring.,low,2026-06-18T18:00:20
REC00003996,INS00003996,USR005956,MINDGUARD,repeat_assessment,Repeat the assessment later to add another observation.,low,2026-06-27T00:00:20
REC00003997,INS00003997,USR005957,HEALTH_RESERVE,review_healthcare_coverage,Review healthcare coverage information.,low,2026-08-21T10:00:20
REC00003998,INS00003998,USR005958,MINDGUARD,maintain_monitoring,Continue routine monitoring.,low,2026-05-09T08:00:20
REC00003999,INS00003999,USR005959,MINDGUARD,maintain_monitoring,Continue routine monitoring.,low,2026-09-14T12:00:20
REC00004000,INS00004000,USR005961,MINDGUARD,repeat_assessment,Repeat the assessment later to add another observation.,low,2026-05-09T07:00:20
REC00004001,INS00004001,USR005962,MINDGUARD,repeat_assessment,Repeat the assessment later to add another observation.,medium,2026-04-26T23:00:20
REC00004002,INS00004002,USR005963,MINDGUARD,repeat_assessment,Repeat the assessment later to add another observation.,low,2026-03-22T12:00:20
REC00004003,INS00004003,USR005964,MINDGUARD,maintain_monitoring,Continue routine monitoring.,low,2026-05-30T22:00:20
REC00004004,INS00004004,USR005966,MINDGUARD,maintain_monitoring,Continue routine monitoring.,low,2026-03-02T17:00:20
REC00004005,INS00004005,USR005967,MINDGUARD,maintain_monitoring,Continue routine monitoring.,low,2026-08-09T18:00:20
REC00004006,INS00004006,USR005968,MINDGUARD,maintain_monitoring,Continue routine monitoring.,low,2026-09-14T12:00:20
REC00004007,INS00004007,USR005969,HEALTH_RESERVE,review_preparedness_goal,Review the preparedness goal and current buffer.,medium,2026-06-28T23:00:20
REC00004008,INS00004008,USR005971,MINDGUARD,repeat_assessment,Repeat the assessment later to add another observation.,medium,2026-07-03T13:00:20
REC00004009,INS00004009,USR005972,MINDGUARD,maintain_monitoring,Continue routine monitoring.,low,2026-07-20T21:00:20
REC00004010,INS00004010,USR005974,MINDGUARD,maintain_monitoring,Continue routine monitoring.,low,2026-04-16T20:00:20
REC00004011,INS00004011,USR005974,HEALTH_RESERVE,review_preparedness_goal,Review the preparedness goal and current buffer.,medium,2026-06-26T18:00:20
REC00004012,INS00004012,USR005975,HEALTH_RESERVE,review_preparedness_goal,Review the preparedness goal and current buffer.,medium,2026-06-27T16:00:20
REC00004013,INS00004013,USR005976,MINDGUARD,repeat_assessment,Repeat the assessment later to add another observation.,low,2026-06-04T15:00:20
REC00004014,INS00004014,USR005978,MINDGUARD,maintain_monitoring,Continue routine monitoring.,low,2026-03-21T15:00:20
REC00004015,INS00004015,USR005979,MINDGUARD,repeat_assessment,Repeat the assessment later to add another observation.,low,2026-03-07T06:00:20
REC00004016,INS00004016,USR005979,HEALTH_RESERVE,review_preparedness_goal,Review the preparedness goal and current buffer.,medium,2026-08-27T08:00:20
REC00004017,INS00004017,USR005981,MINDGUARD,repeat_assessment,Repeat the assessment later to add another observation.,medium,2026-02-15T07:00:20
REC00004018,INS00004018,USR005984,MINDGUARD,maintain_monitoring,Continue routine monitoring.,low,2026-08-24T12:00:20
REC00004019,INS00004019,USR005987,MINDGUARD,maintain_monitoring,Continue routine monitoring.,low,2026-05-09T12:00:20
REC00004020,INS00004020,USR005987,HEALTH_RESERVE,review_preparedness_goal,Review the preparedness goal and current buffer.,low,2026-08-26T16:00:20
REC00004021,INS00004021,USR005989,MINDGUARD,repeat_assessment,Repeat the assessment later to add another observation.,medium,2026-03-05T22:00:20
REC00004022,INS00004022,USR005993,HEALTH_RESERVE,review_preparedness_goal,Review the preparedness goal and current buffer.,low,2026-06-08T04:00:20
REC00004023,INS00004023,USR005994,MINDGUARD,maintain_monitoring,Continue routine monitoring.,low,2026-09-14T12:00:20
REC00004024,INS00004024,USR005996,HEALTH_RESERVE,review_preparedness_goal,Review the preparedness goal and current buffer.,medium,2026-07-22T07:00:20
REC00004025,INS00004025,USR005997,MINDGUARD,maintain_monitoring,Continue routine monitoring.,low,2026-07-20T23:00:20
REC00004026,INS00004026,USR005998,HEALTH_RESERVE,review_preparedness_goal,Review the preparedness goal and current buffer.,low,2026-09-14T12:00:20
REC00004027,INS00004027,USR005999,MINDGUARD,maintain_monitoring,Continue routine monitoring.,medium,2026-06-29T03:00:20
REC00004028,INS00004028,USR005999,HEALTH_RESERVE,review_preparedness_goal,Review the preparedness goal and current buffer.,medium,2026-02-06T02:00:20
REC00004029,INS00004029,USR006000,MINDGUARD,maintain_monitoring,Continue routine monitoring.,medium,2026-04-27T20:00:20
REC00004030,INS00004030,USR006002,MINDGUARD,repeat_assessment,Repeat the assessment later to add another observation.,medium,2026-09-14T12:00:20
REC00004031,INS00004031,USR006003,MINDGUARD,wellbeing_checkin,Complete a wellbeing check-in to add context.,low,2026-09-14T12:00:20
REC00004032,INS00004032,USR006005,MINDGUARD,review_sleep,Review recent sleep context and repeat monitoring when convenient.,medium,2026-07-13T12:00:20
REC00004033,INS00004033,USR006006,HEALTH_RESERVE,review_preparedness_goal,Review the preparedness goal and current buffer.,low,2026-05-05T09:00:20
REC00004034,INS00004034,USR006007,MINDGUARD,maintain_monitoring,Continue routine monitoring.,low,2026-05-16T03:00:20
REC00004035,INS00004035,USR006011,HEALTH_RESERVE,review_healthcare_coverage,Review healthcare coverage information.,medium,2026-08-31T15:00:20
REC00004036,INS00004036,USR006013,MINDGUARD,maintain_monitoring,Continue routine monitoring.,low,2026-05-12T20:00:20
REC00004037,INS00004037,USR006013,HEALTH_RESERVE,review_healthcare_coverage,Review healthcare coverage information.,low,2026-03-23T10:00:20
REC00004038,INS00004038,USR006015,MINDGUARD,repeat_assessment,Repeat the assessment later to add another observation.,medium,2026-06-25T18:00:20
REC00004039,INS00004039,USR006015,HEALTH_RESERVE,review_healthcare_coverage,Review healthcare coverage information.,low,2026-09-14T12:00:20
REC00004040,INS00004040,USR006016,MINDGUARD,maintain_monitoring,Continue routine monitoring.,low,2026-09-06T00:00:20
REC00004041,INS00004041,USR006017,MINDGUARD,maintain_monitoring,Continue routine monitoring.,medium,2026-07-10T01:00:20
REC00004042,INS00004042,USR006018,HEALTH_RESERVE,review_preparedness_goal,Review the preparedness goal and current buffer.,low,2026-07-16T00:00:20
REC00004043,INS00004043,USR006019,MINDGUARD,review_sleep,Review recent sleep context and repeat monitoring when convenient.,low,2026-08-10T17:00:20
REC00004044,INS00004044,USR006019,HEALTH_RESERVE,review_healthcare_coverage,Review healthcare coverage information.,medium,2026-07-21T22:00:20
REC00004045,INS00004045,USR006020,MINDGUARD,maintain_monitoring,Continue routine monitoring.,low,2026-08-31T04:00:20
REC00004046,INS00004046,USR006021,MINDGUARD,maintain_monitoring,Continue routine monitoring.,medium,2026-08-02T23:00:20
REC00004047,INS00004047,USR006025,HEALTH_RESERVE,review_preparedness_goal,Review the preparedness goal and current buffer.,low,2026-08-14T12:00:20
REC00004048,INS00004048,USR006027,MINDGUARD,maintain_monitoring,Continue routine monitoring.,medium,2026-09-14T12:00:20
REC00004049,INS00004049,USR006028,MINDGUARD,maintain_monitoring,Continue routine monitoring.,low,2026-08-02T07:00:20
REC00004050,INS00004050,USR006031,HEALTH_RESERVE,review_preparedness_goal,Review the preparedness goal and current buffer.,low,2026-04-24T09:00:20
REC00004051,INS00004051,USR006032,HEALTH_RESERVE,review_preparedness_goal,Review the preparedness goal and current buffer.,low,2026-05-30T17:00:20
REC00004052,INS00004052,USR006034,MINDGUARD,repeat_assessment,Repeat the assessment later to add another observation.,medium,2026-05-03T14:00:20
REC00004053,INS00004053,USR006036,MINDGUARD,maintain_monitoring,Continue routine monitoring.,medium,2026-06-21T04:00:20
REC00004054,INS00004054,USR006039,MINDGUARD,repeat_assessment,Repeat the assessment later to add another observation.,medium,2026-02-01T19:00:20
REC00004055,INS00004055,USR006043,MINDGUARD,maintain_monitoring,Continue routine monitoring.,low,2026-06-15T12:00:20
REC00004056,INS00004056,USR006045,MINDGUARD,repeat_assessment,Repeat the assessment later to add another observation.,low,2026-07-13T18:00:20
REC00004057,INS00004057,USR006046,MINDGUARD,maintain_monitoring,Continue routine monitoring.,low,2026-04-24T05:00:20
REC00004058,INS00004058,USR006047,MINDGUARD,maintain_monitoring,Continue routine monitoring.,low,2026-09-04T18:00:20
REC00004059,INS00004059,USR006048,HEALTH_RESERVE,review_preparedness_goal,Review the preparedness goal and current buffer.,medium,2026-05-22T08:00:20
REC00004060,INS00004060,USR006049,MINDGUARD,maintain_monitoring,Continue routine monitoring.,low,2026-06-13T13:00:20
REC00004061,INS00004061,USR006050,MINDGUARD,repeat_assessment,Repeat the assessment later to add another observation.,medium,2026-04-11T13:00:20
REC00004062,INS00004062,USR006051,MINDGUARD,maintain_monitoring,Continue routine monitoring.,low,2026-06-21T17:00:20
REC00004063,INS00004063,USR006052,MINDGUARD,maintain_monitoring,Continue routine monitoring.,low,2026-08-18T03:00:20
REC00004064,INS00004064,USR006054,MINDGUARD,maintain_monitoring,Continue routine monitoring.,low,2026-04-20T17:00:20
REC00004065,INS00004065,USR006055,MINDGUARD,maintain_monitoring,Continue routine monitoring.,medium,2026-06-01T07:00:20
REC00004066,INS00004066,USR006056,MINDGUARD,repeat_assessment,Repeat the assessment later to add another observation.,low,2026-03-20T18:00:20
REC00004067,INS00004067,USR006057,MINDGUARD,repeat_assessment,Repeat the assessment later to add another observation.,low,2026-05-28T14:00:20
REC00004068,INS00004068,USR006057,HEALTH_RESERVE,review_preparedness_goal,Review the preparedness goal and current buffer.,low,2026-02-26T11:00:20
REC00004069,INS00004069,USR006058,MINDGUARD,repeat_assessment,Repeat the assessment later to add another observation.,medium,2026-04-09T22:00:20
REC00004070,INS00004070,USR006059,HEALTH_RESERVE,review_healthcare_coverage,Review healthcare coverage information.,medium,2026-07-31T12:00:20
REC00004071,INS00004071,USR006060,HEALTH_RESERVE,review_preparedness_goal,Review the preparedness goal and current buffer.,low,2026-09-14T12:00:20
REC00004072,INS00004072,USR006061,MINDGUARD,maintain_monitoring,Continue routine monitoring.,low,2026-07-15T10:00:20
REC00004073,INS00004073,USR006065,HEALTH_RESERVE,review_preparedness_goal,Review the preparedness goal and current buffer.,medium,2026-09-14T12:00:20
REC00004074,INS00004074,USR006068,MINDGUARD,repeat_assessment,Repeat the assessment later to add another observation.,low,2026-06-13T22:00:20
REC00004075,INS00004075,USR006069,MINDGUARD,maintain_monitoring,Continue routine monitoring.,medium,2026-08-18T02:00:20
REC00004076,INS00004076,USR006071,MINDGUARD,repeat_assessment,Repeat the assessment later to add another observation.,medium,2026-06-20T12:00:20
REC00004077,INS00004077,USR006072,MINDGUARD,repeat_assessment,Repeat the assessment later to add another observation.,low,2026-04-24T01:00:20
REC00004078,INS00004078,USR006073,HEALTH_RESERVE,review_preparedness_goal,Review the preparedness goal and current buffer.,low,2026-02-02T16:00:20
REC00004079,INS00004079,USR006074,MINDGUARD,wellbeing_checkin,Complete a wellbeing check-in to add context.,medium,2026-03-12T19:00:20
REC00004080,INS00004080,USR006075,HEALTH_RESERVE,review_preparedness_goal,Review the preparedness goal and current buffer.,low,2026-04-25T02:00:20
REC00004081,INS00004081,USR006076,MINDGUARD,repeat_assessment,Repeat the assessment later to add another observation.,low,2026-05-31T03:00:20
REC00004082,INS00004082,USR006079,MINDGUARD,maintain_monitoring,Continue routine monitoring.,low,2026-09-14T12:00:20
REC00004083,INS00004083,USR006080,MINDGUARD,maintain_monitoring,Continue routine monitoring.,medium,2026-07-28T10:00:20
REC00004084,INS00004084,USR006083,MINDGUARD,maintain_monitoring,Continue routine monitoring.,medium,2026-09-03T17:00:20
REC00004085,INS00004085,USR006083,HEALTH_RESERVE,review_preparedness_goal,Review the preparedness goal and current buffer.,medium,2026-08-12T15:00:20
REC00004086,INS00004086,USR006085,MINDGUARD,review_sleep,Review recent sleep context and repeat monitoring when convenient.,medium,2026-03-24T18:00:20
REC00004087,INS00004087,USR006086,MINDGUARD,maintain_monitoring,Continue routine monitoring.,low,2026-03-30T18:00:20
REC00004088,INS00004088,USR006088,MINDGUARD,repeat_assessment,Repeat the assessment later to add another observation.,low,2026-05-14T08:00:20
REC00004089,INS00004089,USR006090,MINDGUARD,maintain_monitoring,Continue routine monitoring.,medium,2026-09-14T12:00:20
REC00004090,INS00004090,USR006091,MINDGUARD,maintain_monitoring,Continue routine monitoring.,low,2026-02-09T17:00:20
REC00004091,INS00004091,USR006092,HEALTH_RESERVE,review_healthcare_coverage,Review healthcare coverage information.,low,2026-08-19T02:00:20
REC00004092,INS00004092,USR006097,MINDGUARD,maintain_monitoring,Continue routine monitoring.,low,2026-08-16T13:00:20
REC00004093,INS00004093,USR006100,MINDGUARD,repeat_assessment,Repeat the assessment later to add another observation.,low,2026-06-12T11:00:20
REC00004094,INS00004094,USR006101,MINDGUARD,review_sleep,Review recent sleep context and repeat monitoring when convenient.,low,2026-06-22T12:00:20
REC00004095,INS00004095,USR006104,MINDGUARD,review_sleep,Review recent sleep context and repeat monitoring when convenient.,low,2026-06-06T12:00:20
REC00004096,INS00004096,USR006109,MINDGUARD,wellbeing_checkin,Complete a wellbeing check-in to add context.,low,2026-08-10T01:00:20
REC00004097,INS00004097,USR006111,HEALTH_RESERVE,review_preparedness_goal,Review the preparedness goal and current buffer.,low,2026-05-15T07:00:20
REC00004098,INS00004098,USR006112,MINDGUARD,repeat_assessment,Repeat the assessment later to add another observation.,medium,2026-02-05T10:00:20
REC00004099,INS00004099,USR006113,MINDGUARD,maintain_monitoring,Continue routine monitoring.,medium,2026-01-29T02:00:20
REC00004100,INS00004100,USR006115,HEALTH_RESERVE,review_preparedness_goal,Review the preparedness goal and current buffer.,medium,2026-09-04T13:00:20
REC00004101,INS00004101,USR006117,MINDGUARD,maintain_monitoring,Continue routine monitoring.,medium,2026-06-14T23:00:20
REC00004102,INS00004102,USR006118,MINDGUARD,repeat_assessment,Repeat the assessment later to add another observation.,low,2026-06-21T14:00:20
REC00004103,INS00004103,USR006122,MINDGUARD,wellbeing_checkin,Complete a wellbeing check-in to add context.,low,2026-09-14T12:00:20
REC00004104,INS00004104,USR006123,MINDGUARD,repeat_assessment,Repeat the assessment later to add another observation.,low,2026-04-17T14:00:20
REC00004105,INS00004105,USR006124,HEALTH_RESERVE,review_healthcare_coverage,Review healthcare coverage information.,medium,2026-07-15T11:00:20
REC00004106,INS00004106,USR006126,MINDGUARD,repeat_assessment,Repeat the assessment later to add another observation.,medium,2026-04-14T02:00:20
REC00004107,INS00004107,USR006127,MINDGUARD,maintain_monitoring,Continue routine monitoring.,low,2026-09-14T12:00:20
REC00004108,INS00004108,USR006127,HEALTH_RESERVE,review_preparedness_goal,Review the preparedness goal and current buffer.,low,2026-06-20T04:00:20
REC00004109,INS00004109,USR006129,MINDGUARD,repeat_assessment,Repeat the assessment later to add another observation.,low,2026-07-24T22:00:20
REC00004110,INS00004110,USR006130,MINDGUARD,maintain_monitoring,Continue routine monitoring.,low,2026-09-14T12:00:20
REC00004111,INS00004111,USR006131,MINDGUARD,wellbeing_checkin,Complete a wellbeing check-in to add context.,medium,2026-05-19T23:00:20
REC00004112,INS00004112,USR006134,MINDGUARD,wellbeing_checkin,Complete a wellbeing check-in to add context.,medium,2026-08-03T22:00:20
REC00004113,INS00004113,USR006135,HEALTH_RESERVE,review_preparedness_goal,Review the preparedness goal and current buffer.,low,2026-04-22T13:00:20
REC00004114,INS00004114,USR006137,MINDGUARD,repeat_assessment,Repeat the assessment later to add another observation.,low,2026-08-30T03:00:20
REC00004115,INS00004115,USR006138,MINDGUARD,maintain_monitoring,Continue routine monitoring.,low,2026-07-31T18:00:20
REC00004116,INS00004116,USR006139,MINDGUARD,repeat_assessment,Repeat the assessment later to add another observation.,low,2026-04-09T05:00:20
REC00004117,INS00004117,USR006139,HEALTH_RESERVE,review_preparedness_goal,Review the preparedness goal and current buffer.,medium,2026-04-04T04:00:20
REC00004118,INS00004118,USR006141,MINDGUARD,wellbeing_checkin,Complete a wellbeing check-in to add context.,medium,2026-09-14T12:00:20
REC00004119,INS00004119,USR006142,MINDGUARD,repeat_assessment,Repeat the assessment later to add another observation.,low,2026-06-09T02:00:20
REC00004120,INS00004120,USR006143,HEALTH_RESERVE,review_preparedness_goal,Review the preparedness goal and current buffer.,medium,2026-03-08T07:00:20
REC00004121,INS00004121,USR006145,MINDGUARD,wellbeing_checkin,Complete a wellbeing check-in to add context.,low,2026-09-14T12:00:20
REC00004122,INS00004122,USR006146,MINDGUARD,repeat_assessment,Repeat the assessment later to add another observation.,medium,2026-05-17T01:00:20
REC00004123,INS00004123,USR006148,HEALTH_RESERVE,review_preparedness_goal,Review the preparedness goal and current buffer.,low,2026-02-18T13:00:20
REC00004124,INS00004124,USR006150,HEALTH_RESERVE,review_preparedness_goal,Review the preparedness goal and current buffer.,low,2026-06-08T17:00:20
REC00004125,INS00004125,USR006151,HEALTH_RESERVE,review_preparedness_goal,Review the preparedness goal and current buffer.,low,2026-06-17T10:00:20
REC00004126,INS00004126,USR006154,MINDGUARD,maintain_monitoring,Continue routine monitoring.,medium,2026-05-07T09:00:20
REC00004127,INS00004127,USR006155,MINDGUARD,maintain_monitoring,Continue routine monitoring.,medium,2026-05-01T15:00:20
REC00004128,INS00004128,USR006156,HEALTH_RESERVE,review_healthcare_coverage,Review healthcare coverage information.,low,2026-09-14T12:00:20
REC00004129,INS00004129,USR006157,HEALTH_RESERVE,review_preparedness_goal,Review the preparedness goal and current buffer.,low,2026-09-14T12:00:20
REC00004130,INS00004130,USR006158,MINDGUARD,repeat_assessment,Repeat the assessment later to add another observation.,medium,2026-07-11T22:00:20
REC00004131,INS00004131,USR006159,MINDGUARD,repeat_assessment,Repeat the assessment later to add another observation.,low,2026-03-27T04:00:20
REC00004132,INS00004132,USR006160,HEALTH_RESERVE,review_healthcare_coverage,Review healthcare coverage information.,low,2026-02-20T16:00:20
REC00004133,INS00004133,USR006161,MINDGUARD,repeat_assessment,Repeat the assessment later to add another observation.,medium,2026-08-18T08:00:20
REC00004134,INS00004134,USR006162,MINDGUARD,repeat_assessment,Repeat the assessment later to add another observation.,low,2026-06-19T00:00:20
REC00004135,INS00004135,USR006163,HEALTH_RESERVE,review_preparedness_goal,Review the preparedness goal and current buffer.,low,2026-06-15T06:00:20
REC00004136,INS00004136,USR006164,MINDGUARD,maintain_monitoring,Continue routine monitoring.,low,2026-06-18T02:00:20
REC00004137,INS00004137,USR006165,MINDGUARD,maintain_monitoring,Continue routine monitoring.,medium,2026-07-06T08:00:20
REC00004138,INS00004138,USR006167,HEALTH_RESERVE,review_preparedness_goal,Review the preparedness goal and current buffer.,medium,2026-08-11T07:00:20
REC00004139,INS00004139,USR006168,MINDGUARD,maintain_monitoring,Continue routine monitoring.,low,2026-07-29T12:00:20
REC00004140,INS00004140,USR006170,MINDGUARD,repeat_assessment,Repeat the assessment later to add another observation.,low,2026-02-09T22:00:20
REC00004141,INS00004141,USR006171,HEALTH_RESERVE,review_preparedness_goal,Review the preparedness goal and current buffer.,medium,2026-04-23T04:00:20
REC00004142,INS00004142,USR006173,MINDGUARD,wellbeing_checkin,Complete a wellbeing check-in to add context.,medium,2026-06-19T16:00:20
REC00004143,INS00004143,USR006177,MINDGUARD,repeat_assessment,Repeat the assessment later to add another observation.,low,2026-08-13T20:00:20
REC00004144,INS00004144,USR006178,HEALTH_RESERVE,review_preparedness_goal,Review the preparedness goal and current buffer.,low,2026-02-12T21:00:20
REC00004145,INS00004145,USR006180,MINDGUARD,maintain_monitoring,Continue routine monitoring.,low,2026-09-11T12:00:20
REC00004146,INS00004146,USR006181,MINDGUARD,repeat_assessment,Repeat the assessment later to add another observation.,medium,2026-08-19T06:00:20
REC00004147,INS00004147,USR006183,MINDGUARD,repeat_assessment,Repeat the assessment later to add another observation.,medium,2026-03-10T10:00:20
REC00004148,INS00004148,USR006184,HEALTH_RESERVE,review_preparedness_goal,Review the preparedness goal and current buffer.,low,2026-09-14T12:00:20
REC00004149,INS00004149,USR006185,HEALTH_RESERVE,review_preparedness_goal,Review the preparedness goal and current buffer.,low,2026-03-07T23:00:20
REC00004150,INS00004150,USR006186,HEALTH_RESERVE,review_preparedness_goal,Review the preparedness goal and current buffer.,medium,2026-09-14T12:00:20
REC00004151,INS00004151,USR006187,MINDGUARD,maintain_monitoring,Continue routine monitoring.,medium,2026-04-29T03:00:20
REC00004152,INS00004152,USR006187,HEALTH_RESERVE,review_preparedness_goal,Review the preparedness goal and current buffer.,low,2026-06-01T05:00:20
REC00004153,INS00004153,USR006189,MINDGUARD,repeat_assessment,Repeat the assessment later to add another observation.,medium,2026-07-03T01:00:20
REC00004154,INS00004154,USR006189,HEALTH_RESERVE,review_healthcare_coverage,Review healthcare coverage information.,medium,2026-04-21T22:00:20
REC00004155,INS00004155,USR006190,MINDGUARD,repeat_assessment,Repeat the assessment later to add another observation.,medium,2026-06-19T22:00:20
REC00004156,INS00004156,USR006192,MINDGUARD,wellbeing_checkin,Complete a wellbeing check-in to add context.,medium,2026-07-11T16:00:20
REC00004157,INS00004157,USR006193,HEALTH_RESERVE,review_preparedness_goal,Review the preparedness goal and current buffer.,low,2026-09-14T12:00:20
REC00004158,INS00004158,USR006195,HEALTH_RESERVE,review_healthcare_coverage,Review healthcare coverage information.,low,2026-09-14T12:00:20
REC00004159,INS00004159,USR006196,HEALTH_RESERVE,review_preparedness_goal,Review the preparedness goal and current buffer.,low,2026-09-14T12:00:20
REC00004160,INS00004160,USR006197,HEALTH_RESERVE,review_preparedness_goal,Review the preparedness goal and current buffer.,low,2026-04-26T12:00:20
REC00004161,INS00004161,USR006198,MINDGUARD,repeat_assessment,Repeat the assessment later to add another observation.,low,2026-05-07T14:00:20
REC00004162,INS00004162,USR006200,MINDGUARD,repeat_assessment,Repeat the assessment later to add another observation.,medium,2026-04-26T15:00:20
REC00004163,INS00004163,USR006201,MINDGUARD,maintain_monitoring,Continue routine monitoring.,low,2026-05-23T22:00:20
REC00004164,INS00004164,USR006202,MINDGUARD,repeat_assessment,Repeat the assessment later to add another observation.,medium,2026-06-06T16:00:20
REC00004165,INS00004165,USR006203,HEALTH_RESERVE,review_preparedness_goal,Review the preparedness goal and current buffer.,low,2026-08-22T11:00:20
REC00004166,INS00004166,USR006204,MINDGUARD,repeat_assessment,Repeat the assessment later to add another observation.,medium,2026-05-21T04:00:20
REC00004167,INS00004167,USR006205,MINDGUARD,review_sleep,Review recent sleep context and repeat monitoring when convenient.,low,2026-06-24T02:00:20
REC00004168,INS00004168,USR006206,MINDGUARD,repeat_assessment,Repeat the assessment later to add another observation.,low,2026-04-25T05:00:20
REC00004169,INS00004169,USR006208,MINDGUARD,repeat_assessment,Repeat the assessment later to add another observation.,medium,2026-03-18T00:00:20
REC00004170,INS00004170,USR006209,HEALTH_RESERVE,review_preparedness_goal,Review the preparedness goal and current buffer.,low,2026-06-16T06:00:20
REC00004171,INS00004171,USR006211,HEALTH_RESERVE,review_preparedness_goal,Review the preparedness goal and current buffer.,low,2026-09-14T12:00:20
REC00004172,INS00004172,USR006213,MINDGUARD,maintain_monitoring,Continue routine monitoring.,low,2026-09-14T12:00:20
REC00004173,INS00004173,USR006213,HEALTH_RESERVE,review_healthcare_coverage,Review healthcare coverage information.,medium,2026-07-21T17:00:20
REC00004174,INS00004174,USR006214,MINDGUARD,maintain_monitoring,Continue routine monitoring.,medium,2026-09-14T12:00:20
REC00004175,INS00004175,USR006215,HEALTH_RESERVE,review_healthcare_coverage,Review healthcare coverage information.,low,2026-07-02T18:00:20
REC00004176,INS00004176,USR006217,HEALTH_RESERVE,review_healthcare_coverage,Review healthcare coverage information.,low,2026-02-26T13:00:20
REC00004177,INS00004177,USR006218,MINDGUARD,maintain_monitoring,Continue routine monitoring.,medium,2026-03-30T04:00:20
REC00004178,INS00004178,USR006220,HEALTH_RESERVE,review_preparedness_goal,Review the preparedness goal and current buffer.,low,2026-08-21T13:00:20
REC00004179,INS00004179,USR006221,MINDGUARD,repeat_assessment,Repeat the assessment later to add another observation.,medium,2026-06-03T10:00:20
REC00004180,INS00004180,USR006222,MINDGUARD,repeat_assessment,Repeat the assessment later to add another observation.,medium,2026-02-13T23:00:20
REC00004181,INS00004181,USR006223,MINDGUARD,maintain_monitoring,Continue routine monitoring.,medium,2026-06-25T03:00:20
REC00004182,INS00004182,USR006224,MINDGUARD,repeat_assessment,Repeat the assessment later to add another observation.,low,2026-05-19T06:00:20
REC00004183,INS00004183,USR006225,HEALTH_RESERVE,review_preparedness_goal,Review the preparedness goal and current buffer.,low,2026-01-23T02:00:20
REC00004184,INS00004184,USR006226,MINDGUARD,repeat_assessment,Repeat the assessment later to add another observation.,low,2026-04-19T05:00:20
REC00004185,INS00004185,USR006228,MINDGUARD,review_sleep,Review recent sleep context and repeat monitoring when convenient.,low,2026-09-14T12:00:20
REC00004186,INS00004186,USR006230,MINDGUARD,wellbeing_checkin,Complete a wellbeing check-in to add context.,low,2026-08-31T10:00:20
REC00004187,INS00004187,USR006231,MINDGUARD,maintain_monitoring,Continue routine monitoring.,low,2026-04-19T13:00:20
REC00004188,INS00004188,USR006233,MINDGUARD,repeat_assessment,Repeat the assessment later to add another observation.,low,2026-05-17T19:00:20
REC00004189,INS00004189,USR006234,MINDGUARD,repeat_assessment,Repeat the assessment later to add another observation.,low,2026-03-11T03:00:20
REC00004190,INS00004190,USR006235,HEALTH_RESERVE,review_preparedness_goal,Review the preparedness goal and current buffer.,medium,2026-06-09T06:00:20
REC00004191,INS00004191,USR006236,MINDGUARD,maintain_monitoring,Continue routine monitoring.,low,2026-08-09T20:00:20
REC00004192,INS00004192,USR006236,HEALTH_RESERVE,review_preparedness_goal,Review the preparedness goal and current buffer.,medium,2026-04-21T05:00:20
REC00004193,INS00004193,USR006237,MINDGUARD,wellbeing_checkin,Complete a wellbeing check-in to add context.,medium,2026-09-14T12:00:20
REC00004194,INS00004194,USR006238,MINDGUARD,repeat_assessment,Repeat the assessment later to add another observation.,medium,2026-04-22T10:00:20
REC00004195,INS00004195,USR006238,HEALTH_RESERVE,review_preparedness_goal,Review the preparedness goal and current buffer.,low,2026-05-25T08:00:20
REC00004196,INS00004196,USR006240,MINDGUARD,maintain_monitoring,Continue routine monitoring.,medium,2026-07-03T13:00:20
REC00004197,INS00004197,USR006241,HEALTH_RESERVE,review_preparedness_goal,Review the preparedness goal and current buffer.,low,2026-04-01T18:00:20
REC00004198,INS00004198,USR006242,HEALTH_RESERVE,review_preparedness_goal,Review the preparedness goal and current buffer.,medium,2026-02-17T22:00:20
REC00004199,INS00004199,USR006245,MINDGUARD,maintain_monitoring,Continue routine monitoring.,medium,2026-09-14T12:00:20
REC00004200,INS00004200,USR006247,HEALTH_RESERVE,review_healthcare_coverage,Review healthcare coverage information.,low,2026-09-05T22:00:20
REC00004201,INS00004201,USR006248,HEALTH_RESERVE,review_preparedness_goal,Review the preparedness goal and current buffer.,low,2026-07-24T09:00:20
REC00004202,INS00004202,USR006250,MINDGUARD,repeat_assessment,Repeat the assessment later to add another observation.,low,2026-02-27T14:00:20
REC00004203,INS00004203,USR006251,MINDGUARD,repeat_assessment,Repeat the assessment later to add another observation.,low,2026-02-24T15:00:20
REC00004204,INS00004204,USR006251,HEALTH_RESERVE,review_preparedness_goal,Review the preparedness goal and current buffer.,low,2026-05-27T23:00:20
REC00004205,INS00004205,USR006253,MINDGUARD,review_sleep,Review recent sleep context and repeat monitoring when convenient.,medium,2026-09-14T12:00:20
REC00004206,INS00004206,USR006254,HEALTH_RESERVE,review_preparedness_goal,Review the preparedness goal and current buffer.,low,2026-09-14T12:00:20
REC00004207,INS00004207,USR006255,MINDGUARD,maintain_monitoring,Continue routine monitoring.,medium,2026-09-14T12:00:20
REC00004208,INS00004208,USR006258,HEALTH_RESERVE,review_preparedness_goal,Review the preparedness goal and current buffer.,low,2026-08-08T03:00:20
REC00004209,INS00004209,USR006259,HEALTH_RESERVE,review_preparedness_goal,Review the preparedness goal and current buffer.,medium,2026-03-16T06:00:20
REC00004210,INS00004210,USR006262,MINDGUARD,review_sleep,Review recent sleep context and repeat monitoring when convenient.,low,2026-09-14T12:00:20
REC00004211,INS00004211,USR006263,HEALTH_RESERVE,review_preparedness_goal,Review the preparedness goal and current buffer.,medium,2026-09-14T12:00:20
REC00004212,INS00004212,USR006265,MINDGUARD,repeat_assessment,Repeat the assessment later to add another observation.,low,2026-08-27T09:00:20
REC00004213,INS00004213,USR006266,MINDGUARD,repeat_assessment,Repeat the assessment later to add another observation.,low,2026-03-14T12:00:20
REC00004214,INS00004214,USR006266,HEALTH_RESERVE,review_preparedness_goal,Review the preparedness goal and current buffer.,low,2026-08-23T09:00:20
REC00004215,INS00004215,USR006268,MINDGUARD,repeat_assessment,Repeat the assessment later to add another observation.,medium,2026-01-08T18:00:20
REC00004216,INS00004216,USR006270,MINDGUARD,repeat_assessment,Repeat the assessment later to add another observation.,low,2026-07-31T14:00:20
REC00004217,INS00004217,USR006271,MINDGUARD,repeat_assessment,Repeat the assessment later to add another observation.,low,2026-03-10T01:00:20
REC00004218,INS00004218,USR006271,HEALTH_RESERVE,review_healthcare_coverage,Review healthcare coverage information.,low,2026-08-17T08:00:20
REC00004219,INS00004219,USR006274,HEALTH_RESERVE,review_preparedness_goal,Review the preparedness goal and current buffer.,low,2026-03-07T09:00:20
REC00004220,INS00004220,USR006275,MINDGUARD,repeat_assessment,Repeat the assessment later to add another observation.,low,2026-03-27T12:00:20
REC00004221,INS00004221,USR006276,MINDGUARD,repeat_assessment,Repeat the assessment later to add another observation.,medium,2026-08-20T00:00:20
REC00004222,INS00004222,USR006277,HEALTH_RESERVE,review_preparedness_goal,Review the preparedness goal and current buffer.,low,2026-06-27T17:00:20
REC00004223,INS00004223,USR006278,HEALTH_RESERVE,review_preparedness_goal,Review the preparedness goal and current buffer.,low,2026-05-07T15:00:20
REC00004224,INS00004224,USR006281,MINDGUARD,review_sleep,Review recent sleep context and repeat monitoring when convenient.,low,2026-09-14T12:00:20
REC00004225,INS00004225,USR006282,MINDGUARD,maintain_monitoring,Continue routine monitoring.,medium,2026-08-14T15:00:20
REC00004226,INS00004226,USR006282,HEALTH_RESERVE,review_preparedness_goal,Review the preparedness goal and current buffer.,medium,2026-05-01T18:00:20
REC00004227,INS00004227,USR006283,MINDGUARD,repeat_assessment,Repeat the assessment later to add another observation.,medium,2026-02-09T07:00:20
REC00004228,INS00004228,USR006284,HEALTH_RESERVE,review_preparedness_goal,Review the preparedness goal and current buffer.,low,2026-02-05T05:00:20
REC00004229,INS00004229,USR006285,HEALTH_RESERVE,review_healthcare_coverage,Review healthcare coverage information.,low,2026-06-04T11:00:20
REC00004230,INS00004230,USR006286,HEALTH_RESERVE,review_preparedness_goal,Review the preparedness goal and current buffer.,low,2026-05-15T13:00:20
REC00004231,INS00004231,USR006287,MINDGUARD,repeat_assessment,Repeat the assessment later to add another observation.,low,2026-02-22T21:00:20
REC00004232,INS00004232,USR006287,HEALTH_RESERVE,review_preparedness_goal,Review the preparedness goal and current buffer.,low,2026-07-20T16:00:20
REC00004233,INS00004233,USR006289,HEALTH_RESERVE,review_preparedness_goal,Review the preparedness goal and current buffer.,medium,2026-09-06T04:00:20
REC00004234,INS00004234,USR006290,MINDGUARD,repeat_assessment,Repeat the assessment later to add another observation.,medium,2026-05-24T17:00:20
REC00004235,INS00004235,USR006291,MINDGUARD,repeat_assessment,Repeat the assessment later to add another observation.,low,2026-02-28T13:00:20
REC00004236,INS00004236,USR006292,MINDGUARD,repeat_assessment,Repeat the assessment later to add another observation.,medium,2026-08-11T20:00:20
REC00004237,INS00004237,USR006293,HEALTH_RESERVE,review_preparedness_goal,Review the preparedness goal and current buffer.,medium,2026-07-11T06:00:20
REC00004238,INS00004238,USR006295,HEALTH_RESERVE,review_preparedness_goal,Review the preparedness goal and current buffer.,low,2026-09-14T12:00:20
REC00004239,INS00004239,USR006296,MINDGUARD,wellbeing_checkin,Complete a wellbeing check-in to add context.,low,2026-08-03T13:00:20
REC00004240,INS00004240,USR006298,MINDGUARD,maintain_monitoring,Continue routine monitoring.,low,2026-09-07T12:00:20
REC00004241,INS00004241,USR006299,MINDGUARD,repeat_assessment,Repeat the assessment later to add another observation.,low,2026-03-29T04:00:20
REC00004242,INS00004242,USR006300,MINDGUARD,maintain_monitoring,Continue routine monitoring.,low,2026-04-21T13:00:20
REC00004243,INS00004243,USR006300,HEALTH_RESERVE,review_healthcare_coverage,Review healthcare coverage information.,medium,2026-07-12T18:00:20
REC00004244,INS00004244,USR006302,MINDGUARD,repeat_assessment,Repeat the assessment later to add another observation.,low,2026-06-07T16:00:20
REC00004245,INS00004245,USR006303,HEALTH_RESERVE,review_preparedness_goal,Review the preparedness goal and current buffer.,low,2026-03-04T19:00:20
REC00004246,INS00004246,USR006304,HEALTH_RESERVE,review_preparedness_goal,Review the preparedness goal and current buffer.,low,2026-06-30T15:00:20
REC00004247,INS00004247,USR006305,HEALTH_RESERVE,review_preparedness_goal,Review the preparedness goal and current buffer.,medium,2026-07-29T21:00:20
REC00004248,INS00004248,USR006306,MINDGUARD,repeat_assessment,Repeat the assessment later to add another observation.,medium,2026-05-27T23:00:20
REC00004249,INS00004249,USR006308,MINDGUARD,repeat_assessment,Repeat the assessment later to add another observation.,medium,2026-04-25T20:00:20
REC00004250,INS00004250,USR006309,HEALTH_RESERVE,review_preparedness_goal,Review the preparedness goal and current buffer.,medium,2026-06-15T22:00:20
REC00004251,INS00004251,USR006310,MINDGUARD,review_sleep,Review recent sleep context and repeat monitoring when convenient.,low,2026-09-14T12:00:20
REC00004252,INS00004252,USR006311,MINDGUARD,repeat_assessment,Repeat the assessment later to add another observation.,low,2026-09-01T23:00:20
REC00004253,INS00004253,USR006315,MINDGUARD,maintain_monitoring,Continue routine monitoring.,low,2026-04-05T18:00:20
REC00004254,INS00004254,USR006318,MINDGUARD,repeat_assessment,Repeat the assessment later to add another observation.,low,2026-04-29T01:00:20
REC00004255,INS00004255,USR006319,HEALTH_RESERVE,review_healthcare_coverage,Review healthcare coverage information.,medium,2026-04-29T04:00:20
REC00004256,INS00004256,USR006320,MINDGUARD,maintain_monitoring,Continue routine monitoring.,medium,2026-05-11T08:00:20
REC00004257,INS00004257,USR006321,MINDGUARD,maintain_monitoring,Continue routine monitoring.,low,2026-04-02T11:00:20
REC00004258,INS00004258,USR006322,MINDGUARD,maintain_monitoring,Continue routine monitoring.,medium,2026-07-21T04:00:20
REC00004259,INS00004259,USR006322,HEALTH_RESERVE,review_preparedness_goal,Review the preparedness goal and current buffer.,medium,2026-05-20T11:00:20
REC00004260,INS00004260,USR006324,HEALTH_RESERVE,review_preparedness_goal,Review the preparedness goal and current buffer.,medium,2026-06-10T15:00:20
REC00004261,INS00004261,USR006326,HEALTH_RESERVE,review_preparedness_goal,Review the preparedness goal and current buffer.,medium,2026-04-16T22:00:20
REC00004262,INS00004262,USR006329,MINDGUARD,repeat_assessment,Repeat the assessment later to add another observation.,low,2026-07-06T17:00:20
REC00004263,INS00004263,USR006330,MINDGUARD,repeat_assessment,Repeat the assessment later to add another observation.,medium,2026-03-05T09:00:20
REC00004264,INS00004264,USR006330,HEALTH_RESERVE,review_preparedness_goal,Review the preparedness goal and current buffer.,low,2026-09-14T12:00:20
REC00004265,INS00004265,USR006331,HEALTH_RESERVE,review_healthcare_coverage,Review healthcare coverage information.,low,2026-09-14T12:00:20
REC00004266,INS00004266,USR006332,MINDGUARD,repeat_assessment,Repeat the assessment later to add another observation.,low,2026-05-04T10:00:20
REC00004267,INS00004267,USR006333,HEALTH_RESERVE,review_preparedness_goal,Review the preparedness goal and current buffer.,medium,2026-04-09T07:00:20
REC00004268,INS00004268,USR006335,MINDGUARD,review_sleep,Review recent sleep context and repeat monitoring when convenient.,low,2026-06-04T03:00:20
REC00004269,INS00004269,USR006336,MINDGUARD,repeat_assessment,Repeat the assessment later to add another observation.,medium,2026-05-05T07:00:20
REC00004270,INS00004270,USR006338,HEALTH_RESERVE,review_preparedness_goal,Review the preparedness goal and current buffer.,low,2026-06-20T03:00:20
REC00004271,INS00004271,USR006339,HEALTH_RESERVE,review_preparedness_goal,Review the preparedness goal and current buffer.,low,2026-03-26T15:00:20
REC00004272,INS00004272,USR006340,HEALTH_RESERVE,review_preparedness_goal,Review the preparedness goal and current buffer.,medium,2026-04-30T16:00:20
REC00004273,INS00004273,USR006341,HEALTH_RESERVE,review_preparedness_goal,Review the preparedness goal and current buffer.,low,2026-02-03T01:00:20
REC00004274,INS00004274,USR006342,MINDGUARD,repeat_assessment,Repeat the assessment later to add another observation.,low,2026-07-11T15:00:20
REC00004275,INS00004275,USR006345,MINDGUARD,maintain_monitoring,Continue routine monitoring.,medium,2026-05-07T12:00:20
REC00004276,INS00004276,USR006346,HEALTH_RESERVE,review_healthcare_coverage,Review healthcare coverage information.,medium,2026-03-06T21:00:20
REC00004277,INS00004277,USR006348,MINDGUARD,maintain_monitoring,Continue routine monitoring.,low,2026-09-14T12:00:20
REC00004278,INS00004278,USR006349,HEALTH_RESERVE,review_preparedness_goal,Review the preparedness goal and current buffer.,low,2026-05-22T01:00:20
REC00004279,INS00004279,USR006350,MINDGUARD,maintain_monitoring,Continue routine monitoring.,medium,2026-05-22T11:00:20
REC00004280,INS00004280,USR006353,MINDGUARD,repeat_assessment,Repeat the assessment later to add another observation.,low,2026-09-14T12:00:20
REC00004281,INS00004281,USR006355,MINDGUARD,review_sleep,Review recent sleep context and repeat monitoring when convenient.,low,2026-06-28T17:00:20
REC00004282,INS00004282,USR006356,MINDGUARD,maintain_monitoring,Continue routine monitoring.,low,2026-08-17T00:00:20
REC00004283,INS00004283,USR006358,MINDGUARD,maintain_monitoring,Continue routine monitoring.,low,2026-02-14T10:00:20
REC00004284,INS00004284,USR006361,HEALTH_RESERVE,review_healthcare_coverage,Review healthcare coverage information.,medium,2026-07-29T18:00:20
REC00004285,INS00004285,USR006362,MINDGUARD,wellbeing_checkin,Complete a wellbeing check-in to add context.,medium,2026-05-21T10:00:20
REC00004286,INS00004286,USR006365,HEALTH_RESERVE,review_preparedness_goal,Review the preparedness goal and current buffer.,medium,2026-06-26T13:00:20
REC00004287,INS00004287,USR006368,MINDGUARD,repeat_assessment,Repeat the assessment later to add another observation.,medium,2026-05-04T20:00:20
REC00004288,INS00004288,USR006370,MINDGUARD,repeat_assessment,Repeat the assessment later to add another observation.,medium,2026-02-10T04:00:20
REC00004289,INS00004289,USR006372,MINDGUARD,repeat_assessment,Repeat the assessment later to add another observation.,medium,2026-08-30T05:00:20
REC00004290,INS00004290,USR006373,MINDGUARD,repeat_assessment,Repeat the assessment later to add another observation.,medium,2026-06-09T23:00:20
REC00004291,INS00004291,USR006374,MINDGUARD,repeat_assessment,Repeat the assessment later to add another observation.,medium,2026-02-20T09:00:20
REC00004292,INS00004292,USR006375,HEALTH_RESERVE,review_healthcare_coverage,Review healthcare coverage information.,low,2026-06-14T12:00:20
REC00004293,INS00004293,USR006376,MINDGUARD,maintain_monitoring,Continue routine monitoring.,medium,2026-09-05T08:00:20
REC00004294,INS00004294,USR006376,HEALTH_RESERVE,review_preparedness_goal,Review the preparedness goal and current buffer.,medium,2026-03-05T10:00:20
REC00004295,INS00004295,USR006377,HEALTH_RESERVE,review_preparedness_goal,Review the preparedness goal and current buffer.,low,2026-07-08T12:00:20
REC00004296,INS00004296,USR006381,HEALTH_RESERVE,review_preparedness_goal,Review the preparedness goal and current buffer.,low,2026-08-17T09:00:20
REC00004297,INS00004297,USR006383,MINDGUARD,review_sleep,Review recent sleep context and repeat monitoring when convenient.,medium,2026-09-14T12:00:20
REC00004298,INS00004298,USR006385,MINDGUARD,maintain_monitoring,Continue routine monitoring.,medium,2026-07-03T22:00:20
REC00004299,INS00004299,USR006388,MINDGUARD,repeat_assessment,Repeat the assessment later to add another observation.,low,2026-08-01T04:00:20
REC00004300,INS00004300,USR006390,MINDGUARD,repeat_assessment,Repeat the assessment later to add another observation.,low,2026-04-13T00:00:20
REC00004301,INS00004301,USR006393,MINDGUARD,repeat_assessment,Repeat the assessment later to add another observation.,medium,2026-03-10T09:00:20
REC00004302,INS00004302,USR006393,HEALTH_RESERVE,review_preparedness_goal,Review the preparedness goal and current buffer.,low,2026-01-15T22:00:20
REC00004303,INS00004303,USR006396,HEALTH_RESERVE,review_preparedness_goal,Review the preparedness goal and current buffer.,medium,2026-07-29T11:00:20
REC00004304,INS00004304,USR006397,MINDGUARD,maintain_monitoring,Continue routine monitoring.,medium,2026-05-29T21:00:20
REC00004305,INS00004305,USR006398,MINDGUARD,repeat_assessment,Repeat the assessment later to add another observation.,medium,2026-02-21T21:00:20
REC00004306,INS00004306,USR006399,HEALTH_RESERVE,review_preparedness_goal,Review the preparedness goal and current buffer.,low,2026-05-29T22:00:20
REC00004307,INS00004307,USR006400,MINDGUARD,repeat_assessment,Repeat the assessment later to add another observation.,low,2026-02-03T07:00:20
REC00004308,INS00004308,USR006401,MINDGUARD,maintain_monitoring,Continue routine monitoring.,medium,2026-06-03T10:00:20
REC00004309,INS00004309,USR006403,HEALTH_RESERVE,review_preparedness_goal,Review the preparedness goal and current buffer.,medium,2026-09-14T12:00:20
REC00004310,INS00004310,USR006404,MINDGUARD,repeat_assessment,Repeat the assessment later to add another observation.,low,2026-06-16T04:00:20
REC00004311,INS00004311,USR006404,HEALTH_RESERVE,review_preparedness_goal,Review the preparedness goal and current buffer.,medium,2026-06-05T04:00:20
REC00004312,INS00004312,USR006405,MINDGUARD,review_sleep,Review recent sleep context and repeat monitoring when convenient.,low,2026-07-25T00:00:20
REC00004313,INS00004313,USR006406,MINDGUARD,wellbeing_checkin,Complete a wellbeing check-in to add context.,medium,2026-06-08T21:00:20
REC00004314,INS00004314,USR006408,MINDGUARD,maintain_monitoring,Continue routine monitoring.,medium,2026-05-18T22:00:20
REC00004315,INS00004315,USR006409,MINDGUARD,repeat_assessment,Repeat the assessment later to add another observation.,medium,2026-02-17T11:00:20
REC00004316,INS00004316,USR006411,MINDGUARD,maintain_monitoring,Continue routine monitoring.,low,2026-06-23T16:00:20
REC00004317,INS00004317,USR006413,MINDGUARD,repeat_assessment,Repeat the assessment later to add another observation.,low,2026-09-14T12:00:20
REC00004318,INS00004318,USR006417,MINDGUARD,repeat_assessment,Repeat the assessment later to add another observation.,low,2026-05-28T13:00:20
REC00004319,INS00004319,USR006420,MINDGUARD,repeat_assessment,Repeat the assessment later to add another observation.,medium,2026-09-14T12:00:20
REC00004320,INS00004320,USR006421,MINDGUARD,repeat_assessment,Repeat the assessment later to add another observation.,medium,2026-04-22T06:00:20
REC00004321,INS00004321,USR006422,MINDGUARD,repeat_assessment,Repeat the assessment later to add another observation.,low,2026-04-13T12:00:20
REC00004322,INS00004322,USR006423,MINDGUARD,maintain_monitoring,Continue routine monitoring.,low,2026-07-17T10:00:20
REC00004323,INS00004323,USR006425,MINDGUARD,maintain_monitoring,Continue routine monitoring.,medium,2026-06-08T02:00:20
REC00004324,INS00004324,USR006426,MINDGUARD,maintain_monitoring,Continue routine monitoring.,low,2026-08-15T22:00:20
REC00004325,INS00004325,USR006429,MINDGUARD,maintain_monitoring,Continue routine monitoring.,low,2026-09-14T12:00:20
REC00004326,INS00004326,USR006431,HEALTH_RESERVE,review_preparedness_goal,Review the preparedness goal and current buffer.,medium,2026-09-14T12:00:20
REC00004327,INS00004327,USR006432,MINDGUARD,repeat_assessment,Repeat the assessment later to add another observation.,low,2026-03-12T06:00:20
REC00004328,INS00004328,USR006433,MINDGUARD,maintain_monitoring,Continue routine monitoring.,low,2026-02-12T23:00:20
REC00004329,INS00004329,USR006435,MINDGUARD,review_sleep,Review recent sleep context and repeat monitoring when convenient.,low,2026-09-14T12:00:20
REC00004330,INS00004330,USR006436,MINDGUARD,review_sleep,Review recent sleep context and repeat monitoring when convenient.,low,2026-09-14T12:00:20
REC00004331,INS00004331,USR006437,MINDGUARD,repeat_assessment,Repeat the assessment later to add another observation.,medium,2026-09-06T12:00:20
REC00004332,INS00004332,USR006438,MINDGUARD,repeat_assessment,Repeat the assessment later to add another observation.,medium,2026-05-27T00:00:20
REC00004333,INS00004333,USR006441,MINDGUARD,wellbeing_checkin,Complete a wellbeing check-in to add context.,low,2026-07-16T11:00:20
REC00004334,INS00004334,USR006442,MINDGUARD,repeat_assessment,Repeat the assessment later to add another observation.,medium,2026-02-16T00:00:20
REC00004335,INS00004335,USR006443,HEALTH_RESERVE,review_healthcare_coverage,Review healthcare coverage information.,low,2026-03-22T02:00:20
REC00004336,INS00004336,USR006444,MINDGUARD,repeat_assessment,Repeat the assessment later to add another observation.,low,2026-05-22T21:00:20
REC00004337,INS00004337,USR006444,HEALTH_RESERVE,review_healthcare_coverage,Review healthcare coverage information.,low,2026-06-26T21:00:20
REC00004338,INS00004338,USR006446,MINDGUARD,maintain_monitoring,Continue routine monitoring.,low,2026-09-09T14:00:20
REC00004339,INS00004339,USR006448,HEALTH_RESERVE,review_healthcare_coverage,Review healthcare coverage information.,medium,2026-08-04T23:00:20
REC00004340,INS00004340,USR006449,HEALTH_RESERVE,review_healthcare_coverage,Review healthcare coverage information.,medium,2026-07-22T20:00:20
REC00004341,INS00004341,USR006451,MINDGUARD,repeat_assessment,Repeat the assessment later to add another observation.,low,2026-04-17T20:00:20
REC00004342,INS00004342,USR006452,MINDGUARD,maintain_monitoring,Continue routine monitoring.,low,2026-09-14T12:00:20
REC00004343,INS00004343,USR006453,HEALTH_RESERVE,review_preparedness_goal,Review the preparedness goal and current buffer.,low,2026-04-30T05:00:20
REC00004344,INS00004344,USR006454,MINDGUARD,repeat_assessment,Repeat the assessment later to add another observation.,low,2026-09-14T12:00:20
REC00004345,INS00004345,USR006456,MINDGUARD,repeat_assessment,Repeat the assessment later to add another observation.,low,2026-07-24T19:00:20
REC00004346,INS00004346,USR006457,MINDGUARD,repeat_assessment,Repeat the assessment later to add another observation.,medium,2026-05-13T14:00:20
REC00004347,INS00004347,USR006458,MINDGUARD,maintain_monitoring,Continue routine monitoring.,low,2026-07-10T13:00:20
REC00004348,INS00004348,USR006459,HEALTH_RESERVE,review_preparedness_goal,Review the preparedness goal and current buffer.,low,2026-09-14T12:00:20
REC00004349,INS00004349,USR006460,MINDGUARD,repeat_assessment,Repeat the assessment later to add another observation.,low,2026-04-07T07:00:20
REC00004350,INS00004350,USR006461,MINDGUARD,maintain_monitoring,Continue routine monitoring.,medium,2026-07-16T23:00:20
REC00004351,INS00004351,USR006462,MINDGUARD,maintain_monitoring,Continue routine monitoring.,medium,2026-09-14T12:00:20
REC00004352,INS00004352,USR006463,MINDGUARD,review_sleep,Review recent sleep context and repeat monitoring when convenient.,low,2026-04-16T00:00:20
REC00004353,INS00004353,USR006464,MINDGUARD,repeat_assessment,Repeat the assessment later to add another observation.,low,2026-04-03T18:00:20
REC00004354,INS00004354,USR006468,MINDGUARD,maintain_monitoring,Continue routine monitoring.,low,2026-09-14T12:00:20
REC00004355,INS00004355,USR006469,MINDGUARD,repeat_assessment,Repeat the assessment later to add another observation.,low,2026-02-04T11:00:20
REC00004356,INS00004356,USR006470,MINDGUARD,repeat_assessment,Repeat the assessment later to add another observation.,low,2026-09-08T23:00:20
REC00004357,INS00004357,USR006471,HEALTH_RESERVE,review_preparedness_goal,Review the preparedness goal and current buffer.,low,2026-06-04T01:00:20
REC00004358,INS00004358,USR006472,MINDGUARD,repeat_assessment,Repeat the assessment later to add another observation.,medium,2026-05-16T12:00:20
REC00004359,INS00004359,USR006473,MINDGUARD,repeat_assessment,Repeat the assessment later to add another observation.,low,2026-02-19T22:00:20
REC00004360,INS00004360,USR006476,HEALTH_RESERVE,review_preparedness_goal,Review the preparedness goal and current buffer.,low,2026-07-18T04:00:20
REC00004361,INS00004361,USR006479,MINDGUARD,repeat_assessment,Repeat the assessment later to add another observation.,medium,2026-07-12T07:00:20
REC00004362,INS00004362,USR006481,MINDGUARD,wellbeing_checkin,Complete a wellbeing check-in to add context.,medium,2026-05-04T19:00:20
REC00004363,INS00004363,USR006482,MINDGUARD,maintain_monitoring,Continue routine monitoring.,medium,2026-05-24T22:00:20
REC00004364,INS00004364,USR006483,MINDGUARD,maintain_monitoring,Continue routine monitoring.,medium,2026-09-14T12:00:20
REC00004365,INS00004365,USR006484,HEALTH_RESERVE,review_preparedness_goal,Review the preparedness goal and current buffer.,low,2026-06-19T16:00:20
REC00004366,INS00004366,USR006488,MINDGUARD,repeat_assessment,Repeat the assessment later to add another observation.,medium,2026-03-23T18:00:20
REC00004367,INS00004367,USR006488,HEALTH_RESERVE,review_preparedness_goal,Review the preparedness goal and current buffer.,medium,2026-05-09T15:00:20
REC00004368,INS00004368,USR006491,HEALTH_RESERVE,review_healthcare_coverage,Review healthcare coverage information.,medium,2026-09-14T12:00:20
REC00004369,INS00004369,USR006493,MINDGUARD,maintain_monitoring,Continue routine monitoring.,low,2026-02-13T17:00:20
REC00004370,INS00004370,USR006494,MINDGUARD,maintain_monitoring,Continue routine monitoring.,low,2026-06-05T12:00:20
REC00004371,INS00004371,USR006495,MINDGUARD,maintain_monitoring,Continue routine monitoring.,low,2026-04-05T01:00:20
REC00004372,INS00004372,USR006496,MINDGUARD,repeat_assessment,Repeat the assessment later to add another observation.,low,2026-05-12T01:00:20
REC00004373,INS00004373,USR006497,MINDGUARD,repeat_assessment,Repeat the assessment later to add another observation.,medium,2026-04-25T23:00:20
REC00004374,INS00004374,USR006500,MINDGUARD,maintain_monitoring,Continue routine monitoring.,medium,2026-04-03T22:00:20
REC00004375,INS00004375,USR006501,MINDGUARD,repeat_assessment,Repeat the assessment later to add another observation.,medium,2026-05-16T11:00:20
REC00004376,INS00004376,USR006503,MINDGUARD,maintain_monitoring,Continue routine monitoring.,low,2026-06-11T08:00:20
REC00004377,INS00004377,USR006504,MINDGUARD,repeat_assessment,Repeat the assessment later to add another observation.,medium,2026-02-04T08:00:20
REC00004378,INS00004378,USR006506,MINDGUARD,repeat_assessment,Repeat the assessment later to add another observation.,medium,2026-02-12T21:00:20
REC00004379,INS00004379,USR006509,MINDGUARD,repeat_assessment,Repeat the assessment later to add another observation.,low,2026-09-01T05:00:20
REC00004380,INS00004380,USR006511,HEALTH_RESERVE,review_preparedness_goal,Review the preparedness goal and current buffer.,low,2026-05-16T03:00:20
REC00004381,INS00004381,USR006512,MINDGUARD,repeat_assessment,Repeat the assessment later to add another observation.,medium,2026-04-30T07:00:20
REC00004382,INS00004382,USR006513,MINDGUARD,repeat_assessment,Repeat the assessment later to add another observation.,medium,2026-08-07T15:00:20
REC00004383,INS00004383,USR006513,HEALTH_RESERVE,review_preparedness_goal,Review the preparedness goal and current buffer.,low,2026-09-14T12:00:20
REC00004384,INS00004384,USR006515,MINDGUARD,repeat_assessment,Repeat the assessment later to add another observation.,medium,2026-08-09T16:00:20
REC00004385,INS00004385,USR006516,MINDGUARD,maintain_monitoring,Continue routine monitoring.,medium,2026-07-04T08:00:20
REC00004386,INS00004386,USR006517,MINDGUARD,maintain_monitoring,Continue routine monitoring.,medium,2026-08-20T14:00:20
REC00004387,INS00004387,USR006518,MINDGUARD,maintain_monitoring,Continue routine monitoring.,low,2026-05-04T04:00:20
REC00004388,INS00004388,USR006520,MINDGUARD,maintain_monitoring,Continue routine monitoring.,low,2026-08-04T21:00:20
REC00004389,INS00004389,USR006520,HEALTH_RESERVE,review_preparedness_goal,Review the preparedness goal and current buffer.,low,2026-04-28T21:00:20
REC00004390,INS00004390,USR006524,HEALTH_RESERVE,review_preparedness_goal,Review the preparedness goal and current buffer.,low,2026-06-16T17:00:20
REC00004391,INS00004391,USR006525,HEALTH_RESERVE,review_preparedness_goal,Review the preparedness goal and current buffer.,medium,2026-08-19T16:00:20
REC00004392,INS00004392,USR006526,MINDGUARD,repeat_assessment,Repeat the assessment later to add another observation.,medium,2026-03-27T12:00:20
REC00004393,INS00004393,USR006529,MINDGUARD,maintain_monitoring,Continue routine monitoring.,medium,2026-09-14T12:00:20
REC00004394,INS00004394,USR006529,HEALTH_RESERVE,review_healthcare_coverage,Review healthcare coverage information.,medium,2026-04-10T02:00:20
REC00004395,INS00004395,USR006530,HEALTH_RESERVE,review_preparedness_goal,Review the preparedness goal and current buffer.,medium,2026-09-08T14:00:20
REC00004396,INS00004396,USR006531,MINDGUARD,repeat_assessment,Repeat the assessment later to add another observation.,low,2026-06-23T02:00:20
REC00004397,INS00004397,USR006532,HEALTH_RESERVE,review_preparedness_goal,Review the preparedness goal and current buffer.,low,2026-04-06T06:00:20
REC00004398,INS00004398,USR006534,HEALTH_RESERVE,review_preparedness_goal,Review the preparedness goal and current buffer.,medium,2026-09-14T12:00:20
REC00004399,INS00004399,USR006535,MINDGUARD,repeat_assessment,Repeat the assessment later to add another observation.,medium,2026-01-17T10:00:20
REC00004400,INS00004400,USR006535,HEALTH_RESERVE,review_preparedness_goal,Review the preparedness goal and current buffer.,low,2026-01-30T08:00:20
REC00004401,INS00004401,USR006542,MINDGUARD,repeat_assessment,Repeat the assessment later to add another observation.,low,2026-06-21T16:00:20
REC00004402,INS00004402,USR006543,MINDGUARD,maintain_monitoring,Continue routine monitoring.,medium,2026-06-02T12:00:20
REC00004403,INS00004403,USR006544,MINDGUARD,repeat_assessment,Repeat the assessment later to add another observation.,medium,2026-01-01T21:00:20
REC00004404,INS00004404,USR006544,HEALTH_RESERVE,review_preparedness_goal,Review the preparedness goal and current buffer.,medium,2026-01-08T17:00:20
REC00004405,INS00004405,USR006545,MINDGUARD,maintain_monitoring,Continue routine monitoring.,medium,2026-06-25T00:00:20
REC00004406,INS00004406,USR006546,HEALTH_RESERVE,review_preparedness_goal,Review the preparedness goal and current buffer.,low,2026-09-14T12:00:20
REC00004407,INS00004407,USR006547,MINDGUARD,maintain_monitoring,Continue routine monitoring.,medium,2026-06-02T15:00:20
REC00004408,INS00004408,USR006548,MINDGUARD,review_sleep,Review recent sleep context and repeat monitoring when convenient.,medium,2026-07-31T18:00:20
REC00004409,INS00004409,USR006554,MINDGUARD,maintain_monitoring,Continue routine monitoring.,medium,2026-08-25T17:00:20
REC00004410,INS00004410,USR006554,HEALTH_RESERVE,review_preparedness_goal,Review the preparedness goal and current buffer.,medium,2026-05-15T19:00:20
REC00004411,INS00004411,USR006556,MINDGUARD,maintain_monitoring,Continue routine monitoring.,low,2026-06-18T15:00:20
REC00004412,INS00004412,USR006557,MINDGUARD,repeat_assessment,Repeat the assessment later to add another observation.,low,2026-08-01T00:00:20
REC00004413,INS00004413,USR006558,HEALTH_RESERVE,review_preparedness_goal,Review the preparedness goal and current buffer.,medium,2026-07-12T18:00:20
REC00004414,INS00004414,USR006559,HEALTH_RESERVE,review_preparedness_goal,Review the preparedness goal and current buffer.,low,2026-03-02T18:00:20
REC00004415,INS00004415,USR006560,MINDGUARD,review_sleep,Review recent sleep context and repeat monitoring when convenient.,medium,2026-04-11T06:00:20
REC00004416,INS00004416,USR006561,MINDGUARD,maintain_monitoring,Continue routine monitoring.,medium,2026-02-12T04:00:20
REC00004417,INS00004417,USR006562,MINDGUARD,maintain_monitoring,Continue routine monitoring.,low,2026-04-06T20:00:20
REC00004418,INS00004418,USR006563,MINDGUARD,repeat_assessment,Repeat the assessment later to add another observation.,medium,2026-07-09T19:00:20
REC00004419,INS00004419,USR006564,HEALTH_RESERVE,review_healthcare_coverage,Review healthcare coverage information.,medium,2026-07-08T07:00:20
REC00004420,INS00004420,USR006568,MINDGUARD,maintain_monitoring,Continue routine monitoring.,medium,2026-08-06T07:00:20
REC00004421,INS00004421,USR006569,HEALTH_RESERVE,review_preparedness_goal,Review the preparedness goal and current buffer.,medium,2026-09-14T12:00:20
REC00004422,INS00004422,USR006572,MINDGUARD,repeat_assessment,Repeat the assessment later to add another observation.,low,2026-05-20T15:00:20
REC00004423,INS00004423,USR006573,MINDGUARD,wellbeing_checkin,Complete a wellbeing check-in to add context.,low,2026-05-10T19:00:20
REC00004424,INS00004424,USR006576,MINDGUARD,maintain_monitoring,Continue routine monitoring.,medium,2026-09-12T04:00:20
REC00004425,INS00004425,USR006577,MINDGUARD,repeat_assessment,Repeat the assessment later to add another observation.,low,2026-06-02T02:00:20
REC00004426,INS00004426,USR006578,MINDGUARD,maintain_monitoring,Continue routine monitoring.,low,2026-09-14T12:00:20
REC00004427,INS00004427,USR006579,HEALTH_RESERVE,review_preparedness_goal,Review the preparedness goal and current buffer.,medium,2026-05-22T05:00:20
REC00004428,INS00004428,USR006582,MINDGUARD,repeat_assessment,Repeat the assessment later to add another observation.,medium,2026-05-13T18:00:20
REC00004429,INS00004429,USR006582,HEALTH_RESERVE,review_preparedness_goal,Review the preparedness goal and current buffer.,low,2026-06-15T14:00:20
REC00004430,INS00004430,USR006583,MINDGUARD,repeat_assessment,Repeat the assessment later to add another observation.,low,2026-04-19T13:00:20
REC00004431,INS00004431,USR006584,HEALTH_RESERVE,review_preparedness_goal,Review the preparedness goal and current buffer.,low,2026-02-03T05:00:20
REC00004432,INS00004432,USR006585,MINDGUARD,repeat_assessment,Repeat the assessment later to add another observation.,medium,2026-03-25T03:00:20
REC00004433,INS00004433,USR006586,MINDGUARD,maintain_monitoring,Continue routine monitoring.,low,2026-09-14T00:00:20
REC00004434,INS00004434,USR006587,MINDGUARD,repeat_assessment,Repeat the assessment later to add another observation.,medium,2026-03-24T21:00:20
REC00004435,INS00004435,USR006588,MINDGUARD,maintain_monitoring,Continue routine monitoring.,low,2026-04-14T22:00:20
REC00004436,INS00004436,USR006589,MINDGUARD,maintain_monitoring,Continue routine monitoring.,low,2026-02-15T22:00:20
REC00004437,INS00004437,USR006590,MINDGUARD,maintain_monitoring,Continue routine monitoring.,low,2026-07-04T00:00:20
REC00004438,INS00004438,USR006591,MINDGUARD,maintain_monitoring,Continue routine monitoring.,low,2026-05-25T14:00:20
REC00004439,INS00004439,USR006592,HEALTH_RESERVE,review_preparedness_goal,Review the preparedness goal and current buffer.,low,2026-05-17T23:00:20
REC00004440,INS00004440,USR006593,MINDGUARD,maintain_monitoring,Continue routine monitoring.,low,2026-09-01T09:00:20
REC00004441,INS00004441,USR006593,HEALTH_RESERVE,review_preparedness_goal,Review the preparedness goal and current buffer.,low,2026-09-14T12:00:20
REC00004442,INS00004442,USR006594,MINDGUARD,repeat_assessment,Repeat the assessment later to add another observation.,low,2026-04-24T11:00:20
REC00004443,INS00004443,USR006595,MINDGUARD,maintain_monitoring,Continue routine monitoring.,low,2026-05-13T03:00:20
REC00004444,INS00004444,USR006595,HEALTH_RESERVE,review_preparedness_goal,Review the preparedness goal and current buffer.,low,2026-06-09T10:00:20
REC00004445,INS00004445,USR006596,MINDGUARD,maintain_monitoring,Continue routine monitoring.,medium,2026-03-23T13:00:20
REC00004446,INS00004446,USR006597,MINDGUARD,maintain_monitoring,Continue routine monitoring.,low,2026-01-27T14:00:20
REC00004447,INS00004447,USR006599,MINDGUARD,repeat_assessment,Repeat the assessment later to add another observation.,medium,2026-04-14T14:00:20
REC00004448,INS00004448,USR006600,MINDGUARD,maintain_monitoring,Continue routine monitoring.,medium,2026-05-27T10:00:20
REC00004449,INS00004449,USR006601,MINDGUARD,maintain_monitoring,Continue routine monitoring.,medium,2026-06-16T20:00:20
REC00004450,INS00004450,USR006602,MINDGUARD,repeat_assessment,Repeat the assessment later to add another observation.,low,2026-04-06T18:00:20
REC00004451,INS00004451,USR006604,MINDGUARD,maintain_monitoring,Continue routine monitoring.,medium,2026-06-03T15:00:20
REC00004452,INS00004452,USR006610,MINDGUARD,wellbeing_checkin,Complete a wellbeing check-in to add context.,low,2026-05-22T06:00:20
REC00004453,INS00004453,USR006611,HEALTH_RESERVE,review_preparedness_goal,Review the preparedness goal and current buffer.,low,2026-07-04T11:00:20
REC00004454,INS00004454,USR006612,MINDGUARD,repeat_assessment,Repeat the assessment later to add another observation.,low,2026-06-20T01:00:20
REC00004455,INS00004455,USR006613,MINDGUARD,repeat_assessment,Repeat the assessment later to add another observation.,low,2026-05-29T20:00:20
REC00004456,INS00004456,USR006614,HEALTH_RESERVE,review_preparedness_goal,Review the preparedness goal and current buffer.,low,2026-07-14T17:00:20
REC00004457,INS00004457,USR006616,MINDGUARD,repeat_assessment,Repeat the assessment later to add another observation.,low,2026-03-09T09:00:20
REC00004458,INS00004458,USR006617,MINDGUARD,repeat_assessment,Repeat the assessment later to add another observation.,low,2026-06-30T14:00:20
REC00004459,INS00004459,USR006618,MINDGUARD,repeat_assessment,Repeat the assessment later to add another observation.,medium,2026-09-14T12:00:20
REC00004460,INS00004460,USR006618,HEALTH_RESERVE,review_preparedness_goal,Review the preparedness goal and current buffer.,low,2026-09-14T12:00:20
REC00004461,INS00004461,USR006619,MINDGUARD,repeat_assessment,Repeat the assessment later to add another observation.,medium,2026-07-24T22:00:20
REC00004462,INS00004462,USR006622,MINDGUARD,review_sleep,Review recent sleep context and repeat monitoring when convenient.,low,2026-02-14T04:00:20
REC00004463,INS00004463,USR006625,MINDGUARD,repeat_assessment,Repeat the assessment later to add another observation.,low,2026-09-14T12:00:20
REC00004464,INS00004464,USR006627,MINDGUARD,maintain_monitoring,Continue routine monitoring.,medium,2026-04-15T22:00:20
REC00004465,INS00004465,USR006629,MINDGUARD,repeat_assessment,Repeat the assessment later to add another observation.,medium,2026-09-14T12:00:20
REC00004466,INS00004466,USR006630,MINDGUARD,wellbeing_checkin,Complete a wellbeing check-in to add context.,low,2026-05-21T22:00:20
REC00004467,INS00004467,USR006630,HEALTH_RESERVE,review_preparedness_goal,Review the preparedness goal and current buffer.,low,2026-05-20T01:00:20
REC00004468,INS00004468,USR006631,HEALTH_RESERVE,review_healthcare_coverage,Review healthcare coverage information.,medium,2026-03-24T21:00:20
REC00004469,INS00004469,USR006635,HEALTH_RESERVE,review_preparedness_goal,Review the preparedness goal and current buffer.,low,2026-07-03T15:00:20
REC00004470,INS00004470,USR006636,MINDGUARD,repeat_assessment,Repeat the assessment later to add another observation.,medium,2026-03-01T07:00:20
REC00004471,INS00004471,USR006637,MINDGUARD,maintain_monitoring,Continue routine monitoring.,low,2026-09-14T12:00:20
REC00004472,INS00004472,USR006638,MINDGUARD,maintain_monitoring,Continue routine monitoring.,medium,2026-06-04T10:00:20
REC00004473,INS00004473,USR006640,HEALTH_RESERVE,review_preparedness_goal,Review the preparedness goal and current buffer.,medium,2026-04-24T03:00:20
REC00004474,INS00004474,USR006643,MINDGUARD,repeat_assessment,Repeat the assessment later to add another observation.,low,2026-04-12T22:00:20
REC00004475,INS00004475,USR006643,HEALTH_RESERVE,review_preparedness_goal,Review the preparedness goal and current buffer.,medium,2025-12-30T06:00:20
REC00004476,INS00004476,USR006645,MINDGUARD,repeat_assessment,Repeat the assessment later to add another observation.,low,2026-03-13T09:00:20
REC00004477,INS00004477,USR006645,HEALTH_RESERVE,review_preparedness_goal,Review the preparedness goal and current buffer.,medium,2026-03-18T13:00:20
REC00004478,INS00004478,USR006647,MINDGUARD,repeat_assessment,Repeat the assessment later to add another observation.,low,2026-05-02T08:00:20
REC00004479,INS00004479,USR006647,HEALTH_RESERVE,review_preparedness_goal,Review the preparedness goal and current buffer.,medium,2026-05-19T13:00:20
REC00004480,INS00004480,USR006652,MINDGUARD,review_sleep,Review recent sleep context and repeat monitoring when convenient.,medium,2026-05-25T14:00:20
REC00004481,INS00004481,USR006652,HEALTH_RESERVE,review_preparedness_goal,Review the preparedness goal and current buffer.,medium,2026-04-16T13:00:20
REC00004482,INS00004482,USR006653,MINDGUARD,repeat_assessment,Repeat the assessment later to add another observation.,low,2026-05-03T08:00:20
REC00004483,INS00004483,USR006654,MINDGUARD,repeat_assessment,Repeat the assessment later to add another observation.,low,2026-07-21T07:00:20
REC00004484,INS00004484,USR006655,MINDGUARD,review_sleep,Review recent sleep context and repeat monitoring when convenient.,medium,2026-09-14T12:00:20
REC00004485,INS00004485,USR006656,HEALTH_RESERVE,review_preparedness_goal,Review the preparedness goal and current buffer.,medium,2026-05-03T05:00:20
REC00004486,INS00004486,USR006657,HEALTH_RESERVE,review_preparedness_goal,Review the preparedness goal and current buffer.,medium,2026-06-14T19:00:20
REC00004487,INS00004487,USR006659,MINDGUARD,wellbeing_checkin,Complete a wellbeing check-in to add context.,low,2026-08-28T11:00:20
REC00004488,INS00004488,USR006660,MINDGUARD,repeat_assessment,Repeat the assessment later to add another observation.,medium,2026-06-01T05:00:20
REC00004489,INS00004489,USR006662,HEALTH_RESERVE,review_preparedness_goal,Review the preparedness goal and current buffer.,medium,2026-05-23T18:00:20
REC00004490,INS00004490,USR006664,MINDGUARD,maintain_monitoring,Continue routine monitoring.,medium,2026-06-11T15:00:20
REC00004491,INS00004491,USR006665,HEALTH_RESERVE,review_preparedness_goal,Review the preparedness goal and current buffer.,low,2026-08-23T17:00:20
REC00004492,INS00004492,USR006668,MINDGUARD,maintain_monitoring,Continue routine monitoring.,medium,2026-07-29T10:00:20
REC00004493,INS00004493,USR006669,MINDGUARD,wellbeing_checkin,Complete a wellbeing check-in to add context.,medium,2026-08-09T04:00:20
REC00004494,INS00004494,USR006670,MINDGUARD,repeat_assessment,Repeat the assessment later to add another observation.,medium,2026-05-22T19:00:20
REC00004495,INS00004495,USR006672,MINDGUARD,maintain_monitoring,Continue routine monitoring.,medium,2026-07-22T23:00:20
REC00004496,INS00004496,USR006674,HEALTH_RESERVE,review_healthcare_coverage,Review healthcare coverage information.,medium,2026-09-14T12:00:20
REC00004497,INS00004497,USR006675,HEALTH_RESERVE,review_healthcare_coverage,Review healthcare coverage information.,low,2026-08-12T14:00:20
REC00004498,INS00004498,USR006676,MINDGUARD,review_sleep,Review recent sleep context and repeat monitoring when convenient.,low,2026-07-27T03:00:20
REC00004499,INS00004499,USR006676,HEALTH_RESERVE,review_healthcare_coverage,Review healthcare coverage information.,medium,2026-06-29T05:00:20
REC00004500,INS00004500,USR006677,HEALTH_RESERVE,review_preparedness_goal,Review the preparedness goal and current buffer.,medium,2026-05-04T04:00:20
REC00004501,INS00004501,USR006678,HEALTH_RESERVE,review_preparedness_goal,Review the preparedness goal and current buffer.,medium,2026-05-15T11:00:20
REC00004502,INS00004502,USR006680,MINDGUARD,wellbeing_checkin,Complete a wellbeing check-in to add context.,low,2026-02-11T23:00:20
REC00004503,INS00004503,USR006681,MINDGUARD,maintain_monitoring,Continue routine monitoring.,medium,2026-07-04T03:00:20
REC00004504,INS00004504,USR006683,HEALTH_RESERVE,review_preparedness_goal,Review the preparedness goal and current buffer.,low,2026-07-23T03:00:20
REC00004505,INS00004505,USR006684,MINDGUARD,repeat_assessment,Repeat the assessment later to add another observation.,low,2026-05-05T01:00:20
REC00004506,INS00004506,USR006685,MINDGUARD,review_sleep,Review recent sleep context and repeat monitoring when convenient.,low,2026-04-27T22:00:20
REC00004507,INS00004507,USR006686,MINDGUARD,wellbeing_checkin,Complete a wellbeing check-in to add context.,medium,2026-04-29T15:00:20
REC00004508,INS00004508,USR006689,MINDGUARD,maintain_monitoring,Continue routine monitoring.,low,2026-06-02T14:00:20
REC00004509,INS00004509,USR006690,MINDGUARD,repeat_assessment,Repeat the assessment later to add another observation.,medium,2026-07-27T11:00:20
REC00004510,INS00004510,USR006692,MINDGUARD,wellbeing_checkin,Complete a wellbeing check-in to add context.,medium,2026-04-26T12:00:20
REC00004511,INS00004511,USR006692,HEALTH_RESERVE,review_preparedness_goal,Review the preparedness goal and current buffer.,medium,2026-07-26T14:00:20
REC00004512,INS00004512,USR006695,MINDGUARD,maintain_monitoring,Continue routine monitoring.,medium,2026-06-09T07:00:20
REC00004513,INS00004513,USR006696,HEALTH_RESERVE,review_healthcare_coverage,Review healthcare coverage information.,low,2026-09-14T12:00:20
REC00004514,INS00004514,USR006697,MINDGUARD,repeat_assessment,Repeat the assessment later to add another observation.,low,2026-04-11T05:00:20
REC00004515,INS00004515,USR006698,HEALTH_RESERVE,review_preparedness_goal,Review the preparedness goal and current buffer.,medium,2026-04-01T22:00:20
REC00004516,INS00004516,USR006699,HEALTH_RESERVE,review_healthcare_coverage,Review healthcare coverage information.,low,2026-07-09T00:00:20
REC00004517,INS00004517,USR006700,MINDGUARD,maintain_monitoring,Continue routine monitoring.,low,2026-09-14T12:00:20
REC00004518,INS00004518,USR006701,HEALTH_RESERVE,review_healthcare_coverage,Review healthcare coverage information.,low,2026-07-11T14:00:20
REC00004519,INS00004519,USR006702,MINDGUARD,review_sleep,Review recent sleep context and repeat monitoring when convenient.,medium,2026-06-02T13:00:20
REC00004520,INS00004520,USR006704,HEALTH_RESERVE,review_preparedness_goal,Review the preparedness goal and current buffer.,medium,2026-05-14T17:00:20
REC00004521,INS00004521,USR006705,HEALTH_RESERVE,review_preparedness_goal,Review the preparedness goal and current buffer.,medium,2026-05-21T13:00:20
REC00004522,INS00004522,USR006709,MINDGUARD,repeat_assessment,Repeat the assessment later to add another observation.,medium,2026-05-16T13:00:20
REC00004523,INS00004523,USR006710,HEALTH_RESERVE,review_preparedness_goal,Review the preparedness goal and current buffer.,low,2026-06-06T20:00:20
REC00004524,INS00004524,USR006711,MINDGUARD,wellbeing_checkin,Complete a wellbeing check-in to add context.,low,2026-08-23T12:00:20
REC00004525,INS00004525,USR006713,HEALTH_RESERVE,review_preparedness_goal,Review the preparedness goal and current buffer.,low,2026-05-03T20:00:20
REC00004526,INS00004526,USR006715,MINDGUARD,maintain_monitoring,Continue routine monitoring.,medium,2026-09-14T12:00:20
REC00004527,INS00004527,USR006717,MINDGUARD,repeat_assessment,Repeat the assessment later to add another observation.,medium,2026-06-25T05:00:20
REC00004528,INS00004528,USR006717,HEALTH_RESERVE,review_healthcare_coverage,Review healthcare coverage information.,low,2026-09-14T12:00:20
REC00004529,INS00004529,USR006718,MINDGUARD,review_sleep,Review recent sleep context and repeat monitoring when convenient.,medium,2026-09-14T12:00:20
REC00004530,INS00004530,USR006720,MINDGUARD,repeat_assessment,Repeat the assessment later to add another observation.,medium,2026-09-14T12:00:20
REC00004531,INS00004531,USR006723,MINDGUARD,maintain_monitoring,Continue routine monitoring.,low,2026-05-07T17:00:20
REC00004532,INS00004532,USR006724,MINDGUARD,repeat_assessment,Repeat the assessment later to add another observation.,medium,2026-06-08T16:00:20
REC00004533,INS00004533,USR006725,HEALTH_RESERVE,review_preparedness_goal,Review the preparedness goal and current buffer.,medium,2026-06-01T10:00:20
REC00004534,INS00004534,USR006728,MINDGUARD,repeat_assessment,Repeat the assessment later to add another observation.,medium,2026-09-14T12:00:20
REC00004535,INS00004535,USR006729,MINDGUARD,maintain_monitoring,Continue routine monitoring.,low,2026-05-16T15:00:20
REC00004536,INS00004536,USR006730,MINDGUARD,repeat_assessment,Repeat the assessment later to add another observation.,medium,2026-03-20T22:00:20
REC00004537,INS00004537,USR006730,HEALTH_RESERVE,review_healthcare_coverage,Review healthcare coverage information.,low,2026-06-13T00:00:20
REC00004538,INS00004538,USR006731,MINDGUARD,maintain_monitoring,Continue routine monitoring.,low,2026-03-21T04:00:20
REC00004539,INS00004539,USR006735,MINDGUARD,maintain_monitoring,Continue routine monitoring.,medium,2026-07-12T11:00:20
REC00004540,INS00004540,USR006737,MINDGUARD,maintain_monitoring,Continue routine monitoring.,medium,2026-05-30T10:00:20
REC00004541,INS00004541,USR006739,MINDGUARD,repeat_assessment,Repeat the assessment later to add another observation.,medium,2026-01-28T06:00:20
REC00004542,INS00004542,USR006740,HEALTH_RESERVE,review_healthcare_coverage,Review healthcare coverage information.,medium,2026-03-26T14:00:20
REC00004543,INS00004543,USR006743,MINDGUARD,repeat_assessment,Repeat the assessment later to add another observation.,low,2026-06-04T23:00:20
REC00004544,INS00004544,USR006744,HEALTH_RESERVE,review_preparedness_goal,Review the preparedness goal and current buffer.,low,2026-03-19T08:00:20
REC00004545,INS00004545,USR006745,MINDGUARD,repeat_assessment,Repeat the assessment later to add another observation.,low,2026-05-30T15:00:20
REC00004546,INS00004546,USR006746,MINDGUARD,maintain_monitoring,Continue routine monitoring.,low,2026-06-29T14:00:20
REC00004547,INS00004547,USR006747,MINDGUARD,repeat_assessment,Repeat the assessment later to add another observation.,low,2026-05-20T03:00:20
REC00004548,INS00004548,USR006747,HEALTH_RESERVE,review_healthcare_coverage,Review healthcare coverage information.,medium,2026-09-14T12:00:20
REC00004549,INS00004549,USR006748,MINDGUARD,repeat_assessment,Repeat the assessment later to add another observation.,low,2026-09-14T12:00:20
REC00004550,INS00004550,USR006749,MINDGUARD,maintain_monitoring,Continue routine monitoring.,medium,2026-05-17T02:00:20
REC00004551,INS00004551,USR006750,MINDGUARD,maintain_monitoring,Continue routine monitoring.,low,2026-07-15T22:00:20
REC00004552,INS00004552,USR006753,MINDGUARD,maintain_monitoring,Continue routine monitoring.,low,2026-09-14T12:00:20
REC00004553,INS00004553,USR006754,MINDGUARD,repeat_assessment,Repeat the assessment later to add another observation.,medium,2026-05-21T15:00:20
REC00004554,INS00004554,USR006756,MINDGUARD,maintain_monitoring,Continue routine monitoring.,low,2026-09-14T12:00:20
REC00004555,INS00004555,USR006758,MINDGUARD,repeat_assessment,Repeat the assessment later to add another observation.,medium,2026-03-26T00:00:20
REC00004556,INS00004556,USR006759,MINDGUARD,maintain_monitoring,Continue routine monitoring.,low,2026-03-27T09:00:20
REC00004557,INS00004557,USR006761,MINDGUARD,wellbeing_checkin,Complete a wellbeing check-in to add context.,low,2026-04-13T19:00:20
REC00004558,INS00004558,USR006763,HEALTH_RESERVE,review_preparedness_goal,Review the preparedness goal and current buffer.,medium,2026-08-11T23:00:20
REC00004559,INS00004559,USR006764,MINDGUARD,maintain_monitoring,Continue routine monitoring.,low,2026-09-14T12:00:20
REC00004560,INS00004560,USR006766,MINDGUARD,maintain_monitoring,Continue routine monitoring.,medium,2026-07-08T23:00:20
REC00004561,INS00004561,USR006768,MINDGUARD,repeat_assessment,Repeat the assessment later to add another observation.,medium,2026-09-14T12:00:20
REC00004562,INS00004562,USR006768,HEALTH_RESERVE,review_healthcare_coverage,Review healthcare coverage information.,medium,2026-07-05T05:00:20
REC00004563,INS00004563,USR006769,HEALTH_RESERVE,review_healthcare_coverage,Review healthcare coverage information.,medium,2026-08-07T03:00:20
REC00004564,INS00004564,USR006770,MINDGUARD,repeat_assessment,Repeat the assessment later to add another observation.,low,2026-04-21T18:00:20
REC00004565,INS00004565,USR006771,MINDGUARD,repeat_assessment,Repeat the assessment later to add another observation.,low,2026-03-15T10:00:20
REC00004566,INS00004566,USR006773,MINDGUARD,repeat_assessment,Repeat the assessment later to add another observation.,low,2026-05-02T22:00:20
REC00004567,INS00004567,USR006774,MINDGUARD,repeat_assessment,Repeat the assessment later to add another observation.,medium,2026-05-08T07:00:20
REC00004568,INS00004568,USR006776,MINDGUARD,maintain_monitoring,Continue routine monitoring.,low,2026-08-24T03:00:20
REC00004569,INS00004569,USR006777,HEALTH_RESERVE,review_preparedness_goal,Review the preparedness goal and current buffer.,low,2026-04-16T23:00:20
REC00004570,INS00004570,USR006778,MINDGUARD,maintain_monitoring,Continue routine monitoring.,low,2026-09-14T12:00:20
REC00004571,INS00004571,USR006781,MINDGUARD,wellbeing_checkin,Complete a wellbeing check-in to add context.,medium,2026-08-22T14:00:20
REC00004572,INS00004572,USR006784,HEALTH_RESERVE,review_preparedness_goal,Review the preparedness goal and current buffer.,medium,2026-06-25T03:00:20
REC00004573,INS00004573,USR006785,MINDGUARD,repeat_assessment,Repeat the assessment later to add another observation.,low,2026-04-14T08:00:20
REC00004574,INS00004574,USR006786,MINDGUARD,repeat_assessment,Repeat the assessment later to add another observation.,low,2026-04-02T04:00:20
REC00004575,INS00004575,USR006788,MINDGUARD,wellbeing_checkin,Complete a wellbeing check-in to add context.,medium,2025-12-24T06:00:20
REC00004576,INS00004576,USR006792,HEALTH_RESERVE,review_preparedness_goal,Review the preparedness goal and current buffer.,low,2026-06-13T09:00:20
REC00004577,INS00004577,USR006793,MINDGUARD,maintain_monitoring,Continue routine monitoring.,medium,2026-08-09T04:00:20
REC00004578,INS00004578,USR006794,MINDGUARD,repeat_assessment,Repeat the assessment later to add another observation.,low,2026-03-26T00:00:20
REC00004579,INS00004579,USR006794,HEALTH_RESERVE,review_preparedness_goal,Review the preparedness goal and current buffer.,medium,2026-06-17T10:00:20
REC00004580,INS00004580,USR006795,HEALTH_RESERVE,review_preparedness_goal,Review the preparedness goal and current buffer.,medium,2026-06-10T18:00:20
REC00004581,INS00004581,USR006797,MINDGUARD,repeat_assessment,Repeat the assessment later to add another observation.,low,2026-05-03T06:00:20
REC00004582,INS00004582,USR006798,MINDGUARD,review_sleep,Review recent sleep context and repeat monitoring when convenient.,low,2026-03-16T16:00:20
REC00004583,INS00004583,USR006799,MINDGUARD,maintain_monitoring,Continue routine monitoring.,medium,2026-07-05T17:00:20
REC00004584,INS00004584,USR006801,MINDGUARD,review_sleep,Review recent sleep context and repeat monitoring when convenient.,low,2026-09-14T12:00:20
REC00004585,INS00004585,USR006802,MINDGUARD,repeat_assessment,Repeat the assessment later to add another observation.,low,2026-05-24T15:00:20
REC00004586,INS00004586,USR006807,MINDGUARD,maintain_monitoring,Continue routine monitoring.,low,2026-08-11T20:00:20
REC00004587,INS00004587,USR006807,HEALTH_RESERVE,review_preparedness_goal,Review the preparedness goal and current buffer.,low,2026-03-06T20:00:20
REC00004588,INS00004588,USR006808,MINDGUARD,wellbeing_checkin,Complete a wellbeing check-in to add context.,medium,2026-04-10T20:00:20
REC00004589,INS00004589,USR006808,HEALTH_RESERVE,review_healthcare_coverage,Review healthcare coverage information.,medium,2026-07-09T00:00:20
REC00004590,INS00004590,USR006811,HEALTH_RESERVE,review_preparedness_goal,Review the preparedness goal and current buffer.,low,2026-04-13T13:00:20
REC00004591,INS00004591,USR006813,MINDGUARD,review_sleep,Review recent sleep context and repeat monitoring when convenient.,medium,2026-08-04T15:00:20
REC00004592,INS00004592,USR006813,HEALTH_RESERVE,review_preparedness_goal,Review the preparedness goal and current buffer.,medium,2026-03-30T08:00:20
REC00004593,INS00004593,USR006814,MINDGUARD,repeat_assessment,Repeat the assessment later to add another observation.,medium,2026-05-16T07:00:20
REC00004594,INS00004594,USR006816,MINDGUARD,repeat_assessment,Repeat the assessment later to add another observation.,medium,2026-03-21T10:00:20
REC00004595,INS00004595,USR006817,MINDGUARD,repeat_assessment,Repeat the assessment later to add another observation.,medium,2026-02-14T21:00:20
REC00004596,INS00004596,USR006818,HEALTH_RESERVE,review_preparedness_goal,Review the preparedness goal and current buffer.,low,2026-07-01T00:00:20
REC00004597,INS00004597,USR006819,MINDGUARD,repeat_assessment,Repeat the assessment later to add another observation.,low,2025-12-28T11:00:20
REC00004598,INS00004598,USR006821,MINDGUARD,maintain_monitoring,Continue routine monitoring.,medium,2026-06-29T09:00:20
REC00004599,INS00004599,USR006823,MINDGUARD,repeat_assessment,Repeat the assessment later to add another observation.,medium,2026-08-07T18:00:20
REC00004600,INS00004600,USR006824,MINDGUARD,repeat_assessment,Repeat the assessment later to add another observation.,medium,2026-07-23T12:00:20
REC00004601,INS00004601,USR006825,HEALTH_RESERVE,review_preparedness_goal,Review the preparedness goal and current buffer.,medium,2026-02-11T16:00:20
REC00004602,INS00004602,USR006826,HEALTH_RESERVE,review_healthcare_coverage,Review healthcare coverage information.,medium,2026-09-09T15:00:20
REC00004603,INS00004603,USR006827,HEALTH_RESERVE,review_preparedness_goal,Review the preparedness goal and current buffer.,low,2026-09-14T12:00:20
REC00004604,INS00004604,USR006829,MINDGUARD,maintain_monitoring,Continue routine monitoring.,medium,2026-04-10T23:00:20
REC00004605,INS00004605,USR006830,MINDGUARD,maintain_monitoring,Continue routine monitoring.,low,2026-04-01T07:00:20
REC00004606,INS00004606,USR006830,HEALTH_RESERVE,review_healthcare_coverage,Review healthcare coverage information.,low,2026-08-22T14:00:20
REC00004607,INS00004607,USR006831,MINDGUARD,repeat_assessment,Repeat the assessment later to add another observation.,medium,2026-08-05T04:00:20
REC00004608,INS00004608,USR006832,MINDGUARD,maintain_monitoring,Continue routine monitoring.,medium,2026-07-26T20:00:20
REC00004609,INS00004609,USR006833,MINDGUARD,wellbeing_checkin,Complete a wellbeing check-in to add context.,medium,2026-08-11T16:00:20
REC00004610,INS00004610,USR006835,MINDGUARD,review_sleep,Review recent sleep context and repeat monitoring when convenient.,medium,2026-08-09T23:00:20
REC00004611,INS00004611,USR006836,HEALTH_RESERVE,review_preparedness_goal,Review the preparedness goal and current buffer.,low,2026-05-01T18:00:20
REC00004612,INS00004612,USR006837,MINDGUARD,review_sleep,Review recent sleep context and repeat monitoring when convenient.,low,2026-05-01T07:00:20
REC00004613,INS00004613,USR006840,MINDGUARD,maintain_monitoring,Continue routine monitoring.,low,2026-06-16T10:00:20
REC00004614,INS00004614,USR006841,MINDGUARD,wellbeing_checkin,Complete a wellbeing check-in to add context.,medium,2026-07-17T04:00:20
REC00004615,INS00004615,USR006843,MINDGUARD,repeat_assessment,Repeat the assessment later to add another observation.,medium,2026-05-26T04:00:20
REC00004616,INS00004616,USR006843,HEALTH_RESERVE,review_healthcare_coverage,Review healthcare coverage information.,medium,2026-07-03T02:00:20
REC00004617,INS00004617,USR006844,HEALTH_RESERVE,review_preparedness_goal,Review the preparedness goal and current buffer.,medium,2026-04-02T19:00:20
REC00004618,INS00004618,USR006847,MINDGUARD,maintain_monitoring,Continue routine monitoring.,medium,2026-08-25T07:00:20
REC00004619,INS00004619,USR006849,MINDGUARD,repeat_assessment,Repeat the assessment later to add another observation.,low,2026-08-04T02:00:20
REC00004620,INS00004620,USR006850,MINDGUARD,repeat_assessment,Repeat the assessment later to add another observation.,medium,2026-01-06T10:00:20
REC00004621,INS00004621,USR006851,MINDGUARD,repeat_assessment,Repeat the assessment later to add another observation.,low,2026-03-21T03:00:20
REC00004622,INS00004622,USR006852,HEALTH_RESERVE,review_preparedness_goal,Review the preparedness goal and current buffer.,medium,2026-08-14T18:00:20
REC00004623,INS00004623,USR006853,MINDGUARD,maintain_monitoring,Continue routine monitoring.,low,2026-08-29T23:00:20
REC00004624,INS00004624,USR006854,MINDGUARD,maintain_monitoring,Continue routine monitoring.,medium,2026-03-13T00:00:20
REC00004625,INS00004625,USR006855,HEALTH_RESERVE,review_preparedness_goal,Review the preparedness goal and current buffer.,low,2026-09-14T12:00:20
REC00004626,INS00004626,USR006856,MINDGUARD,repeat_assessment,Repeat the assessment later to add another observation.,low,2026-03-22T13:00:20
REC00004627,INS00004627,USR006857,MINDGUARD,maintain_monitoring,Continue routine monitoring.,low,2026-06-11T02:00:20
REC00004628,INS00004628,USR006858,MINDGUARD,repeat_assessment,Repeat the assessment later to add another observation.,medium,2026-02-20T10:00:20
REC00004629,INS00004629,USR006859,MINDGUARD,repeat_assessment,Repeat the assessment later to add another observation.,low,2026-07-29T14:00:20
REC00004630,INS00004630,USR006865,MINDGUARD,maintain_monitoring,Continue routine monitoring.,medium,2026-08-11T06:00:20
REC00004631,INS00004631,USR006866,MINDGUARD,maintain_monitoring,Continue routine monitoring.,medium,2026-09-14T12:00:20
REC00004632,INS00004632,USR006867,MINDGUARD,maintain_monitoring,Continue routine monitoring.,medium,2026-06-15T08:00:20
REC00004633,INS00004633,USR006868,MINDGUARD,repeat_assessment,Repeat the assessment later to add another observation.,low,2026-09-14T12:00:20
REC00004634,INS00004634,USR006869,MINDGUARD,repeat_assessment,Repeat the assessment later to add another observation.,low,2026-05-05T08:00:20
REC00004635,INS00004635,USR006870,HEALTH_RESERVE,review_preparedness_goal,Review the preparedness goal and current buffer.,low,2026-05-13T17:00:20
REC00004636,INS00004636,USR006871,HEALTH_RESERVE,review_preparedness_goal,Review the preparedness goal and current buffer.,low,2026-07-19T22:00:20
REC00004637,INS00004637,USR006874,MINDGUARD,maintain_monitoring,Continue routine monitoring.,medium,2026-08-04T15:00:20
REC00004638,INS00004638,USR006877,MINDGUARD,repeat_assessment,Repeat the assessment later to add another observation.,medium,2026-04-27T20:00:20
REC00004639,INS00004639,USR006878,MINDGUARD,repeat_assessment,Repeat the assessment later to add another observation.,low,2026-05-19T05:00:20
REC00004640,INS00004640,USR006880,MINDGUARD,maintain_monitoring,Continue routine monitoring.,low,2026-04-22T03:00:20
REC00004641,INS00004641,USR006882,MINDGUARD,repeat_assessment,Repeat the assessment later to add another observation.,low,2026-03-15T20:00:20
REC00004642,INS00004642,USR006883,HEALTH_RESERVE,review_healthcare_coverage,Review healthcare coverage information.,medium,2026-09-14T12:00:20
REC00004643,INS00004643,USR006885,HEALTH_RESERVE,review_healthcare_coverage,Review healthcare coverage information.,medium,2026-08-25T03:00:20
REC00004644,INS00004644,USR006887,MINDGUARD,review_sleep,Review recent sleep context and repeat monitoring when convenient.,low,2026-09-14T12:00:20
REC00004645,INS00004645,USR006888,MINDGUARD,maintain_monitoring,Continue routine monitoring.,medium,2026-09-14T12:00:20
REC00004646,INS00004646,USR006891,MINDGUARD,repeat_assessment,Repeat the assessment later to add another observation.,medium,2026-03-27T04:00:20
REC00004647,INS00004647,USR006894,MINDGUARD,repeat_assessment,Repeat the assessment later to add another observation.,low,2026-06-17T10:00:20
REC00004648,INS00004648,USR006895,MINDGUARD,wellbeing_checkin,Complete a wellbeing check-in to add context.,low,2026-09-14T12:00:20
REC00004649,INS00004649,USR006896,MINDGUARD,repeat_assessment,Repeat the assessment later to add another observation.,low,2026-06-26T10:00:20
REC00004650,INS00004650,USR006897,MINDGUARD,repeat_assessment,Repeat the assessment later to add another observation.,medium,2026-06-12T15:00:20
REC00004651,INS00004651,USR006899,HEALTH_RESERVE,review_preparedness_goal,Review the preparedness goal and current buffer.,low,2026-08-21T08:00:20
REC00004652,INS00004652,USR006900,MINDGUARD,wellbeing_checkin,Complete a wellbeing check-in to add context.,low,2026-05-13T04:00:20
REC00004653,INS00004653,USR006902,MINDGUARD,wellbeing_checkin,Complete a wellbeing check-in to add context.,medium,2026-08-14T19:00:20
REC00004654,INS00004654,USR006903,MINDGUARD,maintain_monitoring,Continue routine monitoring.,low,2026-07-25T00:00:20
REC00004655,INS00004655,USR006904,MINDGUARD,maintain_monitoring,Continue routine monitoring.,medium,2026-08-31T03:00:20
REC00004656,INS00004656,USR006904,HEALTH_RESERVE,review_healthcare_coverage,Review healthcare coverage information.,medium,2026-03-23T20:00:20
REC00004657,INS00004657,USR006907,MINDGUARD,repeat_assessment,Repeat the assessment later to add another observation.,low,2026-09-14T12:00:20
REC00004658,INS00004658,USR006909,HEALTH_RESERVE,review_preparedness_goal,Review the preparedness goal and current buffer.,low,2026-05-19T14:00:20
REC00004659,INS00004659,USR006911,MINDGUARD,maintain_monitoring,Continue routine monitoring.,medium,2026-04-02T16:00:20
REC00004660,INS00004660,USR006913,MINDGUARD,repeat_assessment,Repeat the assessment later to add another observation.,medium,2026-04-15T19:00:20
REC00004661,INS00004661,USR006916,MINDGUARD,repeat_assessment,Repeat the assessment later to add another observation.,low,2026-03-11T08:00:20
REC00004662,INS00004662,USR006916,HEALTH_RESERVE,review_preparedness_goal,Review the preparedness goal and current buffer.,low,2026-01-24T02:00:20
REC00004663,INS00004663,USR006917,HEALTH_RESERVE,review_preparedness_goal,Review the preparedness goal and current buffer.,medium,2026-08-06T13:00:20
REC00004664,INS00004664,USR006920,MINDGUARD,review_sleep,Review recent sleep context and repeat monitoring when convenient.,medium,2026-07-16T01:00:20
REC00004665,INS00004665,USR006923,MINDGUARD,wellbeing_checkin,Complete a wellbeing check-in to add context.,low,2026-02-22T11:00:20
REC00004666,INS00004666,USR006924,HEALTH_RESERVE,review_preparedness_goal,Review the preparedness goal and current buffer.,low,2026-05-21T16:00:20
REC00004667,INS00004667,USR006929,MINDGUARD,maintain_monitoring,Continue routine monitoring.,medium,2026-09-14T12:00:20
REC00004668,INS00004668,USR006929,HEALTH_RESERVE,review_preparedness_goal,Review the preparedness goal and current buffer.,medium,2026-09-14T12:00:20
REC00004669,INS00004669,USR006930,MINDGUARD,repeat_assessment,Repeat the assessment later to add another observation.,low,2026-05-20T10:00:20
REC00004670,INS00004670,USR006931,MINDGUARD,repeat_assessment,Repeat the assessment later to add another observation.,low,2026-01-29T18:00:20
REC00004671,INS00004671,USR006933,MINDGUARD,wellbeing_checkin,Complete a wellbeing check-in to add context.,low,2026-08-20T03:00:20
REC00004672,INS00004672,USR006936,HEALTH_RESERVE,review_preparedness_goal,Review the preparedness goal and current buffer.,low,2026-08-14T00:00:20
REC00004673,INS00004673,USR006937,MINDGUARD,review_sleep,Review recent sleep context and repeat monitoring when convenient.,low,2026-06-19T20:00:20
REC00004674,INS00004674,USR006938,MINDGUARD,repeat_assessment,Repeat the assessment later to add another observation.,low,2026-04-13T14:00:20
REC00004675,INS00004675,USR006939,MINDGUARD,maintain_monitoring,Continue routine monitoring.,low,2026-09-14T12:00:20
REC00004676,INS00004676,USR006940,MINDGUARD,repeat_assessment,Repeat the assessment later to add another observation.,medium,2026-03-11T00:00:20
REC00004677,INS00004677,USR006942,MINDGUARD,review_sleep,Review recent sleep context and repeat monitoring when convenient.,low,2026-06-15T15:00:20
REC00004678,INS00004678,USR006943,MINDGUARD,maintain_monitoring,Continue routine monitoring.,medium,2026-05-27T16:00:20
REC00004679,INS00004679,USR006943,HEALTH_RESERVE,review_preparedness_goal,Review the preparedness goal and current buffer.,medium,2026-05-24T14:00:20
REC00004680,INS00004680,USR006944,MINDGUARD,repeat_assessment,Repeat the assessment later to add another observation.,medium,2026-09-14T12:00:20
REC00004681,INS00004681,USR006946,HEALTH_RESERVE,review_preparedness_goal,Review the preparedness goal and current buffer.,low,2026-07-13T19:00:20
REC00004682,INS00004682,USR006949,MINDGUARD,repeat_assessment,Repeat the assessment later to add another observation.,low,2026-06-14T13:00:20
REC00004683,INS00004683,USR006950,HEALTH_RESERVE,review_healthcare_coverage,Review healthcare coverage information.,medium,2026-09-14T12:00:20
REC00004684,INS00004684,USR006951,MINDGUARD,maintain_monitoring,Continue routine monitoring.,low,2026-06-23T05:00:20
REC00004685,INS00004685,USR006951,HEALTH_RESERVE,review_preparedness_goal,Review the preparedness goal and current buffer.,low,2026-05-29T04:00:20
REC00004686,INS00004686,USR006952,HEALTH_RESERVE,review_preparedness_goal,Review the preparedness goal and current buffer.,medium,2026-06-05T13:00:20
REC00004687,INS00004687,USR006953,HEALTH_RESERVE,review_healthcare_coverage,Review healthcare coverage information.,medium,2026-09-06T20:00:20
REC00004688,INS00004688,USR006954,MINDGUARD,repeat_assessment,Repeat the assessment later to add another observation.,medium,2026-09-14T12:00:20
REC00004689,INS00004689,USR006956,MINDGUARD,repeat_assessment,Repeat the assessment later to add another observation.,low,2026-02-10T21:00:20
REC00004690,INS00004690,USR006957,HEALTH_RESERVE,review_preparedness_goal,Review the preparedness goal and current buffer.,low,2026-02-01T16:00:20
REC00004691,INS00004691,USR006958,MINDGUARD,repeat_assessment,Repeat the assessment later to add another observation.,medium,2026-01-17T00:00:20
REC00004692,INS00004692,USR006959,HEALTH_RESERVE,review_preparedness_goal,Review the preparedness goal and current buffer.,low,2026-07-22T11:00:20
REC00004693,INS00004693,USR006960,MINDGUARD,maintain_monitoring,Continue routine monitoring.,medium,2026-08-25T05:00:20
REC00004694,INS00004694,USR006960,HEALTH_RESERVE,review_preparedness_goal,Review the preparedness goal and current buffer.,low,2026-07-11T00:00:20
REC00004695,INS00004695,USR006961,HEALTH_RESERVE,review_preparedness_goal,Review the preparedness goal and current buffer.,low,2026-04-06T02:00:20
REC00004696,INS00004696,USR006962,MINDGUARD,maintain_monitoring,Continue routine monitoring.,medium,2026-06-09T16:00:20
REC00004697,INS00004697,USR006963,MINDGUARD,maintain_monitoring,Continue routine monitoring.,medium,2026-08-16T15:00:20
REC00004698,INS00004698,USR006964,MINDGUARD,repeat_assessment,Repeat the assessment later to add another observation.,medium,2026-05-07T07:00:20
REC00004699,INS00004699,USR006965,MINDGUARD,repeat_assessment,Repeat the assessment later to add another observation.,medium,2026-06-03T20:00:20
REC00004700,INS00004700,USR006966,MINDGUARD,maintain_monitoring,Continue routine monitoring.,low,2026-07-22T08:00:20
REC00004701,INS00004701,USR006967,MINDGUARD,maintain_monitoring,Continue routine monitoring.,medium,2026-02-12T10:00:20
REC00004702,INS00004702,USR006968,MINDGUARD,maintain_monitoring,Continue routine monitoring.,medium,2026-09-14T12:00:20
REC00004703,INS00004703,USR006972,MINDGUARD,repeat_assessment,Repeat the assessment later to add another observation.,medium,2026-03-12T09:00:20
REC00004704,INS00004704,USR006973,MINDGUARD,review_sleep,Review recent sleep context and repeat monitoring when convenient.,low,2026-04-28T03:00:20
REC00004705,INS00004705,USR006975,MINDGUARD,maintain_monitoring,Continue routine monitoring.,low,2026-07-02T08:00:20
REC00004706,INS00004706,USR006976,MINDGUARD,wellbeing_checkin,Complete a wellbeing check-in to add context.,low,2026-08-17T11:00:20
REC00004707,INS00004707,USR006977,MINDGUARD,maintain_monitoring,Continue routine monitoring.,medium,2026-05-01T08:00:20
REC00004708,INS00004708,USR006981,MINDGUARD,maintain_monitoring,Continue routine monitoring.,low,2026-07-23T19:00:20
REC00004709,INS00004709,USR006981,HEALTH_RESERVE,review_preparedness_goal,Review the preparedness goal and current buffer.,low,2026-06-29T20:00:20
REC00004710,INS00004710,USR006982,MINDGUARD,repeat_assessment,Repeat the assessment later to add another observation.,medium,2026-03-14T11:00:20
REC00004711,INS00004711,USR006983,MINDGUARD,repeat_assessment,Repeat the assessment later to add another observation.,medium,2026-06-02T20:00:20
REC00004712,INS00004712,USR006986,MINDGUARD,maintain_monitoring,Continue routine monitoring.,medium,2026-04-28T12:00:20
REC00004713,INS00004713,USR006987,HEALTH_RESERVE,review_preparedness_goal,Review the preparedness goal and current buffer.,low,2026-08-16T20:00:20
REC00004714,INS00004714,USR006988,MINDGUARD,repeat_assessment,Repeat the assessment later to add another observation.,low,2026-02-08T01:00:20
REC00004715,INS00004715,USR006991,MINDGUARD,repeat_assessment,Repeat the assessment later to add another observation.,low,2026-06-28T00:00:20
REC00004716,INS00004716,USR006992,MINDGUARD,maintain_monitoring,Continue routine monitoring.,low,2026-07-21T10:00:20
REC00004717,INS00004717,USR006992,HEALTH_RESERVE,review_preparedness_goal,Review the preparedness goal and current buffer.,medium,2026-04-24T01:00:20
REC00004718,INS00004718,USR006994,MINDGUARD,repeat_assessment,Repeat the assessment later to add another observation.,low,2026-07-01T14:00:20
REC00004719,INS00004719,USR006996,HEALTH_RESERVE,review_preparedness_goal,Review the preparedness goal and current buffer.,low,2026-05-09T09:00:20
REC00004720,INS00004720,USR006998,MINDGUARD,repeat_assessment,Repeat the assessment later to add another observation.,medium,2026-04-20T08:00:20
REC00004721,INS00004721,USR006999,HEALTH_RESERVE,review_preparedness_goal,Review the preparedness goal and current buffer.,medium,2026-03-05T19:00:20
REC00004722,INS00004722,USR007001,HEALTH_RESERVE,review_preparedness_goal,Review the preparedness goal and current buffer.,low,2026-05-29T12:00:20
REC00004723,INS00004723,USR007002,MINDGUARD,wellbeing_checkin,Complete a wellbeing check-in to add context.,medium,2026-05-12T11:00:20
REC00004724,INS00004724,USR007006,MINDGUARD,review_sleep,Review recent sleep context and repeat monitoring when convenient.,low,2026-04-26T04:00:20
REC00004725,INS00004725,USR007008,MINDGUARD,repeat_assessment,Repeat the assessment later to add another observation.,medium,2025-12-21T03:00:20
REC00004726,INS00004726,USR007009,HEALTH_RESERVE,review_healthcare_coverage,Review healthcare coverage information.,medium,2026-06-25T14:00:20
REC00004727,INS00004727,USR007011,MINDGUARD,repeat_assessment,Repeat the assessment later to add another observation.,medium,2026-07-12T20:00:20
REC00004728,INS00004728,USR007012,MINDGUARD,repeat_assessment,Repeat the assessment later to add another observation.,low,2026-06-16T00:00:20
REC00004729,INS00004729,USR007013,MINDGUARD,repeat_assessment,Repeat the assessment later to add another observation.,medium,2026-01-15T08:00:20
REC00004730,INS00004730,USR007015,MINDGUARD,repeat_assessment,Repeat the assessment later to add another observation.,low,2026-06-09T04:00:20
REC00004731,INS00004731,USR007016,MINDGUARD,wellbeing_checkin,Complete a wellbeing check-in to add context.,medium,2026-05-18T17:00:20
REC00004732,INS00004732,USR007018,MINDGUARD,repeat_assessment,Repeat the assessment later to add another observation.,low,2026-09-10T19:00:20
REC00004733,INS00004733,USR007019,MINDGUARD,repeat_assessment,Repeat the assessment later to add another observation.,low,2026-04-11T06:00:20
REC00004734,INS00004734,USR007020,MINDGUARD,repeat_assessment,Repeat the assessment later to add another observation.,medium,2026-03-18T06:00:20
REC00004735,INS00004735,USR007021,MINDGUARD,maintain_monitoring,Continue routine monitoring.,medium,2026-09-14T12:00:20
REC00004736,INS00004736,USR007023,HEALTH_RESERVE,review_preparedness_goal,Review the preparedness goal and current buffer.,low,2026-07-08T23:00:20
REC00004737,INS00004737,USR007025,MINDGUARD,repeat_assessment,Repeat the assessment later to add another observation.,low,2026-04-29T22:00:20
REC00004738,INS00004738,USR007027,HEALTH_RESERVE,review_preparedness_goal,Review the preparedness goal and current buffer.,medium,2026-06-14T07:00:20
REC00004739,INS00004739,USR007028,MINDGUARD,maintain_monitoring,Continue routine monitoring.,low,2026-09-06T08:00:20
REC00004740,INS00004740,USR007030,MINDGUARD,maintain_monitoring,Continue routine monitoring.,medium,2026-04-14T10:00:20
REC00004741,INS00004741,USR007031,HEALTH_RESERVE,review_preparedness_goal,Review the preparedness goal and current buffer.,low,2026-05-01T06:00:20
REC00004742,INS00004742,USR007032,MINDGUARD,maintain_monitoring,Continue routine monitoring.,low,2026-09-14T12:00:20
REC00004743,INS00004743,USR007032,HEALTH_RESERVE,review_healthcare_coverage,Review healthcare coverage information.,medium,2026-07-24T12:00:20
REC00004744,INS00004744,USR007033,HEALTH_RESERVE,review_preparedness_goal,Review the preparedness goal and current buffer.,low,2026-07-22T08:00:20
REC00004745,INS00004745,USR007035,MINDGUARD,maintain_monitoring,Continue routine monitoring.,medium,2026-09-11T11:00:20
REC00004746,INS00004746,USR007036,MINDGUARD,repeat_assessment,Repeat the assessment later to add another observation.,low,2026-04-23T18:00:20
REC00004747,INS00004747,USR007037,HEALTH_RESERVE,review_healthcare_coverage,Review healthcare coverage information.,low,2026-09-14T12:00:20
REC00004748,INS00004748,USR007038,MINDGUARD,repeat_assessment,Repeat the assessment later to add another observation.,low,2026-06-08T22:00:20
REC00004749,INS00004749,USR007040,MINDGUARD,repeat_assessment,Repeat the assessment later to add another observation.,low,2026-01-15T21:00:20
REC00004750,INS00004750,USR007043,MINDGUARD,repeat_assessment,Repeat the assessment later to add another observation.,low,2026-09-05T20:00:20
REC00004751,INS00004751,USR007044,MINDGUARD,maintain_monitoring,Continue routine monitoring.,medium,2026-02-16T23:00:20
REC00004752,INS00004752,USR007045,HEALTH_RESERVE,review_preparedness_goal,Review the preparedness goal and current buffer.,medium,2026-07-02T22:00:20
REC00004753,INS00004753,USR007051,MINDGUARD,repeat_assessment,Repeat the assessment later to add another observation.,low,2026-07-02T14:00:20
REC00004754,INS00004754,USR007052,MINDGUARD,wellbeing_checkin,Complete a wellbeing check-in to add context.,medium,2026-07-29T00:00:20
REC00004755,INS00004755,USR007053,MINDGUARD,maintain_monitoring,Continue routine monitoring.,medium,2026-06-03T07:00:20
REC00004756,INS00004756,USR007054,MINDGUARD,repeat_assessment,Repeat the assessment later to add another observation.,medium,2026-06-19T10:00:20
REC00004757,INS00004757,USR007054,HEALTH_RESERVE,review_preparedness_goal,Review the preparedness goal and current buffer.,low,2026-03-26T11:00:20
REC00004758,INS00004758,USR007055,MINDGUARD,repeat_assessment,Repeat the assessment later to add another observation.,low,2026-03-04T19:00:20
REC00004759,INS00004759,USR007056,MINDGUARD,maintain_monitoring,Continue routine monitoring.,medium,2026-07-12T02:00:20
REC00004760,INS00004760,USR007057,MINDGUARD,repeat_assessment,Repeat the assessment later to add another observation.,medium,2026-04-25T18:00:20
REC00004761,INS00004761,USR007058,MINDGUARD,maintain_monitoring,Continue routine monitoring.,medium,2026-05-20T17:00:20
REC00004762,INS00004762,USR007059,MINDGUARD,maintain_monitoring,Continue routine monitoring.,low,2026-09-14T12:00:20
REC00004763,INS00004763,USR007061,MINDGUARD,repeat_assessment,Repeat the assessment later to add another observation.,medium,2026-02-23T20:00:20
REC00004764,INS00004764,USR007063,MINDGUARD,maintain_monitoring,Continue routine monitoring.,low,2026-09-14T12:00:20
REC00004765,INS00004765,USR007064,HEALTH_RESERVE,review_preparedness_goal,Review the preparedness goal and current buffer.,medium,2026-07-15T06:00:20
REC00004766,INS00004766,USR007065,MINDGUARD,review_sleep,Review recent sleep context and repeat monitoring when convenient.,low,2026-05-09T01:00:20
REC00004767,INS00004767,USR007066,MINDGUARD,repeat_assessment,Repeat the assessment later to add another observation.,medium,2026-04-12T12:00:20
REC00004768,INS00004768,USR007069,MINDGUARD,repeat_assessment,Repeat the assessment later to add another observation.,low,2026-05-11T12:00:20
REC00004769,INS00004769,USR007070,HEALTH_RESERVE,review_preparedness_goal,Review the preparedness goal and current buffer.,low,2026-06-30T00:00:20
REC00004770,INS00004770,USR007071,HEALTH_RESERVE,review_healthcare_coverage,Review healthcare coverage information.,low,2026-07-11T07:00:20
REC00004771,INS00004771,USR007072,MINDGUARD,repeat_assessment,Repeat the assessment later to add another observation.,medium,2026-04-07T15:00:20
REC00004772,INS00004772,USR007073,MINDGUARD,wellbeing_checkin,Complete a wellbeing check-in to add context.,medium,2026-07-10T10:00:20
REC00004773,INS00004773,USR007074,MINDGUARD,repeat_assessment,Repeat the assessment later to add another observation.,medium,2026-07-11T09:00:20
REC00004774,INS00004774,USR007075,MINDGUARD,repeat_assessment,Repeat the assessment later to add another observation.,low,2026-03-05T06:00:20
REC00004775,INS00004775,USR007076,MINDGUARD,repeat_assessment,Repeat the assessment later to add another observation.,low,2026-06-19T08:00:20
REC00004776,INS00004776,USR007077,HEALTH_RESERVE,review_healthcare_coverage,Review healthcare coverage information.,medium,2026-07-29T20:00:20
REC00004777,INS00004777,USR007078,MINDGUARD,repeat_assessment,Repeat the assessment later to add another observation.,low,2026-08-20T16:00:20
REC00004778,INS00004778,USR007081,MINDGUARD,repeat_assessment,Repeat the assessment later to add another observation.,medium,2026-04-03T18:00:20
REC00004779,INS00004779,USR007082,MINDGUARD,repeat_assessment,Repeat the assessment later to add another observation.,low,2026-07-06T18:00:20
REC00004780,INS00004780,USR007083,MINDGUARD,repeat_assessment,Repeat the assessment later to add another observation.,low,2026-06-26T08:00:20
REC00004781,INS00004781,USR007084,MINDGUARD,repeat_assessment,Repeat the assessment later to add another observation.,low,2026-09-07T19:00:20
REC00004782,INS00004782,USR007086,MINDGUARD,repeat_assessment,Repeat the assessment later to add another observation.,low,2026-05-26T22:00:20
REC00004783,INS00004783,USR007088,MINDGUARD,review_sleep,Review recent sleep context and repeat monitoring when convenient.,medium,2026-05-07T10:00:20
REC00004784,INS00004784,USR007092,MINDGUARD,repeat_assessment,Repeat the assessment later to add another observation.,medium,2026-08-18T10:00:20
REC00004785,INS00004785,USR007093,HEALTH_RESERVE,review_preparedness_goal,Review the preparedness goal and current buffer.,medium,2026-05-26T19:00:20
REC00004786,INS00004786,USR007094,MINDGUARD,repeat_assessment,Repeat the assessment later to add another observation.,low,2026-07-17T03:00:20
REC00004787,INS00004787,USR007095,HEALTH_RESERVE,review_healthcare_coverage,Review healthcare coverage information.,medium,2026-04-01T20:00:20
REC00004788,INS00004788,USR007096,MINDGUARD,repeat_assessment,Repeat the assessment later to add another observation.,low,2026-05-17T09:00:20
REC00004789,INS00004789,USR007099,MINDGUARD,maintain_monitoring,Continue routine monitoring.,low,2026-08-04T13:00:20
REC00004790,INS00004790,USR007101,HEALTH_RESERVE,review_preparedness_goal,Review the preparedness goal and current buffer.,medium,2026-05-06T04:00:20
REC00004791,INS00004791,USR007102,MINDGUARD,maintain_monitoring,Continue routine monitoring.,medium,2026-07-16T19:00:20
REC00004792,INS00004792,USR007103,MINDGUARD,maintain_monitoring,Continue routine monitoring.,low,2026-07-13T09:00:20
REC00004793,INS00004793,USR007104,HEALTH_RESERVE,review_healthcare_coverage,Review healthcare coverage information.,medium,2026-04-16T05:00:20
REC00004794,INS00004794,USR007106,MINDGUARD,maintain_monitoring,Continue routine monitoring.,low,2026-09-14T12:00:20
REC00004795,INS00004795,USR007107,MINDGUARD,maintain_monitoring,Continue routine monitoring.,medium,2026-08-02T19:00:20
REC00004796,INS00004796,USR007107,HEALTH_RESERVE,review_preparedness_goal,Review the preparedness goal and current buffer.,low,2026-06-10T18:00:20
REC00004797,INS00004797,USR007108,MINDGUARD,repeat_assessment,Repeat the assessment later to add another observation.,low,2026-03-18T22:00:20
REC00004798,INS00004798,USR007109,MINDGUARD,repeat_assessment,Repeat the assessment later to add another observation.,low,2026-03-19T10:00:20
REC00004799,INS00004799,USR007113,MINDGUARD,repeat_assessment,Repeat the assessment later to add another observation.,low,2026-03-14T14:00:20
REC00004800,INS00004800,USR007115,MINDGUARD,wellbeing_checkin,Complete a wellbeing check-in to add context.,low,2026-08-18T17:00:20
REC00004801,INS00004801,USR007117,HEALTH_RESERVE,review_preparedness_goal,Review the preparedness goal and current buffer.,low,2026-06-16T07:00:20
REC00004802,INS00004802,USR007118,MINDGUARD,wellbeing_checkin,Complete a wellbeing check-in to add context.,low,2026-09-14T12:00:20
REC00004803,INS00004803,USR007118,HEALTH_RESERVE,review_healthcare_coverage,Review healthcare coverage information.,low,2026-06-23T20:00:20
REC00004804,INS00004804,USR007119,MINDGUARD,repeat_assessment,Repeat the assessment later to add another observation.,medium,2026-07-12T05:00:20
REC00004805,INS00004805,USR007120,HEALTH_RESERVE,review_preparedness_goal,Review the preparedness goal and current buffer.,medium,2026-04-24T08:00:20
REC00004806,INS00004806,USR007123,MINDGUARD,repeat_assessment,Repeat the assessment later to add another observation.,medium,2026-09-14T12:00:20
REC00004807,INS00004807,USR007126,MINDGUARD,maintain_monitoring,Continue routine monitoring.,low,2026-09-14T12:00:20
REC00004808,INS00004808,USR007127,HEALTH_RESERVE,review_preparedness_goal,Review the preparedness goal and current buffer.,low,2026-07-01T22:00:20
REC00004809,INS00004809,USR007128,MINDGUARD,repeat_assessment,Repeat the assessment later to add another observation.,low,2026-03-01T20:00:20
REC00004810,INS00004810,USR007128,HEALTH_RESERVE,review_healthcare_coverage,Review healthcare coverage information.,medium,2026-06-16T02:00:20
REC00004811,INS00004811,USR007129,HEALTH_RESERVE,review_healthcare_coverage,Review healthcare coverage information.,low,2026-08-09T01:00:20
REC00004812,INS00004812,USR007132,MINDGUARD,maintain_monitoring,Continue routine monitoring.,medium,2026-05-27T07:00:20
REC00004813,INS00004813,USR007134,MINDGUARD,review_sleep,Review recent sleep context and repeat monitoring when convenient.,medium,2026-05-28T13:00:20
REC00004814,INS00004814,USR007135,MINDGUARD,repeat_assessment,Repeat the assessment later to add another observation.,low,2026-09-11T20:00:20
REC00004815,INS00004815,USR007135,HEALTH_RESERVE,review_preparedness_goal,Review the preparedness goal and current buffer.,medium,2026-09-14T12:00:20
REC00004816,INS00004816,USR007136,HEALTH_RESERVE,review_preparedness_goal,Review the preparedness goal and current buffer.,low,2026-09-06T11:00:20
REC00004817,INS00004817,USR007137,MINDGUARD,repeat_assessment,Repeat the assessment later to add another observation.,medium,2026-07-02T06:00:20
REC00004818,INS00004818,USR007138,MINDGUARD,repeat_assessment,Repeat the assessment later to add another observation.,low,2026-07-10T15:00:20
REC00004819,INS00004819,USR007139,MINDGUARD,maintain_monitoring,Continue routine monitoring.,low,2026-05-10T00:00:20
REC00004820,INS00004820,USR007140,MINDGUARD,review_sleep,Review recent sleep context and repeat monitoring when convenient.,medium,2026-04-01T01:00:20
REC00004821,INS00004821,USR007142,HEALTH_RESERVE,review_preparedness_goal,Review the preparedness goal and current buffer.,low,2026-05-11T12:00:20
REC00004822,INS00004822,USR007143,HEALTH_RESERVE,review_healthcare_coverage,Review healthcare coverage information.,medium,2026-03-01T20:00:20
REC00004823,INS00004823,USR007144,MINDGUARD,maintain_monitoring,Continue routine monitoring.,low,2026-06-15T05:00:20
REC00004824,INS00004824,USR007147,MINDGUARD,repeat_assessment,Repeat the assessment later to add another observation.,medium,2026-06-01T22:00:20
REC00004825,INS00004825,USR007147,HEALTH_RESERVE,review_healthcare_coverage,Review healthcare coverage information.,medium,2026-04-25T03:00:20
REC00004826,INS00004826,USR007149,MINDGUARD,repeat_assessment,Repeat the assessment later to add another observation.,low,2026-04-04T01:00:20
REC00004827,INS00004827,USR007150,MINDGUARD,repeat_assessment,Repeat the assessment later to add another observation.,medium,2026-05-24T14:00:20
REC00004828,INS00004828,USR007151,MINDGUARD,repeat_assessment,Repeat the assessment later to add another observation.,medium,2026-08-16T01:00:20
REC00004829,INS00004829,USR007151,HEALTH_RESERVE,review_preparedness_goal,Review the preparedness goal and current buffer.,low,2026-09-14T12:00:20
REC00004830,INS00004830,USR007152,MINDGUARD,maintain_monitoring,Continue routine monitoring.,low,2026-09-14T12:00:20
REC00004831,INS00004831,USR007152,HEALTH_RESERVE,review_preparedness_goal,Review the preparedness goal and current buffer.,low,2026-09-14T12:00:20
REC00004832,INS00004832,USR007154,HEALTH_RESERVE,review_preparedness_goal,Review the preparedness goal and current buffer.,low,2026-09-14T12:00:20
REC00004833,INS00004833,USR007158,MINDGUARD,repeat_assessment,Repeat the assessment later to add another observation.,low,2026-06-07T23:00:20
REC00004834,INS00004834,USR007159,HEALTH_RESERVE,review_preparedness_goal,Review the preparedness goal and current buffer.,medium,2026-08-03T21:00:20
REC00004835,INS00004835,USR007160,MINDGUARD,wellbeing_checkin,Complete a wellbeing check-in to add context.,medium,2026-09-14T12:00:20
REC00004836,INS00004836,USR007162,HEALTH_RESERVE,review_preparedness_goal,Review the preparedness goal and current buffer.,medium,2026-04-07T20:00:20
REC00004837,INS00004837,USR007165,HEALTH_RESERVE,review_preparedness_goal,Review the preparedness goal and current buffer.,medium,2026-04-01T23:00:20
REC00004838,INS00004838,USR007170,HEALTH_RESERVE,review_preparedness_goal,Review the preparedness goal and current buffer.,medium,2026-07-31T10:00:20
REC00004839,INS00004839,USR007171,HEALTH_RESERVE,review_preparedness_goal,Review the preparedness goal and current buffer.,low,2026-03-06T09:00:20
REC00004840,INS00004840,USR007172,MINDGUARD,maintain_monitoring,Continue routine monitoring.,medium,2026-08-15T14:00:20
REC00004841,INS00004841,USR007173,MINDGUARD,maintain_monitoring,Continue routine monitoring.,medium,2026-06-08T23:00:20
REC00004842,INS00004842,USR007175,MINDGUARD,repeat_assessment,Repeat the assessment later to add another observation.,low,2026-04-04T18:00:20
REC00004843,INS00004843,USR007176,MINDGUARD,maintain_monitoring,Continue routine monitoring.,low,2026-03-31T00:00:20
REC00004844,INS00004844,USR007177,MINDGUARD,review_sleep,Review recent sleep context and repeat monitoring when convenient.,medium,2026-05-08T10:00:20
REC00004845,INS00004845,USR007177,HEALTH_RESERVE,review_preparedness_goal,Review the preparedness goal and current buffer.,medium,2026-04-25T02:00:20
REC00004846,INS00004846,USR007178,MINDGUARD,repeat_assessment,Repeat the assessment later to add another observation.,medium,2026-05-31T07:00:20
REC00004847,INS00004847,USR007180,MINDGUARD,wellbeing_checkin,Complete a wellbeing check-in to add context.,medium,2026-04-20T04:00:20
REC00004848,INS00004848,USR007181,MINDGUARD,repeat_assessment,Repeat the assessment later to add another observation.,medium,2026-04-17T18:00:20
REC00004849,INS00004849,USR007182,HEALTH_RESERVE,review_healthcare_coverage,Review healthcare coverage information.,medium,2026-05-07T19:00:20
REC00004850,INS00004850,USR007184,MINDGUARD,maintain_monitoring,Continue routine monitoring.,medium,2026-06-25T02:00:20
REC00004851,INS00004851,USR007187,MINDGUARD,repeat_assessment,Repeat the assessment later to add another observation.,medium,2026-07-01T05:00:20
REC00004852,INS00004852,USR007187,HEALTH_RESERVE,review_preparedness_goal,Review the preparedness goal and current buffer.,medium,2026-05-08T07:00:20
REC00004853,INS00004853,USR007190,HEALTH_RESERVE,review_preparedness_goal,Review the preparedness goal and current buffer.,low,2026-06-06T04:00:20
REC00004854,INS00004854,USR007194,MINDGUARD,repeat_assessment,Repeat the assessment later to add another observation.,low,2026-07-18T22:00:20
REC00004855,INS00004855,USR007201,HEALTH_RESERVE,review_preparedness_goal,Review the preparedness goal and current buffer.,low,2026-05-08T23:00:20
REC00004856,INS00004856,USR007203,HEALTH_RESERVE,review_preparedness_goal,Review the preparedness goal and current buffer.,medium,2026-03-15T16:00:20
REC00004857,INS00004857,USR007204,MINDGUARD,maintain_monitoring,Continue routine monitoring.,low,2026-09-14T12:00:20
REC00004858,INS00004858,USR007204,HEALTH_RESERVE,review_healthcare_coverage,Review healthcare coverage information.,medium,2026-06-24T19:00:20
REC00004859,INS00004859,USR007205,MINDGUARD,maintain_monitoring,Continue routine monitoring.,low,2026-09-14T12:00:20
REC00004860,INS00004860,USR007205,HEALTH_RESERVE,review_preparedness_goal,Review the preparedness goal and current buffer.,low,2026-04-27T17:00:20
REC00004861,INS00004861,USR007206,MINDGUARD,repeat_assessment,Repeat the assessment later to add another observation.,medium,2026-04-20T22:00:20
REC00004862,INS00004862,USR007207,HEALTH_RESERVE,review_preparedness_goal,Review the preparedness goal and current buffer.,medium,2026-01-03T19:00:20
REC00004863,INS00004863,USR007208,MINDGUARD,repeat_assessment,Repeat the assessment later to add another observation.,medium,2026-03-31T23:00:20
REC00004864,INS00004864,USR007209,HEALTH_RESERVE,review_preparedness_goal,Review the preparedness goal and current buffer.,low,2026-01-23T22:00:20
REC00004865,INS00004865,USR007210,MINDGUARD,repeat_assessment,Repeat the assessment later to add another observation.,medium,2026-03-08T11:00:20
REC00004866,INS00004866,USR007211,HEALTH_RESERVE,review_preparedness_goal,Review the preparedness goal and current buffer.,low,2026-09-14T12:00:20
REC00004867,INS00004867,USR007212,MINDGUARD,maintain_monitoring,Continue routine monitoring.,medium,2026-09-04T22:00:20
REC00004868,INS00004868,USR007213,MINDGUARD,review_sleep,Review recent sleep context and repeat monitoring when convenient.,low,2026-09-14T12:00:20
REC00004869,INS00004869,USR007214,HEALTH_RESERVE,review_preparedness_goal,Review the preparedness goal and current buffer.,medium,2026-05-22T05:00:20
REC00004870,INS00004870,USR007215,MINDGUARD,maintain_monitoring,Continue routine monitoring.,medium,2026-03-09T08:00:20
REC00004871,INS00004871,USR007218,MINDGUARD,repeat_assessment,Repeat the assessment later to add another observation.,low,2026-07-24T18:00:20
REC00004872,INS00004872,USR007218,HEALTH_RESERVE,review_healthcare_coverage,Review healthcare coverage information.,medium,2026-05-30T16:00:20
REC00004873,INS00004873,USR007220,HEALTH_RESERVE,review_preparedness_goal,Review the preparedness goal and current buffer.,medium,2026-09-14T12:00:20
REC00004874,INS00004874,USR007221,MINDGUARD,maintain_monitoring,Continue routine monitoring.,low,2026-07-22T12:00:20
REC00004875,INS00004875,USR007222,HEALTH_RESERVE,review_healthcare_coverage,Review healthcare coverage information.,medium,2026-09-14T12:00:20
REC00004876,INS00004876,USR007224,MINDGUARD,wellbeing_checkin,Complete a wellbeing check-in to add context.,low,2026-06-27T03:00:20
REC00004877,INS00004877,USR007225,MINDGUARD,maintain_monitoring,Continue routine monitoring.,low,2026-03-18T13:00:20
REC00004878,INS00004878,USR007226,MINDGUARD,repeat_assessment,Repeat the assessment later to add another observation.,medium,2026-03-08T10:00:20
REC00004879,INS00004879,USR007226,HEALTH_RESERVE,review_preparedness_goal,Review the preparedness goal and current buffer.,low,2026-03-28T23:00:20
REC00004880,INS00004880,USR007227,MINDGUARD,wellbeing_checkin,Complete a wellbeing check-in to add context.,low,2026-07-27T07:00:20
REC00004881,INS00004881,USR007229,HEALTH_RESERVE,review_preparedness_goal,Review the preparedness goal and current buffer.,low,2026-02-08T22:00:20
REC00004882,INS00004882,USR007231,MINDGUARD,maintain_monitoring,Continue routine monitoring.,medium,2026-06-12T05:00:20
REC00004883,INS00004883,USR007232,HEALTH_RESERVE,review_preparedness_goal,Review the preparedness goal and current buffer.,medium,2026-09-14T12:00:20
REC00004884,INS00004884,USR007233,HEALTH_RESERVE,review_preparedness_goal,Review the preparedness goal and current buffer.,low,2026-06-20T01:00:20
REC00004885,INS00004885,USR007236,MINDGUARD,maintain_monitoring,Continue routine monitoring.,medium,2026-07-03T04:00:20
REC00004886,INS00004886,USR007237,MINDGUARD,maintain_monitoring,Continue routine monitoring.,medium,2026-04-29T15:00:20
REC00004887,INS00004887,USR007239,MINDGUARD,repeat_assessment,Repeat the assessment later to add another observation.,medium,2026-04-23T06:00:20
REC00004888,INS00004888,USR007239,HEALTH_RESERVE,review_preparedness_goal,Review the preparedness goal and current buffer.,low,2026-04-29T14:00:20
REC00004889,INS00004889,USR007240,HEALTH_RESERVE,review_preparedness_goal,Review the preparedness goal and current buffer.,medium,2026-07-02T08:00:20
REC00004890,INS00004890,USR007244,HEALTH_RESERVE,review_preparedness_goal,Review the preparedness goal and current buffer.,medium,2026-05-28T12:00:20
REC00004891,INS00004891,USR007247,MINDGUARD,maintain_monitoring,Continue routine monitoring.,medium,2026-09-14T12:00:20
REC00004892,INS00004892,USR007252,MINDGUARD,repeat_assessment,Repeat the assessment later to add another observation.,low,2026-09-14T12:00:20
REC00004893,INS00004893,USR007257,MINDGUARD,repeat_assessment,Repeat the assessment later to add another observation.,medium,2026-02-21T21:00:20
REC00004894,INS00004894,USR007258,MINDGUARD,wellbeing_checkin,Complete a wellbeing check-in to add context.,low,2026-09-14T12:00:20
REC00004895,INS00004895,USR007259,HEALTH_RESERVE,review_preparedness_goal,Review the preparedness goal and current buffer.,low,2026-04-03T22:00:20
REC00004896,INS00004896,USR007262,HEALTH_RESERVE,review_preparedness_goal,Review the preparedness goal and current buffer.,low,2026-04-11T11:00:20
REC00004897,INS00004897,USR007263,MINDGUARD,repeat_assessment,Repeat the assessment later to add another observation.,low,2026-04-09T02:00:20
REC00004898,INS00004898,USR007264,MINDGUARD,maintain_monitoring,Continue routine monitoring.,medium,2026-09-14T12:00:20
REC00004899,INS00004899,USR007264,HEALTH_RESERVE,review_preparedness_goal,Review the preparedness goal and current buffer.,low,2026-06-19T23:00:20
REC00004900,INS00004900,USR007269,MINDGUARD,maintain_monitoring,Continue routine monitoring.,medium,2026-06-14T01:00:20
REC00004901,INS00004901,USR007269,HEALTH_RESERVE,review_healthcare_coverage,Review healthcare coverage information.,medium,2026-08-19T03:00:20
REC00004902,INS00004902,USR007273,MINDGUARD,maintain_monitoring,Continue routine monitoring.,low,2026-09-14T12:00:20
REC00004903,INS00004903,USR007277,MINDGUARD,repeat_assessment,Repeat the assessment later to add another observation.,medium,2026-03-16T18:00:20
REC00004904,INS00004904,USR007277,HEALTH_RESERVE,review_preparedness_goal,Review the preparedness goal and current buffer.,medium,2026-07-02T09:00:20
REC00004905,INS00004905,USR007278,HEALTH_RESERVE,review_preparedness_goal,Review the preparedness goal and current buffer.,low,2026-03-31T00:00:20
REC00004906,INS00004906,USR007279,MINDGUARD,repeat_assessment,Repeat the assessment later to add another observation.,medium,2026-07-20T16:00:20
REC00004907,INS00004907,USR007280,MINDGUARD,repeat_assessment,Repeat the assessment later to add another observation.,medium,2026-09-14T12:00:20
REC00004908,INS00004908,USR007281,HEALTH_RESERVE,review_preparedness_goal,Review the preparedness goal and current buffer.,low,2026-09-14T12:00:20
REC00004909,INS00004909,USR007285,MINDGUARD,repeat_assessment,Repeat the assessment later to add another observation.,low,2026-04-29T10:00:20
REC00004910,INS00004910,USR007287,MINDGUARD,repeat_assessment,Repeat the assessment later to add another observation.,medium,2026-07-29T04:00:20
REC00004911,INS00004911,USR007287,HEALTH_RESERVE,review_healthcare_coverage,Review healthcare coverage information.,medium,2026-07-14T05:00:20
REC00004912,INS00004912,USR007289,MINDGUARD,repeat_assessment,Repeat the assessment later to add another observation.,medium,2026-07-12T14:00:20
REC00004913,INS00004913,USR007290,MINDGUARD,repeat_assessment,Repeat the assessment later to add another observation.,medium,2026-09-08T12:00:20
REC00004914,INS00004914,USR007290,HEALTH_RESERVE,review_healthcare_coverage,Review healthcare coverage information.,medium,2026-09-14T02:00:20
REC00004915,INS00004915,USR007292,MINDGUARD,maintain_monitoring,Continue routine monitoring.,medium,2026-07-11T06:00:20
REC00004916,INS00004916,USR007294,HEALTH_RESERVE,review_preparedness_goal,Review the preparedness goal and current buffer.,medium,2026-08-04T18:00:20
REC00004917,INS00004917,USR007295,MINDGUARD,maintain_monitoring,Continue routine monitoring.,medium,2026-09-14T12:00:20
REC00004918,INS00004918,USR007295,HEALTH_RESERVE,review_preparedness_goal,Review the preparedness goal and current buffer.,medium,2026-09-14T12:00:20
REC00004919,INS00004919,USR007298,MINDGUARD,repeat_assessment,Repeat the assessment later to add another observation.,medium,2026-04-23T12:00:20
REC00004920,INS00004920,USR007299,HEALTH_RESERVE,review_preparedness_goal,Review the preparedness goal and current buffer.,medium,2026-07-28T07:00:20
REC00004921,INS00004921,USR007300,MINDGUARD,wellbeing_checkin,Complete a wellbeing check-in to add context.,medium,2026-09-11T11:00:20
REC00004922,INS00004922,USR007304,MINDGUARD,repeat_assessment,Repeat the assessment later to add another observation.,low,2026-01-14T23:00:20
REC00004923,INS00004923,USR007304,HEALTH_RESERVE,review_preparedness_goal,Review the preparedness goal and current buffer.,low,2026-06-07T20:00:20
REC00004924,INS00004924,USR007307,MINDGUARD,maintain_monitoring,Continue routine monitoring.,medium,2026-09-14T12:00:20
REC00004925,INS00004925,USR007309,MINDGUARD,maintain_monitoring,Continue routine monitoring.,low,2026-06-19T07:00:20
REC00004926,INS00004926,USR007314,MINDGUARD,maintain_monitoring,Continue routine monitoring.,low,2026-09-07T10:00:20
REC00004927,INS00004927,USR007316,HEALTH_RESERVE,review_preparedness_goal,Review the preparedness goal and current buffer.,medium,2026-06-06T04:00:20
REC00004928,INS00004928,USR007318,MINDGUARD,wellbeing_checkin,Complete a wellbeing check-in to add context.,medium,2026-06-13T03:00:20
REC00004929,INS00004929,USR007319,MINDGUARD,repeat_assessment,Repeat the assessment later to add another observation.,low,2026-08-17T08:00:20
REC00004930,INS00004930,USR007320,MINDGUARD,maintain_monitoring,Continue routine monitoring.,medium,2026-09-14T12:00:20
REC00004931,INS00004931,USR007326,HEALTH_RESERVE,review_preparedness_goal,Review the preparedness goal and current buffer.,low,2026-03-12T23:00:20
REC00004932,INS00004932,USR007332,MINDGUARD,repeat_assessment,Repeat the assessment later to add another observation.,low,2026-06-03T14:00:20
REC00004933,INS00004933,USR007333,HEALTH_RESERVE,review_healthcare_coverage,Review healthcare coverage information.,medium,2026-05-03T22:00:20
REC00004934,INS00004934,USR007337,MINDGUARD,repeat_assessment,Repeat the assessment later to add another observation.,low,2026-03-03T19:00:20
REC00004935,INS00004935,USR007339,MINDGUARD,repeat_assessment,Repeat the assessment later to add another observation.,medium,2026-06-02T00:00:20
REC00004936,INS00004936,USR007340,MINDGUARD,repeat_assessment,Repeat the assessment later to add another observation.,medium,2026-09-14T12:00:20
REC00004937,INS00004937,USR007341,MINDGUARD,review_sleep,Review recent sleep context and repeat monitoring when convenient.,medium,2026-03-20T18:00:20
REC00004938,INS00004938,USR007343,MINDGUARD,repeat_assessment,Repeat the assessment later to add another observation.,low,2026-02-23T17:00:20
REC00004939,INS00004939,USR007346,MINDGUARD,repeat_assessment,Repeat the assessment later to add another observation.,medium,2026-01-29T08:00:20
REC00004940,INS00004940,USR007347,MINDGUARD,maintain_monitoring,Continue routine monitoring.,medium,2026-04-26T22:00:20
REC00004941,INS00004941,USR007348,HEALTH_RESERVE,review_healthcare_coverage,Review healthcare coverage information.,low,2026-02-06T00:00:20
REC00004942,INS00004942,USR007350,MINDGUARD,repeat_assessment,Repeat the assessment later to add another observation.,low,2026-01-31T11:00:20
REC00004943,INS00004943,USR007351,MINDGUARD,maintain_monitoring,Continue routine monitoring.,medium,2026-07-06T23:00:20
REC00004944,INS00004944,USR007352,MINDGUARD,maintain_monitoring,Continue routine monitoring.,low,2026-09-12T04:00:20
REC00004945,INS00004945,USR007353,MINDGUARD,maintain_monitoring,Continue routine monitoring.,medium,2026-08-03T18:00:20
REC00004946,INS00004946,USR007357,HEALTH_RESERVE,review_preparedness_goal,Review the preparedness goal and current buffer.,medium,2026-08-25T04:00:20
REC00004947,INS00004947,USR007358,MINDGUARD,wellbeing_checkin,Complete a wellbeing check-in to add context.,medium,2026-07-05T09:00:20
REC00004948,INS00004948,USR007362,HEALTH_RESERVE,review_preparedness_goal,Review the preparedness goal and current buffer.,medium,2026-01-18T06:00:20
REC00004949,INS00004949,USR007363,MINDGUARD,maintain_monitoring,Continue routine monitoring.,medium,2026-09-14T12:00:20
REC00004950,INS00004950,USR007363,HEALTH_RESERVE,review_healthcare_coverage,Review healthcare coverage information.,medium,2026-09-14T12:00:20
REC00004951,INS00004951,USR007365,MINDGUARD,repeat_assessment,Repeat the assessment later to add another observation.,medium,2026-06-23T11:00:20
REC00004952,INS00004952,USR007366,MINDGUARD,maintain_monitoring,Continue routine monitoring.,low,2026-06-27T23:00:20
REC00004953,INS00004953,USR007367,HEALTH_RESERVE,review_preparedness_goal,Review the preparedness goal and current buffer.,medium,2026-06-12T15:00:20
REC00004954,INS00004954,USR007368,MINDGUARD,maintain_monitoring,Continue routine monitoring.,low,2026-08-20T04:00:20
REC00004955,INS00004955,USR007370,MINDGUARD,repeat_assessment,Repeat the assessment later to add another observation.,low,2026-05-13T04:00:20
REC00004956,INS00004956,USR007371,MINDGUARD,repeat_assessment,Repeat the assessment later to add another observation.,low,2026-02-11T16:00:20
REC00004957,INS00004957,USR007371,HEALTH_RESERVE,review_preparedness_goal,Review the preparedness goal and current buffer.,low,2026-05-10T19:00:20
REC00004958,INS00004958,USR007373,HEALTH_RESERVE,review_preparedness_goal,Review the preparedness goal and current buffer.,low,2026-08-11T05:00:20
REC00004959,INS00004959,USR007375,HEALTH_RESERVE,review_preparedness_goal,Review the preparedness goal and current buffer.,medium,2026-07-17T18:00:20
REC00004960,INS00004960,USR007376,MINDGUARD,maintain_monitoring,Continue routine monitoring.,medium,2026-09-14T12:00:20
REC00004961,INS00004961,USR007377,MINDGUARD,maintain_monitoring,Continue routine monitoring.,medium,2026-07-04T04:00:20
REC00004962,INS00004962,USR007378,HEALTH_RESERVE,review_healthcare_coverage,Review healthcare coverage information.,low,2026-07-11T21:00:20
REC00004963,INS00004963,USR007379,MINDGUARD,repeat_assessment,Repeat the assessment later to add another observation.,low,2026-06-22T05:00:20
REC00004964,INS00004964,USR007381,MINDGUARD,review_sleep,Review recent sleep context and repeat monitoring when convenient.,medium,2026-09-14T12:00:20
REC00004965,INS00004965,USR007382,MINDGUARD,maintain_monitoring,Continue routine monitoring.,medium,2026-04-28T11:00:20
REC00004966,INS00004966,USR007383,HEALTH_RESERVE,review_preparedness_goal,Review the preparedness goal and current buffer.,medium,2026-04-18T08:00:20
REC00004967,INS00004967,USR007384,MINDGUARD,repeat_assessment,Repeat the assessment later to add another observation.,low,2026-04-29T08:00:20
REC00004968,INS00004968,USR007386,MINDGUARD,repeat_assessment,Repeat the assessment later to add another observation.,medium,2026-02-22T03:00:20
REC00004969,INS00004969,USR007388,MINDGUARD,maintain_monitoring,Continue routine monitoring.,low,2026-04-20T17:00:20
REC00004970,INS00004970,USR007391,MINDGUARD,review_sleep,Review recent sleep context and repeat monitoring when convenient.,low,2026-09-14T12:00:20
REC00004971,INS00004971,USR007392,HEALTH_RESERVE,review_preparedness_goal,Review the preparedness goal and current buffer.,medium,2026-09-14T12:00:20
REC00004972,INS00004972,USR007393,HEALTH_RESERVE,review_preparedness_goal,Review the preparedness goal and current buffer.,low,2026-09-07T19:00:20
REC00004973,INS00004973,USR007394,HEALTH_RESERVE,review_preparedness_goal,Review the preparedness goal and current buffer.,medium,2026-05-12T15:00:20
REC00004974,INS00004974,USR007395,MINDGUARD,maintain_monitoring,Continue routine monitoring.,low,2026-07-30T00:00:20
REC00004975,INS00004975,USR007396,MINDGUARD,maintain_monitoring,Continue routine monitoring.,medium,2026-09-14T12:00:20
REC00004976,INS00004976,USR007398,MINDGUARD,maintain_monitoring,Continue routine monitoring.,low,2026-05-26T14:00:20
REC00004977,INS00004977,USR007399,HEALTH_RESERVE,review_preparedness_goal,Review the preparedness goal and current buffer.,medium,2026-03-03T20:00:20
REC00004978,INS00004978,USR007401,MINDGUARD,maintain_monitoring,Continue routine monitoring.,medium,2026-09-14T12:00:20
REC00004979,INS00004979,USR007403,MINDGUARD,repeat_assessment,Repeat the assessment later to add another observation.,low,2026-06-26T17:00:20
REC00004980,INS00004980,USR007405,MINDGUARD,review_sleep,Review recent sleep context and repeat monitoring when convenient.,low,2026-08-31T18:00:20
REC00004981,INS00004981,USR007406,MINDGUARD,maintain_monitoring,Continue routine monitoring.,medium,2026-05-04T05:00:20
REC00004982,INS00004982,USR007407,HEALTH_RESERVE,review_preparedness_goal,Review the preparedness goal and current buffer.,low,2026-06-28T18:00:20
REC00004983,INS00004983,USR007411,MINDGUARD,repeat_assessment,Repeat the assessment later to add another observation.,low,2026-05-27T08:00:20
REC00004984,INS00004984,USR007413,HEALTH_RESERVE,review_preparedness_goal,Review the preparedness goal and current buffer.,medium,2026-04-26T07:00:20
REC00004985,INS00004985,USR007414,MINDGUARD,repeat_assessment,Repeat the assessment later to add another observation.,low,2026-06-07T06:00:20
REC00004986,INS00004986,USR007415,MINDGUARD,repeat_assessment,Repeat the assessment later to add another observation.,medium,2026-05-08T03:00:20
REC00004987,INS00004987,USR007416,MINDGUARD,maintain_monitoring,Continue routine monitoring.,medium,2026-08-26T09:00:20
REC00004988,INS00004988,USR007417,HEALTH_RESERVE,review_preparedness_goal,Review the preparedness goal and current buffer.,medium,2026-05-12T05:00:20
REC00004989,INS00004989,USR007418,HEALTH_RESERVE,review_preparedness_goal,Review the preparedness goal and current buffer.,medium,2026-04-25T04:00:20
REC00004990,INS00004990,USR007420,MINDGUARD,repeat_assessment,Repeat the assessment later to add another observation.,low,2026-06-20T07:00:20
REC00004991,INS00004991,USR007420,HEALTH_RESERVE,review_preparedness_goal,Review the preparedness goal and current buffer.,low,2026-06-26T07:00:20
REC00004992,INS00004992,USR007421,MINDGUARD,maintain_monitoring,Continue routine monitoring.,medium,2026-07-04T15:00:20
REC00004993,INS00004993,USR007422,MINDGUARD,repeat_assessment,Repeat the assessment later to add another observation.,low,2026-03-05T16:00:20
REC00004994,INS00004994,USR007423,MINDGUARD,repeat_assessment,Repeat the assessment later to add another observation.,medium,2026-02-26T15:00:20
REC00004995,INS00004995,USR007424,MINDGUARD,maintain_monitoring,Continue routine monitoring.,medium,2026-03-08T09:00:20
REC00004996,INS00004996,USR007425,HEALTH_RESERVE,review_healthcare_coverage,Review healthcare coverage information.,low,2026-04-23T14:00:20
REC00004997,INS00004997,USR007426,MINDGUARD,maintain_monitoring,Continue routine monitoring.,low,2026-09-14T12:00:20
REC00004998,INS00004998,USR007428,MINDGUARD,maintain_monitoring,Continue routine monitoring.,medium,2026-09-08T02:00:20
REC00004999,INS00004999,USR007431,HEALTH_RESERVE,review_preparedness_goal,Review the preparedness goal and current buffer.,medium,2026-09-14T12:00:20
REC00005000,INS00005000,USR007433,MINDGUARD,review_sleep,Review recent sleep context and repeat monitoring when convenient.,medium,2026-07-02T16:00:20
REC00005001,INS00005001,USR007434,MINDGUARD,maintain_monitoring,Continue routine monitoring.,medium,2026-07-02T03:00:20
REC00005002,INS00005002,USR007436,HEALTH_RESERVE,review_preparedness_goal,Review the preparedness goal and current buffer.,medium,2026-06-12T14:00:20
REC00005003,INS00005003,USR007439,MINDGUARD,maintain_monitoring,Continue routine monitoring.,medium,2026-09-14T12:00:20
REC00005004,INS00005004,USR007440,MINDGUARD,maintain_monitoring,Continue routine monitoring.,low,2026-01-05T18:00:20
REC00005005,INS00005005,USR007441,MINDGUARD,repeat_assessment,Repeat the assessment later to add another observation.,medium,2026-03-21T20:00:20
REC00005006,INS00005006,USR007442,HEALTH_RESERVE,review_preparedness_goal,Review the preparedness goal and current buffer.,medium,2026-09-09T01:00:20
REC00005007,INS00005007,USR007443,HEALTH_RESERVE,review_preparedness_goal,Review the preparedness goal and current buffer.,medium,2026-09-14T12:00:20
REC00005008,INS00005008,USR007445,HEALTH_RESERVE,review_preparedness_goal,Review the preparedness goal and current buffer.,low,2026-04-17T10:00:20
REC00005009,INS00005009,USR007446,MINDGUARD,repeat_assessment,Repeat the assessment later to add another observation.,medium,2026-04-06T16:00:20
REC00005010,INS00005010,USR007447,HEALTH_RESERVE,review_healthcare_coverage,Review healthcare coverage information.,low,2026-09-14T12:00:20
REC00005011,INS00005011,USR007448,MINDGUARD,repeat_assessment,Repeat the assessment later to add another observation.,low,2026-06-02T13:00:20
REC00005012,INS00005012,USR007450,MINDGUARD,repeat_assessment,Repeat the assessment later to add another observation.,low,2026-04-14T11:00:20
REC00005013,INS00005013,USR007450,HEALTH_RESERVE,review_preparedness_goal,Review the preparedness goal and current buffer.,medium,2026-04-07T11:00:20
REC00005014,INS00005014,USR007452,MINDGUARD,repeat_assessment,Repeat the assessment later to add another observation.,medium,2026-08-03T14:00:20
REC00005015,INS00005015,USR007453,MINDGUARD,maintain_monitoring,Continue routine monitoring.,low,2026-06-15T08:00:20
REC00005016,INS00005016,USR007454,MINDGUARD,maintain_monitoring,Continue routine monitoring.,low,2026-05-27T11:00:20
REC00005017,INS00005017,USR007456,MINDGUARD,repeat_assessment,Repeat the assessment later to add another observation.,medium,2026-01-01T19:00:20
REC00005018,INS00005018,USR007458,MINDGUARD,repeat_assessment,Repeat the assessment later to add another observation.,medium,2026-08-11T21:00:20
REC00005019,INS00005019,USR007459,MINDGUARD,maintain_monitoring,Continue routine monitoring.,low,2026-05-21T17:00:20
REC00005020,INS00005020,USR007460,MINDGUARD,repeat_assessment,Repeat the assessment later to add another observation.,low,2026-03-30T21:00:20
REC00005021,INS00005021,USR007461,MINDGUARD,repeat_assessment,Repeat the assessment later to add another observation.,medium,2026-06-24T05:00:20
REC00005022,INS00005022,USR007462,MINDGUARD,repeat_assessment,Repeat the assessment later to add another observation.,medium,2026-08-03T19:00:20
REC00005023,INS00005023,USR007463,MINDGUARD,repeat_assessment,Repeat the assessment later to add another observation.,medium,2026-06-26T23:00:20
REC00005024,INS00005024,USR007464,MINDGUARD,maintain_monitoring,Continue routine monitoring.,low,2026-07-12T00:00:20
REC00005025,INS00005025,USR007466,MINDGUARD,repeat_assessment,Repeat the assessment later to add another observation.,low,2026-09-02T14:00:20
REC00005026,INS00005026,USR007467,MINDGUARD,review_sleep,Review recent sleep context and repeat monitoring when convenient.,low,2026-06-10T07:00:20
REC00005027,INS00005027,USR007468,HEALTH_RESERVE,review_preparedness_goal,Review the preparedness goal and current buffer.,medium,2026-04-06T23:00:20
REC00005028,INS00005028,USR007469,HEALTH_RESERVE,review_preparedness_goal,Review the preparedness goal and current buffer.,medium,2026-09-14T12:00:20
REC00005029,INS00005029,USR007471,HEALTH_RESERVE,review_preparedness_goal,Review the preparedness goal and current buffer.,low,2026-04-05T15:00:20
REC00005030,INS00005030,USR007475,MINDGUARD,repeat_assessment,Repeat the assessment later to add another observation.,medium,2026-09-14T12:00:20
REC00005031,INS00005031,USR007476,MINDGUARD,repeat_assessment,Repeat the assessment later to add another observation.,medium,2026-07-15T08:00:20
REC00005032,INS00005032,USR007477,MINDGUARD,review_sleep,Review recent sleep context and repeat monitoring when convenient.,low,2026-06-27T19:00:20
REC00005033,INS00005033,USR007479,HEALTH_RESERVE,review_preparedness_goal,Review the preparedness goal and current buffer.,low,2026-04-15T11:00:20
REC00005034,INS00005034,USR007480,MINDGUARD,review_sleep,Review recent sleep context and repeat monitoring when convenient.,medium,2026-06-02T07:00:20
REC00005035,INS00005035,USR007480,HEALTH_RESERVE,review_preparedness_goal,Review the preparedness goal and current buffer.,medium,2026-06-01T23:00:20
REC00005036,INS00005036,USR007481,MINDGUARD,repeat_assessment,Repeat the assessment later to add another observation.,low,2026-08-20T02:00:20
REC00005037,INS00005037,USR007483,MINDGUARD,repeat_assessment,Repeat the assessment later to add another observation.,low,2026-02-13T02:00:20
REC00005038,INS00005038,USR007484,HEALTH_RESERVE,review_preparedness_goal,Review the preparedness goal and current buffer.,medium,2026-09-14T12:00:20
REC00005039,INS00005039,USR007485,MINDGUARD,maintain_monitoring,Continue routine monitoring.,medium,2026-09-14T12:00:20
REC00005040,INS00005040,USR007490,MINDGUARD,maintain_monitoring,Continue routine monitoring.,medium,2026-09-14T12:00:20
REC00005041,INS00005041,USR007491,MINDGUARD,maintain_monitoring,Continue routine monitoring.,medium,2026-05-27T14:00:20
REC00005042,INS00005042,USR007492,HEALTH_RESERVE,review_preparedness_goal,Review the preparedness goal and current buffer.,medium,2026-05-21T11:00:20
REC00005043,INS00005043,USR007493,MINDGUARD,maintain_monitoring,Continue routine monitoring.,low,2026-09-14T12:00:20
REC00005044,INS00005044,USR007494,MINDGUARD,repeat_assessment,Repeat the assessment later to add another observation.,low,2026-07-01T17:00:20
REC00005045,INS00005045,USR007495,MINDGUARD,repeat_assessment,Repeat the assessment later to add another observation.,low,2026-06-10T05:00:20
REC00005046,INS00005046,USR007497,HEALTH_RESERVE,review_preparedness_goal,Review the preparedness goal and current buffer.,low,2026-05-03T13:00:20
REC00005047,INS00005047,USR007498,MINDGUARD,maintain_monitoring,Continue routine monitoring.,low,2026-03-29T09:00:20
REC00005048,INS00005048,USR007499,MINDGUARD,repeat_assessment,Repeat the assessment later to add another observation.,medium,2026-07-22T19:00:20
REC00005049,INS00005049,USR007500,MINDGUARD,repeat_assessment,Repeat the assessment later to add another observation.,low,2026-02-17T01:00:20
REC00005050,INS00005050,USR007501,MINDGUARD,repeat_assessment,Repeat the assessment later to add another observation.,low,2026-05-14T16:00:20
REC00005051,INS00005051,USR007503,MINDGUARD,repeat_assessment,Repeat the assessment later to add another observation.,medium,2026-03-29T20:00:20
REC00005052,INS00005052,USR007504,MINDGUARD,repeat_assessment,Repeat the assessment later to add another observation.,medium,2026-03-14T11:00:20
REC00005053,INS00005053,USR007506,HEALTH_RESERVE,review_preparedness_goal,Review the preparedness goal and current buffer.,low,2026-07-15T20:00:20
REC00005054,INS00005054,USR007507,MINDGUARD,repeat_assessment,Repeat the assessment later to add another observation.,low,2026-05-08T08:00:20
REC00005055,INS00005055,USR007508,HEALTH_RESERVE,review_preparedness_goal,Review the preparedness goal and current buffer.,low,2026-04-30T20:00:20
REC00005056,INS00005056,USR007509,HEALTH_RESERVE,review_healthcare_coverage,Review healthcare coverage information.,low,2026-03-20T08:00:20
REC00005057,INS00005057,USR007510,MINDGUARD,repeat_assessment,Repeat the assessment later to add another observation.,low,2026-07-25T17:00:20
REC00005058,INS00005058,USR007511,HEALTH_RESERVE,review_preparedness_goal,Review the preparedness goal and current buffer.,low,2026-06-25T02:00:20
REC00005059,INS00005059,USR007513,MINDGUARD,maintain_monitoring,Continue routine monitoring.,medium,2026-05-02T08:00:20
REC00005060,INS00005060,USR007513,HEALTH_RESERVE,review_preparedness_goal,Review the preparedness goal and current buffer.,low,2026-04-27T11:00:20
REC00005061,INS00005061,USR007514,MINDGUARD,maintain_monitoring,Continue routine monitoring.,medium,2026-06-29T07:00:20
REC00005062,INS00005062,USR007515,HEALTH_RESERVE,review_preparedness_goal,Review the preparedness goal and current buffer.,medium,2026-09-14T12:00:20
REC00005063,INS00005063,USR007516,HEALTH_RESERVE,review_preparedness_goal,Review the preparedness goal and current buffer.,low,2026-09-14T12:00:20
REC00005064,INS00005064,USR007517,HEALTH_RESERVE,review_preparedness_goal,Review the preparedness goal and current buffer.,medium,2026-09-14T12:00:20
REC00005065,INS00005065,USR007521,MINDGUARD,review_sleep,Review recent sleep context and repeat monitoring when convenient.,low,2026-09-14T12:00:20
REC00005066,INS00005066,USR007521,HEALTH_RESERVE,review_preparedness_goal,Review the preparedness goal and current buffer.,low,2026-09-14T12:00:20
REC00005067,INS00005067,USR007522,MINDGUARD,maintain_monitoring,Continue routine monitoring.,low,2026-06-13T01:00:20
REC00005068,INS00005068,USR007524,MINDGUARD,maintain_monitoring,Continue routine monitoring.,medium,2026-07-07T13:00:20
REC00005069,INS00005069,USR007527,MINDGUARD,review_sleep,Review recent sleep context and repeat monitoring when convenient.,medium,2026-04-24T10:00:20
REC00005070,INS00005070,USR007531,MINDGUARD,maintain_monitoring,Continue routine monitoring.,low,2026-06-28T05:00:20
REC00005071,INS00005071,USR007532,MINDGUARD,repeat_assessment,Repeat the assessment later to add another observation.,medium,2026-07-03T07:00:20
REC00005072,INS00005072,USR007533,HEALTH_RESERVE,review_healthcare_coverage,Review healthcare coverage information.,medium,2026-09-14T12:00:20
REC00005073,INS00005073,USR007534,HEALTH_RESERVE,review_preparedness_goal,Review the preparedness goal and current buffer.,medium,2026-02-05T15:00:20
REC00005074,INS00005074,USR007535,MINDGUARD,maintain_monitoring,Continue routine monitoring.,medium,2026-09-14T12:00:20
REC00005075,INS00005075,USR007537,MINDGUARD,repeat_assessment,Repeat the assessment later to add another observation.,medium,2026-08-11T04:00:20
REC00005076,INS00005076,USR007541,MINDGUARD,maintain_monitoring,Continue routine monitoring.,medium,2026-05-14T00:00:20
REC00005077,INS00005077,USR007542,MINDGUARD,repeat_assessment,Repeat the assessment later to add another observation.,medium,2026-07-05T07:00:20
REC00005078,INS00005078,USR007543,MINDGUARD,review_sleep,Review recent sleep context and repeat monitoring when convenient.,low,2026-05-10T09:00:20
REC00005079,INS00005079,USR007544,MINDGUARD,repeat_assessment,Repeat the assessment later to add another observation.,low,2026-04-19T19:00:20
REC00005080,INS00005080,USR007546,HEALTH_RESERVE,review_preparedness_goal,Review the preparedness goal and current buffer.,medium,2026-05-21T18:00:20
REC00005081,INS00005081,USR007547,MINDGUARD,repeat_assessment,Repeat the assessment later to add another observation.,low,2026-08-01T12:00:20
REC00005082,INS00005082,USR007548,MINDGUARD,maintain_monitoring,Continue routine monitoring.,low,2026-09-14T12:00:20
REC00005083,INS00005083,USR007549,MINDGUARD,maintain_monitoring,Continue routine monitoring.,medium,2026-06-18T02:00:20
REC00005084,INS00005084,USR007550,MINDGUARD,maintain_monitoring,Continue routine monitoring.,low,2026-06-18T19:00:20
REC00005085,INS00005085,USR007552,HEALTH_RESERVE,review_preparedness_goal,Review the preparedness goal and current buffer.,medium,2026-06-28T08:00:20
REC00005086,INS00005086,USR007553,HEALTH_RESERVE,review_preparedness_goal,Review the preparedness goal and current buffer.,low,2026-07-25T20:00:20
REC00005087,INS00005087,USR007554,MINDGUARD,repeat_assessment,Repeat the assessment later to add another observation.,medium,2026-03-06T03:00:20
REC00005088,INS00005088,USR007555,MINDGUARD,repeat_assessment,Repeat the assessment later to add another observation.,low,2026-09-14T12:00:20
REC00005089,INS00005089,USR007556,MINDGUARD,repeat_assessment,Repeat the assessment later to add another observation.,medium,2026-01-26T13:00:20
REC00005090,INS00005090,USR007558,HEALTH_RESERVE,review_preparedness_goal,Review the preparedness goal and current buffer.,low,2026-03-26T11:00:20
REC00005091,INS00005091,USR007560,MINDGUARD,maintain_monitoring,Continue routine monitoring.,low,2026-09-14T12:00:20
REC00005092,INS00005092,USR007561,MINDGUARD,maintain_monitoring,Continue routine monitoring.,low,2026-05-31T03:00:20
REC00005093,INS00005093,USR007561,HEALTH_RESERVE,review_preparedness_goal,Review the preparedness goal and current buffer.,low,2026-04-01T05:00:20
REC00005094,INS00005094,USR007562,MINDGUARD,wellbeing_checkin,Complete a wellbeing check-in to add context.,medium,2026-07-01T05:00:20
REC00005095,INS00005095,USR007563,HEALTH_RESERVE,review_preparedness_goal,Review the preparedness goal and current buffer.,medium,2026-08-09T07:00:20
REC00005096,INS00005096,USR007564,MINDGUARD,wellbeing_checkin,Complete a wellbeing check-in to add context.,low,2026-05-30T23:00:20
REC00005097,INS00005097,USR007567,HEALTH_RESERVE,review_preparedness_goal,Review the preparedness goal and current buffer.,low,2026-04-26T06:00:20
REC00005098,INS00005098,USR007568,MINDGUARD,review_sleep,Review recent sleep context and repeat monitoring when convenient.,low,2026-07-07T07:00:20
REC00005099,INS00005099,USR007569,MINDGUARD,maintain_monitoring,Continue routine monitoring.,low,2026-05-14T08:00:20
REC00005100,INS00005100,USR007570,HEALTH_RESERVE,review_preparedness_goal,Review the preparedness goal and current buffer.,low,2026-09-01T09:00:20
REC00005101,INS00005101,USR007572,MINDGUARD,repeat_assessment,Repeat the assessment later to add another observation.,low,2026-03-14T17:00:20
REC00005102,INS00005102,USR007574,MINDGUARD,wellbeing_checkin,Complete a wellbeing check-in to add context.,medium,2026-07-10T08:00:20
REC00005103,INS00005103,USR007574,HEALTH_RESERVE,review_preparedness_goal,Review the preparedness goal and current buffer.,low,2026-09-14T12:00:20
REC00005104,INS00005104,USR007576,MINDGUARD,wellbeing_checkin,Complete a wellbeing check-in to add context.,medium,2026-04-09T08:00:20
REC00005105,INS00005105,USR007579,MINDGUARD,repeat_assessment,Repeat the assessment later to add another observation.,medium,2026-06-21T09:00:20
REC00005106,INS00005106,USR007582,MINDGUARD,repeat_assessment,Repeat the assessment later to add another observation.,medium,2026-08-10T04:00:20
REC00005107,INS00005107,USR007584,MINDGUARD,maintain_monitoring,Continue routine monitoring.,medium,2026-03-06T01:00:20
REC00005108,INS00005108,USR007586,HEALTH_RESERVE,review_preparedness_goal,Review the preparedness goal and current buffer.,low,2026-08-02T21:00:20
REC00005109,INS00005109,USR007587,MINDGUARD,maintain_monitoring,Continue routine monitoring.,low,2026-05-23T19:00:20
REC00005110,INS00005110,USR007587,HEALTH_RESERVE,review_preparedness_goal,Review the preparedness goal and current buffer.,low,2026-07-23T13:00:20
REC00005111,INS00005111,USR007592,MINDGUARD,maintain_monitoring,Continue routine monitoring.,medium,2026-07-07T22:00:20
REC00005112,INS00005112,USR007593,HEALTH_RESERVE,review_preparedness_goal,Review the preparedness goal and current buffer.,low,2026-06-05T19:00:20
REC00005113,INS00005113,USR007596,MINDGUARD,repeat_assessment,Repeat the assessment later to add another observation.,medium,2026-06-22T15:00:20
REC00005114,INS00005114,USR007597,MINDGUARD,repeat_assessment,Repeat the assessment later to add another observation.,low,2026-06-26T20:00:20
REC00005115,INS00005115,USR007598,HEALTH_RESERVE,review_preparedness_goal,Review the preparedness goal and current buffer.,low,2026-05-01T11:00:20
REC00005116,INS00005116,USR007599,MINDGUARD,repeat_assessment,Repeat the assessment later to add another observation.,low,2026-09-14T12:00:20
REC00005117,INS00005117,USR007599,HEALTH_RESERVE,review_preparedness_goal,Review the preparedness goal and current buffer.,medium,2026-09-14T12:00:20
REC00005118,INS00005118,USR007600,MINDGUARD,maintain_monitoring,Continue routine monitoring.,medium,2026-06-17T13:00:20
REC00005119,INS00005119,USR007600,HEALTH_RESERVE,review_preparedness_goal,Review the preparedness goal and current buffer.,medium,2026-06-05T10:00:20
REC00005120,INS00005120,USR007602,MINDGUARD,wellbeing_checkin,Complete a wellbeing check-in to add context.,medium,2026-07-19T23:00:20
REC00005121,INS00005121,USR007603,HEALTH_RESERVE,review_preparedness_goal,Review the preparedness goal and current buffer.,low,2026-07-29T07:00:20
REC00005122,INS00005122,USR007604,MINDGUARD,repeat_assessment,Repeat the assessment later to add another observation.,low,2026-02-14T01:00:20
REC00005123,INS00005123,USR007606,MINDGUARD,review_sleep,Review recent sleep context and repeat monitoring when convenient.,medium,2026-09-14T12:00:20
REC00005124,INS00005124,USR007607,MINDGUARD,maintain_monitoring,Continue routine monitoring.,medium,2026-09-14T12:00:20
REC00005125,INS00005125,USR007609,MINDGUARD,maintain_monitoring,Continue routine monitoring.,medium,2026-06-08T22:00:20
REC00005126,INS00005126,USR007610,MINDGUARD,repeat_assessment,Repeat the assessment later to add another observation.,low,2026-04-14T03:00:20
REC00005127,INS00005127,USR007611,HEALTH_RESERVE,review_preparedness_goal,Review the preparedness goal and current buffer.,medium,2026-02-17T05:00:20
REC00005128,INS00005128,USR007612,MINDGUARD,maintain_monitoring,Continue routine monitoring.,medium,2026-08-21T00:00:20
REC00005129,INS00005129,USR007613,MINDGUARD,maintain_monitoring,Continue routine monitoring.,low,2026-09-14T12:00:20
REC00005130,INS00005130,USR007615,MINDGUARD,maintain_monitoring,Continue routine monitoring.,medium,2026-07-02T01:00:20
REC00005131,INS00005131,USR007617,MINDGUARD,maintain_monitoring,Continue routine monitoring.,medium,2026-03-10T01:00:20
REC00005132,INS00005132,USR007619,MINDGUARD,repeat_assessment,Repeat the assessment later to add another observation.,low,2026-01-27T15:00:20
REC00005133,INS00005133,USR007620,MINDGUARD,wellbeing_checkin,Complete a wellbeing check-in to add context.,low,2026-08-20T03:00:20
REC00005134,INS00005134,USR007622,MINDGUARD,maintain_monitoring,Continue routine monitoring.,low,2026-09-14T12:00:20
REC00005135,INS00005135,USR007623,MINDGUARD,maintain_monitoring,Continue routine monitoring.,medium,2026-08-26T04:00:20
REC00005136,INS00005136,USR007624,MINDGUARD,repeat_assessment,Repeat the assessment later to add another observation.,medium,2026-04-08T09:00:20
REC00005137,INS00005137,USR007625,HEALTH_RESERVE,review_preparedness_goal,Review the preparedness goal and current buffer.,low,2026-08-23T10:00:20
REC00005138,INS00005138,USR007627,MINDGUARD,maintain_monitoring,Continue routine monitoring.,medium,2026-08-21T08:00:20
REC00005139,INS00005139,USR007633,MINDGUARD,maintain_monitoring,Continue routine monitoring.,low,2026-08-28T21:00:20
REC00005140,INS00005140,USR007634,MINDGUARD,review_sleep,Review recent sleep context and repeat monitoring when convenient.,low,2026-05-31T20:00:20
REC00005141,INS00005141,USR007635,MINDGUARD,repeat_assessment,Repeat the assessment later to add another observation.,medium,2026-02-09T04:00:20
REC00005142,INS00005142,USR007636,MINDGUARD,wellbeing_checkin,Complete a wellbeing check-in to add context.,low,2026-07-11T05:00:20
REC00005143,INS00005143,USR007638,HEALTH_RESERVE,review_preparedness_goal,Review the preparedness goal and current buffer.,medium,2026-05-22T20:00:20
REC00005144,INS00005144,USR007640,MINDGUARD,wellbeing_checkin,Complete a wellbeing check-in to add context.,low,2026-07-31T17:00:20
REC00005145,INS00005145,USR007641,MINDGUARD,repeat_assessment,Repeat the assessment later to add another observation.,medium,2026-07-06T11:00:20
REC00005146,INS00005146,USR007642,MINDGUARD,maintain_monitoring,Continue routine monitoring.,medium,2026-06-13T12:00:20
REC00005147,INS00005147,USR007645,MINDGUARD,repeat_assessment,Repeat the assessment later to add another observation.,low,2026-05-01T16:00:20
REC00005148,INS00005148,USR007645,HEALTH_RESERVE,review_healthcare_coverage,Review healthcare coverage information.,low,2026-08-04T12:00:20
REC00005149,INS00005149,USR007650,MINDGUARD,maintain_monitoring,Continue routine monitoring.,medium,2026-05-04T02:00:20
REC00005150,INS00005150,USR007651,MINDGUARD,maintain_monitoring,Continue routine monitoring.,low,2026-06-24T22:00:20
REC00005151,INS00005151,USR007653,MINDGUARD,maintain_monitoring,Continue routine monitoring.,medium,2026-06-09T22:00:20
REC00005152,INS00005152,USR007654,MINDGUARD,repeat_assessment,Repeat the assessment later to add another observation.,low,2026-05-22T20:00:20
REC00005153,INS00005153,USR007655,MINDGUARD,review_sleep,Review recent sleep context and repeat monitoring when convenient.,low,2026-09-14T12:00:20
REC00005154,INS00005154,USR007656,HEALTH_RESERVE,review_preparedness_goal,Review the preparedness goal and current buffer.,low,2026-04-03T11:00:20
REC00005155,INS00005155,USR007658,MINDGUARD,wellbeing_checkin,Complete a wellbeing check-in to add context.,low,2026-07-26T02:00:20
REC00005156,INS00005156,USR007659,MINDGUARD,repeat_assessment,Repeat the assessment later to add another observation.,medium,2026-06-02T04:00:20
REC00005157,INS00005157,USR007660,HEALTH_RESERVE,review_preparedness_goal,Review the preparedness goal and current buffer.,medium,2026-09-14T12:00:20
REC00005158,INS00005158,USR007662,MINDGUARD,repeat_assessment,Repeat the assessment later to add another observation.,low,2026-01-29T16:00:20
REC00005159,INS00005159,USR007663,MINDGUARD,repeat_assessment,Repeat the assessment later to add another observation.,medium,2026-07-14T11:00:20
REC00005160,INS00005160,USR007664,HEALTH_RESERVE,review_healthcare_coverage,Review healthcare coverage information.,low,2026-09-14T12:00:20
REC00005161,INS00005161,USR007665,MINDGUARD,wellbeing_checkin,Complete a wellbeing check-in to add context.,medium,2026-09-14T12:00:20
REC00005162,INS00005162,USR007666,HEALTH_RESERVE,review_preparedness_goal,Review the preparedness goal and current buffer.,low,2026-08-16T05:00:20
REC00005163,INS00005163,USR007667,MINDGUARD,maintain_monitoring,Continue routine monitoring.,low,2026-07-05T12:00:20
REC00005164,INS00005164,USR007668,MINDGUARD,review_sleep,Review recent sleep context and repeat monitoring when convenient.,medium,2026-04-07T13:00:20
REC00005165,INS00005165,USR007669,MINDGUARD,repeat_assessment,Repeat the assessment later to add another observation.,low,2026-04-28T15:00:20
REC00005166,INS00005166,USR007670,MINDGUARD,repeat_assessment,Repeat the assessment later to add another observation.,medium,2026-09-10T08:00:20
REC00005167,INS00005167,USR007670,HEALTH_RESERVE,review_preparedness_goal,Review the preparedness goal and current buffer.,medium,2026-06-30T09:00:20
REC00005168,INS00005168,USR007673,HEALTH_RESERVE,review_preparedness_goal,Review the preparedness goal and current buffer.,medium,2026-06-25T07:00:20
REC00005169,INS00005169,USR007677,HEALTH_RESERVE,review_preparedness_goal,Review the preparedness goal and current buffer.,medium,2026-07-09T04:00:20
REC00005170,INS00005170,USR007679,MINDGUARD,repeat_assessment,Repeat the assessment later to add another observation.,medium,2026-06-29T12:00:20
REC00005171,INS00005171,USR007681,HEALTH_RESERVE,review_preparedness_goal,Review the preparedness goal and current buffer.,low,2026-01-27T01:00:20
REC00005172,INS00005172,USR007684,HEALTH_RESERVE,review_preparedness_goal,Review the preparedness goal and current buffer.,low,2026-09-05T15:00:20
REC00005173,INS00005173,USR007685,HEALTH_RESERVE,review_preparedness_goal,Review the preparedness goal and current buffer.,low,2026-08-18T02:00:20
REC00005174,INS00005174,USR007686,MINDGUARD,repeat_assessment,Repeat the assessment later to add another observation.,low,2026-04-11T18:00:20
REC00005175,INS00005175,USR007687,HEALTH_RESERVE,review_healthcare_coverage,Review healthcare coverage information.,medium,2026-02-18T19:00:20
REC00005176,INS00005176,USR007688,MINDGUARD,repeat_assessment,Repeat the assessment later to add another observation.,low,2026-07-10T17:00:20
REC00005177,INS00005177,USR007690,MINDGUARD,repeat_assessment,Repeat the assessment later to add another observation.,low,2026-04-02T23:00:20
REC00005178,INS00005178,USR007691,MINDGUARD,maintain_monitoring,Continue routine monitoring.,medium,2026-08-30T13:00:20
REC00005179,INS00005179,USR007693,HEALTH_RESERVE,review_preparedness_goal,Review the preparedness goal and current buffer.,low,2026-09-14T12:00:20
REC00005180,INS00005180,USR007694,MINDGUARD,repeat_assessment,Repeat the assessment later to add another observation.,low,2026-06-03T14:00:20
REC00005181,INS00005181,USR007695,MINDGUARD,wellbeing_checkin,Complete a wellbeing check-in to add context.,low,2026-07-15T08:00:20
REC00005182,INS00005182,USR007697,HEALTH_RESERVE,review_preparedness_goal,Review the preparedness goal and current buffer.,medium,2026-04-04T09:00:20
REC00005183,INS00005183,USR007698,MINDGUARD,maintain_monitoring,Continue routine monitoring.,low,2026-09-09T19:00:20
REC00005184,INS00005184,USR007701,MINDGUARD,maintain_monitoring,Continue routine monitoring.,low,2026-08-21T12:00:20
REC00005185,INS00005185,USR007703,MINDGUARD,repeat_assessment,Repeat the assessment later to add another observation.,low,2026-04-08T00:00:20
REC00005186,INS00005186,USR007704,MINDGUARD,repeat_assessment,Repeat the assessment later to add another observation.,low,2026-02-08T05:00:20
REC00005187,INS00005187,USR007704,HEALTH_RESERVE,review_preparedness_goal,Review the preparedness goal and current buffer.,medium,2026-01-26T04:00:20
REC00005188,INS00005188,USR007705,MINDGUARD,maintain_monitoring,Continue routine monitoring.,low,2026-07-16T21:00:20
REC00005189,INS00005189,USR007705,HEALTH_RESERVE,review_healthcare_coverage,Review healthcare coverage information.,medium,2026-08-07T21:00:20
REC00005190,INS00005190,USR007707,HEALTH_RESERVE,review_preparedness_goal,Review the preparedness goal and current buffer.,medium,2026-04-19T02:00:20
REC00005191,INS00005191,USR007709,MINDGUARD,maintain_monitoring,Continue routine monitoring.,low,2026-05-14T21:00:20
REC00005192,INS00005192,USR007709,HEALTH_RESERVE,review_healthcare_coverage,Review healthcare coverage information.,medium,2026-06-06T22:00:20
REC00005193,INS00005193,USR007711,MINDGUARD,maintain_monitoring,Continue routine monitoring.,medium,2026-05-09T11:00:20
REC00005194,INS00005194,USR007712,MINDGUARD,repeat_assessment,Repeat the assessment later to add another observation.,low,2026-03-27T00:00:20
REC00005195,INS00005195,USR007713,MINDGUARD,repeat_assessment,Repeat the assessment later to add another observation.,low,2026-05-08T22:00:20
REC00005196,INS00005196,USR007714,HEALTH_RESERVE,review_preparedness_goal,Review the preparedness goal and current buffer.,medium,2026-09-14T12:00:20
REC00005197,INS00005197,USR007715,MINDGUARD,repeat_assessment,Repeat the assessment later to add another observation.,medium,2026-06-02T23:00:20
REC00005198,INS00005198,USR007716,MINDGUARD,repeat_assessment,Repeat the assessment later to add another observation.,low,2026-02-18T13:00:20
REC00005199,INS00005199,USR007716,HEALTH_RESERVE,review_preparedness_goal,Review the preparedness goal and current buffer.,low,2026-07-28T18:00:20
REC00005200,INS00005200,USR007718,MINDGUARD,repeat_assessment,Repeat the assessment later to add another observation.,low,2026-06-14T02:00:20
REC00005201,INS00005201,USR007720,MINDGUARD,maintain_monitoring,Continue routine monitoring.,medium,2026-03-05T23:00:20
REC00005202,INS00005202,USR007721,MINDGUARD,repeat_assessment,Repeat the assessment later to add another observation.,medium,2026-04-14T23:00:20
REC00005203,INS00005203,USR007721,HEALTH_RESERVE,review_preparedness_goal,Review the preparedness goal and current buffer.,medium,2026-03-08T22:00:20
REC00005204,INS00005204,USR007723,MINDGUARD,wellbeing_checkin,Complete a wellbeing check-in to add context.,low,2026-07-23T15:00:20
REC00005205,INS00005205,USR007727,HEALTH_RESERVE,review_preparedness_goal,Review the preparedness goal and current buffer.,medium,2026-02-09T08:00:20
REC00005206,INS00005206,USR007728,MINDGUARD,maintain_monitoring,Continue routine monitoring.,medium,2026-07-20T20:00:20
REC00005207,INS00005207,USR007730,HEALTH_RESERVE,review_preparedness_goal,Review the preparedness goal and current buffer.,medium,2026-09-14T12:00:20
REC00005208,INS00005208,USR007734,MINDGUARD,wellbeing_checkin,Complete a wellbeing check-in to add context.,medium,2026-09-14T12:00:20
REC00005209,INS00005209,USR007735,HEALTH_RESERVE,review_preparedness_goal,Review the preparedness goal and current buffer.,low,2026-06-22T05:00:20
REC00005210,INS00005210,USR007737,HEALTH_RESERVE,review_preparedness_goal,Review the preparedness goal and current buffer.,medium,2026-06-05T19:00:20
REC00005211,INS00005211,USR007738,MINDGUARD,wellbeing_checkin,Complete a wellbeing check-in to add context.,low,2026-05-28T05:00:20
REC00005212,INS00005212,USR007743,HEALTH_RESERVE,review_healthcare_coverage,Review healthcare coverage information.,medium,2026-09-04T14:00:20
REC00005213,INS00005213,USR007745,MINDGUARD,maintain_monitoring,Continue routine monitoring.,low,2026-09-09T06:00:20
REC00005214,INS00005214,USR007746,MINDGUARD,repeat_assessment,Repeat the assessment later to add another observation.,low,2026-09-14T12:00:20
REC00005215,INS00005215,USR007748,MINDGUARD,repeat_assessment,Repeat the assessment later to add another observation.,medium,2026-03-22T04:00:20
REC00005216,INS00005216,USR007750,MINDGUARD,repeat_assessment,Repeat the assessment later to add another observation.,medium,2026-09-14T12:00:20
REC00005217,INS00005217,USR007751,MINDGUARD,wellbeing_checkin,Complete a wellbeing check-in to add context.,low,2026-06-28T12:00:20
REC00005218,INS00005218,USR007752,MINDGUARD,maintain_monitoring,Continue routine monitoring.,medium,2026-09-10T10:00:20
REC00005219,INS00005219,USR007753,MINDGUARD,maintain_monitoring,Continue routine monitoring.,medium,2026-08-16T12:00:20
REC00005220,INS00005220,USR007754,HEALTH_RESERVE,review_preparedness_goal,Review the preparedness goal and current buffer.,low,2026-07-28T10:00:20
REC00005221,INS00005221,USR007756,MINDGUARD,repeat_assessment,Repeat the assessment later to add another observation.,low,2026-06-20T12:00:20
REC00005222,INS00005222,USR007758,MINDGUARD,repeat_assessment,Repeat the assessment later to add another observation.,medium,2025-12-30T06:00:20
REC00005223,INS00005223,USR007759,MINDGUARD,maintain_monitoring,Continue routine monitoring.,low,2026-05-05T20:00:20
REC00005224,INS00005224,USR007760,MINDGUARD,maintain_monitoring,Continue routine monitoring.,low,2026-09-14T12:00:20
REC00005225,INS00005225,USR007761,MINDGUARD,repeat_assessment,Repeat the assessment later to add another observation.,low,2026-05-23T22:00:20
REC00005226,INS00005226,USR007761,HEALTH_RESERVE,review_preparedness_goal,Review the preparedness goal and current buffer.,low,2026-07-06T19:00:20
REC00005227,INS00005227,USR007762,HEALTH_RESERVE,review_preparedness_goal,Review the preparedness goal and current buffer.,medium,2026-06-27T01:00:20
REC00005228,INS00005228,USR007763,HEALTH_RESERVE,review_healthcare_coverage,Review healthcare coverage information.,medium,2026-07-01T19:00:20
REC00005229,INS00005229,USR007764,MINDGUARD,review_sleep,Review recent sleep context and repeat monitoring when convenient.,low,2026-04-02T01:00:20
REC00005230,INS00005230,USR007765,MINDGUARD,repeat_assessment,Repeat the assessment later to add another observation.,medium,2026-04-09T19:00:20
REC00005231,INS00005231,USR007766,HEALTH_RESERVE,review_preparedness_goal,Review the preparedness goal and current buffer.,low,2026-06-30T16:00:20
REC00005232,INS00005232,USR007768,MINDGUARD,repeat_assessment,Repeat the assessment later to add another observation.,low,2026-04-12T16:00:20
REC00005233,INS00005233,USR007771,MINDGUARD,maintain_monitoring,Continue routine monitoring.,medium,2026-05-10T03:00:20
REC00005234,INS00005234,USR007773,HEALTH_RESERVE,review_preparedness_goal,Review the preparedness goal and current buffer.,low,2026-02-28T12:00:20
REC00005235,INS00005235,USR007774,MINDGUARD,repeat_assessment,Repeat the assessment later to add another observation.,medium,2026-06-04T03:00:20
REC00005236,INS00005236,USR007776,MINDGUARD,wellbeing_checkin,Complete a wellbeing check-in to add context.,medium,2026-09-12T18:00:20
REC00005237,INS00005237,USR007777,MINDGUARD,maintain_monitoring,Continue routine monitoring.,low,2026-03-25T01:00:20
REC00005238,INS00005238,USR007779,MINDGUARD,repeat_assessment,Repeat the assessment later to add another observation.,low,2026-05-29T23:00:20
REC00005239,INS00005239,USR007780,MINDGUARD,repeat_assessment,Repeat the assessment later to add another observation.,low,2026-02-16T06:00:20
REC00005240,INS00005240,USR007784,MINDGUARD,maintain_monitoring,Continue routine monitoring.,medium,2026-07-18T20:00:20
REC00005241,INS00005241,USR007785,MINDGUARD,maintain_monitoring,Continue routine monitoring.,medium,2026-06-02T13:00:20
REC00005242,INS00005242,USR007787,MINDGUARD,wellbeing_checkin,Complete a wellbeing check-in to add context.,low,2026-07-07T15:00:20
REC00005243,INS00005243,USR007788,HEALTH_RESERVE,review_preparedness_goal,Review the preparedness goal and current buffer.,medium,2026-05-29T10:00:20
REC00005244,INS00005244,USR007791,MINDGUARD,repeat_assessment,Repeat the assessment later to add another observation.,low,2026-06-25T22:00:20
REC00005245,INS00005245,USR007792,HEALTH_RESERVE,review_preparedness_goal,Review the preparedness goal and current buffer.,low,2026-04-08T08:00:20
REC00005246,INS00005246,USR007794,HEALTH_RESERVE,review_preparedness_goal,Review the preparedness goal and current buffer.,medium,2026-03-24T11:00:20
REC00005247,INS00005247,USR007795,HEALTH_RESERVE,review_preparedness_goal,Review the preparedness goal and current buffer.,low,2026-08-13T18:00:20
REC00005248,INS00005248,USR007796,MINDGUARD,maintain_monitoring,Continue routine monitoring.,low,2026-04-04T21:00:20
REC00005249,INS00005249,USR007797,MINDGUARD,repeat_assessment,Repeat the assessment later to add another observation.,low,2026-05-07T23:00:20
REC00005250,INS00005250,USR007799,HEALTH_RESERVE,review_preparedness_goal,Review the preparedness goal and current buffer.,low,2026-09-11T19:00:20
REC00005251,INS00005251,USR007800,MINDGUARD,maintain_monitoring,Continue routine monitoring.,medium,2026-07-21T06:00:20
REC00005252,INS00005252,USR007803,MINDGUARD,repeat_assessment,Repeat the assessment later to add another observation.,low,2026-02-25T11:00:20
REC00005253,INS00005253,USR007804,MINDGUARD,repeat_assessment,Repeat the assessment later to add another observation.,low,2026-09-14T12:00:20
REC00005254,INS00005254,USR007807,HEALTH_RESERVE,review_preparedness_goal,Review the preparedness goal and current buffer.,medium,2026-08-02T02:00:20
REC00005255,INS00005255,USR007808,MINDGUARD,repeat_assessment,Repeat the assessment later to add another observation.,low,2026-04-20T14:00:20
REC00005256,INS00005256,USR007809,HEALTH_RESERVE,review_preparedness_goal,Review the preparedness goal and current buffer.,medium,2026-09-08T13:00:20
REC00005257,INS00005257,USR007813,MINDGUARD,repeat_assessment,Repeat the assessment later to add another observation.,low,2026-02-07T03:00:20
REC00005258,INS00005258,USR007815,HEALTH_RESERVE,review_preparedness_goal,Review the preparedness goal and current buffer.,medium,2026-07-01T12:00:20
REC00005259,INS00005259,USR007817,HEALTH_RESERVE,review_preparedness_goal,Review the preparedness goal and current buffer.,medium,2026-08-30T00:00:20
REC00005260,INS00005260,USR007818,MINDGUARD,repeat_assessment,Repeat the assessment later to add another observation.,medium,2026-09-14T12:00:20
REC00005261,INS00005261,USR007819,MINDGUARD,maintain_monitoring,Continue routine monitoring.,medium,2026-07-14T18:00:20
REC00005262,INS00005262,USR007820,MINDGUARD,repeat_assessment,Repeat the assessment later to add another observation.,medium,2026-08-12T09:00:20
REC00005263,INS00005263,USR007821,HEALTH_RESERVE,review_preparedness_goal,Review the preparedness goal and current buffer.,medium,2026-06-01T20:00:20
REC00005264,INS00005264,USR007822,MINDGUARD,wellbeing_checkin,Complete a wellbeing check-in to add context.,low,2026-09-14T12:00:20
REC00005265,INS00005265,USR007824,MINDGUARD,wellbeing_checkin,Complete a wellbeing check-in to add context.,medium,2026-04-26T04:00:20
REC00005266,INS00005266,USR007827,MINDGUARD,repeat_assessment,Repeat the assessment later to add another observation.,medium,2026-09-14T12:00:20
REC00005267,INS00005267,USR007828,HEALTH_RESERVE,review_preparedness_goal,Review the preparedness goal and current buffer.,low,2026-03-27T13:00:20
REC00005268,INS00005268,USR007831,MINDGUARD,maintain_monitoring,Continue routine monitoring.,low,2026-09-14T12:00:20
REC00005269,INS00005269,USR007832,MINDGUARD,maintain_monitoring,Continue routine monitoring.,low,2026-07-07T04:00:20
REC00005270,INS00005270,USR007833,MINDGUARD,maintain_monitoring,Continue routine monitoring.,low,2026-08-25T11:00:20
REC00005271,INS00005271,USR007834,MINDGUARD,repeat_assessment,Repeat the assessment later to add another observation.,medium,2026-01-13T20:00:20
REC00005272,INS00005272,USR007835,HEALTH_RESERVE,review_preparedness_goal,Review the preparedness goal and current buffer.,low,2026-07-31T07:00:20
REC00005273,INS00005273,USR007836,HEALTH_RESERVE,review_preparedness_goal,Review the preparedness goal and current buffer.,low,2026-04-02T19:00:20
REC00005274,INS00005274,USR007837,HEALTH_RESERVE,review_preparedness_goal,Review the preparedness goal and current buffer.,low,2026-06-22T09:00:20
REC00005275,INS00005275,USR007840,MINDGUARD,repeat_assessment,Repeat the assessment later to add another observation.,medium,2026-09-14T12:00:20
REC00005276,INS00005276,USR007841,HEALTH_RESERVE,review_preparedness_goal,Review the preparedness goal and current buffer.,medium,2026-07-29T00:00:20
REC00005277,INS00005277,USR007843,HEALTH_RESERVE,review_preparedness_goal,Review the preparedness goal and current buffer.,low,2026-02-05T04:00:20
REC00005278,INS00005278,USR007845,MINDGUARD,repeat_assessment,Repeat the assessment later to add another observation.,low,2026-09-14T12:00:20
REC00005279,INS00005279,USR007853,MINDGUARD,repeat_assessment,Repeat the assessment later to add another observation.,medium,2026-04-24T06:00:20
REC00005280,INS00005280,USR007853,HEALTH_RESERVE,review_preparedness_goal,Review the preparedness goal and current buffer.,low,2026-08-03T02:00:20
REC00005281,INS00005281,USR007854,MINDGUARD,maintain_monitoring,Continue routine monitoring.,low,2026-08-09T21:00:20
REC00005282,INS00005282,USR007855,MINDGUARD,wellbeing_checkin,Complete a wellbeing check-in to add context.,low,2026-03-13T03:00:20
REC00005283,INS00005283,USR007857,MINDGUARD,repeat_assessment,Repeat the assessment later to add another observation.,low,2026-07-25T14:00:20
REC00005284,INS00005284,USR007859,HEALTH_RESERVE,review_preparedness_goal,Review the preparedness goal and current buffer.,medium,2026-06-29T02:00:20
REC00005285,INS00005285,USR007861,MINDGUARD,repeat_assessment,Repeat the assessment later to add another observation.,medium,2026-04-28T02:00:20
REC00005286,INS00005286,USR007863,MINDGUARD,repeat_assessment,Repeat the assessment later to add another observation.,medium,2026-03-30T01:00:20
REC00005287,INS00005287,USR007865,MINDGUARD,review_sleep,Review recent sleep context and repeat monitoring when convenient.,low,2026-07-08T03:00:20
REC00005288,INS00005288,USR007866,MINDGUARD,repeat_assessment,Repeat the assessment later to add another observation.,medium,2026-02-11T15:00:20
REC00005289,INS00005289,USR007867,HEALTH_RESERVE,review_healthcare_coverage,Review healthcare coverage information.,medium,2026-06-28T06:00:20
REC00005290,INS00005290,USR007868,MINDGUARD,maintain_monitoring,Continue routine monitoring.,medium,2026-09-14T12:00:20
REC00005291,INS00005291,USR007871,HEALTH_RESERVE,review_healthcare_coverage,Review healthcare coverage information.,low,2026-03-16T00:00:20
REC00005292,INS00005292,USR007872,MINDGUARD,wellbeing_checkin,Complete a wellbeing check-in to add context.,medium,2026-06-17T17:00:20
REC00005293,INS00005293,USR007872,HEALTH_RESERVE,review_preparedness_goal,Review the preparedness goal and current buffer.,low,2026-02-11T13:00:20
REC00005294,INS00005294,USR007873,MINDGUARD,wellbeing_checkin,Complete a wellbeing check-in to add context.,low,2026-09-14T12:00:20
REC00005295,INS00005295,USR007874,MINDGUARD,repeat_assessment,Repeat the assessment later to add another observation.,low,2026-04-29T03:00:20
REC00005296,INS00005296,USR007875,MINDGUARD,review_sleep,Review recent sleep context and repeat monitoring when convenient.,low,2026-07-09T07:00:20
REC00005297,INS00005297,USR007877,MINDGUARD,repeat_assessment,Repeat the assessment later to add another observation.,medium,2026-06-22T07:00:20
REC00005298,INS00005298,USR007878,HEALTH_RESERVE,review_preparedness_goal,Review the preparedness goal and current buffer.,low,2026-06-07T07:00:20
REC00005299,INS00005299,USR007880,HEALTH_RESERVE,review_preparedness_goal,Review the preparedness goal and current buffer.,low,2026-08-28T17:00:20
REC00005300,INS00005300,USR007883,MINDGUARD,repeat_assessment,Repeat the assessment later to add another observation.,medium,2026-07-29T04:00:20
REC00005301,INS00005301,USR007884,MINDGUARD,review_sleep,Review recent sleep context and repeat monitoring when convenient.,medium,2026-07-01T21:00:20
REC00005302,INS00005302,USR007885,MINDGUARD,review_sleep,Review recent sleep context and repeat monitoring when convenient.,low,2026-07-20T19:00:20
REC00005303,INS00005303,USR007886,MINDGUARD,repeat_assessment,Repeat the assessment later to add another observation.,low,2026-03-07T21:00:20
REC00005304,INS00005304,USR007889,MINDGUARD,maintain_monitoring,Continue routine monitoring.,low,2026-09-10T20:00:20
REC00005305,INS00005305,USR007890,MINDGUARD,repeat_assessment,Repeat the assessment later to add another observation.,low,2026-07-12T09:00:20
REC00005306,INS00005306,USR007891,MINDGUARD,review_sleep,Review recent sleep context and repeat monitoring when convenient.,medium,2026-09-14T12:00:20
REC00005307,INS00005307,USR007891,HEALTH_RESERVE,review_healthcare_coverage,Review healthcare coverage information.,medium,2026-07-24T14:00:20
REC00005308,INS00005308,USR007892,HEALTH_RESERVE,review_preparedness_goal,Review the preparedness goal and current buffer.,low,2026-09-14T12:00:20
REC00005309,INS00005309,USR007894,MINDGUARD,maintain_monitoring,Continue routine monitoring.,medium,2026-06-18T12:00:20
REC00005310,INS00005310,USR007895,MINDGUARD,repeat_assessment,Repeat the assessment later to add another observation.,medium,2026-06-21T02:00:20
REC00005311,INS00005311,USR007895,HEALTH_RESERVE,review_preparedness_goal,Review the preparedness goal and current buffer.,low,2026-04-13T00:00:20
REC00005312,INS00005312,USR007897,MINDGUARD,maintain_monitoring,Continue routine monitoring.,medium,2026-07-02T23:00:20
REC00005313,INS00005313,USR007898,MINDGUARD,repeat_assessment,Repeat the assessment later to add another observation.,medium,2026-05-19T08:00:20
REC00005314,INS00005314,USR007899,MINDGUARD,maintain_monitoring,Continue routine monitoring.,low,2026-06-21T15:00:20
REC00005315,INS00005315,USR007901,MINDGUARD,repeat_assessment,Repeat the assessment later to add another observation.,medium,2026-06-10T14:00:20
REC00005316,INS00005316,USR007904,MINDGUARD,repeat_assessment,Repeat the assessment later to add another observation.,medium,2026-09-03T23:00:20
REC00005317,INS00005317,USR007905,HEALTH_RESERVE,review_preparedness_goal,Review the preparedness goal and current buffer.,medium,2026-06-21T20:00:20
REC00005318,INS00005318,USR007906,MINDGUARD,repeat_assessment,Repeat the assessment later to add another observation.,medium,2026-05-11T04:00:20
REC00005319,INS00005319,USR007907,MINDGUARD,repeat_assessment,Repeat the assessment later to add another observation.,low,2026-03-13T16:00:20
REC00005320,INS00005320,USR007910,MINDGUARD,review_sleep,Review recent sleep context and repeat monitoring when convenient.,medium,2026-03-05T22:00:20
REC00005321,INS00005321,USR007911,MINDGUARD,repeat_assessment,Repeat the assessment later to add another observation.,low,2026-05-25T21:00:20
REC00005322,INS00005322,USR007913,HEALTH_RESERVE,review_preparedness_goal,Review the preparedness goal and current buffer.,low,2026-05-15T05:00:20
REC00005323,INS00005323,USR007915,MINDGUARD,review_sleep,Review recent sleep context and repeat monitoring when convenient.,medium,2026-03-31T03:00:20
REC00005324,INS00005324,USR007916,MINDGUARD,repeat_assessment,Repeat the assessment later to add another observation.,medium,2026-03-20T19:00:20
REC00005325,INS00005325,USR007917,MINDGUARD,repeat_assessment,Repeat the assessment later to add another observation.,medium,2026-09-14T12:00:20
REC00005326,INS00005326,USR007917,HEALTH_RESERVE,review_preparedness_goal,Review the preparedness goal and current buffer.,low,2026-07-14T17:00:20
REC00005327,INS00005327,USR007918,MINDGUARD,repeat_assessment,Repeat the assessment later to add another observation.,low,2026-06-27T06:00:20
REC00005328,INS00005328,USR007919,MINDGUARD,repeat_assessment,Repeat the assessment later to add another observation.,low,2026-06-21T20:00:20
REC00005329,INS00005329,USR007920,HEALTH_RESERVE,review_preparedness_goal,Review the preparedness goal and current buffer.,medium,2026-06-20T08:00:20
REC00005330,INS00005330,USR007921,MINDGUARD,repeat_assessment,Repeat the assessment later to add another observation.,low,2026-01-25T23:00:20
REC00005331,INS00005331,USR007922,MINDGUARD,maintain_monitoring,Continue routine monitoring.,low,2026-06-09T16:00:20
REC00005332,INS00005332,USR007923,MINDGUARD,maintain_monitoring,Continue routine monitoring.,low,2026-09-14T12:00:20
REC00005333,INS00005333,USR007927,MINDGUARD,maintain_monitoring,Continue routine monitoring.,low,2026-04-20T19:00:20
REC00005334,INS00005334,USR007928,MINDGUARD,repeat_assessment,Repeat the assessment later to add another observation.,medium,2026-04-08T00:00:20
REC00005335,INS00005335,USR007930,MINDGUARD,review_sleep,Review recent sleep context and repeat monitoring when convenient.,medium,2026-09-14T12:00:20
REC00005336,INS00005336,USR007931,HEALTH_RESERVE,review_healthcare_coverage,Review healthcare coverage information.,low,2026-05-11T09:00:20
REC00005337,INS00005337,USR007932,HEALTH_RESERVE,review_preparedness_goal,Review the preparedness goal and current buffer.,low,2026-09-14T12:00:20
REC00005338,INS00005338,USR007933,MINDGUARD,maintain_monitoring,Continue routine monitoring.,medium,2026-09-14T12:00:20
REC00005339,INS00005339,USR007934,MINDGUARD,repeat_assessment,Repeat the assessment later to add another observation.,medium,2026-02-24T06:00:20
REC00005340,INS00005340,USR007935,MINDGUARD,maintain_monitoring,Continue routine monitoring.,low,2026-06-04T12:00:20
REC00005341,INS00005341,USR007936,MINDGUARD,maintain_monitoring,Continue routine monitoring.,medium,2026-06-30T01:00:20
REC00005342,INS00005342,USR007937,MINDGUARD,maintain_monitoring,Continue routine monitoring.,medium,2026-03-13T15:00:20
REC00005343,INS00005343,USR007938,MINDGUARD,repeat_assessment,Repeat the assessment later to add another observation.,medium,2026-03-17T06:00:20
REC00005344,INS00005344,USR007939,HEALTH_RESERVE,review_preparedness_goal,Review the preparedness goal and current buffer.,low,2026-04-07T13:00:20
REC00005345,INS00005345,USR007940,MINDGUARD,repeat_assessment,Repeat the assessment later to add another observation.,medium,2026-08-11T13:00:20
REC00005346,INS00005346,USR007942,MINDGUARD,maintain_monitoring,Continue routine monitoring.,medium,2026-05-22T05:00:20
REC00005347,INS00005347,USR007943,HEALTH_RESERVE,review_preparedness_goal,Review the preparedness goal and current buffer.,medium,2026-07-07T05:00:20
REC00005348,INS00005348,USR007946,MINDGUARD,repeat_assessment,Repeat the assessment later to add another observation.,medium,2026-09-14T12:00:20
REC00005349,INS00005349,USR007947,MINDGUARD,repeat_assessment,Repeat the assessment later to add another observation.,low,2026-09-14T12:00:20
REC00005350,INS00005350,USR007952,HEALTH_RESERVE,review_preparedness_goal,Review the preparedness goal and current buffer.,low,2026-04-05T22:00:20
REC00005351,INS00005351,USR007954,MINDGUARD,repeat_assessment,Repeat the assessment later to add another observation.,medium,2026-04-11T08:00:20
REC00005352,INS00005352,USR007959,HEALTH_RESERVE,review_preparedness_goal,Review the preparedness goal and current buffer.,medium,2026-09-06T17:00:20
REC00005353,INS00005353,USR007960,MINDGUARD,repeat_assessment,Repeat the assessment later to add another observation.,low,2026-04-16T01:00:20
REC00005354,INS00005354,USR007961,MINDGUARD,wellbeing_checkin,Complete a wellbeing check-in to add context.,low,2026-04-15T23:00:20
REC00005355,INS00005355,USR007963,MINDGUARD,repeat_assessment,Repeat the assessment later to add another observation.,medium,2026-05-05T22:00:20
REC00005356,INS00005356,USR007964,MINDGUARD,wellbeing_checkin,Complete a wellbeing check-in to add context.,medium,2026-09-13T12:00:20
REC00005357,INS00005357,USR007965,MINDGUARD,maintain_monitoring,Continue routine monitoring.,low,2026-06-27T04:00:20
REC00005358,INS00005358,USR007966,MINDGUARD,maintain_monitoring,Continue routine monitoring.,medium,2026-04-06T05:00:20
REC00005359,INS00005359,USR007967,HEALTH_RESERVE,review_preparedness_goal,Review the preparedness goal and current buffer.,low,2026-04-20T22:00:20
REC00005360,INS00005360,USR007968,HEALTH_RESERVE,review_preparedness_goal,Review the preparedness goal and current buffer.,medium,2026-05-14T14:00:20
REC00005361,INS00005361,USR007970,MINDGUARD,repeat_assessment,Repeat the assessment later to add another observation.,low,2026-09-04T08:00:20
REC00005362,INS00005362,USR007971,HEALTH_RESERVE,review_preparedness_goal,Review the preparedness goal and current buffer.,low,2026-02-21T03:00:20
REC00005363,INS00005363,USR007972,MINDGUARD,maintain_monitoring,Continue routine monitoring.,low,2026-08-17T10:00:20
REC00005364,INS00005364,USR007973,HEALTH_RESERVE,review_preparedness_goal,Review the preparedness goal and current buffer.,medium,2026-09-05T06:00:20
REC00005365,INS00005365,USR007974,MINDGUARD,repeat_assessment,Repeat the assessment later to add another observation.,low,2026-08-18T04:00:20
REC00005366,INS00005366,USR007975,MINDGUARD,review_sleep,Review recent sleep context and repeat monitoring when convenient.,low,2026-04-20T04:00:20
REC00005367,INS00005367,USR007976,MINDGUARD,repeat_assessment,Repeat the assessment later to add another observation.,medium,2026-09-14T12:00:20
REC00005368,INS00005368,USR007978,MINDGUARD,repeat_assessment,Repeat the assessment later to add another observation.,medium,2026-04-30T06:00:20
REC00005369,INS00005369,USR007980,MINDGUARD,maintain_monitoring,Continue routine monitoring.,medium,2026-04-20T19:00:20
REC00005370,INS00005370,USR007981,MINDGUARD,repeat_assessment,Repeat the assessment later to add another observation.,medium,2026-08-17T06:00:20
REC00005371,INS00005371,USR007982,MINDGUARD,repeat_assessment,Repeat the assessment later to add another observation.,medium,2026-02-19T07:00:20
REC00005372,INS00005372,USR007983,MINDGUARD,wellbeing_checkin,Complete a wellbeing check-in to add context.,low,2026-07-01T14:00:20
REC00005373,INS00005373,USR007983,HEALTH_RESERVE,review_healthcare_coverage,Review healthcare coverage information.,medium,2026-04-23T17:00:20
REC00005374,INS00005374,USR007989,MINDGUARD,maintain_monitoring,Continue routine monitoring.,medium,2026-05-29T13:00:20
REC00005375,INS00005375,USR007990,HEALTH_RESERVE,review_healthcare_coverage,Review healthcare coverage information.,medium,2026-07-23T15:00:20
REC00005376,INS00005376,USR007991,MINDGUARD,maintain_monitoring,Continue routine monitoring.,medium,2026-09-14T12:00:20
REC00005377,INS00005377,USR007993,MINDGUARD,repeat_assessment,Repeat the assessment later to add another observation.,medium,2026-03-28T00:00:20
REC00005378,INS00005378,USR007994,HEALTH_RESERVE,review_healthcare_coverage,Review healthcare coverage information.,low,2026-04-19T07:00:20
REC00005379,INS00005379,USR007997,HEALTH_RESERVE,review_preparedness_goal,Review the preparedness goal and current buffer.,medium,2026-09-14T12:00:20
REC00005380,INS00005380,USR007998,MINDGUARD,repeat_assessment,Repeat the assessment later to add another observation.,medium,2026-08-13T03:00:20
REC00005381,INS00005381,USR007999,MINDGUARD,repeat_assessment,Repeat the assessment later to add another observation.,medium,2026-06-28T05:00:20
REC00005382,INS00005382,USR008000,MINDGUARD,review_sleep,Review recent sleep context and repeat monitoring when convenient.,medium,2026-06-24T02:00:20
REC00005383,INS00005383,USR008001,MINDGUARD,maintain_monitoring,Continue routine monitoring.,medium,2026-05-27T12:00:20
REC00005384,INS00005384,USR008002,MINDGUARD,repeat_assessment,Repeat the assessment later to add another observation.,medium,2026-05-08T21:00:20
REC00005385,INS00005385,USR008009,MINDGUARD,repeat_assessment,Repeat the assessment later to add another observation.,low,2026-04-12T20:00:20
REC00005386,INS00005386,USR008014,MINDGUARD,maintain_monitoring,Continue routine monitoring.,medium,2026-09-05T14:00:20
REC00005387,INS00005387,USR008014,HEALTH_RESERVE,review_preparedness_goal,Review the preparedness goal and current buffer.,low,2026-06-19T21:00:20
REC00005388,INS00005388,USR008016,MINDGUARD,repeat_assessment,Repeat the assessment later to add another observation.,low,2026-02-24T12:00:20
REC00005389,INS00005389,USR008016,HEALTH_RESERVE,review_preparedness_goal,Review the preparedness goal and current buffer.,medium,2026-05-08T10:00:20
REC00005390,INS00005390,USR008018,HEALTH_RESERVE,review_healthcare_coverage,Review healthcare coverage information.,low,2026-08-14T04:00:20
REC00005391,INS00005391,USR008020,HEALTH_RESERVE,review_preparedness_goal,Review the preparedness goal and current buffer.,low,2026-06-09T07:00:20
REC00005392,INS00005392,USR008021,MINDGUARD,maintain_monitoring,Continue routine monitoring.,medium,2026-05-03T01:00:20
REC00005393,INS00005393,USR008028,MINDGUARD,review_sleep,Review recent sleep context and repeat monitoring when convenient.,low,2026-09-14T12:00:20
REC00005394,INS00005394,USR008028,HEALTH_RESERVE,review_preparedness_goal,Review the preparedness goal and current buffer.,low,2026-07-14T01:00:20
REC00005395,INS00005395,USR008030,HEALTH_RESERVE,review_preparedness_goal,Review the preparedness goal and current buffer.,medium,2026-04-04T04:00:20
REC00005396,INS00005396,USR008032,HEALTH_RESERVE,review_preparedness_goal,Review the preparedness goal and current buffer.,low,2026-03-03T11:00:20
REC00005397,INS00005397,USR008034,MINDGUARD,repeat_assessment,Repeat the assessment later to add another observation.,medium,2026-09-14T12:00:20
REC00005398,INS00005398,USR008035,MINDGUARD,repeat_assessment,Repeat the assessment later to add another observation.,medium,2026-03-03T06:00:20
REC00005399,INS00005399,USR008035,HEALTH_RESERVE,review_healthcare_coverage,Review healthcare coverage information.,medium,2026-07-11T02:00:20
REC00005400,INS00005400,USR008039,HEALTH_RESERVE,review_preparedness_goal,Review the preparedness goal and current buffer.,medium,2026-09-14T12:00:20
REC00005401,INS00005401,USR008040,MINDGUARD,maintain_monitoring,Continue routine monitoring.,medium,2026-07-13T14:00:20
REC00005402,INS00005402,USR008040,HEALTH_RESERVE,review_preparedness_goal,Review the preparedness goal and current buffer.,medium,2026-08-25T23:00:20
REC00005403,INS00005403,USR008041,MINDGUARD,repeat_assessment,Repeat the assessment later to add another observation.,medium,2026-07-21T03:00:20
REC00005404,INS00005404,USR008042,MINDGUARD,maintain_monitoring,Continue routine monitoring.,medium,2026-09-14T12:00:20
REC00005405,INS00005405,USR008043,HEALTH_RESERVE,review_healthcare_coverage,Review healthcare coverage information.,low,2026-06-08T17:00:20
REC00005406,INS00005406,USR008044,MINDGUARD,repeat_assessment,Repeat the assessment later to add another observation.,low,2026-02-16T12:00:20
REC00005407,INS00005407,USR008045,MINDGUARD,maintain_monitoring,Continue routine monitoring.,medium,2026-09-09T03:00:20
REC00005408,INS00005408,USR008047,MINDGUARD,wellbeing_checkin,Complete a wellbeing check-in to add context.,medium,2026-06-22T06:00:20
REC00005409,INS00005409,USR008048,HEALTH_RESERVE,review_preparedness_goal,Review the preparedness goal and current buffer.,low,2026-02-07T05:00:20
REC00005410,INS00005410,USR008053,MINDGUARD,maintain_monitoring,Continue routine monitoring.,low,2026-09-14T12:00:20
REC00005411,INS00005411,USR008053,HEALTH_RESERVE,review_preparedness_goal,Review the preparedness goal and current buffer.,medium,2026-08-04T23:00:20
REC00005412,INS00005412,USR008054,MINDGUARD,maintain_monitoring,Continue routine monitoring.,medium,2026-03-16T06:00:20
REC00005413,INS00005413,USR008055,MINDGUARD,repeat_assessment,Repeat the assessment later to add another observation.,low,2026-05-06T11:00:20
REC00005414,INS00005414,USR008055,HEALTH_RESERVE,review_preparedness_goal,Review the preparedness goal and current buffer.,low,2026-07-20T17:00:20
REC00005415,INS00005415,USR008058,MINDGUARD,maintain_monitoring,Continue routine monitoring.,medium,2026-09-14T12:00:20
REC00005416,INS00005416,USR008059,MINDGUARD,repeat_assessment,Repeat the assessment later to add another observation.,low,2026-08-20T17:00:20
REC00005417,INS00005417,USR008060,MINDGUARD,maintain_monitoring,Continue routine monitoring.,low,2026-07-01T09:00:20
REC00005418,INS00005418,USR008061,MINDGUARD,repeat_assessment,Repeat the assessment later to add another observation.,medium,2026-02-12T18:00:20
REC00005419,INS00005419,USR008063,HEALTH_RESERVE,review_healthcare_coverage,Review healthcare coverage information.,low,2026-06-21T18:00:20
REC00005420,INS00005420,USR008064,MINDGUARD,repeat_assessment,Repeat the assessment later to add another observation.,low,2026-05-23T20:00:20
REC00005421,INS00005421,USR008066,MINDGUARD,review_sleep,Review recent sleep context and repeat monitoring when convenient.,low,2026-04-15T08:00:20
REC00005422,INS00005422,USR008068,MINDGUARD,maintain_monitoring,Continue routine monitoring.,low,2026-07-19T16:00:20
REC00005423,INS00005423,USR008069,MINDGUARD,repeat_assessment,Repeat the assessment later to add another observation.,medium,2026-08-20T06:00:20
REC00005424,INS00005424,USR008074,MINDGUARD,repeat_assessment,Repeat the assessment later to add another observation.,low,2026-05-17T18:00:20
REC00005425,INS00005425,USR008075,MINDGUARD,repeat_assessment,Repeat the assessment later to add another observation.,medium,2026-07-16T08:00:20
REC00005426,INS00005426,USR008078,MINDGUARD,repeat_assessment,Repeat the assessment later to add another observation.,low,2026-03-08T01:00:20
REC00005427,INS00005427,USR008079,MINDGUARD,maintain_monitoring,Continue routine monitoring.,medium,2026-08-26T19:00:20
REC00005428,INS00005428,USR008080,MINDGUARD,maintain_monitoring,Continue routine monitoring.,medium,2026-05-15T11:00:20
REC00005429,INS00005429,USR008081,HEALTH_RESERVE,review_preparedness_goal,Review the preparedness goal and current buffer.,medium,2026-08-31T09:00:20
REC00005430,INS00005430,USR008083,MINDGUARD,wellbeing_checkin,Complete a wellbeing check-in to add context.,medium,2026-08-29T00:00:20
REC00005431,INS00005431,USR008084,HEALTH_RESERVE,review_healthcare_coverage,Review healthcare coverage information.,low,2026-05-14T18:00:20
REC00005432,INS00005432,USR008085,MINDGUARD,repeat_assessment,Repeat the assessment later to add another observation.,low,2026-06-26T00:00:20
REC00005433,INS00005433,USR008086,MINDGUARD,repeat_assessment,Repeat the assessment later to add another observation.,low,2026-06-23T09:00:20
REC00005434,INS00005434,USR008088,MINDGUARD,repeat_assessment,Repeat the assessment later to add another observation.,low,2026-04-17T04:00:20
REC00005435,INS00005435,USR008089,MINDGUARD,maintain_monitoring,Continue routine monitoring.,medium,2026-08-17T18:00:20
REC00005436,INS00005436,USR008090,HEALTH_RESERVE,review_preparedness_goal,Review the preparedness goal and current buffer.,low,2026-02-10T09:00:20
REC00005437,INS00005437,USR008091,MINDGUARD,repeat_assessment,Repeat the assessment later to add another observation.,medium,2026-03-14T16:00:20
REC00005438,INS00005438,USR008093,MINDGUARD,maintain_monitoring,Continue routine monitoring.,medium,2026-09-14T12:00:20
REC00005439,INS00005439,USR008093,HEALTH_RESERVE,review_healthcare_coverage,Review healthcare coverage information.,medium,2026-06-18T16:00:20
REC00005440,INS00005440,USR008094,MINDGUARD,review_sleep,Review recent sleep context and repeat monitoring when convenient.,medium,2026-04-22T09:00:20
REC00005441,INS00005441,USR008095,HEALTH_RESERVE,review_preparedness_goal,Review the preparedness goal and current buffer.,medium,2026-03-26T22:00:20
REC00005442,INS00005442,USR008096,MINDGUARD,maintain_monitoring,Continue routine monitoring.,low,2026-08-10T11:00:20
REC00005443,INS00005443,USR008097,HEALTH_RESERVE,review_preparedness_goal,Review the preparedness goal and current buffer.,low,2026-03-06T19:00:20
REC00005444,INS00005444,USR008098,HEALTH_RESERVE,review_healthcare_coverage,Review healthcare coverage information.,medium,2026-09-14T12:00:20
REC00005445,INS00005445,USR008099,MINDGUARD,maintain_monitoring,Continue routine monitoring.,medium,2026-04-09T11:00:20
REC00005446,INS00005446,USR008100,HEALTH_RESERVE,review_preparedness_goal,Review the preparedness goal and current buffer.,low,2026-07-17T17:00:20
REC00005447,INS00005447,USR008101,HEALTH_RESERVE,review_preparedness_goal,Review the preparedness goal and current buffer.,medium,2026-03-31T21:00:20
REC00005448,INS00005448,USR008102,MINDGUARD,maintain_monitoring,Continue routine monitoring.,low,2026-09-14T12:00:20
REC00005449,INS00005449,USR008107,MINDGUARD,maintain_monitoring,Continue routine monitoring.,medium,2026-05-26T00:00:20
REC00005450,INS00005450,USR008108,HEALTH_RESERVE,review_preparedness_goal,Review the preparedness goal and current buffer.,medium,2026-06-07T21:00:20
REC00005451,INS00005451,USR008112,HEALTH_RESERVE,review_preparedness_goal,Review the preparedness goal and current buffer.,low,2026-02-28T15:00:20
REC00005452,INS00005452,USR008113,MINDGUARD,maintain_monitoring,Continue routine monitoring.,low,2026-07-12T14:00:20
REC00005453,INS00005453,USR008114,MINDGUARD,maintain_monitoring,Continue routine monitoring.,medium,2026-09-14T12:00:20
REC00005454,INS00005454,USR008114,HEALTH_RESERVE,review_preparedness_goal,Review the preparedness goal and current buffer.,low,2026-09-14T12:00:20
REC00005455,INS00005455,USR008115,MINDGUARD,repeat_assessment,Repeat the assessment later to add another observation.,medium,2026-06-07T20:00:20
REC00005456,INS00005456,USR008118,MINDGUARD,maintain_monitoring,Continue routine monitoring.,low,2026-05-19T04:00:20
REC00005457,INS00005457,USR008120,MINDGUARD,wellbeing_checkin,Complete a wellbeing check-in to add context.,low,2026-06-27T13:00:20
REC00005458,INS00005458,USR008121,MINDGUARD,maintain_monitoring,Continue routine monitoring.,medium,2026-09-14T12:00:20
REC00005459,INS00005459,USR008122,HEALTH_RESERVE,review_preparedness_goal,Review the preparedness goal and current buffer.,low,2026-09-14T12:00:20
REC00005460,INS00005460,USR008123,MINDGUARD,repeat_assessment,Repeat the assessment later to add another observation.,medium,2026-04-01T23:00:20
REC00005461,INS00005461,USR008124,MINDGUARD,wellbeing_checkin,Complete a wellbeing check-in to add context.,low,2026-09-14T12:00:20
REC00005462,INS00005462,USR008126,MINDGUARD,maintain_monitoring,Continue routine monitoring.,medium,2026-07-14T18:00:20
REC00005463,INS00005463,USR008127,MINDGUARD,maintain_monitoring,Continue routine monitoring.,medium,2026-09-07T11:00:20
REC00005464,INS00005464,USR008128,MINDGUARD,repeat_assessment,Repeat the assessment later to add another observation.,low,2026-04-08T10:00:20
REC00005465,INS00005465,USR008129,MINDGUARD,maintain_monitoring,Continue routine monitoring.,medium,2026-07-07T19:00:20
REC00005466,INS00005466,USR008130,MINDGUARD,maintain_monitoring,Continue routine monitoring.,medium,2026-06-30T16:00:20
REC00005467,INS00005467,USR008130,HEALTH_RESERVE,review_healthcare_coverage,Review healthcare coverage information.,low,2026-09-05T20:00:20
REC00005468,INS00005468,USR008133,MINDGUARD,maintain_monitoring,Continue routine monitoring.,medium,2026-04-07T13:00:20
REC00005469,INS00005469,USR008134,HEALTH_RESERVE,review_healthcare_coverage,Review healthcare coverage information.,low,2026-09-10T08:00:20
REC00005470,INS00005470,USR008135,MINDGUARD,repeat_assessment,Repeat the assessment later to add another observation.,low,2026-05-27T13:00:20
REC00005471,INS00005471,USR008136,HEALTH_RESERVE,review_preparedness_goal,Review the preparedness goal and current buffer.,low,2026-07-14T18:00:20
REC00005472,INS00005472,USR008138,MINDGUARD,repeat_assessment,Repeat the assessment later to add another observation.,low,2026-02-10T17:00:20
REC00005473,INS00005473,USR008139,MINDGUARD,maintain_monitoring,Continue routine monitoring.,medium,2026-04-11T15:00:20
REC00005474,INS00005474,USR008142,HEALTH_RESERVE,review_healthcare_coverage,Review healthcare coverage information.,medium,2026-07-11T21:00:20
REC00005475,INS00005475,USR008143,MINDGUARD,repeat_assessment,Repeat the assessment later to add another observation.,medium,2026-05-09T17:00:20
REC00005476,INS00005476,USR008145,MINDGUARD,repeat_assessment,Repeat the assessment later to add another observation.,low,2026-08-15T17:00:20
REC00005477,INS00005477,USR008151,HEALTH_RESERVE,review_healthcare_coverage,Review healthcare coverage information.,medium,2026-02-21T23:00:20
REC00005478,INS00005478,USR008152,MINDGUARD,maintain_monitoring,Continue routine monitoring.,low,2026-04-22T04:00:20
REC00005479,INS00005479,USR008153,MINDGUARD,repeat_assessment,Repeat the assessment later to add another observation.,low,2026-02-14T18:00:20
REC00005480,INS00005480,USR008154,MINDGUARD,wellbeing_checkin,Complete a wellbeing check-in to add context.,medium,2026-06-19T02:00:20
REC00005481,INS00005481,USR008156,MINDGUARD,repeat_assessment,Repeat the assessment later to add another observation.,low,2026-05-26T19:00:20
REC00005482,INS00005482,USR008158,MINDGUARD,review_sleep,Review recent sleep context and repeat monitoring when convenient.,medium,2026-05-10T21:00:20
REC00005483,INS00005483,USR008161,HEALTH_RESERVE,review_preparedness_goal,Review the preparedness goal and current buffer.,medium,2026-07-27T06:00:20
REC00005484,INS00005484,USR008163,MINDGUARD,maintain_monitoring,Continue routine monitoring.,low,2026-05-27T21:00:20
REC00005485,INS00005485,USR008163,HEALTH_RESERVE,review_healthcare_coverage,Review healthcare coverage information.,low,2026-09-14T12:00:20
REC00005486,INS00005486,USR008166,MINDGUARD,repeat_assessment,Repeat the assessment later to add another observation.,medium,2026-09-14T12:00:20
REC00005487,INS00005487,USR008167,MINDGUARD,maintain_monitoring,Continue routine monitoring.,low,2026-09-14T12:00:20
REC00005488,INS00005488,USR008168,HEALTH_RESERVE,review_preparedness_goal,Review the preparedness goal and current buffer.,medium,2026-08-21T23:00:20
REC00005489,INS00005489,USR008169,MINDGUARD,maintain_monitoring,Continue routine monitoring.,medium,2026-09-14T12:00:20
REC00005490,INS00005490,USR008170,MINDGUARD,maintain_monitoring,Continue routine monitoring.,low,2026-06-18T05:00:20
REC00005491,INS00005491,USR008172,HEALTH_RESERVE,review_preparedness_goal,Review the preparedness goal and current buffer.,medium,2026-02-13T10:00:20
REC00005492,INS00005492,USR008173,MINDGUARD,maintain_monitoring,Continue routine monitoring.,low,2026-09-14T12:00:20
REC00005493,INS00005493,USR008174,MINDGUARD,repeat_assessment,Repeat the assessment later to add another observation.,low,2026-05-10T23:00:20
REC00005494,INS00005494,USR008175,MINDGUARD,maintain_monitoring,Continue routine monitoring.,medium,2026-03-16T22:00:20
REC00005495,INS00005495,USR008176,HEALTH_RESERVE,review_preparedness_goal,Review the preparedness goal and current buffer.,low,2026-01-06T07:00:20
REC00005496,INS00005496,USR008180,HEALTH_RESERVE,review_preparedness_goal,Review the preparedness goal and current buffer.,medium,2026-06-30T22:00:20
REC00005497,INS00005497,USR008181,MINDGUARD,maintain_monitoring,Continue routine monitoring.,low,2026-04-15T05:00:20
REC00005498,INS00005498,USR008182,MINDGUARD,repeat_assessment,Repeat the assessment later to add another observation.,medium,2026-04-24T05:00:20
REC00005499,INS00005499,USR008184,MINDGUARD,repeat_assessment,Repeat the assessment later to add another observation.,medium,2026-03-05T23:00:20
REC00005500,INS00005500,USR008185,MINDGUARD,review_sleep,Review recent sleep context and repeat monitoring when convenient.,medium,2026-07-06T14:00:20
REC00005501,INS00005501,USR008185,HEALTH_RESERVE,review_preparedness_goal,Review the preparedness goal and current buffer.,low,2026-09-14T12:00:20
REC00005502,INS00005502,USR008186,HEALTH_RESERVE,review_preparedness_goal,Review the preparedness goal and current buffer.,low,2026-09-14T12:00:20
REC00005503,INS00005503,USR008187,MINDGUARD,maintain_monitoring,Continue routine monitoring.,low,2026-06-07T00:00:20
REC00005504,INS00005504,USR008190,MINDGUARD,maintain_monitoring,Continue routine monitoring.,medium,2026-05-15T04:00:20
REC00005505,INS00005505,USR008192,HEALTH_RESERVE,review_preparedness_goal,Review the preparedness goal and current buffer.,medium,2026-09-14T12:00:20
REC00005506,INS00005506,USR008193,MINDGUARD,maintain_monitoring,Continue routine monitoring.,medium,2026-09-14T12:00:20
REC00005507,INS00005507,USR008194,HEALTH_RESERVE,review_preparedness_goal,Review the preparedness goal and current buffer.,medium,2026-08-07T00:00:20
REC00005508,INS00005508,USR008195,MINDGUARD,repeat_assessment,Repeat the assessment later to add another observation.,medium,2026-04-23T08:00:20
REC00005509,INS00005509,USR008195,HEALTH_RESERVE,review_preparedness_goal,Review the preparedness goal and current buffer.,low,2026-02-21T10:00:20
REC00005510,INS00005510,USR008196,HEALTH_RESERVE,review_preparedness_goal,Review the preparedness goal and current buffer.,medium,2026-06-21T12:00:20
REC00005511,INS00005511,USR008198,MINDGUARD,maintain_monitoring,Continue routine monitoring.,medium,2026-09-14T12:00:20
REC00005512,INS00005512,USR008201,MINDGUARD,maintain_monitoring,Continue routine monitoring.,low,2026-05-30T13:00:20
REC00005513,INS00005513,USR008204,HEALTH_RESERVE,review_preparedness_goal,Review the preparedness goal and current buffer.,medium,2026-07-19T22:00:20
REC00005514,INS00005514,USR008205,MINDGUARD,wellbeing_checkin,Complete a wellbeing check-in to add context.,low,2026-09-14T12:00:20
REC00005515,INS00005515,USR008207,HEALTH_RESERVE,review_preparedness_goal,Review the preparedness goal and current buffer.,medium,2026-09-02T09:00:20
REC00005516,INS00005516,USR008208,MINDGUARD,repeat_assessment,Repeat the assessment later to add another observation.,medium,2026-03-12T21:00:20
REC00005517,INS00005517,USR008209,MINDGUARD,repeat_assessment,Repeat the assessment later to add another observation.,medium,2026-07-02T19:00:20
REC00005518,INS00005518,USR008211,HEALTH_RESERVE,review_preparedness_goal,Review the preparedness goal and current buffer.,medium,2026-08-21T11:00:20
REC00005519,INS00005519,USR008212,HEALTH_RESERVE,review_preparedness_goal,Review the preparedness goal and current buffer.,medium,2026-01-24T16:00:20
REC00005520,INS00005520,USR008216,MINDGUARD,maintain_monitoring,Continue routine monitoring.,medium,2026-09-14T12:00:20
REC00005521,INS00005521,USR008217,MINDGUARD,repeat_assessment,Repeat the assessment later to add another observation.,medium,2026-07-08T13:00:20
REC00005522,INS00005522,USR008218,MINDGUARD,maintain_monitoring,Continue routine monitoring.,medium,2026-08-16T03:00:20
REC00005523,INS00005523,USR008219,MINDGUARD,repeat_assessment,Repeat the assessment later to add another observation.,low,2026-08-29T05:00:20
REC00005524,INS00005524,USR008221,HEALTH_RESERVE,review_preparedness_goal,Review the preparedness goal and current buffer.,medium,2026-08-09T17:00:20
REC00005525,INS00005525,USR008223,HEALTH_RESERVE,review_preparedness_goal,Review the preparedness goal and current buffer.,low,2026-05-12T10:00:20
REC00005526,INS00005526,USR008224,MINDGUARD,wellbeing_checkin,Complete a wellbeing check-in to add context.,medium,2026-06-18T05:00:20
REC00005527,INS00005527,USR008224,HEALTH_RESERVE,review_healthcare_coverage,Review healthcare coverage information.,low,2026-08-30T13:00:20
REC00005528,INS00005528,USR008226,HEALTH_RESERVE,review_preparedness_goal,Review the preparedness goal and current buffer.,medium,2026-03-09T14:00:20
REC00005529,INS00005529,USR008227,MINDGUARD,repeat_assessment,Repeat the assessment later to add another observation.,medium,2026-06-27T07:00:20
REC00005530,INS00005530,USR008229,MINDGUARD,maintain_monitoring,Continue routine monitoring.,low,2026-08-12T21:00:20
REC00005531,INS00005531,USR008231,HEALTH_RESERVE,review_preparedness_goal,Review the preparedness goal and current buffer.,medium,2026-04-19T13:00:20
REC00005532,INS00005532,USR008233,MINDGUARD,maintain_monitoring,Continue routine monitoring.,low,2026-09-03T10:00:20
REC00005533,INS00005533,USR008233,HEALTH_RESERVE,review_preparedness_goal,Review the preparedness goal and current buffer.,medium,2026-09-14T12:00:20
REC00005534,INS00005534,USR008235,MINDGUARD,review_sleep,Review recent sleep context and repeat monitoring when convenient.,medium,2026-03-25T07:00:20
REC00005535,INS00005535,USR008237,MINDGUARD,repeat_assessment,Repeat the assessment later to add another observation.,medium,2026-03-09T02:00:20
REC00005536,INS00005536,USR008239,MINDGUARD,repeat_assessment,Repeat the assessment later to add another observation.,medium,2026-04-06T12:00:20
REC00005537,INS00005537,USR008239,HEALTH_RESERVE,review_preparedness_goal,Review the preparedness goal and current buffer.,medium,2026-01-29T16:00:20
REC00005538,INS00005538,USR008242,MINDGUARD,repeat_assessment,Repeat the assessment later to add another observation.,medium,2026-03-28T20:00:20
REC00005539,INS00005539,USR008244,MINDGUARD,maintain_monitoring,Continue routine monitoring.,low,2026-08-17T03:00:20
REC00005540,INS00005540,USR008245,MINDGUARD,maintain_monitoring,Continue routine monitoring.,medium,2026-09-14T12:00:20
REC00005541,INS00005541,USR008250,MINDGUARD,wellbeing_checkin,Complete a wellbeing check-in to add context.,medium,2026-08-08T13:00:20
REC00005542,INS00005542,USR008253,MINDGUARD,maintain_monitoring,Continue routine monitoring.,medium,2026-03-02T04:00:20
REC00005543,INS00005543,USR008257,MINDGUARD,maintain_monitoring,Continue routine monitoring.,low,2026-09-13T18:00:20
REC00005544,INS00005544,USR008258,HEALTH_RESERVE,review_preparedness_goal,Review the preparedness goal and current buffer.,low,2026-07-24T21:00:20
REC00005545,INS00005545,USR008260,MINDGUARD,repeat_assessment,Repeat the assessment later to add another observation.,medium,2026-04-05T06:00:20
REC00005546,INS00005546,USR008260,HEALTH_RESERVE,review_preparedness_goal,Review the preparedness goal and current buffer.,medium,2026-04-02T06:00:20
REC00005547,INS00005547,USR008263,MINDGUARD,wellbeing_checkin,Complete a wellbeing check-in to add context.,low,2026-08-12T07:00:20
REC00005548,INS00005548,USR008264,MINDGUARD,repeat_assessment,Repeat the assessment later to add another observation.,medium,2026-05-06T10:00:20
REC00005549,INS00005549,USR008264,HEALTH_RESERVE,review_preparedness_goal,Review the preparedness goal and current buffer.,medium,2026-09-11T02:00:20
REC00005550,INS00005550,USR008266,MINDGUARD,repeat_assessment,Repeat the assessment later to add another observation.,low,2026-05-09T07:00:20
REC00005551,INS00005551,USR008269,HEALTH_RESERVE,review_preparedness_goal,Review the preparedness goal and current buffer.,low,2026-07-08T13:00:20
REC00005552,INS00005552,USR008270,HEALTH_RESERVE,review_preparedness_goal,Review the preparedness goal and current buffer.,low,2026-05-20T16:00:20
REC00005553,INS00005553,USR008272,MINDGUARD,repeat_assessment,Repeat the assessment later to add another observation.,medium,2026-03-03T20:00:20
REC00005554,INS00005554,USR008273,MINDGUARD,wellbeing_checkin,Complete a wellbeing check-in to add context.,medium,2026-05-31T16:00:20
REC00005555,INS00005555,USR008276,HEALTH_RESERVE,review_preparedness_goal,Review the preparedness goal and current buffer.,medium,2026-05-19T01:00:20
REC00005556,INS00005556,USR008279,MINDGUARD,repeat_assessment,Repeat the assessment later to add another observation.,low,2026-04-28T17:00:20
REC00005557,INS00005557,USR008280,HEALTH_RESERVE,review_preparedness_goal,Review the preparedness goal and current buffer.,low,2026-07-10T04:00:20
REC00005558,INS00005558,USR008282,MINDGUARD,maintain_monitoring,Continue routine monitoring.,low,2026-06-06T03:00:20
REC00005559,INS00005559,USR008283,MINDGUARD,repeat_assessment,Repeat the assessment later to add another observation.,medium,2026-04-06T15:00:20
REC00005560,INS00005560,USR008285,MINDGUARD,maintain_monitoring,Continue routine monitoring.,medium,2026-07-07T17:00:20
REC00005561,INS00005561,USR008287,MINDGUARD,repeat_assessment,Repeat the assessment later to add another observation.,low,2026-06-11T15:00:20
REC00005562,INS00005562,USR008288,MINDGUARD,review_sleep,Review recent sleep context and repeat monitoring when convenient.,medium,2026-05-27T04:00:20
REC00005563,INS00005563,USR008289,MINDGUARD,maintain_monitoring,Continue routine monitoring.,medium,2026-07-30T00:00:20
REC00005564,INS00005564,USR008290,HEALTH_RESERVE,review_healthcare_coverage,Review healthcare coverage information.,medium,2026-09-14T12:00:20
REC00005565,INS00005565,USR008293,HEALTH_RESERVE,review_preparedness_goal,Review the preparedness goal and current buffer.,medium,2026-08-08T15:00:20
REC00005566,INS00005566,USR008295,HEALTH_RESERVE,review_preparedness_goal,Review the preparedness goal and current buffer.,medium,2026-03-29T22:00:20
REC00005567,INS00005567,USR008297,MINDGUARD,repeat_assessment,Repeat the assessment later to add another observation.,low,2026-06-05T02:00:20
REC00005568,INS00005568,USR008300,MINDGUARD,wellbeing_checkin,Complete a wellbeing check-in to add context.,low,2026-08-20T11:00:20
REC00005569,INS00005569,USR008304,MINDGUARD,maintain_monitoring,Continue routine monitoring.,medium,2026-07-08T03:00:20
REC00005570,INS00005570,USR008304,HEALTH_RESERVE,review_preparedness_goal,Review the preparedness goal and current buffer.,medium,2026-06-17T05:00:20
REC00005571,INS00005571,USR008305,HEALTH_RESERVE,review_preparedness_goal,Review the preparedness goal and current buffer.,low,2026-08-18T08:00:20
REC00005572,INS00005572,USR008306,MINDGUARD,repeat_assessment,Repeat the assessment later to add another observation.,low,2026-03-03T09:00:20
REC00005573,INS00005573,USR008307,MINDGUARD,maintain_monitoring,Continue routine monitoring.,medium,2026-08-14T04:00:20
REC00005574,INS00005574,USR008308,MINDGUARD,repeat_assessment,Repeat the assessment later to add another observation.,low,2026-07-04T15:00:20
REC00005575,INS00005575,USR008310,MINDGUARD,maintain_monitoring,Continue routine monitoring.,medium,2026-08-20T04:00:20
REC00005576,INS00005576,USR008314,MINDGUARD,maintain_monitoring,Continue routine monitoring.,medium,2026-09-14T12:00:20
REC00005577,INS00005577,USR008315,MINDGUARD,repeat_assessment,Repeat the assessment later to add another observation.,low,2026-02-27T14:00:20
REC00005578,INS00005578,USR008319,MINDGUARD,maintain_monitoring,Continue routine monitoring.,medium,2026-09-01T01:00:20
REC00005579,INS00005579,USR008320,HEALTH_RESERVE,review_preparedness_goal,Review the preparedness goal and current buffer.,low,2026-07-22T19:00:20
REC00005580,INS00005580,USR008323,MINDGUARD,repeat_assessment,Repeat the assessment later to add another observation.,medium,2026-07-17T21:00:20
REC00005581,INS00005581,USR008324,MINDGUARD,repeat_assessment,Repeat the assessment later to add another observation.,medium,2026-09-14T12:00:20
REC00005582,INS00005582,USR008324,HEALTH_RESERVE,review_preparedness_goal,Review the preparedness goal and current buffer.,medium,2026-08-16T16:00:20
REC00005583,INS00005583,USR008325,MINDGUARD,wellbeing_checkin,Complete a wellbeing check-in to add context.,low,2026-06-19T18:00:20
REC00005584,INS00005584,USR008326,MINDGUARD,repeat_assessment,Repeat the assessment later to add another observation.,low,2026-06-08T15:00:20
REC00005585,INS00005585,USR008327,MINDGUARD,maintain_monitoring,Continue routine monitoring.,low,2026-07-30T01:00:20
REC00005586,INS00005586,USR008328,HEALTH_RESERVE,review_preparedness_goal,Review the preparedness goal and current buffer.,low,2026-08-26T14:00:20
REC00005587,INS00005587,USR008329,HEALTH_RESERVE,review_preparedness_goal,Review the preparedness goal and current buffer.,low,2026-07-14T05:00:20
REC00005588,INS00005588,USR008331,HEALTH_RESERVE,review_healthcare_coverage,Review healthcare coverage information.,medium,2026-09-14T12:00:20
REC00005589,INS00005589,USR008334,HEALTH_RESERVE,review_preparedness_goal,Review the preparedness goal and current buffer.,low,2026-07-31T07:00:20
REC00005590,INS00005590,USR008335,MINDGUARD,repeat_assessment,Repeat the assessment later to add another observation.,medium,2026-06-15T01:00:20
REC00005591,INS00005591,USR008336,MINDGUARD,repeat_assessment,Repeat the assessment later to add another observation.,low,2026-05-17T03:00:20
REC00005592,INS00005592,USR008336,HEALTH_RESERVE,review_preparedness_goal,Review the preparedness goal and current buffer.,low,2026-07-07T04:00:20
REC00005593,INS00005593,USR008337,HEALTH_RESERVE,review_preparedness_goal,Review the preparedness goal and current buffer.,medium,2026-08-09T03:00:20
REC00005594,INS00005594,USR008338,MINDGUARD,maintain_monitoring,Continue routine monitoring.,medium,2026-09-03T10:00:20
REC00005595,INS00005595,USR008339,MINDGUARD,maintain_monitoring,Continue routine monitoring.,low,2026-06-06T09:00:20
REC00005596,INS00005596,USR008340,MINDGUARD,maintain_monitoring,Continue routine monitoring.,low,2026-09-14T12:00:20
REC00005597,INS00005597,USR008341,MINDGUARD,repeat_assessment,Repeat the assessment later to add another observation.,medium,2026-06-20T22:00:20
REC00005598,INS00005598,USR008343,MINDGUARD,maintain_monitoring,Continue routine monitoring.,low,2026-04-27T12:00:20
REC00005599,INS00005599,USR008345,MINDGUARD,repeat_assessment,Repeat the assessment later to add another observation.,low,2026-07-18T16:00:20
REC00005600,INS00005600,USR008346,MINDGUARD,repeat_assessment,Repeat the assessment later to add another observation.,low,2026-05-25T22:00:20
REC00005601,INS00005601,USR008348,MINDGUARD,repeat_assessment,Repeat the assessment later to add another observation.,low,2026-05-22T19:00:20
REC00005602,INS00005602,USR008349,MINDGUARD,repeat_assessment,Repeat the assessment later to add another observation.,low,2026-03-22T01:00:20
REC00005603,INS00005603,USR008350,MINDGUARD,maintain_monitoring,Continue routine monitoring.,medium,2026-06-26T22:00:20
REC00005604,INS00005604,USR008351,MINDGUARD,repeat_assessment,Repeat the assessment later to add another observation.,medium,2026-05-13T01:00:20
REC00005605,INS00005605,USR008352,MINDGUARD,repeat_assessment,Repeat the assessment later to add another observation.,low,2026-03-27T03:00:20
REC00005606,INS00005606,USR008352,HEALTH_RESERVE,review_preparedness_goal,Review the preparedness goal and current buffer.,low,2026-08-29T03:00:20
REC00005607,INS00005607,USR008355,MINDGUARD,maintain_monitoring,Continue routine monitoring.,low,2026-08-02T05:00:20
REC00005608,INS00005608,USR008356,HEALTH_RESERVE,review_preparedness_goal,Review the preparedness goal and current buffer.,medium,2026-09-14T12:00:20
REC00005609,INS00005609,USR008357,HEALTH_RESERVE,review_healthcare_coverage,Review healthcare coverage information.,low,2026-09-09T17:00:20
REC00005610,INS00005610,USR008358,MINDGUARD,maintain_monitoring,Continue routine monitoring.,medium,2026-05-11T01:00:20
REC00005611,INS00005611,USR008359,MINDGUARD,maintain_monitoring,Continue routine monitoring.,medium,2026-09-14T12:00:20
REC00005612,INS00005612,USR008360,MINDGUARD,repeat_assessment,Repeat the assessment later to add another observation.,medium,2026-07-25T08:00:20
REC00005613,INS00005613,USR008362,MINDGUARD,maintain_monitoring,Continue routine monitoring.,low,2026-05-12T08:00:20
REC00005614,INS00005614,USR008363,MINDGUARD,repeat_assessment,Repeat the assessment later to add another observation.,low,2026-07-17T17:00:20
REC00005615,INS00005615,USR008364,MINDGUARD,maintain_monitoring,Continue routine monitoring.,medium,2026-03-28T00:00:20
REC00005616,INS00005616,USR008368,MINDGUARD,repeat_assessment,Repeat the assessment later to add another observation.,low,2026-05-24T06:00:20
REC00005617,INS00005617,USR008369,MINDGUARD,repeat_assessment,Repeat the assessment later to add another observation.,low,2026-04-24T11:00:20
REC00005618,INS00005618,USR008370,MINDGUARD,repeat_assessment,Repeat the assessment later to add another observation.,low,2026-06-16T06:00:20
REC00005619,INS00005619,USR008371,MINDGUARD,maintain_monitoring,Continue routine monitoring.,medium,2026-06-16T07:00:20
REC00005620,INS00005620,USR008373,HEALTH_RESERVE,review_healthcare_coverage,Review healthcare coverage information.,medium,2026-09-14T12:00:20
REC00005621,INS00005621,USR008374,HEALTH_RESERVE,review_preparedness_goal,Review the preparedness goal and current buffer.,medium,2026-04-08T05:00:20
REC00005622,INS00005622,USR008376,MINDGUARD,maintain_monitoring,Continue routine monitoring.,low,2026-09-14T12:00:20
REC00005623,INS00005623,USR008377,HEALTH_RESERVE,review_preparedness_goal,Review the preparedness goal and current buffer.,medium,2026-06-30T23:00:20
REC00005624,INS00005624,USR008378,HEALTH_RESERVE,review_preparedness_goal,Review the preparedness goal and current buffer.,medium,2026-01-31T14:00:20
REC00005625,INS00005625,USR008379,MINDGUARD,maintain_monitoring,Continue routine monitoring.,medium,2026-07-16T21:00:20
REC00005626,INS00005626,USR008380,MINDGUARD,repeat_assessment,Repeat the assessment later to add another observation.,medium,2026-05-17T18:00:20
REC00005627,INS00005627,USR008382,HEALTH_RESERVE,review_preparedness_goal,Review the preparedness goal and current buffer.,low,2026-06-01T09:00:20
REC00005628,INS00005628,USR008383,MINDGUARD,wellbeing_checkin,Complete a wellbeing check-in to add context.,medium,2026-07-18T23:00:20
REC00005629,INS00005629,USR008384,MINDGUARD,repeat_assessment,Repeat the assessment later to add another observation.,low,2026-05-28T10:00:20
REC00005630,INS00005630,USR008387,MINDGUARD,repeat_assessment,Repeat the assessment later to add another observation.,low,2026-02-05T12:00:20
REC00005631,INS00005631,USR008389,HEALTH_RESERVE,review_preparedness_goal,Review the preparedness goal and current buffer.,medium,2026-07-27T03:00:20
REC00005632,INS00005632,USR008390,MINDGUARD,maintain_monitoring,Continue routine monitoring.,medium,2026-06-07T15:00:20
REC00005633,INS00005633,USR008391,MINDGUARD,repeat_assessment,Repeat the assessment later to add another observation.,medium,2026-02-24T06:00:20
REC00005634,INS00005634,USR008392,HEALTH_RESERVE,review_preparedness_goal,Review the preparedness goal and current buffer.,low,2026-05-31T14:00:20
REC00005635,INS00005635,USR008393,MINDGUARD,repeat_assessment,Repeat the assessment later to add another observation.,medium,2026-02-13T13:00:20
REC00005636,INS00005636,USR008394,MINDGUARD,maintain_monitoring,Continue routine monitoring.,medium,2026-09-04T14:00:20
REC00005637,INS00005637,USR008395,MINDGUARD,maintain_monitoring,Continue routine monitoring.,low,2026-06-11T13:00:20
REC00005638,INS00005638,USR008395,HEALTH_RESERVE,review_preparedness_goal,Review the preparedness goal and current buffer.,medium,2026-04-05T15:00:20
REC00005639,INS00005639,USR008396,MINDGUARD,repeat_assessment,Repeat the assessment later to add another observation.,low,2026-06-07T12:00:20
REC00005640,INS00005640,USR008399,MINDGUARD,repeat_assessment,Repeat the assessment later to add another observation.,low,2026-05-01T12:00:20
REC00005641,INS00005641,USR008400,HEALTH_RESERVE,review_preparedness_goal,Review the preparedness goal and current buffer.,medium,2026-08-17T19:00:20
REC00005642,INS00005642,USR008402,MINDGUARD,maintain_monitoring,Continue routine monitoring.,low,2026-09-14T12:00:20
REC00005643,INS00005643,USR008403,HEALTH_RESERVE,review_preparedness_goal,Review the preparedness goal and current buffer.,low,2026-07-10T11:00:20
REC00005644,INS00005644,USR008404,HEALTH_RESERVE,review_preparedness_goal,Review the preparedness goal and current buffer.,medium,2026-02-09T08:00:20
REC00005645,INS00005645,USR008405,HEALTH_RESERVE,review_healthcare_coverage,Review healthcare coverage information.,low,2026-04-22T04:00:20
REC00005646,INS00005646,USR008406,MINDGUARD,maintain_monitoring,Continue routine monitoring.,medium,2026-05-07T01:00:20
REC00005647,INS00005647,USR008407,MINDGUARD,repeat_assessment,Repeat the assessment later to add another observation.,low,2026-05-07T14:00:20
REC00005648,INS00005648,USR008408,MINDGUARD,repeat_assessment,Repeat the assessment later to add another observation.,medium,2026-07-12T07:00:20
REC00005649,INS00005649,USR008409,HEALTH_RESERVE,review_preparedness_goal,Review the preparedness goal and current buffer.,low,2026-06-22T08:00:20
REC00005650,INS00005650,USR008413,HEALTH_RESERVE,review_preparedness_goal,Review the preparedness goal and current buffer.,low,2026-05-06T17:00:20
REC00005651,INS00005651,USR008414,MINDGUARD,wellbeing_checkin,Complete a wellbeing check-in to add context.,low,2026-08-19T05:00:20
REC00005652,INS00005652,USR008414,HEALTH_RESERVE,review_preparedness_goal,Review the preparedness goal and current buffer.,medium,2026-03-11T05:00:20
REC00005653,INS00005653,USR008416,MINDGUARD,review_sleep,Review recent sleep context and repeat monitoring when convenient.,medium,2026-09-14T12:00:20
REC00005654,INS00005654,USR008419,MINDGUARD,review_sleep,Review recent sleep context and repeat monitoring when convenient.,low,2026-08-03T11:00:20
REC00005655,INS00005655,USR008421,MINDGUARD,maintain_monitoring,Continue routine monitoring.,medium,2026-07-06T09:00:20
REC00005656,INS00005656,USR008422,MINDGUARD,maintain_monitoring,Continue routine monitoring.,low,2026-09-14T12:00:20
REC00005657,INS00005657,USR008424,MINDGUARD,maintain_monitoring,Continue routine monitoring.,low,2026-09-14T12:00:20
REC00005658,INS00005658,USR008426,MINDGUARD,maintain_monitoring,Continue routine monitoring.,low,2026-04-19T00:00:20
REC00005659,INS00005659,USR008430,HEALTH_RESERVE,review_preparedness_goal,Review the preparedness goal and current buffer.,medium,2026-03-14T18:00:20
REC00005660,INS00005660,USR008436,MINDGUARD,maintain_monitoring,Continue routine monitoring.,low,2026-06-22T14:00:20
REC00005661,INS00005661,USR008442,MINDGUARD,repeat_assessment,Repeat the assessment later to add another observation.,medium,2026-02-24T17:00:20
REC00005662,INS00005662,USR008443,MINDGUARD,wellbeing_checkin,Complete a wellbeing check-in to add context.,medium,2026-08-05T08:00:20
REC00005663,INS00005663,USR008445,MINDGUARD,repeat_assessment,Repeat the assessment later to add another observation.,low,2026-05-24T14:00:20
REC00005664,INS00005664,USR008446,MINDGUARD,maintain_monitoring,Continue routine monitoring.,medium,2026-07-04T03:00:20
REC00005665,INS00005665,USR008448,HEALTH_RESERVE,review_healthcare_coverage,Review healthcare coverage information.,medium,2026-07-19T10:00:20
REC00005666,INS00005666,USR008450,MINDGUARD,repeat_assessment,Repeat the assessment later to add another observation.,medium,2026-08-25T02:00:20
REC00005667,INS00005667,USR008451,HEALTH_RESERVE,review_preparedness_goal,Review the preparedness goal and current buffer.,medium,2026-06-18T10:00:20
REC00005668,INS00005668,USR008452,MINDGUARD,repeat_assessment,Repeat the assessment later to add another observation.,low,2026-06-09T12:00:20
REC00005669,INS00005669,USR008452,HEALTH_RESERVE,review_preparedness_goal,Review the preparedness goal and current buffer.,medium,2026-06-21T10:00:20
REC00005670,INS00005670,USR008455,MINDGUARD,repeat_assessment,Repeat the assessment later to add another observation.,medium,2026-08-26T12:00:20
REC00005671,INS00005671,USR008455,HEALTH_RESERVE,review_preparedness_goal,Review the preparedness goal and current buffer.,low,2026-04-15T13:00:20
REC00005672,INS00005672,USR008456,MINDGUARD,repeat_assessment,Repeat the assessment later to add another observation.,low,2026-09-14T12:00:20
REC00005673,INS00005673,USR008459,HEALTH_RESERVE,review_preparedness_goal,Review the preparedness goal and current buffer.,medium,2026-08-10T17:00:20
REC00005674,INS00005674,USR008460,MINDGUARD,maintain_monitoring,Continue routine monitoring.,medium,2026-03-13T14:00:20
REC00005675,INS00005675,USR008461,HEALTH_RESERVE,review_preparedness_goal,Review the preparedness goal and current buffer.,low,2026-08-14T16:00:20
REC00005676,INS00005676,USR008462,MINDGUARD,maintain_monitoring,Continue routine monitoring.,medium,2026-09-14T12:00:20
REC00005677,INS00005677,USR008463,MINDGUARD,repeat_assessment,Repeat the assessment later to add another observation.,medium,2026-04-06T06:00:20
REC00005678,INS00005678,USR008465,MINDGUARD,maintain_monitoring,Continue routine monitoring.,medium,2026-07-25T04:00:20
REC00005679,INS00005679,USR008465,HEALTH_RESERVE,review_preparedness_goal,Review the preparedness goal and current buffer.,medium,2026-07-16T01:00:20
REC00005680,INS00005680,USR008467,MINDGUARD,repeat_assessment,Repeat the assessment later to add another observation.,medium,2026-05-14T07:00:20
REC00005681,INS00005681,USR008471,MINDGUARD,repeat_assessment,Repeat the assessment later to add another observation.,low,2026-02-23T10:00:20
REC00005682,INS00005682,USR008475,MINDGUARD,maintain_monitoring,Continue routine monitoring.,medium,2026-01-16T12:00:20
REC00005683,INS00005683,USR008478,MINDGUARD,repeat_assessment,Repeat the assessment later to add another observation.,low,2026-09-14T12:00:20
REC00005684,INS00005684,USR008480,MINDGUARD,wellbeing_checkin,Complete a wellbeing check-in to add context.,low,2026-06-04T06:00:20
REC00005685,INS00005685,USR008483,HEALTH_RESERVE,review_preparedness_goal,Review the preparedness goal and current buffer.,low,2026-05-20T09:00:20
REC00005686,INS00005686,USR008485,MINDGUARD,maintain_monitoring,Continue routine monitoring.,low,2026-05-16T16:00:20
REC00005687,INS00005687,USR008486,HEALTH_RESERVE,review_preparedness_goal,Review the preparedness goal and current buffer.,medium,2026-04-05T23:00:20
REC00005688,INS00005688,USR008487,MINDGUARD,review_sleep,Review recent sleep context and repeat monitoring when convenient.,low,2026-09-14T12:00:20
REC00005689,INS00005689,USR008488,MINDGUARD,repeat_assessment,Repeat the assessment later to add another observation.,low,2026-06-16T20:00:20
REC00005690,INS00005690,USR008489,MINDGUARD,repeat_assessment,Repeat the assessment later to add another observation.,low,2026-09-14T12:00:20
REC00005691,INS00005691,USR008491,MINDGUARD,repeat_assessment,Repeat the assessment later to add another observation.,medium,2026-05-13T17:00:20
REC00005692,INS00005692,USR008494,MINDGUARD,repeat_assessment,Repeat the assessment later to add another observation.,low,2026-01-12T05:00:20
REC00005693,INS00005693,USR008495,MINDGUARD,maintain_monitoring,Continue routine monitoring.,medium,2026-07-10T04:00:20
REC00005694,INS00005694,USR008496,MINDGUARD,maintain_monitoring,Continue routine monitoring.,medium,2026-03-15T21:00:20
REC00005695,INS00005695,USR008497,MINDGUARD,maintain_monitoring,Continue routine monitoring.,low,2026-08-26T07:00:20
REC00005696,INS00005696,USR008498,HEALTH_RESERVE,review_preparedness_goal,Review the preparedness goal and current buffer.,medium,2026-09-14T12:00:20
REC00005697,INS00005697,USR008499,MINDGUARD,repeat_assessment,Repeat the assessment later to add another observation.,low,2026-06-24T09:00:20
REC00005698,INS00005698,USR008500,MINDGUARD,repeat_assessment,Repeat the assessment later to add another observation.,medium,2026-06-14T16:00:20
REC00005699,INS00005699,USR008502,MINDGUARD,repeat_assessment,Repeat the assessment later to add another observation.,medium,2026-03-24T19:00:20
REC00005700,INS00005700,USR008503,MINDGUARD,maintain_monitoring,Continue routine monitoring.,medium,2026-09-12T22:00:20
REC00005701,INS00005701,USR008504,HEALTH_RESERVE,review_preparedness_goal,Review the preparedness goal and current buffer.,medium,2026-05-04T18:00:20
REC00005702,INS00005702,USR008507,MINDGUARD,repeat_assessment,Repeat the assessment later to add another observation.,low,2026-09-14T12:00:20
REC00005703,INS00005703,USR008508,MINDGUARD,maintain_monitoring,Continue routine monitoring.,medium,2026-07-15T13:00:20
REC00005704,INS00005704,USR008512,MINDGUARD,repeat_assessment,Repeat the assessment later to add another observation.,medium,2026-03-21T15:00:20
REC00005705,INS00005705,USR008513,HEALTH_RESERVE,review_preparedness_goal,Review the preparedness goal and current buffer.,medium,2026-06-17T20:00:20
REC00005706,INS00005706,USR008514,MINDGUARD,maintain_monitoring,Continue routine monitoring.,low,2026-07-23T09:00:20
REC00005707,INS00005707,USR008517,MINDGUARD,repeat_assessment,Repeat the assessment later to add another observation.,medium,2026-04-04T05:00:20
REC00005708,INS00005708,USR008519,HEALTH_RESERVE,review_preparedness_goal,Review the preparedness goal and current buffer.,low,2026-07-11T13:00:20
REC00005709,INS00005709,USR008520,HEALTH_RESERVE,review_preparedness_goal,Review the preparedness goal and current buffer.,low,2026-04-22T13:00:20
REC00005710,INS00005710,USR008522,MINDGUARD,maintain_monitoring,Continue routine monitoring.,medium,2026-06-25T19:00:20
REC00005711,INS00005711,USR008523,HEALTH_RESERVE,review_preparedness_goal,Review the preparedness goal and current buffer.,medium,2026-04-03T16:00:20
REC00005712,INS00005712,USR008527,MINDGUARD,repeat_assessment,Repeat the assessment later to add another observation.,low,2026-05-04T06:00:20
REC00005713,INS00005713,USR008528,HEALTH_RESERVE,review_preparedness_goal,Review the preparedness goal and current buffer.,medium,2026-04-11T03:00:20
REC00005714,INS00005714,USR008530,MINDGUARD,repeat_assessment,Repeat the assessment later to add another observation.,low,2025-12-28T01:00:20
REC00005715,INS00005715,USR008530,HEALTH_RESERVE,review_preparedness_goal,Review the preparedness goal and current buffer.,medium,2026-07-04T18:00:20
REC00005716,INS00005716,USR008531,MINDGUARD,maintain_monitoring,Continue routine monitoring.,low,2026-04-26T02:00:20
REC00005717,INS00005717,USR008533,MINDGUARD,repeat_assessment,Repeat the assessment later to add another observation.,medium,2026-05-21T20:00:20
REC00005718,INS00005718,USR008534,HEALTH_RESERVE,review_preparedness_goal,Review the preparedness goal and current buffer.,low,2026-08-18T22:00:20
REC00005719,INS00005719,USR008535,MINDGUARD,maintain_monitoring,Continue routine monitoring.,medium,2026-06-14T13:00:20
REC00005720,INS00005720,USR008536,HEALTH_RESERVE,review_healthcare_coverage,Review healthcare coverage information.,medium,2026-09-02T23:00:20
REC00005721,INS00005721,USR008539,MINDGUARD,repeat_assessment,Repeat the assessment later to add another observation.,low,2026-05-30T22:00:20
REC00005722,INS00005722,USR008540,MINDGUARD,repeat_assessment,Repeat the assessment later to add another observation.,low,2026-05-17T13:00:20
REC00005723,INS00005723,USR008541,HEALTH_RESERVE,review_healthcare_coverage,Review healthcare coverage information.,medium,2026-02-20T06:00:20
REC00005724,INS00005724,USR008544,MINDGUARD,repeat_assessment,Repeat the assessment later to add another observation.,low,2026-02-25T02:00:20
REC00005725,INS00005725,USR008545,MINDGUARD,repeat_assessment,Repeat the assessment later to add another observation.,medium,2026-04-15T03:00:20
REC00005726,INS00005726,USR008546,MINDGUARD,maintain_monitoring,Continue routine monitoring.,low,2026-07-08T16:00:20
REC00005727,INS00005727,USR008547,MINDGUARD,maintain_monitoring,Continue routine monitoring.,low,2026-05-10T18:00:20
REC00005728,INS00005728,USR008549,MINDGUARD,repeat_assessment,Repeat the assessment later to add another observation.,low,2026-08-25T18:00:20
REC00005729,INS00005729,USR008551,MINDGUARD,repeat_assessment,Repeat the assessment later to add another observation.,low,2026-03-31T02:00:20
REC00005730,INS00005730,USR008554,MINDGUARD,repeat_assessment,Repeat the assessment later to add another observation.,medium,2026-06-01T12:00:20
REC00005731,INS00005731,USR008557,MINDGUARD,maintain_monitoring,Continue routine monitoring.,low,2026-03-13T06:00:20
REC00005732,INS00005732,USR008559,MINDGUARD,repeat_assessment,Repeat the assessment later to add another observation.,medium,2026-09-14T12:00:20
REC00005733,INS00005733,USR008561,HEALTH_RESERVE,review_preparedness_goal,Review the preparedness goal and current buffer.,medium,2026-09-14T12:00:20
REC00005734,INS00005734,USR008562,MINDGUARD,repeat_assessment,Repeat the assessment later to add another observation.,low,2026-01-15T07:00:20
REC00005735,INS00005735,USR008563,MINDGUARD,repeat_assessment,Repeat the assessment later to add another observation.,low,2026-05-31T07:00:20
REC00005736,INS00005736,USR008564,MINDGUARD,maintain_monitoring,Continue routine monitoring.,medium,2026-07-17T03:00:20
REC00005737,INS00005737,USR008565,HEALTH_RESERVE,review_preparedness_goal,Review the preparedness goal and current buffer.,low,2026-07-18T14:00:20
REC00005738,INS00005738,USR008567,MINDGUARD,maintain_monitoring,Continue routine monitoring.,medium,2026-09-14T12:00:20
REC00005739,INS00005739,USR008569,MINDGUARD,repeat_assessment,Repeat the assessment later to add another observation.,low,2026-03-23T18:00:20
REC00005740,INS00005740,USR008571,MINDGUARD,repeat_assessment,Repeat the assessment later to add another observation.,medium,2026-02-11T05:00:20
REC00005741,INS00005741,USR008574,HEALTH_RESERVE,review_preparedness_goal,Review the preparedness goal and current buffer.,medium,2026-08-26T20:00:20
REC00005742,INS00005742,USR008578,MINDGUARD,maintain_monitoring,Continue routine monitoring.,medium,2026-05-06T23:00:20
REC00005743,INS00005743,USR008579,MINDGUARD,repeat_assessment,Repeat the assessment later to add another observation.,medium,2026-01-02T21:00:20
REC00005744,INS00005744,USR008585,MINDGUARD,repeat_assessment,Repeat the assessment later to add another observation.,medium,2026-07-05T13:00:20
REC00005745,INS00005745,USR008587,MINDGUARD,repeat_assessment,Repeat the assessment later to add another observation.,low,2026-08-21T01:00:20
REC00005746,INS00005746,USR008588,HEALTH_RESERVE,review_healthcare_coverage,Review healthcare coverage information.,medium,2026-06-04T16:00:20
REC00005747,INS00005747,USR008589,MINDGUARD,repeat_assessment,Repeat the assessment later to add another observation.,low,2026-08-05T15:00:20
REC00005748,INS00005748,USR008590,MINDGUARD,review_sleep,Review recent sleep context and repeat monitoring when convenient.,low,2026-06-07T08:00:20
REC00005749,INS00005749,USR008594,MINDGUARD,repeat_assessment,Repeat the assessment later to add another observation.,low,2026-04-06T21:00:20
REC00005750,INS00005750,USR008598,MINDGUARD,repeat_assessment,Repeat the assessment later to add another observation.,low,2026-08-29T09:00:20
REC00005751,INS00005751,USR008600,HEALTH_RESERVE,review_preparedness_goal,Review the preparedness goal and current buffer.,medium,2026-04-27T07:00:20
REC00005752,INS00005752,USR008601,HEALTH_RESERVE,review_preparedness_goal,Review the preparedness goal and current buffer.,medium,2026-06-25T14:00:20
REC00005753,INS00005753,USR008606,MINDGUARD,wellbeing_checkin,Complete a wellbeing check-in to add context.,medium,2026-08-13T10:00:20
REC00005754,INS00005754,USR008608,MINDGUARD,repeat_assessment,Repeat the assessment later to add another observation.,medium,2026-09-14T12:00:20
REC00005755,INS00005755,USR008608,HEALTH_RESERVE,review_preparedness_goal,Review the preparedness goal and current buffer.,medium,2026-06-26T11:00:20
REC00005756,INS00005756,USR008609,MINDGUARD,repeat_assessment,Repeat the assessment later to add another observation.,low,2026-07-01T04:00:20
REC00005757,INS00005757,USR008609,HEALTH_RESERVE,review_preparedness_goal,Review the preparedness goal and current buffer.,low,2026-09-14T12:00:20
REC00005758,INS00005758,USR008610,MINDGUARD,wellbeing_checkin,Complete a wellbeing check-in to add context.,medium,2026-09-14T12:00:20
REC00005759,INS00005759,USR008611,MINDGUARD,maintain_monitoring,Continue routine monitoring.,medium,2026-09-14T12:00:20
REC00005760,INS00005760,USR008612,MINDGUARD,maintain_monitoring,Continue routine monitoring.,medium,2026-06-06T03:00:20
REC00005761,INS00005761,USR008613,MINDGUARD,maintain_monitoring,Continue routine monitoring.,low,2026-07-24T04:00:20
REC00005762,INS00005762,USR008614,MINDGUARD,repeat_assessment,Repeat the assessment later to add another observation.,low,2026-03-14T20:00:20
REC00005763,INS00005763,USR008615,HEALTH_RESERVE,review_preparedness_goal,Review the preparedness goal and current buffer.,low,2026-07-06T04:00:20
REC00005764,INS00005764,USR008622,HEALTH_RESERVE,review_preparedness_goal,Review the preparedness goal and current buffer.,low,2026-08-19T03:00:20
REC00005765,INS00005765,USR008623,MINDGUARD,maintain_monitoring,Continue routine monitoring.,low,2026-09-14T12:00:20
REC00005766,INS00005766,USR008629,MINDGUARD,repeat_assessment,Repeat the assessment later to add another observation.,medium,2026-06-18T21:00:20
REC00005767,INS00005767,USR008630,HEALTH_RESERVE,review_preparedness_goal,Review the preparedness goal and current buffer.,medium,2026-08-07T09:00:20
REC00005768,INS00005768,USR008631,HEALTH_RESERVE,review_preparedness_goal,Review the preparedness goal and current buffer.,medium,2026-02-28T15:00:20
REC00005769,INS00005769,USR008632,MINDGUARD,maintain_monitoring,Continue routine monitoring.,medium,2026-05-05T19:00:20
REC00005770,INS00005770,USR008633,MINDGUARD,maintain_monitoring,Continue routine monitoring.,medium,2026-03-27T22:00:20
REC00005771,INS00005771,USR008636,HEALTH_RESERVE,review_preparedness_goal,Review the preparedness goal and current buffer.,low,2026-04-10T15:00:20
REC00005772,INS00005772,USR008638,HEALTH_RESERVE,review_preparedness_goal,Review the preparedness goal and current buffer.,medium,2026-06-24T07:00:20
REC00005773,INS00005773,USR008639,MINDGUARD,maintain_monitoring,Continue routine monitoring.,low,2026-08-21T21:00:20
REC00005774,INS00005774,USR008641,MINDGUARD,review_sleep,Review recent sleep context and repeat monitoring when convenient.,low,2026-07-24T11:00:20
REC00005775,INS00005775,USR008643,HEALTH_RESERVE,review_healthcare_coverage,Review healthcare coverage information.,low,2026-08-08T07:00:20
REC00005776,INS00005776,USR008645,MINDGUARD,repeat_assessment,Repeat the assessment later to add another observation.,medium,2026-07-12T02:00:20
REC00005777,INS00005777,USR008646,MINDGUARD,wellbeing_checkin,Complete a wellbeing check-in to add context.,medium,2026-03-24T19:00:20
REC00005778,INS00005778,USR008647,HEALTH_RESERVE,review_preparedness_goal,Review the preparedness goal and current buffer.,medium,2026-08-06T18:00:20
REC00005779,INS00005779,USR008650,HEALTH_RESERVE,review_preparedness_goal,Review the preparedness goal and current buffer.,medium,2026-05-13T07:00:20
REC00005780,INS00005780,USR008651,MINDGUARD,maintain_monitoring,Continue routine monitoring.,low,2026-09-07T12:00:20
REC00005781,INS00005781,USR008652,MINDGUARD,repeat_assessment,Repeat the assessment later to add another observation.,low,2026-04-02T14:00:20
REC00005782,INS00005782,USR008653,MINDGUARD,maintain_monitoring,Continue routine monitoring.,low,2026-03-30T03:00:20
REC00005783,INS00005783,USR008654,HEALTH_RESERVE,review_preparedness_goal,Review the preparedness goal and current buffer.,medium,2026-09-14T12:00:20
REC00005784,INS00005784,USR008655,MINDGUARD,maintain_monitoring,Continue routine monitoring.,medium,2026-07-09T03:00:20
REC00005785,INS00005785,USR008657,MINDGUARD,repeat_assessment,Repeat the assessment later to add another observation.,medium,2026-09-14T12:00:20
REC00005786,INS00005786,USR008657,HEALTH_RESERVE,review_preparedness_goal,Review the preparedness goal and current buffer.,low,2026-09-09T16:00:20
REC00005787,INS00005787,USR008658,MINDGUARD,maintain_monitoring,Continue routine monitoring.,low,2026-09-14T12:00:20
REC00005788,INS00005788,USR008659,MINDGUARD,maintain_monitoring,Continue routine monitoring.,low,2026-05-20T04:00:20
REC00005789,INS00005789,USR008660,HEALTH_RESERVE,review_healthcare_coverage,Review healthcare coverage information.,low,2026-09-14T12:00:20
REC00005790,INS00005790,USR008661,MINDGUARD,maintain_monitoring,Continue routine monitoring.,medium,2026-07-06T10:00:20
REC00005791,INS00005791,USR008662,MINDGUARD,maintain_monitoring,Continue routine monitoring.,medium,2026-09-14T12:00:20
REC00005792,INS00005792,USR008663,MINDGUARD,maintain_monitoring,Continue routine monitoring.,medium,2026-07-03T23:00:20
REC00005793,INS00005793,USR008663,HEALTH_RESERVE,review_preparedness_goal,Review the preparedness goal and current buffer.,medium,2026-04-01T19:00:20
REC00005794,INS00005794,USR008664,MINDGUARD,wellbeing_checkin,Complete a wellbeing check-in to add context.,medium,2026-05-24T00:00:20
REC00005795,INS00005795,USR008664,HEALTH_RESERVE,review_preparedness_goal,Review the preparedness goal and current buffer.,medium,2026-09-03T02:00:20
REC00005796,INS00005796,USR008669,HEALTH_RESERVE,review_preparedness_goal,Review the preparedness goal and current buffer.,medium,2026-08-03T13:00:20
REC00005797,INS00005797,USR008670,MINDGUARD,maintain_monitoring,Continue routine monitoring.,low,2026-06-14T21:00:20
REC00005798,INS00005798,USR008670,HEALTH_RESERVE,review_preparedness_goal,Review the preparedness goal and current buffer.,low,2026-04-03T01:00:20
REC00005799,INS00005799,USR008672,MINDGUARD,review_sleep,Review recent sleep context and repeat monitoring when convenient.,low,2026-06-01T13:00:20
REC00005800,INS00005800,USR008676,MINDGUARD,repeat_assessment,Repeat the assessment later to add another observation.,low,2026-03-04T16:00:20
REC00005801,INS00005801,USR008678,MINDGUARD,repeat_assessment,Repeat the assessment later to add another observation.,low,2026-06-22T11:00:20
REC00005802,INS00005802,USR008678,HEALTH_RESERVE,review_preparedness_goal,Review the preparedness goal and current buffer.,medium,2026-07-21T17:00:20
REC00005803,INS00005803,USR008679,MINDGUARD,review_sleep,Review recent sleep context and repeat monitoring when convenient.,low,2026-05-20T09:00:20
REC00005804,INS00005804,USR008682,MINDGUARD,repeat_assessment,Repeat the assessment later to add another observation.,medium,2026-05-01T23:00:20
REC00005805,INS00005805,USR008683,HEALTH_RESERVE,review_preparedness_goal,Review the preparedness goal and current buffer.,medium,2026-01-03T11:00:20
REC00005806,INS00005806,USR008684,HEALTH_RESERVE,review_preparedness_goal,Review the preparedness goal and current buffer.,medium,2026-07-05T10:00:20
REC00005807,INS00005807,USR008690,MINDGUARD,maintain_monitoring,Continue routine monitoring.,medium,2026-07-23T03:00:20
REC00005808,INS00005808,USR008691,MINDGUARD,repeat_assessment,Repeat the assessment later to add another observation.,low,2026-02-01T06:00:20
REC00005809,INS00005809,USR008692,MINDGUARD,repeat_assessment,Repeat the assessment later to add another observation.,low,2026-07-23T08:00:20
REC00005810,INS00005810,USR008692,HEALTH_RESERVE,review_preparedness_goal,Review the preparedness goal and current buffer.,medium,2026-05-13T23:00:20
REC00005811,INS00005811,USR008693,MINDGUARD,maintain_monitoring,Continue routine monitoring.,low,2026-06-22T08:00:20
REC00005812,INS00005812,USR008696,MINDGUARD,maintain_monitoring,Continue routine monitoring.,low,2026-05-31T10:00:20
REC00005813,INS00005813,USR008698,MINDGUARD,repeat_assessment,Repeat the assessment later to add another observation.,low,2026-04-27T02:00:20
REC00005814,INS00005814,USR008700,HEALTH_RESERVE,review_preparedness_goal,Review the preparedness goal and current buffer.,medium,2026-05-23T00:00:20
REC00005815,INS00005815,USR008704,MINDGUARD,repeat_assessment,Repeat the assessment later to add another observation.,medium,2026-06-01T00:00:20
REC00005816,INS00005816,USR008704,HEALTH_RESERVE,review_preparedness_goal,Review the preparedness goal and current buffer.,medium,2026-03-05T05:00:20
REC00005817,INS00005817,USR008706,HEALTH_RESERVE,review_healthcare_coverage,Review healthcare coverage information.,medium,2026-07-20T02:00:20
REC00005818,INS00005818,USR008708,MINDGUARD,maintain_monitoring,Continue routine monitoring.,medium,2026-05-04T09:00:20
REC00005819,INS00005819,USR008709,MINDGUARD,maintain_monitoring,Continue routine monitoring.,medium,2026-09-14T12:00:20
REC00005820,INS00005820,USR008711,MINDGUARD,repeat_assessment,Repeat the assessment later to add another observation.,medium,2026-07-25T17:00:20
REC00005821,INS00005821,USR008711,HEALTH_RESERVE,review_preparedness_goal,Review the preparedness goal and current buffer.,medium,2026-04-30T17:00:20
REC00005822,INS00005822,USR008715,MINDGUARD,maintain_monitoring,Continue routine monitoring.,low,2026-05-30T15:00:20
REC00005823,INS00005823,USR008715,HEALTH_RESERVE,review_preparedness_goal,Review the preparedness goal and current buffer.,low,2026-05-25T05:00:20
REC00005824,INS00005824,USR008718,MINDGUARD,repeat_assessment,Repeat the assessment later to add another observation.,medium,2026-05-03T04:00:20
REC00005825,INS00005825,USR008718,HEALTH_RESERVE,review_preparedness_goal,Review the preparedness goal and current buffer.,low,2026-05-23T03:00:20
REC00005826,INS00005826,USR008719,MINDGUARD,maintain_monitoring,Continue routine monitoring.,medium,2026-06-12T19:00:20
REC00005827,INS00005827,USR008720,MINDGUARD,repeat_assessment,Repeat the assessment later to add another observation.,medium,2026-03-31T14:00:20
REC00005828,INS00005828,USR008721,MINDGUARD,repeat_assessment,Repeat the assessment later to add another observation.,medium,2026-06-02T22:00:20
REC00005829,INS00005829,USR008723,MINDGUARD,repeat_assessment,Repeat the assessment later to add another observation.,medium,2026-04-12T14:00:20
REC00005830,INS00005830,USR008726,MINDGUARD,repeat_assessment,Repeat the assessment later to add another observation.,medium,2026-05-24T18:00:20
REC00005831,INS00005831,USR008727,MINDGUARD,repeat_assessment,Repeat the assessment later to add another observation.,medium,2026-05-27T12:00:20
REC00005832,INS00005832,USR008728,MINDGUARD,review_sleep,Review recent sleep context and repeat monitoring when convenient.,medium,2026-06-28T21:00:20
REC00005833,INS00005833,USR008729,MINDGUARD,wellbeing_checkin,Complete a wellbeing check-in to add context.,low,2026-06-27T02:00:20
REC00005834,INS00005834,USR008730,MINDGUARD,wellbeing_checkin,Complete a wellbeing check-in to add context.,medium,2026-09-14T12:00:20
REC00005835,INS00005835,USR008731,HEALTH_RESERVE,review_preparedness_goal,Review the preparedness goal and current buffer.,low,2026-04-19T09:00:20
REC00005836,INS00005836,USR008733,MINDGUARD,repeat_assessment,Repeat the assessment later to add another observation.,low,2026-04-01T04:00:20
REC00005837,INS00005837,USR008733,HEALTH_RESERVE,review_preparedness_goal,Review the preparedness goal and current buffer.,medium,2026-08-19T01:00:20
REC00005838,INS00005838,USR008735,HEALTH_RESERVE,review_healthcare_coverage,Review healthcare coverage information.,medium,2026-08-03T01:00:20
REC00005839,INS00005839,USR008736,MINDGUARD,maintain_monitoring,Continue routine monitoring.,low,2026-09-14T12:00:20
REC00005840,INS00005840,USR008737,MINDGUARD,review_sleep,Review recent sleep context and repeat monitoring when convenient.,low,2026-07-29T06:00:20
REC00005841,INS00005841,USR008739,MINDGUARD,maintain_monitoring,Continue routine monitoring.,low,2026-09-01T19:00:20
REC00005842,INS00005842,USR008742,MINDGUARD,maintain_monitoring,Continue routine monitoring.,medium,2026-08-03T20:00:20
REC00005843,INS00005843,USR008743,MINDGUARD,maintain_monitoring,Continue routine monitoring.,medium,2026-09-02T07:00:20
REC00005844,INS00005844,USR008745,MINDGUARD,repeat_assessment,Repeat the assessment later to add another observation.,low,2026-05-03T15:00:20
REC00005845,INS00005845,USR008748,HEALTH_RESERVE,review_preparedness_goal,Review the preparedness goal and current buffer.,low,2026-02-26T20:00:20
REC00005846,INS00005846,USR008749,MINDGUARD,maintain_monitoring,Continue routine monitoring.,low,2026-06-04T01:00:20
REC00005847,INS00005847,USR008751,MINDGUARD,repeat_assessment,Repeat the assessment later to add another observation.,medium,2026-02-22T14:00:20
REC00005848,INS00005848,USR008756,MINDGUARD,repeat_assessment,Repeat the assessment later to add another observation.,medium,2026-04-11T04:00:20
REC00005849,INS00005849,USR008758,MINDGUARD,repeat_assessment,Repeat the assessment later to add another observation.,low,2026-09-14T12:00:20
REC00005850,INS00005850,USR008759,MINDGUARD,maintain_monitoring,Continue routine monitoring.,medium,2026-06-22T06:00:20
REC00005851,INS00005851,USR008759,HEALTH_RESERVE,review_preparedness_goal,Review the preparedness goal and current buffer.,medium,2026-08-20T13:00:20
REC00005852,INS00005852,USR008760,MINDGUARD,repeat_assessment,Repeat the assessment later to add another observation.,medium,2026-07-19T22:00:20
REC00005853,INS00005853,USR008761,MINDGUARD,maintain_monitoring,Continue routine monitoring.,low,2026-01-22T05:00:20
REC00005854,INS00005854,USR008763,HEALTH_RESERVE,review_preparedness_goal,Review the preparedness goal and current buffer.,low,2026-07-01T21:00:20
REC00005855,INS00005855,USR008764,HEALTH_RESERVE,review_preparedness_goal,Review the preparedness goal and current buffer.,medium,2026-04-21T11:00:20
REC00005856,INS00005856,USR008765,MINDGUARD,maintain_monitoring,Continue routine monitoring.,low,2026-05-17T22:00:20
REC00005857,INS00005857,USR008766,MINDGUARD,wellbeing_checkin,Complete a wellbeing check-in to add context.,medium,2026-09-14T12:00:20
REC00005858,INS00005858,USR008768,HEALTH_RESERVE,review_preparedness_goal,Review the preparedness goal and current buffer.,medium,2026-04-15T00:00:20
REC00005859,INS00005859,USR008772,HEALTH_RESERVE,review_preparedness_goal,Review the preparedness goal and current buffer.,low,2026-02-13T01:00:20
REC00005860,INS00005860,USR008776,MINDGUARD,maintain_monitoring,Continue routine monitoring.,low,2026-04-22T00:00:20
REC00005861,INS00005861,USR008777,MINDGUARD,repeat_assessment,Repeat the assessment later to add another observation.,medium,2026-02-22T03:00:20
REC00005862,INS00005862,USR008780,MINDGUARD,maintain_monitoring,Continue routine monitoring.,low,2026-04-30T07:00:20
REC00005863,INS00005863,USR008781,MINDGUARD,repeat_assessment,Repeat the assessment later to add another observation.,medium,2026-04-17T06:00:20
REC00005864,INS00005864,USR008784,MINDGUARD,maintain_monitoring,Continue routine monitoring.,low,2026-05-01T05:00:20
REC00005865,INS00005865,USR008786,MINDGUARD,maintain_monitoring,Continue routine monitoring.,medium,2026-06-11T09:00:20
REC00005866,INS00005866,USR008786,HEALTH_RESERVE,review_preparedness_goal,Review the preparedness goal and current buffer.,low,2026-09-14T12:00:20
REC00005867,INS00005867,USR008787,MINDGUARD,repeat_assessment,Repeat the assessment later to add another observation.,low,2026-09-07T17:00:20
REC00005868,INS00005868,USR008789,MINDGUARD,maintain_monitoring,Continue routine monitoring.,medium,2026-07-19T12:00:20
REC00005869,INS00005869,USR008790,HEALTH_RESERVE,review_preparedness_goal,Review the preparedness goal and current buffer.,medium,2026-05-18T00:00:20
REC00005870,INS00005870,USR008791,HEALTH_RESERVE,review_healthcare_coverage,Review healthcare coverage information.,medium,2026-05-14T13:00:20
REC00005871,INS00005871,USR008792,HEALTH_RESERVE,review_preparedness_goal,Review the preparedness goal and current buffer.,medium,2026-08-08T10:00:20
REC00005872,INS00005872,USR008793,MINDGUARD,repeat_assessment,Repeat the assessment later to add another observation.,low,2026-06-12T18:00:20
REC00005873,INS00005873,USR008796,HEALTH_RESERVE,review_preparedness_goal,Review the preparedness goal and current buffer.,medium,2026-06-02T00:00:20
REC00005874,INS00005874,USR008797,HEALTH_RESERVE,review_preparedness_goal,Review the preparedness goal and current buffer.,low,2026-06-26T09:00:20
REC00005875,INS00005875,USR008798,MINDGUARD,repeat_assessment,Repeat the assessment later to add another observation.,low,2026-02-23T21:00:20
REC00005876,INS00005876,USR008800,MINDGUARD,review_sleep,Review recent sleep context and repeat monitoring when convenient.,low,2026-09-14T12:00:20
REC00005877,INS00005877,USR008801,MINDGUARD,repeat_assessment,Repeat the assessment later to add another observation.,low,2026-05-31T04:00:20
REC00005878,INS00005878,USR008807,HEALTH_RESERVE,review_preparedness_goal,Review the preparedness goal and current buffer.,low,2026-05-11T09:00:20
REC00005879,INS00005879,USR008811,HEALTH_RESERVE,review_preparedness_goal,Review the preparedness goal and current buffer.,low,2026-05-17T13:00:20
REC00005880,INS00005880,USR008812,MINDGUARD,repeat_assessment,Repeat the assessment later to add another observation.,medium,2026-06-01T21:00:20
REC00005881,INS00005881,USR008813,HEALTH_RESERVE,review_healthcare_coverage,Review healthcare coverage information.,low,2026-08-09T17:00:20
REC00005882,INS00005882,USR008814,MINDGUARD,repeat_assessment,Repeat the assessment later to add another observation.,medium,2026-03-07T00:00:20
REC00005883,INS00005883,USR008815,MINDGUARD,maintain_monitoring,Continue routine monitoring.,low,2026-07-01T18:00:20
REC00005884,INS00005884,USR008819,HEALTH_RESERVE,review_healthcare_coverage,Review healthcare coverage information.,low,2026-04-25T18:00:20
REC00005885,INS00005885,USR008823,MINDGUARD,repeat_assessment,Repeat the assessment later to add another observation.,low,2026-06-03T11:00:20
REC00005886,INS00005886,USR008824,MINDGUARD,repeat_assessment,Repeat the assessment later to add another observation.,low,2026-03-20T13:00:20
REC00005887,INS00005887,USR008825,MINDGUARD,repeat_assessment,Repeat the assessment later to add another observation.,medium,2026-04-15T22:00:20
REC00005888,INS00005888,USR008827,MINDGUARD,repeat_assessment,Repeat the assessment later to add another observation.,medium,2026-06-13T03:00:20
REC00005889,INS00005889,USR008827,HEALTH_RESERVE,review_preparedness_goal,Review the preparedness goal and current buffer.,medium,2026-04-27T12:00:20
REC00005890,INS00005890,USR008828,HEALTH_RESERVE,review_healthcare_coverage,Review healthcare coverage information.,low,2026-01-22T14:00:20
REC00005891,INS00005891,USR008829,MINDGUARD,repeat_assessment,Repeat the assessment later to add another observation.,low,2026-05-11T08:00:20
REC00005892,INS00005892,USR008830,MINDGUARD,repeat_assessment,Repeat the assessment later to add another observation.,low,2026-09-14T12:00:20
REC00005893,INS00005893,USR008831,MINDGUARD,maintain_monitoring,Continue routine monitoring.,medium,2026-05-31T03:00:20
REC00005894,INS00005894,USR008832,HEALTH_RESERVE,review_healthcare_coverage,Review healthcare coverage information.,medium,2026-05-05T15:00:20
REC00005895,INS00005895,USR008835,MINDGUARD,repeat_assessment,Repeat the assessment later to add another observation.,medium,2026-03-06T12:00:20
REC00005896,INS00005896,USR008836,HEALTH_RESERVE,review_healthcare_coverage,Review healthcare coverage information.,low,2026-06-05T12:00:20
REC00005897,INS00005897,USR008837,MINDGUARD,maintain_monitoring,Continue routine monitoring.,medium,2026-05-21T08:00:20
REC00005898,INS00005898,USR008841,MINDGUARD,repeat_assessment,Repeat the assessment later to add another observation.,medium,2026-01-23T02:00:20
REC00005899,INS00005899,USR008843,MINDGUARD,maintain_monitoring,Continue routine monitoring.,low,2026-09-14T12:00:20
REC00005900,INS00005900,USR008845,HEALTH_RESERVE,review_healthcare_coverage,Review healthcare coverage information.,low,2026-09-11T09:00:20
REC00005901,INS00005901,USR008849,MINDGUARD,repeat_assessment,Repeat the assessment later to add another observation.,low,2026-09-14T12:00:20
REC00005902,INS00005902,USR008850,MINDGUARD,repeat_assessment,Repeat the assessment later to add another observation.,low,2026-08-03T00:00:20
REC00005903,INS00005903,USR008851,MINDGUARD,wellbeing_checkin,Complete a wellbeing check-in to add context.,medium,2026-05-19T13:00:20
REC00005904,INS00005904,USR008852,MINDGUARD,maintain_monitoring,Continue routine monitoring.,medium,2026-09-14T12:00:20
REC00005905,INS00005905,USR008855,HEALTH_RESERVE,review_preparedness_goal,Review the preparedness goal and current buffer.,low,2026-04-12T22:00:20
REC00005906,INS00005906,USR008856,HEALTH_RESERVE,review_healthcare_coverage,Review healthcare coverage information.,low,2026-05-20T10:00:20
REC00005907,INS00005907,USR008857,HEALTH_RESERVE,review_preparedness_goal,Review the preparedness goal and current buffer.,low,2026-01-01T05:00:20
REC00005908,INS00005908,USR008858,MINDGUARD,review_sleep,Review recent sleep context and repeat monitoring when convenient.,low,2026-08-19T05:00:20
REC00005909,INS00005909,USR008860,MINDGUARD,maintain_monitoring,Continue routine monitoring.,low,2026-09-14T12:00:20
REC00005910,INS00005910,USR008864,MINDGUARD,maintain_monitoring,Continue routine monitoring.,low,2026-09-14T12:00:20
REC00005911,INS00005911,USR008865,MINDGUARD,repeat_assessment,Repeat the assessment later to add another observation.,medium,2026-06-12T03:00:20
REC00005912,INS00005912,USR008866,HEALTH_RESERVE,review_preparedness_goal,Review the preparedness goal and current buffer.,medium,2026-06-23T04:00:20
REC00005913,INS00005913,USR008868,MINDGUARD,review_sleep,Review recent sleep context and repeat monitoring when convenient.,low,2026-05-14T15:00:20
REC00005914,INS00005914,USR008870,MINDGUARD,maintain_monitoring,Continue routine monitoring.,medium,2026-09-14T12:00:20
REC00005915,INS00005915,USR008870,HEALTH_RESERVE,review_preparedness_goal,Review the preparedness goal and current buffer.,low,2026-05-22T12:00:20
REC00005916,INS00005916,USR008871,MINDGUARD,repeat_assessment,Repeat the assessment later to add another observation.,medium,2026-05-09T23:00:20
REC00005917,INS00005917,USR008873,MINDGUARD,repeat_assessment,Repeat the assessment later to add another observation.,low,2026-05-05T18:00:20
REC00005918,INS00005918,USR008874,HEALTH_RESERVE,review_preparedness_goal,Review the preparedness goal and current buffer.,medium,2026-06-21T12:00:20
REC00005919,INS00005919,USR008876,HEALTH_RESERVE,review_preparedness_goal,Review the preparedness goal and current buffer.,low,2026-01-18T21:00:20
REC00005920,INS00005920,USR008880,MINDGUARD,repeat_assessment,Repeat the assessment later to add another observation.,low,2026-05-14T13:00:20
REC00005921,INS00005921,USR008881,MINDGUARD,maintain_monitoring,Continue routine monitoring.,medium,2026-07-13T12:00:20
REC00005922,INS00005922,USR008882,MINDGUARD,review_sleep,Review recent sleep context and repeat monitoring when convenient.,medium,2026-09-02T07:00:20
REC00005923,INS00005923,USR008884,MINDGUARD,repeat_assessment,Repeat the assessment later to add another observation.,low,2026-05-14T09:00:20
REC00005924,INS00005924,USR008887,MINDGUARD,maintain_monitoring,Continue routine monitoring.,medium,2026-09-14T12:00:20
REC00005925,INS00005925,USR008890,MINDGUARD,repeat_assessment,Repeat the assessment later to add another observation.,medium,2026-06-11T20:00:20
REC00005926,INS00005926,USR008893,MINDGUARD,repeat_assessment,Repeat the assessment later to add another observation.,medium,2026-05-29T20:00:20
REC00005927,INS00005927,USR008893,HEALTH_RESERVE,review_healthcare_coverage,Review healthcare coverage information.,low,2026-04-03T15:00:20
REC00005928,INS00005928,USR008897,MINDGUARD,repeat_assessment,Repeat the assessment later to add another observation.,low,2026-01-22T13:00:20
REC00005929,INS00005929,USR008899,HEALTH_RESERVE,review_preparedness_goal,Review the preparedness goal and current buffer.,low,2026-04-30T01:00:20
REC00005930,INS00005930,USR008900,MINDGUARD,wellbeing_checkin,Complete a wellbeing check-in to add context.,low,2026-09-14T12:00:20
REC00005931,INS00005931,USR008901,MINDGUARD,repeat_assessment,Repeat the assessment later to add another observation.,medium,2026-02-01T06:00:20
REC00005932,INS00005932,USR008903,MINDGUARD,maintain_monitoring,Continue routine monitoring.,low,2026-05-16T13:00:20
REC00005933,INS00005933,USR008903,HEALTH_RESERVE,review_preparedness_goal,Review the preparedness goal and current buffer.,medium,2026-08-29T16:00:20
REC00005934,INS00005934,USR008908,MINDGUARD,repeat_assessment,Repeat the assessment later to add another observation.,medium,2026-06-30T04:00:20
REC00005935,INS00005935,USR008913,HEALTH_RESERVE,review_preparedness_goal,Review the preparedness goal and current buffer.,low,2026-03-08T08:00:20
REC00005936,INS00005936,USR008914,HEALTH_RESERVE,review_healthcare_coverage,Review healthcare coverage information.,low,2026-09-10T20:00:20
REC00005937,INS00005937,USR008915,HEALTH_RESERVE,review_preparedness_goal,Review the preparedness goal and current buffer.,low,2026-07-12T10:00:20
REC00005938,INS00005938,USR008917,HEALTH_RESERVE,review_healthcare_coverage,Review healthcare coverage information.,medium,2026-06-22T11:00:20
REC00005939,INS00005939,USR008920,MINDGUARD,maintain_monitoring,Continue routine monitoring.,low,2026-05-23T05:00:20
REC00005940,INS00005940,USR008921,MINDGUARD,review_sleep,Review recent sleep context and repeat monitoring when convenient.,medium,2026-07-01T23:00:20
REC00005941,INS00005941,USR008922,MINDGUARD,repeat_assessment,Repeat the assessment later to add another observation.,low,2026-05-06T19:00:20
REC00005942,INS00005942,USR008923,MINDGUARD,maintain_monitoring,Continue routine monitoring.,medium,2026-09-14T12:00:20
REC00005943,INS00005943,USR008924,MINDGUARD,repeat_assessment,Repeat the assessment later to add another observation.,medium,2026-04-02T12:00:20
REC00005944,INS00005944,USR008925,MINDGUARD,repeat_assessment,Repeat the assessment later to add another observation.,medium,2026-03-31T08:00:20
REC00005945,INS00005945,USR008926,MINDGUARD,repeat_assessment,Repeat the assessment later to add another observation.,medium,2026-04-17T07:00:20
REC00005946,INS00005946,USR008929,MINDGUARD,maintain_monitoring,Continue routine monitoring.,medium,2026-09-14T12:00:20
REC00005947,INS00005947,USR008930,MINDGUARD,repeat_assessment,Repeat the assessment later to add another observation.,medium,2026-08-07T10:00:20
REC00005948,INS00005948,USR008931,MINDGUARD,repeat_assessment,Repeat the assessment later to add another observation.,low,2026-05-29T10:00:20
REC00005949,INS00005949,USR008934,MINDGUARD,maintain_monitoring,Continue routine monitoring.,low,2026-09-14T12:00:20
REC00005950,INS00005950,USR008935,MINDGUARD,maintain_monitoring,Continue routine monitoring.,medium,2026-07-01T00:00:20
REC00005951,INS00005951,USR008936,MINDGUARD,repeat_assessment,Repeat the assessment later to add another observation.,medium,2026-02-23T04:00:20
REC00005952,INS00005952,USR008937,MINDGUARD,maintain_monitoring,Continue routine monitoring.,medium,2026-06-11T15:00:20
REC00005953,INS00005953,USR008939,MINDGUARD,maintain_monitoring,Continue routine monitoring.,medium,2026-08-30T02:00:20
REC00005954,INS00005954,USR008941,MINDGUARD,repeat_assessment,Repeat the assessment later to add another observation.,low,2026-03-20T12:00:20
REC00005955,INS00005955,USR008952,HEALTH_RESERVE,review_healthcare_coverage,Review healthcare coverage information.,medium,2026-07-25T11:00:20
REC00005956,INS00005956,USR008953,MINDGUARD,maintain_monitoring,Continue routine monitoring.,low,2026-09-14T12:00:20
REC00005957,INS00005957,USR008955,HEALTH_RESERVE,review_preparedness_goal,Review the preparedness goal and current buffer.,low,2026-07-20T13:00:20
REC00005958,INS00005958,USR008957,MINDGUARD,maintain_monitoring,Continue routine monitoring.,low,2026-01-17T06:00:20
REC00005959,INS00005959,USR008959,HEALTH_RESERVE,review_preparedness_goal,Review the preparedness goal and current buffer.,low,2026-03-16T19:00:20
REC00005960,INS00005960,USR008960,MINDGUARD,maintain_monitoring,Continue routine monitoring.,medium,2026-08-15T01:00:20
REC00005961,INS00005961,USR008961,MINDGUARD,repeat_assessment,Repeat the assessment later to add another observation.,medium,2026-04-13T18:00:20
REC00005962,INS00005962,USR008963,MINDGUARD,maintain_monitoring,Continue routine monitoring.,low,2026-09-14T12:00:20
REC00005963,INS00005963,USR008964,MINDGUARD,maintain_monitoring,Continue routine monitoring.,medium,2026-05-24T17:00:20
REC00005964,INS00005964,USR008965,MINDGUARD,maintain_monitoring,Continue routine monitoring.,low,2026-05-04T10:00:20
REC00005965,INS00005965,USR008967,MINDGUARD,maintain_monitoring,Continue routine monitoring.,medium,2026-06-24T17:00:20
REC00005966,INS00005966,USR008968,MINDGUARD,maintain_monitoring,Continue routine monitoring.,low,2026-06-25T19:00:20
REC00005967,INS00005967,USR008968,HEALTH_RESERVE,review_preparedness_goal,Review the preparedness goal and current buffer.,medium,2026-01-31T17:00:20
REC00005968,INS00005968,USR008969,MINDGUARD,maintain_monitoring,Continue routine monitoring.,medium,2026-07-23T19:00:20
REC00005969,INS00005969,USR008970,MINDGUARD,maintain_monitoring,Continue routine monitoring.,medium,2026-09-14T12:00:20
REC00005970,INS00005970,USR008972,HEALTH_RESERVE,review_preparedness_goal,Review the preparedness goal and current buffer.,low,2026-03-25T05:00:20
REC00005971,INS00005971,USR008975,HEALTH_RESERVE,review_preparedness_goal,Review the preparedness goal and current buffer.,low,2026-03-07T00:00:20
REC00005972,INS00005972,USR008976,HEALTH_RESERVE,review_preparedness_goal,Review the preparedness goal and current buffer.,medium,2026-09-14T12:00:20
REC00005973,INS00005973,USR008977,MINDGUARD,maintain_monitoring,Continue routine monitoring.,low,2026-07-29T17:00:20
REC00005974,INS00005974,USR008978,HEALTH_RESERVE,review_preparedness_goal,Review the preparedness goal and current buffer.,medium,2026-05-14T08:00:20
REC00005975,INS00005975,USR008979,MINDGUARD,maintain_monitoring,Continue routine monitoring.,low,2026-09-13T14:00:20
REC00005976,INS00005976,USR008980,HEALTH_RESERVE,review_preparedness_goal,Review the preparedness goal and current buffer.,low,2026-08-13T17:00:20
REC00005977,INS00005977,USR008981,MINDGUARD,repeat_assessment,Repeat the assessment later to add another observation.,medium,2026-07-04T08:00:20
REC00005978,INS00005978,USR008982,MINDGUARD,repeat_assessment,Repeat the assessment later to add another observation.,medium,2026-09-14T12:00:20
REC00005979,INS00005979,USR008983,MINDGUARD,maintain_monitoring,Continue routine monitoring.,medium,2026-06-30T16:00:20
REC00005980,INS00005980,USR008985,HEALTH_RESERVE,review_preparedness_goal,Review the preparedness goal and current buffer.,low,2026-06-09T04:00:20
REC00005981,INS00005981,USR008987,HEALTH_RESERVE,review_healthcare_coverage,Review healthcare coverage information.,low,2026-08-14T02:00:20
REC00005982,INS00005982,USR008988,HEALTH_RESERVE,review_preparedness_goal,Review the preparedness goal and current buffer.,low,2026-05-21T03:00:20
REC00005983,INS00005983,USR008990,HEALTH_RESERVE,review_preparedness_goal,Review the preparedness goal and current buffer.,medium,2026-06-13T01:00:20
REC00005984,INS00005984,USR008991,MINDGUARD,repeat_assessment,Repeat the assessment later to add another observation.,low,2026-03-14T07:00:20
REC00005985,INS00005985,USR008992,MINDGUARD,maintain_monitoring,Continue routine monitoring.,medium,2026-09-14T12:00:20
REC00005986,INS00005986,USR008995,MINDGUARD,wellbeing_checkin,Complete a wellbeing check-in to add context.,low,2026-09-14T12:00:20
REC00005987,INS00005987,USR008996,MINDGUARD,maintain_monitoring,Continue routine monitoring.,low,2026-08-29T22:00:20
REC00005988,INS00005988,USR008997,MINDGUARD,repeat_assessment,Repeat the assessment later to add another observation.,low,2026-04-20T16:00:20
REC00005989,INS00005989,USR008998,MINDGUARD,review_sleep,Review recent sleep context and repeat monitoring when convenient.,medium,2026-06-20T15:00:20
REC00005990,INS00005990,USR008998,HEALTH_RESERVE,review_preparedness_goal,Review the preparedness goal and current buffer.,medium,2026-07-27T18:00:20
REC00005991,INS00005991,USR009000,HEALTH_RESERVE,review_healthcare_coverage,Review healthcare coverage information.,medium,2026-09-14T12:00:20
REC00005992,INS00005992,USR009002,MINDGUARD,repeat_assessment,Repeat the assessment later to add another observation.,medium,2026-04-17T20:00:20
REC00005993,INS00005993,USR009003,HEALTH_RESERVE,review_preparedness_goal,Review the preparedness goal and current buffer.,medium,2026-08-10T09:00:20
REC00005994,INS00005994,USR009006,MINDGUARD,maintain_monitoring,Continue routine monitoring.,medium,2026-04-11T11:00:20
REC00005995,INS00005995,USR009007,MINDGUARD,repeat_assessment,Repeat the assessment later to add another observation.,low,2026-09-14T12:00:20
REC00005996,INS00005996,USR009007,HEALTH_RESERVE,review_healthcare_coverage,Review healthcare coverage information.,low,2026-09-14T12:00:20
REC00005997,INS00005997,USR009008,MINDGUARD,repeat_assessment,Repeat the assessment later to add another observation.,medium,2026-07-10T20:00:20
REC00005998,INS00005998,USR009008,HEALTH_RESERVE,review_preparedness_goal,Review the preparedness goal and current buffer.,medium,2026-09-14T12:00:20
REC00005999,INS00005999,USR009009,HEALTH_RESERVE,review_preparedness_goal,Review the preparedness goal and current buffer.,medium,2026-03-30T22:00:20
REC00006000,INS00006000,USR009011,MINDGUARD,maintain_monitoring,Continue routine monitoring.,low,2026-07-31T18:00:20
REC00006001,INS00006001,USR009011,HEALTH_RESERVE,review_healthcare_coverage,Review healthcare coverage information.,medium,2026-02-06T17:00:20
REC00006002,INS00006002,USR009012,MINDGUARD,wellbeing_checkin,Complete a wellbeing check-in to add context.,low,2026-09-14T12:00:20
REC00006003,INS00006003,USR009013,MINDGUARD,maintain_monitoring,Continue routine monitoring.,medium,2026-09-14T12:00:20
REC00006004,INS00006004,USR009014,MINDGUARD,maintain_monitoring,Continue routine monitoring.,medium,2026-08-08T00:00:20
REC00006005,INS00006005,USR009014,HEALTH_RESERVE,review_preparedness_goal,Review the preparedness goal and current buffer.,medium,2026-06-12T22:00:20
REC00006006,INS00006006,USR009015,MINDGUARD,maintain_monitoring,Continue routine monitoring.,low,2026-06-24T22:00:20
REC00006007,INS00006007,USR009016,HEALTH_RESERVE,review_healthcare_coverage,Review healthcare coverage information.,low,2026-07-13T12:00:20
REC00006008,INS00006008,USR009017,MINDGUARD,maintain_monitoring,Continue routine monitoring.,medium,2026-08-07T00:00:20
REC00006009,INS00006009,USR009020,HEALTH_RESERVE,review_preparedness_goal,Review the preparedness goal and current buffer.,low,2026-08-22T13:00:20
REC00006010,INS00006010,USR009021,MINDGUARD,repeat_assessment,Repeat the assessment later to add another observation.,low,2026-06-17T17:00:20
REC00006011,INS00006011,USR009022,MINDGUARD,repeat_assessment,Repeat the assessment later to add another observation.,medium,2026-03-17T18:00:20
REC00006012,INS00006012,USR009023,MINDGUARD,repeat_assessment,Repeat the assessment later to add another observation.,low,2026-09-14T12:00:20
REC00006013,INS00006013,USR009024,MINDGUARD,maintain_monitoring,Continue routine monitoring.,medium,2026-09-14T12:00:20
REC00006014,INS00006014,USR009027,MINDGUARD,repeat_assessment,Repeat the assessment later to add another observation.,low,2026-07-03T21:00:20
REC00006015,INS00006015,USR009030,MINDGUARD,maintain_monitoring,Continue routine monitoring.,low,2026-09-14T12:00:20
REC00006016,INS00006016,USR009035,MINDGUARD,repeat_assessment,Repeat the assessment later to add another observation.,low,2026-07-08T13:00:20
REC00006017,INS00006017,USR009036,MINDGUARD,wellbeing_checkin,Complete a wellbeing check-in to add context.,low,2026-06-07T11:00:20
REC00006018,INS00006018,USR009038,MINDGUARD,maintain_monitoring,Continue routine monitoring.,low,2026-08-12T13:00:20
REC00006019,INS00006019,USR009041,MINDGUARD,repeat_assessment,Repeat the assessment later to add another observation.,low,2026-09-14T12:00:20
REC00006020,INS00006020,USR009042,HEALTH_RESERVE,review_preparedness_goal,Review the preparedness goal and current buffer.,medium,2026-05-28T11:00:20
REC00006021,INS00006021,USR009045,MINDGUARD,review_sleep,Review recent sleep context and repeat monitoring when convenient.,low,2026-09-14T12:00:20
REC00006022,INS00006022,USR009048,MINDGUARD,maintain_monitoring,Continue routine monitoring.,low,2026-07-28T19:00:20
REC00006023,INS00006023,USR009050,MINDGUARD,wellbeing_checkin,Complete a wellbeing check-in to add context.,low,2026-04-17T19:00:20
REC00006024,INS00006024,USR009051,MINDGUARD,maintain_monitoring,Continue routine monitoring.,medium,2026-09-14T12:00:20
REC00006025,INS00006025,USR009052,MINDGUARD,maintain_monitoring,Continue routine monitoring.,low,2026-07-27T12:00:20
REC00006026,INS00006026,USR009053,MINDGUARD,maintain_monitoring,Continue routine monitoring.,medium,2026-02-22T23:00:20
REC00006027,INS00006027,USR009054,MINDGUARD,maintain_monitoring,Continue routine monitoring.,medium,2026-09-14T12:00:20
REC00006028,INS00006028,USR009056,MINDGUARD,review_sleep,Review recent sleep context and repeat monitoring when convenient.,low,2026-08-14T16:00:20
REC00006029,INS00006029,USR009059,MINDGUARD,wellbeing_checkin,Complete a wellbeing check-in to add context.,medium,2026-09-14T12:00:20
REC00006030,INS00006030,USR009061,MINDGUARD,review_sleep,Review recent sleep context and repeat monitoring when convenient.,low,2026-09-14T12:00:20
REC00006031,INS00006031,USR009063,MINDGUARD,wellbeing_checkin,Complete a wellbeing check-in to add context.,low,2026-05-23T19:00:20
REC00006032,INS00006032,USR009063,HEALTH_RESERVE,review_preparedness_goal,Review the preparedness goal and current buffer.,low,2026-08-01T18:00:20
REC00006033,INS00006033,USR009064,HEALTH_RESERVE,review_preparedness_goal,Review the preparedness goal and current buffer.,medium,2026-03-06T08:00:20
REC00006034,INS00006034,USR009066,MINDGUARD,review_sleep,Review recent sleep context and repeat monitoring when convenient.,medium,2026-03-22T16:00:20
REC00006035,INS00006035,USR009068,HEALTH_RESERVE,review_preparedness_goal,Review the preparedness goal and current buffer.,medium,2026-06-01T18:00:20
REC00006036,INS00006036,USR009069,MINDGUARD,maintain_monitoring,Continue routine monitoring.,low,2026-05-12T23:00:20
REC00006037,INS00006037,USR009070,MINDGUARD,repeat_assessment,Repeat the assessment later to add another observation.,low,2026-05-18T20:00:20
REC00006038,INS00006038,USR009071,MINDGUARD,repeat_assessment,Repeat the assessment later to add another observation.,medium,2026-05-04T01:00:20
REC00006039,INS00006039,USR009072,MINDGUARD,repeat_assessment,Repeat the assessment later to add another observation.,medium,2026-03-13T10:00:20
REC00006040,INS00006040,USR009074,MINDGUARD,repeat_assessment,Repeat the assessment later to add another observation.,medium,2026-01-23T19:00:20
REC00006041,INS00006041,USR009076,HEALTH_RESERVE,review_preparedness_goal,Review the preparedness goal and current buffer.,medium,2026-09-14T12:00:20
REC00006042,INS00006042,USR009079,MINDGUARD,repeat_assessment,Repeat the assessment later to add another observation.,medium,2026-05-30T00:00:20
REC00006043,INS00006043,USR009080,MINDGUARD,maintain_monitoring,Continue routine monitoring.,low,2026-03-23T13:00:20
REC00006044,INS00006044,USR009081,HEALTH_RESERVE,review_preparedness_goal,Review the preparedness goal and current buffer.,low,2026-09-14T12:00:20
REC00006045,INS00006045,USR009082,HEALTH_RESERVE,review_preparedness_goal,Review the preparedness goal and current buffer.,medium,2026-05-02T01:00:20
REC00006046,INS00006046,USR009083,HEALTH_RESERVE,review_preparedness_goal,Review the preparedness goal and current buffer.,low,2026-08-07T03:00:20
REC00006047,INS00006047,USR009085,MINDGUARD,maintain_monitoring,Continue routine monitoring.,low,2026-03-06T22:00:20
REC00006048,INS00006048,USR009087,MINDGUARD,repeat_assessment,Repeat the assessment later to add another observation.,low,2026-08-03T19:00:20
REC00006049,INS00006049,USR009088,MINDGUARD,review_sleep,Review recent sleep context and repeat monitoring when convenient.,low,2026-09-14T12:00:20
REC00006050,INS00006050,USR009090,MINDGUARD,wellbeing_checkin,Complete a wellbeing check-in to add context.,medium,2026-05-07T21:00:20
REC00006051,INS00006051,USR009091,MINDGUARD,repeat_assessment,Repeat the assessment later to add another observation.,medium,2026-05-04T11:00:20
REC00006052,INS00006052,USR009094,MINDGUARD,repeat_assessment,Repeat the assessment later to add another observation.,medium,2026-05-11T23:00:20
REC00006053,INS00006053,USR009097,MINDGUARD,repeat_assessment,Repeat the assessment later to add another observation.,low,2026-05-07T00:00:20
REC00006054,INS00006054,USR009098,MINDGUARD,maintain_monitoring,Continue routine monitoring.,medium,2026-08-12T13:00:20
REC00006055,INS00006055,USR009100,MINDGUARD,repeat_assessment,Repeat the assessment later to add another observation.,low,2026-07-18T04:00:20
REC00006056,INS00006056,USR009101,MINDGUARD,repeat_assessment,Repeat the assessment later to add another observation.,low,2026-08-11T14:00:20
REC00006057,INS00006057,USR009102,MINDGUARD,maintain_monitoring,Continue routine monitoring.,low,2026-09-14T12:00:20
REC00006058,INS00006058,USR009102,HEALTH_RESERVE,review_preparedness_goal,Review the preparedness goal and current buffer.,medium,2026-06-25T11:00:20
REC00006059,INS00006059,USR009104,HEALTH_RESERVE,review_preparedness_goal,Review the preparedness goal and current buffer.,medium,2026-07-22T22:00:20
REC00006060,INS00006060,USR009105,MINDGUARD,repeat_assessment,Repeat the assessment later to add another observation.,low,2026-04-11T20:00:20
REC00006061,INS00006061,USR009106,MINDGUARD,wellbeing_checkin,Complete a wellbeing check-in to add context.,low,2026-08-08T15:00:20
REC00006062,INS00006062,USR009107,MINDGUARD,repeat_assessment,Repeat the assessment later to add another observation.,medium,2026-08-05T02:00:20
REC00006063,INS00006063,USR009109,MINDGUARD,repeat_assessment,Repeat the assessment later to add another observation.,low,2026-06-22T17:00:20
REC00006064,INS00006064,USR009110,HEALTH_RESERVE,review_preparedness_goal,Review the preparedness goal and current buffer.,medium,2026-04-27T22:00:20
REC00006065,INS00006065,USR009114,MINDGUARD,wellbeing_checkin,Complete a wellbeing check-in to add context.,medium,2026-09-14T12:00:20
REC00006066,INS00006066,USR009115,MINDGUARD,review_sleep,Review recent sleep context and repeat monitoring when convenient.,medium,2026-09-14T12:00:20
REC00006067,INS00006067,USR009117,MINDGUARD,repeat_assessment,Repeat the assessment later to add another observation.,low,2026-05-11T04:00:20
REC00006068,INS00006068,USR009118,HEALTH_RESERVE,review_preparedness_goal,Review the preparedness goal and current buffer.,medium,2026-07-16T22:00:20
REC00006069,INS00006069,USR009120,HEALTH_RESERVE,review_preparedness_goal,Review the preparedness goal and current buffer.,low,2026-05-25T14:00:20
REC00006070,INS00006070,USR009123,MINDGUARD,repeat_assessment,Repeat the assessment later to add another observation.,medium,2026-01-19T23:00:20
REC00006071,INS00006071,USR009124,MINDGUARD,repeat_assessment,Repeat the assessment later to add another observation.,low,2026-06-02T12:00:20
REC00006072,INS00006072,USR009125,MINDGUARD,repeat_assessment,Repeat the assessment later to add another observation.,medium,2026-05-29T23:00:20
REC00006073,INS00006073,USR009126,MINDGUARD,repeat_assessment,Repeat the assessment later to add another observation.,medium,2026-04-28T19:00:20
REC00006074,INS00006074,USR009127,MINDGUARD,repeat_assessment,Repeat the assessment later to add another observation.,low,2026-07-29T06:00:20
REC00006075,INS00006075,USR009128,HEALTH_RESERVE,review_healthcare_coverage,Review healthcare coverage information.,medium,2026-08-28T18:00:20
REC00006076,INS00006076,USR009129,HEALTH_RESERVE,review_preparedness_goal,Review the preparedness goal and current buffer.,low,2026-04-19T20:00:20
REC00006077,INS00006077,USR009130,MINDGUARD,maintain_monitoring,Continue routine monitoring.,medium,2026-09-14T12:00:20
REC00006078,INS00006078,USR009131,HEALTH_RESERVE,review_preparedness_goal,Review the preparedness goal and current buffer.,low,2026-06-01T17:00:20
REC00006079,INS00006079,USR009136,MINDGUARD,repeat_assessment,Repeat the assessment later to add another observation.,low,2026-07-17T17:00:20
REC00006080,INS00006080,USR009136,HEALTH_RESERVE,review_preparedness_goal,Review the preparedness goal and current buffer.,medium,2026-05-06T14:00:20
REC00006081,INS00006081,USR009137,MINDGUARD,maintain_monitoring,Continue routine monitoring.,low,2026-07-15T11:00:20
REC00006082,INS00006082,USR009140,HEALTH_RESERVE,review_preparedness_goal,Review the preparedness goal and current buffer.,medium,2026-08-15T13:00:20
REC00006083,INS00006083,USR009144,MINDGUARD,maintain_monitoring,Continue routine monitoring.,low,2026-05-10T14:00:20
REC00006084,INS00006084,USR009145,MINDGUARD,repeat_assessment,Repeat the assessment later to add another observation.,low,2026-07-14T15:00:20
REC00006085,INS00006085,USR009146,MINDGUARD,maintain_monitoring,Continue routine monitoring.,medium,2026-03-29T03:00:20
REC00006086,INS00006086,USR009148,HEALTH_RESERVE,review_preparedness_goal,Review the preparedness goal and current buffer.,medium,2026-04-22T15:00:20
REC00006087,INS00006087,USR009149,MINDGUARD,repeat_assessment,Repeat the assessment later to add another observation.,low,2026-06-21T03:00:20
REC00006088,INS00006088,USR009151,MINDGUARD,repeat_assessment,Repeat the assessment later to add another observation.,low,2026-05-01T13:00:20
REC00006089,INS00006089,USR009152,MINDGUARD,review_sleep,Review recent sleep context and repeat monitoring when convenient.,low,2026-06-20T08:00:20
REC00006090,INS00006090,USR009155,MINDGUARD,repeat_assessment,Repeat the assessment later to add another observation.,low,2026-04-03T09:00:20
REC00006091,INS00006091,USR009156,MINDGUARD,repeat_assessment,Repeat the assessment later to add another observation.,medium,2026-05-06T16:00:20
REC00006092,INS00006092,USR009156,HEALTH_RESERVE,review_preparedness_goal,Review the preparedness goal and current buffer.,low,2026-06-11T20:00:20
REC00006093,INS00006093,USR009157,MINDGUARD,repeat_assessment,Repeat the assessment later to add another observation.,medium,2026-02-06T14:00:20
REC00006094,INS00006094,USR009158,MINDGUARD,maintain_monitoring,Continue routine monitoring.,low,2026-07-16T11:00:20
REC00006095,INS00006095,USR009160,MINDGUARD,wellbeing_checkin,Complete a wellbeing check-in to add context.,medium,2026-02-27T01:00:20
REC00006096,INS00006096,USR009161,MINDGUARD,maintain_monitoring,Continue routine monitoring.,medium,2026-09-14T12:00:20
REC00006097,INS00006097,USR009162,HEALTH_RESERVE,review_preparedness_goal,Review the preparedness goal and current buffer.,medium,2026-09-04T08:00:20
REC00006098,INS00006098,USR009165,MINDGUARD,repeat_assessment,Repeat the assessment later to add another observation.,medium,2026-07-27T06:00:20
REC00006099,INS00006099,USR009166,MINDGUARD,repeat_assessment,Repeat the assessment later to add another observation.,low,2026-04-08T06:00:20
REC00006100,INS00006100,USR009168,MINDGUARD,maintain_monitoring,Continue routine monitoring.,low,2026-08-30T05:00:20
REC00006101,INS00006101,USR009170,HEALTH_RESERVE,review_preparedness_goal,Review the preparedness goal and current buffer.,medium,2026-08-24T07:00:20
REC00006102,INS00006102,USR009172,HEALTH_RESERVE,review_preparedness_goal,Review the preparedness goal and current buffer.,low,2026-02-25T08:00:20
REC00006103,INS00006103,USR009175,MINDGUARD,maintain_monitoring,Continue routine monitoring.,medium,2026-08-12T11:00:20
REC00006104,INS00006104,USR009177,HEALTH_RESERVE,review_preparedness_goal,Review the preparedness goal and current buffer.,medium,2026-04-18T04:00:20
REC00006105,INS00006105,USR009178,HEALTH_RESERVE,review_preparedness_goal,Review the preparedness goal and current buffer.,low,2026-08-09T16:00:20
REC00006106,INS00006106,USR009179,MINDGUARD,repeat_assessment,Repeat the assessment later to add another observation.,low,2026-03-18T17:00:20
REC00006107,INS00006107,USR009180,MINDGUARD,maintain_monitoring,Continue routine monitoring.,low,2026-04-08T05:00:20
REC00006108,INS00006108,USR009182,MINDGUARD,repeat_assessment,Repeat the assessment later to add another observation.,medium,2026-05-20T11:00:20
REC00006109,INS00006109,USR009182,HEALTH_RESERVE,review_preparedness_goal,Review the preparedness goal and current buffer.,medium,2026-03-29T09:00:20
REC00006110,INS00006110,USR009183,MINDGUARD,repeat_assessment,Repeat the assessment later to add another observation.,medium,2026-03-02T09:00:20
REC00006111,INS00006111,USR009184,MINDGUARD,maintain_monitoring,Continue routine monitoring.,low,2026-04-04T06:00:20
REC00006112,INS00006112,USR009185,HEALTH_RESERVE,review_preparedness_goal,Review the preparedness goal and current buffer.,low,2026-04-24T04:00:20
REC00006113,INS00006113,USR009189,MINDGUARD,maintain_monitoring,Continue routine monitoring.,low,2026-05-30T14:00:20
REC00006114,INS00006114,USR009191,MINDGUARD,repeat_assessment,Repeat the assessment later to add another observation.,medium,2026-04-21T20:00:20
REC00006115,INS00006115,USR009193,MINDGUARD,repeat_assessment,Repeat the assessment later to add another observation.,low,2026-06-25T06:00:20
REC00006116,INS00006116,USR009194,MINDGUARD,maintain_monitoring,Continue routine monitoring.,medium,2026-04-10T17:00:20
REC00006117,INS00006117,USR009196,MINDGUARD,maintain_monitoring,Continue routine monitoring.,low,2026-05-27T09:00:20
REC00006118,INS00006118,USR009197,HEALTH_RESERVE,review_preparedness_goal,Review the preparedness goal and current buffer.,low,2026-09-14T12:00:20
REC00006119,INS00006119,USR009198,MINDGUARD,maintain_monitoring,Continue routine monitoring.,medium,2026-02-13T09:00:20
REC00006120,INS00006120,USR009198,HEALTH_RESERVE,review_preparedness_goal,Review the preparedness goal and current buffer.,medium,2026-03-26T17:00:20
REC00006121,INS00006121,USR009201,MINDGUARD,maintain_monitoring,Continue routine monitoring.,low,2026-09-05T18:00:20
REC00006122,INS00006122,USR009202,HEALTH_RESERVE,review_healthcare_coverage,Review healthcare coverage information.,low,2026-07-04T05:00:20
REC00006123,INS00006123,USR009204,MINDGUARD,repeat_assessment,Repeat the assessment later to add another observation.,medium,2026-06-27T08:00:20
REC00006124,INS00006124,USR009205,HEALTH_RESERVE,review_preparedness_goal,Review the preparedness goal and current buffer.,medium,2026-09-14T12:00:20
REC00006125,INS00006125,USR009206,MINDGUARD,repeat_assessment,Repeat the assessment later to add another observation.,low,2026-09-14T12:00:20
REC00006126,INS00006126,USR009207,MINDGUARD,repeat_assessment,Repeat the assessment later to add another observation.,low,2026-03-31T08:00:20
REC00006127,INS00006127,USR009207,HEALTH_RESERVE,review_preparedness_goal,Review the preparedness goal and current buffer.,medium,2026-01-17T08:00:20
REC00006128,INS00006128,USR009208,MINDGUARD,review_sleep,Review recent sleep context and repeat monitoring when convenient.,low,2026-09-14T12:00:20
REC00006129,INS00006129,USR009209,MINDGUARD,maintain_monitoring,Continue routine monitoring.,medium,2026-05-06T09:00:20
REC00006130,INS00006130,USR009213,MINDGUARD,repeat_assessment,Repeat the assessment later to add another observation.,low,2026-08-12T18:00:20
REC00006131,INS00006131,USR009214,MINDGUARD,maintain_monitoring,Continue routine monitoring.,medium,2026-07-16T21:00:20
REC00006132,INS00006132,USR009218,HEALTH_RESERVE,review_preparedness_goal,Review the preparedness goal and current buffer.,medium,2026-06-12T06:00:20
REC00006133,INS00006133,USR009219,MINDGUARD,maintain_monitoring,Continue routine monitoring.,medium,2026-07-16T17:00:20
REC00006134,INS00006134,USR009221,MINDGUARD,review_sleep,Review recent sleep context and repeat monitoring when convenient.,low,2026-06-19T04:00:20
REC00006135,INS00006135,USR009222,MINDGUARD,repeat_assessment,Repeat the assessment later to add another observation.,medium,2026-07-31T21:00:20
REC00006136,INS00006136,USR009223,MINDGUARD,repeat_assessment,Repeat the assessment later to add another observation.,low,2026-03-02T11:00:20
REC00006137,INS00006137,USR009224,HEALTH_RESERVE,review_preparedness_goal,Review the preparedness goal and current buffer.,low,2026-09-14T12:00:20
REC00006138,INS00006138,USR009227,MINDGUARD,review_sleep,Review recent sleep context and repeat monitoring when convenient.,medium,2026-03-13T13:00:20
REC00006139,INS00006139,USR009229,HEALTH_RESERVE,review_preparedness_goal,Review the preparedness goal and current buffer.,low,2026-03-21T14:00:20
REC00006140,INS00006140,USR009230,MINDGUARD,repeat_assessment,Repeat the assessment later to add another observation.,medium,2026-02-26T06:00:20
REC00006141,INS00006141,USR009232,HEALTH_RESERVE,review_healthcare_coverage,Review healthcare coverage information.,medium,2026-07-18T10:00:20
REC00006142,INS00006142,USR009233,MINDGUARD,maintain_monitoring,Continue routine monitoring.,medium,2026-09-06T20:00:20
REC00006143,INS00006143,USR009236,MINDGUARD,repeat_assessment,Repeat the assessment later to add another observation.,medium,2026-04-05T14:00:20
REC00006144,INS00006144,USR009238,MINDGUARD,repeat_assessment,Repeat the assessment later to add another observation.,medium,2026-07-15T23:00:20
REC00006145,INS00006145,USR009239,HEALTH_RESERVE,review_preparedness_goal,Review the preparedness goal and current buffer.,low,2026-05-04T16:00:20
REC00006146,INS00006146,USR009240,HEALTH_RESERVE,review_preparedness_goal,Review the preparedness goal and current buffer.,low,2026-08-14T03:00:20
REC00006147,INS00006147,USR009242,MINDGUARD,repeat_assessment,Repeat the assessment later to add another observation.,medium,2026-02-14T18:00:20
REC00006148,INS00006148,USR009243,MINDGUARD,maintain_monitoring,Continue routine monitoring.,medium,2026-09-14T12:00:20
REC00006149,INS00006149,USR009244,MINDGUARD,maintain_monitoring,Continue routine monitoring.,medium,2026-07-27T10:00:20
REC00006150,INS00006150,USR009244,HEALTH_RESERVE,review_preparedness_goal,Review the preparedness goal and current buffer.,medium,2026-01-17T16:00:20
REC00006151,INS00006151,USR009245,MINDGUARD,review_sleep,Review recent sleep context and repeat monitoring when convenient.,medium,2026-05-14T10:00:20
REC00006152,INS00006152,USR009246,MINDGUARD,repeat_assessment,Repeat the assessment later to add another observation.,low,2026-04-08T06:00:20
REC00006153,INS00006153,USR009249,MINDGUARD,wellbeing_checkin,Complete a wellbeing check-in to add context.,low,2026-08-01T19:00:20
REC00006154,INS00006154,USR009251,MINDGUARD,repeat_assessment,Repeat the assessment later to add another observation.,medium,2026-02-28T06:00:20
REC00006155,INS00006155,USR009252,HEALTH_RESERVE,review_preparedness_goal,Review the preparedness goal and current buffer.,medium,2026-09-14T12:00:20
REC00006156,INS00006156,USR009253,MINDGUARD,review_sleep,Review recent sleep context and repeat monitoring when convenient.,low,2026-09-14T12:00:20
REC00006157,INS00006157,USR009256,MINDGUARD,repeat_assessment,Repeat the assessment later to add another observation.,low,2026-09-14T01:00:20
REC00006158,INS00006158,USR009258,HEALTH_RESERVE,review_healthcare_coverage,Review healthcare coverage information.,low,2026-08-01T19:00:20
REC00006159,INS00006159,USR009259,MINDGUARD,review_sleep,Review recent sleep context and repeat monitoring when convenient.,low,2026-03-03T15:00:20
REC00006160,INS00006160,USR009262,MINDGUARD,maintain_monitoring,Continue routine monitoring.,medium,2026-06-15T21:00:20
REC00006161,INS00006161,USR009264,MINDGUARD,review_sleep,Review recent sleep context and repeat monitoring when convenient.,low,2026-07-15T03:00:20
REC00006162,INS00006162,USR009266,HEALTH_RESERVE,review_preparedness_goal,Review the preparedness goal and current buffer.,medium,2026-08-25T15:00:20
REC00006163,INS00006163,USR009267,MINDGUARD,repeat_assessment,Repeat the assessment later to add another observation.,low,2026-03-21T08:00:20
REC00006164,INS00006164,USR009268,MINDGUARD,repeat_assessment,Repeat the assessment later to add another observation.,medium,2026-06-25T17:00:20
REC00006165,INS00006165,USR009269,MINDGUARD,maintain_monitoring,Continue routine monitoring.,low,2026-07-09T09:00:20
REC00006166,INS00006166,USR009271,MINDGUARD,repeat_assessment,Repeat the assessment later to add another observation.,low,2026-09-14T12:00:20
REC00006167,INS00006167,USR009272,MINDGUARD,review_sleep,Review recent sleep context and repeat monitoring when convenient.,low,2026-04-11T07:00:20
REC00006168,INS00006168,USR009274,HEALTH_RESERVE,review_preparedness_goal,Review the preparedness goal and current buffer.,low,2026-07-25T17:00:20
REC00006169,INS00006169,USR009276,MINDGUARD,maintain_monitoring,Continue routine monitoring.,medium,2026-09-14T12:00:20
REC00006170,INS00006170,USR009276,HEALTH_RESERVE,review_preparedness_goal,Review the preparedness goal and current buffer.,low,2026-09-14T12:00:20
REC00006171,INS00006171,USR009277,MINDGUARD,wellbeing_checkin,Complete a wellbeing check-in to add context.,medium,2026-07-16T23:00:20
REC00006172,INS00006172,USR009278,MINDGUARD,review_sleep,Review recent sleep context and repeat monitoring when convenient.,medium,2026-09-11T09:00:20
REC00006173,INS00006173,USR009280,MINDGUARD,review_sleep,Review recent sleep context and repeat monitoring when convenient.,medium,2026-07-11T21:00:20
REC00006174,INS00006174,USR009283,MINDGUARD,repeat_assessment,Repeat the assessment later to add another observation.,medium,2026-08-23T11:00:20
REC00006175,INS00006175,USR009284,HEALTH_RESERVE,review_preparedness_goal,Review the preparedness goal and current buffer.,medium,2026-06-01T00:00:20
REC00006176,INS00006176,USR009291,HEALTH_RESERVE,review_preparedness_goal,Review the preparedness goal and current buffer.,medium,2026-08-26T08:00:20
REC00006177,INS00006177,USR009292,HEALTH_RESERVE,review_healthcare_coverage,Review healthcare coverage information.,low,2026-09-14T12:00:20
REC00006178,INS00006178,USR009293,MINDGUARD,repeat_assessment,Repeat the assessment later to add another observation.,low,2026-03-27T16:00:20
REC00006179,INS00006179,USR009293,HEALTH_RESERVE,review_preparedness_goal,Review the preparedness goal and current buffer.,low,2026-08-17T12:00:20
REC00006180,INS00006180,USR009295,MINDGUARD,repeat_assessment,Repeat the assessment later to add another observation.,low,2026-07-07T14:00:20
REC00006181,INS00006181,USR009296,MINDGUARD,wellbeing_checkin,Complete a wellbeing check-in to add context.,low,2026-02-16T02:00:20
REC00006182,INS00006182,USR009297,HEALTH_RESERVE,review_preparedness_goal,Review the preparedness goal and current buffer.,medium,2026-04-17T02:00:20
REC00006183,INS00006183,USR009299,HEALTH_RESERVE,review_preparedness_goal,Review the preparedness goal and current buffer.,low,2026-06-29T18:00:20
REC00006184,INS00006184,USR009302,MINDGUARD,maintain_monitoring,Continue routine monitoring.,medium,2026-07-24T17:00:20
REC00006185,INS00006185,USR009303,MINDGUARD,repeat_assessment,Repeat the assessment later to add another observation.,medium,2026-04-20T11:00:20
REC00006186,INS00006186,USR009305,MINDGUARD,wellbeing_checkin,Complete a wellbeing check-in to add context.,low,2026-04-16T08:00:20
REC00006187,INS00006187,USR009305,HEALTH_RESERVE,review_preparedness_goal,Review the preparedness goal and current buffer.,medium,2026-02-01T10:00:20
REC00006188,INS00006188,USR009307,MINDGUARD,maintain_monitoring,Continue routine monitoring.,low,2026-07-10T23:00:20
REC00006189,INS00006189,USR009308,MINDGUARD,wellbeing_checkin,Complete a wellbeing check-in to add context.,medium,2026-05-21T15:00:20
REC00006190,INS00006190,USR009309,MINDGUARD,repeat_assessment,Repeat the assessment later to add another observation.,low,2026-05-08T21:00:20
REC00006191,INS00006191,USR009310,HEALTH_RESERVE,review_preparedness_goal,Review the preparedness goal and current buffer.,medium,2026-04-30T05:00:20
REC00006192,INS00006192,USR009311,MINDGUARD,repeat_assessment,Repeat the assessment later to add another observation.,low,2026-08-26T14:00:20
REC00006193,INS00006193,USR009313,MINDGUARD,maintain_monitoring,Continue routine monitoring.,low,2026-06-12T14:00:20
REC00006194,INS00006194,USR009314,HEALTH_RESERVE,review_preparedness_goal,Review the preparedness goal and current buffer.,low,2026-09-14T12:00:20
REC00006195,INS00006195,USR009317,MINDGUARD,maintain_monitoring,Continue routine monitoring.,medium,2026-06-13T12:00:20
REC00006196,INS00006196,USR009317,HEALTH_RESERVE,review_preparedness_goal,Review the preparedness goal and current buffer.,medium,2026-05-12T15:00:20
REC00006197,INS00006197,USR009318,MINDGUARD,maintain_monitoring,Continue routine monitoring.,low,2026-04-07T08:00:20
REC00006198,INS00006198,USR009319,MINDGUARD,maintain_monitoring,Continue routine monitoring.,medium,2026-07-24T07:00:20
REC00006199,INS00006199,USR009320,MINDGUARD,repeat_assessment,Repeat the assessment later to add another observation.,low,2026-06-09T16:00:20
REC00006200,INS00006200,USR009320,HEALTH_RESERVE,review_preparedness_goal,Review the preparedness goal and current buffer.,low,2026-03-08T14:00:20
REC00006201,INS00006201,USR009321,MINDGUARD,repeat_assessment,Repeat the assessment later to add another observation.,medium,2026-04-21T21:00:20
REC00006202,INS00006202,USR009322,HEALTH_RESERVE,review_preparedness_goal,Review the preparedness goal and current buffer.,medium,2026-07-25T04:00:20
REC00006203,INS00006203,USR009326,MINDGUARD,wellbeing_checkin,Complete a wellbeing check-in to add context.,low,2026-04-15T21:00:20
REC00006204,INS00006204,USR009326,HEALTH_RESERVE,review_preparedness_goal,Review the preparedness goal and current buffer.,medium,2026-04-30T08:00:20
REC00006205,INS00006205,USR009327,MINDGUARD,repeat_assessment,Repeat the assessment later to add another observation.,low,2026-06-26T19:00:20
REC00006206,INS00006206,USR009329,MINDGUARD,repeat_assessment,Repeat the assessment later to add another observation.,low,2026-04-12T18:00:20
REC00006207,INS00006207,USR009331,MINDGUARD,maintain_monitoring,Continue routine monitoring.,medium,2026-09-07T12:00:20
REC00006208,INS00006208,USR009333,MINDGUARD,maintain_monitoring,Continue routine monitoring.,low,2026-05-28T14:00:20
REC00006209,INS00006209,USR009334,HEALTH_RESERVE,review_preparedness_goal,Review the preparedness goal and current buffer.,low,2026-03-12T05:00:20
REC00006210,INS00006210,USR009335,HEALTH_RESERVE,review_preparedness_goal,Review the preparedness goal and current buffer.,medium,2026-07-28T23:00:20
REC00006211,INS00006211,USR009339,MINDGUARD,review_sleep,Review recent sleep context and repeat monitoring when convenient.,low,2026-09-14T12:00:20
REC00006212,INS00006212,USR009341,MINDGUARD,maintain_monitoring,Continue routine monitoring.,medium,2026-09-01T12:00:20
REC00006213,INS00006213,USR009342,HEALTH_RESERVE,review_healthcare_coverage,Review healthcare coverage information.,low,2026-08-15T03:00:20
REC00006214,INS00006214,USR009344,MINDGUARD,maintain_monitoring,Continue routine monitoring.,low,2026-06-26T05:00:20
REC00006215,INS00006215,USR009344,HEALTH_RESERVE,review_preparedness_goal,Review the preparedness goal and current buffer.,medium,2026-09-14T12:00:20
REC00006216,INS00006216,USR009345,MINDGUARD,repeat_assessment,Repeat the assessment later to add another observation.,low,2026-02-26T09:00:20
REC00006217,INS00006217,USR009346,MINDGUARD,maintain_monitoring,Continue routine monitoring.,low,2026-07-14T11:00:20
REC00006218,INS00006218,USR009352,MINDGUARD,maintain_monitoring,Continue routine monitoring.,low,2026-02-05T02:00:20
REC00006219,INS00006219,USR009352,HEALTH_RESERVE,review_preparedness_goal,Review the preparedness goal and current buffer.,medium,2026-05-31T00:00:20
REC00006220,INS00006220,USR009353,MINDGUARD,repeat_assessment,Repeat the assessment later to add another observation.,medium,2026-05-19T19:00:20
REC00006221,INS00006221,USR009355,MINDGUARD,maintain_monitoring,Continue routine monitoring.,medium,2026-09-14T12:00:20
REC00006222,INS00006222,USR009356,HEALTH_RESERVE,review_preparedness_goal,Review the preparedness goal and current buffer.,low,2026-09-14T12:00:20
REC00006223,INS00006223,USR009357,MINDGUARD,repeat_assessment,Repeat the assessment later to add another observation.,medium,2026-02-20T13:00:20
REC00006224,INS00006224,USR009357,HEALTH_RESERVE,review_healthcare_coverage,Review healthcare coverage information.,low,2026-03-17T16:00:20
REC00006225,INS00006225,USR009358,MINDGUARD,repeat_assessment,Repeat the assessment later to add another observation.,low,2026-06-12T23:00:20
REC00006226,INS00006226,USR009359,MINDGUARD,repeat_assessment,Repeat the assessment later to add another observation.,medium,2026-06-11T18:00:20
REC00006227,INS00006227,USR009363,HEALTH_RESERVE,review_preparedness_goal,Review the preparedness goal and current buffer.,medium,2026-08-30T12:00:20
REC00006228,INS00006228,USR009364,MINDGUARD,maintain_monitoring,Continue routine monitoring.,medium,2026-06-21T17:00:20
REC00006229,INS00006229,USR009369,HEALTH_RESERVE,review_preparedness_goal,Review the preparedness goal and current buffer.,low,2026-09-14T12:00:20
REC00006230,INS00006230,USR009370,MINDGUARD,repeat_assessment,Repeat the assessment later to add another observation.,low,2026-06-26T22:00:20
REC00006231,INS00006231,USR009373,MINDGUARD,review_sleep,Review recent sleep context and repeat monitoring when convenient.,medium,2026-05-29T18:00:20
REC00006232,INS00006232,USR009374,HEALTH_RESERVE,review_preparedness_goal,Review the preparedness goal and current buffer.,low,2026-05-16T12:00:20
REC00006233,INS00006233,USR009375,MINDGUARD,repeat_assessment,Repeat the assessment later to add another observation.,medium,2026-08-16T06:00:20
REC00006234,INS00006234,USR009375,HEALTH_RESERVE,review_healthcare_coverage,Review healthcare coverage information.,low,2026-07-30T04:00:20
REC00006235,INS00006235,USR009377,MINDGUARD,repeat_assessment,Repeat the assessment later to add another observation.,medium,2026-03-18T07:00:20
REC00006236,INS00006236,USR009377,HEALTH_RESERVE,review_preparedness_goal,Review the preparedness goal and current buffer.,medium,2026-02-22T08:00:20
REC00006237,INS00006237,USR009379,MINDGUARD,repeat_assessment,Repeat the assessment later to add another observation.,low,2026-01-20T01:00:20
REC00006238,INS00006238,USR009380,MINDGUARD,maintain_monitoring,Continue routine monitoring.,low,2026-07-04T19:00:20
REC00006239,INS00006239,USR009380,HEALTH_RESERVE,review_preparedness_goal,Review the preparedness goal and current buffer.,medium,2026-04-27T12:00:20
REC00006240,INS00006240,USR009381,MINDGUARD,repeat_assessment,Repeat the assessment later to add another observation.,low,2026-05-12T16:00:20
REC00006241,INS00006241,USR009382,MINDGUARD,maintain_monitoring,Continue routine monitoring.,low,2026-07-25T09:00:20
REC00006242,INS00006242,USR009385,HEALTH_RESERVE,review_preparedness_goal,Review the preparedness goal and current buffer.,medium,2026-06-10T09:00:20
REC00006243,INS00006243,USR009386,MINDGUARD,maintain_monitoring,Continue routine monitoring.,low,2026-05-21T00:00:20
REC00006244,INS00006244,USR009386,HEALTH_RESERVE,review_preparedness_goal,Review the preparedness goal and current buffer.,medium,2026-08-08T15:00:20
REC00006245,INS00006245,USR009387,MINDGUARD,repeat_assessment,Repeat the assessment later to add another observation.,low,2026-02-25T22:00:20
REC00006246,INS00006246,USR009388,MINDGUARD,maintain_monitoring,Continue routine monitoring.,low,2026-09-14T12:00:20
REC00006247,INS00006247,USR009389,MINDGUARD,review_sleep,Review recent sleep context and repeat monitoring when convenient.,medium,2026-09-14T12:00:20
REC00006248,INS00006248,USR009390,MINDGUARD,review_sleep,Review recent sleep context and repeat monitoring when convenient.,low,2026-07-13T07:00:20
REC00006249,INS00006249,USR009390,HEALTH_RESERVE,review_preparedness_goal,Review the preparedness goal and current buffer.,low,2026-03-29T23:00:20
REC00006250,INS00006250,USR009391,MINDGUARD,maintain_monitoring,Continue routine monitoring.,medium,2026-07-02T21:00:20
REC00006251,INS00006251,USR009392,MINDGUARD,repeat_assessment,Repeat the assessment later to add another observation.,low,2026-02-04T19:00:20
REC00006252,INS00006252,USR009393,MINDGUARD,repeat_assessment,Repeat the assessment later to add another observation.,low,2026-05-29T04:00:20
REC00006253,INS00006253,USR009393,HEALTH_RESERVE,review_preparedness_goal,Review the preparedness goal and current buffer.,low,2026-06-14T04:00:20
REC00006254,INS00006254,USR009394,MINDGUARD,maintain_monitoring,Continue routine monitoring.,medium,2026-09-14T12:00:20
REC00006255,INS00006255,USR009396,MINDGUARD,maintain_monitoring,Continue routine monitoring.,medium,2026-06-18T04:00:20
REC00006256,INS00006256,USR009397,MINDGUARD,repeat_assessment,Repeat the assessment later to add another observation.,low,2026-08-17T22:00:20
REC00006257,INS00006257,USR009398,MINDGUARD,maintain_monitoring,Continue routine monitoring.,medium,2026-03-20T00:00:20
REC00006258,INS00006258,USR009399,MINDGUARD,repeat_assessment,Repeat the assessment later to add another observation.,medium,2026-04-19T10:00:20
REC00006259,INS00006259,USR009400,MINDGUARD,maintain_monitoring,Continue routine monitoring.,low,2026-05-09T00:00:20
REC00006260,INS00006260,USR009400,HEALTH_RESERVE,review_healthcare_coverage,Review healthcare coverage information.,low,2026-07-04T13:00:20
REC00006261,INS00006261,USR009403,HEALTH_RESERVE,review_preparedness_goal,Review the preparedness goal and current buffer.,low,2026-03-21T19:00:20
REC00006262,INS00006262,USR009407,MINDGUARD,review_sleep,Review recent sleep context and repeat monitoring when convenient.,medium,2026-08-28T05:00:20
REC00006263,INS00006263,USR009410,MINDGUARD,repeat_assessment,Repeat the assessment later to add another observation.,medium,2026-07-18T14:00:20
REC00006264,INS00006264,USR009411,MINDGUARD,repeat_assessment,Repeat the assessment later to add another observation.,low,2026-09-14T12:00:20
REC00006265,INS00006265,USR009412,MINDGUARD,maintain_monitoring,Continue routine monitoring.,low,2026-06-21T17:00:20
REC00006266,INS00006266,USR009414,HEALTH_RESERVE,review_healthcare_coverage,Review healthcare coverage information.,medium,2026-06-03T02:00:20
REC00006267,INS00006267,USR009415,MINDGUARD,repeat_assessment,Repeat the assessment later to add another observation.,medium,2026-05-30T07:00:20
REC00006268,INS00006268,USR009416,MINDGUARD,maintain_monitoring,Continue routine monitoring.,medium,2026-08-29T18:00:20
REC00006269,INS00006269,USR009418,MINDGUARD,repeat_assessment,Repeat the assessment later to add another observation.,low,2026-07-10T03:00:20
REC00006270,INS00006270,USR009420,HEALTH_RESERVE,review_preparedness_goal,Review the preparedness goal and current buffer.,low,2026-09-14T12:00:20
REC00006271,INS00006271,USR009422,HEALTH_RESERVE,review_preparedness_goal,Review the preparedness goal and current buffer.,medium,2026-05-07T22:00:20
REC00006272,INS00006272,USR009424,MINDGUARD,maintain_monitoring,Continue routine monitoring.,low,2026-08-25T00:00:20
REC00006273,INS00006273,USR009425,MINDGUARD,repeat_assessment,Repeat the assessment later to add another observation.,medium,2026-07-03T00:00:20
REC00006274,INS00006274,USR009426,MINDGUARD,maintain_monitoring,Continue routine monitoring.,medium,2026-09-10T01:00:20
REC00006275,INS00006275,USR009428,MINDGUARD,maintain_monitoring,Continue routine monitoring.,low,2026-05-02T10:00:20
REC00006276,INS00006276,USR009430,MINDGUARD,repeat_assessment,Repeat the assessment later to add another observation.,low,2026-07-10T13:00:20
REC00006277,INS00006277,USR009431,MINDGUARD,repeat_assessment,Repeat the assessment later to add another observation.,low,2026-04-22T11:00:20
REC00006278,INS00006278,USR009432,MINDGUARD,repeat_assessment,Repeat the assessment later to add another observation.,low,2026-04-09T06:00:20
REC00006279,INS00006279,USR009440,MINDGUARD,review_sleep,Review recent sleep context and repeat monitoring when convenient.,low,2026-08-10T10:00:20
REC00006280,INS00006280,USR009442,HEALTH_RESERVE,review_preparedness_goal,Review the preparedness goal and current buffer.,low,2026-08-04T12:00:20
REC00006281,INS00006281,USR009445,MINDGUARD,repeat_assessment,Repeat the assessment later to add another observation.,low,2026-08-18T16:00:20
REC00006282,INS00006282,USR009447,MINDGUARD,maintain_monitoring,Continue routine monitoring.,medium,2026-08-29T05:00:20
REC00006283,INS00006283,USR009449,MINDGUARD,maintain_monitoring,Continue routine monitoring.,medium,2026-08-02T16:00:20
REC00006284,INS00006284,USR009450,MINDGUARD,maintain_monitoring,Continue routine monitoring.,low,2026-07-04T16:00:20
REC00006285,INS00006285,USR009450,HEALTH_RESERVE,review_preparedness_goal,Review the preparedness goal and current buffer.,medium,2026-05-22T17:00:20
REC00006286,INS00006286,USR009454,MINDGUARD,maintain_monitoring,Continue routine monitoring.,low,2026-09-09T22:00:20
REC00006287,INS00006287,USR009456,MINDGUARD,maintain_monitoring,Continue routine monitoring.,low,2026-07-01T05:00:20
REC00006288,INS00006288,USR009459,HEALTH_RESERVE,review_preparedness_goal,Review the preparedness goal and current buffer.,low,2026-05-04T15:00:20
REC00006289,INS00006289,USR009460,HEALTH_RESERVE,review_preparedness_goal,Review the preparedness goal and current buffer.,medium,2026-05-16T20:00:20
REC00006290,INS00006290,USR009461,MINDGUARD,maintain_monitoring,Continue routine monitoring.,low,2026-09-14T12:00:20
REC00006291,INS00006291,USR009462,HEALTH_RESERVE,review_healthcare_coverage,Review healthcare coverage information.,low,2026-07-01T16:00:20
REC00006292,INS00006292,USR009463,HEALTH_RESERVE,review_preparedness_goal,Review the preparedness goal and current buffer.,low,2026-06-13T21:00:20
REC00006293,INS00006293,USR009464,MINDGUARD,maintain_monitoring,Continue routine monitoring.,medium,2026-08-20T06:00:20
REC00006294,INS00006294,USR009465,MINDGUARD,maintain_monitoring,Continue routine monitoring.,medium,2026-07-28T15:00:20
REC00006295,INS00006295,USR009466,HEALTH_RESERVE,review_preparedness_goal,Review the preparedness goal and current buffer.,medium,2026-06-21T17:00:20
REC00006296,INS00006296,USR009467,MINDGUARD,repeat_assessment,Repeat the assessment later to add another observation.,low,2026-01-25T10:00:20
REC00006297,INS00006297,USR009470,HEALTH_RESERVE,review_preparedness_goal,Review the preparedness goal and current buffer.,medium,2026-09-14T12:00:20
REC00006298,INS00006298,USR009471,MINDGUARD,maintain_monitoring,Continue routine monitoring.,low,2026-05-19T00:00:20
REC00006299,INS00006299,USR009473,HEALTH_RESERVE,review_preparedness_goal,Review the preparedness goal and current buffer.,medium,2026-08-17T05:00:20
REC00006300,INS00006300,USR009475,MINDGUARD,maintain_monitoring,Continue routine monitoring.,low,2026-05-17T21:00:20
REC00006301,INS00006301,USR009476,MINDGUARD,repeat_assessment,Repeat the assessment later to add another observation.,low,2026-05-20T23:00:20
REC00006302,INS00006302,USR009477,MINDGUARD,repeat_assessment,Repeat the assessment later to add another observation.,medium,2026-03-24T13:00:20
REC00006303,INS00006303,USR009478,MINDGUARD,maintain_monitoring,Continue routine monitoring.,low,2026-05-20T04:00:20
REC00006304,INS00006304,USR009479,MINDGUARD,review_sleep,Review recent sleep context and repeat monitoring when convenient.,low,2026-07-14T18:00:20
REC00006305,INS00006305,USR009481,HEALTH_RESERVE,review_preparedness_goal,Review the preparedness goal and current buffer.,low,2026-04-20T00:00:20
REC00006306,INS00006306,USR009482,MINDGUARD,repeat_assessment,Repeat the assessment later to add another observation.,medium,2026-06-28T07:00:20
REC00006307,INS00006307,USR009483,MINDGUARD,wellbeing_checkin,Complete a wellbeing check-in to add context.,medium,2026-08-02T00:00:20
REC00006308,INS00006308,USR009485,MINDGUARD,maintain_monitoring,Continue routine monitoring.,low,2026-05-25T20:00:20
REC00006309,INS00006309,USR009485,HEALTH_RESERVE,review_preparedness_goal,Review the preparedness goal and current buffer.,low,2026-04-22T04:00:20
REC00006310,INS00006310,USR009486,MINDGUARD,repeat_assessment,Repeat the assessment later to add another observation.,low,2026-03-04T06:00:20
REC00006311,INS00006311,USR009488,MINDGUARD,maintain_monitoring,Continue routine monitoring.,medium,2026-07-18T07:00:20
REC00006312,INS00006312,USR009489,HEALTH_RESERVE,review_preparedness_goal,Review the preparedness goal and current buffer.,low,2026-04-06T17:00:20
REC00006313,INS00006313,USR009490,HEALTH_RESERVE,review_preparedness_goal,Review the preparedness goal and current buffer.,medium,2026-06-02T11:00:20
REC00006314,INS00006314,USR009491,MINDGUARD,maintain_monitoring,Continue routine monitoring.,medium,2026-03-30T03:00:20
REC00006315,INS00006315,USR009492,MINDGUARD,maintain_monitoring,Continue routine monitoring.,low,2026-08-02T10:00:20
REC00006316,INS00006316,USR009494,MINDGUARD,repeat_assessment,Repeat the assessment later to add another observation.,low,2026-01-17T09:00:20
REC00006317,INS00006317,USR009494,HEALTH_RESERVE,review_healthcare_coverage,Review healthcare coverage information.,low,2026-01-18T09:00:20
REC00006318,INS00006318,USR009495,HEALTH_RESERVE,review_healthcare_coverage,Review healthcare coverage information.,low,2026-07-31T11:00:20
REC00006319,INS00006319,USR009496,MINDGUARD,maintain_monitoring,Continue routine monitoring.,medium,2026-05-14T10:00:20
REC00006320,INS00006320,USR009497,MINDGUARD,repeat_assessment,Repeat the assessment later to add another observation.,medium,2026-03-17T02:00:20
REC00006321,INS00006321,USR009499,MINDGUARD,review_sleep,Review recent sleep context and repeat monitoring when convenient.,medium,2026-06-01T01:00:20
REC00006322,INS00006322,USR009500,MINDGUARD,maintain_monitoring,Continue routine monitoring.,low,2026-08-04T23:00:20
REC00006323,INS00006323,USR009501,HEALTH_RESERVE,review_preparedness_goal,Review the preparedness goal and current buffer.,medium,2026-05-20T18:00:20
REC00006324,INS00006324,USR009504,HEALTH_RESERVE,review_preparedness_goal,Review the preparedness goal and current buffer.,medium,2026-06-09T11:00:20
REC00006325,INS00006325,USR009505,MINDGUARD,repeat_assessment,Repeat the assessment later to add another observation.,low,2026-04-24T02:00:20
REC00006326,INS00006326,USR009507,MINDGUARD,maintain_monitoring,Continue routine monitoring.,medium,2026-09-02T09:00:20
REC00006327,INS00006327,USR009507,HEALTH_RESERVE,review_preparedness_goal,Review the preparedness goal and current buffer.,low,2026-05-20T19:00:20
REC00006328,INS00006328,USR009508,MINDGUARD,repeat_assessment,Repeat the assessment later to add another observation.,medium,2026-07-16T23:00:20
REC00006329,INS00006329,USR009508,HEALTH_RESERVE,review_preparedness_goal,Review the preparedness goal and current buffer.,medium,2026-08-29T03:00:20
REC00006330,INS00006330,USR009510,HEALTH_RESERVE,review_preparedness_goal,Review the preparedness goal and current buffer.,low,2026-05-23T14:00:20
REC00006331,INS00006331,USR009512,MINDGUARD,maintain_monitoring,Continue routine monitoring.,medium,2026-08-19T20:00:20
REC00006332,INS00006332,USR009514,MINDGUARD,repeat_assessment,Repeat the assessment later to add another observation.,medium,2026-03-03T20:00:20
REC00006333,INS00006333,USR009516,MINDGUARD,maintain_monitoring,Continue routine monitoring.,medium,2026-08-14T14:00:20
REC00006334,INS00006334,USR009522,HEALTH_RESERVE,review_preparedness_goal,Review the preparedness goal and current buffer.,low,2026-09-14T12:00:20
REC00006335,INS00006335,USR009523,MINDGUARD,maintain_monitoring,Continue routine monitoring.,medium,2026-01-28T11:00:20
REC00006336,INS00006336,USR009524,MINDGUARD,repeat_assessment,Repeat the assessment later to add another observation.,medium,2026-03-11T14:00:20
REC00006337,INS00006337,USR009525,MINDGUARD,repeat_assessment,Repeat the assessment later to add another observation.,low,2026-08-24T10:00:20
REC00006338,INS00006338,USR009526,HEALTH_RESERVE,review_preparedness_goal,Review the preparedness goal and current buffer.,medium,2026-08-10T02:00:20
REC00006339,INS00006339,USR009527,HEALTH_RESERVE,review_preparedness_goal,Review the preparedness goal and current buffer.,medium,2026-09-14T12:00:20
REC00006340,INS00006340,USR009528,MINDGUARD,repeat_assessment,Repeat the assessment later to add another observation.,medium,2026-03-29T04:00:20
REC00006341,INS00006341,USR009529,HEALTH_RESERVE,review_healthcare_coverage,Review healthcare coverage information.,medium,2026-09-14T12:00:20
REC00006342,INS00006342,USR009530,MINDGUARD,repeat_assessment,Repeat the assessment later to add another observation.,low,2026-07-12T04:00:20
REC00006343,INS00006343,USR009531,MINDGUARD,repeat_assessment,Repeat the assessment later to add another observation.,medium,2026-07-06T02:00:20
REC00006344,INS00006344,USR009531,HEALTH_RESERVE,review_preparedness_goal,Review the preparedness goal and current buffer.,low,2026-05-20T19:00:20
REC00006345,INS00006345,USR009532,MINDGUARD,repeat_assessment,Repeat the assessment later to add another observation.,medium,2026-08-12T20:00:20
REC00006346,INS00006346,USR009532,HEALTH_RESERVE,review_preparedness_goal,Review the preparedness goal and current buffer.,medium,2026-05-03T13:00:20
REC00006347,INS00006347,USR009533,MINDGUARD,maintain_monitoring,Continue routine monitoring.,low,2026-02-09T23:00:20
REC00006348,INS00006348,USR009534,MINDGUARD,repeat_assessment,Repeat the assessment later to add another observation.,low,2026-04-08T21:00:20
REC00006349,INS00006349,USR009535,MINDGUARD,maintain_monitoring,Continue routine monitoring.,medium,2026-08-10T08:00:20
REC00006350,INS00006350,USR009536,MINDGUARD,repeat_assessment,Repeat the assessment later to add another observation.,medium,2026-04-06T04:00:20
REC00006351,INS00006351,USR009538,MINDGUARD,repeat_assessment,Repeat the assessment later to add another observation.,low,2026-04-18T02:00:20
REC00006352,INS00006352,USR009540,MINDGUARD,repeat_assessment,Repeat the assessment later to add another observation.,low,2026-02-25T18:00:20
REC00006353,INS00006353,USR009541,MINDGUARD,wellbeing_checkin,Complete a wellbeing check-in to add context.,low,2026-07-09T07:00:20
REC00006354,INS00006354,USR009542,MINDGUARD,repeat_assessment,Repeat the assessment later to add another observation.,medium,2026-06-25T16:00:20
REC00006355,INS00006355,USR009543,HEALTH_RESERVE,review_healthcare_coverage,Review healthcare coverage information.,medium,2026-06-30T05:00:20
REC00006356,INS00006356,USR009544,MINDGUARD,repeat_assessment,Repeat the assessment later to add another observation.,low,2026-01-03T08:00:20
REC00006357,INS00006357,USR009545,MINDGUARD,repeat_assessment,Repeat the assessment later to add another observation.,low,2026-05-12T22:00:20
REC00006358,INS00006358,USR009547,MINDGUARD,review_sleep,Review recent sleep context and repeat monitoring when convenient.,medium,2026-09-14T12:00:20
REC00006359,INS00006359,USR009547,HEALTH_RESERVE,review_preparedness_goal,Review the preparedness goal and current buffer.,low,2026-06-04T16:00:20
REC00006360,INS00006360,USR009548,MINDGUARD,maintain_monitoring,Continue routine monitoring.,medium,2026-07-05T17:00:20
REC00006361,INS00006361,USR009549,MINDGUARD,maintain_monitoring,Continue routine monitoring.,medium,2026-06-15T21:00:20
REC00006362,INS00006362,USR009549,HEALTH_RESERVE,review_preparedness_goal,Review the preparedness goal and current buffer.,medium,2026-05-28T03:00:20
REC00006363,INS00006363,USR009551,HEALTH_RESERVE,review_preparedness_goal,Review the preparedness goal and current buffer.,low,2026-06-23T08:00:20
REC00006364,INS00006364,USR009552,MINDGUARD,repeat_assessment,Repeat the assessment later to add another observation.,low,2026-01-24T05:00:20
REC00006365,INS00006365,USR009552,HEALTH_RESERVE,review_healthcare_coverage,Review healthcare coverage information.,low,2026-03-18T18:00:20
REC00006366,INS00006366,USR009553,MINDGUARD,repeat_assessment,Repeat the assessment later to add another observation.,low,2026-08-04T07:00:20
REC00006367,INS00006367,USR009555,HEALTH_RESERVE,review_healthcare_coverage,Review healthcare coverage information.,low,2026-09-10T13:00:20
REC00006368,INS00006368,USR009556,HEALTH_RESERVE,review_preparedness_goal,Review the preparedness goal and current buffer.,medium,2026-07-31T16:00:20
REC00006369,INS00006369,USR009557,MINDGUARD,maintain_monitoring,Continue routine monitoring.,low,2026-06-22T19:00:20
REC00006370,INS00006370,USR009557,HEALTH_RESERVE,review_preparedness_goal,Review the preparedness goal and current buffer.,low,2026-09-14T12:00:20
REC00006371,INS00006371,USR009558,MINDGUARD,repeat_assessment,Repeat the assessment later to add another observation.,low,2026-02-24T10:00:20
REC00006372,INS00006372,USR009559,MINDGUARD,repeat_assessment,Repeat the assessment later to add another observation.,low,2026-05-04T06:00:20
REC00006373,INS00006373,USR009560,MINDGUARD,repeat_assessment,Repeat the assessment later to add another observation.,medium,2026-04-15T04:00:20
REC00006374,INS00006374,USR009563,MINDGUARD,maintain_monitoring,Continue routine monitoring.,low,2026-05-23T20:00:20
REC00006375,INS00006375,USR009563,HEALTH_RESERVE,review_preparedness_goal,Review the preparedness goal and current buffer.,low,2026-09-14T12:00:20
REC00006376,INS00006376,USR009566,MINDGUARD,wellbeing_checkin,Complete a wellbeing check-in to add context.,medium,2026-05-22T13:00:20
REC00006377,INS00006377,USR009568,MINDGUARD,repeat_assessment,Repeat the assessment later to add another observation.,low,2026-08-15T08:00:20
REC00006378,INS00006378,USR009573,HEALTH_RESERVE,review_healthcare_coverage,Review healthcare coverage information.,low,2026-09-14T12:00:20
REC00006379,INS00006379,USR009576,MINDGUARD,repeat_assessment,Repeat the assessment later to add another observation.,medium,2026-03-09T14:00:20
REC00006380,INS00006380,USR009577,MINDGUARD,maintain_monitoring,Continue routine monitoring.,medium,2026-07-12T17:00:20
REC00006381,INS00006381,USR009578,MINDGUARD,review_sleep,Review recent sleep context and repeat monitoring when convenient.,low,2026-07-26T21:00:20
REC00006382,INS00006382,USR009579,MINDGUARD,maintain_monitoring,Continue routine monitoring.,low,2026-09-12T06:00:20
REC00006383,INS00006383,USR009581,MINDGUARD,repeat_assessment,Repeat the assessment later to add another observation.,low,2026-05-17T16:00:20
REC00006384,INS00006384,USR009582,MINDGUARD,repeat_assessment,Repeat the assessment later to add another observation.,low,2026-03-15T13:00:20
REC00006385,INS00006385,USR009583,MINDGUARD,maintain_monitoring,Continue routine monitoring.,medium,2026-09-14T12:00:20
REC00006386,INS00006386,USR009587,HEALTH_RESERVE,review_preparedness_goal,Review the preparedness goal and current buffer.,low,2026-08-30T00:00:20
REC00006387,INS00006387,USR009591,MINDGUARD,review_sleep,Review recent sleep context and repeat monitoring when convenient.,medium,2026-08-30T03:00:20
REC00006388,INS00006388,USR009593,MINDGUARD,maintain_monitoring,Continue routine monitoring.,low,2026-05-20T13:00:20
REC00006389,INS00006389,USR009595,MINDGUARD,review_sleep,Review recent sleep context and repeat monitoring when convenient.,medium,2026-08-19T06:00:20
REC00006390,INS00006390,USR009596,HEALTH_RESERVE,review_preparedness_goal,Review the preparedness goal and current buffer.,low,2026-05-27T01:00:20
REC00006391,INS00006391,USR009597,HEALTH_RESERVE,review_preparedness_goal,Review the preparedness goal and current buffer.,low,2026-05-20T19:00:20
REC00006392,INS00006392,USR009598,MINDGUARD,repeat_assessment,Repeat the assessment later to add another observation.,medium,2026-03-24T17:00:20
REC00006393,INS00006393,USR009599,MINDGUARD,repeat_assessment,Repeat the assessment later to add another observation.,medium,2026-03-06T19:00:20
REC00006394,INS00006394,USR009600,MINDGUARD,repeat_assessment,Repeat the assessment later to add another observation.,low,2026-05-30T01:00:20
REC00006395,INS00006395,USR009601,MINDGUARD,repeat_assessment,Repeat the assessment later to add another observation.,medium,2026-09-14T12:00:20
REC00006396,INS00006396,USR009601,HEALTH_RESERVE,review_preparedness_goal,Review the preparedness goal and current buffer.,medium,2026-09-14T12:00:20
REC00006397,INS00006397,USR009603,HEALTH_RESERVE,review_preparedness_goal,Review the preparedness goal and current buffer.,low,2026-09-14T12:00:20
REC00006398,INS00006398,USR009604,MINDGUARD,repeat_assessment,Repeat the assessment later to add another observation.,medium,2026-05-12T22:00:20
REC00006399,INS00006399,USR009605,MINDGUARD,maintain_monitoring,Continue routine monitoring.,medium,2026-06-20T10:00:20
REC00006400,INS00006400,USR009606,MINDGUARD,repeat_assessment,Repeat the assessment later to add another observation.,low,2026-03-21T13:00:20
REC00006401,INS00006401,USR009606,HEALTH_RESERVE,review_preparedness_goal,Review the preparedness goal and current buffer.,low,2026-05-11T06:00:20
REC00006402,INS00006402,USR009607,HEALTH_RESERVE,review_preparedness_goal,Review the preparedness goal and current buffer.,low,2026-05-18T20:00:20
REC00006403,INS00006403,USR009608,HEALTH_RESERVE,review_preparedness_goal,Review the preparedness goal and current buffer.,medium,2026-03-16T02:00:20
REC00006404,INS00006404,USR009609,MINDGUARD,repeat_assessment,Repeat the assessment later to add another observation.,low,2026-03-05T17:00:20
REC00006405,INS00006405,USR009611,HEALTH_RESERVE,review_healthcare_coverage,Review healthcare coverage information.,low,2026-05-24T23:00:20
REC00006406,INS00006406,USR009612,MINDGUARD,repeat_assessment,Repeat the assessment later to add another observation.,medium,2026-05-23T13:00:20
REC00006407,INS00006407,USR009616,HEALTH_RESERVE,review_healthcare_coverage,Review healthcare coverage information.,medium,2026-07-15T22:00:20
REC00006408,INS00006408,USR009617,HEALTH_RESERVE,review_preparedness_goal,Review the preparedness goal and current buffer.,low,2026-09-14T12:00:20
REC00006409,INS00006409,USR009618,HEALTH_RESERVE,review_preparedness_goal,Review the preparedness goal and current buffer.,medium,2026-07-17T01:00:20
REC00006410,INS00006410,USR009619,MINDGUARD,repeat_assessment,Repeat the assessment later to add another observation.,low,2026-03-18T03:00:20
REC00006411,INS00006411,USR009621,HEALTH_RESERVE,review_preparedness_goal,Review the preparedness goal and current buffer.,low,2026-05-22T09:00:20
REC00006412,INS00006412,USR009623,MINDGUARD,repeat_assessment,Repeat the assessment later to add another observation.,low,2026-09-12T22:00:20
REC00006413,INS00006413,USR009624,MINDGUARD,review_sleep,Review recent sleep context and repeat monitoring when convenient.,medium,2026-04-15T07:00:20
REC00006414,INS00006414,USR009625,HEALTH_RESERVE,review_preparedness_goal,Review the preparedness goal and current buffer.,medium,2026-03-01T00:00:20
REC00006415,INS00006415,USR009627,HEALTH_RESERVE,review_preparedness_goal,Review the preparedness goal and current buffer.,medium,2026-03-04T21:00:20
REC00006416,INS00006416,USR009628,MINDGUARD,repeat_assessment,Repeat the assessment later to add another observation.,medium,2026-04-22T12:00:20
REC00006417,INS00006417,USR009629,HEALTH_RESERVE,review_preparedness_goal,Review the preparedness goal and current buffer.,medium,2026-01-26T22:00:20
REC00006418,INS00006418,USR009630,MINDGUARD,repeat_assessment,Repeat the assessment later to add another observation.,low,2026-04-21T05:00:20
REC00006419,INS00006419,USR009632,HEALTH_RESERVE,review_preparedness_goal,Review the preparedness goal and current buffer.,low,2026-07-05T21:00:20
REC00006420,INS00006420,USR009634,MINDGUARD,repeat_assessment,Repeat the assessment later to add another observation.,medium,2026-05-30T01:00:20
REC00006421,INS00006421,USR009639,MINDGUARD,review_sleep,Review recent sleep context and repeat monitoring when convenient.,medium,2026-04-24T08:00:20
REC00006422,INS00006422,USR009643,MINDGUARD,repeat_assessment,Repeat the assessment later to add another observation.,medium,2026-02-19T11:00:20
REC00006423,INS00006423,USR009644,MINDGUARD,maintain_monitoring,Continue routine monitoring.,low,2026-08-31T23:00:20
REC00006424,INS00006424,USR009646,HEALTH_RESERVE,review_preparedness_goal,Review the preparedness goal and current buffer.,low,2026-06-01T06:00:20
REC00006425,INS00006425,USR009647,MINDGUARD,maintain_monitoring,Continue routine monitoring.,medium,2026-05-02T18:00:20
REC00006426,INS00006426,USR009649,MINDGUARD,repeat_assessment,Repeat the assessment later to add another observation.,low,2026-05-29T04:00:20
REC00006427,INS00006427,USR009650,MINDGUARD,maintain_monitoring,Continue routine monitoring.,low,2026-08-27T20:00:20
REC00006428,INS00006428,USR009651,HEALTH_RESERVE,review_preparedness_goal,Review the preparedness goal and current buffer.,low,2026-07-15T01:00:20
REC00006429,INS00006429,USR009652,MINDGUARD,repeat_assessment,Repeat the assessment later to add another observation.,low,2026-05-23T11:00:20
REC00006430,INS00006430,USR009652,HEALTH_RESERVE,review_healthcare_coverage,Review healthcare coverage information.,low,2026-09-12T07:00:20
REC00006431,INS00006431,USR009658,MINDGUARD,maintain_monitoring,Continue routine monitoring.,low,2026-06-19T04:00:20
REC00006432,INS00006432,USR009660,MINDGUARD,maintain_monitoring,Continue routine monitoring.,low,2026-08-25T10:00:20
REC00006433,INS00006433,USR009661,MINDGUARD,review_sleep,Review recent sleep context and repeat monitoring when convenient.,low,2026-05-30T19:00:20
REC00006434,INS00006434,USR009663,HEALTH_RESERVE,review_healthcare_coverage,Review healthcare coverage information.,medium,2026-09-14T12:00:20
REC00006435,INS00006435,USR009665,MINDGUARD,repeat_assessment,Repeat the assessment later to add another observation.,medium,2026-06-08T21:00:20
REC00006436,INS00006436,USR009665,HEALTH_RESERVE,review_preparedness_goal,Review the preparedness goal and current buffer.,low,2026-06-25T00:00:20
REC00006437,INS00006437,USR009666,MINDGUARD,maintain_monitoring,Continue routine monitoring.,low,2026-09-14T12:00:20
REC00006438,INS00006438,USR009666,HEALTH_RESERVE,review_preparedness_goal,Review the preparedness goal and current buffer.,low,2026-04-21T06:00:20
REC00006439,INS00006439,USR009670,HEALTH_RESERVE,review_preparedness_goal,Review the preparedness goal and current buffer.,low,2026-06-09T08:00:20
REC00006440,INS00006440,USR009671,HEALTH_RESERVE,review_preparedness_goal,Review the preparedness goal and current buffer.,medium,2026-08-14T14:00:20
REC00006441,INS00006441,USR009672,HEALTH_RESERVE,review_healthcare_coverage,Review healthcare coverage information.,low,2026-05-19T19:00:20
REC00006442,INS00006442,USR009675,MINDGUARD,repeat_assessment,Repeat the assessment later to add another observation.,medium,2026-08-10T01:00:20
REC00006443,INS00006443,USR009676,MINDGUARD,maintain_monitoring,Continue routine monitoring.,low,2026-09-14T12:00:20
REC00006444,INS00006444,USR009678,MINDGUARD,maintain_monitoring,Continue routine monitoring.,low,2026-07-29T08:00:20
REC00006445,INS00006445,USR009680,MINDGUARD,maintain_monitoring,Continue routine monitoring.,medium,2026-08-14T04:00:20
REC00006446,INS00006446,USR009680,HEALTH_RESERVE,review_preparedness_goal,Review the preparedness goal and current buffer.,low,2026-08-09T22:00:20
REC00006447,INS00006447,USR009683,MINDGUARD,repeat_assessment,Repeat the assessment later to add another observation.,medium,2026-06-12T16:00:20
REC00006448,INS00006448,USR009686,MINDGUARD,wellbeing_checkin,Complete a wellbeing check-in to add context.,low,2026-06-25T11:00:20
REC00006449,INS00006449,USR009687,MINDGUARD,repeat_assessment,Repeat the assessment later to add another observation.,low,2026-02-01T20:00:20
REC00006450,INS00006450,USR009688,MINDGUARD,repeat_assessment,Repeat the assessment later to add another observation.,low,2026-05-16T23:00:20
REC00006451,INS00006451,USR009689,MINDGUARD,maintain_monitoring,Continue routine monitoring.,low,2026-09-01T00:00:20
REC00006452,INS00006452,USR009691,MINDGUARD,repeat_assessment,Repeat the assessment later to add another observation.,medium,2026-08-25T06:00:20
REC00006453,INS00006453,USR009692,HEALTH_RESERVE,review_preparedness_goal,Review the preparedness goal and current buffer.,low,2026-06-30T08:00:20
REC00006454,INS00006454,USR009693,MINDGUARD,repeat_assessment,Repeat the assessment later to add another observation.,medium,2026-01-27T16:00:20
REC00006455,INS00006455,USR009694,MINDGUARD,repeat_assessment,Repeat the assessment later to add another observation.,medium,2026-07-29T17:00:20
REC00006456,INS00006456,USR009696,MINDGUARD,repeat_assessment,Repeat the assessment later to add another observation.,medium,2026-03-22T18:00:20
REC00006457,INS00006457,USR009697,MINDGUARD,repeat_assessment,Repeat the assessment later to add another observation.,medium,2026-04-10T07:00:20
REC00006458,INS00006458,USR009698,MINDGUARD,review_sleep,Review recent sleep context and repeat monitoring when convenient.,medium,2026-05-17T12:00:20
REC00006459,INS00006459,USR009699,MINDGUARD,maintain_monitoring,Continue routine monitoring.,low,2026-09-14T12:00:20
REC00006460,INS00006460,USR009700,MINDGUARD,repeat_assessment,Repeat the assessment later to add another observation.,low,2026-04-16T22:00:20
REC00006461,INS00006461,USR009701,MINDGUARD,repeat_assessment,Repeat the assessment later to add another observation.,medium,2026-09-14T12:00:20
REC00006462,INS00006462,USR009704,MINDGUARD,maintain_monitoring,Continue routine monitoring.,medium,2026-09-14T12:00:20
REC00006463,INS00006463,USR009705,MINDGUARD,repeat_assessment,Repeat the assessment later to add another observation.,low,2026-03-05T13:00:20
REC00006464,INS00006464,USR009706,MINDGUARD,wellbeing_checkin,Complete a wellbeing check-in to add context.,low,2026-07-19T09:00:20
REC00006465,INS00006465,USR009707,MINDGUARD,maintain_monitoring,Continue routine monitoring.,medium,2026-09-14T03:00:20
REC00006466,INS00006466,USR009708,MINDGUARD,maintain_monitoring,Continue routine monitoring.,medium,2026-09-14T12:00:20
REC00006467,INS00006467,USR009709,MINDGUARD,review_sleep,Review recent sleep context and repeat monitoring when convenient.,medium,2026-07-28T19:00:20
REC00006468,INS00006468,USR009709,HEALTH_RESERVE,review_preparedness_goal,Review the preparedness goal and current buffer.,medium,2026-09-14T12:00:20
REC00006469,INS00006469,USR009710,MINDGUARD,review_sleep,Review recent sleep context and repeat monitoring when convenient.,medium,2026-06-14T03:00:20
REC00006470,INS00006470,USR009711,MINDGUARD,maintain_monitoring,Continue routine monitoring.,low,2026-08-31T13:00:20
REC00006471,INS00006471,USR009711,HEALTH_RESERVE,review_healthcare_coverage,Review healthcare coverage information.,medium,2026-09-14T12:00:20
REC00006472,INS00006472,USR009712,MINDGUARD,repeat_assessment,Repeat the assessment later to add another observation.,low,2026-03-10T01:00:20
REC00006473,INS00006473,USR009713,MINDGUARD,maintain_monitoring,Continue routine monitoring.,medium,2026-09-01T21:00:20
REC00006474,INS00006474,USR009716,MINDGUARD,maintain_monitoring,Continue routine monitoring.,medium,2026-06-04T13:00:20
REC00006475,INS00006475,USR009716,HEALTH_RESERVE,review_preparedness_goal,Review the preparedness goal and current buffer.,medium,2026-09-14T12:00:20
REC00006476,INS00006476,USR009717,MINDGUARD,review_sleep,Review recent sleep context and repeat monitoring when convenient.,medium,2026-05-29T21:00:20
REC00006477,INS00006477,USR009718,MINDGUARD,review_sleep,Review recent sleep context and repeat monitoring when convenient.,medium,2026-08-04T11:00:20
REC00006478,INS00006478,USR009719,MINDGUARD,maintain_monitoring,Continue routine monitoring.,low,2026-06-07T19:00:20
REC00006479,INS00006479,USR009720,MINDGUARD,maintain_monitoring,Continue routine monitoring.,medium,2026-09-02T12:00:20
REC00006480,INS00006480,USR009723,MINDGUARD,review_sleep,Review recent sleep context and repeat monitoring when convenient.,medium,2026-09-14T12:00:20
REC00006481,INS00006481,USR009724,MINDGUARD,repeat_assessment,Repeat the assessment later to add another observation.,medium,2026-05-15T03:00:20
REC00006482,INS00006482,USR009725,MINDGUARD,repeat_assessment,Repeat the assessment later to add another observation.,medium,2026-02-04T23:00:20
REC00006483,INS00006483,USR009726,HEALTH_RESERVE,review_preparedness_goal,Review the preparedness goal and current buffer.,low,2026-05-09T05:00:20
REC00006484,INS00006484,USR009727,MINDGUARD,repeat_assessment,Repeat the assessment later to add another observation.,medium,2026-09-14T12:00:20
REC00006485,INS00006485,USR009728,MINDGUARD,maintain_monitoring,Continue routine monitoring.,medium,2026-04-21T19:00:20
REC00006486,INS00006486,USR009732,MINDGUARD,repeat_assessment,Repeat the assessment later to add another observation.,low,2026-07-25T15:00:20
REC00006487,INS00006487,USR009733,MINDGUARD,maintain_monitoring,Continue routine monitoring.,medium,2026-06-20T02:00:20
REC00006488,INS00006488,USR009735,MINDGUARD,repeat_assessment,Repeat the assessment later to add another observation.,medium,2026-03-25T13:00:20
REC00006489,INS00006489,USR009737,MINDGUARD,repeat_assessment,Repeat the assessment later to add another observation.,low,2026-05-22T20:00:20
REC00006490,INS00006490,USR009738,HEALTH_RESERVE,review_preparedness_goal,Review the preparedness goal and current buffer.,medium,2026-05-25T00:00:20
REC00006491,INS00006491,USR009739,MINDGUARD,maintain_monitoring,Continue routine monitoring.,low,2026-09-14T03:00:20
REC00006492,INS00006492,USR009740,MINDGUARD,maintain_monitoring,Continue routine monitoring.,low,2026-09-14T12:00:20
REC00006493,INS00006493,USR009742,MINDGUARD,repeat_assessment,Repeat the assessment later to add another observation.,medium,2026-09-14T12:00:20
REC00006494,INS00006494,USR009743,HEALTH_RESERVE,review_preparedness_goal,Review the preparedness goal and current buffer.,medium,2026-09-14T12:00:20
REC00006495,INS00006495,USR009745,HEALTH_RESERVE,review_preparedness_goal,Review the preparedness goal and current buffer.,low,2026-05-24T23:00:20
REC00006496,INS00006496,USR009746,HEALTH_RESERVE,review_preparedness_goal,Review the preparedness goal and current buffer.,medium,2026-06-10T17:00:20
REC00006497,INS00006497,USR009747,HEALTH_RESERVE,review_preparedness_goal,Review the preparedness goal and current buffer.,medium,2026-08-15T14:00:20
REC00006498,INS00006498,USR009748,MINDGUARD,maintain_monitoring,Continue routine monitoring.,medium,2026-06-16T14:00:20
REC00006499,INS00006499,USR009748,HEALTH_RESERVE,review_healthcare_coverage,Review healthcare coverage information.,low,2026-03-09T07:00:20
REC00006500,INS00006500,USR009750,MINDGUARD,maintain_monitoring,Continue routine monitoring.,medium,2026-07-22T14:00:20
REC00006501,INS00006501,USR009750,HEALTH_RESERVE,review_preparedness_goal,Review the preparedness goal and current buffer.,low,2026-06-26T09:00:20
REC00006502,INS00006502,USR009754,HEALTH_RESERVE,review_preparedness_goal,Review the preparedness goal and current buffer.,low,2026-01-10T05:00:20
REC00006503,INS00006503,USR009755,MINDGUARD,maintain_monitoring,Continue routine monitoring.,low,2026-06-11T03:00:20
REC00006504,INS00006504,USR009756,MINDGUARD,wellbeing_checkin,Complete a wellbeing check-in to add context.,low,2026-04-23T06:00:20
REC00006505,INS00006505,USR009757,HEALTH_RESERVE,review_preparedness_goal,Review the preparedness goal and current buffer.,low,2026-07-04T03:00:20
REC00006506,INS00006506,USR009758,MINDGUARD,repeat_assessment,Repeat the assessment later to add another observation.,medium,2026-05-04T18:00:20
REC00006507,INS00006507,USR009758,HEALTH_RESERVE,review_preparedness_goal,Review the preparedness goal and current buffer.,low,2026-07-22T10:00:20
REC00006508,INS00006508,USR009759,HEALTH_RESERVE,review_preparedness_goal,Review the preparedness goal and current buffer.,medium,2026-06-01T09:00:20
REC00006509,INS00006509,USR009761,MINDGUARD,maintain_monitoring,Continue routine monitoring.,low,2026-05-05T16:00:20
REC00006510,INS00006510,USR009764,HEALTH_RESERVE,review_healthcare_coverage,Review healthcare coverage information.,medium,2026-03-12T06:00:20
REC00006511,INS00006511,USR009765,MINDGUARD,repeat_assessment,Repeat the assessment later to add another observation.,low,2026-06-01T01:00:20
REC00006512,INS00006512,USR009767,HEALTH_RESERVE,review_preparedness_goal,Review the preparedness goal and current buffer.,low,2026-09-14T12:00:20
REC00006513,INS00006513,USR009770,MINDGUARD,maintain_monitoring,Continue routine monitoring.,medium,2026-09-04T12:00:20
REC00006514,INS00006514,USR009772,HEALTH_RESERVE,review_preparedness_goal,Review the preparedness goal and current buffer.,low,2026-06-26T15:00:20
REC00006515,INS00006515,USR009773,MINDGUARD,repeat_assessment,Repeat the assessment later to add another observation.,medium,2026-07-15T01:00:20
REC00006516,INS00006516,USR009777,HEALTH_RESERVE,review_preparedness_goal,Review the preparedness goal and current buffer.,medium,2026-09-12T09:00:20
REC00006517,INS00006517,USR009780,MINDGUARD,repeat_assessment,Repeat the assessment later to add another observation.,low,2026-06-25T16:00:20
REC00006518,INS00006518,USR009780,HEALTH_RESERVE,review_healthcare_coverage,Review healthcare coverage information.,low,2026-09-14T12:00:20
REC00006519,INS00006519,USR009782,HEALTH_RESERVE,review_preparedness_goal,Review the preparedness goal and current buffer.,medium,2026-08-23T02:00:20
REC00006520,INS00006520,USR009783,MINDGUARD,repeat_assessment,Repeat the assessment later to add another observation.,medium,2026-03-30T15:00:20
REC00006521,INS00006521,USR009784,MINDGUARD,review_sleep,Review recent sleep context and repeat monitoring when convenient.,low,2026-09-02T23:00:20
REC00006522,INS00006522,USR009785,MINDGUARD,repeat_assessment,Repeat the assessment later to add another observation.,medium,2026-05-25T00:00:20
REC00006523,INS00006523,USR009787,HEALTH_RESERVE,review_preparedness_goal,Review the preparedness goal and current buffer.,low,2026-06-30T15:00:20
REC00006524,INS00006524,USR009788,HEALTH_RESERVE,review_preparedness_goal,Review the preparedness goal and current buffer.,low,2026-08-01T00:00:20
REC00006525,INS00006525,USR009789,HEALTH_RESERVE,review_preparedness_goal,Review the preparedness goal and current buffer.,low,2026-06-09T16:00:20
REC00006526,INS00006526,USR009791,HEALTH_RESERVE,review_preparedness_goal,Review the preparedness goal and current buffer.,medium,2026-03-22T23:00:20
REC00006527,INS00006527,USR009792,MINDGUARD,wellbeing_checkin,Complete a wellbeing check-in to add context.,low,2026-09-14T12:00:20
REC00006528,INS00006528,USR009795,MINDGUARD,maintain_monitoring,Continue routine monitoring.,low,2026-08-24T11:00:20
REC00006529,INS00006529,USR009795,HEALTH_RESERVE,review_healthcare_coverage,Review healthcare coverage information.,medium,2026-08-12T12:00:20
REC00006530,INS00006530,USR009799,MINDGUARD,wellbeing_checkin,Complete a wellbeing check-in to add context.,medium,2026-02-11T08:00:20
REC00006531,INS00006531,USR009800,HEALTH_RESERVE,review_preparedness_goal,Review the preparedness goal and current buffer.,medium,2026-06-22T01:00:20
REC00006532,INS00006532,USR009801,MINDGUARD,repeat_assessment,Repeat the assessment later to add another observation.,low,2026-04-05T02:00:20
REC00006533,INS00006533,USR009802,HEALTH_RESERVE,review_preparedness_goal,Review the preparedness goal and current buffer.,low,2026-05-30T13:00:20
REC00006534,INS00006534,USR009804,HEALTH_RESERVE,review_preparedness_goal,Review the preparedness goal and current buffer.,low,2026-03-28T01:00:20
REC00006535,INS00006535,USR009806,MINDGUARD,wellbeing_checkin,Complete a wellbeing check-in to add context.,medium,2026-09-14T12:00:20
REC00006536,INS00006536,USR009807,MINDGUARD,maintain_monitoring,Continue routine monitoring.,low,2026-08-07T19:00:20
REC00006537,INS00006537,USR009808,HEALTH_RESERVE,review_preparedness_goal,Review the preparedness goal and current buffer.,medium,2026-09-14T12:00:20
REC00006538,INS00006538,USR009809,HEALTH_RESERVE,review_preparedness_goal,Review the preparedness goal and current buffer.,medium,2026-08-17T08:00:20
REC00006539,INS00006539,USR009810,MINDGUARD,maintain_monitoring,Continue routine monitoring.,medium,2026-08-11T08:00:20
REC00006540,INS00006540,USR009812,MINDGUARD,maintain_monitoring,Continue routine monitoring.,low,2026-02-27T21:00:20
REC00006541,INS00006541,USR009813,MINDGUARD,maintain_monitoring,Continue routine monitoring.,low,2026-09-10T21:00:20
REC00006542,INS00006542,USR009813,HEALTH_RESERVE,review_healthcare_coverage,Review healthcare coverage information.,medium,2026-09-14T12:00:20
REC00006543,INS00006543,USR009814,MINDGUARD,review_sleep,Review recent sleep context and repeat monitoring when convenient.,low,2026-08-20T05:00:20
REC00006544,INS00006544,USR009816,HEALTH_RESERVE,review_preparedness_goal,Review the preparedness goal and current buffer.,low,2026-05-10T12:00:20
REC00006545,INS00006545,USR009818,HEALTH_RESERVE,review_preparedness_goal,Review the preparedness goal and current buffer.,medium,2026-09-14T12:00:20
REC00006546,INS00006546,USR009819,HEALTH_RESERVE,review_preparedness_goal,Review the preparedness goal and current buffer.,low,2026-09-14T12:00:20
REC00006547,INS00006547,USR009821,MINDGUARD,maintain_monitoring,Continue routine monitoring.,medium,2026-07-10T04:00:20
REC00006548,INS00006548,USR009822,MINDGUARD,repeat_assessment,Repeat the assessment later to add another observation.,medium,2026-09-14T12:00:20
REC00006549,INS00006549,USR009823,MINDGUARD,maintain_monitoring,Continue routine monitoring.,medium,2026-07-01T03:00:20
REC00006550,INS00006550,USR009825,MINDGUARD,maintain_monitoring,Continue routine monitoring.,low,2026-09-08T22:00:20
REC00006551,INS00006551,USR009828,MINDGUARD,repeat_assessment,Repeat the assessment later to add another observation.,medium,2026-06-06T15:00:20
REC00006552,INS00006552,USR009829,MINDGUARD,repeat_assessment,Repeat the assessment later to add another observation.,medium,2026-05-13T12:00:20
REC00006553,INS00006553,USR009831,MINDGUARD,review_sleep,Review recent sleep context and repeat monitoring when convenient.,low,2026-05-17T09:00:20
REC00006554,INS00006554,USR009835,MINDGUARD,repeat_assessment,Repeat the assessment later to add another observation.,low,2026-01-26T19:00:20
REC00006555,INS00006555,USR009836,MINDGUARD,repeat_assessment,Repeat the assessment later to add another observation.,low,2026-08-08T09:00:20
REC00006556,INS00006556,USR009837,MINDGUARD,maintain_monitoring,Continue routine monitoring.,low,2026-08-05T17:00:20
REC00006557,INS00006557,USR009840,MINDGUARD,review_sleep,Review recent sleep context and repeat monitoring when convenient.,low,2026-09-01T01:00:20
REC00006558,INS00006558,USR009843,MINDGUARD,maintain_monitoring,Continue routine monitoring.,low,2026-07-24T00:00:20
REC00006559,INS00006559,USR009844,HEALTH_RESERVE,review_preparedness_goal,Review the preparedness goal and current buffer.,medium,2026-04-24T15:00:20
REC00006560,INS00006560,USR009845,MINDGUARD,repeat_assessment,Repeat the assessment later to add another observation.,low,2026-04-28T07:00:20
REC00006561,INS00006561,USR009848,MINDGUARD,repeat_assessment,Repeat the assessment later to add another observation.,low,2026-08-09T07:00:20
REC00006562,INS00006562,USR009850,HEALTH_RESERVE,review_preparedness_goal,Review the preparedness goal and current buffer.,low,2026-04-06T08:00:20
REC00006563,INS00006563,USR009851,MINDGUARD,review_sleep,Review recent sleep context and repeat monitoring when convenient.,low,2026-07-11T17:00:20
REC00006564,INS00006564,USR009853,MINDGUARD,maintain_monitoring,Continue routine monitoring.,medium,2026-07-08T20:00:20
REC00006565,INS00006565,USR009854,MINDGUARD,maintain_monitoring,Continue routine monitoring.,low,2026-09-14T12:00:20
REC00006566,INS00006566,USR009855,MINDGUARD,repeat_assessment,Repeat the assessment later to add another observation.,medium,2026-06-01T01:00:20
REC00006567,INS00006567,USR009855,HEALTH_RESERVE,review_preparedness_goal,Review the preparedness goal and current buffer.,low,2026-07-03T21:00:20
REC00006568,INS00006568,USR009856,MINDGUARD,maintain_monitoring,Continue routine monitoring.,low,2026-09-14T12:00:20
REC00006569,INS00006569,USR009859,HEALTH_RESERVE,review_preparedness_goal,Review the preparedness goal and current buffer.,medium,2026-09-14T12:00:20
REC00006570,INS00006570,USR009860,HEALTH_RESERVE,review_healthcare_coverage,Review healthcare coverage information.,low,2026-09-04T22:00:20
REC00006571,INS00006571,USR009861,MINDGUARD,repeat_assessment,Repeat the assessment later to add another observation.,low,2026-04-05T06:00:20
REC00006572,INS00006572,USR009862,MINDGUARD,maintain_monitoring,Continue routine monitoring.,low,2026-03-17T09:00:20
REC00006573,INS00006573,USR009862,HEALTH_RESERVE,review_preparedness_goal,Review the preparedness goal and current buffer.,low,2026-01-04T06:00:20
REC00006574,INS00006574,USR009864,MINDGUARD,maintain_monitoring,Continue routine monitoring.,medium,2026-04-27T04:00:20
REC00006575,INS00006575,USR009865,MINDGUARD,maintain_monitoring,Continue routine monitoring.,low,2026-05-18T15:00:20
REC00006576,INS00006576,USR009867,MINDGUARD,maintain_monitoring,Continue routine monitoring.,low,2026-09-14T12:00:20
REC00006577,INS00006577,USR009869,MINDGUARD,repeat_assessment,Repeat the assessment later to add another observation.,medium,2026-03-29T14:00:20
REC00006578,INS00006578,USR009874,MINDGUARD,review_sleep,Review recent sleep context and repeat monitoring when convenient.,medium,2026-06-06T04:00:20
REC00006579,INS00006579,USR009875,MINDGUARD,wellbeing_checkin,Complete a wellbeing check-in to add context.,medium,2026-08-28T19:00:20
REC00006580,INS00006580,USR009875,HEALTH_RESERVE,review_preparedness_goal,Review the preparedness goal and current buffer.,low,2026-07-20T23:00:20
REC00006581,INS00006581,USR009876,MINDGUARD,review_sleep,Review recent sleep context and repeat monitoring when convenient.,low,2026-09-14T12:00:20
REC00006582,INS00006582,USR009877,MINDGUARD,review_sleep,Review recent sleep context and repeat monitoring when convenient.,medium,2026-08-06T09:00:20
REC00006583,INS00006583,USR009878,MINDGUARD,review_sleep,Review recent sleep context and repeat monitoring when convenient.,low,2026-09-14T12:00:20
REC00006584,INS00006584,USR009880,MINDGUARD,maintain_monitoring,Continue routine monitoring.,low,2026-08-02T01:00:20
REC00006585,INS00006585,USR009884,MINDGUARD,repeat_assessment,Repeat the assessment later to add another observation.,medium,2026-07-10T08:00:20
REC00006586,INS00006586,USR009886,MINDGUARD,repeat_assessment,Repeat the assessment later to add another observation.,low,2026-03-28T16:00:20
REC00006587,INS00006587,USR009887,MINDGUARD,repeat_assessment,Repeat the assessment later to add another observation.,medium,2026-05-24T06:00:20
REC00006588,INS00006588,USR009888,MINDGUARD,repeat_assessment,Repeat the assessment later to add another observation.,low,2026-05-09T04:00:20
REC00006589,INS00006589,USR009889,MINDGUARD,repeat_assessment,Repeat the assessment later to add another observation.,low,2026-05-17T22:00:20
REC00006590,INS00006590,USR009890,MINDGUARD,repeat_assessment,Repeat the assessment later to add another observation.,low,2026-08-24T09:00:20
REC00006591,INS00006591,USR009892,HEALTH_RESERVE,review_preparedness_goal,Review the preparedness goal and current buffer.,medium,2026-07-09T20:00:20
REC00006592,INS00006592,USR009893,MINDGUARD,repeat_assessment,Repeat the assessment later to add another observation.,low,2026-04-12T10:00:20
REC00006593,INS00006593,USR009894,MINDGUARD,repeat_assessment,Repeat the assessment later to add another observation.,low,2026-05-27T02:00:20
REC00006594,INS00006594,USR009895,MINDGUARD,maintain_monitoring,Continue routine monitoring.,low,2026-08-30T11:00:20
REC00006595,INS00006595,USR009896,HEALTH_RESERVE,review_preparedness_goal,Review the preparedness goal and current buffer.,low,2026-07-01T22:00:20
REC00006596,INS00006596,USR009897,MINDGUARD,maintain_monitoring,Continue routine monitoring.,medium,2026-07-14T04:00:20
REC00006597,INS00006597,USR009899,MINDGUARD,repeat_assessment,Repeat the assessment later to add another observation.,medium,2026-01-12T05:00:20
REC00006598,INS00006598,USR009902,HEALTH_RESERVE,review_healthcare_coverage,Review healthcare coverage information.,medium,2026-01-15T00:00:20
REC00006599,INS00006599,USR009903,MINDGUARD,repeat_assessment,Repeat the assessment later to add another observation.,medium,2026-04-05T08:00:20
REC00006600,INS00006600,USR009904,MINDGUARD,maintain_monitoring,Continue routine monitoring.,medium,2026-09-03T23:00:20
REC00006601,INS00006601,USR009905,MINDGUARD,repeat_assessment,Repeat the assessment later to add another observation.,low,2026-05-11T21:00:20
REC00006602,INS00006602,USR009907,MINDGUARD,wellbeing_checkin,Complete a wellbeing check-in to add context.,low,2026-08-17T23:00:20
REC00006603,INS00006603,USR009908,MINDGUARD,repeat_assessment,Repeat the assessment later to add another observation.,low,2026-06-20T07:00:20
REC00006604,INS00006604,USR009910,MINDGUARD,wellbeing_checkin,Complete a wellbeing check-in to add context.,medium,2026-03-30T21:00:20
REC00006605,INS00006605,USR009912,MINDGUARD,repeat_assessment,Repeat the assessment later to add another observation.,low,2026-03-06T13:00:20
REC00006606,INS00006606,USR009913,MINDGUARD,maintain_monitoring,Continue routine monitoring.,medium,2026-09-05T11:00:20
REC00006607,INS00006607,USR009914,MINDGUARD,repeat_assessment,Repeat the assessment later to add another observation.,medium,2026-06-07T23:00:20
REC00006608,INS00006608,USR009915,MINDGUARD,maintain_monitoring,Continue routine monitoring.,low,2026-07-11T19:00:20
REC00006609,INS00006609,USR009917,MINDGUARD,repeat_assessment,Repeat the assessment later to add another observation.,medium,2026-06-29T07:00:20
REC00006610,INS00006610,USR009918,MINDGUARD,repeat_assessment,Repeat the assessment later to add another observation.,low,2026-03-26T11:00:20
REC00006611,INS00006611,USR009919,MINDGUARD,maintain_monitoring,Continue routine monitoring.,low,2026-07-17T06:00:20
REC00006612,INS00006612,USR009920,MINDGUARD,repeat_assessment,Repeat the assessment later to add another observation.,medium,2026-07-17T14:00:20
REC00006613,INS00006613,USR009920,HEALTH_RESERVE,review_preparedness_goal,Review the preparedness goal and current buffer.,medium,2026-08-27T22:00:20
REC00006614,INS00006614,USR009921,MINDGUARD,repeat_assessment,Repeat the assessment later to add another observation.,medium,2026-05-23T14:00:20
REC00006615,INS00006615,USR009921,HEALTH_RESERVE,review_preparedness_goal,Review the preparedness goal and current buffer.,low,2026-05-01T23:00:20
REC00006616,INS00006616,USR009922,HEALTH_RESERVE,review_preparedness_goal,Review the preparedness goal and current buffer.,low,2026-07-14T06:00:20
REC00006617,INS00006617,USR009923,MINDGUARD,repeat_assessment,Repeat the assessment later to add another observation.,medium,2026-02-09T18:00:20
REC00006618,INS00006618,USR009924,MINDGUARD,repeat_assessment,Repeat the assessment later to add another observation.,low,2026-09-14T12:00:20
REC00006619,INS00006619,USR009924,HEALTH_RESERVE,review_preparedness_goal,Review the preparedness goal and current buffer.,medium,2026-09-08T10:00:20
REC00006620,INS00006620,USR009925,MINDGUARD,repeat_assessment,Repeat the assessment later to add another observation.,medium,2026-01-19T22:00:20
REC00006621,INS00006621,USR009926,MINDGUARD,repeat_assessment,Repeat the assessment later to add another observation.,medium,2026-05-27T10:00:20
REC00006622,INS00006622,USR009927,MINDGUARD,review_sleep,Review recent sleep context and repeat monitoring when convenient.,medium,2026-04-02T10:00:20
REC00006623,INS00006623,USR009928,HEALTH_RESERVE,review_healthcare_coverage,Review healthcare coverage information.,low,2026-09-14T12:00:20
REC00006624,INS00006624,USR009931,HEALTH_RESERVE,review_preparedness_goal,Review the preparedness goal and current buffer.,medium,2026-06-23T21:00:20
REC00006625,INS00006625,USR009932,MINDGUARD,repeat_assessment,Repeat the assessment later to add another observation.,medium,2026-05-07T17:00:20
REC00006626,INS00006626,USR009934,HEALTH_RESERVE,review_healthcare_coverage,Review healthcare coverage information.,medium,2026-09-14T12:00:20
REC00006627,INS00006627,USR009937,MINDGUARD,wellbeing_checkin,Complete a wellbeing check-in to add context.,low,2026-09-14T12:00:20
REC00006628,INS00006628,USR009940,MINDGUARD,repeat_assessment,Repeat the assessment later to add another observation.,low,2026-04-22T00:00:20
REC00006629,INS00006629,USR009941,MINDGUARD,repeat_assessment,Repeat the assessment later to add another observation.,medium,2026-05-08T19:00:20
REC00006630,INS00006630,USR009942,MINDGUARD,maintain_monitoring,Continue routine monitoring.,low,2026-08-26T11:00:20
REC00006631,INS00006631,USR009943,MINDGUARD,repeat_assessment,Repeat the assessment later to add another observation.,medium,2026-03-25T23:00:20
REC00006632,INS00006632,USR009943,HEALTH_RESERVE,review_preparedness_goal,Review the preparedness goal and current buffer.,medium,2026-06-19T01:00:20
REC00006633,INS00006633,USR009946,HEALTH_RESERVE,review_preparedness_goal,Review the preparedness goal and current buffer.,medium,2026-09-14T12:00:20
REC00006634,INS00006634,USR009947,HEALTH_RESERVE,review_preparedness_goal,Review the preparedness goal and current buffer.,low,2026-05-26T05:00:20
REC00006635,INS00006635,USR009949,MINDGUARD,maintain_monitoring,Continue routine monitoring.,medium,2026-07-29T13:00:20
REC00006636,INS00006636,USR009951,MINDGUARD,maintain_monitoring,Continue routine monitoring.,medium,2026-08-15T21:00:20
REC00006637,INS00006637,USR009952,MINDGUARD,repeat_assessment,Repeat the assessment later to add another observation.,low,2026-05-19T07:00:20
REC00006638,INS00006638,USR009953,MINDGUARD,repeat_assessment,Repeat the assessment later to add another observation.,low,2026-02-07T18:00:20
REC00006639,INS00006639,USR009953,HEALTH_RESERVE,review_healthcare_coverage,Review healthcare coverage information.,medium,2026-02-06T12:00:20
REC00006640,INS00006640,USR009955,MINDGUARD,maintain_monitoring,Continue routine monitoring.,low,2026-05-31T13:00:20
REC00006641,INS00006641,USR009956,HEALTH_RESERVE,review_preparedness_goal,Review the preparedness goal and current buffer.,low,2026-06-24T18:00:20
REC00006642,INS00006642,USR009958,HEALTH_RESERVE,review_healthcare_coverage,Review healthcare coverage information.,low,2026-09-09T09:00:20
REC00006643,INS00006643,USR009959,MINDGUARD,repeat_assessment,Repeat the assessment later to add another observation.,medium,2026-02-03T21:00:20
REC00006644,INS00006644,USR009960,MINDGUARD,maintain_monitoring,Continue routine monitoring.,medium,2026-09-14T12:00:20
REC00006645,INS00006645,USR009961,HEALTH_RESERVE,review_healthcare_coverage,Review healthcare coverage information.,low,2026-07-27T03:00:20
REC00006646,INS00006646,USR009962,MINDGUARD,maintain_monitoring,Continue routine monitoring.,low,2026-08-28T02:00:20
REC00006647,INS00006647,USR009964,HEALTH_RESERVE,review_preparedness_goal,Review the preparedness goal and current buffer.,medium,2026-05-26T18:00:20
REC00006648,INS00006648,USR009967,MINDGUARD,repeat_assessment,Repeat the assessment later to add another observation.,low,2026-04-18T07:00:20
REC00006649,INS00006649,USR009968,MINDGUARD,repeat_assessment,Repeat the assessment later to add another observation.,medium,2026-05-29T16:00:20
REC00006650,INS00006650,USR009969,MINDGUARD,maintain_monitoring,Continue routine monitoring.,low,2026-08-18T19:00:20
REC00006651,INS00006651,USR009970,MINDGUARD,repeat_assessment,Repeat the assessment later to add another observation.,low,2026-05-19T15:00:20
REC00006652,INS00006652,USR009971,MINDGUARD,repeat_assessment,Repeat the assessment later to add another observation.,low,2026-04-25T19:00:20
REC00006653,INS00006653,USR009973,HEALTH_RESERVE,review_preparedness_goal,Review the preparedness goal and current buffer.,medium,2026-07-15T21:00:20
REC00006654,INS00006654,USR009975,MINDGUARD,maintain_monitoring,Continue routine monitoring.,medium,2026-05-20T07:00:20
REC00006655,INS00006655,USR009979,MINDGUARD,maintain_monitoring,Continue routine monitoring.,medium,2026-07-11T03:00:20
REC00006656,INS00006656,USR009980,MINDGUARD,repeat_assessment,Repeat the assessment later to add another observation.,low,2026-09-14T12:00:20
REC00006657,INS00006657,USR009981,HEALTH_RESERVE,review_preparedness_goal,Review the preparedness goal and current buffer.,medium,2026-08-26T02:00:20
REC00006658,INS00006658,USR009982,MINDGUARD,repeat_assessment,Repeat the assessment later to add another observation.,medium,2026-01-13T05:00:20
REC00006659,INS00006659,USR009983,MINDGUARD,repeat_assessment,Repeat the assessment later to add another observation.,medium,2026-06-05T07:00:20
REC00006660,INS00006660,USR009986,MINDGUARD,review_sleep,Review recent sleep context and repeat monitoring when convenient.,medium,2026-05-31T18:00:20
REC00006661,INS00006661,USR009987,HEALTH_RESERVE,review_preparedness_goal,Review the preparedness goal and current buffer.,medium,2026-02-10T21:00:20
REC00006662,INS00006662,USR009988,MINDGUARD,maintain_monitoring,Continue routine monitoring.,medium,2026-09-14T12:00:20
REC00006663,INS00006663,USR009989,MINDGUARD,repeat_assessment,Repeat the assessment later to add another observation.,low,2026-02-23T05:00:20
REC00006664,INS00006664,USR009990,MINDGUARD,maintain_monitoring,Continue routine monitoring.,medium,2026-09-14T12:00:20
REC00006665,INS00006665,USR009991,MINDGUARD,repeat_assessment,Repeat the assessment later to add another observation.,medium,2026-02-26T11:00:20
REC00006666,INS00006666,USR009993,MINDGUARD,maintain_monitoring,Continue routine monitoring.,medium,2026-07-12T06:00:20
REC00006667,INS00006667,USR009994,MINDGUARD,maintain_monitoring,Continue routine monitoring.,medium,2026-09-14T12:00:20
REC00006668,INS00006668,USR009995,HEALTH_RESERVE,review_preparedness_goal,Review the preparedness goal and current buffer.,medium,2026-09-14T12:00:20
REC00006669,INS00006669,USR009997,HEALTH_RESERVE,review_preparedness_goal,Review the preparedness goal and current buffer.,low,2026-04-13T18:00:20
REC00006670,INS00006670,USR009998,MINDGUARD,repeat_assessment,Repeat the assessment later to add another observation.,low,2026-02-15T07:00:20
